league,season,game,team,player,league_id,season_id,game_id,team_id,player_id,position,position_id,minutes,goals,own_goals,shots,xg,xg_chain,xg_buildup,assists,xa,key_passes,yellow_cards,red_cards
ESP-La Liga,2425,2024-08-17 Valencia-Barcelona,Barcelona,Andreas Christensen,4,2024,26987,148,200,Sub,17,20,0,0,0,0.0,0.0,0.0,0,0.0,0,1,0
ESP-La Liga,2425,2024-08-17 Valencia-Barcelona,Barcelona,Eric Garcia,4,2024,26987,148,8045,Sub,17,13,0,0,0,0.0,0.40426722168922424,0.40426722168922424,0,0.0,0,0,0
ESP-La Liga,2425,2024-08-17 Valencia-Barcelona,Barcelona,Ferrán Torres,4,2024,26987,148,6441,AML,13,70,0,0,1,0.29734405875205994,0.49480485916137695,0.19746080040931702,0,0.054322801530361176,1,0,0
ESP-La Liga,2425,2024-08-17 Valencia-Barcelona,Barcelona,Gerard Martín,4,2024,26987,148,12821,Sub,17,20,0,0,0,0.0,0.3763372600078583,0.0,0,0.3763372600078583,1,0,0
ESP-La Liga,2425,2024-08-17 Valencia-Barcelona,Barcelona,Iñigo Martínez,4,2024,26987,148,2484,DC,3,90,0,0,1,0.04228140041232109,0.22372256219387054,0.22372256219387054,0,0.0,0,0,0
ESP-La Liga,2425,2024-08-17 Valencia-Barcelona,Barcelona,Jules Koundé,4,2024,26987,148,6433,DR,2,90,0,0,0,0.0,0.8565633893013,0.8565633893013,0,0.0,0,1,0
ESP-La Liga,2425,2024-08-17 Valencia-Barcelona,Barcelona,Lamine Yamal,4,2024,26987,148,11527,AMR,11,90,0,0,4,0.6139779686927795,2.0691516399383545,0.32151520252227783,1,1.2194427251815796,3,0,0
ESP-La Liga,2425,2024-08-17 Valencia-Barcelona,Barcelona,Marc Bernal,4,2024,26987,148,12820,DMC,7,77,0,0,0,0.0,0.2790064811706543,0.2790064811706543,0,0.0,0,0,0
ESP-La Liga,2425,2024-08-17 Valencia-Barcelona,Barcelona,Marc Casadó,4,2024,26987,148,11151,DMC,7,90,0,0,3,0.5015609860420227,0.7257824540138245,0.614105761051178,0,0.14337967336177826,2,0,0
ESP-La Liga,2425,2024-08-17 Valencia-Barcelona,Barcelona,Marc-André ter Stegen,4,2024,26987,148,2090,GK,1,90,0,0,0,0.0,0.6906949877738953,0.6906949877738953,0,0.0,0,0,0
ESP-La Liga,2425,2024-08-17 Valencia-Barcelona,Barcelona,Pau Cubarsí,4,2024,26987,148,12005,DC,3,70,0,0,1,0.054322801530361176,0.15495209395885468,0.15495209395885468,0,0.0,0,1,0
ESP-La Liga,2425,2024-08-17 Valencia-Barcelona,Barcelona,Pau Victor,4,2024,26987,148,10953,Sub,17,1,0,0,0,0.0,0.49217528104782104,0.3763372600078583,0,0.11583801358938217,1,0,0
ESP-La Liga,2425,2024-08-17 Valencia-Barcelona,Barcelona,Pedri,4,2024,26987,148,8935,Sub,17,20,0,0,1,0.027929967269301414,0.027929967269301414,0.0,0,0.0,0,0,0
ESP-La Liga,2425,2024-08-17 Valencia-Barcelona,Barcelona,Raphinha,4,2024,26987,148,8026,AMC,12,90,0,0,2,0.06701146066188812,1.078165054321289,0.6001567244529724,0,0.5032760500907898,3,0,0
ESP-La Liga,2425,2024-08-17 Valencia-Barcelona,Barcelona,Robert Lewandowski,4,2024,26987,148,227,FW,15,90,2,0,4,1.888255000114441,2.1519370079040527,0.921078622341156,0,0.08588103950023651,1,0,0
ESP-La Liga,2425,2024-08-17 Valencia-Barcelona,Barcelona,Álex Balde,4,2024,26987,148,9805,DL,4,70,0,0,1,0.019325271248817444,0.7426682710647583,0.7426682710647583,0,0.13793843984603882,2,0,0
ESP-La Liga,2425,2024-08-17 Valencia-Barcelona,Valencia,André Almeida,4,2024,26987,146,11057,FW,15,72,0,0,0,0.0,0.015716101974248886,0.0,0,0.015716101974248886,1,0,0
ESP-La Liga,2425,2024-08-17 Valencia-Barcelona,Valencia,Cristhian Mosquera,4,2024,26987,146,10024,DC,3,90,0,0,0,0.0,0.5927295684814453,0.5927295684814453,0,0.0,0,0,0
ESP-La Liga,2425,2024-08-17 Valencia-Barcelona,Valencia,Dani Gómez,4,2024,26987,146,8774,Sub,17,18,0,0,0,0.0,0.0,0.0,0,0.0,0,0,0
ESP-La Liga,2425,2024-08-17 Valencia-Barcelona,Valencia,David Otorbi,4,2024,26987,146,12297,Sub,17,7,0,0,0,0.0,0.0,0.0,0,0.0,0,0,0
ESP-La Liga,2425,2024-08-17 Valencia-Barcelona,Valencia,Diego López,4,2024,26987,146,9694,ML,10,72,0,0,0,0.0,1.201783299446106,0.0,1,1.201783299446106,3,0,0
ESP-La Liga,2425,2024-08-17 Valencia-Barcelona,Valencia,Dimitri Foulquier,4,2024,26987,146,2509,Sub,17,18,0,0,0,0.0,0.0,0.0,0,0.0,0,0,0
ESP-La Liga,2425,2024-08-17 Valencia-Barcelona,Valencia,Giorgi Mamardashvili,4,2024,26987,146,9693,GK,1,90,0,0,0,0.0,0.5927295684814453,0.5927295684814453,0,0.0,0,0,0
ESP-La Liga,2425,2024-08-17 Valencia-Barcelona,Valencia,Hugo Duro,4,2024,26987,146,6637,FW,15,90,1,0,4,1.5177106857299805,1.1988673210144043,0.015716101974248886,0,0.0,0,0,0
ESP-La Liga,2425,2024-08-17 Valencia-Barcelona,Valencia,Hugo Guillamón,4,2024,26987,146,8334,Sub,17,1,0,0,0,0.0,0.0,0.0,0,0.0,0,0,0
ESP-La Liga,2425,2024-08-17 Valencia-Barcelona,Valencia,Javier Guerra,4,2024,26987,146,10322,MC,9,90,0,0,0,0.0,0.015716101974248886,0.015716101974248886,0,0.0,0,0,0
ESP-La Liga,2425,2024-08-17 Valencia-Barcelona,Valencia,Jesús Vázquez,4,2024,26987,146,9217,DL,4,83,0,0,0,0.0,0.5927295684814453,0.5927295684814453,0,0.0,0,1,0
ESP-La Liga,2425,2024-08-17 Valencia-Barcelona,Valencia,Martín Tejón,4,2024,26987,146,11706,Sub,17,7,0,0,0,0.0,0.0,0.0,0,0.0,0,0,0
ESP-La Liga,2425,2024-08-17 Valencia-Barcelona,Valencia,Pepelu,4,2024,26987,146,2551,MC,9,90,0,0,1,0.018632126972079277,0.6113616824150085,0.5927295684814453,0,0.3345594108104706,2,1,0
ESP-La Liga,2425,2024-08-17 Valencia-Barcelona,Valencia,Rafa Mir,4,2024,26987,146,2589,MR,8,83,0,0,1,0.015716101974248886,0.015716101974248886,0.0,0,0.0,0,0,0
ESP-La Liga,2425,2024-08-17 Valencia-Barcelona,Valencia,Thierry Correia,4,2024,26987,146,8058,DR,2,90,0,0,0,0.0,0.5927295684814453,0.5927295684814453,0,0.0,0,0,0
ESP-La Liga,2425,2024-08-17 Valencia-Barcelona,Valencia,Yarek Gasiorowski,4,2024,26987,146,12139,DC,3,90,0,0,0,0.0,0.5927295684814453,0.5927295684814453,0,0.0,0,0,0
ESP-La Liga,2425,2024-08-24 Barcelona-Athletic Club,Athletic Club,Alex Berenguer,4,2024,26995,147,5091,AMR,11,78,0,0,1,0.041874345391988754,0.11574535816907883,0.017652442678809166,0,0.10303111374378204,2,1,0
ESP-La Liga,2425,2024-08-24 Barcelona-Athletic Club,Athletic Club,Ander Herrera,4,2024,26995,147,552,Sub,17,6,0,0,0,0.0,0.0,0.0,0,0.0,0,1,0
ESP-La Liga,2425,2024-08-24 Barcelona-Athletic Club,Athletic Club,Beñat Prados,4,2024,26995,147,9505,DMC,7,84,0,0,2,0.042708784341812134,0.12827688455581665,0.11062444746494293,0,0.0,0,0,0
ESP-La Liga,2425,2024-08-24 Barcelona-Athletic Club,Athletic Club,Dani Vivian,4,2024,26995,147,6766,DC,3,90,0,0,1,0.046812545508146286,0.11062444746494293,0.11062444746494293,0,0.0,0,0,0
ESP-La Liga,2425,2024-08-24 Barcelona-Athletic Club,Athletic Club,Gorka Guruzeta,4,2024,26995,147,7020,Sub,17,6,0,0,0,0.0,0.0,0.0,0,0.0,0,0,0
ESP-La Liga,2425,2024-08-24 Barcelona-Athletic Club,Athletic Club,Iñaki Williams,4,2024,26995,147,2399,FW,15,84,0,0,0,0.0,0.10965874046087265,0.0677843913435936,0,0.041874345391988754,1,0,0
ESP-La Liga,2425,2024-08-24 Barcelona-Athletic Club,Athletic Club,Malcom Adu,4,2024,26995,147,10981,Sub,17,12,0,0,0,0.0,0.0,0.0,0,0.0,0,0,0
ESP-La Liga,2425,2024-08-24 Barcelona-Athletic Club,Athletic Club,Mikel Jauregizar,4,2024,26995,147,12263,Sub,17,21,0,0,0,0.0,0.05013194680213928,0.05013194680213928,0,0.0,0,1,0
ESP-La Liga,2425,2024-08-24 Barcelona-Athletic Club,Athletic Club,Mikel Vesga,4,2024,26995,147,5077,DMC,7,69,0,0,0,0.0,0.0,0.0,0,0.0,0,0,0
ESP-La Liga,2425,2024-08-24 Barcelona-Athletic Club,Athletic Club,Nico Williams,4,2024,26995,147,9211,AML,13,90,0,0,3,0.1668430119752884,0.1844954639673233,0.0,0,0.017652442678809166,1,0,0
ESP-La Liga,2425,2024-08-24 Barcelona-Athletic Club,Athletic Club,Oihan Sancet,4,2024,26995,147,7779,AMC,12,69,1,0,1,0.7432776093482971,0.0,0.0,0,0.0,0,0,0
ESP-La Liga,2425,2024-08-24 Barcelona-Athletic Club,Athletic Club,Unai Gómez,4,2024,26995,147,11531,Sub,17,21,0,0,0,0.0,0.0,0.0,0,0.0,0,0,0
ESP-La Liga,2425,2024-08-24 Barcelona-Athletic Club,Athletic Club,Yeray Álvarez,4,2024,26995,147,5062,DC,3,90,0,0,1,0.058336291462183,0.20871736109256744,0.20871736109256744,0,0.05013194680213928,1,1,0
ESP-La Liga,2425,2024-08-24 Barcelona-Athletic Club,Athletic Club,Yuri,4,2024,26995,147,2229,DL,4,90,0,0,0,0.0,0.0,0.0,0,0.058336291462183,1,0,0
ESP-La Liga,2425,2024-08-24 Barcelona-Athletic Club,Athletic Club,Álex Padilla,4,2024,26995,147,12227,GK,1,90,0,0,0,0.0,0.0677843913435936,0.0677843913435936,0,0.0,0,0,0
ESP-La Liga,2425,2024-08-24 Barcelona-Athletic Club,Athletic Club,Íñigo Lekue,4,2024,26995,147,2403,DR,2,90,0,0,0,0.0,0.11062444746494293,0.11062444746494293,0,0.0,0,1,0
ESP-La Liga,2425,2024-08-24 Barcelona-Athletic Club,Barcelona,Eric Garcia,4,2024,26995,148,8045,Sub,17,1,0,0,0,0.0,0.0,0.0,0,0.0,0,0,0
ESP-La Liga,2425,2024-08-24 Barcelona-Athletic Club,Barcelona,Fermín López,4,2024,26995,148,11822,Sub,17,21,0,0,0,0.0,0.0,0.0,0,0.0,0,1,0
ESP-La Liga,2425,2024-08-24 Barcelona-Athletic Club,Barcelona,Ferrán Torres,4,2024,26995,148,6441,AML,13,69,0,0,1,0.01895844377577305,0.04842904955148697,0.04842904955148697,0,0.0,0,0,0
ESP-La Liga,2425,2024-08-24 Barcelona-Athletic Club,Barcelona,Gerard Martín,4,2024,26995,148,12821,Sub,17,1,0,0,0,0.0,0.0,0.0,0,0.0,0,0,0
ESP-La Liga,2425,2024-08-24 Barcelona-Athletic Club,Barcelona,Iñigo Martínez,4,2024,26995,148,2484,DC,3,90,0,0,0,0.0,0.425020307302475,0.425020307302475,0,0.01895844377577305,1,0,0
ESP-La Liga,2425,2024-08-24 Barcelona-Athletic Club,Barcelona,Jules Koundé,4,2024,26995,148,6433,DR,2,90,0,0,0,0.0,0.4602876305580139,0.425020307302475,0,0.035267315804958344,1,0,0
ESP-La Liga,2425,2024-08-24 Barcelona-Athletic Club,Barcelona,Lamine Yamal,4,2024,26995,148,11527,AMR,11,90,1,0,2,0.04396337643265724,0.9318961501121521,0.9318961501121521,0,0.0,0,0,0
ESP-La Liga,2425,2024-08-24 Barcelona-Athletic Club,Barcelona,Marc Bernal,4,2024,26995,148,12820,DMC,7,89,0,0,0,0.0,0.5495081543922424,0.5495081543922424,0,0.0,0,1,0
ESP-La Liga,2425,2024-08-24 Barcelona-Athletic Club,Barcelona,Marc-André ter Stegen,4,2024,26995,148,2090,GK,1,90,0,0,0,0.0,0.0,0.0,0,0.0,0,0,0
ESP-La Liga,2425,2024-08-24 Barcelona-Athletic Club,Barcelona,Pau Cubarsí,4,2024,26995,148,12005,DC,3,90,0,0,0,0.0,0.425020307302475,0.425020307302475,0,0.0,0,1,0
ESP-La Liga,2425,2024-08-24 Barcelona-Athletic Club,Barcelona,Pau Victor,4,2024,26995,148,10953,Sub,17,1,0,0,0,0.0,0.0,0.0,0,0.0,0,0,0
ESP-La Liga,2425,2024-08-24 Barcelona-Athletic Club,Barcelona,Pedri,4,2024,26995,148,8935,DMC,7,90,0,0,0,0.0,0.9124959707260132,0.3765912652015686,0,0.6004887223243713,5,0,0
ESP-La Liga,2425,2024-08-24 Barcelona-Athletic Club,Barcelona,Raphinha,4,2024,26995,148,8026,AMC,12,90,0,0,4,0.5824723839759827,1.4221949577331543,0.0,0,1.3264756202697754,3,0,0
ESP-La Liga,2425,2024-08-24 Barcelona-Athletic Club,Barcelona,Robert Lewandowski,4,2024,26995,148,227,FW,15,90,1,0,6,1.770371437072754,1.7346619367599487,0.41309571266174316,0,0.0,0,1,0
ESP-La Liga,2425,2024-08-24 Barcelona-Athletic Club,Barcelona,Álex Balde,4,2024,26995,148,9805,DL,4,90,0,0,0,0.0,0.8381159901618958,0.8381159901618958,0,0.02947060391306877,1,0,0
ESP-La Liga,2425,2024-08-27 Rayo Vallecano-Barcelona,Barcelona,Dani Olmo,4,2024,27004,148,8292,Sub,17,40,1,0,3,0.11277702450752258,0.8280417323112488,0.1484794169664383,0,0.5667852759361267,2,0,0
ESP-La Liga,2425,2024-08-27 Rayo Vallecano-Barcelona,Barcelona,Fermín López,4,2024,27004,148,11822,Sub,17,1,0,0,0,0.0,0.535180926322937,0.535180926322937,0,0.0,0,0,0
ESP-La Liga,2425,2024-08-27 Rayo Vallecano-Barcelona,Barcelona,Ferrán Torres,4,2024,27004,148,6441,AML,13,50,0,0,2,0.09760095924139023,0.06676055490970612,0.0,0,0.0,0,0,0
ESP-La Liga,2425,2024-08-27 Rayo Vallecano-Barcelona,Barcelona,Gerard Martín,4,2024,27004,148,12821,DL,4,69,0,0,0,0.0,0.11583644896745682,0.11583644896745682,0,0.03272083401679993,1,0,0
ESP-La Liga,2425,2024-08-27 Rayo Vallecano-Barcelona,Barcelona,Iñigo Martínez,4,2024,27004,148,2484,DC,3,90,0,0,1,0.06704474240541458,0.7939547896385193,0.7939547896385193,0,0.024062003940343857,1,0,0
ESP-La Liga,2425,2024-08-27 Rayo Vallecano-Barcelona,Barcelona,Jules Koundé,4,2024,27004,148,6433,DR,2,90,0,0,2,0.08611232042312622,0.8189457058906555,0.7152647376060486,0,0.07662229984998703,2,0,0
ESP-La Liga,2425,2024-08-27 Rayo Vallecano-Barcelona,Barcelona,Lamine Yamal,4,2024,27004,148,11527,AMR,11,90,0,0,5,0.23777106404304504,0.4301493763923645,0.1484794169664383,1,0.24419310688972473,4,0,0
ESP-La Liga,2425,2024-08-27 Rayo Vallecano-Barcelona,Barcelona,Marc Bernal,4,2024,27004,148,12820,DMC,7,90,0,0,2,0.05606347694993019,0.6853969693183899,0.6182965636253357,0,0.0110369473695755,1,1,0
ESP-La Liga,2425,2024-08-27 Rayo Vallecano-Barcelona,Barcelona,Marc-André ter Stegen,4,2024,27004,148,2090,GK,1,90,0,0,0,0.0,0.0,0.0,0,0.0,0,0,0
ESP-La Liga,2425,2024-08-27 Rayo Vallecano-Barcelona,Barcelona,Pau Cubarsí,4,2024,27004,148,12005,DC,3,90,0,0,1,0.01661728322505951,0.0316043384373188,0.0316043384373188,0,0.0,0,0,0
ESP-La Liga,2425,2024-08-27 Rayo Vallecano-Barcelona,Barcelona,Pau Victor,4,2024,27004,148,10953,Sub,17,1,0,0,0,0.0,0.0,0.0,0,0.0,0,0,0
ESP-La Liga,2425,2024-08-27 Rayo Vallecano-Barcelona,Barcelona,Pedri,4,2024,27004,148,8935,DMC,7,90,1,0,2,0.15312738716602325,0.4635986387729645,0.15750904381275177,0,0.1963176727294922,3,0,0
ESP-La Liga,2425,2024-08-27 Rayo Vallecano-Barcelona,Barcelona,Raphinha,4,2024,27004,148,8026,AMC,12,90,0,0,3,0.6348977088928223,0.7773165702819824,0.042492035776376724,1,0.1821305900812149,3,0,0
ESP-La Liga,2425,2024-08-27 Rayo Vallecano-Barcelona,Barcelona,Robert Lewandowski,4,2024,27004,148,227,FW,15,90,0,0,1,0.05670498311519623,0.05670498311519623,0.0,0,0.0,0,0,0
ESP-La Liga,2425,2024-08-27 Rayo Vallecano-Barcelona,Barcelona,Álex Balde,4,2024,27004,148,9805,Sub,17,21,0,0,0,0.0,0.6224352717399597,0.6224352717399597,0,0.0,0,0,0
ESP-La Liga,2425,2024-08-27 Rayo Vallecano-Barcelona,Rayo Vallecano,Abdul Mumin,4,2024,27004,145,11105,DC,3,90,0,0,0,0.0,0.11326628923416138,0.11326628923416138,0,0.0,0,1,0
ESP-La Liga,2425,2024-08-27 Rayo Vallecano-Barcelona,Rayo Vallecano,Adrián Embarba,4,2024,27004,145,2166,Sub,17,30,0,0,2,0.07715840637683868,0.1256033033132553,0.0,0,0.04844489321112633,1,0,0
ESP-La Liga,2425,2024-08-27 Rayo Vallecano-Barcelona,Rayo Vallecano,Alfonso Espino,4,2024,27004,145,8733,DL,4,90,0,0,1,0.05026577413082123,0.21197696030139923,0.161711186170578,0,0.0,0,0,0
ESP-La Liga,2425,2024-08-27 Rayo Vallecano-Barcelona,Rayo Vallecano,Daniel Cárdenas,4,2024,27004,145,8108,GK,1,90,0,0,0,0.0,0.0,0.0,0,0.0,0,0,0
ESP-La Liga,2425,2024-08-27 Rayo Vallecano-Barcelona,Rayo Vallecano,Florian Lejeune,4,2024,27004,145,5073,DC,3,90,0,0,0,0.0,0.0,0.0,0,0.0,0,0,0
ESP-La Liga,2425,2024-08-27 Rayo Vallecano-Barcelona,Rayo Vallecano,Gerard Gumbau,4,2024,27004,145,2609,Sub,17,22,0,0,1,0.04844489321112633,0.04844489321112633,0.0,0,0.0,0,0,0
ESP-La Liga,2425,2024-08-27 Rayo Vallecano-Barcelona,Rayo Vallecano,Isi Palazón,4,2024,27004,145,9812,FW,15,90,0,0,1,0.04769270867109299,0.09795848280191422,0.05026577413082123,0,0.0,0,1,0
ESP-La Liga,2425,2024-08-27 Rayo Vallecano-Barcelona,Rayo Vallecano,Iván Balliu,4,2024,27004,145,5672,DR,2,90,0,0,0,0.0,0.11326628923416138,0.11326628923416138,0,0.0,0,0,0
ESP-La Liga,2425,2024-08-27 Rayo Vallecano-Barcelona,Rayo Vallecano,Jorge De Frutos,4,2024,27004,145,8107,MR,8,68,0,0,0,0.0,0.16095899045467377,0.04769270867109299,1,0.11326628923416138,1,0,0
ESP-La Liga,2425,2024-08-27 Rayo Vallecano-Barcelona,Rayo Vallecano,Pathé Ciss,4,2024,27004,145,9815,Sub,17,30,0,0,0,0.0,0.0,0.0,0,0.0,0,1,0
ESP-La Liga,2425,2024-08-27 Rayo Vallecano-Barcelona,Rayo Vallecano,Pep Chavarría,4,2024,27004,145,11087,Sub,17,18,0,0,0,0.0,0.0,0.0,0,0.0,0,0,0
ESP-La Liga,2425,2024-08-27 Rayo Vallecano-Barcelona,Rayo Vallecano,Randy Nteka,4,2024,27004,145,9813,Sub,17,22,0,0,0,0.0,0.0,0.0,0,0.0,0,0,0
ESP-La Liga,2425,2024-08-27 Rayo Vallecano-Barcelona,Rayo Vallecano,Sergio Camello,4,2024,27004,145,7528,FW,15,68,0,0,0,0.0,0.09795848280191422,0.0,0,0.14515267312526703,3,0,0
ESP-La Liga,2425,2024-08-27 Rayo Vallecano-Barcelona,Rayo Vallecano,Unai López,4,2024,27004,145,4091,MC,9,60,1,0,1,0.11326628923416138,0.11326628923416138,0.0,0,0.0,0,0,0
ESP-La Liga,2425,2024-08-27 Rayo Vallecano-Barcelona,Rayo Vallecano,Álvaro García,4,2024,27004,145,7071,ML,10,60,0,0,2,0.05564527213573456,0.05871685966849327,0.05026577413082123,0,0.0,0,0,0
ESP-La Liga,2425,2024-08-27 Rayo Vallecano-Barcelona,Rayo Vallecano,Óscar Valentín,4,2024,27004,145,9811,MC,9,72,0,0,0,0.0,0.05026577413082123,0.05026577413082123,0,0.0,0,0,0
ESP-La Liga,2425,2024-08-31 Barcelona-Real Valladolid,Barcelona,Dani Olmo,4,2024,27012,148,8292,MC,9,87,1,0,6,1.0863151550292969,1.9323533773422241,0.37010473012924194,0,0.4759334921836853,1,0,0
ESP-La Liga,2425,2024-08-31 Barcelona-Real Valladolid,Barcelona,Eric Garcia,4,2024,27012,148,8045,Sub,17,26,0,0,0,0.0,0.4119284749031067,0.4119284749031067,0,0.0,0,0,0
ESP-La Liga,2425,2024-08-31 Barcelona-Real Valladolid,Barcelona,Fermín López,4,2024,27012,148,11822,Sub,17,26,0,0,1,0.02168097533285618,0.8495681881904602,0.8495681881904602,0,0.0,0,0,0
ESP-La Liga,2425,2024-08-31 Barcelona-Real Valladolid,Barcelona,Ferrán Torres,4,2024,27012,148,6441,Sub,17,14,1,0,1,0.4119284749031067,0.8495681881904602,0.0,1,0.4376397430896759,1,0,0
ESP-La Liga,2425,2024-08-31 Barcelona-Real Valladolid,Barcelona,Iñigo Martínez,4,2024,27012,148,2484,DC,3,90,0,0,1,0.05855296924710274,1.991595983505249,1.991595983505249,0,0.0,0,0,0
ESP-La Liga,2425,2024-08-31 Barcelona-Real Valladolid,Barcelona,Jules Koundé,4,2024,27012,148,6433,DR,2,90,1,0,1,0.09579724818468094,0.0487251915037632,0.0487251915037632,0,0.0,0,0,0
ESP-La Liga,2425,2024-08-31 Barcelona-Real Valladolid,Barcelona,Lamine Yamal,4,2024,27012,148,11527,FWR,14,90,0,0,0,0.0,1.7269953489303589,0.4644302725791931,2,1.2893556356430054,4,0,0
ESP-La Liga,2425,2024-08-31 Barcelona-Real Valladolid,Barcelona,Marc Casadó,4,2024,27012,148,11151,MC,9,64,0,0,0,0.0,1.4992579221725464,1.4992579221725464,0,0.0,0,0,0
ESP-La Liga,2425,2024-08-31 Barcelona-Real Valladolid,Barcelona,Marc-André ter Stegen,4,2024,27012,148,2090,GK,1,90,0,0,0,0.0,0.3647659420967102,0.3647659420967102,0,0.0,0,0,0
ESP-La Liga,2425,2024-08-31 Barcelona-Real Valladolid,Barcelona,Pablo Torre,4,2024,27012,148,11025,Sub,17,3,0,0,0,0.0,0.0,0.0,0,0.0,0,0,0
ESP-La Liga,2425,2024-08-31 Barcelona-Real Valladolid,Barcelona,Pau Cubarsí,4,2024,27012,148,12005,DC,3,64,0,0,1,0.06342632323503494,1.0233244895935059,1.0233244895935059,1,0.30838659405708313,1,0,0
ESP-La Liga,2425,2024-08-31 Barcelona-Real Valladolid,Barcelona,Pedri,4,2024,27012,148,8935,MC,9,64,0,0,0,0.0,0.8228028416633606,0.7412676811218262,0,0.10346981137990952,3,0,0
ESP-La Liga,2425,2024-08-31 Barcelona-Real Valladolid,Barcelona,Raphinha,4,2024,27012,148,8026,FWL,16,90,3,0,6,2.269862651824951,3.197744846343994,0.515953779220581,1,0.49703577160835266,3,0,0
ESP-La Liga,2425,2024-08-31 Barcelona-Real Valladolid,Barcelona,Robert Lewandowski,4,2024,27012,148,227,FW,15,76,1,0,6,1.0084035396575928,2.0392568111419678,0.0,1,1.290103554725647,4,0,0
ESP-La Liga,2425,2024-08-31 Barcelona-Real Valladolid,Barcelona,Sergi Domínguez,4,2024,27012,148,12823,Sub,17,26,0,0,0,0.0,0.8495681881904602,0.8495681881904602,0,0.0,0,0,0
ESP-La Liga,2425,2024-08-31 Barcelona-Real Valladolid,Barcelona,Álex Balde,4,2024,27012,148,9805,DL,4,90,0,0,0,0.0,0.9327381253242493,0.9327381253242493,0,0.0,0,0,0
ESP-La Liga,2425,2024-08-31 Barcelona-Real Valladolid,Real Valladolid,Cenk Özkacar,4,2024,27012,231,9015,Sub,17,1,0,0,0,0.0,0.0,0.0,0,0.0,0,0,0
ESP-La Liga,2425,2024-08-31 Barcelona-Real Valladolid,Real Valladolid,Chuki,4,2024,27012,231,12896,Sub,17,30,0,0,0,0.0,0.0,0.0,0,0.0,0,0,0
ESP-La Liga,2425,2024-08-31 Barcelona-Real Valladolid,Real Valladolid,Eray Cömert,4,2024,27012,231,10382,DC,3,90,0,0,0,0.0,0.2911761701107025,0.2911761701107025,0,0.0,0,0,0
ESP-La Liga,2425,2024-08-31 Barcelona-Real Valladolid,Real Valladolid,Iván Sánchez,4,2024,27012,231,4169,MR,8,65,0,0,0,0.0,0.2911761701107025,0.2911761701107025,0,0.2911761701107025,1,0,0
ESP-La Liga,2425,2024-08-31 Barcelona-Real Valladolid,Real Valladolid,Javi Sánchez,4,2024,27012,231,7245,DC,3,90,0,0,0,0.0,0.3043258786201477,0.3043258786201477,0,0.0,0,1,0
ESP-La Liga,2425,2024-08-31 Barcelona-Real Valladolid,Real Valladolid,Juan Latasa,4,2024,27012,231,10399,Sub,17,31,0,0,0,0.0,0.0,0.0,0,0.0,0,0,0
ESP-La Liga,2425,2024-08-31 Barcelona-Real Valladolid,Real Valladolid,Karl Hein,4,2024,27012,231,9692,GK,1,90,0,0,0,0.0,0.0,0.0,0,0.0,0,0,0
ESP-La Liga,2425,2024-08-31 Barcelona-Real Valladolid,Real Valladolid,Kike Pérez,4,2024,27012,231,8470,MC,9,90,0,0,1,0.09897845983505249,0.390154629945755,0.2911761701107025,0,0.0,0,1,0
ESP-La Liga,2425,2024-08-31 Barcelona-Real Valladolid,Real Valladolid,Lucas Rosa,4,2024,27012,231,11147,DL,4,90,0,0,0,0.0,0.2911761701107025,0.2911761701107025,0,0.0,0,0,0
ESP-La Liga,2425,2024-08-31 Barcelona-Real Valladolid,Real Valladolid,Luis Pérez,4,2024,27012,231,8762,DR,2,90,0,0,0,0.0,0.3043258786201477,0.3043258786201477,0,0.0,0,0,0
ESP-La Liga,2425,2024-08-31 Barcelona-Real Valladolid,Real Valladolid,Marcos de Sousa,4,2024,27012,231,8933,FW,15,59,0,0,0,0.0,0.0,0.0,0,0.0,0,0,0
ESP-La Liga,2425,2024-08-31 Barcelona-Real Valladolid,Real Valladolid,Mario Martín,4,2024,27012,231,11349,Sub,17,25,0,0,0,0.0,0.0,0.0,0,0.0,0,1,0
ESP-La Liga,2425,2024-08-31 Barcelona-Real Valladolid,Real Valladolid,Raul Moro,4,2024,27012,231,8584,ML,10,90,0,0,3,0.32351410388946533,0.4224925637245178,0.0,0,0.09897845983505249,1,0,0
ESP-La Liga,2425,2024-08-31 Barcelona-Real Valladolid,Real Valladolid,Selim Amallah,4,2024,27012,231,11379,MC,9,60,0,0,0,0.0,0.09897845983505249,0.09897845983505249,0,0.0,0,0,0
ESP-La Liga,2425,2024-08-31 Barcelona-Real Valladolid,Real Valladolid,Stanko Juric,4,2024,27012,231,12894,DMC,7,90,0,0,0,0.0,0.2911761701107025,0.2911761701107025,0,0.0,0,0,0
ESP-La Liga,2425,2024-08-31 Barcelona-Real Valladolid,Real Valladolid,Víctor Meseguer,4,2024,27012,231,12895,Sub,17,1,0,0,0,0.0,0.0,0.0,0,0.0,0,0,0
ESP-La Liga,2425,2024-09-15 Girona-Barcelona,Barcelona,Dani Olmo,4,2024,27028,148,8292,AMC,12,65,1,0,1,0.12356333434581757,0.6822926998138428,0.5311776995658875,0,0.027551651000976562,1,0,0
ESP-La Liga,2425,2024-09-15 Girona-Barcelona,Barcelona,Eric Garcia,4,2024,27028,148,8045,Sub,17,25,0,0,0,0.0,0.7498775720596313,0.7498775720596313,0,0.0,0,0,0
ESP-La Liga,2425,2024-09-15 Girona-Barcelona,Barcelona,Ferrán Torres,4,2024,27028,148,6441,Sub,17,17,0,0,0,0.0,0.08876015990972519,0.08876015990972519,0,0.0,0,0,1
ESP-La Liga,2425,2024-09-15 Girona-Barcelona,Barcelona,Gerard Martín,4,2024,27028,148,12821,Sub,17,1,0,0,0,0.0,0.0,0.0,0,0.0,0,0,0
ESP-La Liga,2425,2024-09-15 Girona-Barcelona,Barcelona,Hector Fort,4,2024,27028,148,12171,Sub,17,25,0,0,1,0.018002783879637718,0.23747043311595917,0.17753444612026215,0,0.04193320870399475,1,0,0
ESP-La Liga,2425,2024-09-15 Girona-Barcelona,Barcelona,Iñigo Martínez,4,2024,27028,148,2484,DC,3,90,0,0,1,0.035117484629154205,0.6988217234611511,0.6988217234611511,0,0.08877429366111755,1,0,0
ESP-La Liga,2425,2024-09-15 Girona-Barcelona,Barcelona,Jules Koundé,4,2024,27028,148,6433,DR,2,90,0,0,1,0.027551651000976562,1.534089207649231,1.2810553312301636,1,0.2254822701215744,2,0,0
ESP-La Liga,2425,2024-09-15 Girona-Barcelona,Barcelona,Lamine Yamal,4,2024,27028,148,11527,AMR,11,90,2,0,5,0.6960493922233582,1.8419283628463745,1.1035208702087402,0,0.10758116096258163,1,1,0
ESP-La Liga,2425,2024-09-15 Girona-Barcelona,Barcelona,Marc Casadó,4,2024,27028,148,11151,DMC,7,90,0,0,1,0.016037043184041977,0.7498775720596313,0.7498775720596313,1,0.5723431706428528,1,0,0
ESP-La Liga,2425,2024-09-15 Girona-Barcelona,Barcelona,Marc-André ter Stegen,4,2024,27028,148,2090,GK,1,90,0,0,0,0.0,1.294214129447937,1.294214129447937,0,0.0,0,0,0
ESP-La Liga,2425,2024-09-15 Girona-Barcelona,Barcelona,Pau Cubarsí,4,2024,27028,148,12005,DC,3,65,0,0,0,0.0,0.6924453377723694,0.6924453377723694,0,0.0,0,0,0
ESP-La Liga,2425,2024-09-15 Girona-Barcelona,Barcelona,Pau Victor,4,2024,27028,148,10953,Sub,17,17,0,0,3,0.313132107257843,0.313132107257843,0.08877429366111755,0,0.0,0,1,0
ESP-La Liga,2425,2024-09-15 Girona-Barcelona,Barcelona,Pedri,4,2024,27028,148,8935,DMC,7,73,1,0,1,0.5723431706428528,1.4070571660995483,0.762322187423706,0,0.07239185273647308,1,0,0
ESP-La Liga,2425,2024-09-15 Girona-Barcelona,Barcelona,Raphinha,4,2024,27028,148,8026,AML,13,90,0,0,1,0.0107010118663311,1.3762840032577515,0.6611033082008362,0,0.8343818783760071,5,0,0
ESP-La Liga,2425,2024-09-15 Girona-Barcelona,Barcelona,Robert Lewandowski,4,2024,27028,148,227,FW,15,73,0,0,3,0.6799009442329407,1.21110200881958,0.5723431706428528,1,0.06522310525178909,1,0,0
ESP-La Liga,2425,2024-09-15 Girona-Barcelona,Barcelona,Álex Balde,4,2024,27028,148,9805,DL,4,90,0,0,2,0.10119789093732834,0.10119789093732834,0.0,0,0.0,0,0,0
ESP-La Liga,2425,2024-09-15 Girona-Barcelona,Girona,Abel Ruiz,4,2024,27028,223,7549,FW,15,73,0,0,1,0.08110978454351425,0.438472181558609,0.3387189209461212,0,0.01864347979426384,1,0,0
ESP-La Liga,2425,2024-09-15 Girona-Barcelona,Girona,Alejandro Francés,4,2024,27028,223,12723,DR,2,89,0,0,1,0.018493983894586563,0.6342872977256775,0.6157933473587036,0,0.0,0,0,0
ESP-La Liga,2425,2024-09-15 Girona-Barcelona,Girona,Arnau Martinez,4,2024,27028,223,10949,Sub,17,1,0,0,0,0.0,0.0577910952270031,0.0,0,0.0577910952270031,1,0,0
ESP-La Liga,2425,2024-09-15 Girona-Barcelona,Girona,Arnaut Danjuma Groeneveld,4,2024,27028,223,8066,AML,13,59,0,0,0,0.0,0.4013347327709198,0.32022494077682495,0,0.08110978454351425,1,0,0
ESP-La Liga,2425,2024-09-15 Girona-Barcelona,Girona,Bryan Gil Salvatierra,4,2024,27028,223,7338,AMR,11,58,0,0,2,0.3437098562717438,0.46136990189552307,0.08110978454351425,0,0.03655024990439415,1,1,0
ESP-La Liga,2425,2024-09-15 Girona-Barcelona,Girona,Cristhian Stuani,4,2024,27028,223,1709,Sub,17,17,1,0,2,0.5503462553024292,0.5971692204475403,0.04682297632098198,0,0.0,0,1,0
ESP-La Liga,2425,2024-09-15 Girona-Barcelona,Girona,Daley Blind,4,2024,27028,223,548,DC,3,90,0,0,0,0.0,0.2251053750514984,0.2251053750514984,0,0.0,0,0,0
ESP-La Liga,2425,2024-09-15 Girona-Barcelona,Girona,David López,4,2024,27028,223,1857,DC,3,90,0,0,0,0.0,0.17828240990638733,0.17828240990638733,0,0.0,0,0,0
ESP-La Liga,2425,2024-09-15 Girona-Barcelona,Girona,Donny van de Beek,4,2024,27028,223,8821,Sub,17,17,0,0,1,0.04682297632098198,0.04682297632098198,0.0,0,0.0,0,0,0
ESP-La Liga,2425,2024-09-15 Girona-Barcelona,Girona,Iván Martín,4,2024,27028,223,7529,DMC,7,90,0,0,0,0.0,0.7286286950111389,0.7101346850395203,0,0.018493983894586563,1,0,0
ESP-La Liga,2425,2024-09-15 Girona-Barcelona,Girona,Jhon Solis,4,2024,27028,223,12046,DMC,7,90,0,0,0,0.0,0.21757951378822327,0.19409461319446564,0,0.023484906181693077,1,0,0
ESP-La Liga,2425,2024-09-15 Girona-Barcelona,Girona,Miguel Gutiérrez,4,2024,27028,223,8513,DL,4,90,0,0,1,0.03655024990439415,1.0193915367126465,0.9828412532806396,0,0.3670479357242584,2,0,0
ESP-La Liga,2425,2024-09-15 Girona-Barcelona,Girona,Paulo Gazzaniga,4,2024,27028,223,973,GK,1,90,0,0,0,0.0,0.12308867275714874,0.12308867275714874,0,0.0,0,0,0
ESP-La Liga,2425,2024-09-15 Girona-Barcelona,Girona,Portu,4,2024,27028,223,6118,Sub,17,31,0,0,0,0.0,0.492555171251297,0.0,1,0.492555171251297,1,1,0
ESP-La Liga,2425,2024-09-15 Girona-Barcelona,Girona,Viktor Tsygankov,4,2024,27028,223,11322,AMC,12,73,0,0,1,0.01864347979426384,0.37541866302490234,0.3567751944065094,0,0.0,0,0,0
ESP-La Liga,2425,2024-09-15 Girona-Barcelona,Girona,Yáser Asprilla,4,2024,27028,223,13005,Sub,17,32,0,0,0,0.0,0.5503462553024292,0.5503462553024292,0,0.0,0,0,0
ESP-La Liga,2425,2024-09-22 Villarreal-Barcelona,Barcelona,Eric Garcia,4,2024,27037,148,8045,MC,9,90,0,0,2,0.2551492154598236,0.9584096074104309,0.9584096074104309,0,0.0,0,0,0
ESP-La Liga,2425,2024-09-22 Villarreal-Barcelona,Barcelona,Gerard Martín,4,2024,27037,148,12821,DL,4,90,0,0,0,0.0,1.1530753374099731,1.1530753374099731,0,0.0,0,0,0
ESP-La Liga,2425,2024-09-22 Villarreal-Barcelona,Barcelona,Hector Fort,4,2024,27037,148,12171,Sub,17,4,0,0,0,0.0,0.0,0.0,0,0.0,0,0,0
ESP-La Liga,2425,2024-09-22 Villarreal-Barcelona,Barcelona,Iñaki Peña,4,2024,27037,148,7287,Sub,17,43,0,0,0,0.0,0.0,0.0,0,0.0,0,0,0
ESP-La Liga,2425,2024-09-22 Villarreal-Barcelona,Barcelona,Iñigo Martínez,4,2024,27037,148,2484,DC,3,86,0,0,0,0.0,0.9810425639152527,0.9810425639152527,0,0.059283167123794556,1,0,0
ESP-La Liga,2425,2024-09-22 Villarreal-Barcelona,Barcelona,Jules Koundé,4,2024,27037,148,6433,DR,2,90,0,0,1,0.04379769042134285,1.5280978679656982,1.4821100234985352,0,0.47791051864624023,2,0,0
ESP-La Liga,2425,2024-09-22 Villarreal-Barcelona,Barcelona,Lamine Yamal,4,2024,27037,148,11527,FWR,14,90,0,0,2,0.14934171736240387,1.966269850730896,0.9723025560379028,1,1.0834258794784546,3,0,0
ESP-La Liga,2425,2024-09-22 Villarreal-Barcelona,Barcelona,Marc Casadó,4,2024,27037,148,11151,Sub,17,26,0,0,0,0.0,0.21370770037174225,0.21370770037174225,0,0.0,0,0,0
ESP-La Liga,2425,2024-09-22 Villarreal-Barcelona,Barcelona,Marc-André ter Stegen,4,2024,27037,148,2090,GK,1,47,0,0,0,0.0,0.9556229710578918,0.9556229710578918,0,0.0,0,0,0
ESP-La Liga,2425,2024-09-22 Villarreal-Barcelona,Barcelona,Pablo Torre,4,2024,27037,148,11025,MC,9,64,1,0,1,0.04152167588472366,0.47922760248184204,0.47922760248184204,1,0.45405489206314087,2,0,0
ESP-La Liga,2425,2024-09-22 Villarreal-Barcelona,Barcelona,Pau Cubarsí,4,2024,27037,148,12005,Sub,17,26,0,0,0,0.0,0.04379769042134285,0.04379769042134285,0,0.0,0,0,0
ESP-La Liga,2425,2024-09-22 Villarreal-Barcelona,Barcelona,Pau Victor,4,2024,27037,148,10953,Sub,17,26,0,0,0,0.0,0.10994279384613037,0.04379769042134285,1,0.06614509969949722,1,1,0
ESP-La Liga,2425,2024-09-22 Villarreal-Barcelona,Barcelona,Pedri,4,2024,27037,148,8935,MC,9,64,0,0,1,0.059283167123794556,1.0225642919540405,1.0225642919540405,1,0.1529356837272644,3,0,0
ESP-La Liga,2425,2024-09-22 Villarreal-Barcelona,Barcelona,Raphinha,4,2024,27037,148,8026,FWL,16,90,2,0,6,1.5416111946105957,2.1470370292663574,0.437705934047699,0,0.16771982610225677,2,0,0
ESP-La Liga,2425,2024-09-22 Villarreal-Barcelona,Barcelona,Robert Lewandowski,4,2024,27037,148,227,FW,15,90,2,0,4,2.2734031677246094,1.0810602903366089,0.21143168210983276,0,0.0,0,0,0
ESP-La Liga,2425,2024-09-22 Villarreal-Barcelona,Barcelona,Sergi Domínguez,4,2024,27037,148,12823,DC,3,64,0,0,0,0.0,1.0225642919540405,1.0225642919540405,0,0.0,0,0,0
ESP-La Liga,2425,2024-09-22 Villarreal-Barcelona,Villarreal,Ayoze Pérez,4,2024,27037,154,770,FW,15,90,1,0,2,0.9810633659362793,1.726194977760315,0.0,0,0.7451316714286804,2,1,0
ESP-La Liga,2425,2024-09-22 Villarreal-Barcelona,Villarreal,Daniel Parejo,4,2024,27037,154,2378,MC,9,75,0,0,1,0.06895067542791367,0.06895067542791367,0.0,0,0.0,0,1,0
ESP-La Liga,2425,2024-09-22 Villarreal-Barcelona,Villarreal,Denis Suárez,4,2024,27037,154,2308,Sub,17,7,0,0,0,0.0,0.0,0.0,0,0.0,0,0,0
ESP-La Liga,2425,2024-09-22 Villarreal-Barcelona,Villarreal,Diego Conde,4,2024,27037,154,9698,GK,1,90,0,0,0,0.0,0.0,0.0,0,0.0,0,0,0
ESP-La Liga,2425,2024-09-22 Villarreal-Barcelona,Villarreal,Eric Bailly,4,2024,27037,154,1739,DC,3,90,0,0,0,0.0,0.0,0.0,0,0.0,0,1,0
ESP-La Liga,2425,2024-09-22 Villarreal-Barcelona,Villarreal,Ilias Akhomach,4,2024,27037,154,10121,Sub,17,7,0,0,0,0.0,0.11118663847446442,0.0,0,0.11118663847446442,1,1,0
ESP-La Liga,2425,2024-09-22 Villarreal-Barcelona,Villarreal,Kiko Femenía,4,2024,27037,154,5043,DR,2,90,0,0,0,0.0,0.06895067542791367,0.06895067542791367,0,0.0,0,0,0
ESP-La Liga,2425,2024-09-22 Villarreal-Barcelona,Villarreal,Logan Costa,4,2024,27037,154,8200,DC,3,90,0,0,1,0.10092487186193466,0.0,0.0,0,0.0,0,0,0
ESP-La Liga,2425,2024-09-22 Villarreal-Barcelona,Villarreal,Nicolas Pepe,4,2024,27037,154,5656,FW,15,83,0,0,4,0.8924588561058044,1.4676809310913086,0.0,1,0.6314747333526611,3,0,0
ESP-La Liga,2425,2024-09-22 Villarreal-Barcelona,Villarreal,Pape Alassane Gueye,4,2024,27037,154,8696,Sub,17,15,0,0,0,0.0,0.0,0.0,0,0.0,0,0,0
ESP-La Liga,2425,2024-09-22 Villarreal-Barcelona,Villarreal,Ramón Terrats,4,2024,27037,154,10947,Sub,17,7,0,0,0,0.0,0.11118663847446442,0.11118663847446442,0,0.0,0,0,0
ESP-La Liga,2425,2024-09-22 Villarreal-Barcelona,Villarreal,Santiago Comesaña,4,2024,27037,154,7070,MC,9,83,0,0,0,0.0,0.2162778526544571,0.2162778526544571,0,0.0,0,0,0
ESP-La Liga,2425,2024-09-22 Villarreal-Barcelona,Villarreal,Sergi Cardona,4,2024,27037,154,11744,DL,4,90,0,0,1,0.060243573039770126,0.6271237134933472,0.5668801069259644,0,0.0,0,1,0
ESP-La Liga,2425,2024-09-22 Villarreal-Barcelona,Villarreal,Thierno Barry,4,2024,27037,154,12916,Sub,17,22,0,0,1,0.11118663847446442,0.11118663847446442,0.0,0,0.0,0,0,0
ESP-La Liga,2425,2024-09-22 Villarreal-Barcelona,Villarreal,Yeremi Pino,4,2024,27037,154,9024,MR,8,68,0,0,2,0.13354529440402985,0.29357045888900757,0.0,0,0.2162778526544571,3,0,0
ESP-La Liga,2425,2024-09-22 Villarreal-Barcelona,Villarreal,Álex Baena,4,2024,27037,154,8417,ML,10,83,0,0,1,0.052980225533246994,0.7673760652542114,0.7143958210945129,0,0.10092487186193466,1,1,0
ESP-La Liga,2425,2024-09-25 Barcelona-Getafe,Barcelona,Eric Garcia,4,2024,27043,148,8045,DMC,7,90,0,0,1,0.5537927746772766,0.10151394456624985,0.10151394456624985,0,0.0,0,0,0
ESP-La Liga,2425,2024-09-25 Barcelona-Getafe,Barcelona,Ferrán Torres,4,2024,27043,148,6441,Sub,17,26,0,0,0,0.0,0.0,0.0,0,0.0,0,0,0
ESP-La Liga,2425,2024-09-25 Barcelona-Getafe,Barcelona,Gerard Martín,4,2024,27043,148,12821,Sub,17,1,0,0,0,0.0,0.0,0.0,0,0.0,0,0,0
ESP-La Liga,2425,2024-09-25 Barcelona-Getafe,Barcelona,Hector Fort,4,2024,27043,148,12171,Sub,17,1,0,0,0,0.0,0.0,0.0,0,0.0,0,0,0
ESP-La Liga,2425,2024-09-25 Barcelona-Getafe,Barcelona,Iñaki Peña,4,2024,27043,148,7287,GK,1,90,0,0,0,0.0,0.1166306659579277,0.1166306659579277,0,0.0,0,0,0
ESP-La Liga,2425,2024-09-25 Barcelona-Getafe,Barcelona,Iñigo Martínez,4,2024,27043,148,2484,DC,3,90,0,0,0,0.0,0.18261563777923584,0.15299083292484283,0,0.029624808579683304,1,0,0
ESP-La Liga,2425,2024-09-25 Barcelona-Getafe,Barcelona,Jules Koundé,4,2024,27043,148,6433,DR,2,90,0,0,0,0.0,1.2046098709106445,1.2046098709106445,0,0.40439724922180176,1,0,0
ESP-La Liga,2425,2024-09-25 Barcelona-Getafe,Barcelona,Lamine Yamal,4,2024,27043,148,11527,AMR,11,90,0,0,3,0.10312212258577347,0.18801939487457275,0.12828485667705536,0,0.0,0,0,0
ESP-La Liga,2425,2024-09-25 Barcelona-Getafe,Barcelona,Marc Casadó,4,2024,27043,148,11151,DMC,7,90,0,0,2,0.0909975990653038,0.2646586000919342,0.11999059468507767,0,0.08155804872512817,1,0,0
ESP-La Liga,2425,2024-09-25 Barcelona-Getafe,Barcelona,Pablo Torre,4,2024,27043,148,11025,AMC,12,64,0,0,0,0.0,0.10151394456624985,0.10151394456624985,0,0.038403984159231186,1,0,0
ESP-La Liga,2425,2024-09-25 Barcelona-Getafe,Barcelona,Pau Cubarsí,4,2024,27043,148,12005,DC,3,89,0,0,0,0.0,0.5874978303909302,0.5573880672454834,0,0.5839024782180786,2,0,0
ESP-La Liga,2425,2024-09-25 Barcelona-Getafe,Barcelona,Pedri,4,2024,27043,148,8935,Sub,17,12,0,0,0,0.0,0.40439724922180176,0.40439724922180176,0,0.0,0,0,0
ESP-La Liga,2425,2024-09-25 Barcelona-Getafe,Barcelona,Raphinha,4,2024,27043,148,8026,AML,13,90,0,0,4,0.57830810546875,0.685157299041748,0.4675072133541107,0,0.20651152729988098,3,1,0
ESP-La Liga,2425,2024-09-25 Barcelona-Getafe,Barcelona,Robert Lewandowski,4,2024,27043,148,227,FW,15,78,1,0,4,0.8433667421340942,0.9064766764640808,0.06310996413230896,0,0.0,0,0,0
ESP-La Liga,2425,2024-09-25 Barcelona-Getafe,Barcelona,Álex Balde,4,2024,27043,148,9805,DL,4,89,0,0,1,0.038403984159231186,0.699665367603302,0.5870128870010376,0,0.07424848526716232,1,0,0
ESP-La Liga,2425,2024-09-25 Barcelona-Getafe,Getafe,Abdoulaye Keita,4,2024,27043,142,13105,Sub,17,26,0,0,0,0.0,0.0,0.0,0,0.0,0,0,0
ESP-La Liga,2425,2024-09-25 Barcelona-Getafe,Getafe,Alex Sola,4,2024,27043,142,7424,ML,10,64,0,0,0,0.0,0.45467472076416016,0.0,0,0.45467472076416016,2,0,0
ESP-La Liga,2425,2024-09-25 Barcelona-Getafe,Getafe,Bertug Yildirim,4,2024,27043,142,12039,Sub,17,9,0,0,1,0.07757855951786041,0.07757855951786041,0.0,0,0.0,0,0,0
ESP-La Liga,2425,2024-09-25 Barcelona-Getafe,Getafe,Borja Mayoral,4,2024,27043,142,2252,Sub,17,26,0,0,1,0.27408814430236816,0.27408814430236816,0.0,0,0.0,0,0,0
ESP-La Liga,2425,2024-09-25 Barcelona-Getafe,Getafe,Carles Aleñá,4,2024,27043,142,5058,MC,9,64,0,0,0,0.0,0.0,0.0,0,0.0,0,0,0
ESP-La Liga,2425,2024-09-25 Barcelona-Getafe,Getafe,Carles Pérez,4,2024,27043,142,7609,MR,8,90,0,0,2,0.5111515522003174,0.5887301564216614,0.07757855951786041,0,0.0,0,0,0
ESP-La Liga,2425,2024-09-25 Barcelona-Getafe,Getafe,Christantus Uche,4,2024,27043,142,12726,FW,15,81,0,0,0,0.0,0.014835961163043976,0.014835961163043976,0,0.0,0,0,0
ESP-La Liga,2425,2024-09-25 Barcelona-Getafe,Getafe,David Soria,4,2024,27043,142,2415,GK,1,90,0,0,0,0.0,0.0,0.0,0,0.0,0,0,0
ESP-La Liga,2425,2024-09-25 Barcelona-Getafe,Getafe,Diego Rico,4,2024,27043,142,5065,Sub,17,2,0,0,0,0.0,0.0,0.0,0,0.0,0,0,0
ESP-La Liga,2425,2024-09-25 Barcelona-Getafe,Getafe,Djené Dakonam,4,2024,27043,142,6151,DR,2,88,0,0,0,0.0,0.0,0.0,0,0.0,0,0,0
ESP-La Liga,2425,2024-09-25 Barcelona-Getafe,Getafe,Jesús Santiago,4,2024,27043,142,10561,MC,9,64,0,0,0,0.0,0.0,0.0,0,0.0,0,0,0
ESP-La Liga,2425,2024-09-25 Barcelona-Getafe,Getafe,Juan Berrocal,4,2024,27043,142,7186,DC,3,90,0,0,0,0.0,0.27408814430236816,0.27408814430236816,0,0.0,0,0,0
ESP-La Liga,2425,2024-09-25 Barcelona-Getafe,Getafe,Juan Iglesias,4,2024,27043,142,9218,DL,4,90,0,0,1,0.009237842634320259,0.29816192388534546,0.014835961163043976,0,0.27408814430236816,1,0,0
ESP-La Liga,2425,2024-09-25 Barcelona-Getafe,Getafe,Luis Milla,4,2024,27043,142,8725,DMC,7,90,0,0,1,0.014835961163043976,0.09241452068090439,0.07757855951786041,0,0.04295876994729042,1,0,0
ESP-La Liga,2425,2024-09-25 Barcelona-Getafe,Getafe,Mauro Arambarri,4,2024,27043,142,3264,Sub,17,26,0,0,0,0.0,0.0,0.0,0,0.0,0,1,0
ESP-La Liga,2425,2024-09-25 Barcelona-Getafe,Getafe,Omar Alderete,4,2024,27043,142,8986,DC,3,90,0,0,1,0.04295876994729042,0.07757855951786041,0.07757855951786041,0,0.0,0,0,0
ESP-La Liga,2425,2024-09-28 Osasuna-Barcelona,Barcelona,Eric Garcia,4,2024,27056,148,8045,MC,9,90,0,0,1,0.03917114436626434,0.17054317891597748,0.17054317891597748,0,0.0,0,0,0
ESP-La Liga,2425,2024-09-28 Osasuna-Barcelona,Barcelona,Ferrán Torres,4,2024,27056,148,6441,FWR,14,90,0,0,2,0.32283633947372437,0.24541501700878143,0.11829912662506104,1,0.03963301703333855,1,0,0
ESP-La Liga,2425,2024-09-28 Osasuna-Barcelona,Barcelona,Gerard Martín,4,2024,27056,148,12821,DL,4,72,0,0,0,0.0,0.2786273658275604,0.2587415277957916,1,0.019885839894413948,1,0,0
ESP-La Liga,2425,2024-09-28 Osasuna-Barcelona,Barcelona,Hector Fort,4,2024,27056,148,12171,Sub,17,3,0,0,0,0.0,0.0,0.0,0,0.0,0,0,0
ESP-La Liga,2425,2024-09-28 Osasuna-Barcelona,Barcelona,Iñaki Peña,4,2024,27056,148,7287,GK,1,90,0,0,0,0.0,0.05224405229091644,0.05224405229091644,0,0.0,0,0,0
ESP-La Liga,2425,2024-09-28 Osasuna-Barcelona,Barcelona,Jules Koundé,4,2024,27056,148,6433,DR,2,90,0,0,1,0.05295952036976814,0.3109855651855469,0.2580260634422302,0,0.15747027099132538,2,0,0
ESP-La Liga,2425,2024-09-28 Osasuna-Barcelona,Barcelona,Lamine Yamal,4,2024,27056,148,11527,Sub,17,29,1,0,3,0.09161730855703354,0.06344221532344818,0.0,0,0.25916266441345215,2,0,0
ESP-La Liga,2425,2024-09-28 Osasuna-Barcelona,Barcelona,Marc Casadó,4,2024,27056,148,11151,Sub,17,18,0,0,1,0.012611031532287598,0.05224405229091644,0.03963301703333855,0,0.0,0,0,0
ESP-La Liga,2425,2024-09-28 Osasuna-Barcelona,Barcelona,Pablo Torre,4,2024,27056,148,11025,MC,9,61,0,0,0,0.0,0.05295952036976814,0.05295952036976814,0,0.0,0,0,0
ESP-La Liga,2425,2024-09-28 Osasuna-Barcelona,Barcelona,Pau Cubarsí,4,2024,27056,148,12005,DC,3,90,0,0,0,0.0,0.21089166402816772,0.15793214738368988,0,0.05295952036976814,1,0,0
ESP-La Liga,2425,2024-09-28 Osasuna-Barcelona,Barcelona,Pau Victor,4,2024,27056,148,10953,FWL,16,61,1,0,1,0.019885839894413948,0.07284535467624664,0.05295952036976814,0,0.0,0,0,0
ESP-La Liga,2425,2024-09-28 Osasuna-Barcelona,Barcelona,Pedri,4,2024,27056,148,8935,MC,9,90,0,0,0,0.0,0.03963301703333855,0.03963301703333855,0,0.0,0,1,0
ESP-La Liga,2425,2024-09-28 Osasuna-Barcelona,Barcelona,Raphinha,4,2024,27056,148,8026,Sub,17,29,0,0,1,0.023809198290109634,0.16353611648082733,0.03963301703333855,0,0.15207819640636444,4,0,0
ESP-La Liga,2425,2024-09-28 Osasuna-Barcelona,Barcelona,Robert Lewandowski,4,2024,27056,148,227,FW,15,72,0,0,2,0.18892313539981842,0.11829912662506104,0.0,0,0.0,0,0,0
ESP-La Liga,2425,2024-09-28 Osasuna-Barcelona,Barcelona,Sergi Domínguez,4,2024,27056,148,12823,DC,3,87,0,0,0,0.0,0.20578201115131378,0.20578201115131378,0,0.0,0,1,0
ESP-La Liga,2425,2024-09-28 Osasuna-Barcelona,Barcelona,Álex Balde,4,2024,27056,148,9805,Sub,17,18,0,0,0,0.0,0.03642022982239723,0.03642022982239723,0,0.0,0,0,0
ESP-La Liga,2425,2024-09-28 Osasuna-Barcelona,Osasuna,Abel Bretones,4,2024,27056,157,12790,Sub,17,11,1,0,1,0.038616932928562164,0.038616932928562164,0.0,0,0.0,0,0,0
ESP-La Liga,2425,2024-09-28 Osasuna-Barcelona,Osasuna,Aimar Oroz,4,2024,27056,157,8424,MC,9,90,0,0,0,0.0,0.5825934410095215,0.47503989934921265,0,0.10755353420972824,1,0,0
ESP-La Liga,2425,2024-09-28 Osasuna-Barcelona,Osasuna,Alejandro Catena,4,2024,27056,157,7604,DC,3,90,0,0,0,0.0,0.13340337574481964,0.13340337574481964,0,0.0,0,0,0
ESP-La Liga,2425,2024-09-28 Osasuna-Barcelona,Osasuna,Ante Budimir,4,2024,27056,157,1235,FW,15,79,2,0,3,1.299741506576538,0.556463897228241,0.0,0,0.0,0,0,0
ESP-La Liga,2425,2024-09-28 Osasuna-Barcelona,Osasuna,Bryan Zaragoza,4,2024,27056,157,10143,FWL,16,79,1,0,1,0.8410021662712097,1.3160420656204224,0.026129532605409622,1,0.44891035556793213,1,1,0
ESP-La Liga,2425,2024-09-28 Osasuna-Barcelona,Osasuna,Enzo Boyomo,4,2024,27056,157,12893,DC,3,90,0,0,0,0.0,0.0,0.0,0,0.0,0,0,0
ESP-La Liga,2425,2024-09-28 Osasuna-Barcelona,Osasuna,Jesús Areso,4,2024,27056,157,9768,DR,2,86,0,0,1,0.04448068514466286,0.04448068514466286,0.0,0,0.0,0,0,0
ESP-La Liga,2425,2024-09-28 Osasuna-Barcelona,Osasuna,Jorge Herrando,4,2024,27056,157,10858,Sub,17,4,0,0,0,0.0,0.0,0.0,0,0.0,0,0,0
ESP-La Liga,2425,2024-09-28 Osasuna-Barcelona,Osasuna,Juan Cruz,4,2024,27056,157,8744,DL,4,86,0,0,1,0.05875390022993088,0.13553598523139954,0.07678208500146866,0,0.026129532605409622,1,0,0
ESP-La Liga,2425,2024-09-28 Osasuna-Barcelona,Osasuna,Lucas Torró,4,2024,27056,157,7050,MC,9,90,0,0,0,0.0,0.9177842736244202,0.8671317100524902,0,0.050652552396059036,1,0,0
ESP-La Liga,2425,2024-09-28 Osasuna-Barcelona,Osasuna,Nacho Vidal,4,2024,27056,157,5162,Sub,17,4,0,0,0,0.0,0.0,0.0,0,0.0,0,0,0
ESP-La Liga,2425,2024-09-28 Osasuna-Barcelona,Osasuna,Pablo Ibáñez,4,2024,27056,157,10857,MC,9,90,0,0,2,0.07678208500146866,0.9177842736244202,0.0,1,0.8410021662712097,1,1,0
ESP-La Liga,2425,2024-09-28 Osasuna-Barcelona,Osasuna,Raul García,4,2024,27056,157,8042,Sub,17,11,0,0,1,0.13340337574481964,0.13340337574481964,0.0,0,0.0,0,0,0
ESP-La Liga,2425,2024-09-28 Osasuna-Barcelona,Osasuna,Rubén García,4,2024,27056,157,2183,FWR,14,61,0,0,1,0.007887553423643112,0.007887553423643112,0.0,0,0.0,0,0,0
ESP-La Liga,2425,2024-09-28 Osasuna-Barcelona,Osasuna,Rubén Peña,4,2024,27056,157,5075,Sub,17,29,0,0,0,0.0,0.13340337574481964,0.0,0,0.13340337574481964,1,0,0
ESP-La Liga,2425,2024-09-28 Osasuna-Barcelona,Osasuna,Sergio Herrera,4,2024,27056,157,7859,GK,1,90,0,0,0,0.0,0.0,0.0,0,0.0,0,0,0
ESP-La Liga,2425,2024-10-06 Alaves-Barcelona,Alaves,Abdelkabir Abqar,4,2024,27064,158,9297,DC,3,72,0,0,1,0.10694964230060577,0.08115575462579727,0.029944825917482376,0,0.051210932433605194,1,0,0
ESP-La Liga,2425,2024-10-06 Alaves-Barcelona,Alaves,Abderrahmane Rebbach,4,2024,27064,158,11825,AML,13,90,0,0,0,0.0,0.10451672226190567,0.10451672226190567,0,0.05883194878697395,1,0,0
ESP-La Liga,2425,2024-10-06 Alaves-Barcelona,Alaves,Adrián Pica,4,2024,27064,158,12718,Sub,17,18,0,0,0,0.0,0.0,0.0,0,0.0,0,0,0
ESP-La Liga,2425,2024-10-06 Alaves-Barcelona,Alaves,Ander Guevara,4,2024,27064,158,6126,DMC,7,90,0,0,1,0.0368802435696125,0.38259395956993103,0.029944825917482376,0,0.31576889753341675,1,0,0
ESP-La Liga,2425,2024-10-06 Alaves-Barcelona,Alaves,Antonio Blanco,4,2024,27064,158,9280,DMC,7,83,0,0,2,0.07241761684417725,0.09571219235658646,0.0368802435696125,0,0.0514783151447773,1,0,0
ESP-La Liga,2425,2024-10-06 Alaves-Barcelona,Alaves,Antonio Martínez,4,2024,27064,158,6400,FW,15,62,0,0,2,0.10948468744754791,0.029944825917482376,0.0,0,0.0,0,0,0
ESP-La Liga,2425,2024-10-06 Alaves-Barcelona,Alaves,Antonio Sivera,4,2024,27064,158,6075,GK,1,90,0,0,0,0.0,0.06763647496700287,0.06763647496700287,0,0.0,0,0,0
ESP-La Liga,2425,2024-10-06 Alaves-Barcelona,Alaves,Carlos Vicente,4,2024,27064,158,12294,AMR,11,90,0,0,1,0.04183395579457283,0.10066590458154678,0.05883194878697395,0,0.12053529918193817,2,0,0
ESP-La Liga,2425,2024-10-06 Alaves-Barcelona,Alaves,Joan Jordán,4,2024,27064,158,2122,Sub,17,7,0,0,0,0.0,0.0,0.0,0,0.0,0,0,0
ESP-La Liga,2425,2024-10-06 Alaves-Barcelona,Alaves,Kike García,4,2024,27064,158,5074,Sub,17,28,0,0,1,0.31576889753341675,0.3834053874015808,0.05883194878697395,0,0.008804526180028915,1,0,0
ESP-La Liga,2425,2024-10-06 Alaves-Barcelona,Alaves,Manuel Sánchez,4,2024,27064,158,7605,DL,4,90,0,0,1,0.0514783151447773,0.0,0.0,0,0.0,0,0,0
ESP-La Liga,2425,2024-10-06 Alaves-Barcelona,Alaves,Moussa Diarra,4,2024,27064,158,7613,Sub,17,39,0,0,0,0.0,0.0,0.0,0,0.0,0,0,0
ESP-La Liga,2425,2024-10-06 Alaves-Barcelona,Alaves,Nahuel Tenaglia,4,2024,27064,158,10364,DR,2,51,0,0,0,0.0,0.029944825917482376,0.0,0,0.029944825917482376,1,1,0
ESP-La Liga,2425,2024-10-06 Alaves-Barcelona,Alaves,Santiago Mouriño,4,2024,27064,158,13003,DC,3,90,0,0,0,0.0,0.0,0.0,0,0.0,0,1,0
ESP-La Liga,2425,2024-10-06 Alaves-Barcelona,Alaves,Stoichkov,4,2024,27064,158,12717,AMC,12,62,0,0,1,0.051210932433605194,0.11803600192070007,0.06682506948709488,0,0.0368802435696125,1,0,0
ESP-La Liga,2425,2024-10-06 Alaves-Barcelona,Alaves,Tomás Conechny,4,2024,27064,158,12716,Sub,17,28,0,0,1,0.008804526180028915,0.008804526180028915,0.0,0,0.0,0,0,0
ESP-La Liga,2425,2024-10-06 Alaves-Barcelona,Barcelona,Anssumane Fati,4,2024,27064,148,7967,Sub,17,18,0,0,2,0.22836726903915405,0.22836726903915405,0.0,0,0.0,0,0,0
ESP-La Liga,2425,2024-10-06 Alaves-Barcelona,Barcelona,Eric Garcia,4,2024,27064,148,8045,Sub,17,85,0,0,1,0.016786763444542885,0.35576075315475464,0.35576075315475464,1,0.29521694779396057,1,0,0
ESP-La Liga,2425,2024-10-06 Alaves-Barcelona,Barcelona,Ferrán Torres,4,2024,27064,148,6441,AML,13,5,0,0,0,0.0,0.0,0.0,0,0.0,0,0,0
ESP-La Liga,2425,2024-10-06 Alaves-Barcelona,Barcelona,Frenkie de Jong,4,2024,27064,148,7781,Sub,17,4,0,0,0,0.0,0.0,0.0,0,0.0,0,0,0
ESP-La Liga,2425,2024-10-06 Alaves-Barcelona,Barcelona,Gerard Martín,4,2024,27064,148,12821,Sub,17,4,0,0,0,0.0,0.0,0.0,0,0.0,0,1,0
ESP-La Liga,2425,2024-10-06 Alaves-Barcelona,Barcelona,Hector Fort,4,2024,27064,148,12171,DR,2,72,0,0,0,0.0,0.3750663697719574,0.3750663697719574,0,0.0,0,0,0
ESP-La Liga,2425,2024-10-06 Alaves-Barcelona,Barcelona,Iñaki Peña,4,2024,27064,148,7287,GK,1,90,0,0,0,0.0,0.12508928775787354,0.12508928775787354,0,0.0,0,0,0
ESP-La Liga,2425,2024-10-06 Alaves-Barcelona,Barcelona,Iñigo Martínez,4,2024,27064,148,2484,DC,3,86,0,0,0,0.0,0.4091198742389679,0.07984942942857742,0,0.32927045226097107,1,1,0
ESP-La Liga,2425,2024-10-06 Alaves-Barcelona,Barcelona,Jules Koundé,4,2024,27064,148,6433,Sub,17,18,0,0,0,0.0,0.0,0.0,0,0.0,0,0,0
ESP-La Liga,2425,2024-10-06 Alaves-Barcelona,Barcelona,Lamine Yamal,4,2024,27064,148,11527,AMR,11,72,0,0,1,0.06054380536079407,0.06054380536079407,0.0,0,0.016786763444542885,1,0,0
ESP-La Liga,2425,2024-10-06 Alaves-Barcelona,Barcelona,Marc Casadó,4,2024,27064,148,11151,DMC,7,90,0,0,0,0.0,0.390785813331604,0.390785813331604,0,0.07984942942857742,1,0,0
ESP-La Liga,2425,2024-10-06 Alaves-Barcelona,Barcelona,Pau Cubarsí,4,2024,27064,148,12005,DC,3,90,0,0,0,0.0,0.4808500409126282,0.4808500409126282,0,0.0,0,0,0
ESP-La Liga,2425,2024-10-06 Alaves-Barcelona,Barcelona,Pedri,4,2024,27064,148,8935,DMC,7,90,0,0,1,0.07984942942857742,0.8799838423728943,0.7049187421798706,0,0.09521567076444626,1,0,0
ESP-La Liga,2425,2024-10-06 Alaves-Barcelona,Barcelona,Raphinha,4,2024,27064,148,8026,AMC,12,90,0,0,3,0.3960494101047516,1.679482340812683,0.29521694779396057,2,1.495345115661621,5,0,0
ESP-La Liga,2425,2024-10-06 Alaves-Barcelona,Barcelona,Robert Lewandowski,4,2024,27064,148,227,FW,15,90,3,0,6,1.7158640623092651,1.2388359308242798,0.0,0,0.0,0,0,0
ESP-La Liga,2425,2024-10-06 Alaves-Barcelona,Barcelona,Álex Balde,4,2024,27064,148,9805,DL,4,86,0,0,0,0.0,0.7049187421798706,0.7049187421798706,0,0.0,0,0,0
ESP-La Liga,2425,2024-10-20 Barcelona-Sevilla,Barcelona,Anssumane Fati,4,2024,27074,148,7967,AML,13,79,0,0,2,0.46151435375213623,0.7952377200126648,0.33372336626052856,0,0.03673723340034485,1,1,0
ESP-La Liga,2425,2024-10-20 Barcelona-Sevilla,Barcelona,Fermín López,4,2024,27074,148,11822,Sub,17,21,0,0,0,0.0,0.8249130249023438,0.3757958710193634,0,0.44911715388298035,1,0,0
ESP-La Liga,2425,2024-10-20 Barcelona-Sevilla,Barcelona,Gavi,4,2024,27074,148,9804,Sub,17,4,0,0,0,0.0,0.10238661617040634,0.0,0,0.10238661617040634,1,0,0
ESP-La Liga,2425,2024-10-20 Barcelona-Sevilla,Barcelona,Gerard Martín,4,2024,27074,148,12821,Sub,17,11,0,0,0,0.0,0.0,0.0,0,0.0,0,0,0
ESP-La Liga,2425,2024-10-20 Barcelona-Sevilla,Barcelona,Iñaki Peña,4,2024,27074,148,7287,GK,1,90,0,0,0,0.0,0.4194418489933014,0.4194418489933014,0,0.0,0,0,0
ESP-La Liga,2425,2024-10-20 Barcelona-Sevilla,Barcelona,Iñigo Martínez,4,2024,27074,148,2484,DC,3,90,0,0,0,0.0,0.824776828289032,0.824776828289032,0,0.0,0,0,0
ESP-La Liga,2425,2024-10-20 Barcelona-Sevilla,Barcelona,Jules Koundé,4,2024,27074,148,6433,DR,2,90,0,0,0,0.0,0.10442081093788147,0.08571849018335342,0,0.018702324479818344,1,0,0
ESP-La Liga,2425,2024-10-20 Barcelona-Sevilla,Barcelona,Lamine Yamal,4,2024,27074,148,11527,AMR,11,79,0,0,6,0.9472925662994385,2.261091470718384,1.2453041076660156,1,0.8238945603370667,3,0,0
ESP-La Liga,2425,2024-10-20 Barcelona-Sevilla,Barcelona,Marc Casadó,4,2024,27074,148,11151,DMC,7,90,0,0,1,0.03673723340034485,0.2701391875743866,0.23340195417404175,0,0.0,0,0,0
ESP-La Liga,2425,2024-10-20 Barcelona-Sevilla,Barcelona,Pablo Torre,4,2024,27074,148,11025,Sub,17,11,2,0,2,0.13747775554656982,0.6548343300819397,0.5515037775039673,0,0.0,0,0,0
ESP-La Liga,2425,2024-10-20 Barcelona-Sevilla,Barcelona,Pau Cubarsí,4,2024,27074,148,12005,DC,3,90,0,0,0,0.0,0.546341061592102,0.546341061592102,0,0.0,0,0,0
ESP-La Liga,2425,2024-10-20 Barcelona-Sevilla,Barcelona,Pau Victor,4,2024,27074,148,10953,Sub,17,21,0,0,1,0.44911715388298035,0.44911715388298035,0.0,0,0.0,0,0,0
ESP-La Liga,2425,2024-10-20 Barcelona-Sevilla,Barcelona,Pedri,4,2024,27074,148,8935,DMC,7,86,1,0,1,0.0956672802567482,0.8290879726409912,0.6330030560493469,0,0.5317758917808533,3,0,0
ESP-La Liga,2425,2024-10-20 Barcelona-Sevilla,Barcelona,Raphinha,4,2024,27074,148,8026,AMC,12,69,0,0,2,0.12380615621805191,1.3608120679855347,0.7634078860282898,1,1.024954915046692,4,0,0
ESP-La Liga,2425,2024-10-20 Barcelona-Sevilla,Barcelona,Robert Lewandowski,4,2024,27074,148,227,FW,15,69,2,0,4,1.935608148574829,1.0782443284988403,0.4106883108615875,0,0.0,0,0,0
ESP-La Liga,2425,2024-10-20 Barcelona-Sevilla,Barcelona,Álex Balde,4,2024,27074,148,9805,DL,4,90,0,0,2,0.1579490751028061,0.255172997713089,0.09722393751144409,0,0.0,0,0,0
ESP-La Liga,2425,2024-10-20 Barcelona-Sevilla,Sevilla,Adrià Pedrosa,4,2024,27074,138,7174,DL,4,84,0,0,0,0.0,0.14101924002170563,0.14101924002170563,0,0.0,0,1,0
ESP-La Liga,2425,2024-10-20 Barcelona-Sevilla,Sevilla,Albert Sambi Lokonga,4,2024,27074,138,9689,Sub,17,45,0,0,0,0.0,0.1028156727552414,0.1028156727552414,0,0.0,0,0,0
ESP-La Liga,2425,2024-10-20 Barcelona-Sevilla,Sevilla,Chidera Ejuke,4,2024,27074,138,8694,AML,13,45,0,0,0,0.0,0.042993005365133286,0.042993005365133286,0,0.0,0,0,0
ESP-La Liga,2425,2024-10-20 Barcelona-Sevilla,Sevilla,Djibril Sow,4,2024,27074,138,2624,Sub,17,17,0,0,0,0.0,0.0,0.0,0,0.0,0,1,0
ESP-La Liga,2425,2024-10-20 Barcelona-Sevilla,Sevilla,Dodi Lukebakio,4,2024,27074,138,5706,AMR,11,90,0,0,2,0.11800184845924377,0.22081752121448517,0.1028156727552414,0,0.036805275827646255,1,0,0
ESP-La Liga,2425,2024-10-20 Barcelona-Sevilla,Sevilla,Gonzalo Montiel,4,2024,27074,138,9897,Sub,17,6,0,0,0,0.0,0.0,0.0,0,0.0,0,0,0
ESP-La Liga,2425,2024-10-20 Barcelona-Sevilla,Sevilla,Isaac Romero,4,2024,27074,138,12305,FW,15,90,0,0,2,0.1367381513118744,0.10900340229272842,0.0,0,0.042993005365133286,1,0,0
ESP-La Liga,2425,2024-10-20 Barcelona-Sevilla,Sevilla,José Ángel Carmona,4,2024,27074,138,9809,DR,2,90,0,0,0,0.0,0.036805275827646255,0.036805275827646255,0,0.0,0,0,0
ESP-La Liga,2425,2024-10-20 Barcelona-Sevilla,Sevilla,Loic Bade,4,2024,27074,138,8665,DC,3,90,0,0,0,0.0,0.2500867545604706,0.0,1,0.2500867545604706,1,0,0
ESP-La Liga,2425,2024-10-20 Barcelona-Sevilla,Sevilla,Lucien Agoume,4,2024,27074,138,8165,DMC,7,73,0,0,1,0.058019887655973434,0.06601039320230484,0.06601039320230484,0,0.0,0,0,0
ESP-La Liga,2425,2024-10-20 Barcelona-Sevilla,Sevilla,Marcão,4,2024,27074,138,10999,DC,3,90,0,0,0,0.0,0.0,0.0,0,0.0,0,0,0
ESP-La Liga,2425,2024-10-20 Barcelona-Sevilla,Sevilla,Nemanja Gudelj,4,2024,27074,138,7888,DMC,7,90,0,0,0,0.0,0.1028156727552414,0.1028156727552414,0,0.0,0,0,0
ESP-La Liga,2425,2024-10-20 Barcelona-Sevilla,Sevilla,Peque,4,2024,27074,138,12742,AMC,12,49,0,0,0,0.0,0.07500883936882019,0.0,0,0.07500883936882019,1,0,0
ESP-La Liga,2425,2024-10-20 Barcelona-Sevilla,Sevilla,Stanis Idumbo Muzambo,4,2024,27074,138,12426,Sub,17,17,1,0,1,0.2500867545604706,0.2500867545604706,0.0,0,0.0,0,0,0
ESP-La Liga,2425,2024-10-20 Barcelona-Sevilla,Sevilla,Suso,4,2024,27074,138,1129,Sub,17,24,0,0,1,0.036805275827646255,0.1028156727552414,0.1028156727552414,0,0.12403028458356857,2,0,0
ESP-La Liga,2425,2024-10-20 Barcelona-Sevilla,Sevilla,Ørjan Nyland,4,2024,27074,138,250,GK,1,90,0,0,0,0.0,0.2500867545604706,0.2500867545604706,0,0.0,0,0,0
ESP-La Liga,2425,2024-10-26 Real Madrid-Barcelona,Barcelona,Dani Olmo,4,2024,27085,148,8292,Sub,17,23,0,0,1,0.03681571036577225,0.8729100227355957,0.8729100227355957,0,0.0,0,0,0
ESP-La Liga,2425,2024-10-26 Real Madrid-Barcelona,Barcelona,Fermín López,4,2024,27085,148,11822,AMC,12,48,0,0,1,0.025664877146482468,0.042114581912755966,0.016449706628918648,0,0.0,0,0,0
ESP-La Liga,2425,2024-10-26 Real Madrid-Barcelona,Barcelona,Frenkie de Jong,4,2024,27085,148,7781,Sub,17,42,0,0,0,0.0,0.7376793622970581,0.7376793622970581,0,0.0,0,0,0
ESP-La Liga,2425,2024-10-26 Real Madrid-Barcelona,Barcelona,Gavi,4,2024,27085,148,9804,Sub,17,1,0,0,0,0.0,0.0,0.0,0,0.0,0,1,0
ESP-La Liga,2425,2024-10-26 Real Madrid-Barcelona,Barcelona,Iñaki Peña,4,2024,27085,148,7287,GK,1,90,0,0,0,0.0,0.6765230894088745,0.6765230894088745,0,0.0,0,1,0
ESP-La Liga,2425,2024-10-26 Real Madrid-Barcelona,Barcelona,Iñigo Martínez,4,2024,27085,148,2484,DC,3,90,0,0,1,0.02062099240720272,0.7582099437713623,0.3272037208080292,1,0.43100622296333313,1,1,0
ESP-La Liga,2425,2024-10-26 Real Madrid-Barcelona,Barcelona,Jules Koundé,4,2024,27085,148,6433,DR,2,90,0,0,0,0.0,0.38067418336868286,0.38067418336868286,0,0.0,0,1,0
ESP-La Liga,2425,2024-10-26 Real Madrid-Barcelona,Barcelona,Lamine Yamal,4,2024,27085,148,11527,AMR,11,90,1,0,4,0.3760320544242859,0.8464912176132202,0.042114581912755966,0,0.4651602506637573,3,0,0
ESP-La Liga,2425,2024-10-26 Real Madrid-Barcelona,Barcelona,Marc Casadó,4,2024,27085,148,11151,DMC,7,67,0,0,0,0.0,0.7243276238441467,0.39712390303611755,1,0.3272037208080292,1,1,0
ESP-La Liga,2425,2024-10-26 Real Madrid-Barcelona,Barcelona,Pau Cubarsí,4,2024,27085,148,12005,DC,3,90,0,0,0,0.0,0.6005262136459351,0.6005262136459351,0,0.0,0,0,0
ESP-La Liga,2425,2024-10-26 Real Madrid-Barcelona,Barcelona,Pedri,4,2024,27085,148,8935,DMC,7,89,0,0,1,0.016449706628918648,0.8009896278381348,0.8009896278381348,0,0.025664877146482468,1,0,0
ESP-La Liga,2425,2024-10-26 Real Madrid-Barcelona,Barcelona,Raphinha,4,2024,27085,148,8026,AML,13,90,1,0,3,0.4849497377872467,1.8370249271392822,0.7633442282676697,1,0.6093519330024719,3,0,0
ESP-La Liga,2425,2024-10-26 Real Madrid-Barcelona,Barcelona,Robert Lewandowski,4,2024,27085,148,227,FW,15,90,2,0,4,1.5551230907440186,1.8006398677825928,0.0,0,0.24551688134670258,1,0,0
ESP-La Liga,2425,2024-10-26 Real Madrid-Barcelona,Barcelona,Álex Balde,4,2024,27085,148,9805,DL,4,90,0,0,0,0.0,0.9085595011711121,0.5371004939079285,1,0.3714590072631836,2,0,0
ESP-La Liga,2425,2024-10-26 Real Madrid-Barcelona,Real Madrid,Andriy Lunin,4,2024,27085,150,7194,GK,1,90,0,0,0,0.0,0.03510928153991699,0.03510928153991699,0,0.0,0,0,0
ESP-La Liga,2425,2024-10-26 Real Madrid-Barcelona,Real Madrid,Antonio Rüdiger,4,2024,27085,150,1822,DC,3,90,0,0,0,0.0,0.30438435077667236,0.30438435077667236,0,0.0,0,0,0
ESP-La Liga,2425,2024-10-26 Real Madrid-Barcelona,Real Madrid,Aurelien Tchouameni,4,2024,27085,150,6560,MC,9,65,0,0,0,0.0,0.30438435077667236,0.30438435077667236,0,0.30438435077667236,1,0,0
ESP-La Liga,2425,2024-10-26 Real Madrid-Barcelona,Real Madrid,Brahim Diaz,4,2024,27085,150,6421,Sub,17,11,0,0,0,0.0,0.0,0.0,0,0.0,0,0,0
ESP-La Liga,2425,2024-10-26 Real Madrid-Barcelona,Real Madrid,Eder Militão,4,2024,27085,150,7829,DC,3,90,0,0,1,0.008156285621225834,0.31254062056541443,0.30438435077667236,0,0.0,0,1,0
ESP-La Liga,2425,2024-10-26 Real Madrid-Barcelona,Real Madrid,Eduardo Camavinga,4,2024,27085,150,7359,ML,10,79,0,0,0,0.0,0.5944076180458069,0.5944076180458069,0,0.03826833888888359,1,0,0
ESP-La Liga,2425,2024-10-26 Real Madrid-Barcelona,Real Madrid,Federico Valverde,4,2024,27085,150,6241,MC,9,90,0,0,1,0.01733161322772503,0.01733161322772503,0.0,0,0.0,0,0,0
ESP-La Liga,2425,2024-10-26 Real Madrid-Barcelona,Real Madrid,Ferland Mendy,4,2024,27085,150,6233,DL,4,88,0,0,0,0.0,0.30438435077667236,0.30438435077667236,0,0.0,0,0,0
ESP-La Liga,2425,2024-10-26 Real Madrid-Barcelona,Real Madrid,Fran García,4,2024,27085,150,9810,Sub,17,2,0,0,0,0.0,0.0,0.0,0,0.0,0,0,0
ESP-La Liga,2425,2024-10-26 Real Madrid-Barcelona,Real Madrid,Jude Bellingham,4,2024,27085,150,8824,MR,8,90,0,0,1,0.4312012791633606,0.2709662914276123,0.2709662914276123,0,0.0,0,0,0
ESP-La Liga,2425,2024-10-26 Real Madrid-Barcelona,Real Madrid,Kylian Mbappe-Lottin,4,2024,27085,150,3423,FW,15,90,0,0,3,0.5992578864097595,0.8827055096626282,0.30438435077667236,0,0.01733161322772503,1,0,0
ESP-La Liga,2425,2024-10-26 Real Madrid-Barcelona,Real Madrid,Lucas Vázquez,4,2024,27085,150,2253,DR,2,90,0,0,0,0.0,0.0,0.0,0,0.0,0,0,0
ESP-La Liga,2425,2024-10-26 Real Madrid-Barcelona,Real Madrid,Luka Modric,4,2024,27085,150,2250,Sub,17,25,0,0,1,0.011483738198876381,0.5724732875823975,0.2900232672691345,0,0.7021675705909729,2,0,0
ESP-La Liga,2425,2024-10-26 Real Madrid-Barcelona,Real Madrid,Vinícius Júnior,4,2024,27085,150,7008,FW,15,90,0,0,2,0.33949363231658936,0.6295168995857239,0.30438435077667236,0,0.2900232672691345,1,1,0
ESP-La Liga,2425,2024-11-03 Barcelona-Espanyol,Barcelona,Anssumane Fati,4,2024,27101,148,7967,Sub,17,1,0,0,1,0.0667094737291336,0.0667094737291336,0.0,0,0.0,0,0,0
ESP-La Liga,2425,2024-11-03 Barcelona-Espanyol,Barcelona,Dani Olmo,4,2024,27101,148,8292,AMC,12,62,2,0,4,1.1386374235153198,1.1386374235153198,0.0,0,0.0,0,0,0
ESP-La Liga,2425,2024-11-03 Barcelona-Espanyol,Barcelona,Fermín López,4,2024,27101,148,11822,Sub,17,28,0,0,1,0.016678791493177414,0.06735159456729889,0.050672803074121475,0,0.06435176730155945,1,0,0
ESP-La Liga,2425,2024-11-03 Barcelona-Espanyol,Barcelona,Frenkie de Jong,4,2024,27101,148,7781,Sub,17,28,0,0,0,0.0,0.20437981188297272,0.20437981188297272,0,0.09693235158920288,1,0,0
ESP-La Liga,2425,2024-11-03 Barcelona-Espanyol,Barcelona,Gavi,4,2024,27101,148,9804,Sub,17,1,0,0,0,0.0,0.0,0.0,0,0.0,0,0,0
ESP-La Liga,2425,2024-11-03 Barcelona-Espanyol,Barcelona,Hector Fort,4,2024,27101,148,12171,DR,2,84,0,0,1,0.06435176730155945,1.1418509483337402,1.1138733625411987,0,0.6006363034248352,2,0,0
ESP-La Liga,2425,2024-11-03 Barcelona-Espanyol,Barcelona,Iñaki Peña,4,2024,27101,148,7287,GK,1,90,0,0,0,0.0,0.13702821731567383,0.13702821731567383,0,0.0,0,0,0
ESP-La Liga,2425,2024-11-03 Barcelona-Espanyol,Barcelona,Iñigo Martínez,4,2024,27101,148,2484,DC,3,90,0,0,0,0.0,0.9467299580574036,0.9467299580574036,0,0.04009586572647095,1,0,0
ESP-La Liga,2425,2024-11-03 Barcelona-Espanyol,Barcelona,Jules Koundé,4,2024,27101,148,6433,Sub,17,6,0,0,0,0.0,0.09693235158920288,0.09693235158920288,0,0.0,0,0,0
ESP-La Liga,2425,2024-11-03 Barcelona-Espanyol,Barcelona,Lamine Yamal,4,2024,27101,148,11527,AMR,11,90,0,0,4,0.21867911517620087,1.3000283241271973,0.5726586580276489,1,0.5517868995666504,3,0,0
ESP-La Liga,2425,2024-11-03 Barcelona-Espanyol,Barcelona,Marc Casadó,4,2024,27101,148,11151,DMC,7,62,0,0,0,0.0,1.4499088525772095,1.1413259506225586,1,0.3085829019546509,1,0,0
ESP-La Liga,2425,2024-11-03 Barcelona-Espanyol,Barcelona,Pau Cubarsí,4,2024,27101,148,12005,DC,3,90,0,0,0,0.0,0.6381470561027527,0.6381470561027527,0,0.0,0,0,0
ESP-La Liga,2425,2024-11-03 Barcelona-Espanyol,Barcelona,Pedri,4,2024,27101,148,8935,DMC,7,90,0,0,0,0.0,1.2274844646453857,1.2274844646453857,0,0.0,0,0,0
ESP-La Liga,2425,2024-11-03 Barcelona-Espanyol,Barcelona,Raphinha,4,2024,27101,148,8026,AML,13,90,1,0,1,0.3085829019546509,0.6096884608268738,0.21086198091506958,0,0.1575951725244522,3,0,0
ESP-La Liga,2425,2024-11-03 Barcelona-Espanyol,Barcelona,Robert Lewandowski,4,2024,27101,148,227,FW,15,90,0,0,2,0.13033944368362427,0.7196768522262573,0.5893374085426331,0,0.0,0,0,0
ESP-La Liga,2425,2024-11-03 Barcelona-Espanyol,Barcelona,Álex Balde,4,2024,27101,148,9805,DL,4,90,0,0,0,0.0,0.6449585556983948,0.5640571713447571,1,0.08090139180421829,1,0,0
ESP-La Liga,2425,2024-11-03 Barcelona-Espanyol,Espanyol,Alex Kral,4,2024,27101,141,8017,MC,9,90,0,0,0,0.0,0.5299622416496277,0.41406798362731934,0,0.11589425802230835,1,0,0
ESP-La Liga,2425,2024-11-03 Barcelona-Espanyol,Espanyol,Brian Oliván,4,2024,27101,141,9754,Sub,17,6,0,0,0,0.0,0.0,0.0,0,0.0,0,0,0
ESP-La Liga,2425,2024-11-03 Barcelona-Espanyol,Espanyol,Carlos Romero,4,2024,27101,141,11402,DL,4,84,0,0,0,0.0,0.3041311204433441,0.0,1,0.3041311204433441,2,0,0
ESP-La Liga,2425,2024-11-03 Barcelona-Espanyol,Espanyol,Javi Puado,4,2024,27101,141,6933,FW,15,90,1,0,4,0.5069339871406555,0.5069339871406555,0.0,0,0.0,0,0,0
ESP-La Liga,2425,2024-11-03 Barcelona-Espanyol,Espanyol,Joan García,4,2024,27101,141,9773,GK,1,90,0,0,0,0.0,0.3190773129463196,0.3190773129463196,0,0.0,0,0,0
ESP-La Liga,2425,2024-11-03 Barcelona-Espanyol,Espanyol,Jofre Carreras,4,2024,27101,141,10209,ML,10,90,0,0,1,0.040699638426303864,0.35977694392204285,0.2922390103340149,0,0.02683827467262745,1,1,0
ESP-La Liga,2425,2024-11-03 Barcelona-Espanyol,Espanyol,Justin Smith,4,2024,27101,141,9744,Sub,17,22,0,0,0,0.0,0.06483301520347595,0.06483301520347595,0,0.0,0,0,0
ESP-La Liga,2425,2024-11-03 Barcelona-Espanyol,Espanyol,Leandro Cabrera,4,2024,27101,141,6168,DC,3,90,0,0,0,0.0,0.07035670429468155,0.0,0,0.07035670429468155,1,0,0
ESP-La Liga,2425,2024-11-03 Barcelona-Espanyol,Espanyol,Marash Kumbulla,4,2024,27101,141,6324,DC,3,39,0,0,0,0.0,0.0,0.0,0,0.0,0,0,0
ESP-La Liga,2425,2024-11-03 Barcelona-Espanyol,Espanyol,Naci Ünüvar,4,2024,27101,141,13029,Sub,17,6,0,0,0,0.0,0.0,0.0,0,0.0,0,0,0
ESP-La Liga,2425,2024-11-03 Barcelona-Espanyol,Espanyol,Omar El Hilali,4,2024,27101,141,10875,DR,2,84,0,0,0,0.0,0.12182896584272385,0.12182896584272385,0,0.0,0,0,0
ESP-La Liga,2425,2024-11-03 Barcelona-Espanyol,Espanyol,Rafael Bauza,4,2024,27101,141,12903,DMC,7,68,0,0,1,0.01189208310097456,0.01189208310097456,0.0,0,0.0,0,1,0
ESP-La Liga,2425,2024-11-03 Barcelona-Espanyol,Espanyol,Sergi Gómez,4,2024,27101,141,2282,Sub,17,51,0,0,0,0.0,0.06483301520347595,0.06483301520347595,0,0.0,0,0,0
ESP-La Liga,2425,2024-11-03 Barcelona-Espanyol,Espanyol,Tejero,4,2024,27101,141,2519,MR,8,90,0,0,1,0.07916556298732758,0.23288530111312866,0.07035670429468155,0,0.1625286042690277,3,0,0
ESP-La Liga,2425,2024-11-03 Barcelona-Espanyol,Espanyol,Walid Cheddira,4,2024,27101,141,11989,Sub,17,22,0,0,1,0.06483301520347595,0.06483301520347595,0.0,0,0.0,0,1,0
ESP-La Liga,2425,2024-11-03 Barcelona-Espanyol,Espanyol,Álvaro Aguado,4,2024,27101,141,10884,MC,9,68,0,0,2,0.0838342234492302,0.0838342234492302,0.0,0,0.0,0,0,0
ESP-La Liga,2425,2024-11-10 Real Sociedad-Barcelona,Barcelona,Anssumane Fati,4,2024,27108,148,7967,Sub,17,18,0,0,0,0.0,0.0,0.0,0,0.0,0,0,0
ESP-La Liga,2425,2024-11-10 Real Sociedad-Barcelona,Barcelona,Dani Olmo,4,2024,27108,148,8292,Sub,17,41,0,0,2,0.07842520624399185,0.06001559644937515,0.0,0,0.0,0,0,0
ESP-La Liga,2425,2024-11-10 Real Sociedad-Barcelona,Barcelona,Fermín López,4,2024,27108,148,11822,AMR,11,72,0,0,2,0.07579879462718964,0.14841191470623016,0.08494743704795837,0,0.0,0,0,0
ESP-La Liga,2425,2024-11-10 Real Sociedad-Barcelona,Barcelona,Frenkie de Jong,4,2024,27108,148,7781,DMC,7,49,0,0,1,0.02493184432387352,0.04422539472579956,0.0,0,0.01929355040192604,1,0,0
ESP-La Liga,2425,2024-11-10 Real Sociedad-Barcelona,Barcelona,Gavi,4,2024,27108,148,9804,Sub,17,3,0,0,0,0.0,0.0,0.0,0,0.0,0,0,0
ESP-La Liga,2425,2024-11-10 Real Sociedad-Barcelona,Barcelona,Iñaki Peña,4,2024,27108,148,7287,GK,1,90,0,0,0,0.0,0.01929355040192604,0.01929355040192604,0,0.0,0,0,0
ESP-La Liga,2425,2024-11-10 Real Sociedad-Barcelona,Barcelona,Iñigo Martínez,4,2024,27108,148,2484,DC,3,90,0,0,1,0.041547663509845734,0.01929355040192604,0.01929355040192604,0,0.08495722711086273,1,1,0
ESP-La Liga,2425,2024-11-10 Real Sociedad-Barcelona,Barcelona,Jules Koundé,4,2024,27108,148,6433,DR,2,87,0,0,0,0.0,0.07466427236795425,0.04422539472579956,0,0.030438879504799843,1,0,0
ESP-La Liga,2425,2024-11-10 Real Sociedad-Barcelona,Barcelona,Marc Casadó,4,2024,27108,148,11151,DMC,7,90,0,0,1,0.07416196167469025,0.10424099117517471,0.10424099117517471,0,0.0,0,0,0
ESP-La Liga,2425,2024-11-10 Real Sociedad-Barcelona,Barcelona,Pau Cubarsí,4,2024,27108,148,12005,DC,3,90,0,0,2,0.16950452327728271,0.04422539472579956,0.01929355040192604,0,0.02493184432387352,1,0,0
ESP-La Liga,2425,2024-11-10 Real Sociedad-Barcelona,Barcelona,Pau Victor,4,2024,27108,148,10953,Sub,17,1,0,0,0,0.0,0.0,0.0,0,0.0,0,0,0
ESP-La Liga,2425,2024-11-10 Real Sociedad-Barcelona,Barcelona,Pedri,4,2024,27108,148,8935,AMC,12,90,0,0,1,0.030438879504799843,0.10974802821874619,0.07930915057659149,0,0.10295691341161728,2,0,0
ESP-La Liga,2425,2024-11-10 Real Sociedad-Barcelona,Barcelona,Raphinha,4,2024,27108,148,8026,AML,13,90,0,0,1,0.01929355040192604,0.10424099117517471,0.08494743704795837,0,0.05388198047876358,2,0,0
ESP-La Liga,2425,2024-11-10 Real Sociedad-Barcelona,Barcelona,Robert Lewandowski,4,2024,27108,148,227,FW,15,90,0,0,0,0.0,0.06001559644937515,0.06001559644937515,0,0.0,0,0,0
ESP-La Liga,2425,2024-11-10 Real Sociedad-Barcelona,Barcelona,Álex Balde,4,2024,27108,148,9805,DL,4,90,0,0,0,0.0,0.10424099117517471,0.04422539472579956,0,0.06001559644937515,1,0,0
ESP-La Liga,2425,2024-11-10 Real Sociedad-Barcelona,Real Sociedad,Aihen Muñoz,4,2024,27108,140,7306,DL,4,87,0,0,0,0.0,0.0623994879424572,0.0623994879424572,0,0.0,0,0,0
ESP-La Liga,2425,2024-11-10 Real Sociedad-Barcelona,Real Sociedad,Ander Barrenetxea,4,2024,27108,140,7308,Sub,17,26,0,0,1,0.29380112886428833,0.4664383828639984,0.17263726890087128,0,0.0,0,0,0
ESP-La Liga,2425,2024-11-10 Real Sociedad-Barcelona,Real Sociedad,Aritz Elustondo,4,2024,27108,140,2228,Sub,17,26,0,0,0,0.0,0.0,0.0,0,0.06426125019788742,1,0,0
ESP-La Liga,2425,2024-11-10 Real Sociedad-Barcelona,Real Sociedad,Brais Méndez,4,2024,27108,140,6227,MC,9,90,0,0,2,0.20945674180984497,0.3375962972640991,0.16495902836322784,0,0.15265657007694244,3,1,0
ESP-La Liga,2425,2024-11-10 Real Sociedad-Barcelona,Real Sociedad,Igor Zubeldia,4,2024,27108,140,2417,DC,3,90,0,0,1,0.06426125019788742,0.33284586668014526,0.33284586668014526,0,0.0,0,1,0
ESP-La Liga,2425,2024-11-10 Real Sociedad-Barcelona,Real Sociedad,Javier López,4,2024,27108,140,8413,Sub,17,3,0,0,0,0.0,0.0,0.0,0,0.0,0,0,0
ESP-La Liga,2425,2024-11-10 Real Sociedad-Barcelona,Real Sociedad,Jon Aramburu,4,2024,27108,140,12182,DR,2,64,0,0,0,0.0,0.2634829580783844,0.129903644323349,0,0.1335793286561966,1,1,0
ESP-La Liga,2425,2024-11-10 Real Sociedad-Barcelona,Real Sociedad,Luka Sucic,4,2024,27108,140,12862,MC,9,64,0,0,1,0.013380967080593109,0.3812822103500366,0.0623994879424572,1,0.3055017590522766,1,0,0
ESP-La Liga,2425,2024-11-10 Real Sociedad-Barcelona,Real Sociedad,Martín Zubimendi,4,2024,27108,140,7526,DMC,7,90,0,0,0,0.0,0.027344102039933205,0.027344102039933205,0,0.0,0,0,0
ESP-La Liga,2425,2024-11-10 Real Sociedad-Barcelona,Real Sociedad,Mikel Oyarzabal,4,2024,27108,140,2234,FW,15,65,0,0,3,0.6863511800765991,0.713695228099823,0.027344102039933205,0,0.0,0,0,0
ESP-La Liga,2425,2024-11-10 Real Sociedad-Barcelona,Real Sociedad,Naif Aguerd,4,2024,27108,140,6935,DC,3,90,0,0,0,0.0,0.4664383828639984,0.17263726890087128,0,0.29380112886428833,1,0,0
ESP-La Liga,2425,2024-11-10 Real Sociedad-Barcelona,Real Sociedad,Orri Óskarsson,4,2024,27108,140,13048,Sub,17,25,0,0,1,0.0512196384370327,0.0512196384370327,0.0,0,0.0,0,0,0
ESP-La Liga,2425,2024-11-10 Real Sociedad-Barcelona,Real Sociedad,Remiro,4,2024,27108,140,2555,GK,1,90,0,0,0,0.0,0.0623994879424572,0.0623994879424572,0,0.0,0,0,0
ESP-La Liga,2425,2024-11-10 Real Sociedad-Barcelona,Real Sociedad,Sergio Gómez,4,2024,27108,140,6656,Sub,17,26,0,0,0,0.0,0.0512196384370327,0.0512196384370327,0,0.0,0,0,0
ESP-La Liga,2425,2024-11-10 Real Sociedad-Barcelona,Real Sociedad,Sheraldo Becker,4,2024,27108,140,7882,ML,10,64,1,0,3,0.46642521023750305,0.9639949202537537,0.0,0,0.4975697100162506,1,0,0
ESP-La Liga,2425,2024-11-10 Real Sociedad-Barcelona,Real Sociedad,Takefusa Kubo,4,2024,27108,140,8001,MR,8,90,0,0,2,0.10143693536520004,0.9448697566986084,0.6935485005378723,0,0.2513212561607361,3,0,0
ESP-La Liga,2425,2024-11-23 Celta Vigo-Barcelona,Barcelona,Dani Olmo,4,2024,27117,148,8292,AML,13,90,0,0,1,0.06770883500576019,1.0181645154953003,0.7234657406806946,0,0.2946988046169281,1,0,0
ESP-La Liga,2425,2024-11-23 Celta Vigo-Barcelona,Barcelona,Fermín López,4,2024,27117,148,11822,Sub,17,14,0,0,1,0.4771159887313843,0.4771159887313843,0.0,0,0.0,0,1,0
ESP-La Liga,2425,2024-11-23 Celta Vigo-Barcelona,Barcelona,Frenkie de Jong,4,2024,27117,148,7781,Sub,17,14,0,0,0,0.0,0.4771159887313843,0.4771159887313843,0,0.0,0,0,0
ESP-La Liga,2425,2024-11-23 Celta Vigo-Barcelona,Barcelona,Gavi,4,2024,27117,148,9804,AMC,12,76,0,0,0,0.0,0.07322020828723907,0.07322020828723907,0,0.0,0,0,0
ESP-La Liga,2425,2024-11-23 Celta Vigo-Barcelona,Barcelona,Gerard Martín,4,2024,27117,148,12821,DL,4,47,0,0,0,0.0,0.1390077769756317,0.1390077769756317,0,0.0,0,1,0
ESP-La Liga,2425,2024-11-23 Celta Vigo-Barcelona,Barcelona,Hector Fort,4,2024,27117,148,12171,Sub,17,43,0,0,0,0.0,0.5167491436004639,0.039633121341466904,0,0.4771159887313843,1,1,0
ESP-La Liga,2425,2024-11-23 Celta Vigo-Barcelona,Barcelona,Iñaki Peña,4,2024,27117,148,7287,GK,1,90,0,0,0,0.0,0.3768445551395416,0.3768445551395416,0,0.0,0,0,0
ESP-La Liga,2425,2024-11-23 Celta Vigo-Barcelona,Barcelona,Iñigo Martínez,4,2024,27117,148,2484,DC,3,90,0,0,0,0.0,0.6838326454162598,0.6838326454162598,0,0.0,0,0,0
ESP-La Liga,2425,2024-11-23 Celta Vigo-Barcelona,Barcelona,Jules Koundé,4,2024,27117,148,6433,DR,2,90,0,0,0,0.0,0.49161916971206665,0.18056216835975647,1,0.3110570013523102,1,0,0
ESP-La Liga,2425,2024-11-23 Celta Vigo-Barcelona,Barcelona,Marc Casadó,4,2024,27117,148,11151,DMC,7,83,0,0,1,0.021047290414571762,0.42308804392814636,0.4020407497882843,0,0.0,0,0,1
ESP-La Liga,2425,2024-11-23 Celta Vigo-Barcelona,Barcelona,Pablo Torre,4,2024,27117,148,11025,Sub,17,1,0,0,0,0.0,0.0,0.0,0,0.0,0,0,0
ESP-La Liga,2425,2024-11-23 Celta Vigo-Barcelona,Barcelona,Pau Cubarsí,4,2024,27117,148,12005,DC,3,90,0,0,0,0.0,0.2067166119813919,0.2067166119813919,0,0.0,0,0,0
ESP-La Liga,2425,2024-11-23 Celta Vigo-Barcelona,Barcelona,Pau Victor,4,2024,27117,148,10953,Sub,17,1,0,0,0,0.0,0.0,0.0,0,0.0,0,0,0
ESP-La Liga,2425,2024-11-23 Celta Vigo-Barcelona,Barcelona,Pedri,4,2024,27117,148,8935,DMC,7,76,0,0,0,0.0,0.18056216835975647,0.18056216835975647,0,0.039633121341466904,1,0,0
ESP-La Liga,2425,2024-11-23 Celta Vigo-Barcelona,Barcelona,Raphinha,4,2024,27117,148,8026,AMR,11,90,1,0,5,0.7843967080116272,1.2615127563476562,0.4771159887313843,0,0.0,0,0,0
ESP-La Liga,2425,2024-11-23 Celta Vigo-Barcelona,Barcelona,Robert Lewandowski,4,2024,27117,148,227,FW,15,90,1,0,1,0.5875533819198608,1.3110191822052002,0.5167491436004639,0,0.2067166119813919,3,0,0
ESP-La Liga,2425,2024-11-23 Celta Vigo-Barcelona,Celta Vigo,Alfon,4,2024,27117,152,9241,Sub,17,27,1,0,2,0.5863638520240784,0.5863638520240784,0.0,0,0.0,0,0,0
ESP-La Liga,2425,2024-11-23 Celta Vigo-Barcelona,Celta Vigo,Borja Iglesias,4,2024,27117,152,2543,Sub,17,14,0,0,2,0.6847485303878784,1.0971806049346924,0.41243207454681396,0,0.0,0,0,0
ESP-La Liga,2425,2024-11-23 Celta Vigo-Barcelona,Celta Vigo,Carl Starfelt,4,2024,27117,152,7655,DC,3,90,0,0,0,0.0,0.4772780239582062,0.4772780239582062,0,0.0,0,0,0
ESP-La Liga,2425,2024-11-23 Celta Vigo-Barcelona,Celta Vigo,Fran Beltrán,4,2024,27117,152,6931,MC,9,76,0,0,0,0.0,0.23522642254829407,0.0,0,0.23522642254829407,1,0,0
ESP-La Liga,2425,2024-11-23 Celta Vigo-Barcelona,Celta Vigo,Hugo Sotelo,4,2024,27117,152,9520,Sub,17,14,0,0,0,0.0,0.34600773453712463,0.34600773453712463,0,0.0,0,1,0
ESP-La Liga,2425,2024-11-23 Celta Vigo-Barcelona,Celta Vigo,Hugo Álvarez,4,2024,27117,152,10078,MR,8,90,1,0,3,0.7406262159347534,1.1951756477355957,0.45454949140548706,0,0.0,0,0,0
ESP-La Liga,2425,2024-11-23 Celta Vigo-Barcelona,Celta Vigo,Iago Aspas,4,2024,27117,152,2290,FW,15,90,0,0,2,0.46162286400794983,0.7019789814949036,0.0,0,0.24035613238811493,1,1,0
ESP-La Liga,2425,2024-11-23 Celta Vigo-Barcelona,Celta Vigo,Ilaix Moriba,4,2024,27117,152,9243,MC,9,90,0,0,1,0.018063217401504517,0.5685502290725708,0.4755825400352478,0,0.0929676964879036,1,1,0
ESP-La Liga,2425,2024-11-23 Celta Vigo-Barcelona,Celta Vigo,Javier Rodríguez,4,2024,27117,152,12180,DR,2,90,0,0,0,0.0,0.6476585268974304,0.23522642254829407,1,0.41243207454681396,1,1,0
ESP-La Liga,2425,2024-11-23 Celta Vigo-Barcelona,Celta Vigo,Jonathan Bamba,4,2024,27117,152,3749,ML,10,63,0,0,2,0.1408427208662033,0.6883599162101746,0.5475171804428101,0,0.0,0,0,0
ESP-La Liga,2425,2024-11-23 Celta Vigo-Barcelona,Celta Vigo,Marcos Alonso,4,2024,27117,152,1621,DC,3,90,0,0,2,0.10366695374250412,0.7827436327934265,0.7827436327934265,0,0.0,0,1,0
ESP-La Liga,2425,2024-11-23 Celta Vigo-Barcelona,Celta Vigo,Pablo Durán,4,2024,27117,152,11154,Sub,17,1,0,0,0,0.0,0.3843103349208832,0.0,0,0.3843103349208832,1,0,0
ESP-La Liga,2425,2024-11-23 Celta Vigo-Barcelona,Celta Vigo,Tasos Douvikas,4,2024,27117,152,12030,FW,15,76,0,0,0,0.0,0.3760691285133362,0.23522642254829407,0,0.1408427208662033,2,0,0
ESP-La Liga,2425,2024-11-23 Celta Vigo-Barcelona,Celta Vigo,Vicente Guaita,4,2024,27117,152,2190,GK,1,90,0,0,0,0.0,0.23522642254829407,0.23522642254829407,0,0.0,0,0,0
ESP-La Liga,2425,2024-11-23 Celta Vigo-Barcelona,Celta Vigo,Óscar Mingueza,4,2024,27117,152,9011,DL,4,90,0,0,1,0.024315660819411278,1.1935621500015259,0.4315011501312256,0,0.7620610594749451,3,0,0
ESP-La Liga,2425,2024-11-30 Barcelona-Las Palmas,Barcelona,Fermín López,4,2024,27122,148,11822,AMC,12,61,0,0,3,0.18885524570941925,0.21460871398448944,0.02575346827507019,0,0.0,0,0,0
ESP-La Liga,2425,2024-11-30 Barcelona-Las Palmas,Barcelona,Ferrán Torres,4,2024,27122,148,6441,Sub,17,29,0,0,3,0.1864701211452484,0.4232662618160248,0.14741691946983337,0,0.1493697315454483,2,0,0
ESP-La Liga,2425,2024-11-30 Barcelona-Las Palmas,Barcelona,Frenkie de Jong,4,2024,27122,148,7781,Sub,17,29,0,0,0,0.0,0.3016343116760254,0.2518974244594574,0,0.04973688721656799,1,0,0
ESP-La Liga,2425,2024-11-30 Barcelona-Las Palmas,Barcelona,Gavi,4,2024,27122,148,9804,DMC,7,61,0,0,0,0.0,0.3752933740615845,0.3752933740615845,0,0.18012391030788422,1,0,0
ESP-La Liga,2425,2024-11-30 Barcelona-Las Palmas,Barcelona,Gerard Martín,4,2024,27122,148,12821,Sub,17,65,0,0,0,0.0,0.318912535905838,0.2074664980173111,0,0.11144603788852692,1,0,0
ESP-La Liga,2425,2024-11-30 Barcelona-Las Palmas,Barcelona,Hector Fort,4,2024,27122,148,12171,Sub,17,30,0,0,0,0.0,0.1097274199128151,0.1097274199128151,0,0.0,0,0,0
ESP-La Liga,2425,2024-11-30 Barcelona-Las Palmas,Barcelona,Iñaki Peña,4,2024,27122,148,7287,GK,1,90,0,0,0,0.0,0.24228157103061676,0.24228157103061676,0,0.0,0,0,0
ESP-La Liga,2425,2024-11-30 Barcelona-Las Palmas,Barcelona,Iñigo Martínez,4,2024,27122,148,2484,DC,3,90,0,0,1,0.017311636358499527,0.42676877975463867,0.38028454780578613,0,0.029172595590353012,1,0,0
ESP-La Liga,2425,2024-11-30 Barcelona-Las Palmas,Barcelona,Jules Koundé,4,2024,27122,148,6433,DR,2,60,0,0,2,0.08698222041130066,0.10429386049509048,0.0785403922200203,0,0.0,0,0,0
ESP-La Liga,2425,2024-11-30 Barcelona-Las Palmas,Barcelona,Lamine Yamal,4,2024,27122,148,11527,Sub,17,40,0,0,4,0.25602951645851135,0.46025511622428894,0.2042255997657776,0,0.0,0,0,0
ESP-La Liga,2425,2024-11-30 Barcelona-Las Palmas,Barcelona,Pablo Torre,4,2024,27122,148,11025,AML,13,50,0,0,0,0.0,0.2589142918586731,0.1507270485162735,0,0.1339406967163086,2,0,0
ESP-La Liga,2425,2024-11-30 Barcelona-Las Palmas,Barcelona,Pau Cubarsí,4,2024,27122,148,12005,DC,3,90,0,0,2,0.5568663477897644,0.13083553314208984,0.13083553314208984,0,0.04509153589606285,1,0,0
ESP-La Liga,2425,2024-11-30 Barcelona-Las Palmas,Barcelona,Pau Victor,4,2024,27122,148,10953,Sub,17,1,0,0,0,0.0,0.1115814745426178,0.0,0,0.1115814745426178,1,0,0
ESP-La Liga,2425,2024-11-30 Barcelona-Las Palmas,Barcelona,Pedri,4,2024,27122,148,8935,DMC,7,90,0,0,3,0.16778546571731567,0.7443946003913879,0.5491229295730591,1,0.02748619206249714,1,0,0
ESP-La Liga,2425,2024-11-30 Barcelona-Las Palmas,Barcelona,Raphinha,4,2024,27122,148,8026,AMR,11,90,1,0,5,0.40244942903518677,0.5472436547279358,0.18734021484851837,0,0.6323270201683044,5,0,0
ESP-La Liga,2425,2024-11-30 Barcelona-Las Palmas,Barcelona,Robert Lewandowski,4,2024,27122,148,227,FW,15,90,0,0,4,0.3295803964138031,0.9021176099777222,0.29008713364601135,0,0.2824500799179077,4,0,0
ESP-La Liga,2425,2024-11-30 Barcelona-Las Palmas,Barcelona,Álex Balde,4,2024,27122,148,9805,DL,4,25,0,0,0,0.0,0.08949829638004303,0.08949829638004303,0,0.0,0,0,0
ESP-La Liga,2425,2024-11-30 Barcelona-Las Palmas,Las Palmas,Alberto Moleiro,4,2024,27122,144,12160,AML,13,90,0,0,0,0.0,0.03987937793135643,0.0,0,0.03987937793135643,1,0,0
ESP-La Liga,2425,2024-11-30 Barcelona-Las Palmas,Las Palmas,Benito Ramírez,4,2024,27122,144,5041,Sub,17,3,0,0,0,0.0,0.0,0.0,0,0.0,0,0,0
ESP-La Liga,2425,2024-11-30 Barcelona-Las Palmas,Las Palmas,Enzo Loiodice,4,2024,27122,144,6712,Sub,17,18,0,0,0,0.0,0.0,0.0,0,0.0,0,0,0
ESP-La Liga,2425,2024-11-30 Barcelona-Las Palmas,Las Palmas,Fabio González,4,2024,27122,144,6079,Sub,17,3,0,0,0,0.0,0.0,0.0,0,0.0,0,0,0
ESP-La Liga,2425,2024-11-30 Barcelona-Las Palmas,Las Palmas,Fabio Silva,4,2024,27122,144,8778,FW,15,77,1,0,2,0.10861432552337646,0.10861432552337646,0.0,0,0.0,0,0,0
ESP-La Liga,2425,2024-11-30 Barcelona-Las Palmas,Las Palmas,Jaime Mata,4,2024,27122,144,7009,Sub,17,13,0,0,0,0.0,0.0,0.0,0,0.0,0,0,0
ESP-La Liga,2425,2024-11-30 Barcelona-Las Palmas,Las Palmas,Jasper Cillessen,4,2024,27122,144,5057,GK,1,90,0,0,0,0.0,0.032486021518707275,0.032486021518707275,0,0.0,0,0,0
ESP-La Liga,2425,2024-11-30 Barcelona-Las Palmas,Las Palmas,Javi Muñoz,4,2024,27122,144,4168,AMC,12,90,0,0,1,0.03987937793135643,0.13995470106601715,0.10007532685995102,1,0.48579463362693787,2,0,0
ESP-La Liga,2425,2024-11-30 Barcelona-Las Palmas,Las Palmas,José Campaña,4,2024,27122,144,4034,DMC,7,72,0,0,0,0.0,0.0,0.0,0,0.0,0,0,0
ESP-La Liga,2425,2024-11-30 Barcelona-Las Palmas,Las Palmas,Kirian Rodríguez,4,2024,27122,144,11743,DMC,7,87,0,0,0,0.0,0.13995470106601715,0.10746867954730988,1,0.032486021518707275,1,0,0
ESP-La Liga,2425,2024-11-30 Barcelona-Las Palmas,Las Palmas,Marvin Park,4,2024,27122,144,8863,Sub,17,13,0,0,0,0.0,0.0,0.0,0,0.0,0,0,0
ESP-La Liga,2425,2024-11-30 Barcelona-Las Palmas,Las Palmas,Mika Mármol,4,2024,27122,144,10224,DL,4,90,0,0,0,0.0,0.0,0.0,0,0.0,0,0,0
ESP-La Liga,2425,2024-11-30 Barcelona-Las Palmas,Las Palmas,Oliver McBurnie,4,2024,27122,144,1736,Sub,17,1,0,0,0,0.0,0.0,0.0,0,0.0,0,0,0
ESP-La Liga,2425,2024-11-30 Barcelona-Las Palmas,Las Palmas,Sandro Ramírez,4,2024,27122,144,2537,AMR,11,77,1,0,1,0.032486021518707275,0.10007532685995102,0.06758930534124374,0,0.0,0,0,0
ESP-La Liga,2425,2024-11-30 Barcelona-Las Palmas,Las Palmas,Scott McKenna,4,2024,27122,144,10757,DC,3,90,0,0,1,0.4182053208351135,0.032486021518707275,0.032486021518707275,0,0.0,0,0,0
ESP-La Liga,2425,2024-11-30 Barcelona-Las Palmas,Las Palmas,Viti Rozada,4,2024,27122,144,12737,DR,2,87,0,0,0,0.0,0.06758930534124374,0.06758930534124374,0,0.0,0,0,0
ESP-La Liga,2425,2024-11-30 Barcelona-Las Palmas,Las Palmas,Álex Suárez,4,2024,27122,144,11742,DC,3,90,0,0,0,0.0,0.032486021518707275,0.032486021518707275,0,0.0,0,0,0
ESP-La Liga,2425,2024-12-03 Mallorca-Barcelona,Barcelona,Dani Olmo,4,2024,27167,148,8292,AMC,12,74,0,0,2,0.04937143251299858,0.7158839106559753,0.6850473284721375,0,0.0,0,0,0
ESP-La Liga,2425,2024-12-03 Mallorca-Barcelona,Barcelona,Eric Garcia,4,2024,27167,148,8045,Sub,17,6,0,0,0,0.0,0.0,0.0,0,0.0,0,0,0
ESP-La Liga,2425,2024-12-03 Mallorca-Barcelona,Barcelona,Fermín López,4,2024,27167,148,11822,Sub,17,1,0,0,0,0.0,0.0,0.0,0,0.0,0,0,0
ESP-La Liga,2425,2024-12-03 Mallorca-Barcelona,Barcelona,Ferrán Torres,4,2024,27167,148,6441,FW,15,75,1,0,5,0.9759677648544312,1.006804347038269,0.030836569145321846,0,0.030836569145321846,1,0,0
ESP-La Liga,2425,2024-12-03 Mallorca-Barcelona,Barcelona,Frenkie de Jong,4,2024,27167,148,7781,Sub,17,16,1,0,1,0.5202943682670593,1.4620215892791748,0.0,1,0.9417272210121155,1,0,0
ESP-La Liga,2425,2024-12-03 Mallorca-Barcelona,Barcelona,Gavi,4,2024,27167,148,9804,Sub,17,6,0,0,0,0.0,1.2701761722564697,0.9417272210121155,0,0.3284488916397095,1,0,0
ESP-La Liga,2425,2024-12-03 Mallorca-Barcelona,Barcelona,Iñaki Peña,4,2024,27167,148,7287,GK,1,90,0,0,0,0.0,0.31145918369293213,0.31145918369293213,0,0.0,0,0,0
ESP-La Liga,2425,2024-12-03 Mallorca-Barcelona,Barcelona,Iñigo Martínez,4,2024,27167,148,2484,DC,3,90,0,0,0,0.0,1.1374508142471313,1.1374508142471313,0,0.04270537942647934,1,0,0
ESP-La Liga,2425,2024-12-03 Mallorca-Barcelona,Barcelona,Jules Koundé,4,2024,27167,148,6433,DR,2,90,0,0,0,0.0,0.854867696762085,0.854867696762085,0,0.0,0,0,0
ESP-La Liga,2425,2024-12-03 Mallorca-Barcelona,Barcelona,Lamine Yamal,4,2024,27167,148,11527,AMR,11,90,0,0,6,0.9889513850212097,2.843520164489746,1.365362524986267,1,0.5508989691734314,2,0,0
ESP-La Liga,2425,2024-12-03 Mallorca-Barcelona,Barcelona,Marc Casadó,4,2024,27167,148,11151,DMC,7,84,0,0,0,0.0,0.9478332996368408,0.9478332996368408,0,0.0,0,1,0
ESP-La Liga,2425,2024-12-03 Mallorca-Barcelona,Barcelona,Pau Cubarsí,4,2024,27167,148,12005,DC,3,90,0,0,0,0.0,0.423635333776474,0.423635333776474,0,0.0,0,1,0
ESP-La Liga,2425,2024-12-03 Mallorca-Barcelona,Barcelona,Pau Victor,4,2024,27167,148,10953,Sub,17,15,1,0,2,0.9539961814880371,0.9539961814880371,0.0,0,0.0,0,0,0
ESP-La Liga,2425,2024-12-03 Mallorca-Barcelona,Barcelona,Pedri,4,2024,27167,148,8935,DMC,7,84,0,0,0,0.0,0.980877697467804,0.980877697467804,0,0.018534863367676735,1,1,0
ESP-La Liga,2425,2024-12-03 Mallorca-Barcelona,Barcelona,Raphinha,4,2024,27167,148,8026,AML,13,89,2,0,4,1.8921544551849365,2.697946548461914,0.9725638031959534,0,0.7131936550140381,4,0,0
ESP-La Liga,2425,2024-12-03 Mallorca-Barcelona,Barcelona,Álex Balde,4,2024,27167,148,9805,DL,4,90,0,0,0,0.0,0.5380193591117859,0.1452205777168274,0,0.3927987515926361,2,0,0
ESP-La Liga,2425,2024-12-03 Mallorca-Barcelona,Mallorca,Abdón Prats,4,2024,27167,239,8014,Sub,17,9,0,0,0,0.0,0.0,0.0,0,0.0,0,1,0
ESP-La Liga,2425,2024-12-03 Mallorca-Barcelona,Mallorca,Antonio Sánchez,4,2024,27167,239,9970,FW,15,80,0,0,1,0.036337096244096756,0.036337096244096756,0.0,0,0.0,0,0,0
ESP-La Liga,2425,2024-12-03 Mallorca-Barcelona,Mallorca,Cyle Larin,4,2024,27167,239,11340,Sub,17,10,0,0,0,0.0,0.0,0.0,0,0.0,0,0,0
ESP-La Liga,2425,2024-12-03 Mallorca-Barcelona,Mallorca,Dani Rodríguez,4,2024,27167,239,7841,Sub,17,21,0,0,1,0.01856602169573307,0.01856602169573307,0.0,0,0.0,0,0,0
ESP-La Liga,2425,2024-12-03 Mallorca-Barcelona,Mallorca,Johan Mojica,4,2024,27167,239,6242,DL,4,90,0,0,0,0.0,0.036337096244096756,0.0,0,0.036337096244096756,1,1,0
ESP-La Liga,2425,2024-12-03 Mallorca-Barcelona,Mallorca,Leo Román,4,2024,27167,239,9839,GK,1,90,0,0,0,0.0,0.0,0.0,0,0.0,0,0,0
ESP-La Liga,2425,2024-12-03 Mallorca-Barcelona,Mallorca,Manuel Morlanes,4,2024,27167,239,6592,MC,9,90,0,0,0,0.0,0.0,0.0,0,0.0,0,0,0
ESP-La Liga,2425,2024-12-03 Mallorca-Barcelona,Mallorca,Martin Valjent,4,2024,27167,239,7838,DC,3,90,0,0,0,0.0,0.05490311607718468,0.05490311607718468,0,0.0,0,0,0
ESP-La Liga,2425,2024-12-03 Mallorca-Barcelona,Mallorca,Mateu Morey,4,2024,27167,239,8070,Sub,17,10,0,0,0,0.0,0.0,0.0,0,0.0,0,0,0
ESP-La Liga,2425,2024-12-03 Mallorca-Barcelona,Mallorca,Pablo Maffeo,4,2024,27167,239,1003,DR,2,80,0,0,0,0.0,0.7603378295898438,0.01856602169573307,1,0.7417718172073364,1,1,0
ESP-La Liga,2425,2024-12-03 Mallorca-Barcelona,Mallorca,Raíllo,4,2024,27167,239,2584,DC,3,90,0,0,0,0.0,0.7417718172073364,0.7417718172073364,0,0.0,0,1,0
ESP-La Liga,2425,2024-12-03 Mallorca-Barcelona,Mallorca,Roberto Navarro,4,2024,27167,239,8765,Sub,17,21,0,0,0,0.0,0.0,0.0,0,0.0,0,0,0
ESP-La Liga,2425,2024-12-03 Mallorca-Barcelona,Mallorca,Samú Costa,4,2024,27167,239,10974,MC,9,90,0,0,2,0.09962241351604462,0.1545255333185196,0.036337096244096756,0,0.01856602169573307,1,0,0
ESP-La Liga,2425,2024-12-03 Mallorca-Barcelona,Mallorca,Sergi Darder,4,2024,27167,239,2621,ML,10,69,0,0,1,0.026997100561857224,0.805105984210968,0.7781088948249817,0,0.0,0,0,0
ESP-La Liga,2425,2024-12-03 Mallorca-Barcelona,Mallorca,Valery Fernández,4,2024,27167,239,7246,MR,8,69,0,0,0,0.0,0.036337096244096756,0.036337096244096756,0,0.0,0,0,0
ESP-La Liga,2425,2024-12-03 Mallorca-Barcelona,Mallorca,Vedat Muriqi,4,2024,27167,239,9002,FW,15,81,1,0,1,0.7417718172073364,0.7781088948249817,0.036337096244096756,0,0.0,0,0,0
ESP-La Liga,2425,2024-12-07 Real Betis-Barcelona,Barcelona,Dani Olmo,4,2024,27139,148,8292,MC,9,63,0,0,1,0.01795492321252823,0.2899325489997864,0.27197763323783875,0,0.0,0,0,0
ESP-La Liga,2425,2024-12-07 Real Betis-Barcelona,Barcelona,Ferrán Torres,4,2024,27139,148,6441,Sub,17,27,1,0,1,0.4082649350166321,0.4082649350166321,0.0,0,0.0,0,0,0
ESP-La Liga,2425,2024-12-07 Real Betis-Barcelona,Barcelona,Frenkie de Jong,4,2024,27139,148,7781,Sub,17,27,0,0,0,0.0,0.05678838491439819,0.0,0,0.05678838491439819,1,1,0
ESP-La Liga,2425,2024-12-07 Real Betis-Barcelona,Barcelona,Gavi,4,2024,27139,148,9804,Sub,17,13,0,0,0,0.0,0.0,0.0,0,0.0,0,0,0
ESP-La Liga,2425,2024-12-07 Real Betis-Barcelona,Barcelona,Hector Fort,4,2024,27139,148,12171,Sub,17,1,0,0,0,0.0,0.0,0.0,0,0.0,0,1,0
ESP-La Liga,2425,2024-12-07 Real Betis-Barcelona,Barcelona,Iñaki Peña,4,2024,27139,148,7287,GK,1,90,0,0,0,0.0,0.6089249849319458,0.6089249849319458,0,0.0,0,0,0
ESP-La Liga,2425,2024-12-07 Real Betis-Barcelona,Barcelona,Iñigo Martínez,4,2024,27139,148,2484,DC,3,90,0,0,0,0.0,0.6268799304962158,0.6268799304962158,0,0.0,0,0,0
ESP-La Liga,2425,2024-12-07 Real Betis-Barcelona,Barcelona,Jules Koundé,4,2024,27139,148,6433,DR,2,90,0,0,1,0.05678838491439819,0.7252523303031921,0.668463945388794,1,0.6089249849319458,1,0,0
ESP-La Liga,2425,2024-12-07 Real Betis-Barcelona,Barcelona,Lamine Yamal,4,2024,27139,148,11527,FWR,14,90,0,0,2,0.30983874201774597,1.3838170766830444,0.665713369846344,1,0.4082649350166321,1,0,0
ESP-La Liga,2425,2024-12-07 Real Betis-Barcelona,Barcelona,Marc Casadó,4,2024,27139,148,11151,MC,9,90,0,0,1,0.013001660816371441,1.3071224689483643,1.3071224689483643,0,0.0,0,0,0
ESP-La Liga,2425,2024-12-07 Real Betis-Barcelona,Barcelona,Pau Cubarsí,4,2024,27139,148,12005,DC,3,90,0,0,0,0.0,0.6268799304962158,0.6268799304962158,0,0.0,0,0,0
ESP-La Liga,2425,2024-12-07 Real Betis-Barcelona,Barcelona,Pau Victor,4,2024,27139,148,10953,Sub,17,13,0,0,0,0.0,0.0,0.0,0,0.0,0,0,0
ESP-La Liga,2425,2024-12-07 Real Betis-Barcelona,Barcelona,Pedri,4,2024,27139,148,8935,MC,9,77,0,0,0,0.0,0.8988575339317322,0.8988575339317322,0,0.0,0,0,0
ESP-La Liga,2425,2024-12-07 Real Betis-Barcelona,Barcelona,Raphinha,4,2024,27139,148,8026,FWL,16,63,0,0,1,0.0668526142835617,0.37669137120246887,0.0,0,0.30983874201774597,2,0,0
ESP-La Liga,2425,2024-12-07 Real Betis-Barcelona,Barcelona,Robert Lewandowski,4,2024,27139,148,227,FW,15,77,1,0,2,0.668463945388794,0.668463945388794,0.0,0,0.0,0,0,0
ESP-La Liga,2425,2024-12-07 Real Betis-Barcelona,Barcelona,Álex Balde,4,2024,27139,148,9805,DL,4,90,0,0,0,0.0,0.6268799304962158,0.6089249849319458,0,0.01795492321252823,1,0,0
ESP-La Liga,2425,2024-12-07 Real Betis-Barcelona,Real Betis,Abdessamad Ezzalzouli,4,2024,27139,153,10095,AML,13,89,0,0,3,0.8197687268257141,0.7205197811126709,0.02685445174574852,0,0.09839674830436707,2,0,0
ESP-La Liga,2425,2024-12-07 Real Betis-Barcelona,Real Betis,Aitor Ruibal,4,2024,27139,153,6427,Sub,17,15,0,0,0,0.0,0.07012291997671127,0.0,1,0.07012291997671127,1,0,0
ESP-La Liga,2425,2024-12-07 Real Betis-Barcelona,Real Betis,Assane Diao,4,2024,27139,153,12081,Sub,17,10,1,0,1,0.07012291997671127,0.10957004874944687,0.0,0,0.0394471250474453,1,0,0
ESP-La Liga,2425,2024-12-07 Real Betis-Barcelona,Real Betis,Diego Llorente,4,2024,27139,153,2163,DC,3,90,0,0,1,0.05508868396282196,0.7906426787376404,0.7906426787376404,0,0.0,0,0,0
ESP-La Liga,2425,2024-12-07 Real Betis-Barcelona,Real Betis,Ezequiel Ávila,4,2024,27139,153,6955,AMR,11,90,0,0,2,0.11098942905664444,0.0394471250474453,0.0,0,0.05508868396282196,1,0,0
ESP-La Liga,2425,2024-12-07 Real Betis-Barcelona,Real Betis,Francisco Vieites,4,2024,27139,153,6643,GK,1,90,0,0,0,0.0,0.0,0.0,0,0.0,0,0,0
ESP-La Liga,2425,2024-12-07 Real Betis-Barcelona,Real Betis,Giovani Lo Celso,4,2024,27139,153,5681,AMC,12,90,1,0,2,0.7616631984710693,0.3428032398223877,0.02685445174574852,0,0.29756319522857666,1,0,0
ESP-La Liga,2425,2024-12-07 Real Betis-Barcelona,Real Betis,Isco,4,2024,27139,153,2255,Sub,17,11,0,0,0,0.0,0.0,0.0,0,0.0,0,0,0
ESP-La Liga,2425,2024-12-07 Real Betis-Barcelona,Real Betis,Jesús Rodriguez,4,2024,27139,153,13059,Sub,17,1,0,0,0,0.0,0.0,0.0,0,0.0,0,0,0
ESP-La Liga,2425,2024-12-07 Real Betis-Barcelona,Real Betis,Marc Bartra,4,2024,27139,153,2453,DC,3,90,0,0,1,0.01389448344707489,0.02685445174574852,0.02685445174574852,0,0.0,0,0,0
ESP-La Liga,2425,2024-12-07 Real Betis-Barcelona,Real Betis,Mateo Flores,4,2024,27139,153,13111,DMC,7,79,0,0,0,0.0,0.02685445174574852,0.02685445174574852,0,0.0,0,1,0
ESP-La Liga,2425,2024-12-07 Real Betis-Barcelona,Real Betis,Romain Perraud,4,2024,27139,153,6500,DL,4,75,0,0,0,0.0,0.42295655608177185,0.02685445174574852,0,0.39610210061073303,1,0,0
ESP-La Liga,2425,2024-12-07 Real Betis-Barcelona,Real Betis,Sergi Altimira,4,2024,27139,153,11953,DMC,7,90,0,0,1,0.9041929841041565,0.045240044593811035,0.02685445174574852,0,0.14448899030685425,2,0,0
ESP-La Liga,2425,2024-12-07 Real Betis-Barcelona,Real Betis,Vitor Roque,4,2024,27139,153,12302,FW,15,80,0,0,1,0.02685445174574852,0.02685445174574852,0.0,0,0.0,0,0,0
ESP-La Liga,2425,2024-12-07 Real Betis-Barcelona,Real Betis,Youssouf Sabaly,4,2024,27139,153,3399,DR,2,90,0,0,0,0.0,0.0,0.0,0,0.0,0,0,0
ESP-La Liga,2425,2024-12-15 Barcelona-Leganes,Barcelona,Dani Olmo,4,2024,27143,148,8292,AMC,12,71,0,0,2,0.07472507655620575,0.2523460388183594,0.0,0,0.17762096226215363,2,0,0
ESP-La Liga,2425,2024-12-15 Barcelona-Leganes,Barcelona,Eric Garcia,4,2024,27143,148,8045,DC,3,79,0,0,0,0.0,0.15015804767608643,0.15015804767608643,0,0.0,0,0,0
ESP-La Liga,2425,2024-12-15 Barcelona-Leganes,Barcelona,Fermín López,4,2024,27143,148,11822,Sub,17,19,0,0,2,0.06529881060123444,0.06529881060123444,0.0,0,0.0,0,0,0
ESP-La Liga,2425,2024-12-15 Barcelona-Leganes,Barcelona,Ferrán Torres,4,2024,27143,148,6441,Sub,17,19,0,0,0,0.0,0.35232022404670715,0.0,0,0.35232022404670715,1,0,0
ESP-La Liga,2425,2024-12-15 Barcelona-Leganes,Barcelona,Gavi,4,2024,27143,148,9804,Sub,17,10,0,0,0,0.0,0.05139133334159851,0.05139133334159851,0,0.0,0,0,0
ESP-La Liga,2425,2024-12-15 Barcelona-Leganes,Barcelona,Iñaki Peña,4,2024,27143,148,7287,GK,1,90,0,0,0,0.0,0.33463239669799805,0.33463239669799805,0,0.0,0,0,0
ESP-La Liga,2425,2024-12-15 Barcelona-Leganes,Barcelona,Iñigo Martínez,4,2024,27143,148,2484,DC,3,90,0,0,0,0.0,0.5778781175613403,0.5778781175613403,0,0.0,0,0,0
ESP-La Liga,2425,2024-12-15 Barcelona-Leganes,Barcelona,Jules Koundé,4,2024,27143,148,6433,DR,2,90,0,0,2,0.43123239278793335,0.7998663783073425,0.23457814753055573,0,0.21847595274448395,5,0,0
ESP-La Liga,2425,2024-12-15 Barcelona-Leganes,Barcelona,Lamine Yamal,4,2024,27143,148,11527,AMR,11,80,0,0,3,0.11786585301160812,0.2590063512325287,0.16543418169021606,0,0.0,0,0,0
ESP-La Liga,2425,2024-12-15 Barcelona-Leganes,Barcelona,Marc Casadó,4,2024,27143,148,11151,DMC,7,85,0,0,0,0.0,0.6053988933563232,0.6053988933563232,0,0.0,0,0,0
ESP-La Liga,2425,2024-12-15 Barcelona-Leganes,Barcelona,Pau Cubarsí,4,2024,27143,148,12005,Sub,17,11,0,0,0,0.0,0.35232022404670715,0.35232022404670715,0,0.0,0,0,0
ESP-La Liga,2425,2024-12-15 Barcelona-Leganes,Barcelona,Pau Victor,4,2024,27143,148,10953,Sub,17,5,0,0,1,0.05139133334159851,0.09037778526544571,0.0,0,0.0389864519238472,1,0,0
ESP-La Liga,2425,2024-12-15 Barcelona-Leganes,Barcelona,Pedri,4,2024,27143,148,8935,DMC,7,90,0,0,0,0.0,1.1475186347961426,0.8866640329360962,0,0.2608546018600464,2,0,0
ESP-La Liga,2425,2024-12-15 Barcelona-Leganes,Barcelona,Raphinha,4,2024,27143,148,8026,AML,13,90,0,0,4,0.2443731278181076,1.7101049423217773,0.77948397397995,0,0.8982475996017456,5,0,0
ESP-La Liga,2425,2024-12-15 Barcelona-Leganes,Barcelona,Robert Lewandowski,4,2024,27143,148,227,FW,15,71,0,0,6,1.181085228919983,1.181085228919983,0.0,0,0.034872427582740784,1,0,0
ESP-La Liga,2425,2024-12-15 Barcelona-Leganes,Barcelona,Álex Balde,4,2024,27143,148,9805,DL,4,90,0,0,0,0.0,0.6818193197250366,0.6818193197250366,0,0.07175928354263306,1,0,0
ESP-La Liga,2425,2024-12-15 Barcelona-Leganes,Leganes,Adrià Alti,4,2024,27143,159,11834,DR,2,90,0,0,1,0.012285283766686916,0.030007582157850266,0.030007582157850266,0,0.0,0,0,0
ESP-La Liga,2425,2024-12-15 Barcelona-Leganes,Leganes,Darko Brasanac,4,2024,27143,159,5037,Sub,17,44,0,0,0,0.0,0.0,0.0,0,0.0,0,0,0
ESP-La Liga,2425,2024-12-15 Barcelona-Leganes,Leganes,Diego García,4,2024,27143,159,12794,Sub,17,27,0,0,1,0.056899264454841614,0.1608908325433731,0.030007582157850266,0,0.07398398220539093,1,0,0
ESP-La Liga,2425,2024-12-15 Barcelona-Leganes,Leganes,Javi Hernández,4,2024,27143,159,8422,DL,4,90,0,0,0,0.0,0.030007582157850266,0.0,0,0.030007582157850266,1,1,0
ESP-La Liga,2425,2024-12-15 Barcelona-Leganes,Leganes,Jorge Sáenz,4,2024,27143,159,7828,DC,3,90,0,0,0,0.0,0.056899264454841614,0.056899264454841614,0,0.0,0,0,0
ESP-La Liga,2425,2024-12-15 Barcelona-Leganes,Leganes,Marko Dmitrovic,4,2024,27143,159,6224,GK,1,90,0,0,0,0.0,0.297568142414093,0.297568142414093,0,0.0,0,0,0
ESP-La Liga,2425,2024-12-15 Barcelona-Leganes,Leganes,Matija Nastasic,4,2024,27143,159,451,Sub,17,26,0,0,0,0.0,0.0,0.0,0,0.0,0,0,0
ESP-La Liga,2425,2024-12-15 Barcelona-Leganes,Leganes,Miguel De la Fuente,4,2024,27143,159,6924,FW,15,63,0,0,0,0.0,0.297568142414093,0.297568142414093,0,0.0,0,0,0
ESP-La Liga,2425,2024-12-15 Barcelona-Leganes,Leganes,Munir,4,2024,27143,159,2106,MR,8,64,0,0,1,0.297568142414093,0.297568142414093,0.0,0,0.0,0,0,0
ESP-La Liga,2425,2024-12-15 Barcelona-Leganes,Leganes,Raba,4,2024,27143,159,5199,Sub,17,3,0,0,1,0.07398398220539093,0.13088324666023254,0.0,0,0.056899264454841614,1,0,0
ESP-La Liga,2425,2024-12-15 Barcelona-Leganes,Leganes,Renato Tapia,4,2024,27143,159,8710,DC,3,46,0,0,0,0.0,0.297568142414093,0.297568142414093,0,0.0,0,0,0
ESP-La Liga,2425,2024-12-15 Barcelona-Leganes,Leganes,Sergio González,4,2024,27143,159,12791,DC,3,90,1,0,1,0.3016161620616913,0.0,0.0,0,0.0,0,0,0
ESP-La Liga,2425,2024-12-15 Barcelona-Leganes,Leganes,Seydouba Cissé,4,2024,27143,159,12792,MC,9,87,0,0,0,0.0,0.0,0.0,0,0.0,0,1,0
ESP-La Liga,2425,2024-12-15 Barcelona-Leganes,Leganes,Yvan Neyou,4,2024,27143,159,8689,MC,9,90,0,0,1,0.030007582157850266,0.1608908325433731,0.13088324666023254,0,0.0,0,0,0
ESP-La Liga,2425,2024-12-15 Barcelona-Leganes,Leganes,Óscar Rodríguez,4,2024,27143,159,6570,ML,10,90,0,0,0,0.0,0.3275757431983948,0.030007582157850266,1,0.5991843342781067,2,0,0
ESP-La Liga,2425,2024-12-21 Barcelona-Atletico Madrid,Atletico Madrid,Alexander Sørloth,4,2024,27160,143,6531,Sub,17,16,1,0,1,0.3771040141582489,0.3771040141582489,0.0,0,0.0,0,0,0
ESP-La Liga,2425,2024-12-21 Barcelona-Atletico Madrid,Atletico Madrid,Antoine Griezmann,4,2024,27160,143,2270,FW,15,74,0,0,0,0.0,0.0,0.0,0,0.0,0,0,0
ESP-La Liga,2425,2024-12-21 Barcelona-Atletico Madrid,Atletico Madrid,Axel Witsel,4,2024,27160,143,3059,Sub,17,37,0,0,0,0.0,0.0,0.0,0,0.0,0,1,0
ESP-La Liga,2425,2024-12-21 Barcelona-Atletico Madrid,Atletico Madrid,Clement Lenglet,4,2024,27160,143,5050,DC,3,90,0,0,1,0.016030050814151764,0.3771040141582489,0.3771040141582489,0,0.0,0,0,0
ESP-La Liga,2425,2024-12-21 Barcelona-Atletico Madrid,Atletico Madrid,Conor Gallagher,4,2024,27160,143,9040,ML,10,63,0,0,0,0.0,0.0,0.0,0,0.0,0,0,0
ESP-La Liga,2425,2024-12-21 Barcelona-Atletico Madrid,Atletico Madrid,Giménez,4,2024,27160,143,2278,DC,3,53,0,0,0,0.0,0.0,0.0,0,0.0,0,0,0
ESP-La Liga,2425,2024-12-21 Barcelona-Atletico Madrid,Atletico Madrid,Giuliano Simeone,4,2024,27160,143,9796,MR,8,63,0,0,0,0.0,0.0,0.0,0,0.0,0,0,0
ESP-La Liga,2425,2024-12-21 Barcelona-Atletico Madrid,Atletico Madrid,Jan Oblak,4,2024,27160,143,2261,GK,1,90,0,0,0,0.0,0.0,0.0,0,0.0,0,0,0
ESP-La Liga,2425,2024-12-21 Barcelona-Atletico Madrid,Atletico Madrid,Javi Galán,4,2024,27160,143,7385,DL,4,90,0,0,0,0.0,0.0,0.0,0,0.0,0,0,0
ESP-La Liga,2425,2024-12-21 Barcelona-Atletico Madrid,Atletico Madrid,Julián Álvarez,4,2024,27160,143,10846,FW,15,90,0,0,1,0.007436586078256369,0.6599375009536743,0.3771040141582489,0,0.2753969430923462,1,0,0
ESP-La Liga,2425,2024-12-21 Barcelona-Atletico Madrid,Atletico Madrid,Koke,4,2024,27160,143,2269,Sub,17,27,0,0,0,0.0,0.0,0.0,0,0.0,0,0,0
ESP-La Liga,2425,2024-12-21 Barcelona-Atletico Madrid,Atletico Madrid,Marcos Llorente,4,2024,27160,143,2518,DR,2,74,0,0,0,0.0,0.0,0.0,0,0.0,0,0,0
ESP-La Liga,2425,2024-12-21 Barcelona-Atletico Madrid,Atletico Madrid,Nahuel Molina,4,2024,27160,143,8963,Sub,17,27,0,0,0,0.0,0.3771040141582489,0.0,1,0.3771040141582489,1,0,0
ESP-La Liga,2425,2024-12-21 Barcelona-Atletico Madrid,Atletico Madrid,Pablo Barrios Rivas,4,2024,27160,143,10494,MC,9,90,0,0,1,0.2753969430923462,0.2753969430923462,0.0,0,0.0,0,0,0
ESP-La Liga,2425,2024-12-21 Barcelona-Atletico Madrid,Atletico Madrid,Robin Le Normand,4,2024,27160,143,7276,Sub,17,16,0,0,0,0.0,0.0,0.0,0,0.0,0,1,0
ESP-La Liga,2425,2024-12-21 Barcelona-Atletico Madrid,Atletico Madrid,Rodrigo de Paul,4,2024,27160,143,1145,MC,9,90,1,0,1,0.03474806621670723,0.41185206174850464,0.3771040141582489,0,0.0,0,0,0
ESP-La Liga,2425,2024-12-21 Barcelona-Atletico Madrid,Barcelona,Dani Olmo,4,2024,27160,148,8292,Sub,17,25,0,0,1,0.06565245240926743,1.2840133905410767,1.2183609008789062,0,0.37146735191345215,1,0,0
ESP-La Liga,2425,2024-12-21 Barcelona-Atletico Madrid,Barcelona,Eric Garcia,4,2024,27160,148,8045,Sub,17,9,0,0,1,0.08579098433256149,0.37146735191345215,0.37146735191345215,0,0.0,0,0,0
ESP-La Liga,2425,2024-12-21 Barcelona-Atletico Madrid,Barcelona,Fermín López,4,2024,27160,148,11822,AML,13,65,0,0,1,0.37066587805747986,0.42332738637924194,0.036254603415727615,0,0.016406891867518425,1,0,0
ESP-La Liga,2425,2024-12-21 Barcelona-Atletico Madrid,Barcelona,Ferrán Torres,4,2024,27160,148,6441,Sub,17,25,0,0,0,0.0,0.6033554077148438,0.0,0,0.6891463994979858,2,0,0
ESP-La Liga,2425,2024-12-21 Barcelona-Atletico Madrid,Barcelona,Gavi,4,2024,27160,148,9804,AMC,12,65,0,0,1,0.27363094687461853,0.4935305118560791,0.0,1,0.4935305118560791,2,0,0
ESP-La Liga,2425,2024-12-21 Barcelona-Atletico Madrid,Barcelona,Iñaki Peña,4,2024,27160,148,7287,GK,1,90,0,0,0,0.0,0.44685912132263184,0.44685912132263184,0,0.0,0,0,0
ESP-La Liga,2425,2024-12-21 Barcelona-Atletico Madrid,Barcelona,Iñigo Martínez,4,2024,27160,148,2484,DC,3,90,0,0,2,0.048672910779714584,0.48936790227890015,0.48936790227890015,0,0.0,0,0,0
ESP-La Liga,2425,2024-12-21 Barcelona-Atletico Madrid,Barcelona,Jules Koundé,4,2024,27160,148,6433,DR,2,90,0,0,0,0.0,0.8841264843940735,0.8478718996047974,0,0.036254603415727615,1,0,0
ESP-La Liga,2425,2024-12-21 Barcelona-Atletico Madrid,Barcelona,Marc Casadó,4,2024,27160,148,11151,DMC,7,81,0,0,0,0.0,0.6197623014450073,0.6197623014450073,0,0.0,0,0,0
ESP-La Liga,2425,2024-12-21 Barcelona-Atletico Madrid,Barcelona,Pau Cubarsí,4,2024,27160,148,12005,DC,3,90,0,0,0,0.0,0.4664043188095093,0.4664043188095093,0,0.0,0,0,0
ESP-La Liga,2425,2024-12-21 Barcelona-Atletico Madrid,Barcelona,Pedri,4,2024,27160,148,8935,DMC,7,90,1,0,3,0.8515694737434387,2.595289945602417,0.6364025473594666,0,1.1073180437088013,4,0,0
ESP-La Liga,2425,2024-12-21 Barcelona-Atletico Madrid,Barcelona,Raphinha,4,2024,27160,148,8026,AMR,11,90,0,0,5,0.8103497624397278,2.3128035068511963,1.5024538040161133,0,0.3223038613796234,4,0,0
ESP-La Liga,2425,2024-12-21 Barcelona-Atletico Madrid,Barcelona,Robert Lewandowski,4,2024,27160,148,227,FW,15,90,0,0,5,0.9360470175743103,0.8523525595664978,0.0,0,0.01664021797478199,1,0,0
ESP-La Liga,2425,2024-12-21 Barcelona-Atletico Madrid,Barcelona,Álex Balde,4,2024,27160,148,9805,DL,4,90,0,0,0,0.0,1.4706249237060547,1.4049724340438843,0,0.06565245240926743,1,0,0
ESP-La Liga,2425,2025-01-18 Getafe-Barcelona,Barcelona,Dani Olmo,4,2024,27177,148,8292,Sub,17,26,0,0,0,0.0,0.053902603685855865,0.029111716896295547,0,0.02479088492691517,1,0,0
ESP-La Liga,2425,2025-01-18 Getafe-Barcelona,Barcelona,Ferrán Torres,4,2024,27177,148,6441,Sub,17,7,0,0,0,0.0,0.32564273476600647,0.32564273476600647,0,0.0,0,0,0
ESP-La Liga,2425,2025-01-18 Getafe-Barcelona,Barcelona,Frenkie de Jong,4,2024,27177,148,7781,Sub,17,42,0,0,1,0.029111716896295547,0.11629193276166916,0.08718021214008331,0,0.02352227084338665,1,0,0
ESP-La Liga,2425,2025-01-18 Getafe-Barcelona,Barcelona,Gavi,4,2024,27177,148,9804,AMC,12,64,0,0,1,0.10187242180109024,0.47450992465019226,0.3726375102996826,0,0.0,0,0,0
ESP-La Liga,2425,2025-01-18 Getafe-Barcelona,Barcelona,Iñaki Peña,4,2024,27177,148,7287,GK,1,90,0,0,0,0.0,0.03886706009507179,0.03886706009507179,0,0.0,0,0,0
ESP-La Liga,2425,2025-01-18 Getafe-Barcelona,Barcelona,Jules Koundé,4,2024,27177,148,6433,DR,2,90,1,0,3,1.6532585620880127,2.050686836242676,0.4699031710624695,0,0.39812105894088745,2,0,0
ESP-La Liga,2425,2025-01-18 Getafe-Barcelona,Barcelona,Lamine Yamal,4,2024,27177,148,11527,AMR,11,90,0,0,7,0.2691105008125305,0.9278184175491333,0.6982802748680115,0,0.32564273476600647,1,0,0
ESP-La Liga,2425,2025-01-18 Getafe-Barcelona,Barcelona,Marc Casadó,4,2024,27177,148,11151,DMC,7,48,0,0,0,0.0,0.47450992465019226,0.47450992465019226,0,0.0,0,0,0
ESP-La Liga,2425,2025-01-18 Getafe-Barcelona,Barcelona,Pau Cubarsí,4,2024,27177,148,12005,DC,3,90,0,0,0,0.0,1.336766004562378,1.336766004562378,0,0.03886706009507179,1,0,0
ESP-La Liga,2425,2025-01-18 Getafe-Barcelona,Barcelona,Pedri,4,2024,27177,148,8935,DMC,7,90,0,0,0,0.0,0.6500852108001709,0.175861194729805,0,0.4742240011692047,2,0,0
ESP-La Liga,2425,2025-01-18 Getafe-Barcelona,Barcelona,Raphinha,4,2024,27177,148,8026,AML,13,90,0,0,5,0.8424780964851379,0.7612857818603516,0.0,0,0.0,0,1,0
ESP-La Liga,2425,2025-01-18 Getafe-Barcelona,Barcelona,Robert Lewandowski,4,2024,27177,148,227,FW,15,83,0,0,2,0.5535219311714172,0.6903374195098877,0.5469847321510315,0,0.14335273206233978,1,0,0
ESP-La Liga,2425,2025-01-18 Getafe-Barcelona,Barcelona,Ronald Araújo,4,2024,27177,148,8091,DC,3,90,0,0,0,0.0,1.2070504426956177,1.2070504426956177,0,0.0,0,0,0
ESP-La Liga,2425,2025-01-18 Getafe-Barcelona,Barcelona,Álex Balde,4,2024,27177,148,9805,DL,4,90,0,0,2,0.054475974291563034,1.354219913482666,1.3132437467575073,0,0.5419798493385315,2,1,0
ESP-La Liga,2425,2025-01-18 Getafe-Barcelona,Getafe,Alvaro Rodríguez,4,2024,27177,142,11186,Sub,17,22,0,0,0,0.0,0.09659657627344131,0.09659657627344131,0,0.0,0,0,0
ESP-La Liga,2425,2025-01-18 Getafe-Barcelona,Getafe,Carles Aleñá,4,2024,27177,142,5058,MR,8,68,0,0,0,0.0,0.05665518343448639,0.0,0,0.05665518343448639,1,0,0
ESP-La Liga,2425,2025-01-18 Getafe-Barcelona,Getafe,Carles Pérez,4,2024,27177,142,7609,Sub,17,22,0,0,0,0.0,0.09659657627344131,0.0,0,0.09659657627344131,1,0,0
ESP-La Liga,2425,2025-01-18 Getafe-Barcelona,Getafe,Christantus Uche,4,2024,27177,142,12726,FW,15,90,0,0,3,0.10613352060317993,0.39797496795654297,0.2059272676706314,0,0.08591419458389282,1,0,0
ESP-La Liga,2425,2025-01-18 Getafe-Barcelona,Getafe,Coba da Costa,4,2024,27177,142,13047,ML,10,90,0,0,2,0.1425693780183792,0.23916596174240112,0.09659657627344131,0,0.0,0,0,0
ESP-La Liga,2425,2025-01-18 Getafe-Barcelona,Getafe,David Soria,4,2024,27177,142,2415,GK,1,90,0,0,0,0.0,0.24307548999786377,0.24307548999786377,0,0.0,0,0,0
ESP-La Liga,2425,2025-01-18 Getafe-Barcelona,Getafe,Diego Rico,4,2024,27177,142,5065,DL,4,90,0,0,1,0.0062295543029904366,0.2980709969997406,0.29184144735336304,0,0.0,0,0,0
ESP-La Liga,2425,2025-01-18 Getafe-Barcelona,Getafe,Djené Dakonam,4,2024,27177,142,6151,DMC,7,90,0,0,1,0.09659657627344131,0.29184144735336304,0.08591419458389282,0,0.1093306839466095,1,1,0
ESP-La Liga,2425,2025-01-18 Getafe-Barcelona,Getafe,Domingos Duarte,4,2024,27177,142,7860,DC,3,90,0,0,0,0.0,0.1093306839466095,0.1093306839466095,0,0.0,0,0,0
ESP-La Liga,2425,2025-01-18 Getafe-Barcelona,Getafe,Ismael Bekhoucha,4,2024,27177,142,13334,Sub,17,1,0,0,0,0.0,0.0,0.0,0,0.0,0,1,0
ESP-La Liga,2425,2025-01-18 Getafe-Barcelona,Getafe,Jesús Santiago,4,2024,27177,142,10561,Sub,17,17,0,0,0,0.0,0.0,0.0,0,0.0,0,1,0
ESP-La Liga,2425,2025-01-18 Getafe-Barcelona,Getafe,Juan Iglesias,4,2024,27177,142,9218,DR,2,90,0,0,0,0.0,0.1093306839466095,0.1093306839466095,0,0.0,0,0,0
ESP-La Liga,2425,2025-01-18 Getafe-Barcelona,Getafe,Luis Milla,4,2024,27177,142,8725,MC,9,90,0,0,0,0.0,0.1093306839466095,0.1093306839466095,0,0.044801004230976105,1,0,0
ESP-La Liga,2425,2025-01-18 Getafe-Barcelona,Getafe,Mauro Arambarri,4,2024,27177,142,3264,MC,9,51,1,0,3,0.8575281500816345,0.8127270936965942,0.0,0,0.0,0,0,0
ESP-La Liga,2425,2025-01-18 Getafe-Barcelona,Getafe,Omar Alderete,4,2024,27177,142,8986,DC,3,90,0,0,0,0.0,0.19524487853050232,0.19524487853050232,0,0.0,0,0,0
ESP-La Liga,2425,2025-01-26 Barcelona-Valencia,Barcelona,Eric Garcia,4,2024,27184,148,8045,DC,3,90,0,0,1,0.08407025784254074,1.9484511613845825,1.9484511613845825,0,0.0,0,0,0
ESP-La Liga,2425,2025-01-26 Barcelona-Valencia,Barcelona,Fermín López,4,2024,27184,148,11822,AMC,12,90,2,0,2,0.7943970561027527,3.7858192920684814,2.478174924850464,2,0.602210283279419,3,0,0
ESP-La Liga,2425,2025-01-26 Barcelona-Valencia,Barcelona,Ferrán Torres,4,2024,27184,148,6441,FW,15,90,1,0,6,1.9092450141906738,2.5506765842437744,0.6414315104484558,0,0.0,0,0,0
ESP-La Liga,2425,2025-01-26 Barcelona-Valencia,Barcelona,Frenkie de Jong,4,2024,27184,148,7781,DMC,7,82,1,0,1,0.3728076219558716,1.5223904848098755,1.1130536794662476,0,0.03652910515666008,1,0,0
ESP-La Liga,2425,2025-01-26 Barcelona-Valencia,Barcelona,Gerard Martín,4,2024,27184,148,12821,Sub,17,26,0,0,0,0.0,0.6663345098495483,0.6440157294273376,0,0.10242908447980881,2,0,0
ESP-La Liga,2425,2025-01-26 Barcelona-Valencia,Barcelona,Hector Fort,4,2024,27184,148,12171,Sub,17,15,0,0,0,0.0,0.5773715972900391,0.5773715972900391,0,0.0,0,0,0
ESP-La Liga,2425,2025-01-26 Barcelona-Valencia,Barcelona,Jules Koundé,4,2024,27184,148,6433,DR,2,75,0,0,0,0.0,1.6561617851257324,1.168053150177002,0,0.5077959895133972,2,0,0
ESP-La Liga,2425,2025-01-26 Barcelona-Valencia,Barcelona,Lamine Yamal,4,2024,27184,148,11527,AMR,11,75,0,0,3,0.1067085862159729,1.9291975498199463,1.437958002090454,1,0.8086367845535278,2,0,0
ESP-La Liga,2425,2025-01-26 Barcelona-Valencia,Barcelona,Marc Casadó,4,2024,27184,148,11151,DMC,7,90,0,0,2,0.05621647834777832,2.1508877277374268,2.11435866355896,0,0.09119131416082382,1,0,0
ESP-La Liga,2425,2025-01-26 Barcelona-Valencia,Barcelona,Pablo Torre,4,2024,27184,148,11025,Sub,17,8,0,0,1,0.022318780422210693,0.10242908447980881,0.10242908447980881,0,0.0,0,0,0
ESP-La Liga,2425,2025-01-26 Barcelona-Valencia,Barcelona,Pau Cubarsí,4,2024,27184,148,12005,DC,3,90,0,0,0,0.0,2.801270008087158,2.801270008087158,1,0.4448206424713135,1,0,0
ESP-La Liga,2425,2025-01-26 Barcelona-Valencia,Barcelona,Pau Victor,4,2024,27184,148,10953,Sub,17,15,0,0,0,0.0,0.5550528168678284,0.17130161821842194,0,0.3837512135505676,1,0,0
ESP-La Liga,2425,2025-01-26 Barcelona-Valencia,Barcelona,Raphinha,4,2024,27184,148,8026,AML,13,64,1,0,3,0.9506757855415344,2.619283437728882,1.2104926109313965,0,0.5684049129486084,3,0,0
ESP-La Liga,2425,2025-01-26 Barcelona-Valencia,Barcelona,Robert Lewandowski,4,2024,27184,148,227,Sub,17,26,1,0,2,0.169073224067688,0.2602645456790924,0.09119131416082382,0,0.0,0,0,0
ESP-La Liga,2425,2025-01-26 Barcelona-Valencia,Barcelona,Wojciech Szczesny,4,2024,27184,148,1244,GK,1,90,0,0,0,0.0,1.9095392227172852,1.9095392227172852,0,0.0,0,0,0
ESP-La Liga,2425,2025-01-26 Barcelona-Valencia,Barcelona,Álex Balde,4,2024,27184,148,9805,DL,4,64,0,0,1,0.04826749116182327,2.357208013534546,2.2519307136535645,1,0.5450884699821472,3,0,0
ESP-La Liga,2425,2025-01-26 Barcelona-Valencia,Valencia,André Almeida,4,2024,27184,146,11057,FW,15,64,0,0,2,0.12065934389829636,0.24144528806209564,0.12078593671321869,0,0.0,0,0,0
ESP-La Liga,2425,2025-01-26 Barcelona-Valencia,Valencia,César Tárrega,4,2024,27184,146,10107,DC,3,90,0,1,0,0.0,0.0,0.0,0,0.0,0,0,0
ESP-La Liga,2425,2025-01-26 Barcelona-Valencia,Valencia,Diego López,4,2024,27184,146,9694,MR,8,64,0,0,1,0.12078593671321869,0.12078593671321869,0.0,1,0.37245526909828186,1,0,0
ESP-La Liga,2425,2025-01-26 Barcelona-Valencia,Valencia,Dimitri Foulquier,4,2024,27184,146,2509,DR,2,87,0,0,0,0.0,0.0,0.0,0,0.0,0,0,0
ESP-La Liga,2425,2025-01-26 Barcelona-Valencia,Valencia,Fran Pérez,4,2024,27184,146,10944,Sub,17,26,0,0,0,0.0,0.0,0.0,0,0.6180559992790222,1,0,0
ESP-La Liga,2425,2025-01-26 Barcelona-Valencia,Valencia,Giorgi Mamardashvili,4,2024,27184,146,9693,GK,1,90,0,0,0,0.0,0.07155713438987732,0.07155713438987732,0,0.0,0,0,0
ESP-La Liga,2425,2025-01-26 Barcelona-Valencia,Valencia,Hugo Duro,4,2024,27184,146,6637,FW,15,90,1,0,1,0.37245526909828186,0.37245526909828186,0.0,0,0.0,0,0,0
ESP-La Liga,2425,2025-01-26 Barcelona-Valencia,Valencia,Iker Córdoba,4,2024,27184,146,13002,Sub,17,4,0,0,0,0.0,0.0,0.0,0,0.0,0,0,0
ESP-La Liga,2425,2025-01-26 Barcelona-Valencia,Valencia,Javier Guerra,4,2024,27184,146,10322,MC,9,90,0,0,0,0.0,0.12065934389829636,0.04910220950841904,0,0.07155713438987732,1,0,0
ESP-La Liga,2425,2025-01-26 Barcelona-Valencia,Valencia,Jesús Vázquez,4,2024,27184,146,9217,Sub,17,26,0,0,0,0.0,0.0,0.0,0,0.0,0,0,0
ESP-La Liga,2425,2025-01-26 Barcelona-Valencia,Valencia,José Gayá,4,2024,27184,146,2505,DL,4,64,0,0,0,0.0,0.04910220950841904,0.04910220950841904,0,0.04910220950841904,1,0,0
ESP-La Liga,2425,2025-01-26 Barcelona-Valencia,Valencia,Luis Rioja,4,2024,27184,146,7870,ML,10,90,0,0,1,0.018602726981043816,0.13938866555690765,0.0,0,0.12078593671321869,1,0,0
ESP-La Liga,2425,2025-01-26 Barcelona-Valencia,Valencia,Max Aarons,4,2024,27184,146,7688,Sub,17,26,0,0,0,0.0,0.0,0.0,0,0.0,0,0,0
ESP-La Liga,2425,2025-01-26 Barcelona-Valencia,Valencia,Mouctar Diakhaby,4,2024,27184,146,5666,Sub,17,3,0,0,0,0.0,0.0,0.0,0,0.0,0,0,0
ESP-La Liga,2425,2025-01-26 Barcelona-Valencia,Valencia,Pepelu,4,2024,27184,146,2551,MC,9,90,0,0,1,0.0527176707983017,0.04910220950841904,0.04910220950841904,0,0.0,0,1,0
ESP-La Liga,2425,2025-01-26 Barcelona-Valencia,Valencia,Yarek Gasiorowski,4,2024,27184,146,12139,DC,3,86,0,0,1,0.6180559992790222,0.0,0.0,0,0.0,0,0,0
ESP-La Liga,2425,2025-02-02 Barcelona-Alaves,Alaves,Ander Guevara,4,2024,27200,158,6126,DMC,7,90,0,0,0,0.0,0.0,0.0,0,0.0,0,0,0
ESP-La Liga,2425,2025-02-02 Barcelona-Alaves,Alaves,Antonio Blanco,4,2024,27200,158,9280,DMC,7,90,0,0,0,0.0,0.02727542445063591,0.02727542445063591,0,0.0,0,0,0
ESP-La Liga,2425,2025-02-02 Barcelona-Alaves,Alaves,Antonio Martínez,4,2024,27200,158,6400,Sub,17,8,0,0,2,0.09900251775979996,0.09900251775979996,0.0,0,0.0,0,0,0
ESP-La Liga,2425,2025-02-02 Barcelona-Alaves,Alaves,Asier Villalibre,4,2024,27200,158,5173,Sub,17,1,0,0,0,0.0,0.0,0.0,0,0.0,0,0,0
ESP-La Liga,2425,2025-02-02 Barcelona-Alaves,Alaves,Carlos Martín,4,2024,27200,158,10101,Sub,17,77,0,0,1,0.02727542445063591,0.02727542445063591,0.0,0,0.0,0,0,0
ESP-La Liga,2425,2025-02-02 Barcelona-Alaves,Alaves,Carlos Vicente,4,2024,27200,158,12294,AMR,11,82,0,0,0,0.0,0.0,0.0,0,0.0,0,0,0
ESP-La Liga,2425,2025-02-02 Barcelona-Alaves,Alaves,Hugo Novoa Ramos,4,2024,27200,158,9293,Sub,17,8,0,0,0,0.0,0.02727542445063591,0.02727542445063591,0,0.02727542445063591,1,0,0
ESP-La Liga,2425,2025-02-02 Barcelona-Alaves,Alaves,Jesús Owono,4,2024,27200,158,10010,GK,1,90,0,0,0,0.0,0.0,0.0,0,0.0,0,0,0
ESP-La Liga,2425,2025-02-02 Barcelona-Alaves,Alaves,Jon Guridi,4,2024,27200,158,5179,AMC,12,82,0,0,0,0.0,0.0,0.0,0,0.0,0,0,0
ESP-La Liga,2425,2025-02-02 Barcelona-Alaves,Alaves,Kike García,4,2024,27200,158,5074,FW,15,90,0,0,0,0.0,0.02727542445063591,0.02727542445063591,0,0.0,0,0,0
ESP-La Liga,2425,2025-02-02 Barcelona-Alaves,Alaves,Manuel Sánchez,4,2024,27200,158,7605,DL,4,90,0,0,0,0.0,0.0,0.0,0,0.0,0,0,0
ESP-La Liga,2425,2025-02-02 Barcelona-Alaves,Alaves,Moussa Diarra,4,2024,27200,158,7613,DC,3,90,0,0,0,0.0,0.0,0.0,0,0.0,0,0,0
ESP-La Liga,2425,2025-02-02 Barcelona-Alaves,Alaves,Nahuel Tenaglia,4,2024,27200,158,10364,DR,2,90,0,0,0,0.0,0.05080440267920494,0.05080440267920494,0,0.0,0,1,0
ESP-La Liga,2425,2025-02-02 Barcelona-Alaves,Alaves,Santiago Mouriño,4,2024,27200,158,13003,DC,3,90,0,0,0,0.0,0.05080440267920494,0.0,0,0.05080440267920494,1,0,0
ESP-La Liga,2425,2025-02-02 Barcelona-Alaves,Alaves,Tomás Conechny,4,2024,27200,158,12716,AML,13,13,0,0,0,0.0,0.0,0.0,0,0.0,0,0,0
ESP-La Liga,2425,2025-02-02 Barcelona-Alaves,Barcelona,Eric Garcia,4,2024,27200,148,8045,Sub,17,38,0,0,0,0.0,0.11743969470262527,0.11743969470262527,0,0.0,0,0,0
ESP-La Liga,2425,2025-02-02 Barcelona-Alaves,Barcelona,Fermín López,4,2024,27200,148,11822,Sub,17,77,0,0,2,0.1717262864112854,0.1717262864112854,0.0,0,0.0,0,1,0
ESP-La Liga,2425,2025-02-02 Barcelona-Alaves,Barcelona,Ferrán Torres,4,2024,27200,148,6441,Sub,17,17,0,0,1,0.031372539699077606,0.031372539699077606,0.0,0,0.0,0,0,0
ESP-La Liga,2425,2025-02-02 Barcelona-Alaves,Barcelona,Frenkie de Jong,4,2024,27200,148,7781,Sub,17,38,0,0,0,0.0,0.11743969470262527,0.08818243443965912,0,0.02925725467503071,1,0,0
ESP-La Liga,2425,2025-02-02 Barcelona-Alaves,Barcelona,Gavi,4,2024,27200,148,9804,MC,9,13,0,0,0,0.0,0.0,0.0,0,0.0,0,1,0
ESP-La Liga,2425,2025-02-02 Barcelona-Alaves,Barcelona,Gerard Martín,4,2024,27200,148,12821,Sub,17,1,0,0,0,0.0,0.0,0.0,0,0.0,0,0,0
ESP-La Liga,2425,2025-02-02 Barcelona-Alaves,Barcelona,Jules Koundé,4,2024,27200,148,6433,DR,2,90,0,0,0,0.0,0.11743969470262527,0.11743969470262527,0,0.0,0,0,0
ESP-La Liga,2425,2025-02-02 Barcelona-Alaves,Barcelona,Lamine Yamal,4,2024,27200,148,11527,FWR,14,90,0,0,2,0.055567435920238495,0.2127387970685959,0.14494696259498596,0,0.3110067844390869,3,1,0
ESP-La Liga,2425,2025-02-02 Barcelona-Alaves,Barcelona,Marc Casadó,4,2024,27200,148,11151,MC,9,52,0,0,0,0.0,0.056764520704746246,0.056764520704746246,0,0.0,0,0,0
ESP-La Liga,2425,2025-02-02 Barcelona-Alaves,Barcelona,Pau Cubarsí,4,2024,27200,148,12005,DC,3,90,0,0,0,0.0,0.15597426891326904,0.15597426891326904,0,0.0,0,0,0
ESP-La Liga,2425,2025-02-02 Barcelona-Alaves,Barcelona,Pau Victor,4,2024,27200,148,10953,Sub,17,1,0,0,0,0.0,0.0,0.0,0,0.0,0,0,0
ESP-La Liga,2425,2025-02-02 Barcelona-Alaves,Barcelona,Pedri,4,2024,27200,148,8935,MC,9,90,0,0,1,0.056764520704746246,0.20557674765586853,0.11743969470262527,0,0.05768272280693054,2,0,0
ESP-La Liga,2425,2025-02-02 Barcelona-Alaves,Barcelona,Raphinha,4,2024,27200,148,8026,FWL,16,73,0,0,1,0.038534581661224365,0.2534729540348053,0.0746299996972084,0,0.14030836522579193,2,1,0
ESP-La Liga,2425,2025-02-02 Barcelona-Alaves,Barcelona,Robert Lewandowski,4,2024,27200,148,227,FW,15,90,1,0,3,0.833381712436676,0.21957695484161377,0.14494696259498596,0,0.0,0,0,0
ESP-La Liga,2425,2025-02-02 Barcelona-Alaves,Barcelona,Ronald Araújo,4,2024,27200,148,8091,DC,3,52,0,0,0,0.0,0.038534581661224365,0.038534581661224365,0,0.0,0,1,0
ESP-La Liga,2425,2025-02-02 Barcelona-Alaves,Barcelona,Wojciech Szczesny,4,2024,27200,148,1244,GK,1,90,0,0,0,0.0,0.0,0.0,0,0.0,0,0,0
ESP-La Liga,2425,2025-02-02 Barcelona-Alaves,Barcelona,Álex Balde,4,2024,27200,148,9805,DL,4,89,0,0,1,0.013024394400417805,0.17420421540737152,0.17420421540737152,0,0.0,0,0,0
ESP-La Liga,2425,2025-02-09 Sevilla-Barcelona,Barcelona,Dani Olmo,4,2024,27206,148,8292,Sub,17,15,0,0,0,0.0,0.0,0.0,0,0.0,0,0,0
ESP-La Liga,2425,2025-02-09 Sevilla-Barcelona,Barcelona,Eric Garcia,4,2024,27206,148,8045,Sub,17,15,1,0,1,0.5237098932266235,0.0,0.0,0,0.0,0,1,0
ESP-La Liga,2425,2025-02-09 Sevilla-Barcelona,Barcelona,Fermín López,4,2024,27206,148,11822,Sub,17,16,1,0,1,0.48427632451057434,0.521393358707428,0.03711702302098274,0,0.0,0,0,1
ESP-La Liga,2425,2025-02-09 Sevilla-Barcelona,Barcelona,Frenkie de Jong,4,2024,27206,148,7781,DMC,7,75,0,0,0,0.0,0.22840338945388794,0.22840338945388794,0,0.0,0,0,0
ESP-La Liga,2425,2025-02-09 Sevilla-Barcelona,Barcelona,Gavi,4,2024,27206,148,9804,AMC,12,50,0,0,0,0.0,0.02625093422830105,0.0,0,0.02625093422830105,1,1,0
ESP-La Liga,2425,2025-02-09 Sevilla-Barcelona,Barcelona,Gerard Martín,4,2024,27206,148,12821,Sub,17,1,0,0,0,0.0,0.0,0.0,0,0.0,0,0,0
ESP-La Liga,2425,2025-02-09 Sevilla-Barcelona,Barcelona,Iñigo Martínez,4,2024,27206,148,2484,DC,3,90,0,0,0,0.0,0.7389306426048279,0.7389306426048279,1,0.6058962941169739,1,0,0
ESP-La Liga,2425,2025-02-09 Sevilla-Barcelona,Barcelona,Jules Koundé,4,2024,27206,148,6433,DR,2,90,0,0,1,0.06577315181493759,0.7126796841621399,0.7126796841621399,0,0.0,0,0,0
ESP-La Liga,2425,2025-02-09 Sevilla-Barcelona,Barcelona,Lamine Yamal,4,2024,27206,148,11527,AMR,11,90,0,0,4,0.18896670639514923,0.29185688495635986,0.10289017856121063,0,0.06577315181493759,1,0,0
ESP-La Liga,2425,2025-02-09 Sevilla-Barcelona,Barcelona,Pau Cubarsí,4,2024,27206,148,12005,Sub,17,69,0,0,0,0.0,0.5412634611129761,0.5412634611129761,1,0.03711702302098274,1,0,0
ESP-La Liga,2425,2025-02-09 Sevilla-Barcelona,Barcelona,Pedri,4,2024,27206,148,8935,DMC,7,90,0,0,0,0.0,0.710360050201416,0.10645440965890884,1,0.6732430458068848,5,0,0
ESP-La Liga,2425,2025-02-09 Sevilla-Barcelona,Barcelona,Raphinha,4,2024,27206,148,8026,AML,13,90,1,0,2,0.06336795538663864,0.6134174466133118,0.5871664881706238,0,0.0,0,0,0
ESP-La Liga,2425,2025-02-09 Sevilla-Barcelona,Barcelona,Robert Lewandowski,4,2024,27206,148,227,FW,15,75,1,0,1,0.6058962941169739,0.0,0.0,0,0.0,0,0,0
ESP-La Liga,2425,2025-02-09 Sevilla-Barcelona,Barcelona,Ronald Araújo,4,2024,27206,148,8091,DC,3,21,0,0,0,0.0,0.056175824254751205,0.056175824254751205,0,0.0,0,0,0
ESP-La Liga,2425,2025-02-09 Sevilla-Barcelona,Barcelona,Wojciech Szczesny,4,2024,27206,148,1244,GK,1,90,0,0,0,0.0,0.08658428490161896,0.08658428490161896,0,0.0,0,0,0
ESP-La Liga,2425,2025-02-09 Sevilla-Barcelona,Barcelona,Álex Balde,4,2024,27206,148,9805,DL,4,90,0,0,0,0.0,0.7126796841621399,0.7126796841621399,0,0.0,0,0,0
ESP-La Liga,2425,2025-02-09 Sevilla-Barcelona,Sevilla,Adrià Pedrosa,4,2024,27206,138,7174,DL,4,90,0,0,0,0.0,0.0,0.0,0,0.0,0,0,0
ESP-La Liga,2425,2025-02-09 Sevilla-Barcelona,Sevilla,Chidera Ejuke,4,2024,27206,138,8694,Sub,17,23,0,0,0,0.0,0.0,0.0,0,0.0,0,0,0
ESP-La Liga,2425,2025-02-09 Sevilla-Barcelona,Sevilla,Djibril Sow,4,2024,27206,138,2624,DMC,7,67,0,0,0,0.0,0.05250174179673195,0.05250174179673195,0,0.0,0,0,0
ESP-La Liga,2425,2025-02-09 Sevilla-Barcelona,Sevilla,Dodi Lukebakio,4,2024,27206,138,5706,AMR,11,90,0,0,1,0.09220992773771286,0.6667582392692566,0.5524895787239075,0,0.022058745846152306,1,0,0
ESP-La Liga,2425,2025-02-09 Sevilla-Barcelona,Sevilla,Isaac Romero,4,2024,27206,138,12305,FW,15,90,0,0,0,0.0,0.5949447154998779,0.5424429774284363,0,0.05250174179673195,1,1,0
ESP-La Liga,2425,2025-02-09 Sevilla-Barcelona,Sevilla,Juanlu Sanchez,4,2024,27206,138,8409,DR,2,90,0,0,0,0.0,0.5745483040809631,0.5745483040809631,0,0.0,0,0,0
ESP-La Liga,2425,2025-02-09 Sevilla-Barcelona,Sevilla,Kike Salas,4,2024,27206,138,10334,DC,3,90,0,0,1,0.09547979384660721,0.022058745846152306,0.022058745846152306,0,0.0,0,0,0
ESP-La Liga,2425,2025-02-09 Sevilla-Barcelona,Sevilla,Loic Bade,4,2024,27206,138,8665,DC,3,90,0,0,2,0.11558196693658829,0.03210536390542984,0.022058745846152306,0,0.0,0,1,0
ESP-La Liga,2425,2025-02-09 Sevilla-Barcelona,Sevilla,Lucien Agoume,4,2024,27206,138,8165,Sub,17,10,0,0,0,0.0,0.0,0.0,0,0.0,0,0,0
ESP-La Liga,2425,2025-02-09 Sevilla-Barcelona,Sevilla,Manu Bueno,4,2024,27206,138,11266,Sub,17,10,0,0,0,0.0,0.010046619921922684,0.010046619921922684,0,0.0,0,0,0
ESP-La Liga,2425,2025-02-09 Sevilla-Barcelona,Sevilla,Marcão,4,2024,27206,138,10999,Sub,17,1,0,0,0,0.0,0.0,0.0,0,0.0,0,1,0
ESP-La Liga,2425,2025-02-09 Sevilla-Barcelona,Sevilla,Nemanja Gudelj,4,2024,27206,138,7888,DMC,7,80,0,0,1,0.011852508410811424,0.5542954802513123,0.5424429774284363,0,0.0,0,0,0
ESP-La Liga,2425,2025-02-09 Sevilla-Barcelona,Sevilla,Ruben Vargas,4,2024,27206,138,7810,AML,13,67,1,0,2,0.5949447154998779,0.5949447154998779,0.0,0,0.0,0,0,0
ESP-La Liga,2425,2025-02-09 Sevilla-Barcelona,Sevilla,Saúl Ñíguez,4,2024,27206,138,2266,AMC,12,80,0,0,0,0.0,0.5424429774284363,0.0,1,0.5424429774284363,1,1,0
ESP-La Liga,2425,2025-02-09 Sevilla-Barcelona,Sevilla,Suso,4,2024,27206,138,1129,Sub,17,23,0,0,1,0.022058745846152306,0.03210536390542984,0.0,0,0.10552641749382019,2,1,0
ESP-La Liga,2425,2025-02-09 Sevilla-Barcelona,Sevilla,Ørjan Nyland,4,2024,27206,138,250,GK,1,90,0,0,0,0.0,0.0,0.0,0,0.0,0,0,0
ESP-La Liga,2425,2025-02-17 Barcelona-Rayo Vallecano,Barcelona,Dani Olmo,4,2024,27214,148,8292,Sub,17,22,0,0,0,0.0,0.6128450036048889,0.1851692497730255,0,0.4276757538318634,1,0,0
ESP-La Liga,2425,2025-02-17 Barcelona-Rayo Vallecano,Barcelona,Eric Garcia,4,2024,27214,148,8045,Sub,17,7,0,0,0,0.0,0.022700436413288116,0.022700436413288116,0,0.0,0,0,0
ESP-La Liga,2425,2025-02-17 Barcelona-Rayo Vallecano,Barcelona,Ferrán Torres,4,2024,27214,148,6441,Sub,17,7,0,0,0,0.0,0.0,0.0,0,0.0,0,1,0
ESP-La Liga,2425,2025-02-17 Barcelona-Rayo Vallecano,Barcelona,Frenkie de Jong,4,2024,27214,148,7781,DMC,7,90,0,0,0,0.0,0.7118179202079773,0.7118179202079773,0,0.0,0,0,0
ESP-La Liga,2425,2025-02-17 Barcelona-Rayo Vallecano,Barcelona,Gavi,4,2024,27214,148,9804,AMC,12,68,0,0,0,0.0,0.1723695546388626,0.1723695546388626,0,0.0,0,1,0
ESP-La Liga,2425,2025-02-17 Barcelona-Rayo Vallecano,Barcelona,Hector Fort,4,2024,27214,148,12171,DR,2,68,0,0,0,0.0,0.1785690188407898,0.1063084527850151,0,0.07226056605577469,1,0,0
ESP-La Liga,2425,2025-02-17 Barcelona-Rayo Vallecano,Barcelona,Iñigo Martínez,4,2024,27214,148,2484,DC,3,90,0,0,0,0.0,0.2159978151321411,0.2159978151321411,0,0.0,0,0,0
ESP-La Liga,2425,2025-02-17 Barcelona-Rayo Vallecano,Barcelona,Jules Koundé,4,2024,27214,148,6433,Sub,17,22,0,0,0,0.0,0.525856077671051,0.525856077671051,0,0.0,0,0,0
ESP-La Liga,2425,2025-02-17 Barcelona-Rayo Vallecano,Barcelona,Lamine Yamal,4,2024,27214,148,11527,AMR,11,90,0,0,4,0.9157068729400635,1.0253962278366089,0.10968936234712601,0,0.022700436413288116,1,0,0
ESP-La Liga,2425,2025-02-17 Barcelona-Rayo Vallecano,Barcelona,Marc Casadó,4,2024,27214,148,11151,Sub,17,1,0,0,0,0.0,0.0,0.0,0,0.0,0,0,0
ESP-La Liga,2425,2025-02-17 Barcelona-Rayo Vallecano,Barcelona,Pau Cubarsí,4,2024,27214,148,12005,DC,3,83,0,0,0,0.0,0.18709790706634521,0.18709790706634521,0,0.0,0,0,0
ESP-La Liga,2425,2025-02-17 Barcelona-Rayo Vallecano,Barcelona,Pedri,4,2024,27214,148,8935,DMC,7,90,0,0,0,0.0,0.6168568730354309,0.1851692497730255,0,0.4316876530647278,2,0,0
ESP-La Liga,2425,2025-02-17 Barcelona-Rayo Vallecano,Barcelona,Raphinha,4,2024,27214,148,8026,AML,13,90,0,0,6,1.0204181671142578,1.126726508140564,0.0,0,0.1063084527850151,1,0,0
ESP-La Liga,2425,2025-02-17 Barcelona-Rayo Vallecano,Barcelona,Robert Lewandowski,4,2024,27214,148,227,FW,15,83,1,0,4,1.0478754043579102,0.30459776520729065,0.0,0,0.0,0,0,0
ESP-La Liga,2425,2025-02-17 Barcelona-Rayo Vallecano,Barcelona,Wojciech Szczesny,4,2024,27214,148,1244,GK,1,90,0,0,0,0.0,0.20641744136810303,0.20641744136810303,0,0.0,0,0,0
ESP-La Liga,2425,2025-02-17 Barcelona-Rayo Vallecano,Barcelona,Álex Balde,4,2024,27214,148,9805,DL,4,90,0,0,0,0.0,0.4899967312812805,0.2934063673019409,0,0.1965903639793396,2,0,0
ESP-La Liga,2425,2025-02-17 Barcelona-Rayo Vallecano,Rayo Vallecano,Abdul Mumin,4,2024,27214,145,11105,DC,3,90,0,0,1,0.01570446603000164,0.4319016933441162,0.4319016933441162,0,0.0,0,0,0
ESP-La Liga,2425,2025-02-17 Barcelona-Rayo Vallecano,Rayo Vallecano,Adrián Embarba,4,2024,27214,145,2166,Sub,17,27,0,0,0,0.0,0.31608593463897705,0.0,0,0.31608593463897705,1,1,0
ESP-La Liga,2425,2025-02-17 Barcelona-Rayo Vallecano,Rayo Vallecano,Andrei Ratiu,4,2024,27214,145,7515,DR,2,90,0,0,0,0.0,0.0,0.0,0,0.0,0,1,0
ESP-La Liga,2425,2025-02-17 Barcelona-Rayo Vallecano,Rayo Vallecano,Augusto Batalla,4,2024,27214,145,12298,GK,1,90,0,0,0,0.0,0.0,0.0,0,0.0,0,0,0
ESP-La Liga,2425,2025-02-17 Barcelona-Rayo Vallecano,Rayo Vallecano,Florian Lejeune,4,2024,27214,145,5073,DC,3,90,0,0,0,0.0,0.4319016933441162,0.4319016933441162,0,0.0,0,0,0
ESP-La Liga,2425,2025-02-17 Barcelona-Rayo Vallecano,Rayo Vallecano,Gerard Gumbau,4,2024,27214,145,2609,Sub,17,27,0,0,0,0.0,0.0,0.0,0,0.08605092763900757,1,0,0
ESP-La Liga,2425,2025-02-17 Barcelona-Rayo Vallecano,Rayo Vallecano,Isi Palazón,4,2024,27214,145,9812,AMC,12,76,0,0,0,0.0,0.11581576615571976,0.0,0,0.172577366232872,3,0,0
ESP-La Liga,2425,2025-02-17 Barcelona-Rayo Vallecano,Rayo Vallecano,Jorge De Frutos,4,2024,27214,145,8107,AMR,11,90,0,0,2,0.39262819290161133,0.45592644810676575,0.0,0,0.06329826265573502,1,0,0
ESP-La Liga,2425,2025-02-17 Barcelona-Rayo Vallecano,Rayo Vallecano,Pathé Ciss,4,2024,27214,145,9815,DMC,7,76,0,0,0,0.0,0.0,0.0,0,0.0,0,1,0
ESP-La Liga,2425,2025-02-17 Barcelona-Rayo Vallecano,Rayo Vallecano,Pedro Díaz,4,2024,27214,145,12863,DMC,7,63,0,0,2,0.05397999286651611,0.11581576615571976,0.11581576615571976,0,0.0,0,0,0
ESP-La Liga,2425,2025-02-17 Barcelona-Rayo Vallecano,Rayo Vallecano,Pep Chavarría,4,2024,27214,145,11087,DL,4,90,0,0,0,0.0,0.4319016933441162,0.4319016933441162,0,0.0,0,0,0
ESP-La Liga,2425,2025-02-17 Barcelona-Rayo Vallecano,Rayo Vallecano,Randy Nteka,4,2024,27214,145,9813,FW,15,63,0,0,1,0.11581576615571976,0.11581576615571976,0.0,0,0.0,0,0,0
ESP-La Liga,2425,2025-02-17 Barcelona-Rayo Vallecano,Rayo Vallecano,Sergi Guardiola,4,2024,27214,145,5212,Sub,17,1,0,0,1,0.08605092763900757,0.0,0.0,0,0.0,0,0,0
ESP-La Liga,2425,2025-02-17 Barcelona-Rayo Vallecano,Rayo Vallecano,Álvaro García,4,2024,27214,145,7071,AML,13,89,0,0,2,0.7214511036872864,0.9138091206550598,0.11581576615571976,0,0.07654225826263428,1,0,0
ESP-La Liga,2425,2025-02-17 Barcelona-Rayo Vallecano,Rayo Vallecano,Óscar Trejo,4,2024,27214,145,3208,Sub,17,14,0,0,0,0.0,0.0,0.0,0,0.0,0,0,0
ESP-La Liga,2425,2025-02-17 Barcelona-Rayo Vallecano,Rayo Vallecano,Óscar Valentín,4,2024,27214,145,9811,Sub,17,14,0,0,0,0.0,0.0,0.0,0,0.0,0,0,0
ESP-La Liga,2425,2025-02-22 Las Palmas-Barcelona,Barcelona,Dani Olmo,4,2024,27226,148,8292,Sub,17,44,1,0,1,0.43136289715766907,0.5683056116104126,0.5683056116104126,0,0.036610037088394165,1,0,0
ESP-La Liga,2425,2025-02-22 Las Palmas-Barcelona,Barcelona,Eric Garcia,4,2024,27226,148,8045,DC,3,90,0,0,1,0.07838329672813416,0.13694271445274353,0.13694271445274353,0,0.0,0,0,0
ESP-La Liga,2425,2025-02-22 Las Palmas-Barcelona,Barcelona,Fermín López,4,2024,27226,148,11822,AMC,12,46,0,0,1,0.035408396273851395,0.035408396273851395,0.0,0,0.0,0,0,0
ESP-La Liga,2425,2025-02-22 Las Palmas-Barcelona,Barcelona,Ferrán Torres,4,2024,27226,148,6441,Sub,17,5,1,0,1,0.29789865016937256,0.29789865016937256,0.0,0,0.0,0,0,0
ESP-La Liga,2425,2025-02-22 Las Palmas-Barcelona,Barcelona,Frenkie de Jong,4,2024,27226,148,7781,Sub,17,5,0,0,0,0.0,0.0,0.0,0,0.0,0,1,0
ESP-La Liga,2425,2025-02-22 Las Palmas-Barcelona,Barcelona,Gerard Martín,4,2024,27226,148,12821,Sub,17,1,0,0,0,0.0,0.0,0.0,0,0.0,0,0,0
ESP-La Liga,2425,2025-02-22 Las Palmas-Barcelona,Barcelona,Jules Koundé,4,2024,27226,148,6433,DR,2,90,0,0,0,0.0,0.06556238234043121,0.06556238234043121,0,0.0,0,0,0
ESP-La Liga,2425,2025-02-22 Las Palmas-Barcelona,Barcelona,Lamine Yamal,4,2024,27226,148,11527,AMR,11,85,0,0,3,0.18813100457191467,0.9225609302520752,0.09824767708778381,1,0.6361822485923767,3,0,0
ESP-La Liga,2425,2025-02-22 Las Palmas-Barcelona,Barcelona,Marc Casadó,4,2024,27226,148,11151,DMC,7,90,0,0,0,0.0,0.10217241942882538,0.10217241942882538,0,0.0,0,0,0
ESP-La Liga,2425,2025-02-22 Las Palmas-Barcelona,Barcelona,Pau Cubarsí,4,2024,27226,148,12005,DC,3,90,0,0,0,0.0,0.5683056116104126,0.5683056116104126,0,0.0,0,0,0
ESP-La Liga,2425,2025-02-22 Las Palmas-Barcelona,Barcelona,Pedri,4,2024,27226,148,8935,DMC,7,85,0,0,0,0.0,0.6070258617401123,0.5951729416847229,0,0.01185290515422821,1,0,0
ESP-La Liga,2425,2025-02-22 Las Palmas-Barcelona,Barcelona,Raphinha,4,2024,27226,148,8026,AML,13,90,0,0,3,0.18962346017360687,0.5004037618637085,0.036610037088394165,1,0.4766146242618561,3,0,0
ESP-La Liga,2425,2025-02-22 Las Palmas-Barcelona,Barcelona,Robert Lewandowski,4,2024,27226,148,227,FW,15,90,0,0,4,0.432203084230423,0.4278614819049835,0.06556238234043121,0,0.0,0,0,0
ESP-La Liga,2425,2025-02-22 Las Palmas-Barcelona,Barcelona,Wojciech Szczesny,4,2024,27226,148,1244,GK,1,90,0,0,0,0.0,0.10033267736434937,0.10033267736434937,0,0.0,0,0,0
ESP-La Liga,2425,2025-02-22 Las Palmas-Barcelona,Barcelona,Álex Balde,4,2024,27226,148,9805,DL,4,90,0,0,1,0.01185290515422821,0.43740010261535645,0.20250509679317474,0,0.2230421006679535,2,0,0
ESP-La Liga,2425,2025-02-22 Las Palmas-Barcelona,Las Palmas,Alberto Moleiro,4,2024,27226,144,12160,AML,13,67,0,0,1,0.03770661726593971,0.0575525239109993,0.0,0,0.019845904782414436,1,0,0
ESP-La Liga,2425,2025-02-22 Las Palmas-Barcelona,Las Palmas,Benito Ramírez,4,2024,27226,144,5041,Sub,17,4,0,0,0,0.0,0.043171145021915436,0.0,0,0.043171145021915436,1,0,0
ESP-La Liga,2425,2025-02-22 Las Palmas-Barcelona,Las Palmas,Dário Essugo,4,2024,27226,144,13094,DMC,7,67,0,0,1,0.04195510968565941,0.07966172695159912,0.03770661726593971,0,0.0,0,0,0
ESP-La Liga,2425,2025-02-22 Las Palmas-Barcelona,Las Palmas,Jaime Mata,4,2024,27226,144,7009,Sub,17,23,0,0,0,0.0,0.0,0.0,0,0.0,0,0,0
ESP-La Liga,2425,2025-02-22 Las Palmas-Barcelona,Las Palmas,Jasper Cillessen,4,2024,27226,144,5057,GK,1,90,0,0,0,0.0,0.0,0.0,0,0.0,0,0,0
ESP-La Liga,2425,2025-02-22 Las Palmas-Barcelona,Las Palmas,Javi Muñoz,4,2024,27226,144,4168,AMC,12,90,0,0,1,0.06487998366355896,0.10258660465478897,0.0,0,0.03770661726593971,1,0,0
ESP-La Liga,2425,2025-02-22 Las Palmas-Barcelona,Las Palmas,José Campaña,4,2024,27226,144,4034,Sub,17,23,0,0,0,0.0,0.019226664677262306,0.019226664677262306,0,0.0,0,0,0
ESP-La Liga,2425,2025-02-22 Las Palmas-Barcelona,Las Palmas,Manu Fuster,4,2024,27226,144,12738,Sub,17,23,0,0,0,0.0,0.019226664677262306,0.019226664677262306,0,0.0,0,0,0
ESP-La Liga,2425,2025-02-22 Las Palmas-Barcelona,Las Palmas,Mika Mármol,4,2024,27226,144,10224,DC,3,90,0,0,1,0.10681968927383423,0.0,0.0,0,0.0,0,0,0
ESP-La Liga,2425,2025-02-22 Las Palmas-Barcelona,Las Palmas,Oliver McBurnie,4,2024,27226,144,1736,FW,15,67,0,0,0,0.0,0.06487998366355896,0.0,0,0.06487998366355896,1,0,0
ESP-La Liga,2425,2025-02-22 Las Palmas-Barcelona,Las Palmas,Sandro Ramírez,4,2024,27226,144,2537,AMR,11,90,0,0,4,0.14259140193462372,0.204222172498703,0.03770661726593971,0,0.04195510968565941,1,0,0
ESP-La Liga,2425,2025-02-22 Las Palmas-Barcelona,Las Palmas,Stefan Bajcetic,4,2024,27226,144,10723,DMC,7,86,0,0,1,0.019845904782414436,0.03907256945967674,0.0,0,0.019226664677262306,1,0,0
ESP-La Liga,2425,2025-02-22 Las Palmas-Barcelona,Las Palmas,Valentín Pezzolesi,4,2024,27226,144,12739,Sub,17,5,0,0,0,0.0,0.0,0.0,0,0.0,0,0,0
ESP-La Liga,2425,2025-02-22 Las Palmas-Barcelona,Las Palmas,Viti Rozada,4,2024,27226,144,12737,DR,2,85,0,0,1,0.017210176214575768,0.12704262137413025,0.06487998366355896,0,0.06216263025999069,1,0,0
ESP-La Liga,2425,2025-02-22 Las Palmas-Barcelona,Las Palmas,Álex Muñoz,4,2024,27226,144,5137,DL,4,90,0,0,0,0.0,0.03770661726593971,0.03770661726593971,0,0.0,0,0,0
ESP-La Liga,2425,2025-02-22 Las Palmas-Barcelona,Las Palmas,Álex Suárez,4,2024,27226,144,11742,DC,3,90,0,0,0,0.0,0.0,0.0,0,0.018030961975455284,1,1,0
ESP-La Liga,2425,2025-03-02 Barcelona-Real Sociedad,Barcelona,Dani Olmo,4,2024,27232,148,8292,MC,9,73,0,0,5,0.3739122152328491,0.9408462643623352,0.3326718509197235,2,0.6153333187103271,5,0,0
ESP-La Liga,2425,2025-03-02 Barcelona-Real Sociedad,Barcelona,Eric Garcia,4,2024,27232,148,8045,Sub,17,29,0,0,0,0.0,0.4720354378223419,0.4720354378223419,0,0.06378135830163956,2,0,0
ESP-La Liga,2425,2025-03-02 Barcelona-Real Sociedad,Barcelona,Fermín López,4,2024,27232,148,11822,Sub,17,17,0,0,0,0.0,0.20634405314922333,0.20634405314922333,0,0.1892690658569336,1,0,0
ESP-La Liga,2425,2025-03-02 Barcelona-Real Sociedad,Barcelona,Ferrán Torres,4,2024,27232,148,6441,Sub,17,29,0,0,4,0.4417753517627716,0.337334007024765,0.023652512580156326,0,0.10269569605588913,1,0,0
ESP-La Liga,2425,2025-03-02 Barcelona-Real Sociedad,Barcelona,Frenkie de Jong,4,2024,27232,148,7781,Sub,17,29,0,0,0,0.0,0.39416593313217163,0.16996470093727112,0,0.3402320444583893,5,0,0
ESP-La Liga,2425,2025-03-02 Barcelona-Real Sociedad,Barcelona,Gerard Martín,4,2024,27232,148,12821,DL,4,90,1,0,3,0.4400211274623871,1.1125811338424683,0.6725599765777588,0,0.0,0,0,0
ESP-La Liga,2425,2025-03-02 Barcelona-Real Sociedad,Barcelona,Hector Fort,4,2024,27232,148,12171,Sub,17,12,0,0,1,0.04012884572148323,0.11353710293769836,0.07376717776060104,0,0.03976992517709732,1,0,0
ESP-La Liga,2425,2025-03-02 Barcelona-Real Sociedad,Barcelona,Jules Koundé,4,2024,27232,148,6433,DR,2,90,0,0,0,0.0,0.7932342886924744,0.7932342886924744,0,0.0,0,0,0
ESP-La Liga,2425,2025-03-02 Barcelona-Real Sociedad,Barcelona,Lamine Yamal,4,2024,27232,148,11527,MR,8,90,0,0,5,0.25314804911613464,1.2783552408218384,0.9311503767967224,0,0.7568326592445374,5,0,0
ESP-La Liga,2425,2025-03-02 Barcelona-Real Sociedad,Barcelona,Marc Casadó,4,2024,27232,148,11151,DMC,7,90,1,0,1,0.0895652323961258,0.5687448978424072,0.5379771590232849,0,0.03076772950589657,1,0,0
ESP-La Liga,2425,2025-03-02 Barcelona-Real Sociedad,Barcelona,Pau Cubarsí,4,2024,27232,148,12005,DC,3,61,0,0,0,0.0,0.5670233368873596,0.5670233368873596,0,0.0,0,0,0
ESP-La Liga,2425,2025-03-02 Barcelona-Real Sociedad,Barcelona,Pedri,4,2024,27232,148,8935,MC,9,61,0,0,3,0.18350888788700104,0.7324898838996887,0.6377584934234619,0,0.057715561240911484,1,0,0
ESP-La Liga,2425,2025-03-02 Barcelona-Real Sociedad,Barcelona,Raphinha,4,2024,27232,148,8026,ML,10,61,0,0,2,0.08065693825483322,0.06155351921916008,0.06155351921916008,0,0.03772009164094925,1,0,0
ESP-La Liga,2425,2025-03-02 Barcelona-Real Sociedad,Barcelona,Robert Lewandowski,4,2024,27232,148,227,FW,15,90,1,0,7,1.1958224773406982,0.9985038638114929,0.26808762550354004,0,0.0,0,0,0
ESP-La Liga,2425,2025-03-02 Barcelona-Real Sociedad,Barcelona,Ronald Araújo,4,2024,27232,148,8091,DC,3,78,1,0,2,0.5684575438499451,0.7989174127578735,0.37439659237861633,1,0.40086832642555237,1,0,0
ESP-La Liga,2425,2025-03-02 Barcelona-Real Sociedad,Barcelona,Wojciech Szczesny,4,2024,27232,148,1244,GK,1,90,0,0,0,0.0,0.06401249021291733,0.06401249021291733,0,0.0,0,0,0
ESP-La Liga,2425,2025-03-02 Barcelona-Real Sociedad,Real Sociedad,Aihen Muñoz,4,2024,27232,140,7306,Sub,17,11,0,0,0,0.0,0.0,0.0,0,0.0,0,0,0
ESP-La Liga,2425,2025-03-02 Barcelona-Real Sociedad,Real Sociedad,Ander Barrenetxea,4,2024,27232,140,7308,ML,10,48,0,0,0,0.0,0.0,0.0,0,0.0,0,0,0
ESP-La Liga,2425,2025-03-02 Barcelona-Real Sociedad,Real Sociedad,Aritz Elustondo,4,2024,27232,140,2228,DC,3,16,0,0,0,0.0,0.0,0.0,0,0.0,0,0,1
ESP-La Liga,2425,2025-03-02 Barcelona-Real Sociedad,Real Sociedad,Arkaitz Mariezkurrena,4,2024,27232,140,13267,Sub,17,42,0,0,0,0.0,0.0,0.0,0,0.0,0,0,0
ESP-La Liga,2425,2025-03-02 Barcelona-Real Sociedad,Real Sociedad,Beñat Turrientes,4,2024,27232,140,9465,Sub,17,42,0,0,0,0.0,0.0,0.0,0,0.0,0,0,0
ESP-La Liga,2425,2025-03-02 Barcelona-Real Sociedad,Real Sociedad,Hamari Traore,4,2024,27232,140,3239,Sub,17,24,0,0,0,0.0,0.0,0.0,0,0.0,0,0,0
ESP-La Liga,2425,2025-03-02 Barcelona-Real Sociedad,Real Sociedad,Igor Zubeldia,4,2024,27232,140,2417,DC,3,90,0,0,0,0.0,0.0,0.0,0,0.0,0,0,0
ESP-La Liga,2425,2025-03-02 Barcelona-Real Sociedad,Real Sociedad,Javier López,4,2024,27232,140,8413,DL,4,90,0,0,0,0.0,0.0,0.0,0,0.0,0,0,0
ESP-La Liga,2425,2025-03-02 Barcelona-Real Sociedad,Real Sociedad,Jon Ander Olasagasti,4,2024,27232,140,9466,MC,9,19,0,0,0,0.0,0.0,0.0,0,0.0,0,0,0
ESP-La Liga,2425,2025-03-02 Barcelona-Real Sociedad,Real Sociedad,Jon Aramburu,4,2024,27232,140,12182,DR,2,66,0,0,0,0.0,0.0,0.0,0,0.0,0,0,0
ESP-La Liga,2425,2025-03-02 Barcelona-Real Sociedad,Real Sociedad,Jon Martín,4,2024,27232,140,12353,Sub,17,71,0,0,0,0.0,0.0,0.0,0,0.0,0,0,0
ESP-La Liga,2425,2025-03-02 Barcelona-Real Sociedad,Real Sociedad,Martín Zubimendi,4,2024,27232,140,7526,DMC,7,48,0,0,0,0.0,0.0,0.0,0,0.0,0,0,0
ESP-La Liga,2425,2025-03-02 Barcelona-Real Sociedad,Real Sociedad,Orri Óskarsson,4,2024,27232,140,13048,FW,15,79,0,0,0,0.0,0.0,0.0,0,0.0,0,0,0
ESP-La Liga,2425,2025-03-02 Barcelona-Real Sociedad,Real Sociedad,Pablo Marín,4,2024,27232,140,11185,MC,9,90,0,0,0,0.0,0.0,0.0,0,0.0,0,0,0
ESP-La Liga,2425,2025-03-02 Barcelona-Real Sociedad,Real Sociedad,Remiro,4,2024,27232,140,2555,GK,1,90,0,0,0,0.0,0.0,0.0,0,0.0,0,0,0
ESP-La Liga,2425,2025-03-02 Barcelona-Real Sociedad,Real Sociedad,Sergio Gómez,4,2024,27232,140,6656,MR,8,90,0,0,0,0.0,0.0,0.0,0,0.0,0,0,0
ESP-La Liga,2425,2025-03-16 Atletico Madrid-Barcelona,Atletico Madrid,Alexander Sørloth,4,2024,27252,143,6531,Sub,17,28,1,0,2,0.530035138130188,0.530035138130188,0.0,0,0.0,0,0,0
ESP-La Liga,2425,2025-03-16 Atletico Madrid-Barcelona,Atletico Madrid,Antoine Griezmann,4,2024,27252,143,2270,FW,15,88,0,0,0,0.0,0.9544281959533691,0.9544281959533691,0,0.08806188404560089,2,0,0
ESP-La Liga,2425,2025-03-16 Atletico Madrid-Barcelona,Atletico Madrid,Clement Lenglet,4,2024,27252,143,5050,DC,3,90,0,0,1,0.057182006537914276,0.030879879370331764,0.030879879370331764,0,0.0,0,0,0
ESP-La Liga,2425,2025-03-16 Atletico Madrid-Barcelona,Atletico Madrid,Conor Gallagher,4,2024,27252,143,9040,Sub,17,28,0,0,0,0.0,0.5008910894393921,0.5008910894393921,1,0.5008910894393921,1,0,0
ESP-La Liga,2425,2025-03-16 Atletico Madrid-Barcelona,Atletico Madrid,Giménez,4,2024,27252,143,2278,Sub,17,9,0,0,0,0.0,0.0,0.0,0,0.0,0,0,0
ESP-La Liga,2425,2025-03-16 Atletico Madrid-Barcelona,Atletico Madrid,Giuliano Simeone,4,2024,27252,143,9796,MR,8,81,0,0,1,0.030879879370331764,0.45353707671165466,0.0,1,0.42265719175338745,1,0,0
ESP-La Liga,2425,2025-03-16 Atletico Madrid-Barcelona,Atletico Madrid,Jan Oblak,4,2024,27252,143,2261,GK,1,90,0,0,0,0.0,0.42265719175338745,0.42265719175338745,0,0.0,0,0,0
ESP-La Liga,2425,2025-03-16 Atletico Madrid-Barcelona,Atletico Madrid,Julián Álvarez,4,2024,27252,143,10846,FW,15,62,1,0,1,0.42265719175338745,0.42265719175338745,0.0,0,0.0,0,0,0
ESP-La Liga,2425,2025-03-16 Atletico Madrid-Barcelona,Atletico Madrid,Marcos Llorente,4,2024,27252,143,2518,DR,2,90,0,0,0,0.0,0.030879879370331764,0.030879879370331764,0,0.0,0,0,0
ESP-La Liga,2425,2025-03-16 Atletico Madrid-Barcelona,Atletico Madrid,Nahuel Molina,4,2024,27252,143,8963,Sub,17,9,0,0,0,0.0,0.0,0.0,0,0.0,0,0,0
ESP-La Liga,2425,2025-03-16 Atletico Madrid-Barcelona,Atletico Madrid,Pablo Barrios Rivas,4,2024,27252,143,10494,MC,9,90,0,0,0,0.0,0.5491662621498108,0.5317709445953369,0,0.05359248071908951,2,0,0
ESP-La Liga,2425,2025-03-16 Atletico Madrid-Barcelona,Atletico Madrid,Reinildo,4,2024,27252,143,7432,DL,4,90,0,0,0,0.0,0.9544281959533691,0.9544281959533691,0,0.0,0,1,0
ESP-La Liga,2425,2025-03-16 Atletico Madrid-Barcelona,Atletico Madrid,Robin Le Normand,4,2024,27252,143,7276,DC,3,90,0,0,0,0.0,0.0,0.0,0,0.0,0,0,0
ESP-La Liga,2425,2025-03-16 Atletico Madrid-Barcelona,Atletico Madrid,Rodrigo Riquelme,4,2024,27252,143,8002,Sub,17,2,0,0,0,0.0,0.0291440449655056,0.0,0,0.0291440449655056,1,0,0
ESP-La Liga,2425,2025-03-16 Atletico Madrid-Barcelona,Atletico Madrid,Rodrigo de Paul,4,2024,27252,143,1145,MC,9,81,0,0,1,0.017395302653312683,0.017395302653312683,0.0,0,0.0,0,0,0
ESP-La Liga,2425,2025-03-16 Atletico Madrid-Barcelona,Atletico Madrid,Samuel Lino,4,2024,27252,143,10943,ML,10,62,0,0,1,0.036197178065776825,0.030879879370331764,0.030879879370331764,0,0.0,0,0,0
ESP-La Liga,2425,2025-03-16 Atletico Madrid-Barcelona,Barcelona,Dani Olmo,4,2024,27252,148,8292,AMC,12,69,0,0,0,0.0,1.5063281059265137,1.1402652263641357,0,0.36606279015541077,1,0,0
ESP-La Liga,2425,2025-03-16 Atletico Madrid-Barcelona,Barcelona,Eric Garcia,4,2024,27252,148,8045,Sub,17,21,0,0,0,0.0,0.46438929438591003,0.46438929438591003,0,0.0,0,0,0
ESP-La Liga,2425,2025-03-16 Atletico Madrid-Barcelona,Barcelona,Ferrán Torres,4,2024,27252,148,6441,Sub,17,21,2,0,2,0.4322932958602905,0.4563239812850952,0.02403070591390133,0,0.0,0,0,0
ESP-La Liga,2425,2025-03-16 Atletico Madrid-Barcelona,Barcelona,Gavi,4,2024,27252,148,9804,Sub,17,1,0,0,0,0.0,0.0,0.0,0,0.0,0,0,0
ESP-La Liga,2425,2025-03-16 Atletico Madrid-Barcelona,Barcelona,Gerard Martín,4,2024,27252,148,12821,Sub,17,2,0,0,0,0.0,0.02403070591390133,0.02403070591390133,0,0.0,0,0,0
ESP-La Liga,2425,2025-03-16 Atletico Madrid-Barcelona,Barcelona,Iñigo Martínez,4,2024,27252,148,2484,DC,3,90,0,0,0,0.0,0.8527817130088806,0.7953039407730103,1,0.057477809488773346,1,0,0
ESP-La Liga,2425,2025-03-16 Atletico Madrid-Barcelona,Barcelona,Jules Koundé,4,2024,27252,148,6433,DR,2,88,0,0,1,0.023612109944224358,1.5806238651275635,1.5532500743865967,0,0.34521257877349854,2,1,0
ESP-La Liga,2425,2025-03-16 Atletico Madrid-Barcelona,Barcelona,Lamine Yamal,4,2024,27252,148,11527,AMR,11,90,1,0,4,0.4665399491786957,1.7162991762161255,0.778466522693634,0,0.49532341957092285,1,1,0
ESP-La Liga,2425,2025-03-16 Atletico Madrid-Barcelona,Barcelona,Marc Casadó,4,2024,27252,148,11151,DMC,7,69,0,0,0,0.0,0.8367744088172913,0.8367744088172913,0,0.0,0,0,0
ESP-La Liga,2425,2025-03-16 Atletico Madrid-Barcelona,Barcelona,Pau Cubarsí,4,2024,27252,148,12005,DC,3,90,0,0,0,0.0,1.2632535696029663,1.2632535696029663,0,0.0,0,0,0
ESP-La Liga,2425,2025-03-16 Atletico Madrid-Barcelona,Barcelona,Pedri,4,2024,27252,148,8935,DMC,7,90,0,0,0,0.0,1.276279330253601,1.276279330253601,1,0.3744630515575409,3,0,0
ESP-La Liga,2425,2025-03-16 Atletico Madrid-Barcelona,Barcelona,Raphinha,4,2024,27252,148,8026,AML,13,90,0,0,1,0.018634457141160965,1.3505761623382568,0.9182829260826111,2,0.4322932958602905,2,0,0
ESP-La Liga,2425,2025-03-16 Atletico Madrid-Barcelona,Barcelona,Robert Lewandowski,4,2024,27252,148,227,FW,15,90,1,0,5,1.2210724353790283,1.2210724353790283,0.0,0,0.0,0,0,0
ESP-La Liga,2425,2025-03-16 Atletico Madrid-Barcelona,Barcelona,Ronald Araújo,4,2024,27252,148,8091,Sub,17,2,0,0,0,0.0,0.07097218185663223,0.07097218185663223,0,0.0,0,0,0
ESP-La Liga,2425,2025-03-16 Atletico Madrid-Barcelona,Barcelona,Wojciech Szczesny,4,2024,27252,148,1244,GK,1,90,0,0,0,0.0,0.6213297247886658,0.6213297247886658,0,0.0,0,0,0
ESP-La Liga,2425,2025-03-16 Atletico Madrid-Barcelona,Barcelona,Álex Balde,4,2024,27252,148,9805,DL,4,88,0,0,0,0.0,0.4064928889274597,0.4064928889274597,0,0.023612109944224358,1,1,0
ESP-La Liga,2425,2025-03-27 Barcelona-Osasuna,Barcelona,Dani Olmo,4,2024,27244,148,8292,MC,9,27,1,0,2,0.8699545860290527,0.7423155307769775,0.6156385540962219,0,0.0,0,0,0
ESP-La Liga,2425,2025-03-27 Barcelona-Osasuna,Barcelona,Eric Garcia,4,2024,27244,148,8045,DC,3,90,0,0,0,0.0,1.8673688173294067,1.8026772737503052,0,0.06469153612852097,1,1,0
ESP-La Liga,2425,2025-03-27 Barcelona-Osasuna,Barcelona,Fermín López,4,2024,27244,148,11822,Sub,17,63,0,0,1,0.11185824126005173,1.5609385967254639,0.8062111139297485,1,0.6428691744804382,2,0,0
ESP-La Liga,2425,2025-03-27 Barcelona-Osasuna,Barcelona,Ferrán Torres,4,2024,27244,148,6441,FW,15,73,1,0,4,1.8408020734786987,1.836747646331787,0.08224406093358994,0,0.0,0,0,0
ESP-La Liga,2425,2025-03-27 Barcelona-Osasuna,Barcelona,Frenkie de Jong,4,2024,27244,148,7781,MC,9,51,0,0,0,0.0,1.171367883682251,1.171367883682251,0,0.0,0,0,0
ESP-La Liga,2425,2025-03-27 Barcelona-Osasuna,Barcelona,Gavi,4,2024,27244,148,9804,FWL,16,90,0,0,0,0.0,1.3284636735916138,1.3284636735916138,0,0.0,0,0,0
ESP-La Liga,2425,2025-03-27 Barcelona-Osasuna,Barcelona,Gerard Martín,4,2024,27244,148,12821,Sub,17,2,0,0,0,0.0,0.0,0.0,0,0.0,0,0,0
ESP-La Liga,2425,2025-03-27 Barcelona-Osasuna,Barcelona,Iñigo Martínez,4,2024,27244,148,2484,DC,3,90,0,0,0,0.0,1.8147332668304443,1.8147332668304443,0,0.0,0,0,0
ESP-La Liga,2425,2025-03-27 Barcelona-Osasuna,Barcelona,Jules Koundé,4,2024,27244,148,6433,DR,2,90,0,0,0,0.0,1.9145355224609375,1.9145355224609375,0,0.05263553932309151,1,0,0
ESP-La Liga,2425,2025-03-27 Barcelona-Osasuna,Barcelona,Lamine Yamal,4,2024,27244,148,11527,FWR,14,90,0,0,4,0.21200913190841675,2.099327325820923,1.84135103225708,0,1.1315439939498901,4,0,0
ESP-La Liga,2425,2025-03-27 Barcelona-Osasuna,Barcelona,Pablo Torre,4,2024,27244,148,11025,Sub,17,39,0,0,2,0.09415502101182938,1.5728421211242676,1.3380519151687622,0,0.1406351625919342,1,0,0
ESP-La Liga,2425,2025-03-27 Barcelona-Osasuna,Barcelona,Pau Victor,4,2024,27244,148,10953,Sub,17,1,0,0,2,0.6832166314125061,0.6832166314125061,0.0,0,0.0,0,0,0
ESP-La Liga,2425,2025-03-27 Barcelona-Osasuna,Barcelona,Pedri,4,2024,27244,148,8935,MC,9,89,0,0,1,0.04156803712248802,2.1511106491088867,1.3701213598251343,0,0.7690297961235046,2,0,0
ESP-La Liga,2425,2025-03-27 Barcelona-Osasuna,Barcelona,Robert Lewandowski,4,2024,27244,148,227,Sub,17,17,1,0,3,0.7835043668746948,1.4667209386825562,0.6832166314125061,0,0.10454271733760834,1,0,0
ESP-La Liga,2425,2025-03-27 Barcelona-Osasuna,Barcelona,Wojciech Szczesny,4,2024,27244,148,1244,GK,1,90,0,0,0,0.0,0.6960009932518005,0.6960009932518005,0,0.0,0,0,0
ESP-La Liga,2425,2025-03-27 Barcelona-Osasuna,Barcelona,Álex Balde,4,2024,27244,148,9805,DL,4,88,0,0,0,0.0,1.2527943849563599,1.171367883682251,1,0.8237419724464417,3,0,0
ESP-La Liga,2425,2025-03-27 Barcelona-Osasuna,Osasuna,Aimar Oroz,4,2024,27244,157,8424,FW,15,66,0,0,0,0.0,0.0,0.0,0,0.0,0,0,0
ESP-La Liga,2425,2025-03-27 Barcelona-Osasuna,Osasuna,Alejandro Catena,4,2024,27244,157,7604,DC,3,90,0,0,1,0.024283602833747864,0.0,0.0,0,0.0,0,1,0
ESP-La Liga,2425,2025-03-27 Barcelona-Osasuna,Osasuna,Ante Budimir,4,2024,27244,157,1235,Sub,17,24,0,0,1,0.05120572820305824,0.05120572820305824,0.0,0,0.0,0,0,0
ESP-La Liga,2425,2025-03-27 Barcelona-Osasuna,Osasuna,Enzo Boyomo,4,2024,27244,157,12893,Sub,17,39,0,0,0,0.0,0.05120572820305824,0.05120572820305824,0,0.0,0,0,0
ESP-La Liga,2425,2025-03-27 Barcelona-Osasuna,Osasuna,Iker Muñoz,4,2024,27244,157,11395,MC,9,33,0,0,0,0.0,0.0,0.0,0,0.0,0,0,0
ESP-La Liga,2425,2025-03-27 Barcelona-Osasuna,Osasuna,Jesús Areso,4,2024,27244,157,9768,DR,2,89,0,0,0,0.0,0.047530896961688995,0.0,0,0.047530896961688995,1,0,0
ESP-La Liga,2425,2025-03-27 Barcelona-Osasuna,Osasuna,Jon Moncayola,4,2024,27244,157,7857,MR,8,90,0,0,0,0.0,0.0,0.0,0,0.0,0,0,0
ESP-La Liga,2425,2025-03-27 Barcelona-Osasuna,Osasuna,Jorge Herrando,4,2024,27244,157,10858,DC,3,90,0,0,1,0.4105397164821625,0.05120572820305824,0.05120572820305824,0,0.0,0,0,0
ESP-La Liga,2425,2025-03-27 Barcelona-Osasuna,Osasuna,José Arnáiz,4,2024,27244,157,6470,ML,10,51,0,0,0,0.0,0.0,0.0,0,0.0,0,0,0
ESP-La Liga,2425,2025-03-27 Barcelona-Osasuna,Osasuna,Juan Cruz,4,2024,27244,157,8744,DL,4,90,0,0,0,0.0,0.0,0.0,0,0.0,0,1,0
ESP-La Liga,2425,2025-03-27 Barcelona-Osasuna,Osasuna,Moi Gómez,4,2024,27244,157,2198,Sub,17,24,0,0,1,0.047530896961688995,0.09873662143945694,0.0,0,0.05120572820305824,1,0,0
ESP-La Liga,2425,2025-03-27 Barcelona-Osasuna,Osasuna,Pablo Ibáñez,4,2024,27244,157,10857,MC,9,90,0,0,0,0.0,0.05120572820305824,0.05120572820305824,0,0.0,0,0,0
ESP-La Liga,2425,2025-03-27 Barcelona-Osasuna,Osasuna,Raul García,4,2024,27244,157,8042,FW,15,66,0,0,0,0.0,0.0,0.0,0,0.0,0,0,0
ESP-La Liga,2425,2025-03-27 Barcelona-Osasuna,Osasuna,Rubén García,4,2024,27244,157,2183,Sub,17,57,0,0,0,0.0,0.09873662143945694,0.09873662143945694,0,0.43482333421707153,2,0,0
ESP-La Liga,2425,2025-03-27 Barcelona-Osasuna,Osasuna,Rubén Peña,4,2024,27244,157,5075,Sub,17,1,0,0,0,0.0,0.0,0.0,0,0.0,0,0,0
ESP-La Liga,2425,2025-03-27 Barcelona-Osasuna,Osasuna,Sergio Herrera,4,2024,27244,157,7859,GK,1,90,0,0,0,0.0,0.0,0.0,0,0.0,0,1,0
ESP-La Liga,2425,2025-03-30 Barcelona-Girona,Barcelona,Eric Garcia,4,2024,27270,148,8045,DMC,7,83,0,0,1,0.029853692278265953,0.9821275472640991,0.9522738456726074,0,0.0,0,0,0
ESP-La Liga,2425,2025-03-30 Barcelona-Girona,Barcelona,Fermín López,4,2024,27270,148,11822,AMC,12,69,0,0,4,0.25768211483955383,1.2969043254852295,0.7896916270256042,1,0.9389821887016296,4,0,0
ESP-La Liga,2425,2025-03-30 Barcelona-Girona,Barcelona,Ferrán Torres,4,2024,27270,148,6441,Sub,17,21,1,0,1,0.11232093721628189,0.23064233362674713,0.0,0,0.11832139641046524,1,0,0
ESP-La Liga,2425,2025-03-30 Barcelona-Girona,Barcelona,Frenkie de Jong,4,2024,27270,148,7781,Sub,17,22,0,0,0,0.0,0.634522020816803,0.11232093721628189,1,0.5222011208534241,2,0,0
ESP-La Liga,2425,2025-03-30 Barcelona-Girona,Barcelona,Gavi,4,2024,27270,148,9804,AML,13,68,0,0,0,0.0,0.7819114923477173,0.6776719093322754,0,0.1042395532131195,1,0,0
ESP-La Liga,2425,2025-03-30 Barcelona-Girona,Barcelona,Gerard Martín,4,2024,27270,148,12821,DL,4,90,0,0,0,0.0,0.9322484135627747,0.819927453994751,1,0.11232093721628189,1,0,0
ESP-La Liga,2425,2025-03-30 Barcelona-Girona,Barcelona,Iñigo Martínez,4,2024,27270,148,2484,DC,3,83,0,0,0,0.0,0.7719451189041138,0.7719451189041138,0,0.0,0,0,0
ESP-La Liga,2425,2025-03-30 Barcelona-Girona,Barcelona,Jules Koundé,4,2024,27270,148,6433,DR,2,90,0,0,0,0.0,1.350857138633728,1.3235441446304321,0,0.12918426096439362,3,0,0
ESP-La Liga,2425,2025-03-30 Barcelona-Girona,Barcelona,Lamine Yamal,4,2024,27270,148,11527,AMR,11,90,0,0,7,0.5668166875839233,1.577976107597351,0.7522302269935608,0,0.33185625076293945,1,0,0
ESP-La Liga,2425,2025-03-30 Barcelona-Girona,Barcelona,Pablo Torre,4,2024,27270,148,11025,Sub,17,1,0,0,0,0.0,0.10018476098775864,0.10018476098775864,0,0.16901668906211853,2,0,0
ESP-La Liga,2425,2025-03-30 Barcelona-Girona,Barcelona,Pau Cubarsí,4,2024,27270,148,12005,Sub,17,7,0,0,0,0.0,0.11232093721628189,0.11232093721628189,0,0.0,0,0,0
ESP-La Liga,2425,2025-03-30 Barcelona-Girona,Barcelona,Pedri,4,2024,27270,148,8935,DMC,7,89,0,0,0,0.0,1.0862141847610474,1.0862141847610474,0,0.05148281902074814,1,0,0
ESP-La Liga,2425,2025-03-30 Barcelona-Girona,Barcelona,Robert Lewandowski,4,2024,27270,148,227,FW,15,90,2,0,6,1.632871150970459,1.7476894855499268,0.18365035951137543,0,0.0,0,0,0
ESP-La Liga,2425,2025-03-30 Barcelona-Girona,Barcelona,Ronald Araújo,4,2024,27270,148,8091,DC,3,90,0,0,1,0.05148281902074814,0.6655871272087097,0.6264944672584534,0,0.03909265249967575,1,0,0
ESP-La Liga,2425,2025-03-30 Barcelona-Girona,Barcelona,Wojciech Szczesny,4,2024,27270,148,1244,GK,1,90,0,0,0,0.0,0.02894425392150879,0.02894425392150879,0,0.0,0,0,0
ESP-La Liga,2425,2025-03-30 Barcelona-Girona,Barcelona,Álex Balde,4,2024,27270,148,9805,Sub,17,7,0,0,1,0.10230077803134918,0.21462172269821167,0.11232093721628189,0,0.0,0,0,0
ESP-La Liga,2425,2025-03-30 Barcelona-Girona,Girona,Alejandro Francés,4,2024,27270,223,12723,DR,2,90,0,0,0,0.0,0.05140260234475136,0.05140260234475136,0,0.0,0,0,0
ESP-La Liga,2425,2025-03-30 Barcelona-Girona,Girona,Arnau Martinez,4,2024,27270,223,10949,MR,8,82,0,0,0,0.0,0.05140260234475136,0.05140260234475136,0,0.0,0,0,0
ESP-La Liga,2425,2025-03-30 Barcelona-Girona,Girona,Arnaut Danjuma Groeneveld,4,2024,27270,223,8066,FW,15,90,1,0,1,0.33024656772613525,0.3816491663455963,0.05140260234475136,0,0.11549756675958633,2,0,0
ESP-La Liga,2425,2025-03-30 Barcelona-Girona,Girona,Arthur,4,2024,27270,223,6942,MC,9,73,0,0,0,0.0,0.0,0.0,0,0.0,0,0,0
ESP-La Liga,2425,2025-03-30 Barcelona-Girona,Girona,Cristhian Stuani,4,2024,27270,223,1709,Sub,17,17,0,0,0,0.0,0.0,0.0,0,0.0,0,0,0
ESP-La Liga,2425,2025-03-30 Barcelona-Girona,Girona,Daley Blind,4,2024,27270,223,548,DC,3,90,0,0,0,0.0,0.4267524182796478,0.09650586545467377,1,0.33024656772613525,1,0,0
ESP-La Liga,2425,2025-03-30 Barcelona-Girona,Girona,Gabriel Misehouy,4,2024,27270,223,12722,Sub,17,8,0,0,0,0.0,0.0,0.0,0,0.0,0,0,0
ESP-La Liga,2425,2025-03-30 Barcelona-Girona,Girona,Jhon Solis,4,2024,27270,223,12046,Sub,17,17,0,0,0,0.0,0.0,0.0,0,0.0,0,0,0
ESP-La Liga,2425,2025-03-30 Barcelona-Girona,Girona,Ladislav Krejcí,4,2024,27270,223,12721,DC,3,90,0,1,1,0.06409496814012527,0.09650586545467377,0.09650586545467377,0,0.0,0,0,0
ESP-La Liga,2425,2025-03-30 Barcelona-Girona,Girona,Miguel Gutiérrez,4,2024,27270,223,8513,DL,4,90,0,0,0,0.0,0.09650586545467377,0.09650586545467377,0,0.0,0,0,0
ESP-La Liga,2425,2025-03-30 Barcelona-Girona,Girona,Paulo Gazzaniga,4,2024,27270,223,973,GK,1,90,0,0,0,0.0,0.0,0.0,0,0.0,0,0,0
ESP-La Liga,2425,2025-03-30 Barcelona-Girona,Girona,Portu,4,2024,27270,223,6118,Sub,17,29,0,0,0,0.0,0.0,0.0,0,0.0,0,0,0
ESP-La Liga,2425,2025-03-30 Barcelona-Girona,Girona,Viktor Tsygankov,4,2024,27270,223,11322,FW,15,73,0,0,1,0.04510326310992241,0.09650586545467377,0.05140260234475136,0,0.0,0,0,0
ESP-La Liga,2425,2025-03-30 Barcelona-Girona,Girona,Yangel Herrera,4,2024,27270,223,7350,MC,9,90,0,0,1,0.05140260234475136,0.05140260234475136,0.0,0,0.0,0,1,0
ESP-La Liga,2425,2025-03-30 Barcelona-Girona,Girona,Yáser Asprilla,4,2024,27270,223,13005,ML,10,61,0,0,0,0.0,0.04510326310992241,0.04510326310992241,0,0.04510326310992241,1,0,0
ESP-La Liga,2425,2025-04-05 Barcelona-Real Betis,Barcelona,Eric Garcia,4,2024,27272,148,8045,Sub,17,29,0,0,0,0.0,0.0,0.0,0,0.0,0,1,0
ESP-La Liga,2425,2025-04-05 Barcelona-Real Betis,Barcelona,Fermín López,4,2024,27272,148,11822,Sub,17,12,0,0,0,0.0,0.02204880490899086,0.0,0,0.02204880490899086,1,0,0
ESP-La Liga,2425,2025-04-05 Barcelona-Real Betis,Barcelona,Ferrán Torres,4,2024,27272,148,6441,FWL,16,60,0,0,1,0.5684655904769897,0.9294604659080505,0.07688082009553909,1,0.2841140329837799,1,0,0
ESP-La Liga,2425,2025-04-05 Barcelona-Real Betis,Barcelona,Frenkie de Jong,4,2024,27272,148,7781,MC,9,61,0,0,0,0.0,0.07688082009553909,0.07688082009553909,0,0.04259257763624191,1,0,0
ESP-La Liga,2425,2025-04-05 Barcelona-Real Betis,Barcelona,Gavi,4,2024,27272,148,9804,MC,9,90,1,0,2,0.3228108584880829,0.46182334423065186,0.07688082009553909,0,0.13129837810993195,2,0,0
ESP-La Liga,2425,2025-04-05 Barcelona-Real Betis,Barcelona,Gerard Martín,4,2024,27272,148,12821,Sub,17,12,0,0,0,0.0,0.0,0.0,0,0.0,0,0,0
ESP-La Liga,2425,2025-04-05 Barcelona-Real Betis,Barcelona,Jules Koundé,4,2024,27272,148,6433,DR,2,90,0,0,1,0.07688082009553909,0.38304364681243896,0.30616283416748047,0,0.0,0,1,0
ESP-La Liga,2425,2025-04-05 Barcelona-Real Betis,Barcelona,Lamine Yamal,4,2024,27272,148,11527,FWR,14,90,0,0,4,0.3106437027454376,0.6503186225891113,0.3609948456287384,0,0.0,0,0,0
ESP-La Liga,2425,2025-04-05 Barcelona-Real Betis,Barcelona,Pau Cubarsí,4,2024,27272,148,12005,DC,3,90,0,0,0,0.0,0.10663707554340363,0.10663707554340363,0,0.0,0,0,0
ESP-La Liga,2425,2025-04-05 Barcelona-Real Betis,Barcelona,Pedri,4,2024,27272,148,8935,MC,9,78,0,0,1,0.02975625731050968,0.10663707554340363,0.07688082009553909,0,0.07688082009553909,1,0,0
ESP-La Liga,2425,2025-04-05 Barcelona-Real Betis,Barcelona,Raphinha,4,2024,27272,148,8026,Sub,17,30,0,0,3,0.1172935739159584,0.02204880490899086,0.0,0,0.0,0,0,0
ESP-La Liga,2425,2025-04-05 Barcelona-Real Betis,Barcelona,Robert Lewandowski,4,2024,27272,148,227,FW,15,90,0,0,1,0.04259257763624191,0.10082849115133286,0.10082849115133286,0,0.0,0,0,0
ESP-La Liga,2425,2025-04-05 Barcelona-Real Betis,Barcelona,Ronald Araújo,4,2024,27272,148,8091,DC,3,90,0,0,0,0.0,0.1286858767271042,0.09892962127923965,0,0.02975625731050968,1,0,0
ESP-La Liga,2425,2025-04-05 Barcelona-Real Betis,Barcelona,Wojciech Szczesny,4,2024,27272,148,1244,GK,1,90,0,0,0,0.0,0.0,0.0,0,0.0,0,0,0
ESP-La Liga,2425,2025-04-05 Barcelona-Real Betis,Barcelona,Álex Balde,4,2024,27272,148,9805,DL,4,78,0,0,0,0.0,0.02975625731050968,0.02975625731050968,0,0.0,0,0,0
ESP-La Liga,2425,2025-04-05 Barcelona-Real Betis,Real Betis,Adrián,4,2024,27272,153,527,GK,1,90,0,0,0,0.0,0.0,0.0,0,0.0,0,0,0
ESP-La Liga,2425,2025-04-05 Barcelona-Real Betis,Real Betis,Aitor Ruibal,4,2024,27272,153,6427,DR,2,90,0,0,0,0.0,0.05690200999379158,0.05690200999379158,0,0.021465007215738297,1,0,0
ESP-La Liga,2425,2025-04-05 Barcelona-Real Betis,Real Betis,Antony,4,2024,27272,153,11094,AMR,11,78,0,0,1,0.035437002778053284,0.15610258281230927,0.021465007215738297,0,0.09920056909322739,2,0,0
ESP-La Liga,2425,2025-04-05 Barcelona-Real Betis,Real Betis,Cédric Bakambu,4,2024,27272,153,2306,Sub,17,12,0,0,0,0.0,0.0,0.0,0,0.0,0,0,0
ESP-La Liga,2425,2025-04-05 Barcelona-Real Betis,Real Betis,Diego Llorente,4,2024,27272,153,2163,Sub,17,8,0,0,0,0.0,0.0,0.0,0,0.0,0,0,0
ESP-La Liga,2425,2025-04-05 Barcelona-Real Betis,Real Betis,Ezequiel Ávila,4,2024,27272,153,6955,Sub,17,41,0,0,0,0.0,0.0,0.0,0,0.0,0,0,0
ESP-La Liga,2425,2025-04-05 Barcelona-Real Betis,Real Betis,Giovani Lo Celso,4,2024,27272,153,5681,AMC,12,62,0,0,0,0.0,0.09920056909322739,0.09920056909322739,1,0.07907475531101227,1,0,0
ESP-La Liga,2425,2025-04-05 Barcelona-Real Betis,Real Betis,Jesús Rodriguez,4,2024,27272,153,13059,Sub,17,12,0,0,0,0.0,0.014761549420654774,0.014761549420654774,0,0.0,0,0,0
ESP-La Liga,2425,2025-04-05 Barcelona-Real Betis,Real Betis,Johnny Cardoso,4,2024,27272,153,12323,DMC,7,82,0,0,0,0.0,0.007212120573967695,0.007212120573967695,0,0.0,0,0,0
ESP-La Liga,2425,2025-04-05 Barcelona-Real Betis,Real Betis,Juan Camilo Hernández,4,2024,27272,153,6954,FW,15,78,0,0,2,0.1134534552693367,0.14889046549797058,0.035437002778053284,0,0.0,0,0,0
ESP-La Liga,2425,2025-04-05 Barcelona-Real Betis,Real Betis,Marc Bartra,4,2024,27272,153,2453,DC,3,90,0,0,1,0.007212120573967695,0.007212120573967695,0.0,0,0.0,0,0,0
ESP-La Liga,2425,2025-04-05 Barcelona-Real Betis,Real Betis,Natan,4,2024,27272,153,11890,DC,3,90,1,0,2,0.09383630752563477,0.014761549420654774,0.0,0,0.0,0,1,0
ESP-La Liga,2425,2025-04-05 Barcelona-Real Betis,Real Betis,Pablo Fornals,4,2024,27272,153,2335,AML,13,90,0,0,0,0.0,0.1274254471063614,0.0919884443283081,0,0.035437002778053284,1,0,0
ESP-La Liga,2425,2025-04-05 Barcelona-Real Betis,Real Betis,Romain Perraud,4,2024,27272,153,6500,DL,4,90,0,0,0,0.0,0.02197366952896118,0.02197366952896118,0,0.0,0,0,0
ESP-La Liga,2425,2025-04-05 Barcelona-Real Betis,Real Betis,Sergi Altimira,4,2024,27272,153,11953,DMC,7,49,0,0,0,0.0,0.0,0.0,0,0.0,0,0,0
ESP-La Liga,2425,2025-04-05 Barcelona-Real Betis,Real Betis,William Carvalho,4,2024,27272,153,6926,Sub,17,28,0,0,0,0.0,0.014761549420654774,0.014761549420654774,0,0.014761549420654774,1,0,0
ESP-La Liga,2425,2025-04-12 Leganes-Barcelona,Barcelona,Eric Garcia,4,2024,27288,148,8045,DMC,7,83,0,0,0,0.0,0.3468990921974182,0.3468990921974182,0,0.0,0,0,0
ESP-La Liga,2425,2025-04-12 Leganes-Barcelona,Barcelona,Fermín López,4,2024,27288,148,11822,AMC,12,70,0,0,2,0.5078402161598206,0.5595323443412781,0.05169214308261871,0,0.06441263854503632,2,0,0
ESP-La Liga,2425,2025-04-12 Leganes-Barcelona,Barcelona,Ferrán Torres,4,2024,27288,148,6441,Sub,17,20,0,0,1,0.08543280512094498,0.20375746488571167,0.0567382387816906,0,0.061586420983076096,1,0,0
ESP-La Liga,2425,2025-04-12 Leganes-Barcelona,Barcelona,Frenkie de Jong,4,2024,27288,148,7781,Sub,17,41,0,0,0,0.0,0.1768822818994522,0.1768822818994522,0,0.028585057705640793,1,1,0
ESP-La Liga,2425,2025-04-12 Leganes-Barcelona,Barcelona,Gavi,4,2024,27288,148,9804,Sub,17,20,0,0,0,0.0,0.0,0.0,0,0.0,0,0,0
ESP-La Liga,2425,2025-04-12 Leganes-Barcelona,Barcelona,Gerard Martín,4,2024,27288,148,12821,Sub,17,50,0,0,0,0.0,0.061586420983076096,0.061586420983076096,0,0.0,0,0,0
ESP-La Liga,2425,2025-04-12 Leganes-Barcelona,Barcelona,Iñigo Martínez,4,2024,27288,148,2484,DC,3,90,0,0,0,0.0,0.22857442498207092,0.22857442498207092,0,0.05169214308261871,1,0,0
ESP-La Liga,2425,2025-04-12 Leganes-Barcelona,Barcelona,Jules Koundé,4,2024,27288,148,6433,DR,2,90,0,0,1,0.04307622089982033,0.37471938133239746,0.33164316415786743,0,0.0567382387816906,1,0,0
ESP-La Liga,2425,2025-04-12 Leganes-Barcelona,Barcelona,Lamine Yamal,4,2024,27288,148,11527,AMR,11,90,0,0,3,0.141863614320755,0.28800857067108154,0.22642214596271515,0,0.0,0,0,0
ESP-La Liga,2425,2025-04-12 Leganes-Barcelona,Barcelona,Pau Cubarsí,4,2024,27288,148,12005,Sub,17,7,0,0,0,0.0,0.0,0.0,0,0.0,0,0,0
ESP-La Liga,2425,2025-04-12 Leganes-Barcelona,Barcelona,Pedri,4,2024,27288,148,8935,DMC,7,90,0,0,0,0.0,0.33649134635925293,0.33649134635925293,0,0.0,0,0,0
ESP-La Liga,2425,2025-04-12 Leganes-Barcelona,Barcelona,Raphinha,4,2024,27288,148,8026,AML,13,90,0,0,2,0.08954095840454102,0.2799510061740875,0.028585057705640793,0,0.19462771713733673,2,0,0
ESP-La Liga,2425,2025-04-12 Leganes-Barcelona,Barcelona,Robert Lewandowski,4,2024,27288,148,227,FW,15,70,0,0,3,0.23329320549964905,0.19998937845230103,0.05169214308261871,0,0.0,0,0,0
ESP-La Liga,2425,2025-04-12 Leganes-Barcelona,Barcelona,Ronald Araújo,4,2024,27288,148,8091,DC,3,49,0,0,0,0.0,0.046330489218235016,0.046330489218235016,0,0.0,0,0,0
ESP-La Liga,2425,2025-04-12 Leganes-Barcelona,Barcelona,Wojciech Szczesny,4,2024,27288,148,1244,GK,1,90,0,0,0,0.0,0.19462771713733673,0.19462771713733673,0,0.0,0,0,0
ESP-La Liga,2425,2025-04-12 Leganes-Barcelona,Barcelona,Álex Balde,4,2024,27288,148,9805,DL,4,40,0,0,0,0.0,0.0,0.0,0,0.0,0,0,0
ESP-La Liga,2425,2025-04-12 Leganes-Barcelona,Leganes,Adrià Alti,4,2024,27288,159,11834,MR,8,78,0,0,1,0.08463247865438461,0.08463247865438461,0.0,0,0.0,0,1,0
ESP-La Liga,2425,2025-04-12 Leganes-Barcelona,Leganes,Diego García,4,2024,27288,159,12794,Sub,17,12,0,0,1,0.34625452756881714,0.3884894549846649,0.04223492741584778,0,0.0,0,0,0
ESP-La Liga,2425,2025-04-12 Leganes-Barcelona,Leganes,Javi Hernández,4,2024,27288,159,8422,DL,4,90,0,0,0,0.0,0.43088701367378235,0.43088701367378235,0,0.0,0,0,0
ESP-La Liga,2425,2025-04-12 Leganes-Barcelona,Leganes,Jorge Sáenz,4,2024,27288,159,7828,DC,3,90,0,1,0,0.0,0.04562743008136749,0.04562743008136749,0,0.0,0,0,0
ESP-La Liga,2425,2025-04-12 Leganes-Barcelona,Leganes,Juan Cruz,4,2024,27288,159,6759,Sub,17,28,0,0,0,0.0,0.34625452756881714,0.0,0,0.34625452756881714,1,0,0
ESP-La Liga,2425,2025-04-12 Leganes-Barcelona,Leganes,Marko Dmitrovic,4,2024,27288,159,6224,GK,1,90,0,0,0,0.0,0.04223492741584778,0.04223492741584778,0,0.0,0,0,0
ESP-La Liga,2425,2025-04-12 Leganes-Barcelona,Leganes,Munir,4,2024,27288,159,2106,Sub,17,12,0,0,1,0.04223492741584778,0.04223492741584778,0.0,0,0.0,0,0,0
ESP-La Liga,2425,2025-04-12 Leganes-Barcelona,Leganes,Raba,4,2024,27288,159,5199,FW,15,90,0,0,1,0.04259376600384712,0.12722624838352203,0.0,0,0.08463247865438461,1,1,0
ESP-La Liga,2425,2025-04-12 Leganes-Barcelona,Leganes,Renato Tapia,4,2024,27288,159,8710,MC,9,90,0,0,0,0.0,0.0,0.0,0,0.0,0,0,0
ESP-La Liga,2425,2025-04-12 Leganes-Barcelona,Leganes,Sergio González,4,2024,27288,159,12791,DC,3,90,0,0,1,0.03745641931891441,0.04223492741584778,0.04223492741584778,0,0.0,0,0,0
ESP-La Liga,2425,2025-04-12 Leganes-Barcelona,Leganes,Seydouba Cissé,4,2024,27288,159,12792,MC,9,78,0,0,0,0.0,0.17285367846488953,0.12722624838352203,0,0.04562743008136749,1,0,0
ESP-La Liga,2425,2025-04-12 Leganes-Barcelona,Leganes,Valentin Rosier,4,2024,27288,159,5615,DR,2,90,0,0,0,0.0,0.08822119235992432,0.08822119235992432,0,0.0,0,0,0
ESP-La Liga,2425,2025-04-12 Leganes-Barcelona,Leganes,Yan Diomande,4,2024,27288,159,13561,ML,10,62,0,0,1,0.04562743008136749,0.08822119235992432,0.0,0,0.04259376600384712,1,0,0
ESP-La Liga,2425,2025-04-12 Leganes-Barcelona,Leganes,Yvan Neyou,4,2024,27288,159,8689,Sub,17,20,0,0,0,0.0,0.34625452756881714,0.34625452756881714,0,0.0,0,0,0
ESP-La Liga,2425,2025-04-12 Leganes-Barcelona,Leganes,Óscar Rodríguez,4,2024,27288,159,6570,MC,9,70,0,0,0,0.0,0.0,0.0,0,0.03745641931891441,1,0,0
ESP-La Liga,2425,2025-04-19 Barcelona-Celta Vigo,Barcelona,Dani Olmo,4,2024,27292,148,8292,Sub,17,30,1,0,2,0.6083953976631165,1.099816918373108,0.49142149090766907,1,0.0,1,0,0
ESP-La Liga,2425,2025-04-19 Barcelona-Celta Vigo,Barcelona,Eric Garcia,4,2024,27292,148,8045,Sub,17,2,0,0,0,0.0,0.0,0.0,0,0.0,0,0,0
ESP-La Liga,2425,2025-04-19 Barcelona-Celta Vigo,Barcelona,Fermín López,4,2024,27292,148,11822,MC,9,60,0,0,1,0.04521314799785614,0.16621939837932587,0.12100624293088913,0,0.055723886936903,1,0,0
ESP-La Liga,2425,2025-04-19 Barcelona-Celta Vigo,Barcelona,Ferrán Torres,4,2024,27292,148,6441,FWL,16,60,1,0,3,0.11268067359924316,0.2153274565935135,0.055723886936903,0,0.046922896057367325,1,0,0
ESP-La Liga,2425,2025-04-19 Barcelona-Celta Vigo,Barcelona,Frenkie de Jong,4,2024,27292,148,7781,MC,9,90,0,0,0,0.0,1.2975620031356812,1.249373197555542,0,0.04818887263536453,1,0,0
ESP-La Liga,2425,2025-04-19 Barcelona-Celta Vigo,Barcelona,Gavi,4,2024,27292,148,9804,Sub,17,10,0,0,1,0.07372952997684479,0.0,0.0,0,0.0,0,0,0
ESP-La Liga,2425,2025-04-19 Barcelona-Celta Vigo,Barcelona,Gerard Martín,4,2024,27292,148,12821,DL,4,89,0,0,1,0.033351972699165344,0.4953564405441284,0.46200448274612427,0,0.02854996919631958,1,0,0
ESP-La Liga,2425,2025-04-19 Barcelona-Celta Vigo,Barcelona,Iñigo Martínez,4,2024,27292,148,2484,DC,3,90,0,0,1,0.05098603665828705,0.5991545915603638,0.5566260814666748,1,0.3549767732620239,2,1,0
ESP-La Liga,2425,2025-04-19 Barcelona-Celta Vigo,Barcelona,Jules Koundé,4,2024,27292,148,6433,DR,2,90,0,0,0,0.0,1.291901707649231,1.2485826015472412,0,0.04331907629966736,1,0,0
ESP-La Liga,2425,2025-04-19 Barcelona-Celta Vigo,Barcelona,Lamine Yamal,4,2024,27292,148,11527,Sub,17,30,0,0,0,0.0,0.832419753074646,0.34099823236465454,1,0.49142149090766907,1,0,0
ESP-La Liga,2425,2025-04-19 Barcelona-Celta Vigo,Barcelona,Pau Cubarsí,4,2024,27292,148,12005,DC,3,88,0,0,0,0.0,0.5045329928398132,0.5045329928398132,0,0.0,0,0,0
ESP-La Liga,2425,2025-04-19 Barcelona-Celta Vigo,Barcelona,Pau Victor,4,2024,27292,148,10953,Sub,17,1,0,0,0,0.0,0.0,0.0,0,0.0,0,0,0
ESP-La Liga,2425,2025-04-19 Barcelona-Celta Vigo,Barcelona,Pedri,4,2024,27292,148,8935,MC,9,90,0,0,0,0.0,1.090576171875,1.0008243322372437,0,0.08975181728601456,1,0,0
ESP-La Liga,2425,2025-04-19 Barcelona-Celta Vigo,Barcelona,Raphinha,4,2024,27292,148,8026,FWR,14,90,2,0,7,1.529052972793579,1.4867531061172485,0.4107006788253784,1,0.5008028149604797,5,1,0
ESP-La Liga,2425,2025-04-19 Barcelona-Celta Vigo,Barcelona,Robert Lewandowski,4,2024,27292,148,227,FW,15,80,0,0,2,0.11390066891908646,0.40984782576560974,0.2959471642971039,0,0.0,0,0,0
ESP-La Liga,2425,2025-04-19 Barcelona-Celta Vigo,Barcelona,Wojciech Szczesny,4,2024,27292,148,1244,GK,1,90,0,0,0,0.0,0.351671040058136,0.351671040058136,0,0.0,0,0,0
ESP-La Liga,2425,2025-04-19 Barcelona-Celta Vigo,Celta Vigo,Alfon,4,2024,27292,152,9241,Sub,17,29,0,0,1,0.09365058690309525,0.09365058690309525,0.0,0,0.0,0,0,0
ESP-La Liga,2425,2025-04-19 Barcelona-Celta Vigo,Celta Vigo,Borja Iglesias,4,2024,27292,152,2543,FW,15,74,3,0,6,1.343275547027588,1.343275547027588,0.0,0,0.0,0,0,0
ESP-La Liga,2425,2025-04-19 Barcelona-Celta Vigo,Celta Vigo,Fernando López,4,2024,27292,152,13200,Sub,17,15,0,0,0,0.0,0.0,0.0,0,0.0,0,0,0
ESP-La Liga,2425,2025-04-19 Barcelona-Celta Vigo,Celta Vigo,Fran Beltrán,4,2024,27292,152,6931,DMC,7,90,0,0,0,0.0,0.48815011978149414,0.46174192428588867,0,0.026408180594444275,1,0,0
ESP-La Liga,2425,2025-04-19 Barcelona-Celta Vigo,Celta Vigo,Hugo Sotelo,4,2024,27292,152,9520,Sub,17,1,0,0,0,0.0,0.0,0.0,0,0.0,0,0,0
ESP-La Liga,2425,2025-04-19 Barcelona-Celta Vigo,Celta Vigo,Iago Aspas,4,2024,27292,152,2290,Sub,17,16,0,0,0,0.0,0.0,0.0,0,0.0,0,1,0
ESP-La Liga,2425,2025-04-19 Barcelona-Celta Vigo,Celta Vigo,Iker Losada,4,2024,27292,152,7825,MC,9,47,0,0,1,0.4593186676502228,0.9210605621337891,0.46174192428588867,0,0.0,0,0,0
ESP-La Liga,2425,2025-04-19 Barcelona-Celta Vigo,Celta Vigo,Ilaix Moriba,4,2024,27292,152,9243,MC,9,90,0,0,2,0.23478259146213531,0.7831527590751648,0.46174192428588867,0,0.0866282507777214,1,0,0
ESP-La Liga,2425,2025-04-19 Barcelona-Celta Vigo,Celta Vigo,Javier Rodríguez,4,2024,27292,152,12180,DR,2,90,0,0,0,0.0,0.0,0.0,0,0.0,0,0,0
ESP-La Liga,2425,2025-04-19 Barcelona-Celta Vigo,Celta Vigo,Marcos Alonso,4,2024,27292,152,1621,DC,3,90,0,0,0,0.0,0.46174192428588867,0.46174192428588867,0,0.0,0,0,0
ESP-La Liga,2425,2025-04-19 Barcelona-Celta Vigo,Celta Vigo,Pablo Durán,4,2024,27292,152,11154,MR,8,75,0,0,0,0.0,0.5433351993560791,0.08159324526786804,1,0.8666603565216064,2,0,0
ESP-La Liga,2425,2025-04-19 Barcelona-Celta Vigo,Celta Vigo,Sergio Carreira,4,2024,27292,152,8122,DL,4,90,0,0,0,0.0,0.33030933141708374,0.0,1,0.33030933141708374,1,0,0
ESP-La Liga,2425,2025-04-19 Barcelona-Celta Vigo,Celta Vigo,Vicente Guaita,4,2024,27292,152,2190,GK,1,90,0,0,0,0.0,0.4950113594532013,0.4950113594532013,0,0.0,0,0,0
ESP-La Liga,2425,2025-04-19 Barcelona-Celta Vigo,Celta Vigo,Williot Swedberg,4,2024,27292,152,10870,ML,10,61,0,0,0,0.0,0.0,0.0,0,0.0,0,0,0
ESP-La Liga,2425,2025-04-19 Barcelona-Celta Vigo,Celta Vigo,Yoel Lago,4,2024,27292,152,12642,DC,3,90,0,0,0,0.0,0.4950113594532013,0.46174192428588867,1,0.03326943516731262,1,0,0
ESP-La Liga,2425,2025-04-19 Barcelona-Celta Vigo,Celta Vigo,Óscar Mingueza,4,2024,27292,152,9011,Sub,17,43,0,0,1,0.42470747232437134,0.42470747232437134,0.0,0,0.0,0,1,0
ESP-La Liga,2425,2025-04-22 Barcelona-Mallorca,Barcelona,Anssumane Fati,4,2024,27305,148,7967,AML,13,62,0,0,4,0.1873795986175537,0.300560861825943,0.13870559632778168,0,0.08712296187877655,3,0,0
ESP-La Liga,2425,2025-04-22 Barcelona-Mallorca,Barcelona,Dani Olmo,4,2024,27305,148,8292,AMC,12,62,1,0,4,0.5766807794570923,0.9320082068443298,0.3491712510585785,0,0.18963369727134705,4,0,0
ESP-La Liga,2425,2025-04-22 Barcelona-Mallorca,Barcelona,Eric Garcia,4,2024,27305,148,8045,DR,2,90,0,0,2,0.19034646451473236,0.5095996260643005,0.5095996260643005,1,0.09915599226951599,1,0,0
ESP-La Liga,2425,2025-04-22 Barcelona-Mallorca,Barcelona,Fermín López,4,2024,27305,148,11822,Sub,17,28,0,0,4,0.15753716230392456,0.1939012110233307,0.0,0,0.21557150781154633,2,0,0
ESP-La Liga,2425,2025-04-22 Barcelona-Mallorca,Barcelona,Ferrán Torres,4,2024,27305,148,6441,FW,15,77,0,0,4,0.21485371887683868,0.4836237132549286,0.2572004795074463,0,0.07931023836135864,2,0,0
ESP-La Liga,2425,2025-04-22 Barcelona-Mallorca,Barcelona,Frenkie de Jong,4,2024,27305,148,7781,Sub,17,4,0,0,0,0.0,0.07460010796785355,0.07460010796785355,0,0.0,0,0,0
ESP-La Liga,2425,2025-04-22 Barcelona-Mallorca,Barcelona,Gavi,4,2024,27305,148,9804,DMC,7,90,0,0,3,0.10585078597068787,1.2336996793746948,1.1519911289215088,0,0.121419757604599,3,0,0
ESP-La Liga,2425,2025-04-22 Barcelona-Mallorca,Barcelona,Gerard Martín,4,2024,27305,148,12821,Sub,17,13,0,0,0,0.0,0.5059365630149841,0.5059365630149841,0,0.0,0,0,0
ESP-La Liga,2425,2025-04-22 Barcelona-Mallorca,Barcelona,Hector Fort,4,2024,27305,148,12171,DL,4,77,0,0,1,0.03740460425615311,0.38241538405418396,0.34501075744628906,0,0.0,0,0,0
ESP-La Liga,2425,2025-04-22 Barcelona-Mallorca,Barcelona,Iñigo Martínez,4,2024,27305,148,2484,DC,3,90,0,0,2,0.10707105696201324,1.2188581228256226,1.2188581228256226,0,0.0,0,0,0
ESP-La Liga,2425,2025-04-22 Barcelona-Mallorca,Barcelona,Lamine Yamal,4,2024,27305,148,11527,AMR,11,86,0,0,10,0.9597358703613281,1.6567550897598267,0.39413172006607056,0,0.47687458992004395,3,0,0
ESP-La Liga,2425,2025-04-22 Barcelona-Mallorca,Barcelona,Pau Victor,4,2024,27305,148,10953,Sub,17,13,0,0,2,0.15462954342365265,0.26571881771087646,0.0,0,0.11108927428722382,2,0,0
ESP-La Liga,2425,2025-04-22 Barcelona-Mallorca,Barcelona,Pedri,4,2024,27305,148,8935,DMC,7,90,0,0,2,0.12354354560375214,1.6782238483428955,1.3701773881912231,0,0.7182905077934265,6,0,0
ESP-La Liga,2425,2025-04-22 Barcelona-Mallorca,Barcelona,Raphinha,4,2024,27305,148,8026,Sub,17,28,0,0,1,0.11268538981676102,0.544047474861145,0.4313620924949646,0,0.015436122193932533,1,0,0
ESP-La Liga,2425,2025-04-22 Barcelona-Mallorca,Barcelona,Ronald Araújo,4,2024,27305,148,8091,DC,3,90,0,0,1,0.5464470386505127,0.47521328926086426,0.47521328926086426,0,0.016916779801249504,1,0,0
ESP-La Liga,2425,2025-04-22 Barcelona-Mallorca,Barcelona,Wojciech Szczesny,4,2024,27305,148,1244,GK,1,90,0,0,0,0.0,0.22315813601016998,0.22315813601016998,0,0.0,0,0,0
ESP-La Liga,2425,2025-04-22 Barcelona-Mallorca,Mallorca,Abdón Prats,4,2024,27305,239,8014,Sub,17,4,0,0,0,0.0,0.0,0.0,0,0.0,0,0,0
ESP-La Liga,2425,2025-04-22 Barcelona-Mallorca,Mallorca,Antonio Sánchez,4,2024,27305,239,9970,MR,8,81,0,0,0,0.0,0.02117472141981125,0.02117472141981125,0,0.0,0,0,0
ESP-La Liga,2425,2025-04-22 Barcelona-Mallorca,Mallorca,Copete,4,2024,27305,239,10982,DC,3,90,0,0,0,0.0,0.0,0.0,0,0.0,0,0,0
ESP-La Liga,2425,2025-04-22 Barcelona-Mallorca,Mallorca,Cyle Larin,4,2024,27305,239,11340,FW,15,86,0,0,2,0.033679213374853134,0.033679213374853134,0.02117472141981125,0,0.0,0,0,0
ESP-La Liga,2425,2025-04-22 Barcelona-Mallorca,Mallorca,Jan Salas,4,2024,27305,239,12951,Sub,17,4,0,0,0,0.0,0.0,0.0,0,0.0,0,0,0
ESP-La Liga,2425,2025-04-22 Barcelona-Mallorca,Mallorca,Johan Mojica,4,2024,27305,239,6242,DL,4,81,0,0,0,0.0,0.0,0.0,0,0.26918256282806396,1,0,0
ESP-La Liga,2425,2025-04-22 Barcelona-Mallorca,Mallorca,Leo Román,4,2024,27305,239,9839,GK,1,90,0,0,0,0.0,0.0,0.0,0,0.0,0,0,0
ESP-La Liga,2425,2025-04-22 Barcelona-Mallorca,Mallorca,Marc Domenech,4,2024,27305,239,12883,Sub,17,24,0,0,0,0.0,0.02117472141981125,0.0,0,0.02117472141981125,1,0,0
ESP-La Liga,2425,2025-04-22 Barcelona-Mallorca,Mallorca,Martin Valjent,4,2024,27305,239,7838,DC,3,90,0,0,0,0.0,0.0,0.0,0,0.0,0,0,0
ESP-La Liga,2425,2025-04-22 Barcelona-Mallorca,Mallorca,Mateu Morey,4,2024,27305,239,8070,DR,2,90,0,0,0,0.0,0.0,0.0,0,0.0,0,0,0
ESP-La Liga,2425,2025-04-22 Barcelona-Mallorca,Mallorca,Omar Mascarell,4,2024,27305,239,2456,MC,9,86,0,0,0,0.0,0.012504491955041885,0.012504491955041885,0,0.0,0,0,0
ESP-La Liga,2425,2025-04-22 Barcelona-Mallorca,Mallorca,Raíllo,4,2024,27305,239,2584,DC,3,90,0,0,2,0.29289937019348145,0.012504491955041885,0.012504491955041885,0,0.0,0,0,0
ESP-La Liga,2425,2025-04-22 Barcelona-Mallorca,Mallorca,Samú Costa,4,2024,27305,239,10974,MC,9,66,0,0,0,0.0,0.0,0.0,0,0.0,0,1,0
ESP-La Liga,2425,2025-04-22 Barcelona-Mallorca,Mallorca,Sergi Darder,4,2024,27305,239,2621,ML,10,90,0,0,0,0.0,0.012504491955041885,0.0,0,0.036221303045749664,2,0,0
ESP-La Liga,2425,2025-04-22 Barcelona-Mallorca,Mallorca,Toni Lato,4,2024,27305,239,2479,Sub,17,9,0,0,0,0.0,0.0,0.0,0,0.0,0,0,0
ESP-La Liga,2425,2025-04-22 Barcelona-Mallorca,Mallorca,Valery Fernández,4,2024,27305,239,7246,Sub,17,9,0,0,0,0.0,0.0,0.0,0,0.0,0,0,0
ESP-La Liga,2425,2025-05-03 Real Valladolid-Barcelona,Barcelona,Andreas Christensen,4,2024,27316,148,200,DC,3,90,0,0,0,0.0,0.7952907085418701,0.7952907085418701,0,0.0,0,1,0
ESP-La Liga,2425,2025-05-03 Real Valladolid-Barcelona,Barcelona,Anssumane Fati,4,2024,27316,148,7967,AML,13,50,0,0,3,0.1578710973262787,0.4954366385936737,0.337565541267395,0,0.0,0,0,0
ESP-La Liga,2425,2025-05-03 Real Valladolid-Barcelona,Barcelona,Dani Olmo,4,2024,27316,148,8292,Sub,17,24,0,0,1,0.0672496035695076,0.3511287271976471,0.3511287271976471,0,0.0,0,0,0
ESP-La Liga,2425,2025-05-03 Real Valladolid-Barcelona,Barcelona,Daniel Rodríguez,4,2024,27316,148,11634,AMR,11,37,0,0,2,0.04132027551531792,0.3060602843761444,0.2647400200366974,0,0.0,0,0,0
ESP-La Liga,2425,2025-05-03 Real Valladolid-Barcelona,Barcelona,Eric Garcia,4,2024,27316,148,8045,Sub,17,7,0,0,0,0.0,0.3511287271976471,0.3511287271976471,0,0.0,0,0,0
ESP-La Liga,2425,2025-05-03 Real Valladolid-Barcelona,Barcelona,Fermín López,4,2024,27316,148,11822,AMC,12,90,1,0,3,0.20211729407310486,0.5978410840034485,0.2719360291957855,0,0.3945733308792114,3,0,0
ESP-La Liga,2425,2025-05-03 Real Valladolid-Barcelona,Barcelona,Frenkie de Jong,4,2024,27316,148,7781,Sub,17,40,0,0,0,0.0,0.5952915549278259,0.5952915549278259,0,0.0,0,0,0
ESP-La Liga,2425,2025-05-03 Real Valladolid-Barcelona,Barcelona,Gavi,4,2024,27316,148,9804,DMC,7,83,0,0,1,0.042900338768959045,0.38496655225753784,0.32380154728889465,0,0.06116503104567528,1,0,0
ESP-La Liga,2425,2025-05-03 Real Valladolid-Barcelona,Barcelona,Gerard Martín,4,2024,27316,148,12821,DL,4,90,0,0,1,0.0869329571723938,1.0307443141937256,0.9579187631607056,1,0.5121551752090454,4,0,0
ESP-La Liga,2425,2025-05-03 Real Valladolid-Barcelona,Barcelona,Hector Fort,4,2024,27316,148,12171,DR,2,90,0,0,2,0.10960552841424942,0.6707168221473694,0.5390574336051941,0,0.02205381914973259,1,0,0
ESP-La Liga,2425,2025-05-03 Real Valladolid-Barcelona,Barcelona,Lamine Yamal,4,2024,27316,148,11527,Sub,17,53,0,0,5,0.5839130282402039,1.0604029893875122,0.5332381725311279,0,0.04505233094096184,1,0,0
ESP-La Liga,2425,2025-05-03 Real Valladolid-Barcelona,Barcelona,Marc-André ter Stegen,4,2024,27316,148,2090,GK,1,90,0,0,0,0.0,0.3318461775779724,0.3318461775779724,0,0.0,0,0,0
ESP-La Liga,2425,2025-05-03 Real Valladolid-Barcelona,Barcelona,Pau Victor,4,2024,27316,148,10953,FW,15,66,0,0,2,0.3418475389480591,0.3619216978549957,0.020074162632226944,0,0.0,0,0,0
ESP-La Liga,2425,2025-05-03 Real Valladolid-Barcelona,Barcelona,Pedri,4,2024,27316,148,8935,DMC,7,50,0,0,0,0.0,0.5483270883560181,0.45750659704208374,0,0.16863352060317993,4,0,0
ESP-La Liga,2425,2025-05-03 Real Valladolid-Barcelona,Barcelona,Raphinha,4,2024,27316,148,8026,Sub,17,40,1,0,4,0.5796486139297485,0.9194507598876953,0.3511287271976471,0,0.13098376989364624,1,0,0
ESP-La Liga,2425,2025-05-03 Real Valladolid-Barcelona,Barcelona,Ronald Araújo,4,2024,27316,148,8091,DC,3,90,0,0,0,0.0,0.7952907085418701,0.7952907085418701,0,0.0,0,1,0
ESP-La Liga,2425,2025-05-03 Real Valladolid-Barcelona,Real Valladolid,Adam Aznou,4,2024,27316,231,12371,DL,4,90,0,0,0,0.0,0.0,0.0,0,0.0,0,0,0
ESP-La Liga,2425,2025-05-03 Real Valladolid-Barcelona,Real Valladolid,Amath Diedhiou,4,2024,27316,231,2532,Sub,17,22,0,0,0,0.0,0.0,0.0,0,0.0,0,0,0
ESP-La Liga,2425,2025-05-03 Real Valladolid-Barcelona,Real Valladolid,André Ferreira,4,2024,27316,231,11829,GK,1,90,0,0,0,0.0,0.0,0.0,0,0.0,0,0,0
ESP-La Liga,2425,2025-05-03 Real Valladolid-Barcelona,Real Valladolid,Antonio Candela,4,2024,27316,231,7412,DC,3,90,0,0,0,0.0,0.2613145709037781,0.2613145709037781,0,0.0,0,0,0
ESP-La Liga,2425,2025-05-03 Real Valladolid-Barcelona,Real Valladolid,Anuar Mohamed,4,2024,27316,231,6918,DR,2,68,0,0,0,0.0,0.0,0.0,0,0.0,0,1,0
ESP-La Liga,2425,2025-05-03 Real Valladolid-Barcelona,Real Valladolid,Cenk Özkacar,4,2024,27316,231,9015,DC,3,90,0,0,1,0.046150922775268555,0.0,0.0,0,0.0,0,0,0
ESP-La Liga,2425,2025-05-03 Real Valladolid-Barcelona,Real Valladolid,Chuki,4,2024,27316,231,12896,Sub,17,14,0,0,0,0.0,0.2613145709037781,0.0,0,0.30746549367904663,2,0,0
ESP-La Liga,2425,2025-05-03 Real Valladolid-Barcelona,Real Valladolid,Eray Cömert,4,2024,27316,231,10382,DC,3,90,0,0,0,0.0,0.0,0.0,0,0.0,0,0,0
ESP-La Liga,2425,2025-05-03 Real Valladolid-Barcelona,Real Valladolid,Florian Grillitsch,4,2024,27316,231,116,Sub,17,14,0,0,0,0.0,0.2613145709037781,0.2613145709037781,0,0.0,0,0,0
ESP-La Liga,2425,2025-05-03 Real Valladolid-Barcelona,Real Valladolid,Iván Sánchez,4,2024,27316,231,4169,MR,8,76,1,0,1,0.027987567707896233,0.0,0.0,0,0.0,0,0,0
ESP-La Liga,2425,2025-05-03 Real Valladolid-Barcelona,Real Valladolid,Juan Latasa,4,2024,27316,231,10399,Sub,17,22,0,0,2,0.3900706171989441,0.2613145709037781,0.0,0,0.0,0,0,0
ESP-La Liga,2425,2025-05-03 Real Valladolid-Barcelona,Real Valladolid,Mamadou Sylla,4,2024,27316,231,2433,FW,15,68,0,0,0,0.0,0.0,0.0,0,0.0,0,1,0
ESP-La Liga,2425,2025-05-03 Real Valladolid-Barcelona,Real Valladolid,Mario Martín,4,2024,27316,231,11349,Sub,17,1,0,0,0,0.0,0.0,0.0,0,0.0,0,1,0
ESP-La Liga,2425,2025-05-03 Real Valladolid-Barcelona,Real Valladolid,Raul Moro,4,2024,27316,231,8584,ML,10,90,0,0,1,0.28140297532081604,0.28140297532081604,0.0,1,0.1567436009645462,2,0,0
ESP-La Liga,2425,2025-05-03 Real Valladolid-Barcelona,Real Valladolid,Selim Amallah,4,2024,27316,231,11379,MC,9,76,0,0,0,0.0,0.28140297532081604,0.0,0,0.28140297532081604,1,0,0
ESP-La Liga,2425,2025-05-03 Real Valladolid-Barcelona,Real Valladolid,Stanko Juric,4,2024,27316,231,12894,MC,9,89,0,0,0,0.0,0.2613145709037781,0.2613145709037781,0,0.0,0,0,0
ESP-La Liga,2425,2025-05-11 Barcelona-Real Madrid,Barcelona,Andreas Christensen,4,2024,27324,148,200,Sub,17,26,0,0,0,0.0,0.35426071286201477,0.35426071286201477,0,0.0,0,0,0
ESP-La Liga,2425,2025-05-11 Barcelona-Real Madrid,Barcelona,Dani Olmo,4,2024,27324,148,8292,AMC,12,84,0,0,1,0.03665691614151001,0.755825936794281,0.7309778332710266,0,0.02484811469912529,1,0,0
ESP-La Liga,2425,2025-05-11 Barcelona-Real Madrid,Barcelona,Eric Garcia,4,2024,27324,148,8045,DR,2,85,1,0,1,0.48532959818840027,0.7331409454345703,0.7331409454345703,0,0.0,0,0,0
ESP-La Liga,2425,2025-05-11 Barcelona-Real Madrid,Barcelona,Fermín López,4,2024,27324,148,11822,Sub,17,6,0,0,0,0.0,0.16793358325958252,0.0317348875105381,0,0.13619869947433472,2,1,0
ESP-La Liga,2425,2025-05-11 Barcelona-Real Madrid,Barcelona,Ferrán Torres,4,2024,27324,148,6441,FW,15,90,0,0,4,0.9158909916877747,1.5722330808639526,0.08326826244592667,3,1.1099368333816528,3,0,0
ESP-La Liga,2425,2025-05-11 Barcelona-Real Madrid,Barcelona,Frenkie de Jong,4,2024,27324,148,7781,DMC,7,90,0,0,0,0.0,0.8466448187828064,0.8466448187828064,0,0.0,0,0,0
ESP-La Liga,2425,2025-05-11 Barcelona-Real Madrid,Barcelona,Gavi,4,2024,27324,148,9804,Sub,17,1,0,0,1,0.10596311092376709,0.10596311092376709,0.0,0,0.0,0,0,0
ESP-La Liga,2425,2025-05-11 Barcelona-Real Madrid,Barcelona,Gerard Martín,4,2024,27324,148,12821,DL,4,64,0,0,1,0.01236033160239458,0.0,0.0,0,0.0,0,0,0
ESP-La Liga,2425,2025-05-11 Barcelona-Real Madrid,Barcelona,Hector Fort,4,2024,27324,148,12171,Sub,17,5,0,0,0,0.0,0.06197047233581543,0.06197047233581543,0,0.0317348875105381,1,0,0
ESP-La Liga,2425,2025-05-11 Barcelona-Real Madrid,Barcelona,Iñigo Martínez,4,2024,27324,148,2484,DC,3,90,0,0,1,0.0243989210575819,0.8107210993766785,0.8107210993766785,0,0.0,0,1,0
ESP-La Liga,2425,2025-05-11 Barcelona-Real Madrid,Barcelona,Lamine Yamal,4,2024,27324,148,11527,AMR,11,90,1,0,7,0.32122981548309326,1.701332688331604,0.14051510393619537,0,1.2961708307266235,3,0,0
ESP-La Liga,2425,2025-05-11 Barcelona-Real Madrid,Barcelona,Pau Cubarsí,4,2024,27324,148,12005,DC,3,64,0,0,1,0.07495546340942383,0.33085745573043823,0.33085745573043823,0,0.0,0,0,0
ESP-La Liga,2425,2025-05-11 Barcelona-Real Madrid,Barcelona,Pedri,4,2024,27324,148,8935,DMC,7,90,0,0,0,0.0,1.703320026397705,1.4113550186157227,1,0.34566155076026917,3,1,0
ESP-La Liga,2425,2025-05-11 Barcelona-Real Madrid,Barcelona,Raphinha,4,2024,27324,148,8026,AML,13,90,2,0,6,2.1517210006713867,2.4615638256073,0.13696478307247162,0,0.19727711379528046,3,0,0
ESP-La Liga,2425,2025-05-11 Barcelona-Real Madrid,Barcelona,Wojciech Szczesny,4,2024,27324,148,1244,GK,1,90,0,0,0,0.0,0.7096800208091736,0.7096800208091736,0,0.0,0,0,0
ESP-La Liga,2425,2025-05-11 Barcelona-Real Madrid,Barcelona,Álex Balde,4,2024,27324,148,9805,Sub,17,26,0,0,0,0.0,0.7584545016288757,0.7584545016288757,0,0.0,0,0,0
ESP-La Liga,2425,2025-05-11 Barcelona-Real Madrid,Real Madrid,Arda Güler,4,2024,27324,150,12190,AMR,11,53,0,0,0,0.0,0.0,0.0,0,0.0,0,0,0
ESP-La Liga,2425,2025-05-11 Barcelona-Real Madrid,Real Madrid,Aurelien Tchouameni,4,2024,27324,150,6560,DC,3,90,0,0,1,0.037011198699474335,0.3578125238418579,0.3578125238418579,0,0.0,0,1,0
ESP-La Liga,2425,2025-05-11 Barcelona-Real Madrid,Real Madrid,Brahim Diaz,4,2024,27324,150,6421,Sub,17,37,0,0,1,0.07737038284540176,0.4351828992366791,0.41286522150039673,0,0.022317659109830856,1,0,0
ESP-La Liga,2425,2025-05-11 Barcelona-Real Madrid,Real Madrid,Dani Ceballos,4,2024,27324,150,2446,DMC,7,53,0,0,0,0.0,0.3740031123161316,0.3740031123161316,0,0.0,0,0,0
ESP-La Liga,2425,2025-05-11 Barcelona-Real Madrid,Real Madrid,Endrick,4,2024,27324,150,12884,Sub,17,1,0,0,0,0.0,0.0,0.0,0,0.0,0,0,0
ESP-La Liga,2425,2025-05-11 Barcelona-Real Madrid,Real Madrid,Federico Valverde,4,2024,27324,150,6241,DMC,7,90,0,0,0,0.0,0.6184889674186707,0.6184889674186707,0,0.0,0,1,0
ESP-La Liga,2425,2025-05-11 Barcelona-Real Madrid,Real Madrid,Fran García,4,2024,27324,150,9810,DL,4,90,0,0,0,0.0,0.7306539416313171,0.469977468252182,0,0.26067644357681274,1,0,0
ESP-La Liga,2425,2025-05-11 Barcelona-Real Madrid,Real Madrid,Jude Bellingham,4,2024,27324,150,8824,AMC,12,90,0,0,0,0.0,0.6569972038269043,0.6569972038269043,0,0.0,0,0,0
ESP-La Liga,2425,2025-05-11 Barcelona-Real Madrid,Real Madrid,Kylian Mbappe-Lottin,4,2024,27324,150,3423,FW,15,90,3,0,5,2.089407205581665,1.6816245317459106,0.0,0,0.33549484610557556,1,0,0
ESP-La Liga,2425,2025-05-11 Barcelona-Real Madrid,Real Madrid,Lucas Vázquez,4,2024,27324,150,2253,DR,2,90,0,0,0,0.0,0.07737038284540176,0.07737038284540176,0,0.07737038284540176,1,0,0
ESP-La Liga,2425,2025-05-11 Barcelona-Real Madrid,Real Madrid,Luka Modric,4,2024,27324,150,2250,Sub,17,37,0,0,0,0.0,0.6989731788635254,0.6989731788635254,0,0.037011198699474335,1,0,0
ESP-La Liga,2425,2025-05-11 Barcelona-Real Madrid,Real Madrid,Raúl,4,2024,27324,150,13201,DC,3,90,0,0,0,0.0,0.0,0.0,0,0.0,0,1,0
ESP-La Liga,2425,2025-05-11 Barcelona-Real Madrid,Real Madrid,Thibaut Courtois,4,2024,27324,150,680,GK,1,90,0,0,0,0.0,0.41286522150039673,0.41286522150039673,0,0.0,0,0,0
ESP-La Liga,2425,2025-05-11 Barcelona-Real Madrid,Real Madrid,Vinícius Júnior,4,2024,27324,150,7008,AML,13,90,0,0,1,0.022317659109830856,1.1851412057876587,0.07737038284540176,2,1.0854532718658447,3,0,0
ESP-La Liga,2425,2025-05-11 Barcelona-Real Madrid,Real Madrid,Víctor Muñoz,4,2024,27324,150,13279,Sub,17,1,0,0,1,0.33549484610557556,0.33549484610557556,0.0,0,0.0,0,0,0
ESP-La Liga,2425,2025-05-15 Espanyol-Barcelona,Barcelona,Andreas Christensen,4,2024,27332,148,200,DC,3,79,0,0,0,0.0,0.20354841649532318,0.20354841649532318,0,0.040220171213150024,1,1,0
ESP-La Liga,2425,2025-05-15 Espanyol-Barcelona,Barcelona,Dani Olmo,4,2024,27332,148,8292,AMC,12,79,0,0,1,0.07869631052017212,0.32226067781448364,0.15684574842453003,1,0.0867186188697815,2,0,0
ESP-La Liga,2425,2025-05-15 Espanyol-Barcelona,Barcelona,Eric Garcia,4,2024,27332,148,8045,DR,2,90,0,0,0,0.0,0.08448352664709091,0.08448352664709091,0,0.0,0,0,0
ESP-La Liga,2425,2025-05-15 Espanyol-Barcelona,Barcelona,Fermín López,4,2024,27332,148,11822,Sub,17,23,1,0,1,0.08575155586004257,0.08575155586004257,0.0,0,0.0,0,0,0
ESP-La Liga,2425,2025-05-15 Espanyol-Barcelona,Barcelona,Frenkie de Jong,4,2024,27332,148,7781,DMC,7,90,0,0,1,0.07717450708150864,0.24202455580234528,0.24202455580234528,0,0.020845772698521614,1,0,0
ESP-La Liga,2425,2025-05-15 Espanyol-Barcelona,Barcelona,Gavi,4,2024,27332,148,9804,Sub,17,11,0,0,0,0.0,0.10389958322048187,0.0,0,0.10389958322048187,1,0,0
ESP-La Liga,2425,2025-05-15 Espanyol-Barcelona,Barcelona,Gerard Martín,4,2024,27332,148,12821,DL,4,48,0,0,0,0.0,0.06363775581121445,0.06363775581121445,0,0.0,0,0,0
ESP-La Liga,2425,2025-05-15 Espanyol-Barcelona,Barcelona,Hector Fort,4,2024,27332,148,12171,Sub,17,11,0,0,0,0.0,0.0,0.0,0,0.0,0,0,0
ESP-La Liga,2425,2025-05-15 Espanyol-Barcelona,Barcelona,Lamine Yamal,4,2024,27332,148,11527,AMR,11,90,1,0,5,0.2637416124343872,0.37235379219055176,0.12693879008293152,1,0.1629260629415512,2,0,0
ESP-La Liga,2425,2025-05-15 Espanyol-Barcelona,Barcelona,Pau Cubarsí,4,2024,27332,148,12005,Sub,17,37,0,0,0,0.0,0.023080864921212196,0.023080864921212196,0,0.0,0,0,0
ESP-La Liga,2425,2025-05-15 Espanyol-Barcelona,Barcelona,Pedri,4,2024,27332,148,8935,DMC,7,90,0,0,1,0.020845772698521614,0.2991798222064972,0.22257019579410553,0,0.0557638518512249,1,0,0
ESP-La Liga,2425,2025-05-15 Espanyol-Barcelona,Barcelona,Raphinha,4,2024,27332,148,8026,AML,13,90,0,0,1,0.040220171213150024,0.1419973522424698,0.023080864921212196,0,0.07869631052017212,1,0,0
ESP-La Liga,2425,2025-05-15 Espanyol-Barcelona,Barcelona,Robert Lewandowski,4,2024,27332,148,227,FW,15,67,0,0,2,0.16944724321365356,0.22521108388900757,0.0557638518512249,0,0.0,0,0,0
ESP-La Liga,2425,2025-05-15 Espanyol-Barcelona,Barcelona,Ronald Araújo,4,2024,27332,148,8091,DC,3,53,0,0,0,0.0,0.10385792702436447,0.10385792702436447,0,0.0,0,0,0
ESP-La Liga,2425,2025-05-15 Espanyol-Barcelona,Barcelona,Wojciech Szczesny,4,2024,27332,148,1244,GK,1,90,0,0,0,0.0,0.04392663761973381,0.04392663761973381,0,0.0,0,1,0
ESP-La Liga,2425,2025-05-15 Espanyol-Barcelona,Barcelona,Álex Balde,4,2024,27332,148,9805,Sub,17,42,0,0,0,0.0,0.023080864921212196,0.023080864921212196,0,0.0,0,0,0
ESP-La Liga,2425,2025-05-15 Espanyol-Barcelona,Espanyol,Antoniu Roca,4,2024,27332,141,12901,AMR,11,70,0,0,0,0.0,0.0,0.0,0,0.0,0,0,0
ESP-La Liga,2425,2025-05-15 Espanyol-Barcelona,Espanyol,Carlos Romero,4,2024,27332,141,11402,DL,4,90,0,0,1,0.03249979019165039,0.0394168347120285,0.0394168347120285,0,0.0,0,0,0
ESP-La Liga,2425,2025-05-15 Espanyol-Barcelona,Espanyol,Edu Expósito,4,2024,27332,141,5081,AMC,12,90,0,0,0,0.0,0.5907453298568726,0.5312668681144714,0,0.8803457617759705,5,0,0
ESP-La Liga,2425,2025-05-15 Espanyol-Barcelona,Espanyol,Fernando Calero,4,2024,27332,141,6916,Sub,17,6,0,0,0,0.0,0.0,0.0,0,0.0,0,0,0
ESP-La Liga,2425,2025-05-15 Espanyol-Barcelona,Espanyol,Javi Puado,4,2024,27332,141,6933,AML,13,84,0,0,3,0.7802196145057678,0.547116219997406,0.0,0,0.0,0,0,0
ESP-La Liga,2425,2025-05-15 Espanyol-Barcelona,Espanyol,Joan García,4,2024,27332,141,9773,GK,1,90,0,0,0,0.0,0.0,0.0,0,0.0,0,0,0
ESP-La Liga,2425,2025-05-15 Espanyol-Barcelona,Espanyol,Jofre Carreras,4,2024,27332,141,10209,Sub,17,20,0,0,1,0.05947845056653023,0.05947845056653023,0.0,0,0.0,0,0,0
ESP-La Liga,2425,2025-05-15 Espanyol-Barcelona,Espanyol,Leandro Cabrera,4,2024,27332,141,6168,DC,3,82,0,0,1,0.03520568460226059,0.5478948950767517,0.5478948950767517,0,0.0,0,0,1
ESP-La Liga,2425,2025-05-15 Espanyol-Barcelona,Espanyol,Marash Kumbulla,4,2024,27332,141,6324,DC,3,90,0,0,1,0.021291334182024002,0.0394168347120285,0.0394168347120285,0,0.0,0,1,0
ESP-La Liga,2425,2025-05-15 Espanyol-Barcelona,Espanyol,Omar El Hilali,4,2024,27332,141,10875,DR,2,90,0,0,0,0.0,0.0,0.0,0,0.0,0,0,0
ESP-La Liga,2425,2025-05-15 Espanyol-Barcelona,Espanyol,Pere Milla,4,2024,27332,141,4175,Sub,17,28,0,0,0,0.0,0.0394168347120285,0.0,0,0.0394168347120285,1,0,0
ESP-La Liga,2425,2025-05-15 Espanyol-Barcelona,Espanyol,Pol Lozano,4,2024,27332,141,7916,DMC,7,62,0,0,0,0.0,0.5478948950767517,0.5478948950767517,0,0.0,0,0,0
ESP-La Liga,2425,2025-05-15 Espanyol-Barcelona,Espanyol,Roberto Fernández,4,2024,27332,141,13350,FW,15,84,0,0,0,0.0,1.0791617631912231,0.5312668681144714,0,0.5478948950767517,1,0,0
ESP-La Liga,2425,2025-05-15 Espanyol-Barcelona,Espanyol,Urko Gonzalez,4,2024,27332,141,8861,DMC,7,90,0,0,1,0.5478948950767517,0.5873117446899414,0.0394168347120285,0,0.0,0,0,0
ESP-La Liga,2425,2025-05-15 Espanyol-Barcelona,Espanyol,Walid Cheddira,4,2024,27332,141,11989,Sub,17,6,0,0,1,0.0394168347120285,0.0394168347120285,0.0,0,0.0,0,1,0
ESP-La Liga,2425,2025-05-18 Barcelona-Villarreal,Barcelona,Dani Olmo,4,2024,27343,148,8292,Sub,17,1,0,0,0,0.0,0.043123118579387665,0.043123118579387665,0,0.0,0,1,0
ESP-La Liga,2425,2025-05-18 Barcelona-Villarreal,Barcelona,Eric Garcia,4,2024,27343,148,8045,DR,2,79,0,0,1,0.01250739861279726,0.636420726776123,0.14673180878162384,1,0.489688903093338,2,1,0
ESP-La Liga,2425,2025-05-18 Barcelona-Villarreal,Barcelona,Fermín López,4,2024,27343,148,11822,AMC,12,90,1,0,6,0.5855934023857117,1.1611971855163574,0.5092722177505493,0,0.10180959850549698,3,0,0
ESP-La Liga,2425,2025-05-18 Barcelona-Villarreal,Barcelona,Frenkie de Jong,4,2024,27343,148,7781,Sub,17,39,0,0,0,0.0,0.14672225713729858,0.10025922954082489,0,0.046463027596473694,2,0,0
ESP-La Liga,2425,2025-05-18 Barcelona-Villarreal,Barcelona,Gavi,4,2024,27343,148,9804,DMC,7,90,0,0,1,0.0333586186170578,0.20592501759529114,0.17256639897823334,0,0.0,0,0,0
ESP-La Liga,2425,2025-05-18 Barcelona-Villarreal,Barcelona,Gerard Martín,4,2024,27343,148,12821,DL,4,51,0,0,1,0.07095598429441452,0.09679058194160461,0.025834601372480392,0,0.0,0,0,0
ESP-La Liga,2425,2025-05-18 Barcelona-Villarreal,Barcelona,Hector Fort,4,2024,27343,148,12171,Sub,17,11,0,0,0,0.0,0.016243379563093185,0.0,0,0.016243379563093185,1,0,0
ESP-La Liga,2425,2025-05-18 Barcelona-Villarreal,Barcelona,Iñigo Martínez,4,2024,27343,148,2484,DC,3,90,0,0,0,0.0,0.6004445552825928,0.6004445552825928,0,0.0,0,0,0
ESP-La Liga,2425,2025-05-18 Barcelona-Villarreal,Barcelona,Lamine Yamal,4,2024,27343,148,11527,AMR,11,90,1,0,9,0.25113287568092346,0.8051584959030151,0.5300111174583435,0,0.0885804072022438,2,0,0
ESP-La Liga,2425,2025-05-18 Barcelona-Villarreal,Barcelona,Marc-André ter Stegen,4,2024,27343,148,2090,GK,1,90,0,0,0,0.0,0.08634394407272339,0.08634394407272339,0,0.0,0,0,0
ESP-La Liga,2425,2025-05-18 Barcelona-Villarreal,Barcelona,Pau Cubarsí,4,2024,27343,148,12005,DC,3,90,0,0,0,0.0,0.6014676690101624,0.6014676690101624,0,0.0,0,0,0
ESP-La Liga,2425,2025-05-18 Barcelona-Villarreal,Barcelona,Pau Victor,4,2024,27343,148,10953,Sub,17,11,0,0,0,0.0,0.0,0.0,0,0.04959312826395035,1,0,0
ESP-La Liga,2425,2025-05-18 Barcelona-Villarreal,Barcelona,Pedri,4,2024,27343,148,8935,DMC,7,51,0,0,0,0.0,0.6624438166618347,0.6424163579940796,0,0.11538323760032654,4,0,0
ESP-La Liga,2425,2025-05-18 Barcelona-Villarreal,Barcelona,Raphinha,4,2024,27343,148,8026,AML,13,90,0,0,5,0.17999234795570374,0.267496794462204,0.1264181137084961,0,0.0333586186170578,1,0,0
ESP-La Liga,2425,2025-05-18 Barcelona-Villarreal,Barcelona,Robert Lewandowski,4,2024,27343,148,227,FW,15,79,0,0,1,0.4638543128967285,0.4638543128967285,0.0,0,0.0,0,0,0
ESP-La Liga,2425,2025-05-18 Barcelona-Villarreal,Barcelona,Álex Balde,4,2024,27343,148,9805,Sub,17,39,0,0,0,0.0,0.030041638761758804,0.030041638761758804,0,0.0,0,0,0
ESP-La Liga,2425,2025-05-18 Barcelona-Villarreal,Villarreal,Ayoze Pérez,4,2024,27343,154,770,FW,15,51,1,0,1,0.30727124214172363,0.46011802554130554,0.0,0,0.15284676849842072,1,0,0
ESP-La Liga,2425,2025-05-18 Barcelona-Villarreal,Villarreal,Daniel Parejo,4,2024,27343,154,2378,MC,9,63,0,0,0,0.0,0.0,0.0,0,0.0,0,0,0
ESP-La Liga,2425,2025-05-18 Barcelona-Villarreal,Villarreal,Gerard Moreno,4,2024,27343,154,2120,Sub,17,8,0,0,0,0.0,0.40508249402046204,0.0,1,0.8866190910339355,2,0,0
ESP-La Liga,2425,2025-05-18 Barcelona-Villarreal,Villarreal,Juan Foyth,4,2024,27343,154,6306,DC,3,90,0,0,0,0.0,0.4180634319782257,0.4180634319782257,0,0.0,0,0,0
ESP-La Liga,2425,2025-05-18 Barcelona-Villarreal,Villarreal,Logan Costa,4,2024,27343,154,8200,DC,3,90,0,0,0,0.0,0.4180634319782257,0.4180634319782257,0,0.0,0,0,0
ESP-La Liga,2425,2025-05-18 Barcelona-Villarreal,Villarreal,Luiz Júnior,4,2024,27343,154,12917,GK,1,90,0,0,0,0.0,0.44609272480010986,0.44609272480010986,0,0.0,0,0,0
ESP-La Liga,2425,2025-05-18 Barcelona-Villarreal,Villarreal,Nicolas Pepe,4,2024,27343,154,5656,MR,8,82,0,0,1,0.15284676849842072,0.5709102153778076,0.11079219728708267,1,0.30727124214172363,1,0,0
ESP-La Liga,2425,2025-05-18 Barcelona-Villarreal,Villarreal,Pape Alassane Gueye,4,2024,27343,154,8696,Sub,17,27,0,0,0,0.0,0.0,0.0,0,0.0,0,0,0
ESP-La Liga,2425,2025-05-18 Barcelona-Villarreal,Villarreal,Pau Navarro,4,2024,27343,154,12914,DR,2,69,0,0,0,0.0,0.30727124214172363,0.30727124214172363,0,0.0,0,0,0
ESP-La Liga,2425,2025-05-18 Barcelona-Villarreal,Villarreal,Santiago Comesaña,4,2024,27343,154,7070,MC,9,90,1,0,2,0.4762674868106842,0.7835387587547302,0.30727124214172363,0,0.0,0,0,0
ESP-La Liga,2425,2025-05-18 Barcelona-Villarreal,Villarreal,Sergi Cardona,4,2024,27343,154,11744,DL,4,90,0,0,0,0.0,1.0778290033340454,1.0778290033340454,0,0.0,0,0,0
ESP-La Liga,2425,2025-05-18 Barcelona-Villarreal,Villarreal,Tajon Buchanan,4,2024,27343,154,12322,Sub,17,21,1,0,1,0.40508249402046204,0.40508249402046204,0.0,0,0.0,0,0,0
ESP-La Liga,2425,2025-05-18 Barcelona-Villarreal,Villarreal,Thierno Barry,4,2024,27343,154,12916,Sub,17,39,0,0,0,0.0,0.0,0.0,0,0.0,0,0,0
ESP-La Liga,2425,2025-05-18 Barcelona-Villarreal,Villarreal,Willy Kambwala,4,2024,27343,154,12275,Sub,17,21,0,0,0,0.0,0.11079219728708267,0.11079219728708267,0,0.0,0,0,0
ESP-La Liga,2425,2025-05-18 Barcelona-Villarreal,Villarreal,Yeremi Pino,4,2024,27343,154,9024,ML,10,69,0,0,1,0.13882146775722504,0.811568021774292,0.30727124214172363,1,0.36547529697418213,1,0,0
ESP-La Liga,2425,2025-05-18 Barcelona-Villarreal,Villarreal,Álex Baena,4,2024,27343,154,8417,FW,15,90,0,0,1,0.4815365672111511,0.961967408657074,0.7123537659645081,0,0.2496136575937271,2,0,0
ESP-La Liga,2425,2025-05-25 Athletic Club-Barcelona,Athletic Club,Aitor Paredes,4,2024,27353,147,8948,DC,3,90,0,0,1,0.05407855287194252,0.3264468014240265,0.3264468014240265,0,0.0,0,0,0
ESP-La Liga,2425,2025-05-25 Athletic Club-Barcelona,Athletic Club,Alex Berenguer,4,2024,27353,147,5091,AMR,11,90,0,0,0,0.0,0.13161911070346832,0.025320691987872124,0,0.16037698090076447,3,0,0
ESP-La Liga,2425,2025-05-25 Athletic Club-Barcelona,Athletic Club,Beñat Prados,4,2024,27353,147,9505,Sub,17,26,0,0,1,0.08390319347381592,0.08390319347381592,0.0,0,0.0,0,0,0
ESP-La Liga,2425,2025-05-25 Athletic Club-Barcelona,Athletic Club,Dani Vivian,4,2024,27353,147,6766,Sub,17,26,0,0,0,0.0,0.0,0.0,0,0.0,0,0,0
ESP-La Liga,2425,2025-05-25 Athletic Club-Barcelona,Athletic Club,De Marcos,4,2024,27353,147,2452,DR,2,90,0,0,0,0.0,0.3011261224746704,0.0,0,0.3011261224746704,1,0,0
ESP-La Liga,2425,2025-05-25 Athletic Club-Barcelona,Athletic Club,Inigo Ruiz de Galarreta,4,2024,27353,147,9755,DMC,7,64,0,0,1,0.021198870614171028,0.04651956260204315,0.0,0,0.025320691987872124,1,0,0
ESP-La Liga,2425,2025-05-25 Athletic Club-Barcelona,Athletic Club,Iñaki Williams,4,2024,27353,147,2399,Sub,17,8,0,0,0,0.0,0.0,0.0,0,0.0,0,0,0
ESP-La Liga,2425,2025-05-25 Athletic Club-Barcelona,Athletic Club,Maroan Sannadi,4,2024,27353,147,13417,FW,15,90,0,0,2,0.3174009323120117,0.3529345393180847,0.03553362190723419,0,0.0,0,0,0
ESP-La Liga,2425,2025-05-25 Athletic Club-Barcelona,Athletic Club,Mikel Jauregizar,4,2024,27353,147,12263,DMC,7,90,0,0,1,0.03613898158073425,0.09832800179719925,0.06279437243938446,0,0.03553362190723419,1,0,0
ESP-La Liga,2425,2025-05-25 Athletic Club-Barcelona,Athletic Club,Nico Williams,4,2024,27353,147,9211,AML,13,82,0,0,3,0.14806213974952698,0.560410737991333,0.41234859824180603,0,0.021198870614171028,1,0,0
ESP-La Liga,2425,2025-05-25 Athletic Club-Barcelona,Athletic Club,Oihan Sancet,4,2024,27353,147,7779,Sub,17,26,0,0,0,0.0,0.0,0.0,0,0.0,0,0,0
ESP-La Liga,2425,2025-05-25 Athletic Club-Barcelona,Athletic Club,Unai Gómez,4,2024,27353,147,11531,AMC,12,64,0,0,1,0.09002361446619034,0.09002361446619034,0.0,0,0.0,0,0,0
ESP-La Liga,2425,2025-05-25 Athletic Club-Barcelona,Athletic Club,Unai Núñez,4,2024,27353,147,6149,DC,3,64,0,0,0,0.0,0.3011261224746704,0.3011261224746704,0,0.0,0,0,0
ESP-La Liga,2425,2025-05-25 Athletic Club-Barcelona,Athletic Club,Unai Simón,4,2024,27353,147,5185,GK,1,90,0,0,0,0.0,0.3264468014240265,0.3264468014240265,0,0.0,0,0,0
ESP-La Liga,2425,2025-05-25 Athletic Club-Barcelona,Athletic Club,Yuri,4,2024,27353,147,2229,DL,4,90,0,0,0,0.0,0.4103499948978424,0.3264468014240265,0,0.08390319347381592,1,1,0
ESP-La Liga,2425,2025-05-25 Athletic Club-Barcelona,Athletic Club,Íñigo Lekue,4,2024,27353,147,2403,Sub,17,1,0,0,0,0.0,0.0,0.0,0,0.0,0,0,0
ESP-La Liga,2425,2025-05-25 Athletic Club-Barcelona,Barcelona,Andreas Christensen,4,2024,27353,148,200,Sub,17,24,0,0,1,0.0332164540886879,0.12354610860347748,0.12354610860347748,0,0.0,0,0,0
ESP-La Liga,2425,2025-05-25 Athletic Club-Barcelona,Barcelona,Dani Olmo,4,2024,27353,148,8292,Sub,17,24,1,0,1,0.7432776093482971,0.12354610860347748,0.12354610860347748,0,0.165962353348732,2,0,0
ESP-La Liga,2425,2025-05-25 Athletic Club-Barcelona,Barcelona,Eric Garcia,4,2024,27353,148,8045,DR,2,90,0,0,0,0.0,0.5275623798370361,0.5275623798370361,0,0.0,0,0,0
ESP-La Liga,2425,2025-05-25 Athletic Club-Barcelona,Barcelona,Fermín López,4,2024,27353,148,11822,AMC,12,90,0,0,1,0.07539106905460358,1.469864845275879,0.5757173895835876,1,0.8187564015388489,2,0,0
ESP-La Liga,2425,2025-05-25 Athletic Club-Barcelona,Barcelona,Frenkie de Jong,4,2024,27353,148,7781,Sub,17,7,0,0,0,0.0,0.0,0.0,0,0.0,0,0,0
ESP-La Liga,2425,2025-05-25 Athletic Club-Barcelona,Barcelona,Gavi,4,2024,27353,148,9804,DMC,7,90,0,0,0,0.0,0.12354610860347748,0.12354610860347748,0,0.0,0,0,0
ESP-La Liga,2425,2025-05-25 Athletic Club-Barcelona,Barcelona,Gerard Martín,4,2024,27353,148,12821,Sub,17,7,0,0,0,0.0,0.0,0.0,0,0.0,0,0,0
ESP-La Liga,2425,2025-05-25 Athletic Club-Barcelona,Barcelona,Iñaki Peña,4,2024,27353,148,7287,GK,1,90,0,0,0,0.0,0.0,0.0,0,0.0,0,0,0
ESP-La Liga,2425,2025-05-25 Athletic Club-Barcelona,Barcelona,Lamine Yamal,4,2024,27353,148,11527,AMR,11,90,0,0,4,0.32699209451675415,0.32699209451675415,0.12354610860347748,0,0.0,0,0,0
ESP-La Liga,2425,2025-05-25 Athletic Club-Barcelona,Barcelona,Pau Cubarsí,4,2024,27353,148,12005,DC,3,90,0,0,0,0.0,0.46964526176452637,0.46964526176452637,0,0.0,0,0,0
ESP-La Liga,2425,2025-05-25 Athletic Club-Barcelona,Barcelona,Pau Victor,4,2024,27353,148,10953,Sub,17,1,0,0,0,0.0,0.0,0.0,0,0.0,0,0,0
ESP-La Liga,2425,2025-05-25 Athletic Club-Barcelona,Barcelona,Pedri,4,2024,27353,148,8935,DMC,7,83,0,0,0,0.0,1.469864845275879,1.469864845275879,0,0.0,0,0,0
ESP-La Liga,2425,2025-05-25 Athletic Club-Barcelona,Barcelona,Raphinha,4,2024,27353,148,8026,AML,13,66,0,0,1,0.01951937936246395,0.5275623798370361,0.45217129588127136,0,0.5275623798370361,2,0,0
ESP-La Liga,2425,2025-05-25 Athletic Club-Barcelona,Barcelona,Robert Lewandowski,4,2024,27353,148,227,FW,15,90,2,0,5,2.167034864425659,1.3944737911224365,0.12354610860347748,0,0.0,0,0,0
ESP-La Liga,2425,2025-05-25 Athletic Club-Barcelona,Barcelona,Ronald Araújo,4,2024,27353,148,8091,DC,3,66,0,0,0,0.0,0.0,0.0,0,0.0,0,0,0
ESP-La Liga,2425,2025-05-25 Athletic Club-Barcelona,Barcelona,Álex Balde,4,2024,27353,148,9805,DL,4,83,0,0,0,0.0,0.9972075819969177,0.9972075819969177,0,0.0,0,0,0
ESP-La Liga,2526,2025-08-16 Mallorca-Barcelona,Barcelona,Dani Olmo,4,2025,29160,148,8292,Sub,17,37,0,0,5,0.41209694743156433,0.6722218990325928,0.2915581464767456,0,0.0,0,0,0
ESP-La Liga,2526,2025-08-16 Mallorca-Barcelona,Barcelona,Eric Garcia,4,2025,29160,148,8045,DR,2,90,0,0,1,0.022545225918293,1.0568848848342896,0.9643509984016418,0,0.15667393803596497,3,0,0
ESP-La Liga,2526,2025-08-16 Mallorca-Barcelona,Barcelona,Fermín López,4,2025,29160,148,11822,AMC,12,53,0,0,0,0.0,0.546470046043396,0.546470046043396,0,0.0,0,0,0
ESP-La Liga,2526,2025-08-16 Mallorca-Barcelona,Barcelona,Ferrán Torres,4,2025,29160,148,6441,FW,15,76,1,0,3,0.2814938724040985,0.3646232485771179,0.0,0,0.0831293910741806,1,0,0
ESP-La Liga,2526,2025-08-16 Mallorca-Barcelona,Barcelona,Frenkie de Jong,4,2025,29160,148,7781,DMC,7,90,0,0,0,0.0,1.0433372259140015,1.0433372259140015,0,0.022545225918293,1,0,0
ESP-La Liga,2526,2025-08-16 Mallorca-Barcelona,Barcelona,Gavi,4,2025,29160,148,9804,Sub,17,14,0,0,0,0.0,0.35608410835266113,0.24822641909122467,1,0.10785768926143646,2,0,0
ESP-La Liga,2526,2025-08-16 Mallorca-Barcelona,Barcelona,Joan García,4,2025,29160,148,9773,GK,1,90,0,0,0,0.0,0.13936404883861542,0.13936404883861542,0,0.0,0,0,0
ESP-La Liga,2526,2025-08-16 Mallorca-Barcelona,Barcelona,Jofre Torrents,4,2025,29160,148,13748,Sub,17,15,0,0,0,0.0,0.1733779013156891,0.1733779013156891,0,0.0,0,0,0
ESP-La Liga,2526,2025-08-16 Mallorca-Barcelona,Barcelona,Jules Koundé,4,2025,29160,148,6433,Sub,17,6,0,0,0,0.0,0.2383817881345749,0.2383817881345749,0,0.0,0,0,0
ESP-La Liga,2526,2025-08-16 Mallorca-Barcelona,Barcelona,Lamine Yamal,4,2025,29160,148,11527,AMR,11,90,1,0,9,0.4463861584663391,1.2426408529281616,0.9040892720222473,1,0.6899818778038025,3,0,0
ESP-La Liga,2526,2025-08-16 Mallorca-Barcelona,Barcelona,Marcus Rashford,4,2025,29160,148,556,Sub,17,14,0,0,0,0.0,0.13989539444446564,0.06552021950483322,0,0.1108447015285492,2,0,0
ESP-La Liga,2526,2025-08-16 Mallorca-Barcelona,Barcelona,Pau Cubarsí,4,2025,29160,148,12005,DC,3,76,0,0,0,0.0,0.061175402253866196,0.061175402253866196,0,0.0,0,0,0
ESP-La Liga,2526,2025-08-16 Mallorca-Barcelona,Barcelona,Pedri,4,2025,29160,148,8935,DMC,7,90,0,0,2,0.1681509166955948,1.4682426452636719,1.195738673210144,0,0.2168804109096527,4,0,0
ESP-La Liga,2526,2025-08-16 Mallorca-Barcelona,Barcelona,Raphinha,4,2025,29160,148,8026,AML,13,84,1,0,3,0.6558778285980225,0.9226727485656738,0.06625550240278244,0,0.2005394548177719,2,1,0
ESP-La Liga,2526,2025-08-16 Mallorca-Barcelona,Barcelona,Ronald Araújo,4,2025,29160,148,8091,DC,3,90,0,0,1,0.037752099335193634,0.2592875063419342,0.2592875063419342,0,0.0,0,0,0
ESP-La Liga,2526,2025-08-16 Mallorca-Barcelona,Barcelona,Álex Balde,4,2025,29160,148,9805,DL,4,75,0,0,0,0.0,0.20793814957141876,0.0831293910741806,0,0.12480875849723816,1,0,0
ESP-La Liga,2526,2025-08-16 Mallorca-Barcelona,Mallorca,Antonio Sánchez,4,2025,29160,239,9970,DMC,7,90,0,0,1,0.037202756851911545,0.0,0.0,0,0.0,0,0,0
ESP-La Liga,2526,2025-08-16 Mallorca-Barcelona,Mallorca,Dani Rodríguez,4,2025,29160,239,7841,Sub,17,37,0,0,1,0.02346600592136383,0.02346600592136383,0.0,0,0.0,0,0,0
ESP-La Liga,2526,2025-08-16 Mallorca-Barcelona,Mallorca,Jan Salas,4,2025,29160,239,12951,Sub,17,1,0,0,0,0.0,0.0,0.0,0,0.0,0,0,0
ESP-La Liga,2526,2025-08-16 Mallorca-Barcelona,Mallorca,Johan Mojica,4,2025,29160,239,6242,DL,4,90,0,0,0,0.0,0.0,0.0,0,0.0,0,0,0
ESP-La Liga,2526,2025-08-16 Mallorca-Barcelona,Mallorca,Leo Román,4,2025,29160,239,9839,GK,1,90,0,0,0,0.0,0.0,0.0,0,0.0,0,0,0
ESP-La Liga,2526,2025-08-16 Mallorca-Barcelona,Mallorca,Manuel Morlanes,4,2025,29160,239,6592,DMC,7,32,0,0,0,0.0,0.0,0.0,0,0.0,0,0,1
ESP-La Liga,2526,2025-08-16 Mallorca-Barcelona,Mallorca,Martin Valjent,4,2025,29160,239,7838,DC,3,90,0,0,0,0.0,0.455783873796463,0.455783873796463,0,0.0,0,0,0
ESP-La Liga,2526,2025-08-16 Mallorca-Barcelona,Mallorca,Mateo Joseph,4,2025,29160,239,11208,Sub,17,37,0,0,0,0.0,0.0,0.0,0,0.0,0,0,0
ESP-La Liga,2526,2025-08-16 Mallorca-Barcelona,Mallorca,Mateu Morey,4,2025,29160,239,8070,DR,2,53,0,0,0,0.0,0.455783873796463,0.0,0,0.455783873796463,1,1,0
ESP-La Liga,2526,2025-08-16 Mallorca-Barcelona,Mallorca,Omar Mascarell,4,2025,29160,239,2456,Sub,17,37,0,0,0,0.0,0.02346600592136383,0.0,0,0.02346600592136383,1,0,0
ESP-La Liga,2526,2025-08-16 Mallorca-Barcelona,Mallorca,Pablo Torre,4,2025,29160,239,11025,AMC,12,53,0,0,0,0.0,0.0,0.0,0,0.0,0,1,0
ESP-La Liga,2526,2025-08-16 Mallorca-Barcelona,Mallorca,Raíllo,4,2025,29160,239,2584,DC,3,90,0,0,1,0.012763912789523602,0.0,0.0,0,0.0,0,0,0
ESP-La Liga,2526,2025-08-16 Mallorca-Barcelona,Mallorca,Sergi Darder,4,2025,29160,239,2621,AML,13,90,0,0,0,0.0,0.0,0.0,0,0.012763912789523602,1,0,0
ESP-La Liga,2526,2025-08-16 Mallorca-Barcelona,Mallorca,Takuma Asano,4,2025,29160,239,6087,AMR,11,53,0,0,0,0.0,0.0,0.0,0,0.0,0,0,0
ESP-La Liga,2526,2025-08-16 Mallorca-Barcelona,Mallorca,Toni Lato,4,2025,29160,239,2479,Sub,17,1,0,0,0,0.0,0.0,0.0,0,0.0,0,0,0
ESP-La Liga,2526,2025-08-16 Mallorca-Barcelona,Mallorca,Vedat Muriqi,4,2025,29160,239,9002,FW,15,38,0,0,1,0.455783873796463,0.455783873796463,0.0,0,0.0,0,0,1
ESP-La Liga,2526,2025-08-23 Levante-Barcelona,Barcelona,Andreas Christensen,4,2025,29171,148,200,Sub,17,6,0,0,0,0.0,0.07308696210384369,0.07308696210384369,0,0.0,0,0,0
ESP-La Liga,2526,2025-08-23 Levante-Barcelona,Barcelona,Dani Olmo,4,2025,29171,148,8292,Sub,17,36,0,0,2,0.09238483011722565,0.3407188355922699,0.18315459787845612,0,0.17524704337120056,2,0,0
ESP-La Liga,2526,2025-08-23 Levante-Barcelona,Barcelona,Eric Garcia,4,2025,29171,148,8045,DR,2,90,0,0,1,0.11006762832403183,0.9818734526634216,0.8338459134101868,0,0.09114111959934235,3,0,0
ESP-La Liga,2526,2025-08-23 Levante-Barcelona,Barcelona,Ferrán Torres,4,2025,29171,148,6441,FW,15,90,1,0,5,1.5015840530395508,1.4266594648361206,0.1424787938594818,0,0.11709695309400558,2,0,0
ESP-La Liga,2526,2025-08-23 Levante-Barcelona,Barcelona,Gavi,4,2025,29171,148,9804,Sub,17,36,0,0,0,0.0,0.2154093235731125,0.2154093235731125,0,0.03225473314523697,1,0,0
ESP-La Liga,2526,2025-08-23 Levante-Barcelona,Barcelona,Joan García,4,2025,29171,148,9773,GK,1,90,0,0,0,0.0,0.1666683405637741,0.1666683405637741,0,0.0,0,0,0
ESP-La Liga,2526,2025-08-23 Levante-Barcelona,Barcelona,Jules Koundé,4,2025,29171,148,6433,Sub,17,1,0,0,1,0.07308696210384369,0.07308696210384369,0.0,0,0.0,0,0,0
ESP-La Liga,2526,2025-08-23 Levante-Barcelona,Barcelona,Lamine Yamal,4,2025,29171,148,11527,AMR,11,90,0,0,8,0.31622543931007385,1.1686652898788452,0.8792892098426819,1,0.07554406672716141,2,0,0
ESP-La Liga,2526,2025-08-23 Levante-Barcelona,Barcelona,Marc Casadó,4,2025,29171,148,11151,DMC,7,54,0,0,0,0.0,0.33022019267082214,0.33022019267082214,0,0.0,0,0,0
ESP-La Liga,2526,2025-08-23 Levante-Barcelona,Barcelona,Marcus Rashford,4,2025,29171,148,556,AML,13,54,0,0,1,0.055016662925481796,0.23448722064495087,0.23448722064495087,0,0.065268874168396,2,0,0
ESP-La Liga,2526,2025-08-23 Levante-Barcelona,Barcelona,Pau Cubarsí,4,2025,29171,148,12005,DC,3,90,0,0,1,0.06397504359483719,0.3497290015220642,0.3497290015220642,0,0.0,0,0,0
ESP-La Liga,2526,2025-08-23 Levante-Barcelona,Barcelona,Pedri,4,2025,29171,148,8935,DMC,7,90,1,0,2,0.05353027954697609,1.5863608121871948,1.187947154045105,0,0.43624192476272583,2,0,0
ESP-La Liga,2526,2025-08-23 Levante-Barcelona,Barcelona,Raphinha,4,2025,29171,148,8026,AMC,12,90,0,0,4,0.17039909958839417,1.0740792751312256,0.39037206768989563,1,0.9522009491920471,4,0,0
ESP-La Liga,2526,2025-08-23 Levante-Barcelona,Barcelona,Robert Lewandowski,4,2025,29171,148,227,Sub,17,6,0,0,0,0.0,0.0,0.0,0,0.0,0,0,0
ESP-La Liga,2526,2025-08-23 Levante-Barcelona,Barcelona,Ronald Araújo,4,2025,29171,148,8091,DC,3,84,0,0,0,0.0,0.22830548882484436,0.22830548882484436,0,0.0,0,0,0
ESP-La Liga,2526,2025-08-23 Levante-Barcelona,Barcelona,Álex Balde,4,2025,29171,148,9805,DL,4,84,0,0,1,0.048336561769247055,1.216576337814331,0.8914241194725037,0,0.2768156826496124,3,1,0
ESP-La Liga,2526,2025-08-23 Levante-Barcelona,Levante,Adrián De la Fuente,4,2025,29171,151,10319,DC,3,90,0,0,1,0.26494523882865906,0.25471705198287964,0.25471705198287964,0,0.0,0,0,0
ESP-La Liga,2526,2025-08-23 Levante-Barcelona,Levante,Carlos Espí,4,2025,29171,151,13769,Sub,17,7,0,0,0,0.0,0.0,0.0,0,0.0,0,0,0
ESP-La Liga,2526,2025-08-23 Levante-Barcelona,Levante,Carlos Álvarez,4,2025,29171,151,11264,Sub,17,23,0,0,0,0.0,0.0,0.0,0,0.0,0,0,0
ESP-La Liga,2526,2025-08-23 Levante-Barcelona,Levante,Diego Pampín,4,2025,29171,151,6291,Sub,17,7,0,0,0,0.0,0.0,0.0,0,0.0,0,1,0
ESP-La Liga,2526,2025-08-23 Levante-Barcelona,Levante,Iker Losada,4,2025,29171,151,7825,Sub,17,7,0,0,0,0.0,0.0,0.0,0,0.0,0,0,0
ESP-La Liga,2526,2025-08-23 Levante-Barcelona,Levante,Iván Romero,4,2025,29171,151,9275,FW,15,83,1,0,1,0.5942041873931885,0.9656153917312622,0.0,0,0.37141120433807373,2,0,0
ESP-La Liga,2526,2025-08-23 Levante-Barcelona,Levante,Jeremy Toljan,4,2025,29171,151,257,DR,2,90,0,0,0,0.0,0.9494742155075073,0.25471705198287964,1,0.6947571635246277,2,0,0
ESP-La Liga,2526,2025-08-23 Levante-Barcelona,Levante,Jorge Cabello,4,2025,29171,151,13766,DC,3,90,0,0,0,0.0,0.49508702754974365,0.49508702754974365,0,0.0,0,0,0
ESP-La Liga,2526,2025-08-23 Levante-Barcelona,Levante,Manuel Sánchez,4,2025,29171,151,7605,DL,4,83,0,0,0,0.0,1.1898442506790161,0.6947571635246277,0,0.49508702754974365,1,0,0
ESP-La Liga,2526,2025-08-23 Levante-Barcelona,Levante,Morales,4,2025,29171,151,2186,ML,10,67,1,0,3,1.1323070526123047,1.478320598602295,1.0892912149429321,0,0.0,0,1,0
ESP-La Liga,2526,2025-08-23 Levante-Barcelona,Levante,Oriol Rey,4,2025,29171,151,8764,MC,9,90,0,0,0,0.0,0.5956400036811829,0.5956400036811829,0,0.0,0,0,0
ESP-La Liga,2526,2025-08-23 Levante-Barcelona,Levante,Pablo Cuñat,4,2025,29171,151,9424,GK,1,90,0,0,0,0.0,0.0,0.0,0,0.0,0,0,0
ESP-La Liga,2526,2025-08-23 Levante-Barcelona,Levante,Pablo Martínez,4,2025,29171,151,8183,MC,9,90,0,0,0,0.0,0.25471705198287964,0.25471705198287964,0,0.26494523882865906,1,1,0
ESP-La Liga,2526,2025-08-23 Levante-Barcelona,Levante,Roger Brugué,4,2025,29171,151,13767,MR,8,83,0,0,3,0.7123342156410217,0.8466465473175049,0.0,0,0.13431237637996674,1,0,0
ESP-La Liga,2526,2025-08-23 Levante-Barcelona,Levante,Unai Elgezabal,4,2025,29171,151,13765,DC,3,90,0,1,0,0.0,0.0,0.0,0,0.0,0,0,0
ESP-La Liga,2526,2025-08-23 Levante-Barcelona,Levante,Víctor García,4,2025,29171,151,8500,Sub,17,1,0,0,0,0.0,0.0,0.0,0,0.0,0,0,0
ESP-La Liga,2526,2025-08-31 Rayo Vallecano-Barcelona,Barcelona,Andreas Christensen,4,2025,29188,148,200,DC,3,90,0,0,1,0.04862542822957039,0.07298558950424194,0.07298558950424194,0,0.0,0,0,0
ESP-La Liga,2526,2025-08-31 Rayo Vallecano-Barcelona,Barcelona,Dani Olmo,4,2025,29188,148,8292,AMC,12,67,0,0,3,0.5365748405456543,0.5819598436355591,0.0,0,0.061122093349695206,1,0,0
ESP-La Liga,2526,2025-08-31 Rayo Vallecano-Barcelona,Barcelona,Eric Garcia,4,2025,29188,148,8045,DC,3,90,0,0,2,0.527319610118866,0.07298558950424194,0.07298558950424194,0,0.0,0,0,0
ESP-La Liga,2526,2025-08-31 Rayo Vallecano-Barcelona,Barcelona,Fermín López,4,2025,29188,148,11822,Sub,17,23,0,0,0,0.0,0.0,0.0,0,0.0,0,0,0
ESP-La Liga,2526,2025-08-31 Rayo Vallecano-Barcelona,Barcelona,Ferrán Torres,4,2025,29188,148,6441,FW,15,82,0,0,0,0.0,0.07298558950424194,0.0,0,0.07298558950424194,1,0,0
ESP-La Liga,2526,2025-08-31 Rayo Vallecano-Barcelona,Barcelona,Frenkie de Jong,4,2025,29188,148,7781,DMC,7,90,0,0,0,0.0,0.10958016663789749,0.07088451832532883,0,0.038695648312568665,1,0,0
ESP-La Liga,2526,2025-08-31 Rayo Vallecano-Barcelona,Barcelona,Gerard Martín,4,2025,29188,148,12821,Sub,17,8,0,0,0,0.0,0.04845806956291199,0.038695648312568665,0,0.009762420319020748,1,0,0
ESP-La Liga,2526,2025-08-31 Rayo Vallecano-Barcelona,Barcelona,Joan García,4,2025,29188,148,9773,GK,1,90,0,0,0,0.0,0.1116812452673912,0.1116812452673912,0,0.0,0,0,0
ESP-La Liga,2526,2025-08-31 Rayo Vallecano-Barcelona,Barcelona,Jules Koundé,4,2025,29188,148,6433,DR,2,90,0,0,0,0.0,0.0,0.0,0,0.0,0,1,0
ESP-La Liga,2526,2025-08-31 Rayo Vallecano-Barcelona,Barcelona,Lamine Yamal,4,2025,29188,148,11527,AMR,11,90,1,0,3,0.8430953621864319,0.09981774538755417,0.0,0,0.3095840811729431,2,0,0
ESP-La Liga,2526,2025-08-31 Rayo Vallecano-Barcelona,Barcelona,Marcus Rashford,4,2025,29188,148,556,Sub,17,24,0,0,1,0.009762420319020748,0.009762420319020748,0.0,0,0.26636093854904175,1,0,0
ESP-La Liga,2526,2025-08-31 Rayo Vallecano-Barcelona,Barcelona,Pedri,4,2025,29188,148,8935,DMC,7,90,0,0,1,0.019332488998770714,0.07088451832532883,0.07088451832532883,0,0.0,0,0,0
ESP-La Liga,2526,2025-08-31 Rayo Vallecano-Barcelona,Barcelona,Raphinha,4,2025,29188,148,8026,AML,13,66,0,0,1,0.37303346395492554,0.37303346395492554,0.0,0,0.015737103298306465,1,0,0
ESP-La Liga,2526,2025-08-31 Rayo Vallecano-Barcelona,Barcelona,Robert Lewandowski,4,2025,29188,148,227,Sub,17,8,0,0,0,0.0,0.0,0.0,0,0.0,0,0,0
ESP-La Liga,2526,2025-08-31 Rayo Vallecano-Barcelona,Barcelona,Álex Balde,4,2025,29188,148,9805,DL,4,82,0,0,0,0.0,0.07298558950424194,0.07298558950424194,0,0.0,0,0,0
ESP-La Liga,2526,2025-08-31 Rayo Vallecano-Barcelona,Rayo Vallecano,Alfonso Espino,4,2025,29188,145,8733,Sub,17,1,0,0,0,0.0,0.0,0.0,0,0.0,0,0,0
ESP-La Liga,2526,2025-08-31 Rayo Vallecano-Barcelona,Rayo Vallecano,Andrei Ratiu,4,2025,29188,145,7515,DR,2,90,0,0,2,0.5146492719650269,0.5212807655334473,0.022665027529001236,0,0.0,0,0,0
ESP-La Liga,2526,2025-08-31 Rayo Vallecano-Barcelona,Rayo Vallecano,Augusto Batalla,4,2025,29188,145,12298,GK,1,90,0,0,0,0.0,0.8810814023017883,0.8810814023017883,0,0.0,0,1,0
ESP-La Liga,2526,2025-08-31 Rayo Vallecano-Barcelona,Rayo Vallecano,Florian Lejeune,4,2025,29188,145,5073,DC,3,90,0,0,1,0.03509846329689026,0.022665027529001236,0.022665027529001236,0,0.0,0,0,0
ESP-La Liga,2526,2025-08-31 Rayo Vallecano-Barcelona,Rayo Vallecano,Fran Pérez,4,2025,29188,145,10944,Sub,17,27,1,0,2,0.24679197371006012,0.06011328473687172,0.022665027529001236,0,0.022665027529001236,1,0,0
ESP-La Liga,2526,2025-08-31 Rayo Vallecano-Barcelona,Rayo Vallecano,Gerard Gumbau,4,2025,29188,145,2609,Sub,17,1,0,0,0,0.0,0.0,0.0,0,0.0,0,0,0
ESP-La Liga,2526,2025-08-31 Rayo Vallecano-Barcelona,Rayo Vallecano,Isi Palazón,4,2025,29188,145,9812,FW,15,90,0,0,1,0.08998464792966843,0.9927617907524109,0.5429764986038208,1,0.6563541293144226,3,0,0
ESP-La Liga,2526,2025-08-31 Rayo Vallecano-Barcelona,Rayo Vallecano,Jorge De Frutos,4,2025,29188,145,8107,MR,8,80,0,0,2,0.45413097739219666,0.5441156029701233,0.0,0,0.08998464792966843,1,0,0
ESP-La Liga,2526,2025-08-31 Rayo Vallecano-Barcelona,Rayo Vallecano,Luiz Felipe,4,2025,29188,145,6177,DC,3,80,0,0,1,0.08720973879098892,0.0,0.0,0,0.0,0,0,0
ESP-La Liga,2526,2025-08-31 Rayo Vallecano-Barcelona,Rayo Vallecano,Pathé Ciss,4,2025,29188,145,9815,MC,9,90,0,0,0,0.0,0.4041614234447479,0.4041614234447479,0,0.0,0,0,0
ESP-La Liga,2526,2025-08-31 Rayo Vallecano-Barcelona,Rayo Vallecano,Pedro Díaz,4,2025,29188,145,12863,FW,15,90,0,0,1,0.04436074197292328,0.6030897498130798,0.5212807655334473,0,0.03744825720787048,1,0,0
ESP-La Liga,2526,2025-08-31 Rayo Vallecano-Barcelona,Rayo Vallecano,Pep Chavarría,4,2025,29188,145,11087,DL,4,90,0,0,0,0.0,0.06702577322721481,0.06702577322721481,0,0.0,0,1,0
ESP-La Liga,2526,2025-08-31 Rayo Vallecano-Barcelona,Rayo Vallecano,Sergio Camello,4,2025,29188,145,7528,Sub,17,10,0,0,1,0.43986061215400696,0.43986061215400696,0.0,0,0.0,0,0,0
ESP-La Liga,2526,2025-08-31 Rayo Vallecano-Barcelona,Rayo Vallecano,Unai López,4,2025,29188,145,4091,MC,9,63,0,0,0,0.0,0.08998464792966843,0.08998464792966843,0,0.0,0,1,0
ESP-La Liga,2526,2025-08-31 Rayo Vallecano-Barcelona,Rayo Vallecano,Álvaro García,4,2025,29188,145,7071,ML,10,90,0,0,1,0.022665027529001236,0.5656415224075317,0.0,0,0.5429764986038208,2,0,0
ESP-La Liga,2526,2025-08-31 Rayo Vallecano-Barcelona,Rayo Vallecano,Óscar Valentín,4,2025,29188,145,9811,Sub,17,10,0,0,0,0.0,0.0,0.0,0,0.0,0,0,0
ESP-La Liga,2526,2025-09-14 Barcelona-Valencia,Barcelona,Dani Olmo,4,2025,29194,148,8292,Sub,17,21,0,0,1,0.04444834589958191,1.1355328559875488,0.5099553465843201,1,0.5811291933059692,2,0,0
ESP-La Liga,2526,2025-09-14 Barcelona-Valencia,Barcelona,Eric Garcia,4,2025,29194,148,8045,DC,3,90,0,0,1,0.11571172624826431,1.65757417678833,1.5735872983932495,0,0.08398693054914474,2,0,0
ESP-La Liga,2526,2025-09-14 Barcelona-Valencia,Barcelona,Fermín López,4,2025,29194,148,11822,AMC,12,90,2,0,5,0.24768880009651184,2.369126319885254,1.763211965560913,0,0.7868673801422119,2,0,0
ESP-La Liga,2526,2025-09-14 Barcelona-Valencia,Barcelona,Ferrán Torres,4,2025,29194,148,6441,FW,15,69,0,0,5,1.0367188453674316,1.7460483312606812,0.6176091432571411,1,0.0917203277349472,2,0,0
ESP-La Liga,2526,2025-09-14 Barcelona-Valencia,Barcelona,Gerard Martín,4,2025,29194,148,12821,DL,4,75,0,0,0,0.0,1.368027687072754,1.2440543174743652,0,0.1239733025431633,1,0,0
ESP-La Liga,2526,2025-09-14 Barcelona-Valencia,Barcelona,Joan García,4,2025,29194,148,9773,GK,1,90,0,0,0,0.0,1.1314200162887573,1.1314200162887573,0,0.0,0,0,0
ESP-La Liga,2526,2025-09-14 Barcelona-Valencia,Barcelona,Jofre Torrents,4,2025,29194,148,13748,Sub,17,15,0,0,0,0.0,1.0384724140167236,1.0384724140167236,0,0.0,0,0,0
ESP-La Liga,2526,2025-09-14 Barcelona-Valencia,Barcelona,Jules Koundé,4,2025,29194,148,6433,DR,2,90,0,0,0,0.0,1.6331477165222168,1.6331477165222168,0,0.0,0,0,0
ESP-La Liga,2526,2025-09-14 Barcelona-Valencia,Barcelona,Marc Bernal,4,2025,29194,148,12820,Sub,17,8,0,0,0,0.0,0.5099553465843201,0.5099553465843201,1,0.5099553465843201,1,0,0
ESP-La Liga,2526,2025-09-14 Barcelona-Valencia,Barcelona,Marc Casadó,4,2025,29194,148,11151,DMC,7,90,0,0,1,0.01476548332720995,1.8800251483917236,1.8541994094848633,1,0.04508495703339577,2,0,0
ESP-La Liga,2526,2025-09-14 Barcelona-Valencia,Barcelona,Marcus Rashford,4,2025,29194,148,556,AML,13,69,0,0,2,0.07041997462511063,1.2463130950927734,0.4614245295524597,1,0.7407181262969971,3,0,0
ESP-La Liga,2526,2025-09-14 Barcelona-Valencia,Barcelona,Pau Cubarsí,4,2025,29194,148,12005,DC,3,90,0,0,0,0.0,1.8696318864822388,1.8696318864822388,0,0.0,0,0,0
ESP-La Liga,2526,2025-09-14 Barcelona-Valencia,Barcelona,Pedri,4,2025,29194,148,8935,DMC,7,82,0,0,1,0.0183258093893528,1.5071351528167725,1.48880934715271,0,0.06536240875720978,2,0,0
ESP-La Liga,2526,2025-09-14 Barcelona-Valencia,Barcelona,Raphinha,4,2025,29194,148,8026,Sub,17,43,2,0,4,0.908457338809967,1.6126600503921509,0.7042027115821838,0,0.0,0,0,0
ESP-La Liga,2526,2025-09-14 Barcelona-Valencia,Barcelona,Robert Lewandowski,4,2025,29194,148,227,Sub,17,21,2,0,2,0.9940240979194641,0.9940240979194641,0.0,0,0.0,0,0,0
ESP-La Liga,2526,2025-09-14 Barcelona-Valencia,Barcelona,Roony Bardghji,4,2025,29194,148,14064,AMR,11,47,0,0,2,0.04017331823706627,0.13326871395111084,0.019259251654148102,0,0.20880712568759918,2,0,0
ESP-La Liga,2526,2025-09-14 Barcelona-Valencia,Valencia,Arnaut Danjuma Groeneveld,4,2025,29194,146,8066,FW,15,58,0,0,0,0.0,0.0,0.0,0,0.0,0,0,0
ESP-La Liga,2526,2025-09-14 Barcelona-Valencia,Valencia,Baptiste Santamaria,4,2025,29194,146,5654,MC,9,90,0,0,0,0.0,0.0,0.0,0,0.0,0,0,0
ESP-La Liga,2526,2025-09-14 Barcelona-Valencia,Valencia,Copete,4,2025,29194,146,10982,DC,3,90,0,0,0,0.0,0.0,0.0,0,0.0,0,0,0
ESP-La Liga,2526,2025-09-14 Barcelona-Valencia,Valencia,César Tárrega,4,2025,29194,146,10107,DC,3,90,0,0,0,0.0,0.0,0.0,0,0.0,0,0,0
ESP-La Liga,2526,2025-09-14 Barcelona-Valencia,Valencia,Diego López,4,2025,29194,146,9694,MC,9,58,0,0,0,0.0,0.0,0.0,0,0.0,0,0,0
ESP-La Liga,2526,2025-09-14 Barcelona-Valencia,Valencia,Dimitri Foulquier,4,2025,29194,146,2509,DR,2,90,0,0,0,0.0,0.12495049834251404,0.12495049834251404,0,0.0,0,0,0
ESP-La Liga,2526,2025-09-14 Barcelona-Valencia,Valencia,Filip Ugrinic,4,2025,29194,146,13761,Sub,17,32,0,0,0,0.0,0.0905512347817421,0.0905512347817421,0,0.0,0,0,0
ESP-La Liga,2526,2025-09-14 Barcelona-Valencia,Valencia,Hugo Duro,4,2025,29194,146,6637,FW,15,78,0,0,0,0.0,0.0,0.0,0,0.0,0,0,0
ESP-La Liga,2526,2025-09-14 Barcelona-Valencia,Valencia,Javier Guerra,4,2025,29194,146,10322,MC,9,58,0,0,0,0.0,0.0,0.0,0,0.0,0,0,0
ESP-La Liga,2526,2025-09-14 Barcelona-Valencia,Valencia,José Gayá,4,2025,29194,146,2505,DL,4,90,0,0,0,0.0,0.0905512347817421,0.0,0,0.0905512347817421,1,0,0
ESP-La Liga,2526,2025-09-14 Barcelona-Valencia,Valencia,Julen Agirrezabala,4,2025,29194,146,9824,GK,1,90,0,0,0,0.0,0.03439926728606224,0.03439926728606224,0,0.0,0,0,0
ESP-La Liga,2526,2025-09-14 Barcelona-Valencia,Valencia,Largie Ramazani,4,2025,29194,146,10975,Sub,17,32,0,0,1,0.03439926728606224,0.03439926728606224,0.0,0,0.0,0,0,0
ESP-La Liga,2526,2025-09-14 Barcelona-Valencia,Valencia,Lucas Beltrán,4,2025,29194,146,11900,Sub,17,12,0,0,0,0.0,0.03439926728606224,0.03439926728606224,0,0.0,0,0,0
ESP-La Liga,2526,2025-09-14 Barcelona-Valencia,Valencia,Luis Rioja,4,2025,29194,146,7870,Sub,17,32,0,0,1,0.0905512347817421,0.0905512347817421,0.0,0,0.0,0,0,0
ESP-La Liga,2526,2025-09-14 Barcelona-Valencia,Valencia,Mouctar Diakhaby,4,2025,29194,146,5666,DC,3,66,0,0,0,0.0,0.0,0.0,0,0.0,0,1,0
ESP-La Liga,2526,2025-09-14 Barcelona-Valencia,Valencia,Thierry Correia,4,2025,29194,146,8058,Sub,17,24,0,0,0,0.0,0.03439926728606224,0.0,0,0.03439926728606224,1,0,0
ESP-La Liga,2526,2025-09-21 Barcelona-Getafe,Barcelona,Andreas Christensen,4,2025,29199,148,200,DC,3,90,0,0,0,0.0,1.351668119430542,1.351668119430542,0,0.0,0,1,0
ESP-La Liga,2526,2025-09-21 Barcelona-Getafe,Barcelona,Dani Olmo,4,2025,29199,148,8292,MC,9,90,1,0,4,0.5959794521331787,1.818779706954956,1.2045689821243286,1,0.51142817735672,3,0,0
ESP-La Liga,2526,2025-09-21 Barcelona-Getafe,Barcelona,Eric Garcia,4,2025,29199,148,8045,DC,3,90,0,0,0,0.0,0.6935346126556396,0.6935346126556396,0,0.0,0,0,0
ESP-La Liga,2526,2025-09-21 Barcelona-Getafe,Barcelona,Fermín López,4,2025,29199,148,11822,Sub,17,27,0,0,1,0.08857989311218262,0.32240810990333557,0.11596129089593887,0,0.11786691844463348,1,0,0
ESP-La Liga,2526,2025-09-21 Barcelona-Getafe,Barcelona,Ferrán Torres,4,2025,29199,148,6441,FWL,16,63,2,0,4,1.2894113063812256,2.0068976879119873,0.7174863219261169,0,0.0,0,0,0
ESP-La Liga,2526,2025-09-21 Barcelona-Getafe,Barcelona,Frenkie de Jong,4,2025,29199,148,7781,MC,9,63,0,0,0,0.0,1.5593665838241577,1.5593665838241577,0,0.0,0,0,0
ESP-La Liga,2526,2025-09-21 Barcelona-Getafe,Barcelona,Gerard Martín,4,2025,29199,148,12821,DL,4,87,0,0,0,0.0,1.3695534467697144,1.1707792282104492,0,0.27517884969711304,3,0,0
ESP-La Liga,2526,2025-09-21 Barcelona-Getafe,Barcelona,Joan García,4,2025,29199,148,9773,GK,1,90,0,0,0,0.0,0.2064468115568161,0.2064468115568161,0,0.0,0,0,0
ESP-La Liga,2526,2025-09-21 Barcelona-Getafe,Barcelona,Jules Koundé,4,2025,29199,148,6433,DR,2,90,0,0,0,0.0,0.5805442333221436,0.5805442333221436,0,0.0,0,0,0
ESP-La Liga,2526,2025-09-21 Barcelona-Getafe,Barcelona,Marc Casadó,4,2025,29199,148,11151,Sub,17,27,0,0,1,0.022250520065426826,0.22679169476032257,0.2045411765575409,0,0.0,0,0,0
ESP-La Liga,2526,2025-09-21 Barcelona-Getafe,Barcelona,Marcus Rashford,4,2025,29199,148,556,Sub,17,41,0,0,2,0.18298153579235077,0.18298153579235077,0.0,0,0.0,0,0,0
ESP-La Liga,2526,2025-09-21 Barcelona-Getafe,Barcelona,Pedri,4,2025,29199,148,8935,MC,9,79,0,0,0,0.0,1.3972859382629395,0.9773737788200378,0,1.1468638181686401,4,0,0
ESP-La Liga,2526,2025-09-21 Barcelona-Getafe,Barcelona,Raphinha,4,2025,29199,148,8026,FWR,14,49,0,0,1,0.020755307748913765,1.4767911434173584,1.105664610862732,1,0.37112653255462646,1,1,0
ESP-La Liga,2526,2025-09-21 Barcelona-Getafe,Barcelona,Robert Lewandowski,4,2025,29199,148,227,FW,15,90,0,0,2,0.7134849429130554,0.7643316388130188,0.050846680998802185,0,0.0,0,0,0
ESP-La Liga,2526,2025-09-21 Barcelona-Getafe,Barcelona,Ronald Araújo,4,2025,29199,148,8091,Sub,17,3,0,0,0,0.0,0.16871359944343567,0.16871359944343567,0,0.0,0,0,0
ESP-La Liga,2526,2025-09-21 Barcelona-Getafe,Barcelona,Roony Bardghji,4,2025,29199,148,14064,Sub,17,11,0,0,1,0.050846680998802185,0.050846680998802185,0.050846680998802185,0,0.0,0,0,0
ESP-La Liga,2526,2025-09-21 Barcelona-Getafe,Getafe,Abdelkabir Abqar,4,2025,29199,142,9297,DC,3,90,0,0,0,0.0,0.0,0.0,0,0.0,0,1,0
ESP-La Liga,2526,2025-09-21 Barcelona-Getafe,Getafe,Abu Kamara,4,2025,29199,142,10526,Sub,17,41,0,0,0,0.0,0.0,0.0,0,0.0,0,0,0
ESP-La Liga,2526,2025-09-21 Barcelona-Getafe,Getafe,Adrián Liso,4,2025,29199,142,13789,FW,15,83,0,0,0,0.0,0.0,0.0,0,0.0,0,1,0
ESP-La Liga,2526,2025-09-21 Barcelona-Getafe,Getafe,Alex Sancris,4,2025,29199,142,14086,Sub,17,7,0,0,0,0.0,0.0,0.0,0,0.0,0,0,0
ESP-La Liga,2526,2025-09-21 Barcelona-Getafe,Getafe,Borja Mayoral,4,2025,29199,142,2252,FW,15,49,0,0,0,0.0,0.0,0.0,0,0.0,0,0,0
ESP-La Liga,2526,2025-09-21 Barcelona-Getafe,Getafe,Coba da Costa,4,2025,29199,142,13047,Sub,17,17,0,0,0,0.0,0.0,0.0,0,0.0,0,0,0
ESP-La Liga,2526,2025-09-21 Barcelona-Getafe,Getafe,David Soria,4,2025,29199,142,2415,GK,1,90,0,0,0,0.0,0.0,0.0,0,0.0,0,0,0
ESP-La Liga,2526,2025-09-21 Barcelona-Getafe,Getafe,Davinchi,4,2025,29199,142,13788,Sub,17,41,0,0,1,0.07521737366914749,0.07521737366914749,0.0,0,0.0,0,0,0
ESP-La Liga,2526,2025-09-21 Barcelona-Getafe,Getafe,Diego Rico,4,2025,29199,142,5065,DL,4,90,0,0,0,0.0,0.0,0.0,0,0.0,0,0,0
ESP-La Liga,2526,2025-09-21 Barcelona-Getafe,Getafe,Djené Dakonam,4,2025,29199,142,6151,DC,3,49,0,0,0,0.0,0.0,0.0,0,0.0,0,1,0
ESP-La Liga,2526,2025-09-21 Barcelona-Getafe,Getafe,Domingos Duarte,4,2025,29199,142,7860,DC,3,90,0,0,1,0.09532789140939713,0.0,0.0,0,0.0,0,0,0
ESP-La Liga,2526,2025-09-21 Barcelona-Getafe,Getafe,Javi Muñoz,4,2025,29199,142,4168,Sub,17,41,0,0,1,0.045403964817523956,0.045403964817523956,0.0,0,0.0,0,0,0
ESP-La Liga,2526,2025-09-21 Barcelona-Getafe,Getafe,Kiko Femenía,4,2025,29199,142,5043,DR,2,90,0,0,0,0.0,0.0,0.0,0,0.0,0,0,0
ESP-La Liga,2526,2025-09-21 Barcelona-Getafe,Getafe,Luis Milla,4,2025,29199,142,8725,MC,9,90,0,0,0,0.0,0.0,0.0,0,0.09532789140939713,1,0,0
ESP-La Liga,2526,2025-09-21 Barcelona-Getafe,Getafe,Mario Martín,4,2025,29199,142,11349,MC,9,49,0,0,0,0.0,0.0,0.0,0,0.0,0,1,0
ESP-La Liga,2526,2025-09-21 Barcelona-Getafe,Getafe,Mauro Arambarri,4,2025,29199,142,3264,MC,9,73,0,0,0,0.0,0.0,0.0,0,0.0,0,0,0
ESP-La Liga,2526,2025-09-25 Real Oviedo-Barcelona,Barcelona,Andreas Christensen,4,2025,29213,148,200,Sub,17,1,0,0,0,0.0,0.0,0.0,0,0.0,0,0,0
ESP-La Liga,2526,2025-09-25 Real Oviedo-Barcelona,Barcelona,Dani Olmo,4,2025,29213,148,8292,AMC,12,90,0,0,2,0.10551057010889053,0.35880523920059204,0.23050318658351898,0,0.022791491821408272,1,0,0
ESP-La Liga,2526,2025-09-25 Real Oviedo-Barcelona,Barcelona,Eric Garcia,4,2025,29213,148,8045,DR,2,90,1,0,1,0.9449723958969116,0.5972299575805664,0.5972299575805664,0,0.09105709195137024,1,0,0
ESP-La Liga,2526,2025-09-25 Real Oviedo-Barcelona,Barcelona,Ferrán Torres,4,2025,29213,148,6441,FW,15,90,0,0,6,0.40547311305999756,0.42084604501724243,0.15590505301952362,0,0.05223209783434868,1,0,0
ESP-La Liga,2526,2025-09-25 Real Oviedo-Barcelona,Barcelona,Frenkie de Jong,4,2025,29213,148,7781,Sub,17,43,0,0,0,0.0,0.3922058045864105,0.28344714641571045,1,0.10875865817070007,2,0,0
ESP-La Liga,2526,2025-09-25 Real Oviedo-Barcelona,Barcelona,Gerard Martín,4,2025,29213,148,12821,DL,4,74,0,0,0,0.0,0.30103978514671326,0.30103978514671326,0,0.0,0,0,0
ESP-La Liga,2526,2025-09-25 Real Oviedo-Barcelona,Barcelona,Joan García,4,2025,29213,148,9773,GK,1,90,0,0,0,0.0,0.11596318334341049,0.11596318334341049,0,0.0,0,0,0
ESP-La Liga,2526,2025-09-25 Real Oviedo-Barcelona,Barcelona,Jules Koundé,4,2025,29213,148,6433,Sub,17,16,0,0,0,0.0,0.049765538424253464,0.049765538424253464,0,0.0,0,0,0
ESP-La Liga,2526,2025-09-25 Real Oviedo-Barcelona,Barcelona,Marc Bernal,4,2025,29213,148,12820,Sub,17,1,0,0,0,0.0,0.0,0.0,0,0.0,0,0,0
ESP-La Liga,2526,2025-09-25 Real Oviedo-Barcelona,Barcelona,Marc Casadó,4,2025,29213,148,11151,DMC,7,47,0,0,2,0.06832924485206604,0.1916026473045349,0.17025181651115417,0,0.021350819617509842,1,0,0
ESP-La Liga,2526,2025-09-25 Real Oviedo-Barcelona,Barcelona,Marcus Rashford,4,2025,29213,148,556,AML,13,90,0,0,4,0.1613994985818863,0.45566514134407043,0.25913071632385254,1,0.20363180339336395,2,0,0
ESP-La Liga,2526,2025-09-25 Real Oviedo-Barcelona,Barcelona,Pau Cubarsí,4,2025,29213,148,12005,DC,3,90,0,0,0,0.0,0.09459927678108215,0.09459927678108215,0,0.0,0,0,0
ESP-La Liga,2526,2025-09-25 Real Oviedo-Barcelona,Barcelona,Pedri,4,2025,29213,148,8935,DMC,7,90,0,0,0,0.0,0.6073191165924072,0.4934030771255493,0,0.2073284536600113,4,0,0
ESP-La Liga,2526,2025-09-25 Real Oviedo-Barcelona,Barcelona,Raphinha,4,2025,29213,148,8026,AMR,11,66,0,0,3,0.1874801218509674,0.3951074779033661,0.09522823244333267,0,0.25984013080596924,4,0,0
ESP-La Liga,2526,2025-09-25 Real Oviedo-Barcelona,Barcelona,Robert Lewandowski,4,2025,29213,148,227,Sub,17,24,1,0,2,0.09232655167579651,0.09232655167579651,0.0,0,0.0,0,0,0
ESP-La Liga,2526,2025-09-25 Real Oviedo-Barcelona,Barcelona,Ronald Araújo,4,2025,29213,148,8091,DC,3,90,1,0,2,0.20713871717453003,0.2007388025522232,0.2007388025522232,0,0.0,0,0,0
ESP-La Liga,2526,2025-09-25 Real Oviedo-Barcelona,Real Oviedo,Aarón,4,2025,29213,289,2346,GK,1,90,0,0,0,0.0,0.0,0.0,0,0.0,0,0,0
ESP-La Liga,2526,2025-09-25 Real Oviedo-Barcelona,Real Oviedo,Alberto Reina,4,2025,29213,289,13700,MC,9,77,1,0,2,0.03145960718393326,0.009563891217112541,0.0,0,0.0,0,0,0
ESP-La Liga,2526,2025-09-25 Real Oviedo-Barcelona,Real Oviedo,David Carmo,4,2025,29213,289,13983,DC,3,90,0,0,1,0.07250380516052246,0.0,0.0,0,0.0,0,0,0
ESP-La Liga,2526,2025-09-25 Real Oviedo-Barcelona,Real Oviedo,Eric Bailly,4,2025,29213,289,1739,DC,3,90,0,0,0,0.0,0.0,0.0,0,0.0,0,1,0
ESP-La Liga,2526,2025-09-25 Real Oviedo-Barcelona,Real Oviedo,Haissem Hassan,4,2025,29213,289,11401,MR,8,66,0,0,0,0.0,0.0,0.0,0,0.0,0,0,0
ESP-La Liga,2526,2025-09-25 Real Oviedo-Barcelona,Real Oviedo,Ilyas Chaira,4,2025,29213,289,13701,ML,10,76,0,0,0,0.0,0.5695468783378601,0.5695468783378601,0,0.0,0,0,0
ESP-La Liga,2526,2025-09-25 Real Oviedo-Barcelona,Real Oviedo,Josip Brekalo,4,2025,29213,289,5353,Sub,17,13,0,0,0,0.0,0.2860616445541382,0.0,0,0.2860616445541382,1,0,0
ESP-La Liga,2526,2025-09-25 Real Oviedo-Barcelona,Real Oviedo,Kwasi Sibo,4,2025,29213,289,13699,Sub,17,24,0,0,0,0.0,0.2860616445541382,0.2860616445541382,0,0.0,0,0,0
ESP-La Liga,2526,2025-09-25 Real Oviedo-Barcelona,Real Oviedo,Leander Dendoncker,4,2025,29213,289,7236,MC,9,90,0,0,1,0.0838630422949791,0.0,0.0,0,0.0,0,0,0
ESP-La Liga,2526,2025-09-25 Real Oviedo-Barcelona,Real Oviedo,Lucas Ahijado,4,2025,29213,289,14018,DR,2,90,0,0,1,0.2860616445541382,0.8556085228919983,0.5695468783378601,0,0.5695468783378601,1,0,0
ESP-La Liga,2526,2025-09-25 Real Oviedo-Barcelona,Real Oviedo,Luka Ilic,4,2025,29213,289,10388,Sub,17,24,0,0,0,0.0,0.0,0.0,0,0.0,0,0,0
ESP-La Liga,2526,2025-09-25 Real Oviedo-Barcelona,Real Oviedo,Rahim Alhassane,4,2025,29213,289,13698,DL,4,90,0,0,0,0.0,0.2860616445541382,0.2860616445541382,0,0.0,0,0,0
ESP-La Liga,2526,2025-09-25 Real Oviedo-Barcelona,Real Oviedo,Salomón Rondón,4,2025,29213,289,813,FW,15,90,0,0,2,0.9762541055679321,0.9762541055679321,0.0,0,0.0,0,0,0
ESP-La Liga,2526,2025-09-25 Real Oviedo-Barcelona,Real Oviedo,Santiago Cazorla,4,2025,29213,289,965,AMC,12,66,0,0,0,0.0,0.0,0.0,0,0.15636685490608215,2,0,0
ESP-La Liga,2526,2025-09-25 Real Oviedo-Barcelona,Real Oviedo,Santiago Colombatto,4,2025,29213,289,13953,Sub,17,1,0,0,0,0.0,0.2860616445541382,0.2860616445541382,0,0.0,0,0,0
ESP-La Liga,2526,2025-09-25 Real Oviedo-Barcelona,Real Oviedo,Álex Forés,4,2025,29213,289,13954,Sub,17,14,0,0,0,0.0,0.0,0.0,0,0.0,0,0,0
ESP-La Liga,2526,2025-09-28 Barcelona-Real Sociedad,Barcelona,Andreas Christensen,4,2025,29220,148,200,DC,3,90,0,0,1,0.07766586542129517,0.198028102517128,0.18215283751487732,0,0.015875261276960373,1,0,0
ESP-La Liga,2526,2025-09-28 Barcelona-Real Sociedad,Barcelona,Dani Olmo,4,2025,29220,148,8292,Sub,17,42,0,0,2,0.07563899457454681,1.5032926797866821,1.2732819318771362,0,0.2300107330083847,2,0,0
ESP-La Liga,2526,2025-09-28 Barcelona-Real Sociedad,Barcelona,Dro Fernández,4,2025,29220,148,13749,AMC,12,48,0,0,0,0.0,0.05164836347103119,0.0,0,0.05164836347103119,2,0,0
ESP-La Liga,2526,2025-09-28 Barcelona-Real Sociedad,Barcelona,Eric Garcia,4,2025,29220,148,8045,Sub,17,10,0,0,1,0.048510245978832245,0.0,0.0,0,0.0,0,0,0
ESP-La Liga,2526,2025-09-28 Barcelona-Real Sociedad,Barcelona,Ferrán Torres,4,2025,29220,148,6441,Sub,17,10,0,0,0,0.0,0.6307694315910339,0.0,0,0.6307694315910339,1,0,0
ESP-La Liga,2526,2025-09-28 Barcelona-Real Sociedad,Barcelona,Frenkie de Jong,4,2025,29220,148,7781,DMC,7,90,0,0,0,0.0,0.895660400390625,0.8298300504684448,0,0.12173280864953995,3,0,0
ESP-La Liga,2526,2025-09-28 Barcelona-Real Sociedad,Barcelona,Gerard Martín,4,2025,29220,148,12821,DL,4,80,0,0,1,0.01650591380894184,0.33341142535209656,0.2842327654361725,0,0.049178674817085266,1,0,0
ESP-La Liga,2526,2025-09-28 Barcelona-Real Sociedad,Barcelona,Jules Koundé,4,2025,29220,148,6433,DR,2,90,1,0,1,0.13466574251651764,0.13063308596611023,0.13063308596611023,0,0.0,0,1,0
ESP-La Liga,2526,2025-09-28 Barcelona-Real Sociedad,Barcelona,Lamine Yamal,4,2025,29220,148,11527,Sub,17,30,0,0,0,0.0,1.224103331565857,0.6630403399467468,1,0.5610629320144653,1,0,0
ESP-La Liga,2526,2025-09-28 Barcelona-Real Sociedad,Barcelona,Marc Casadó,4,2025,29220,148,11151,Sub,17,1,0,0,0,0.0,0.0,0.0,0,0.0,0,0,0
ESP-La Liga,2526,2025-09-28 Barcelona-Real Sociedad,Barcelona,Marcus Rashford,4,2025,29220,148,556,AML,13,80,0,0,6,0.24973668158054352,0.28435036540031433,0.01650591380894184,1,0.20867595076560974,2,0,0
ESP-La Liga,2526,2025-09-28 Barcelona-Real Sociedad,Barcelona,Pedri,4,2025,29220,148,8935,DMC,7,90,0,0,2,0.6302739381790161,1.6161044836044312,0.985830545425415,0,0.12918561697006226,2,0,0
ESP-La Liga,2526,2025-09-28 Barcelona-Real Sociedad,Barcelona,Robert Lewandowski,4,2025,29220,148,227,FW,15,90,1,0,5,2.1275694370269775,2.3345491886138916,0.20697954297065735,0,0.0,0,0,0
ESP-La Liga,2526,2025-09-28 Barcelona-Real Sociedad,Barcelona,Ronald Araújo,4,2025,29220,148,8091,DC,3,90,0,0,1,0.015875261276960373,0.19931666553020477,0.1834414005279541,0,0.048510245978832245,1,0,0
ESP-La Liga,2526,2025-09-28 Barcelona-Real Sociedad,Barcelona,Roony Bardghji,4,2025,29220,148,14064,AMR,11,60,0,0,2,0.07881614565849304,0.07881614565849304,0.05151974782347679,0,0.0,0,0,0
ESP-La Liga,2526,2025-09-28 Barcelona-Real Sociedad,Barcelona,Wojciech Szczesny,4,2025,29220,148,1244,GK,1,90,0,0,0,0.0,0.07587171345949173,0.07587171345949173,0,0.0,0,0,0
ESP-La Liga,2526,2025-09-28 Barcelona-Real Sociedad,Real Sociedad,Aihen Muñoz,4,2025,29220,140,7306,DL,4,90,0,0,1,0.03007669374346733,0.7075170874595642,0.5725881457328796,0,0.10485222190618515,1,0,0
ESP-La Liga,2526,2025-09-28 Barcelona-Real Sociedad,Real Sociedad,Ander Barrenetxea,4,2025,29220,140,7308,ML,10,83,0,0,0,0.0,0.6724581718444824,0.6583227515220642,1,0.5867235660552979,2,0,0
ESP-La Liga,2526,2025-09-28 Barcelona-Real Sociedad,Real Sociedad,Beñat Turrientes,4,2025,29220,140,9465,MC,9,68,0,0,0,0.0,0.6583227515220642,0.6583227515220642,0,0.0,0,0,0
ESP-La Liga,2526,2025-09-28 Barcelona-Real Sociedad,Real Sociedad,Brais Méndez,4,2025,29220,140,6227,Sub,17,21,0,0,0,0.0,0.11566457897424698,0.11566457897424698,0,0.0,0,0,0
ESP-La Liga,2526,2025-09-28 Barcelona-Real Sociedad,Real Sociedad,Carlos Soler,4,2025,29220,140,2478,Sub,17,22,0,0,0,0.0,0.0,0.0,0,0.0,0,0,0
ESP-La Liga,2526,2025-09-28 Barcelona-Real Sociedad,Real Sociedad,Duje Caleta-Car,4,2025,29220,140,7007,DC,3,90,0,0,0,0.0,0.19058682024478912,0.19058682024478912,0,0.0,0,1,0
ESP-La Liga,2526,2025-09-28 Barcelona-Real Sociedad,Real Sociedad,Gonçalo Guedes,4,2025,29220,140,5682,MR,8,59,0,0,0,0.0,0.5725881457328796,0.5725881457328796,0,0.036605797708034515,2,0,0
ESP-La Liga,2526,2025-09-28 Barcelona-Real Sociedad,Real Sociedad,Igor Zubeldia,4,2025,29220,140,2417,DC,3,90,0,0,0,0.0,0.19058682024478912,0.19058682024478912,0,0.0,0,1,0
ESP-La Liga,2526,2025-09-28 Barcelona-Real Sociedad,Real Sociedad,Jon Gorrotxategi,4,2025,29220,140,13936,DMC,7,90,0,0,0,0.0,0.19058682024478912,0.19058682024478912,0,0.0,0,0,0
ESP-La Liga,2526,2025-09-28 Barcelona-Real Sociedad,Real Sociedad,Mikel Oyarzabal,4,2025,29220,140,2234,FW,15,90,0,0,4,0.24132806062698364,0.8929749727249146,0.5725881457328796,0,0.11566457897424698,1,0,0
ESP-La Liga,2526,2025-09-28 Barcelona-Real Sociedad,Real Sociedad,Pablo Marín,4,2025,29220,140,11185,MC,9,69,0,0,0,0.0,0.08573459088802338,0.08573459088802338,0,0.0,0,0,0
ESP-La Liga,2526,2025-09-28 Barcelona-Real Sociedad,Real Sociedad,Remiro,4,2025,29220,140,2555,GK,1,90,0,0,0,0.0,0.677440345287323,0.677440345287323,0,0.0,0,0,0
ESP-La Liga,2526,2025-09-28 Barcelona-Real Sociedad,Real Sociedad,Sergio Gómez,4,2025,29220,140,6656,Sub,17,31,0,0,0,0.0,0.19058682024478912,0.19058682024478912,0,0.0,0,0,0
ESP-La Liga,2526,2025-09-28 Barcelona-Real Sociedad,Real Sociedad,Takefusa Kubo,4,2025,29220,140,8001,Sub,17,31,0,0,1,0.11566457897424698,0.20139917731285095,0.08573459088802338,0,0.08573459088802338,1,0,0
ESP-La Liga,2526,2025-09-28 Barcelona-Real Sociedad,Real Sociedad,Umar Sadiq,4,2025,29220,140,1450,Sub,17,7,0,0,0,0.0,0.0,0.0,0,0.0,0,0,0
ESP-La Liga,2526,2025-09-28 Barcelona-Real Sociedad,Real Sociedad,Álvaro Odriozola,4,2025,29220,140,2418,DR,2,59,1,0,1,0.5725881457328796,0.5725881457328796,0.0,0,0.0,0,0,0
ESP-La Liga,2526,2025-10-05 Sevilla-Barcelona,Barcelona,Andreas Christensen,4,2025,29233,148,200,Sub,17,1,0,0,0,0.0,0.31363558769226074,0.31363558769226074,0,0.0,0,0,0
ESP-La Liga,2526,2025-10-05 Sevilla-Barcelona,Barcelona,Dani Olmo,4,2025,29233,148,8292,AMC,12,90,0,0,1,0.025276167318224907,0.5497061610221863,0.39455708861351013,0,0.1298728883266449,2,0,0
ESP-La Liga,2526,2025-10-05 Sevilla-Barcelona,Barcelona,Eric Garcia,4,2025,29233,148,8045,Sub,17,36,0,0,1,0.0319252647459507,0.9030631184577942,0.870590090751648,0,0.03247298672795296,1,0,0
ESP-La Liga,2526,2025-10-05 Sevilla-Barcelona,Barcelona,Ferrán Torres,4,2025,29233,148,6441,AML,13,77,0,0,0,0.0,0.40963053703308105,0.40963053703308105,0,0.0,0,1,0
ESP-La Liga,2526,2025-10-05 Sevilla-Barcelona,Barcelona,Frenkie de Jong,4,2025,29233,148,7781,DMC,7,90,0,0,0,0.0,0.4868708550930023,0.4868708550930023,0,0.0,0,1,0
ESP-La Liga,2526,2025-10-05 Sevilla-Barcelona,Barcelona,Gerard Martín,4,2025,29233,148,12821,DL,4,54,0,0,0,0.0,0.025276167318224907,0.025276167318224907,0,0.0,0,1,0
ESP-La Liga,2526,2025-10-05 Sevilla-Barcelona,Barcelona,Jules Koundé,4,2025,29233,148,6433,DR,2,90,0,0,1,0.03675113618373871,0.7175616025924683,0.6803789138793945,0,0.037182729691267014,1,0,0
ESP-La Liga,2526,2025-10-05 Sevilla-Barcelona,Barcelona,Marcus Rashford,4,2025,29233,148,556,AMR,11,90,1,0,3,0.5372352600097656,0.7506442666053772,0.17577289044857025,0,0.10631255805492401,3,1,0
ESP-La Liga,2526,2025-10-05 Sevilla-Barcelona,Barcelona,Pau Cubarsí,4,2025,29233,148,12005,DC,3,90,0,0,1,0.08092151582241058,0.7555974721908569,0.7555974721908569,0,0.2481856495141983,1,0,0
ESP-La Liga,2526,2025-10-05 Sevilla-Barcelona,Barcelona,Pedri,4,2025,29233,148,8935,DMC,7,90,0,0,2,0.08763778954744339,0.7769746780395508,0.4574694037437439,1,0.29477977752685547,3,0,0
ESP-La Liga,2526,2025-10-05 Sevilla-Barcelona,Barcelona,Robert Lewandowski,4,2025,29233,148,227,FW,15,90,0,0,4,0.9056234955787659,0.9024717211723328,0.7401258945465088,0,0.31363558769226074,1,0,0
ESP-La Liga,2526,2025-10-05 Sevilla-Barcelona,Barcelona,Ronald Araújo,4,2025,29233,148,8091,DC,3,54,0,0,0,0.0,0.2481856495141983,0.2481856495141983,0,0.0,0,1,0
ESP-La Liga,2526,2025-10-05 Sevilla-Barcelona,Barcelona,Roony Bardghji,4,2025,29233,148,14064,Sub,17,13,0,0,4,0.7769266963005066,0.9078498482704163,0.39455708861351013,0,0.13092315196990967,2,0,0
ESP-La Liga,2526,2025-10-05 Sevilla-Barcelona,Barcelona,Wojciech Szczesny,4,2025,29233,148,1244,GK,1,90,0,0,0,0.0,1.0006715059280396,1.0006715059280396,0,0.0,0,0,0
ESP-La Liga,2526,2025-10-05 Sevilla-Barcelona,Barcelona,Álex Balde,4,2025,29233,148,9805,Sub,17,36,0,0,0,0.0,0.7957712411880493,0.7957712411880493,0,0.0,0,0,0
ESP-La Liga,2526,2025-10-05 Sevilla-Barcelona,Sevilla,Adnan Januzaj,4,2025,29233,138,323,Sub,17,9,0,0,0,0.0,0.13638097047805786,0.06617117673158646,0,0.0702097937464714,1,1,0
ESP-La Liga,2526,2025-10-05 Sevilla-Barcelona,Sevilla,Akor Adams,4,2025,29233,138,11783,Sub,17,21,1,0,2,0.4948023557662964,0.4948023557662964,0.0,0,0.0,0,1,0
ESP-La Liga,2526,2025-10-05 Sevilla-Barcelona,Sevilla,Alexis Sánchez,4,2025,29233,138,498,AMR,11,90,1,0,2,0.7553343772888184,0.393815815448761,0.38175907731056213,0,0.0976950004696846,1,0,0
ESP-La Liga,2526,2025-10-05 Sevilla-Barcelona,Sevilla,Batista Mendy,4,2025,29233,138,8283,DMC,7,81,0,0,0,0.0,0.080501489341259,0.080501489341259,0,0.0,0,0,0
ESP-La Liga,2526,2025-10-05 Sevilla-Barcelona,Sevilla,Chidera Ejuke,4,2025,29233,138,8694,Sub,17,1,0,0,0,0.0,0.4245925545692444,0.4245925545692444,1,0.4245925545692444,1,0,0
ESP-La Liga,2526,2025-10-05 Sevilla-Barcelona,Sevilla,César Azpilicueta,4,2025,29233,138,681,DC,3,90,0,0,0,0.0,0.0,0.0,0,0.0,0,0,0
ESP-La Liga,2526,2025-10-05 Sevilla-Barcelona,Sevilla,Djibril Sow,4,2025,29233,138,2624,AMC,12,69,0,0,0,0.0,0.7168644070625305,0.3351053297519684,0,0.38175907731056213,1,0,0
ESP-La Liga,2526,2025-10-05 Sevilla-Barcelona,Sevilla,Gabriel Suazo,4,2025,29233,138,11343,DL,4,90,0,0,0,0.0,0.6235471367835999,0.6235471367835999,0,0.04109659418463707,2,0,0
ESP-La Liga,2526,2025-10-05 Sevilla-Barcelona,Sevilla,Isaac Romero,4,2025,29233,138,12305,FW,15,69,1,0,5,1.386460542678833,1.4501632452011108,0.09255824983119965,0,0.080501489341259,1,1,0
ESP-La Liga,2526,2025-10-05 Sevilla-Barcelona,Sevilla,José Ángel Carmona,4,2025,29233,138,9809,DR,2,90,1,0,2,0.14667266607284546,0.863537073135376,0.7168644070625305,0,0.0,0,0,0
ESP-La Liga,2526,2025-10-05 Sevilla-Barcelona,Sevilla,Lucien Agoume,4,2025,29233,138,8165,DMC,7,90,0,0,0,0.0,1.750673770904541,1.6845026016235352,1,0.40127652883529663,2,1,0
ESP-La Liga,2526,2025-10-05 Sevilla-Barcelona,Sevilla,Marcão,4,2025,29233,138,10999,DC,3,90,0,0,2,0.11379921436309814,0.0,0.0,0,0.0,0,1,0
ESP-La Liga,2526,2025-10-05 Sevilla-Barcelona,Sevilla,Nemanja Gudelj,4,2025,29233,138,7888,Sub,17,21,0,0,0,0.0,0.49076372385025024,0.49076372385025024,0,0.0,0,1,0
ESP-La Liga,2526,2025-10-05 Sevilla-Barcelona,Sevilla,Odisseas Vlachodimos,4,2025,29233,138,375,GK,1,90,0,0,0,0.0,0.3351053297519684,0.3351053297519684,0,0.0,0,0,0
ESP-La Liga,2526,2025-10-05 Sevilla-Barcelona,Sevilla,Peque,4,2025,29233,138,12742,Sub,17,9,0,0,0,0.0,0.5609735250473022,0.5609735250473022,0,0.0,0,1,0
ESP-La Liga,2526,2025-10-05 Sevilla-Barcelona,Sevilla,Ruben Vargas,4,2025,29233,138,7810,AML,13,81,0,0,0,0.0,0.6235471367835999,0.080501489341259,1,0.5430456399917603,1,0,0
ESP-La Liga,2526,2025-10-18 Barcelona-Girona,Barcelona,Andreas Christensen,4,2025,29240,148,200,Sub,17,24,0,0,0,0.0,0.0,0.0,0,0.0,0,0,0
ESP-La Liga,2526,2025-10-18 Barcelona-Girona,Barcelona,Eric Garcia,4,2025,29240,148,8045,DC,3,90,0,0,1,0.031200986355543137,1.003537654876709,0.7545375227928162,0,0.2177991420030594,3,0,0
ESP-La Liga,2526,2025-10-18 Barcelona-Girona,Barcelona,Fermín López,4,2025,29240,148,11822,Sub,17,42,0,0,5,0.2288316935300827,0.33831626176834106,0.13378579914569855,0,0.06324949860572815,1,0,0
ESP-La Liga,2526,2025-10-18 Barcelona-Girona,Barcelona,Frenkie de Jong,4,2025,29240,148,7781,AMC,12,90,0,0,2,0.1793561726808548,1.572342038154602,0.8601418137550354,1,0.5552560687065125,3,0,0
ESP-La Liga,2526,2025-10-18 Barcelona-Girona,Barcelona,Gerard Martín,4,2025,29240,148,12821,Sub,17,12,0,0,0,0.0,0.0,0.0,0,0.0,0,0,0
ESP-La Liga,2526,2025-10-18 Barcelona-Girona,Barcelona,Jules Koundé,4,2025,29240,148,6433,DR,2,90,0,0,0,0.0,1.4275761842727661,1.3470999002456665,0,0.08047632873058319,2,0,0
ESP-La Liga,2526,2025-10-18 Barcelona-Girona,Barcelona,Lamine Yamal,4,2025,29240,148,11527,AMR,11,66,0,0,6,0.2466806024312973,0.44462525844573975,0.125669926404953,1,0.19260869920253754,2,0,0
ESP-La Liga,2526,2025-10-18 Barcelona-Girona,Barcelona,Marc Casadó,4,2025,29240,148,11151,DMC,7,84,0,0,0,0.0,0.9934526681900024,0.9304962158203125,0,0.06295643746852875,2,0,0
ESP-La Liga,2526,2025-10-18 Barcelona-Girona,Barcelona,Marcus Rashford,4,2025,29240,148,556,AML,13,90,0,0,8,0.9443011283874512,0.981794536113739,0.2453814297914505,0,0.1104341521859169,1,0,0
ESP-La Liga,2526,2025-10-18 Barcelona-Girona,Barcelona,Pau Cubarsí,4,2025,29240,148,12005,DC,3,90,0,0,1,0.1104341521859169,1.4109148979187012,1.4109148979187012,0,0.04837207868695259,1,0,0
ESP-La Liga,2526,2025-10-18 Barcelona-Girona,Barcelona,Pedri,4,2025,29240,148,8935,DMC,7,66,1,0,2,0.14760376513004303,0.2916649878025055,0.22344759106636047,0,0.02198231965303421,1,0,0
ESP-La Liga,2526,2025-10-18 Barcelona-Girona,Barcelona,Ronald Araújo,4,2025,29240,148,8091,Sub,17,6,1,0,1,0.49137651920318604,0.49137651920318604,0.0,0,0.0,0,1,0
ESP-La Liga,2526,2025-10-18 Barcelona-Girona,Barcelona,Roony Bardghji,4,2025,29240,148,14064,Sub,17,24,0,0,0,0.0,1.147818684577942,1.147818684577942,0,0.5585616827011108,1,0,0
ESP-La Liga,2526,2025-10-18 Barcelona-Girona,Barcelona,Toni Fernández,4,2025,29240,148,13110,FW,15,48,0,0,0,0.0,0.08811617642641068,0.0,0,0.08811617642641068,1,0,0
ESP-La Liga,2526,2025-10-18 Barcelona-Girona,Barcelona,Wojciech Szczesny,4,2025,29240,148,1244,GK,1,90,0,0,0,0.0,0.6411172747612,0.6411172747612,0,0.0,0,0,0
ESP-La Liga,2526,2025-10-18 Barcelona-Girona,Barcelona,Álex Balde,4,2025,29240,148,9805,DL,4,78,0,0,1,0.04146754741668701,0.4277031421661377,0.30863094329833984,0,0.15448929369449615,3,0,0
ESP-La Liga,2526,2025-10-18 Barcelona-Girona,Girona,Arnau Martinez,4,2025,29240,223,10949,MC,9,81,0,0,0,0.0,0.17467829585075378,0.17467829585075378,1,0.08434558659791946,1,0,0
ESP-La Liga,2526,2025-10-18 Barcelona-Girona,Girona,Axel Witsel,4,2025,29240,223,3059,MC,9,90,1,0,2,0.181984081864357,1.3331778049468994,1.156867265701294,0,0.07867196202278137,2,0,0
ESP-La Liga,2526,2025-10-18 Barcelona-Girona,Girona,Bryan Gil Salvatierra,4,2025,29240,223,7338,MR,8,65,0,0,2,0.5867809057235718,0.6844194531440735,0.17467829585075378,0,0.0,0,0,0
ESP-La Liga,2526,2025-10-18 Barcelona-Girona,Girona,Cristhian Stuani,4,2025,29240,223,1709,Sub,17,20,0,0,0,0.0,0.0,0.0,0,0.0,0,1,0
ESP-La Liga,2526,2025-10-18 Barcelona-Girona,Girona,Daley Blind,4,2025,29240,223,548,DC,3,90,0,0,0,0.0,0.1363879293203354,0.1363879293203354,0,0.0,0,0,0
ESP-La Liga,2526,2025-10-18 Barcelona-Girona,Girona,Hugo Rincón,4,2025,29240,223,12189,DR,2,90,0,0,0,0.0,0.270768940448761,0.270768940448761,0,0.0,0,0,0
ESP-La Liga,2526,2025-10-18 Barcelona-Girona,Girona,Jhon Solis,4,2025,29240,223,12046,Sub,17,25,0,0,1,0.03860395774245262,0.0960906594991684,0.0960906594991684,0,0.0,0,0,0
ESP-La Liga,2526,2025-10-18 Barcelona-Girona,Girona,Joel Roca,4,2025,29240,223,10952,ML,10,70,0,0,3,0.11204702407121658,0.3948858380317688,0.09763849526643753,0,0.1852003037929535,2,0,0
ESP-La Liga,2526,2025-10-18 Barcelona-Girona,Girona,Lancinet Kourouma,4,2025,29240,223,14089,Sub,17,9,0,0,0,0.0,0.0,0.0,0,0.0,0,0,0
ESP-La Liga,2526,2025-10-18 Barcelona-Girona,Girona,Paulo Gazzaniga,4,2025,29240,223,973,GK,1,90,0,0,0,0.0,0.1363879293203354,0.1363879293203354,0,0.0,0,0,0
ESP-La Liga,2526,2025-10-18 Barcelona-Girona,Girona,Portu,4,2025,29240,223,6118,FW,15,65,0,0,1,0.5700864195823669,0.7707377672195435,0.2006513476371765,0,0.0,0,0,0
ESP-La Liga,2526,2025-10-18 Barcelona-Girona,Girona,Viktor Tsygankov,4,2025,29240,223,11322,Sub,17,25,0,0,1,0.0960906594991684,0.0960906594991684,0.0960906594991684,0,0.0,0,0,0
ESP-La Liga,2526,2025-10-18 Barcelona-Girona,Girona,Vitor Reis,4,2025,29240,223,13380,DC,3,90,0,0,0,0.0,0.8185529708862305,0.8185529708862305,0,0.5097411274909973,1,0,0
ESP-La Liga,2526,2025-10-18 Barcelona-Girona,Girona,Vladyslav Vanat,4,2025,29240,223,14041,FW,15,70,0,0,1,0.10816051065921783,0.6782469153404236,0.0,0,0.5700864195823669,1,0,0
ESP-La Liga,2526,2025-10-18 Barcelona-Girona,Girona,Yáser Asprilla,4,2025,29240,223,13005,Sub,17,20,0,0,0,0.0,0.0960906594991684,0.0,0,0.13469462096691132,2,0,0
ESP-La Liga,2526,2025-10-18 Barcelona-Girona,Girona,Álex Moreno,4,2025,29240,223,4120,DL,4,90,0,0,0,0.0,0.13101357221603394,0.0,0,0.13101357221603394,2,1,0
ESP-La Liga,2526,2025-10-26 Real Madrid-Barcelona,Barcelona,Eric Garcia,4,2025,29254,148,8045,DC,3,80,0,0,1,0.03242901340126991,0.17445196211338043,0.17445196211338043,0,0.08215520530939102,1,0,0
ESP-La Liga,2526,2025-10-26 Real Madrid-Barcelona,Barcelona,Fermín López,4,2025,29254,148,11822,AMC,12,90,1,0,4,0.6585421562194824,0.6297500133514404,0.04480482637882233,0,0.0,0,1,0
ESP-La Liga,2526,2025-10-26 Real Madrid-Barcelona,Barcelona,Ferrán Torres,4,2025,29254,148,6441,FW,15,80,0,0,2,0.12697702646255493,0.15277671813964844,0.0,0,0.025799687951803207,1,0,0
ESP-La Liga,2526,2025-10-26 Real Madrid-Barcelona,Barcelona,Frenkie de Jong,4,2025,29254,148,7781,DMC,7,90,0,0,0,0.0,0.17685294151306152,0.17685294151306152,0,0.015565991401672363,1,0,0
ESP-La Liga,2526,2025-10-26 Real Madrid-Barcelona,Barcelona,Gerard Martín,4,2025,29254,148,12821,Sub,17,1,0,0,0,0.0,0.0,0.0,0,0.0,0,0,0
ESP-La Liga,2526,2025-10-26 Real Madrid-Barcelona,Barcelona,Jules Koundé,4,2025,29254,148,6433,DR,2,90,0,0,1,0.12241262197494507,0.24116957187652588,0.24116957187652588,0,0.01746390387415886,1,0,0
ESP-La Liga,2526,2025-10-26 Real Madrid-Barcelona,Barcelona,Lamine Yamal,4,2025,29254,148,11527,AMR,11,90,0,0,2,0.04326359182596207,0.20874054729938507,0.14202295243740082,0,0.04925370216369629,2,0,0
ESP-La Liga,2526,2025-10-26 Real Madrid-Barcelona,Barcelona,Marc Casadó,4,2025,29254,148,11151,Sub,17,10,0,0,1,0.04651983082294464,0.05725660175085068,0.010736770927906036,0,0.0,0,0,0
ESP-La Liga,2526,2025-10-26 Real Madrid-Barcelona,Barcelona,Marcus Rashford,4,2025,29254,148,556,AML,13,90,0,0,2,0.06789571791887283,0.6881186962127686,0.6387250423431396,1,0.7317010760307312,4,0,0
ESP-La Liga,2526,2025-10-26 Real Madrid-Barcelona,Barcelona,Pau Cubarsí,4,2025,29254,148,12005,DC,3,89,0,0,1,0.015565991401672363,0.11985821276903152,0.11985821276903152,0,0.010736770927906036,1,0,0
ESP-La Liga,2526,2025-10-26 Real Madrid-Barcelona,Barcelona,Pedri,4,2025,29254,148,8935,DMC,7,90,0,0,0,0.0,0.7144691944122314,0.6465734839439392,0,0.10032472759485245,3,0,1
ESP-La Liga,2526,2025-10-26 Real Madrid-Barcelona,Barcelona,Ronald Araújo,4,2025,29254,148,8091,Sub,17,10,0,0,1,0.010736770927906036,0.010736770927906036,0.0,0,0.0,0,0,0
ESP-La Liga,2526,2025-10-26 Real Madrid-Barcelona,Barcelona,Roony Bardghji,4,2025,29254,148,14064,Sub,17,1,0,0,0,0.0,0.0,0.0,0,0.0,0,0,0
ESP-La Liga,2526,2025-10-26 Real Madrid-Barcelona,Barcelona,Wojciech Szczesny,4,2025,29254,148,1244,GK,1,90,0,0,0,0.0,0.06481969356536865,0.06481969356536865,0,0.0,0,0,0
ESP-La Liga,2526,2025-10-26 Real Madrid-Barcelona,Barcelona,Álex Balde,4,2025,29254,148,9805,DL,4,90,0,0,0,0.0,0.7443342804908752,0.7443342804908752,0,0.0,0,0,0
ESP-La Liga,2526,2025-10-26 Real Madrid-Barcelona,Real Madrid,Arda Güler,4,2025,29254,150,12190,MC,9,72,0,0,1,0.03891428932547569,0.22653746604919434,0.22653746604919434,0,0.13288620114326477,2,0,0
ESP-La Liga,2526,2025-10-26 Real Madrid-Barcelona,Real Madrid,Aurelien Tchouameni,4,2025,29254,150,6560,DMC,7,90,0,0,3,0.19931560754776,0.5438055396080017,0.310811311006546,0,0.5240407586097717,3,0,0
ESP-La Liga,2526,2025-10-26 Real Madrid-Barcelona,Real Madrid,Brahim Diaz,4,2025,29254,150,6421,Sub,17,18,0,0,0,0.0,0.12490098178386688,0.12490098178386688,0,0.0,0,0,0
ESP-La Liga,2526,2025-10-26 Real Madrid-Barcelona,Real Madrid,Dani Ceballos,4,2025,29254,150,2446,Sub,17,1,0,0,0,0.0,0.0832519382238388,0.0,0,0.0832519382238388,1,0,0
ESP-La Liga,2526,2025-10-26 Real Madrid-Barcelona,Real Madrid,Daniel Carvajal,4,2025,29254,150,2260,Sub,17,12,0,0,0,0.0,0.0,0.0,0,0.0,0,0,0
ESP-La Liga,2526,2025-10-26 Real Madrid-Barcelona,Real Madrid,Dean Huijsen,4,2025,29254,150,11943,DC,3,90,0,0,1,0.2776578664779663,0.30978938937187195,0.30978938937187195,0,0.0,0,1,0
ESP-La Liga,2526,2025-10-26 Real Madrid-Barcelona,Real Madrid,Eder Militão,4,2025,29254,150,7829,DC,3,90,0,0,2,0.13055665791034698,0.3787125051021576,0.3787125051021576,1,0.661574125289917,1,1,0
ESP-La Liga,2526,2025-10-26 Real Madrid-Barcelona,Real Madrid,Eduardo Camavinga,4,2025,29254,150,7359,MC,9,90,0,0,0,0.0,0.7990565896034241,0.7406324744224548,0,0.09733840823173523,2,0,0
ESP-La Liga,2526,2025-10-26 Real Madrid-Barcelona,Real Madrid,Federico Valverde,4,2025,29254,150,6241,DR,2,78,0,0,1,0.015984907746315002,0.34207457304000854,0.34207457304000854,0,0.02633657492697239,1,1,0
ESP-La Liga,2526,2025-10-26 Real Madrid-Barcelona,Real Madrid,Gonzalo García,4,2025,29254,150,12035,Sub,17,1,0,0,0,0.0,0.0832519382238388,0.0832519382238388,0,0.0,0,0,0
ESP-La Liga,2526,2025-10-26 Real Madrid-Barcelona,Real Madrid,Jude Bellingham,4,2025,29254,150,8824,MR,8,90,1,0,5,0.9925813674926758,1.1132887601852417,0.4035690426826477,1,0.3787125051021576,1,0,0
ESP-La Liga,2526,2025-10-26 Real Madrid-Barcelona,Real Madrid,Kylian Mbappe-Lottin,4,2025,29254,150,3423,FW,15,90,1,0,5,1.2995085716247559,0.9617718458175659,0.0,0,0.431877464056015,4,0,0
ESP-La Liga,2526,2025-10-26 Real Madrid-Barcelona,Real Madrid,Rodrygo,4,2025,29254,150,8015,Sub,17,12,0,0,2,0.1488155871629715,0.17600968480110168,0.09275774657726288,0,0.0,0,0,0
ESP-La Liga,2526,2025-10-26 Real Madrid-Barcelona,Real Madrid,Thibaut Courtois,4,2025,29254,150,680,GK,1,90,0,0,0,0.0,0.11553710699081421,0.11553710699081421,0,0.0,0,0,0
ESP-La Liga,2526,2025-10-26 Real Madrid-Barcelona,Real Madrid,Vinícius Júnior,4,2025,29254,150,7008,ML,10,78,0,0,3,0.310811311006546,0.9758590459823608,0.6052499413490295,0,0.05979776009917259,1,0,0
ESP-La Liga,2526,2025-10-26 Real Madrid-Barcelona,Real Madrid,Álvaro Fernández,4,2025,29254,150,10576,DL,4,90,0,0,0,0.0,0.5151026844978333,0.4385102689266205,0,0.07659242302179337,1,0,0
ESP-La Liga,2526,2025-11-02 Barcelona-Elche,Barcelona,Dani Olmo,4,2025,29260,148,8292,Sub,17,21,0,0,0,0.0,0.09214682877063751,0.09214682877063751,0,0.0,0,0,0
ESP-La Liga,2526,2025-11-02 Barcelona-Elche,Barcelona,Dro Fernández,4,2025,29260,148,13749,Sub,17,1,0,0,0,0.0,0.0,0.0,0,0.0,0,0,0
ESP-La Liga,2526,2025-11-02 Barcelona-Elche,Barcelona,Eric Garcia,4,2025,29260,148,8045,DC,3,90,0,0,0,0.0,0.9762362837791443,0.9762362837791443,0,0.036544669419527054,1,0,0
ESP-La Liga,2526,2025-11-02 Barcelona-Elche,Barcelona,Fermín López,4,2025,29260,148,11822,AMC,12,69,0,0,2,0.04932466894388199,0.8629960417747498,0.06501995027065277,2,0.7822535037994385,3,0,0
ESP-La Liga,2526,2025-11-02 Barcelona-Elche,Barcelona,Ferrán Torres,4,2025,29260,148,6441,FW,15,90,1,0,3,1.0450817346572876,1.7648450136184692,0.10412514954805374,0,0.6521828770637512,2,0,0
ESP-La Liga,2526,2025-11-02 Barcelona-Elche,Barcelona,Frenkie de Jong,4,2025,29260,148,7781,DMC,7,90,0,0,0,0.0,0.7767823338508606,0.7362415194511414,0,0.45081567764282227,2,0,0
ESP-La Liga,2526,2025-11-02 Barcelona-Elche,Barcelona,Gerard Martín,4,2025,29260,148,12821,Sub,17,13,0,0,0,0.0,0.09214682877063751,0.09214682877063751,0,0.0,0,0,0
ESP-La Liga,2526,2025-11-02 Barcelona-Elche,Barcelona,Jules Koundé,4,2025,29260,148,6433,DR,2,90,0,0,0,0.0,0.30832135677337646,0.23703302443027496,0,0.0712883323431015,1,0,0
ESP-La Liga,2526,2025-11-02 Barcelona-Elche,Barcelona,Lamine Yamal,4,2025,29260,148,11527,AMR,11,90,1,0,4,0.9569156169891357,1.315938949584961,0.4058328866958618,0,0.15716677904129028,2,0,0
ESP-La Liga,2526,2025-11-02 Barcelona-Elche,Barcelona,Marc Casadó,4,2025,29260,148,11151,DMC,7,90,0,0,1,0.09315791726112366,0.2433014065027237,0.2433014065027237,0,0.0,0,0,0
ESP-La Liga,2526,2025-11-02 Barcelona-Elche,Barcelona,Marcus Rashford,4,2025,29260,148,556,AML,13,77,1,0,6,0.5750342011451721,1.089434266090393,0.514400064945221,0,0.033602070063352585,1,0,0
ESP-La Liga,2526,2025-11-02 Barcelona-Elche,Barcelona,Robert Lewandowski,4,2025,29260,148,227,Sub,17,13,0,0,1,0.09214682877063751,0.09214682877063751,0.0,0,0.0,0,0,0
ESP-La Liga,2526,2025-11-02 Barcelona-Elche,Barcelona,Ronald Araújo,4,2025,29260,148,8091,DC,3,90,0,0,0,0.0,0.6065468788146973,0.6065468788146973,0,0.0,0,0,0
ESP-La Liga,2526,2025-11-02 Barcelona-Elche,Barcelona,Roony Bardghji,4,2025,29260,148,14064,Sub,17,1,0,0,0,0.0,0.0,0.0,0,0.0,0,0,0
ESP-La Liga,2526,2025-11-02 Barcelona-Elche,Barcelona,Wojciech Szczesny,4,2025,29260,148,1244,GK,1,90,0,0,0,0.0,0.42387962341308594,0.42387962341308594,0,0.0,0,0,0
ESP-La Liga,2526,2025-11-02 Barcelona-Elche,Barcelona,Álex Balde,4,2025,29260,148,9805,DL,4,77,0,0,0,0.0,0.6604326963424683,0.2858273386955261,1,0.3746053874492645,1,0,0
ESP-La Liga,2526,2025-11-02 Barcelona-Elche,Elche,Adrià Pedrosa,4,2025,29260,207,7174,DR,2,85,0,0,1,0.020288627594709396,0.36290162801742554,0.07921454310417175,0,0.2633984684944153,1,0,0
ESP-La Liga,2526,2025-11-02 Barcelona-Elche,Elche,Aleix Febas,4,2025,29260,207,7842,MC,9,90,0,0,0,0.0,0.1419765204191208,0.1419765204191208,0,0.0,0,0,0
ESP-La Liga,2526,2025-11-02 Barcelona-Elche,Elche,Alvaro Rodríguez,4,2025,29260,207,11186,Sub,17,13,0,0,0,0.0,0.0,0.0,0,0.0,0,0,0
ESP-La Liga,2526,2025-11-02 Barcelona-Elche,Elche,André Silva,4,2025,29260,207,6170,FW,15,77,0,0,0,0.0,0.09950317442417145,0.020288627594709396,0,0.07921454310417175,2,0,0
ESP-La Liga,2526,2025-11-02 Barcelona-Elche,Elche,David Affengruber,4,2025,29260,207,13837,DC,3,90,0,0,0,0.0,0.07801996171474457,0.07801996171474457,0,0.0,0,0,0
ESP-La Liga,2526,2025-11-02 Barcelona-Elche,Elche,German Valera,4,2025,29260,207,8230,MR,8,73,0,0,0,0.0,0.06013069301843643,0.06013069301843643,0,0.0,0,0,0
ESP-La Liga,2526,2025-11-02 Barcelona-Elche,Elche,Hector Fort,4,2025,29260,207,12171,Sub,17,17,0,0,2,0.058890532702207565,0.11517352610826492,0.02963464893400669,0,0.04616639390587807,1,0,0
ESP-La Liga,2526,2025-11-02 Barcelona-Elche,Elche,Iñaki Peña,4,2025,29260,207,7287,GK,1,90,0,0,0,0.0,0.07801996171474457,0.07801996171474457,0,0.0,0,0,0
ESP-La Liga,2526,2025-11-02 Barcelona-Elche,Elche,John Donald,4,2025,29260,207,9199,Sub,17,5,0,0,1,0.02963464893400669,0.02963464893400669,0.0,0,0.0,0,0,0
ESP-La Liga,2526,2025-11-02 Barcelona-Elche,Elche,Marc Aguado,4,2025,29260,207,13839,DMC,7,90,0,0,0,0.0,0.04616639390587807,0.04616639390587807,0,0.0,0,0,0
ESP-La Liga,2526,2025-11-02 Barcelona-Elche,Elche,Martim Neto,4,2025,29260,207,13840,MC,9,49,0,0,0,0.0,0.0,0.0,0,0.0,0,1,0
ESP-La Liga,2526,2025-11-02 Barcelona-Elche,Elche,Pedro Bigas,4,2025,29260,207,2353,DC,3,73,0,0,0,0.0,0.03817790001630783,0.03817790001630783,0,0.0,0,0,0
ESP-La Liga,2526,2025-11-02 Barcelona-Elche,Elche,Rafa Mir,4,2025,29260,207,2589,ML,10,90,1,0,5,0.44026559591293335,0.4699002206325531,0.02963464893400669,0,0.0,0,0,0
ESP-La Liga,2526,2025-11-02 Barcelona-Elche,Elche,Rodrigo Mendoza,4,2025,29260,207,11216,Sub,17,41,0,0,0,0.0,0.09950317442417145,0.07921454310417175,0,0.039806682616472244,2,0,0
ESP-La Liga,2526,2025-11-02 Barcelona-Elche,Elche,Yago Alonso,4,2025,29260,207,11617,Sub,17,17,0,0,0,0.0,0.12168789654970169,0.09205324202775955,0,0.08231541514396667,2,0,0
ESP-La Liga,2526,2025-11-02 Barcelona-Elche,Elche,Álvaro Núñez,4,2025,29260,207,13836,DL,4,90,0,0,0,0.0,0.21999648213386536,0.21999648213386536,1,0.03817790001630783,1,0,0
ESP-La Liga,2526,2025-11-09 Celta Vigo-Barcelona,Barcelona,Andreas Christensen,4,2025,29274,148,200,Sub,17,1,0,0,0,0.0,0.0,0.0,0,0.0,0,0,0
ESP-La Liga,2526,2025-11-09 Celta Vigo-Barcelona,Barcelona,Dani Olmo,4,2025,29274,148,8292,MC,9,90,0,0,3,0.16208606958389282,0.29864272475242615,0.0365486815571785,0,0.2108726054430008,3,0,0
ESP-La Liga,2526,2025-11-09 Celta Vigo-Barcelona,Barcelona,Eric Garcia,4,2025,29274,148,8045,DR,2,90,0,0,0,0.0,1.0555860996246338,1.0555860996246338,0,0.022222882136702538,1,0,0
ESP-La Liga,2526,2025-11-09 Celta Vigo-Barcelona,Barcelona,Fermín López,4,2025,29274,148,11822,MC,9,90,0,0,3,0.2359517216682434,0.885779619216919,0.3031068444252014,0,0.738469660282135,2,0,0
ESP-La Liga,2526,2025-11-09 Celta Vigo-Barcelona,Barcelona,Ferrán Torres,4,2025,29274,148,6441,Sub,17,1,0,0,0,0.0,0.0,0.0,0,0.0,0,0,0
ESP-La Liga,2526,2025-11-09 Celta Vigo-Barcelona,Barcelona,Frenkie de Jong,4,2025,29274,148,7781,MC,9,90,0,0,1,0.047347377985715866,1.4909489154815674,1.4909489154815674,0,0.10330212116241455,1,0,1
ESP-La Liga,2526,2025-11-09 Celta Vigo-Barcelona,Barcelona,Gerard Martín,4,2025,29274,148,12821,Sub,17,1,0,0,0,0.0,0.4353628158569336,0.4353628158569336,0,0.0,0,0,0
ESP-La Liga,2526,2025-11-09 Celta Vigo-Barcelona,Barcelona,Lamine Yamal,4,2025,29274,148,11527,FWR,14,90,1,0,4,0.6641377210617065,1.5305213928222656,0.8663836717605591,0,0.0,0,0,0
ESP-La Liga,2526,2025-11-09 Celta Vigo-Barcelona,Barcelona,Marc Bernal,4,2025,29274,148,12820,Sub,17,1,0,0,0,0.0,0.0,0.0,0,0.0,0,0,0
ESP-La Liga,2526,2025-11-09 Celta Vigo-Barcelona,Barcelona,Marcus Rashford,4,2025,29274,148,556,FWL,16,90,0,0,4,0.4818192720413208,1.4465388059616089,0.4574466943740845,2,0.6389015913009644,2,1,0
ESP-La Liga,2526,2025-11-09 Celta Vigo-Barcelona,Barcelona,Pau Cubarsí,4,2025,29274,148,12005,DC,3,90,0,0,0,0.0,0.952284038066864,0.952284038066864,0,0.0,0,1,0
ESP-La Liga,2526,2025-11-09 Celta Vigo-Barcelona,Barcelona,Robert Lewandowski,4,2025,29274,148,227,FW,15,90,3,0,6,1.9248952865600586,1.4956938028335571,0.3031068444252014,0,0.11390440911054611,1,1,0
ESP-La Liga,2526,2025-11-09 Celta Vigo-Barcelona,Barcelona,Ronald Araújo,4,2025,29274,148,8091,DC,3,90,0,0,0,0.0,0.3504542112350464,0.3504542112350464,0,0.0,0,0,0
ESP-La Liga,2526,2025-11-09 Celta Vigo-Barcelona,Barcelona,Wojciech Szczesny,4,2025,29274,148,1244,GK,1,90,0,0,0,0.0,0.047347377985715866,0.047347377985715866,0,0.0,0,0,0
ESP-La Liga,2526,2025-11-09 Celta Vigo-Barcelona,Barcelona,Álex Balde,4,2025,29274,148,9805,DL,4,90,0,0,0,0.0,0.952284038066864,0.952284038066864,0,0.0365486815571785,1,0,0
ESP-La Liga,2526,2025-11-09 Celta Vigo-Barcelona,Celta Vigo,Borja Iglesias,4,2025,29274,152,2543,FW,15,77,1,0,2,0.06826885044574738,0.43431973457336426,0.0,1,0.3660508990287781,1,0,0
ESP-La Liga,2526,2025-11-09 Celta Vigo-Barcelona,Celta Vigo,Bryan Zaragoza,4,2025,29274,152,10143,Sub,17,25,0,0,0,0.0,0.0,0.0,0,0.0,0,0,0
ESP-La Liga,2526,2025-11-09 Celta Vigo-Barcelona,Celta Vigo,Carl Starfelt,4,2025,29274,152,7655,DC,3,90,0,0,0,0.0,0.049719784408807755,0.049719784408807755,0,0.0,0,0,0
ESP-La Liga,2526,2025-11-09 Celta Vigo-Barcelona,Celta Vigo,Ferrán Jutglà,4,2025,29274,152,8549,FWR,14,65,0,0,1,0.019290773198008537,0.06901055574417114,0.0,1,0.049719784408807755,1,0,0
ESP-La Liga,2526,2025-11-09 Celta Vigo-Barcelona,Celta Vigo,Hugo Sotelo,4,2025,29274,152,9520,MC,9,85,0,0,0,0.0,0.43431973457336426,0.43431973457336426,0,0.0,0,0,0
ESP-La Liga,2526,2025-11-09 Celta Vigo-Barcelona,Celta Vigo,Iago Aspas,4,2025,29274,152,2290,Sub,17,13,0,0,0,0.0,0.0,0.0,0,0.0,0,0,0
ESP-La Liga,2526,2025-11-09 Celta Vigo-Barcelona,Celta Vigo,Ilaix Moriba,4,2025,29274,152,9243,MC,9,90,0,0,0,0.0,0.05864286422729492,0.0,0,0.05864286422729492,1,0,0
ESP-La Liga,2526,2025-11-09 Celta Vigo-Barcelona,Celta Vigo,Ionut Radu,4,2025,29274,152,1830,GK,1,90,0,0,0,0.0,0.3660508990287781,0.3660508990287781,0,0.0,0,0,0
ESP-La Liga,2526,2025-11-09 Celta Vigo-Barcelona,Celta Vigo,Javier Rodríguez,4,2025,29274,152,12180,Sub,17,37,0,0,0,0.0,0.0,0.0,0,0.0,0,0,0
ESP-La Liga,2526,2025-11-09 Celta Vigo-Barcelona,Celta Vigo,Jones El Abdellaoui,4,2025,29274,152,13361,Sub,17,5,0,0,0,0.0,0.0,0.0,0,0.0,0,0,0
ESP-La Liga,2526,2025-11-09 Celta Vigo-Barcelona,Celta Vigo,Manuel Fernández,4,2025,29274,152,13787,DC,3,85,0,0,0,0.0,0.41577067971229553,0.41577067971229553,0,0.0,0,0,0
ESP-La Liga,2526,2025-11-09 Celta Vigo-Barcelona,Celta Vigo,Marcos Alonso,4,2025,29274,152,1621,DC,3,90,0,0,0,0.0,0.3660508990287781,0.3660508990287781,0,0.0,0,0,0
ESP-La Liga,2526,2025-11-09 Celta Vigo-Barcelona,Celta Vigo,Miguel Román,4,2025,29274,152,13620,Sub,17,5,0,0,1,0.05864286422729492,0.05864286422729492,0.0,0,0.0,0,1,0
ESP-La Liga,2526,2025-11-09 Celta Vigo-Barcelona,Celta Vigo,Pablo Durán,4,2025,29274,152,11154,FWL,16,90,0,0,0,0.0,0.0,0.0,0,0.0,0,0,0
ESP-La Liga,2526,2025-11-09 Celta Vigo-Barcelona,Celta Vigo,Sergio Carreira,4,2025,29274,152,8122,DML,6,90,1,0,1,0.3660508990287781,0.3660508990287781,0.0,0,0.0,0,0,0
ESP-La Liga,2526,2025-11-09 Celta Vigo-Barcelona,Celta Vigo,Óscar Mingueza,4,2025,29274,152,9011,DMR,5,53,0,0,0,0.0,0.06826885044574738,0.049719784408807755,0,0.01854906789958477,1,0,0
ESP-La Liga,2526,2025-11-22 Barcelona-Athletic Club,Athletic Club,Adama Boiro,4,2025,29284,147,12724,Sub,17,19,0,0,0,0.0,0.04618591442704201,0.0,0,0.04618591442704201,1,0,0
ESP-La Liga,2526,2025-11-22 Barcelona-Athletic Club,Athletic Club,Alejandro Rego,4,2025,29284,147,13627,Sub,17,32,0,0,0,0.0,0.0,0.0,0,0.07582087069749832,1,0,0
ESP-La Liga,2526,2025-11-22 Barcelona-Athletic Club,Athletic Club,Alex Berenguer,4,2025,29284,147,5091,AMR,11,71,0,0,0,0.0,0.15889112651348114,0.15889112651348114,0,0.0684749037027359,2,0,0
ESP-La Liga,2526,2025-11-22 Barcelona-Athletic Club,Athletic Club,Andoni Gorosabel,4,2025,29284,147,6325,DR,2,90,0,0,0,0.0,0.14145344495773315,0.14145344495773315,0,0.0,0,1,0
ESP-La Liga,2526,2025-11-22 Barcelona-Athletic Club,Athletic Club,Aymeric Laporte,4,2025,29284,147,2498,DC,3,90,0,0,1,0.055232271552085876,0.08255453407764435,0.08255453407764435,0,0.0,0,0,0
ESP-La Liga,2526,2025-11-22 Barcelona-Athletic Club,Athletic Club,Dani Vivian,4,2025,29284,147,6766,DC,3,90,0,0,2,0.40197792649269104,0.0,0.0,0,0.0,0,0,0
ESP-La Liga,2526,2025-11-22 Barcelona-Athletic Club,Athletic Club,Gorka Guruzeta,4,2025,29284,147,7020,Sub,17,31,0,0,2,0.07997667789459229,0.06423764675855637,0.0,0,0.0,0,0,0
ESP-La Liga,2526,2025-11-22 Barcelona-Athletic Club,Athletic Club,Inigo Ruiz de Galarreta,4,2025,29284,147,9755,DMC,7,58,0,0,0,0.0,0.15889112651348114,0.15889112651348114,0,0.0,0,1,0
ESP-La Liga,2526,2025-11-22 Barcelona-Athletic Club,Athletic Club,Mikel Jauregizar,4,2025,29284,147,12263,DMC,7,71,0,0,0,0.0,0.2906390428543091,0.2906390428543091,0,0.0,0,0,0
ESP-La Liga,2526,2025-11-22 Barcelona-Athletic Club,Athletic Club,Mikel Vesga,4,2025,29284,147,5077,Sub,17,19,0,0,0,0.0,0.0,0.0,0,0.0,0,0,0
ESP-La Liga,2526,2025-11-22 Barcelona-Athletic Club,Athletic Club,Nico Williams,4,2025,29284,147,9211,AML,13,59,0,0,3,0.18960681557655334,0.3557129502296448,0.14866845309734344,0,0.07633659243583679,1,0,0
ESP-La Liga,2526,2025-11-22 Barcelona-Athletic Club,Athletic Club,Oihan Sancet,4,2025,29284,147,7779,AMC,12,57,0,0,0,0.0,0.30807673931121826,0.07633659243583679,0,0.23174013197422028,3,0,1
ESP-La Liga,2526,2025-11-22 Barcelona-Athletic Club,Athletic Club,Roberto Navarro,4,2025,29284,147,8765,Sub,17,31,0,0,0,0.0,0.04618591442704201,0.04618591442704201,0,0.34189608693122864,2,0,0
ESP-La Liga,2526,2025-11-22 Barcelona-Athletic Club,Athletic Club,Unai Gómez,4,2025,29284,147,11531,FW,15,59,0,0,4,0.2731660008430481,0.3188222646713257,0.0,0,0.05889890715479851,1,0,0
ESP-La Liga,2526,2025-11-22 Barcelona-Athletic Club,Athletic Club,Unai Simón,4,2025,29284,147,5185,GK,1,90,0,0,0,0.0,0.04618591442704201,0.04618591442704201,0,0.0,0,0,0
ESP-La Liga,2526,2025-11-22 Barcelona-Athletic Club,Athletic Club,Yuri,4,2025,29284,147,2229,DL,4,90,0,0,1,0.04618591442704201,0.2185099869966507,0.08976954221725464,0,0.08255453407764435,1,0,0
ESP-La Liga,2526,2025-11-22 Barcelona-Athletic Club,Barcelona,Dani Olmo,4,2025,29284,148,8292,MC,9,84,0,0,4,0.3063609302043915,0.351431280374527,0.0,0,0.0450703389942646,1,0,0
ESP-La Liga,2526,2025-11-22 Barcelona-Athletic Club,Barcelona,Dro Fernández,4,2025,29284,148,13749,Sub,17,23,0,0,0,0.0,0.04805246368050575,0.04805246368050575,0,0.0,0,0,0
ESP-La Liga,2526,2025-11-22 Barcelona-Athletic Club,Barcelona,Eric Garcia,4,2025,29284,148,8045,MC,9,77,0,0,0,0.0,0.6254587173461914,0.6254587173461914,0,0.0,0,0,0
ESP-La Liga,2526,2025-11-22 Barcelona-Athletic Club,Barcelona,Fermín López,4,2025,29284,148,11822,MC,9,67,1,0,2,0.6273760199546814,1.116926670074463,0.4273870587348938,0,0.06216350570321083,1,0,0
ESP-La Liga,2526,2025-11-22 Barcelona-Athletic Club,Barcelona,Ferrán Torres,4,2025,29284,148,6441,FWL,16,90,2,0,3,0.7213181257247925,0.8843528628349304,0.0,0,0.16303473711013794,3,0,0
ESP-La Liga,2526,2025-11-22 Barcelona-Athletic Club,Barcelona,Gerard Martín,4,2025,29284,148,12821,DC,3,90,0,0,0,0.0,0.28330355882644653,0.28330355882644653,0,0.0,0,0,0
ESP-La Liga,2526,2025-11-22 Barcelona-Athletic Club,Barcelona,Joan García,4,2025,29284,148,9773,GK,1,90,0,0,0,0.0,0.44017302989959717,0.44017302989959717,0,0.0,0,0,0
ESP-La Liga,2526,2025-11-22 Barcelona-Athletic Club,Barcelona,Jules Koundé,4,2025,29284,148,6433,DR,2,90,0,0,1,0.08076197654008865,0.2803214490413666,0.2803214490413666,0,0.09871971607208252,1,0,0
ESP-La Liga,2526,2025-11-22 Barcelona-Athletic Club,Barcelona,Lamine Yamal,4,2025,29284,148,11527,FWR,14,90,0,0,5,0.316449373960495,1.1903884410858154,0.14379005134105682,2,0.7652570009231567,3,0,0
ESP-La Liga,2526,2025-11-22 Barcelona-Athletic Club,Barcelona,Marc Bernal,4,2025,29284,148,12820,Sub,17,13,0,0,0,0.0,0.10419559478759766,0.10419559478759766,0,0.0,0,0,0
ESP-La Liga,2526,2025-11-22 Barcelona-Athletic Club,Barcelona,Marc Casadó,4,2025,29284,148,11151,Sub,17,23,0,0,0,0.0,0.25096777081489563,0.14677217602729797,0,0.13930359482765198,2,0,0
ESP-La Liga,2526,2025-11-22 Barcelona-Athletic Club,Barcelona,Pau Cubarsí,4,2025,29284,148,12005,DC,3,90,0,0,0,0.0,0.23525111377239227,0.23525111377239227,0,0.047522228211164474,1,0,0
ESP-La Liga,2526,2025-11-22 Barcelona-Athletic Club,Barcelona,Raphinha,4,2025,29284,148,8026,Sub,17,6,0,0,1,0.04805246368050575,0.40680238604545593,0.3587499260902405,0,0.0,0,0,0
ESP-La Liga,2526,2025-11-22 Barcelona-Athletic Club,Barcelona,Robert Lewandowski,4,2025,29284,148,227,FW,15,67,1,0,3,0.2359853833913803,0.2359853833913803,0.0,0,0.0,0,0,0
ESP-La Liga,2526,2025-11-22 Barcelona-Athletic Club,Barcelona,Ronald Araújo,4,2025,29284,148,8091,Sub,17,41,0,0,0,0.0,0.16353856027126312,0.16353856027126312,0,0.0,0,0,0
ESP-La Liga,2526,2025-11-22 Barcelona-Athletic Club,Barcelona,Álex Balde,4,2025,29284,148,9805,DL,4,49,0,0,0,0.0,0.047522228211164474,0.047522228211164474,0,0.0,0,0,0
ESP-La Liga,2526,2025-11-29 Barcelona-Alaves,Alaves,Abderrahmane Rebbach,4,2025,29294,158,11825,ML,10,61,0,0,2,0.1259506493806839,0.4681837558746338,0.0,0,0.4710134267807007,2,1,0
ESP-La Liga,2526,2025-11-29 Barcelona-Alaves,Alaves,Ander Guevara,4,2025,29294,158,6126,Sub,17,19,0,0,0,0.0,0.0,0.0,0,0.0,0,0,0
ESP-La Liga,2526,2025-11-29 Barcelona-Alaves,Alaves,Antonio Blanco,4,2025,29294,158,9280,DMC,7,90,0,0,0,0.0,0.5507789254188538,0.5507789254188538,0,0.0,0,1,0
ESP-La Liga,2526,2025-11-29 Barcelona-Alaves,Alaves,Antonio Martínez,4,2025,29294,158,6400,Sub,17,7,0,0,0,0.0,0.0,0.0,0,0.0,0,0,0
ESP-La Liga,2526,2025-11-29 Barcelona-Alaves,Alaves,Antonio Sivera,4,2025,29294,158,6075,GK,1,90,0,0,0,0.0,0.36280936002731323,0.36280936002731323,0,0.0,0,0,0
ESP-La Liga,2526,2025-11-29 Barcelona-Alaves,Alaves,Calebe,4,2025,29294,158,13764,MR,8,62,0,0,0,0.0,0.4645302891731262,0.4645302891731262,0,0.0,0,1,0
ESP-La Liga,2526,2025-11-29 Barcelona-Alaves,Alaves,Carles Aleñá,4,2025,29294,158,5058,Sub,17,29,0,0,0,0.0,0.0,0.0,0,0.0,0,0,0
ESP-La Liga,2526,2025-11-29 Barcelona-Alaves,Alaves,Carlos Vicente,4,2025,29294,158,12294,Sub,17,28,0,0,0,0.0,0.08624867349863052,0.0,0,0.15666724741458893,2,0,0
ESP-La Liga,2526,2025-11-29 Barcelona-Alaves,Alaves,Denis Suárez,4,2025,29294,158,2308,MC,9,71,0,0,0,0.0,0.93271404504776,0.8273396492004395,0,0.10537438094615936,1,0,0
ESP-La Liga,2526,2025-11-29 Barcelona-Alaves,Alaves,Jon Guridi,4,2025,29294,158,5179,Sub,17,19,0,0,0,0.0,0.0,0.0,0,0.0,0,0,0
ESP-La Liga,2526,2025-11-29 Barcelona-Alaves,Alaves,Jon Pacheco Dozagarat,4,2025,29294,158,8423,DC,3,90,0,0,1,0.0704185739159584,0.0,0.0,0,0.0,0,0,0
ESP-La Liga,2526,2025-11-29 Barcelona-Alaves,Alaves,Jonny,4,2025,29294,158,2280,DR,2,90,0,0,1,0.36280936002731323,0.9135883450508118,0.5507789254188538,0,0.0,0,0,0
ESP-La Liga,2526,2025-11-29 Barcelona-Alaves,Alaves,Lucas Boyé,4,2025,29294,158,1189,FW,15,90,0,0,2,0.5507789254188538,1.0189627408981323,0.4681837558746338,0,0.0,0,0,0
ESP-La Liga,2526,2025-11-29 Barcelona-Alaves,Alaves,Nahuel Tenaglia,4,2025,29294,158,10364,DC,3,90,0,0,0,0.0,0.0,0.0,0,0.0,0,0,0
ESP-La Liga,2526,2025-11-29 Barcelona-Alaves,Alaves,Pablo Ibáñez,4,2025,29294,158,10857,MC,9,71,1,0,2,0.825341522693634,0.36280936002731323,0.36280936002731323,0,0.0,0,0,0
ESP-La Liga,2526,2025-11-29 Barcelona-Alaves,Alaves,Victor Parada,4,2025,29294,158,12207,DL,4,83,0,0,1,0.555954098701477,0.6561533212661743,0.19162306189537048,1,1.1816678047180176,2,0,0
ESP-La Liga,2526,2025-11-29 Barcelona-Alaves,Barcelona,Andreas Christensen,4,2025,29294,148,200,Sub,17,3,0,0,0,0.0,0.0,0.0,0,0.0,0,0,0
ESP-La Liga,2526,2025-11-29 Barcelona-Alaves,Barcelona,Dani Olmo,4,2025,29294,148,8292,AMC,12,90,2,0,3,0.8934520483016968,1.4102423191070557,0.4462500810623169,0,0.27502334117889404,5,0,0
ESP-La Liga,2526,2025-11-29 Barcelona-Alaves,Barcelona,Eric Garcia,4,2025,29294,148,8045,DR,2,49,0,0,1,0.1102740690112114,0.42508116364479065,0.42508116364479065,0,0.0,0,0,0
ESP-La Liga,2526,2025-11-29 Barcelona-Alaves,Barcelona,Ferrán Torres,4,2025,29294,148,6441,Sub,17,27,0,0,0,0.0,0.10328644514083862,0.0,0,0.10328644514083862,1,0,0
ESP-La Liga,2526,2025-11-29 Barcelona-Alaves,Barcelona,Gerard Martín,4,2025,29294,148,12821,DC,3,90,0,0,0,0.0,0.7884196043014526,0.7884196043014526,0,0.0,0,0,0
ESP-La Liga,2526,2025-11-29 Barcelona-Alaves,Barcelona,Joan García,4,2025,29294,148,9773,GK,1,90,0,0,0,0.0,0.46138498187065125,0.46138498187065125,0,0.0,0,1,0
ESP-La Liga,2526,2025-11-29 Barcelona-Alaves,Barcelona,Jules Koundé,4,2025,29294,148,6433,Sub,17,41,0,0,0,0.0,0.0,0.0,0,0.0,0,0,0
ESP-La Liga,2526,2025-11-29 Barcelona-Alaves,Barcelona,Lamine Yamal,4,2025,29294,148,11527,AMR,11,90,1,0,7,1.2233014106750488,1.6409739255905151,0.06781736761331558,1,0.40288272500038147,1,0,0
ESP-La Liga,2526,2025-11-29 Barcelona-Alaves,Barcelona,Marc Bernal,4,2025,29294,148,12820,DMC,7,49,0,0,1,0.0342363603413105,0.9510347843170166,0.9510347843170166,0,0.0,0,1,0
ESP-La Liga,2526,2025-11-29 Barcelona-Alaves,Barcelona,Marc Casadó,4,2025,29294,148,11151,DMC,7,90,0,0,1,0.03358100354671478,0.43115583062171936,0.3975748121738434,0,0.0,0,0,0
ESP-La Liga,2526,2025-11-29 Barcelona-Alaves,Barcelona,Marcus Rashford,4,2025,29294,148,556,Sub,17,41,0,0,0,0.0,0.0,0.0,0,0.02182663418352604,1,0,0
ESP-La Liga,2526,2025-11-29 Barcelona-Alaves,Barcelona,Pau Cubarsí,4,2025,29294,148,12005,DC,3,87,0,0,0,0.0,0.42508116364479065,0.42508116364479065,0,0.0,0,0,0
ESP-La Liga,2526,2025-11-29 Barcelona-Alaves,Barcelona,Pedri,4,2025,29294,148,8935,Sub,17,26,0,0,0,0.0,0.0,0.0,0,0.053027618676424026,2,0,0
ESP-La Liga,2526,2025-11-29 Barcelona-Alaves,Barcelona,Raphinha,4,2025,29294,148,8026,AML,13,64,0,0,3,0.11595167219638824,0.8589597940444946,0.363338440656662,1,0.5243692994117737,3,0,0
ESP-La Liga,2526,2025-11-29 Barcelona-Alaves,Barcelona,Robert Lewandowski,4,2025,29294,148,227,FW,15,63,0,0,2,0.11058560758829117,1.378183364868164,0.46138498187065125,1,0.9167984127998352,2,0,0
ESP-La Liga,2526,2025-11-29 Barcelona-Alaves,Barcelona,Álex Balde,4,2025,29294,148,9805,DL,4,90,0,0,0,0.0,0.3975748121738434,0.3975748121738434,0,0.0,0,0,0
ESP-La Liga,2526,2025-12-02 Barcelona-Atletico Madrid,Atletico Madrid,Alexander Sørloth,4,2025,29342,143,6531,Sub,17,22,0,0,0,0.0,0.014908450655639172,0.014908450655639172,0,0.0,0,0,0
ESP-La Liga,2526,2025-12-02 Barcelona-Atletico Madrid,Atletico Madrid,Antoine Griezmann,4,2025,29342,143,2270,Sub,17,10,0,0,1,0.4161052703857422,0.7739718556404114,0.3578666150569916,0,0.0,0,0,0
ESP-La Liga,2526,2025-12-02 Barcelona-Atletico Madrid,Atletico Madrid,Clement Lenglet,4,2025,29342,143,5050,DC,3,90,0,0,0,0.0,0.4366753101348877,0.4366753101348877,0,0.0,0,0,0
ESP-La Liga,2526,2025-12-02 Barcelona-Atletico Madrid,Atletico Madrid,Conor Gallagher,4,2025,29342,143,9040,Sub,17,39,0,0,0,0.0,0.5378508567810059,0.5378508567810059,0,0.0,0,0,0
ESP-La Liga,2526,2025-12-02 Barcelona-Atletico Madrid,Atletico Madrid,David Hancko,4,2025,29342,143,7086,DL,4,90,0,0,1,0.017696836963295937,0.8378721475601196,0.4623086750507355,0,0.3578666150569916,1,0,0
ESP-La Liga,2526,2025-12-02 Barcelona-Atletico Madrid,Atletico Madrid,Giménez,4,2025,29342,143,2278,DC,3,90,0,0,0,0.0,0.04620341956615448,0.04620341956615448,0,0.0,0,0,0
ESP-La Liga,2526,2025-12-02 Barcelona-Atletico Madrid,Atletico Madrid,Giuliano Simeone,4,2025,29342,143,9796,AMR,11,68,0,0,1,0.10117553174495697,0.10117553174495697,0.0,0,0.0,0,0,0
ESP-La Liga,2526,2025-12-02 Barcelona-Atletico Madrid,Atletico Madrid,Jan Oblak,4,2025,29342,143,2261,GK,1,90,0,0,0,0.0,0.0,0.0,0,0.0,0,0,0
ESP-La Liga,2526,2025-12-02 Barcelona-Atletico Madrid,Atletico Madrid,Johnny Cardoso,4,2025,29342,143,12323,DMC,7,13,0,0,0,0.0,0.0,0.0,0,0.0,0,0,0
ESP-La Liga,2526,2025-12-02 Barcelona-Atletico Madrid,Atletico Madrid,Julián Álvarez,4,2025,29342,143,10846,FW,15,90,0,0,1,0.04620341956615448,0.5811810493469238,0.4338020980358124,0,0.11887236684560776,2,0,0
ESP-La Liga,2526,2025-12-02 Barcelona-Atletico Madrid,Atletico Madrid,Koke,4,2025,29342,143,2269,Sub,17,67,0,0,0,0.0,0.04620341956615448,0.04620341956615448,0,0.0,0,0,0
ESP-La Liga,2526,2025-12-02 Barcelona-Atletico Madrid,Atletico Madrid,Nahuel Molina,4,2025,29342,143,8963,DR,2,90,0,0,1,0.014908450655639172,0.8328980803489685,0.37556344270706177,1,0.4424261748790741,2,0,0
ESP-La Liga,2526,2025-12-02 Barcelona-Atletico Madrid,Atletico Madrid,Nicolás González,4,2025,29342,143,7074,AMC,12,51,0,0,0,0.0,0.0,0.0,0,0.0,0,0,0
ESP-La Liga,2526,2025-12-02 Barcelona-Atletico Madrid,Atletico Madrid,Pablo Barrios Rivas,4,2025,29342,143,10494,DMC,7,90,0,0,0,0.0,0.04620341956615448,0.04620341956615448,0,0.0,0,0,0
ESP-La Liga,2526,2025-12-02 Barcelona-Atletico Madrid,Atletico Madrid,Thiago Almada,4,2025,29342,143,13358,Sub,17,23,0,0,1,0.3578666150569916,0.791668713092804,0.4338020980358124,0,0.4161052703857422,1,0,0
ESP-La Liga,2526,2025-12-02 Barcelona-Atletico Madrid,Atletico Madrid,Álex Baena,4,2025,29342,143,8417,AML,13,67,1,0,1,0.3962227702140808,0.3962227702140808,0.0,0,0.0,0,1,0
ESP-La Liga,2526,2025-12-02 Barcelona-Atletico Madrid,Barcelona,Andreas Christensen,4,2025,29342,148,200,Sub,17,1,0,0,0,0.0,0.0,0.0,0,0.0,0,0,0
ESP-La Liga,2526,2025-12-02 Barcelona-Atletico Madrid,Barcelona,Dani Olmo,4,2025,29342,148,8292,AMC,12,71,1,0,2,0.42202329635620117,0.6606319546699524,0.5498741865158081,0,0.14710037410259247,2,0,0
ESP-La Liga,2526,2025-12-02 Barcelona-Atletico Madrid,Barcelona,Dro Fernández,4,2025,29342,148,13749,Sub,17,11,0,0,0,0.0,0.5775237679481506,0.5775237679481506,0,0.0,0,0,0
ESP-La Liga,2526,2025-12-02 Barcelona-Atletico Madrid,Barcelona,Eric Garcia,4,2025,29342,148,8045,DMC,7,90,0,0,0,0.0,0.878253698348999,0.878253698348999,0,0.0,0,0,0
ESP-La Liga,2526,2025-12-02 Barcelona-Atletico Madrid,Barcelona,Ferrán Torres,4,2025,29342,148,6441,Sub,17,18,1,0,1,0.5775237679481506,0.5775237679481506,0.0,0,0.0,0,0,0
ESP-La Liga,2526,2025-12-02 Barcelona-Atletico Madrid,Barcelona,Gerard Martín,4,2025,29342,148,12821,DC,3,90,0,0,0,0.0,1.0227320194244385,1.0012215375900269,0,0.021510539576411247,1,1,0
ESP-La Liga,2526,2025-12-02 Barcelona-Atletico Madrid,Barcelona,Joan García,4,2025,29342,148,9773,GK,1,90,0,0,0,0.0,0.8711985945701599,0.8711985945701599,0,0.0,0,0,0
ESP-La Liga,2526,2025-12-02 Barcelona-Atletico Madrid,Barcelona,Jules Koundé,4,2025,29342,148,6433,DR,2,90,0,0,0,0.0,1.3104875087738037,1.3104875087738037,0,0.0,0,0,0
ESP-La Liga,2526,2025-12-02 Barcelona-Atletico Madrid,Barcelona,Lamine Yamal,4,2025,29342,148,11527,AMR,11,90,0,0,3,0.13524168729782104,1.2819056510925293,1.146664023399353,0,0.6351300477981567,2,0,0
ESP-La Liga,2526,2025-12-02 Barcelona-Atletico Madrid,Barcelona,Marc Casadó,4,2025,29342,148,11151,Sub,17,11,0,0,0,0.0,0.6331976056098938,0.5775237679481506,0,0.055673807859420776,1,0,0
ESP-La Liga,2526,2025-12-02 Barcelona-Atletico Madrid,Barcelona,Marcus Rashford,4,2025,29342,148,556,Sub,17,19,0,0,2,0.08074686676263809,0.6582706570625305,0.5775237679481506,0,0.0,0,0,0
ESP-La Liga,2526,2025-12-02 Barcelona-Atletico Madrid,Barcelona,Pau Cubarsí,4,2025,29342,148,12005,DC,3,90,0,0,0,0.0,1.843117117881775,1.843117117881775,0,0.0,0,0,0
ESP-La Liga,2526,2025-12-02 Barcelona-Atletico Madrid,Barcelona,Pedri,4,2025,29342,148,8935,DMC,7,79,0,0,0,0.0,1.6052192449569702,1.072589635848999,1,0.595068097114563,3,0,0
ESP-La Liga,2526,2025-12-02 Barcelona-Atletico Madrid,Barcelona,Raphinha,4,2025,29342,148,8026,AML,13,79,1,0,4,0.9648633599281311,1.9501522779464722,0.9023520350456238,0,0.1285039335489273,3,0,0
ESP-La Liga,2526,2025-12-02 Barcelona-Atletico Madrid,Barcelona,Robert Lewandowski,4,2025,29342,148,227,FW,15,72,0,0,4,1.1763664484024048,0.892637312412262,0.7428050637245178,0,0.05272384732961655,2,0,0
ESP-La Liga,2526,2025-12-02 Barcelona-Atletico Madrid,Barcelona,Álex Balde,4,2025,29342,148,9805,DL,4,90,0,0,3,0.10444740206003189,1.5969496965408325,0.8899054527282715,1,0.6025968194007874,2,0,0
ESP-La Liga,2526,2025-12-06 Real Betis-Barcelona,Barcelona,Andreas Christensen,4,2025,29302,148,200,Sub,17,38,0,0,0,0.0,0.08424430340528488,0.08424430340528488,0,0.0,0,0,0
ESP-La Liga,2526,2025-12-06 Real Betis-Barcelona,Barcelona,Eric Garcia,4,2025,29302,148,8045,DMC,7,87,0,0,0,0.0,0.48506781458854675,0.48506781458854675,0,0.0,0,0,0
ESP-La Liga,2526,2025-12-06 Real Betis-Barcelona,Barcelona,Fermín López,4,2025,29302,148,11822,Sub,17,16,0,0,2,0.09905654937028885,0.41539353132247925,0.316336989402771,0,0.0,0,0,0
ESP-La Liga,2526,2025-12-06 Real Betis-Barcelona,Barcelona,Ferrán Torres,4,2025,29302,148,6441,FW,15,90,3,0,5,1.4889516830444336,1.9144260883331299,0.3955995738506317,0,0.02987484820187092,1,0,0
ESP-La Liga,2526,2025-12-06 Real Betis-Barcelona,Barcelona,Frenkie de Jong,4,2025,29302,148,7781,Sub,17,21,0,0,0,0.0,0.3855186998844147,0.06918169558048248,0,0.316336989402771,1,0,0
ESP-La Liga,2526,2025-12-06 Real Betis-Barcelona,Barcelona,Gerard Martín,4,2025,29302,148,12821,DC,3,69,0,0,0,0.0,0.16410823166370392,0.16410823166370392,0,0.05436945706605911,1,1,0
ESP-La Liga,2526,2025-12-06 Real Betis-Barcelona,Barcelona,Joan García,4,2025,29302,148,9773,GK,1,90,0,0,0,0.0,0.05436945706605911,0.05436945706605911,0,0.0,0,0,0
ESP-La Liga,2526,2025-12-06 Real Betis-Barcelona,Barcelona,Jofre Torrents,4,2025,29302,148,13748,Sub,17,3,0,0,0,0.0,0.0,0.0,0,0.0,0,0,0
ESP-La Liga,2526,2025-12-06 Real Betis-Barcelona,Barcelona,Jules Koundé,4,2025,29302,148,6433,DR,2,90,0,0,0,0.0,0.6892663240432739,0.14672356843948364,1,0.6050220131874084,2,1,0
ESP-La Liga,2526,2025-12-06 Real Betis-Barcelona,Barcelona,Lamine Yamal,4,2025,29302,148,11527,AMC,12,90,1,0,1,0.7432776093482971,1.8993635177612305,1.048442006111145,0,0.8509215116500854,4,0,0
ESP-La Liga,2526,2025-12-06 Real Betis-Barcelona,Barcelona,Marc Bernal,4,2025,29302,148,12820,Sub,17,21,0,0,0,0.0,0.02987484820187092,0.02987484820187092,0,0.0,0,0,0
ESP-La Liga,2526,2025-12-06 Real Betis-Barcelona,Barcelona,Marcus Rashford,4,2025,29302,148,556,AML,13,90,0,0,5,0.561639130115509,0.5495084524154663,0.08058108389377594,0,0.0,0,0,0
ESP-La Liga,2526,2025-12-06 Real Betis-Barcelona,Barcelona,Pau Cubarsí,4,2025,29302,148,12005,DC,3,90,0,0,0,0.0,0.524753987789154,0.524753987789154,0,0.0,0,0,0
ESP-La Liga,2526,2025-12-06 Real Betis-Barcelona,Barcelona,Pedri,4,2025,29302,148,8935,DMC,7,69,0,0,0,0.0,1.1580318212509155,1.098999261856079,2,0.1097387745976448,2,0,0
ESP-La Liga,2526,2025-12-06 Real Betis-Barcelona,Barcelona,Roony Bardghji,4,2025,29302,148,14064,AMR,11,74,1,0,3,0.4099594056606293,1.4076951742172241,0.6050220131874084,1,0.392713725566864,1,0,0
ESP-La Liga,2526,2025-12-06 Real Betis-Barcelona,Barcelona,Álex Balde,4,2025,29302,148,9805,DL,4,52,0,0,0,0.0,0.0,0.0,0,0.0,0,0,0
ESP-La Liga,2526,2025-12-06 Real Betis-Barcelona,Real Betis,Abdessamad Ezzalzouli,4,2025,29302,153,10095,AML,13,90,0,0,5,0.38891497254371643,0.35831722617149353,0.12790685892105103,1,0.7814723253250122,3,0,0
ESP-La Liga,2526,2025-12-06 Real Betis-Barcelona,Real Betis,Aitor Ruibal,4,2025,29302,153,6427,DR,2,90,0,0,2,0.07999534904956818,0.3421271741390228,0.09011992067098618,0,0.17201191186904907,3,1,0
ESP-La Liga,2526,2025-12-06 Real Betis-Barcelona,Real Betis,Antony,4,2025,29302,153,11094,AMR,11,81,1,0,4,0.6392790675163269,0.806623101234436,0.1489785760641098,0,0.018365461379289627,1,0,0
ESP-La Liga,2526,2025-12-06 Real Betis-Barcelona,Real Betis,Diego Llorente,4,2025,29302,153,2163,Sub,17,24,1,0,1,0.7363635897636414,0.0,0.0,0,0.0,0,0,0
ESP-La Liga,2526,2025-12-06 Real Betis-Barcelona,Real Betis,Juan Camilo Hernández,4,2025,29302,153,6954,FW,15,90,1,0,3,0.8419297933578491,0.2899937033653259,0.10187897086143494,0,0.08946254104375839,1,0,0
ESP-La Liga,2526,2025-12-06 Real Betis-Barcelona,Real Betis,Júnior Firpo,4,2025,29302,153,6485,Sub,17,24,0,0,0,0.0,0.06808044761419296,0.06808044761419296,0,0.0,0,0,0
ESP-La Liga,2526,2025-12-06 Real Betis-Barcelona,Real Betis,Marc Bartra,4,2025,29302,153,2453,DC,3,66,0,0,0,0.0,0.05321928858757019,0.05321928858757019,0,0.0,0,0,0
ESP-La Liga,2526,2025-12-06 Real Betis-Barcelona,Real Betis,Marc Roca,4,2025,29302,153,5086,DMC,7,90,0,0,0,0.0,0.21824060380458832,0.14648614823818207,0,0.07175446301698685,1,0,0
ESP-La Liga,2526,2025-12-06 Real Betis-Barcelona,Real Betis,Natan,4,2025,29302,153,11890,DC,3,66,0,0,0,0.0,0.22296854853630066,0.22296854853630066,0,0.0,0,0,0
ESP-La Liga,2526,2025-12-06 Real Betis-Barcelona,Real Betis,Nelson Deossa,4,2025,29302,153,14001,Sub,17,38,0,0,0,0.0,0.06808044761419296,0.06808044761419296,0,0.0,0,1,0
ESP-La Liga,2526,2025-12-06 Real Betis-Barcelona,Real Betis,Pablo Fornals,4,2025,29302,153,2335,AMC,12,90,0,0,1,0.08946254104375839,0.31631526350975037,0.12497375160455704,0,0.30549225211143494,4,0,0
ESP-La Liga,2526,2025-12-06 Real Betis-Barcelona,Real Betis,Pablo García,4,2025,29302,153,13376,Sub,17,9,0,0,0,0.0,0.038444314152002335,0.0,0,0.038444314152002335,1,0,0
ESP-La Liga,2526,2025-12-06 Real Betis-Barcelona,Real Betis,Ricardo Rodríguez,4,2025,29302,153,308,Sub,17,1,0,0,0,0.0,0.0,0.0,0,0.0,0,0,0
ESP-La Liga,2526,2025-12-06 Real Betis-Barcelona,Real Betis,Sergi Altimira,4,2025,29302,153,11953,DMC,7,52,0,0,1,0.015472566708922386,0.1489785760641098,0.13350601494312286,0,0.0,0,1,0
ESP-La Liga,2526,2025-12-06 Real Betis-Barcelona,Real Betis,Valentín Gómez,4,2025,29302,153,13845,DL,4,90,0,0,0,0.0,0.0,0.0,0,0.0,0,1,0
ESP-La Liga,2526,2025-12-06 Real Betis-Barcelona,Real Betis,Álvaro Vallés,4,2025,29302,153,11740,GK,1,90,0,0,0,0.0,0.0,0.0,0,0.0,0,0,0
ESP-La Liga,2526,2025-12-13 Barcelona-Osasuna,Barcelona,Andreas Christensen,4,2025,29310,148,200,Sub,17,1,0,0,0,0.0,0.0,0.0,0,0.0,0,0,0
ESP-La Liga,2526,2025-12-13 Barcelona-Osasuna,Barcelona,Eric Garcia,4,2025,29310,148,8045,DMC,7,90,0,0,2,0.040604982525110245,0.8068028092384338,0.7585113048553467,0,0.02251211553812027,2,0,0
ESP-La Liga,2526,2025-12-13 Barcelona-Osasuna,Barcelona,Fermín López,4,2025,29310,148,11822,Sub,17,12,0,0,0,0.0,0.03516547381877899,0.03516547381877899,0,0.0,0,0,0
ESP-La Liga,2526,2025-12-13 Barcelona-Osasuna,Barcelona,Ferrán Torres,4,2025,29310,148,6441,FW,15,90,0,0,2,0.5418058633804321,0.6417040824890137,0.014825562946498394,0,0.08507266640663147,1,0,0
ESP-La Liga,2526,2025-12-13 Barcelona-Osasuna,Barcelona,Frenkie de Jong,4,2025,29310,148,7781,Sub,17,13,0,0,0,0.0,0.03516547381877899,0.03516547381877899,0,0.03516547381877899,1,0,0
ESP-La Liga,2526,2025-12-13 Barcelona-Osasuna,Barcelona,Gerard Martín,4,2025,29310,148,12821,DC,3,90,0,0,1,0.047658201307058334,0.14364786446094513,0.14364786446094513,0,0.0,0,0,0
ESP-La Liga,2526,2025-12-13 Barcelona-Osasuna,Barcelona,Joan García,4,2025,29310,148,9773,GK,1,90,0,0,0,0.0,0.09275921434164047,0.09275921434164047,0,0.0,0,0,0
ESP-La Liga,2526,2025-12-13 Barcelona-Osasuna,Barcelona,Jules Koundé,4,2025,29310,148,6433,DR,2,90,0,0,0,0.0,0.6821480989456177,0.6821480989456177,0,0.17469432950019836,2,0,0
ESP-La Liga,2526,2025-12-13 Barcelona-Osasuna,Barcelona,Lamine Yamal,4,2025,29310,148,11527,AMR,11,90,0,0,5,0.23658016324043274,0.843483030796051,0.18310637772083282,0,0.4805339574813843,3,0,0
ESP-La Liga,2526,2025-12-13 Barcelona-Osasuna,Barcelona,Marc Casadó,4,2025,29310,148,11151,Sub,17,1,0,0,0,0.0,0.0,0.0,0,0.0,0,0,0
ESP-La Liga,2526,2025-12-13 Barcelona-Osasuna,Barcelona,Marcus Rashford,4,2025,29310,148,556,AML,13,77,0,0,3,0.25432878732681274,0.6540113687515259,0.4946736693382263,0,0.07388053089380264,2,0,0
ESP-La Liga,2526,2025-12-13 Barcelona-Osasuna,Barcelona,Pau Cubarsí,4,2025,29310,148,12005,DC,3,78,0,0,2,0.07297344505786896,0.8084482550621033,0.8084482550621033,0,0.0,0,0,0
ESP-La Liga,2526,2025-12-13 Barcelona-Osasuna,Barcelona,Pedri,4,2025,29310,148,8935,DMC,7,90,0,0,1,0.022201070562005043,0.7461621165275574,0.6329123377799988,1,0.09104868769645691,2,0,0
ESP-La Liga,2526,2025-12-13 Barcelona-Osasuna,Barcelona,Raphinha,4,2025,29310,148,8026,AMC,12,90,2,0,7,0.9232267737388611,0.9892458915710449,0.06601912528276443,0,0.05814788490533829,1,0,0
ESP-La Liga,2526,2025-12-13 Barcelona-Osasuna,Barcelona,Roony Bardghji,4,2025,29310,148,14064,Sub,17,1,0,0,0,0.0,0.0,0.0,0,0.0,0,0,0
ESP-La Liga,2526,2025-12-13 Barcelona-Osasuna,Barcelona,Álex Balde,4,2025,29310,148,9805,DL,4,90,0,0,1,0.021572016179561615,0.7817650437355042,0.7595639824867249,0,0.03822916001081467,2,0,0
ESP-La Liga,2526,2025-12-13 Barcelona-Osasuna,Osasuna,Abel Bretones,4,2025,29310,157,12790,DL,4,90,0,0,0,0.0,0.0,0.0,0,0.0,0,1,0
ESP-La Liga,2526,2025-12-13 Barcelona-Osasuna,Osasuna,Aimar Oroz,4,2025,29310,157,8424,ML,10,67,0,0,0,0.0,0.0,0.0,0,0.0,0,0,0
ESP-La Liga,2526,2025-12-13 Barcelona-Osasuna,Osasuna,Alejandro Catena,4,2025,29310,157,7604,DC,3,90,0,0,0,0.0,0.0,0.0,0,0.0,0,0,0
ESP-La Liga,2526,2025-12-13 Barcelona-Osasuna,Osasuna,Ante Budimir,4,2025,29310,157,1235,FW,15,67,0,0,2,0.12651929259300232,0.22821681201457977,0.10169751942157745,0,0.0,0,0,0
ESP-La Liga,2526,2025-12-13 Barcelona-Osasuna,Osasuna,Enzo Boyomo,4,2025,29310,157,12893,DC,3,90,0,0,0,0.0,0.0,0.0,0,0.0,0,0,0
ESP-La Liga,2526,2025-12-13 Barcelona-Osasuna,Osasuna,Iker Muñoz,4,2025,29310,157,11395,Sub,17,41,0,0,0,0.0,0.0,0.0,0,0.0,0,1,0
ESP-La Liga,2526,2025-12-13 Barcelona-Osasuna,Osasuna,Iñigo Arguibide,4,2025,29310,157,12472,DR,2,72,0,0,0,0.0,0.03171418979763985,0.0,0,0.03171418979763985,1,0,0
ESP-La Liga,2526,2025-12-13 Barcelona-Osasuna,Osasuna,Jon Moncayola,4,2025,29310,157,7857,MC,9,90,0,0,0,0.0,0.09480510652065277,0.09480510652065277,0,0.0,0,1,0
ESP-La Liga,2526,2025-12-13 Barcelona-Osasuna,Osasuna,Jorge Herrando,4,2025,29310,157,10858,DC,3,90,0,0,0,0.0,0.0,0.0,0,0.0,0,0,0
ESP-La Liga,2526,2025-12-13 Barcelona-Osasuna,Osasuna,Lucas Torró,4,2025,29310,157,7050,MC,9,49,0,0,0,0.0,0.09480510652065277,0.0,0,0.09480510652065277,1,0,0
ESP-La Liga,2526,2025-12-13 Barcelona-Osasuna,Osasuna,Raul García,4,2025,29310,157,8042,Sub,17,23,0,0,0,0.0,0.0,0.0,0,0.0,0,0,0
ESP-La Liga,2526,2025-12-13 Barcelona-Osasuna,Osasuna,Rubén García,4,2025,29310,157,2183,Sub,17,23,0,0,0,0.0,0.0,0.0,0,0.0,0,0,0
ESP-La Liga,2526,2025-12-13 Barcelona-Osasuna,Osasuna,Sergio Herrera,4,2025,29310,157,7859,GK,1,90,0,0,0,0.0,0.0,0.0,0,0.0,0,0,0
ESP-La Liga,2526,2025-12-13 Barcelona-Osasuna,Osasuna,Sheraldo Becker,4,2025,29310,157,7882,Sub,17,22,0,0,0,0.0,0.0,0.0,0,0.0,0,0,0
ESP-La Liga,2526,2025-12-13 Barcelona-Osasuna,Osasuna,Valentin Rosier,4,2025,29310,157,5615,Sub,17,18,0,0,0,0.0,0.0,0.0,0,0.0,0,0,0
ESP-La Liga,2526,2025-12-13 Barcelona-Osasuna,Osasuna,Víctor Muñoz,4,2025,29310,157,13279,MR,8,68,0,0,1,0.10169751942157745,0.10169751942157745,0.0,0,0.0,0,0,0
ESP-La Liga,2526,2025-12-21 Villarreal-Barcelona,Barcelona,Eric Garcia,4,2025,29325,148,8045,DMC,7,68,0,0,1,0.08484817296266556,0.4463653564453125,0.4022676348686218,0,0.07881537824869156,2,0,0
ESP-La Liga,2526,2025-12-21 Villarreal-Barcelona,Barcelona,Fermín López,4,2025,29325,148,11822,AMC,12,65,0,0,3,0.25570860505104065,1.0873655080795288,0.7479138374328613,0,0.08374304324388504,1,0,0
ESP-La Liga,2526,2025-12-21 Villarreal-Barcelona,Barcelona,Ferrán Torres,4,2025,29325,148,6441,FW,15,64,0,0,2,0.6630656719207764,0.6630656719207764,0.08744889497756958,0,0.0,0,0,0
ESP-La Liga,2526,2025-12-21 Villarreal-Barcelona,Barcelona,Frenkie de Jong,4,2025,29325,148,7781,DMC,7,90,0,0,1,0.13118398189544678,2.3281025886535645,1.6355080604553223,1,1.0442203283309937,4,1,0
ESP-La Liga,2526,2025-12-21 Villarreal-Barcelona,Barcelona,Gerard Martín,4,2025,29325,148,12821,DC,3,90,0,0,0,0.0,0.6522597670555115,0.6522597670555115,0,0.0,0,0,0
ESP-La Liga,2526,2025-12-21 Villarreal-Barcelona,Barcelona,Joan García,4,2025,29325,148,9773,GK,1,90,0,0,0,0.0,0.18077804148197174,0.18077804148197174,0,0.0,0,0,0
ESP-La Liga,2526,2025-12-21 Villarreal-Barcelona,Barcelona,Jules Koundé,4,2025,29325,148,6433,DR,2,81,0,0,0,0.0,0.3003438711166382,0.3003438711166382,0,0.0,0,0,0
ESP-La Liga,2526,2025-12-21 Villarreal-Barcelona,Barcelona,Lamine Yamal,4,2025,29325,148,11527,AMR,11,90,1,0,4,0.6370486617088318,1.7371374368667603,0.9431667327880859,0,0.5501052737236023,6,0,0
ESP-La Liga,2526,2025-12-21 Villarreal-Barcelona,Barcelona,Marc Bernal,4,2025,29325,148,12820,Sub,17,22,0,0,0,0.0,0.0,0.0,0,0.0,0,0,0
ESP-La Liga,2526,2025-12-21 Villarreal-Barcelona,Barcelona,Marc Casadó,4,2025,29325,148,11151,Sub,17,9,0,0,0,0.0,0.448950856924057,0.448950856924057,0,0.0,0,0,0
ESP-La Liga,2526,2025-12-21 Villarreal-Barcelona,Barcelona,Marcus Rashford,4,2025,29325,148,556,Sub,17,25,0,0,2,0.4840582609176636,0.6174107789993286,0.448950856924057,0,0.1684599220752716,2,0,0
ESP-La Liga,2526,2025-12-21 Villarreal-Barcelona,Barcelona,Pau Cubarsí,4,2025,29325,148,12005,DC,3,90,0,0,0,0.0,0.2310757040977478,0.2310757040977478,0,0.0,0,0,0
ESP-La Liga,2526,2025-12-21 Villarreal-Barcelona,Barcelona,Raphinha,4,2025,29325,148,8026,AML,13,90,1,0,4,0.872037947177887,0.8438436985015869,0.8438436985015869,0,0.610724151134491,2,0,0
ESP-La Liga,2526,2025-12-21 Villarreal-Barcelona,Barcelona,Robert Lewandowski,4,2025,29325,148,227,Sub,17,26,0,0,1,0.1466502845287323,0.5956011414527893,0.448950856924057,0,0.0,0,0,0
ESP-La Liga,2526,2025-12-21 Villarreal-Barcelona,Barcelona,Álex Balde,4,2025,29325,148,9805,DL,4,90,0,0,1,0.04409771040081978,1.470932960510254,1.426835298538208,0,0.0,0,0,0
ESP-La Liga,2526,2025-12-21 Villarreal-Barcelona,Villarreal,Alberto Moleiro,4,2025,29325,154,12160,ML,10,90,0,0,2,0.08878017961978912,1.4607900381088257,0.02944672480225563,0,1.3425631523132324,3,0,0
ESP-La Liga,2526,2025-12-21 Villarreal-Barcelona,Villarreal,Ayoze Pérez,4,2025,29325,154,770,FW,15,67,0,0,2,0.17508356273174286,0.2388647347688675,0.06378117203712463,0,0.0,0,0,0
ESP-La Liga,2526,2025-12-21 Villarreal-Barcelona,Villarreal,Carlos Macià,4,2025,29325,154,14221,Sub,17,13,0,0,0,0.0,0.0,0.0,0,0.0,0,0,0
ESP-La Liga,2526,2025-12-21 Villarreal-Barcelona,Villarreal,Daniel Parejo,4,2025,29325,154,2378,MC,9,77,0,0,1,0.05276128649711609,0.0,0.0,0,0.03418828547000885,1,0,0
ESP-La Liga,2526,2025-12-21 Villarreal-Barcelona,Villarreal,Georges Mikautadze,4,2025,29325,154,8187,Sub,17,23,0,0,2,0.5633837580680847,0.5633837580680847,0.0,0,0.0,0,0,0
ESP-La Liga,2526,2025-12-21 Villarreal-Barcelona,Villarreal,Luiz Júnior,4,2025,29325,154,12917,GK,1,90,0,0,0,0.0,0.0,0.0,0,0.0,0,0,0
ESP-La Liga,2526,2025-12-21 Villarreal-Barcelona,Villarreal,Nicolas Pepe,4,2025,29325,154,5656,FW,15,77,0,0,1,0.81112140417099,0.8749025464057922,0.0,0,0.06378117203712463,1,0,0
ESP-La Liga,2526,2025-12-21 Villarreal-Barcelona,Villarreal,Pau Navarro,4,2025,29325,154,12914,DR,2,90,0,0,0,0.0,0.0,0.0,0,0.0,0,0,0
ESP-La Liga,2526,2025-12-21 Villarreal-Barcelona,Villarreal,Rafa Marín,4,2025,29325,154,10200,DC,3,90,0,0,0,0.0,0.02944672480225563,0.02944672480225563,0,0.0,0,0,0
ESP-La Liga,2526,2025-12-21 Villarreal-Barcelona,Villarreal,Renato Veiga,4,2025,29325,154,11383,DC,3,38,0,0,1,0.03418828547000885,0.0,0.0,0,0.0,0,0,1
ESP-La Liga,2526,2025-12-21 Villarreal-Barcelona,Villarreal,Santiago Comesaña,4,2025,29325,154,7070,MC,9,90,0,0,0,0.0,0.5608884692192078,0.5608884692192078,0,0.0,0,0,0
ESP-La Liga,2526,2025-12-21 Villarreal-Barcelona,Villarreal,Sergi Cardona,4,2025,29325,154,11744,DL,4,90,0,0,2,0.17118287086486816,0.12522049248218536,0.0,0,0.02944672480225563,1,0,0
ESP-La Liga,2526,2025-12-21 Villarreal-Barcelona,Villarreal,Tajon Buchanan,4,2025,29325,154,12322,MR,8,90,0,0,3,0.4153582453727722,0.47913941740989685,0.06378117203712463,0,0.0,0,1,0
ESP-La Liga,2526,2025-12-21 Villarreal-Barcelona,Villarreal,Tani Oluwaseyi,4,2025,29325,154,13996,Sub,17,13,0,0,0,0.0,0.0,0.0,0,0.0,0,0,0
ESP-La Liga,2526,2026-01-03 Espanyol-Barcelona,Barcelona,Dani Olmo,4,2025,29333,148,8292,Sub,17,22,1,0,2,0.10235314816236496,0.08821845799684525,0.056659188121557236,0,0.056659188121557236,1,0,0
ESP-La Liga,2526,2026-01-03 Espanyol-Barcelona,Barcelona,Eric Garcia,4,2025,29333,148,8045,DMC,7,90,0,0,2,0.7646810412406921,0.21362747251987457,0.21362747251987457,0,0.03423478826880455,1,0,0
ESP-La Liga,2526,2026-01-03 Espanyol-Barcelona,Barcelona,Fermín López,4,2025,29333,148,11822,Sub,17,40,0,0,1,0.056659188121557236,0.6187307834625244,0.0,2,1.082604169845581,4,0,0
ESP-La Liga,2526,2026-01-03 Espanyol-Barcelona,Barcelona,Ferrán Torres,4,2025,29333,148,6441,FW,15,68,0,0,1,0.26225918531417847,0.03423478826880455,0.03423478826880455,0,0.0,0,0,0
ESP-La Liga,2526,2026-01-03 Espanyol-Barcelona,Barcelona,Frenkie de Jong,4,2025,29333,148,7781,DMC,7,90,0,0,1,0.12273349612951279,0.21809181571006775,0.09535832703113556,0,0.029564261436462402,1,0,0
ESP-La Liga,2526,2026-01-03 Espanyol-Barcelona,Barcelona,Gerard Martín,4,2025,29333,148,12821,DC,3,68,0,0,0,0.0,0.06379905343055725,0.06379905343055725,0,0.0,0,0,0
ESP-La Liga,2526,2026-01-03 Espanyol-Barcelona,Barcelona,Joan García,4,2025,29333,148,9773,GK,1,90,0,0,0,0.0,0.029564261436462402,0.029564261436462402,0,0.0,0,0,0
ESP-La Liga,2526,2026-01-03 Espanyol-Barcelona,Barcelona,Jules Koundé,4,2025,29333,148,6433,DR,2,90,0,0,1,0.43061256408691406,0.805263340473175,0.805263340473175,0,0.0,0,0,0
ESP-La Liga,2526,2026-01-03 Espanyol-Barcelona,Barcelona,Lamine Yamal,4,2025,29333,148,11527,AMR,11,90,0,0,3,0.12228193879127502,1.2359554767608643,0.5647470951080322,0,0.6416440606117249,2,0,0
ESP-La Liga,2526,2026-01-03 Espanyol-Barcelona,Barcelona,Marcus Rashford,4,2025,29333,148,556,AML,13,50,0,0,0,0.0,0.029564261436462402,0.029564261436462402,0,0.26225918531417847,1,0,0
ESP-La Liga,2526,2026-01-03 Espanyol-Barcelona,Barcelona,Pau Cubarsí,4,2025,29333,148,12005,DC,3,90,0,0,0,0.0,0.12045823782682419,0.12045823782682419,0,0.0,0,0,0
ESP-La Liga,2526,2026-01-03 Espanyol-Barcelona,Barcelona,Pedri,4,2025,29333,148,8935,Sub,17,22,0,0,2,0.5436654686927795,0.5504698157310486,0.03155927360057831,0,0.05848288536071777,1,0,0
ESP-La Liga,2526,2026-01-03 Espanyol-Barcelona,Barcelona,Raphinha,4,2025,29333,148,8026,AMC,12,68,0,0,1,0.06918790191411972,0.06379905343055725,0.06379905343055725,0,0.0,0,0,0
ESP-La Liga,2526,2026-01-03 Espanyol-Barcelona,Barcelona,Robert Lewandowski,4,2025,29333,148,227,Sub,17,22,1,0,1,0.5305123329162598,0.5305123329162598,0.0,0,0.0,0,0,0
ESP-La Liga,2526,2026-01-03 Espanyol-Barcelona,Barcelona,Álex Balde,4,2025,29333,148,9805,DL,4,90,0,0,0,0.0,0.08622345328330994,0.08622345328330994,0,0.0,0,0,0
ESP-La Liga,2526,2026-01-03 Espanyol-Barcelona,Espanyol,Carlos Romero,4,2025,29333,141,11402,DL,4,90,0,0,1,0.05392923206090927,0.81171715259552,0.81171715259552,0,0.41574814915657043,1,0,0
ESP-La Liga,2526,2026-01-03 Espanyol-Barcelona,Espanyol,Edu Expósito,4,2025,29333,141,5081,AMC,12,64,0,0,0,0.0,0.8199119567871094,0.47787222266197205,0,0.38223689794540405,3,0,0
ESP-La Liga,2526,2026-01-03 Espanyol-Barcelona,Espanyol,Fernando Calero,4,2025,29333,141,6916,DC,3,90,0,0,1,0.07173887640237808,0.05392923206090927,0.05392923206090927,0,0.0,0,0,0
ESP-La Liga,2526,2026-01-03 Espanyol-Barcelona,Espanyol,Javi Puado,4,2025,29333,141,6933,Sub,17,4,0,0,0,0.0,0.0,0.0,0,0.0,0,0,0
ESP-La Liga,2526,2026-01-03 Espanyol-Barcelona,Espanyol,Jofre Carreras,4,2025,29333,141,10209,Sub,17,26,0,0,1,0.024292340502142906,0.07822157442569733,0.0,0,0.05392923206090927,1,0,0
ESP-La Liga,2526,2026-01-03 Espanyol-Barcelona,Espanyol,Kike García,4,2025,29333,141,5074,Sub,17,11,0,0,0,0.0,0.05392923206090927,0.05392923206090927,0,0.0,0,0,0
ESP-La Liga,2526,2026-01-03 Espanyol-Barcelona,Espanyol,Leandro Cabrera,4,2025,29333,141,6168,DC,3,90,0,0,2,0.04019714519381523,0.4885084331035614,0.4885084331035614,0,0.452383428812027,1,0,0
ESP-La Liga,2526,2026-01-03 Espanyol-Barcelona,Espanyol,Marko Dmitrovic,4,2025,29333,141,6224,GK,1,90,0,0,0,0.0,0.4263843297958374,0.3959689736366272,0,0.030415348708629608,1,0,0
ESP-La Liga,2526,2026-01-03 Espanyol-Barcelona,Espanyol,Omar El Hilali,4,2025,29333,141,10875,DR,2,90,0,0,0,0.0,0.0,0.0,0,0.0,0,0,0
ESP-La Liga,2526,2026-01-03 Espanyol-Barcelona,Espanyol,Pere Milla,4,2025,29333,141,4175,AML,13,86,0,0,3,0.5818173289299011,1.072943091392517,0.40416383743286133,0,0.20064307749271393,2,0,0
ESP-La Liga,2526,2026-01-03 Espanyol-Barcelona,Espanyol,Pol Lozano,4,2025,29333,141,7916,DMC,7,90,0,0,0,0.0,0.5573604106903076,0.533068060874939,0,0.08641643077135086,2,1,0
ESP-La Liga,2526,2026-01-03 Espanyol-Barcelona,Espanyol,Ramón Terrats,4,2025,29333,141,10947,Sub,17,4,0,0,0,0.0,0.0,0.0,0,0.0,0,0,0
ESP-La Liga,2526,2026-01-03 Espanyol-Barcelona,Espanyol,Roberto Fernández,4,2025,29333,141,13350,FW,15,79,0,0,4,0.876063346862793,1.030456304550171,0.6067764163017273,0,0.0,0,0,0
ESP-La Liga,2526,2026-01-03 Espanyol-Barcelona,Espanyol,Tyrhys Dolan,4,2025,29333,141,13829,AMR,11,86,0,0,2,0.19102828204631805,0.2692498564720154,0.07822157442569733,0,0.0,0,0,0
ESP-La Liga,2526,2026-01-03 Espanyol-Barcelona,Espanyol,Urko Gonzalez,4,2025,29333,141,8861,DMC,7,90,0,0,0,0.0,0.05392923206090927,0.05392923206090927,0,0.0,0,0,0
ESP-La Liga,2526,2026-01-18 Real Sociedad-Barcelona,Barcelona,Dani Olmo,4,2025,29350,148,8292,FWL,16,70,0,0,6,1.3497412204742432,1.6728373765945435,0.34749874472618103,0,0.1822756975889206,2,0,0
ESP-La Liga,2526,2026-01-18 Real Sociedad-Barcelona,Barcelona,Eric Garcia,4,2025,29350,148,8045,DC,3,90,0,0,1,0.1133589968085289,1.76129949092865,1.76129949092865,0,0.0,0,1,0
ESP-La Liga,2526,2026-01-18 Real Sociedad-Barcelona,Barcelona,Fermín López,4,2025,29350,148,11822,MC,9,90,0,0,3,0.15401071310043335,2.422825336456299,2.2688145637512207,0,0.5336450338363647,2,1,0
ESP-La Liga,2526,2026-01-18 Real Sociedad-Barcelona,Barcelona,Ferrán Torres,4,2025,29350,148,6441,FW,15,69,0,0,1,0.06899714469909668,0.22109989821910858,0.1521027535200119,0,0.0,0,0,0
ESP-La Liga,2526,2026-01-18 Real Sociedad-Barcelona,Barcelona,Frenkie de Jong,4,2025,29350,148,7781,MC,9,90,0,0,0,0.0,1.5996485948562622,1.5996485948562622,0,0.0,0,0,0
ESP-La Liga,2526,2026-01-18 Real Sociedad-Barcelona,Barcelona,Gerard Martín,4,2025,29350,148,12821,Sub,17,1,0,0,0,0.0,0.17614993453025818,0.11385643482208252,0,0.08577017486095428,2,0,0
ESP-La Liga,2526,2026-01-18 Real Sociedad-Barcelona,Barcelona,Joan García,4,2025,29350,148,9773,GK,1,90,0,0,0,0.0,0.18207159638404846,0.18207159638404846,0,0.0,0,0,0
ESP-La Liga,2526,2026-01-18 Real Sociedad-Barcelona,Barcelona,João Cancelo,4,2025,29350,148,2379,Sub,17,21,0,0,0,0.0,0.5179222822189331,0.5179222822189331,0,0.4040658473968506,1,0,0
ESP-La Liga,2526,2026-01-18 Real Sociedad-Barcelona,Barcelona,Jules Koundé,4,2025,29350,148,6433,DR,2,90,0,0,2,0.42684099078178406,1.383844256401062,0.9570032954216003,0,0.0,0,0,0
ESP-La Liga,2526,2026-01-18 Real Sociedad-Barcelona,Barcelona,Lamine Yamal,4,2025,29350,148,11527,FWR,14,90,0,0,5,0.2845618426799774,2.5073904991149902,1.155928373336792,1,1.651178002357483,7,0,0
ESP-La Liga,2526,2026-01-18 Real Sociedad-Barcelona,Barcelona,Marcus Rashford,4,2025,29350,148,556,Sub,17,20,1,0,1,0.5012857913970947,1.4804573059082031,0.8887916803359985,0,0.0903797596693039,1,0,0
ESP-La Liga,2526,2026-01-18 Real Sociedad-Barcelona,Barcelona,Pau Cubarsí,4,2025,29350,148,12005,DC,3,90,0,0,0,0.0,0.10730154067277908,0.10730154067277908,0,0.0,0,0,0
ESP-La Liga,2526,2026-01-18 Real Sociedad-Barcelona,Barcelona,Pedri,4,2025,29350,148,8935,MC,9,90,0,0,2,0.5340885519981384,2.3057432174682617,1.691150188446045,0,0.08050445467233658,3,0,0
ESP-La Liga,2526,2026-01-18 Real Sociedad-Barcelona,Barcelona,Robert Lewandowski,4,2025,29350,148,227,Sub,17,21,0,0,2,0.4612491726875305,0.48179957270622253,0.020550401881337166,0,0.0,0,1,0
ESP-La Liga,2526,2026-01-18 Real Sociedad-Barcelona,Barcelona,Roony Bardghji,4,2025,29350,148,14064,Sub,17,1,0,0,1,0.023476669564843178,0.13440683484077454,0.0903797596693039,0,0.020550401881337166,1,0,0
ESP-La Liga,2526,2026-01-18 Real Sociedad-Barcelona,Barcelona,Álex Balde,4,2025,29350,148,9805,DL,4,69,0,0,1,0.05469081923365593,0.5432279706001282,0.12775875627994537,0,0.3851810395717621,3,0,0
ESP-La Liga,2526,2026-01-18 Real Sociedad-Barcelona,Real Sociedad,Aihen Muñoz,4,2025,29350,140,7306,Sub,17,14,0,0,0,0.0,0.09145214408636093,0.0,0,0.09145214408636093,1,0,0
ESP-La Liga,2526,2026-01-18 Real Sociedad-Barcelona,Real Sociedad,Ander Barrenetxea,4,2025,29350,140,7308,Sub,17,14,0,0,0,0.0,0.09145214408636093,0.09145214408636093,0,0.0,0,0,0
ESP-La Liga,2526,2026-01-18 Real Sociedad-Barcelona,Real Sociedad,Beñat Turrientes,4,2025,29350,140,9465,MC,9,65,0,0,1,0.034311387687921524,0.12428081780672073,0.12428081780672073,0,0.0,0,1,0
ESP-La Liga,2526,2026-01-18 Real Sociedad-Barcelona,Real Sociedad,Brais Méndez,4,2025,29350,140,6227,FW,15,65,0,0,0,0.0,0.12428081780672073,0.12428081780672073,0,0.0,0,0,0
ESP-La Liga,2526,2026-01-18 Real Sociedad-Barcelona,Real Sociedad,Carlos Soler,4,2025,29350,140,2478,MC,9,90,0,0,1,0.09145214408636093,0.5483299493789673,0.12428081780672073,1,0.3325969874858856,2,0,1
ESP-La Liga,2526,2026-01-18 Real Sociedad-Barcelona,Real Sociedad,Duje Caleta-Car,4,2025,29350,140,7007,Sub,17,1,0,0,0,0.0,0.0,0.0,0,0.0,0,0,0
ESP-La Liga,2526,2026-01-18 Real Sociedad-Barcelona,Real Sociedad,Gonçalo Guedes,4,2025,29350,140,5682,ML,10,90,1,0,2,0.4272535443305969,1.4033656120300293,0.9761120080947876,1,0.3548589050769806,1,0,0
ESP-La Liga,2526,2026-01-18 Real Sociedad-Barcelona,Real Sociedad,Igor Zubeldia,4,2025,29350,140,2417,DC,3,90,0,0,1,0.029624253511428833,0.3844831585884094,0.3548589050769806,0,0.0,0,1,0
ESP-La Liga,2526,2026-01-18 Real Sociedad-Barcelona,Real Sociedad,Jon Aramburu,4,2025,29350,140,12182,DR,2,89,0,0,0,0.0,0.12428081780672073,0.12428081780672073,0,0.0,0,1,0
ESP-La Liga,2526,2026-01-18 Real Sociedad-Barcelona,Real Sociedad,Jon Gorrotxategi,4,2025,29350,140,13936,Sub,17,25,0,0,0,0.0,0.6212531328201294,0.6212531328201294,0,0.0,0,0,0
ESP-La Liga,2526,2026-01-18 Real Sociedad-Barcelona,Real Sociedad,Jon Martín,4,2025,29350,140,12353,DC,3,90,0,0,0,0.0,0.0,0.0,0,0.0,0,0,0
ESP-La Liga,2526,2026-01-18 Real Sociedad-Barcelona,Real Sociedad,Mikel Oyarzabal,4,2025,29350,140,2234,FW,15,90,1,0,2,0.9761120080947876,0.9761120080947876,0.0,0,0.0,0,0,0
ESP-La Liga,2526,2026-01-18 Real Sociedad-Barcelona,Real Sociedad,Remiro,4,2025,29350,140,2555,GK,1,90,0,0,0,0.0,0.6212531328201294,0.6212531328201294,0,0.0,0,0,0
ESP-La Liga,2526,2026-01-18 Real Sociedad-Barcelona,Real Sociedad,Sergio Gómez,4,2025,29350,140,6656,DL,4,76,0,0,0,0.0,0.0,0.0,0,0.0,0,0,0
ESP-La Liga,2526,2026-01-18 Real Sociedad-Barcelona,Real Sociedad,Takefusa Kubo,4,2025,29350,140,8001,MR,8,76,0,0,0,0.0,0.4791397154331207,0.3548589050769806,0,0.12428081780672073,1,0,0
ESP-La Liga,2526,2026-01-18 Real Sociedad-Barcelona,Real Sociedad,Álvaro Odriozola,4,2025,29350,140,2418,Sub,17,25,0,0,0,0.0,0.6212531328201294,0.0,0,0.6212531328201294,1,0,0
ESP-La Liga,2526,2026-01-25 Barcelona-Real Oviedo,Barcelona,Dani Olmo,4,2025,29361,148,8292,AMC,12,77,1,0,4,0.579332709312439,0.728122889995575,0.0674256980419159,1,0.11175911128520966,1,0,0
ESP-La Liga,2526,2026-01-25 Barcelona-Real Oviedo,Barcelona,Eric Garcia,4,2025,29361,148,8045,DR,2,90,0,0,1,0.05210484564304352,0.5570109486579895,0.5570109486579895,0,0.0,0,0,0
ESP-La Liga,2526,2026-01-25 Barcelona-Real Oviedo,Barcelona,Fermín López,4,2025,29361,148,11822,Sub,17,28,0,0,0,0.0,0.2914685308933258,0.2914685308933258,0,0.0,0,0,0
ESP-La Liga,2526,2026-01-25 Barcelona-Real Oviedo,Barcelona,Frenkie de Jong,4,2025,29361,148,7781,DMC,7,90,0,0,1,0.11114820837974548,1.1030123233795166,0.9918641448020935,0,0.0,0,0,0
ESP-La Liga,2526,2026-01-25 Barcelona-Real Oviedo,Barcelona,Gerard Martín,4,2025,29361,148,12821,DC,3,48,0,0,0,0.0,0.5040444731712341,0.5040444731712341,0,0.0,0,1,0
ESP-La Liga,2526,2026-01-25 Barcelona-Real Oviedo,Barcelona,Joan García,4,2025,29361,148,9773,GK,1,90,0,0,0,0.0,0.5185438990592957,0.5185438990592957,0,0.0,0,0,0
ESP-La Liga,2526,2026-01-25 Barcelona-Real Oviedo,Barcelona,João Cancelo,4,2025,29361,148,2379,DL,4,62,0,0,0,0.0,0.4555053114891052,0.4555053114891052,0,0.0,0,0,0
ESP-La Liga,2526,2026-01-25 Barcelona-Real Oviedo,Barcelona,Jules Koundé,4,2025,29361,148,6433,Sub,17,42,0,0,0,0.0,0.0,0.0,0,0.0,0,0,0
ESP-La Liga,2526,2026-01-25 Barcelona-Real Oviedo,Barcelona,Lamine Yamal,4,2025,29361,148,11527,AMR,11,81,1,0,2,0.1514015644788742,0.7829692959785461,0.0,0,0.6712101697921753,4,0,0
ESP-La Liga,2526,2026-01-25 Barcelona-Real Oviedo,Barcelona,Marc Bernal,4,2025,29361,148,12820,Sub,17,13,0,0,0,0.0,0.0,0.0,0,0.0,0,0,0
ESP-La Liga,2526,2026-01-25 Barcelona-Real Oviedo,Barcelona,Marc Casadó,4,2025,29361,148,11151,DMC,7,90,0,0,0,0.0,0.82143634557724,0.7522450089454651,0,0.0691913366317749,1,0,0
ESP-La Liga,2526,2026-01-25 Barcelona-Real Oviedo,Barcelona,Pau Cubarsí,4,2025,29361,148,12005,DC,3,90,0,0,0,0.0,0.5730602145195007,0.5730602145195007,0,0.0,0,0,0
ESP-La Liga,2526,2026-01-25 Barcelona-Real Oviedo,Barcelona,Raphinha,4,2025,29361,148,8026,AML,13,62,1,0,2,0.4340037405490875,0.8895090818405151,0.4555053114891052,0,0.864315927028656,4,0,0
ESP-La Liga,2526,2026-01-25 Barcelona-Real Oviedo,Barcelona,Robert Lewandowski,4,2025,29361,148,227,FW,15,90,0,0,5,1.2711750268936157,1.2655178308486938,0.4555053114891052,0,0.0,0,0,0
ESP-La Liga,2526,2026-01-25 Barcelona-Real Oviedo,Barcelona,Roony Bardghji,4,2025,29361,148,14064,Sub,17,9,0,0,0,0.0,0.2914685308933258,0.0,0,0.2914685308933258,1,0,0
ESP-La Liga,2526,2026-01-25 Barcelona-Real Oviedo,Barcelona,Álex Balde,4,2025,29361,148,9805,Sub,17,28,0,0,0,0.0,0.3912085294723511,0.3912085294723511,0,0.0,0,0,0
ESP-La Liga,2526,2026-01-25 Barcelona-Real Oviedo,Real Oviedo,Aarón,4,2025,29361,289,2346,GK,1,90,0,0,0,0.0,0.10030980408191681,0.05391809716820717,0,0.04639170318841934,1,1,0
ESP-La Liga,2526,2026-01-25 Barcelona-Real Oviedo,Real Oviedo,Alberto Reina,4,2025,29361,289,13700,AMC,12,68,0,0,0,0.0,0.04150034487247467,0.011477290652692318,0,0.04150034487247467,2,0,0
ESP-La Liga,2526,2026-01-25 Barcelona-Real Oviedo,Real Oviedo,David Carmo,4,2025,29361,289,13983,DC,3,90,0,0,1,0.029642999172210693,0.0,0.0,0,0.0,0,0,0
ESP-La Liga,2526,2026-01-25 Barcelona-Real Oviedo,Real Oviedo,David Costas,4,2025,29361,289,4160,DC,3,90,0,0,0,0.0,0.019800562411546707,0.0,0,0.019800562411546707,1,1,0
ESP-La Liga,2526,2026-01-25 Barcelona-Real Oviedo,Real Oviedo,Federico Viñas,4,2025,29361,289,13705,FW,15,84,0,0,0,0.0,0.12586642801761627,0.12586642801761627,0,0.0,0,0,0
ESP-La Liga,2526,2026-01-25 Barcelona-Real Oviedo,Real Oviedo,Haissem Hassan,4,2025,29361,289,11401,AMR,11,84,0,0,4,0.10156460106372833,0.19740797579288483,0.0,0,0.09584338217973709,1,0,0
ESP-La Liga,2526,2026-01-25 Barcelona-Real Oviedo,Real Oviedo,Ilyas Chaira,4,2025,29361,289,13701,AML,13,90,0,0,4,0.20212440192699432,0.24582001566886902,0.0436956062912941,0,0.0,0,0,0
ESP-La Liga,2526,2026-01-25 Barcelona-Real Oviedo,Real Oviedo,Javier López,4,2025,29361,289,8413,DL,4,90,0,0,1,0.04321153461933136,0.11244390904903412,0.05549298971891403,0,0.013739383779466152,1,0,0
ESP-La Liga,2526,2026-01-25 Barcelona-Real Oviedo,Real Oviedo,Josip Brekalo,4,2025,29361,289,5353,Sub,17,6,0,0,1,0.035692427307367325,0.035692427307367325,0.0,0,0.0,0,0,0
ESP-La Liga,2526,2026-01-25 Barcelona-Real Oviedo,Real Oviedo,Kwasi Sibo,4,2025,29361,289,13699,DMC,7,90,0,0,0,0.0,0.1271212249994278,0.1271212249994278,0,0.0,0,0,0
ESP-La Liga,2526,2026-01-25 Barcelona-Real Oviedo,Real Oviedo,Lucas Ahijado,4,2025,29361,289,14018,DR,2,68,0,0,0,0.0,0.0,0.0,0,0.0,0,0,0
ESP-La Liga,2526,2026-01-25 Barcelona-Real Oviedo,Real Oviedo,Nacho Vidal,4,2025,29361,289,5162,Sub,17,22,0,0,1,0.08205877244472504,0.10595381259918213,0.02389504387974739,0,0.0,0,0,0
ESP-La Liga,2526,2026-01-25 Barcelona-Real Oviedo,Real Oviedo,Nicolás Fonseca,4,2025,29361,289,14316,Sub,17,22,0,0,0,0.0,0.035692427307367325,0.035692427307367325,0,0.0,0,0,0
ESP-La Liga,2526,2026-01-25 Barcelona-Real Oviedo,Real Oviedo,Santiago Cazorla,4,2025,29361,289,965,Sub,17,6,0,0,0,0.0,0.035692427307367325,0.035692427307367325,0,0.035692427307367325,1,0,0
ESP-La Liga,2526,2026-01-25 Barcelona-Real Oviedo,Real Oviedo,Santiago Colombatto,4,2025,29361,289,13953,DMC,7,84,0,0,0,0.0,0.02389504387974739,0.0,0,0.02389504387974739,1,0,0
ESP-La Liga,2526,2026-01-25 Barcelona-Real Oviedo,Real Oviedo,Thiago Borbas,4,2025,29361,289,14334,Sub,17,6,0,0,0,0.0,0.0,0.0,0,0.0,0,0,0
ESP-La Liga,2526,2026-01-31 Elche-Barcelona,Barcelona,Dani Olmo,4,2025,29373,148,8292,MC,9,65,0,0,2,0.1773252934217453,1.5513195991516113,0.7897302508354187,1,0.6340238451957703,2,0,0
ESP-La Liga,2526,2026-01-31 Elche-Barcelona,Barcelona,Eric Garcia,4,2025,29373,148,8045,DC,3,90,0,0,1,0.08443431556224823,1.796752691268921,1.796752691268921,0,0.0,0,0,0
ESP-La Liga,2526,2026-01-31 Elche-Barcelona,Barcelona,Fermín López,4,2025,29373,148,11822,MC,9,88,0,0,5,1.3176156282424927,3.5030555725097656,1.4793230295181274,0,0.7430694699287415,2,0,0
ESP-La Liga,2526,2026-01-31 Elche-Barcelona,Barcelona,Ferrán Torres,4,2025,29373,148,6441,FW,15,65,1,0,8,3.015413284301758,3.172567844390869,0.1571546047925949,0,0.0,0,0,0
ESP-La Liga,2526,2026-01-31 Elche-Barcelona,Barcelona,Frenkie de Jong,4,2025,29373,148,7781,MC,9,90,0,0,0,0.0,3.4212911128997803,2.680373191833496,1,1.2728970050811768,5,1,0
ESP-La Liga,2526,2026-01-31 Elche-Barcelona,Barcelona,Joan García,4,2025,29373,148,9773,GK,1,90,0,0,0,0.0,1.8042854070663452,1.8042854070663452,0,0.0,0,0,0
ESP-La Liga,2526,2026-01-31 Elche-Barcelona,Barcelona,Jules Koundé,4,2025,29373,148,6433,DR,2,87,0,0,0,0.0,2.646919012069702,2.5173213481903076,0,0.12959758937358856,1,0,0
ESP-La Liga,2526,2026-01-31 Elche-Barcelona,Barcelona,Lamine Yamal,4,2025,29373,148,11527,FWR,14,90,1,0,5,0.8406276702880859,4.440047264099121,2.6483864784240723,0,1.2134997844696045,8,0,0
ESP-La Liga,2526,2026-01-31 Elche-Barcelona,Barcelona,Marc Bernal,4,2025,29373,148,12820,Sub,17,25,0,0,1,0.030509740114212036,0.19921962916851044,0.19921962916851044,0,0.11315073817968369,1,0,0
ESP-La Liga,2526,2026-01-31 Elche-Barcelona,Barcelona,Marc Casadó,4,2025,29373,148,11151,Sub,17,2,0,0,1,0.11315073817968369,0.11315073817968369,0.0,0,0.0,0,0,0
ESP-La Liga,2526,2026-01-31 Elche-Barcelona,Barcelona,Marcus Rashford,4,2025,29373,148,556,Sub,17,41,1,0,3,1.3475161790847778,1.4412729740142822,0.09375686198472977,0,0.036952484399080276,1,0,0
ESP-La Liga,2526,2026-01-31 Elche-Barcelona,Barcelona,Pau Cubarsí,4,2025,29373,148,12005,DC,3,90,0,0,0,0.0,1.5340925455093384,1.5340925455093384,0,0.0,0,0,0
ESP-La Liga,2526,2026-01-31 Elche-Barcelona,Barcelona,Raphinha,4,2025,29373,148,8026,FWL,16,49,0,0,2,0.044927529990673065,1.203559160232544,0.6590895056724548,0,0.4995421767234802,1,0,0
ESP-La Liga,2526,2026-01-31 Elche-Barcelona,Barcelona,Robert Lewandowski,4,2025,29373,148,227,Sub,17,25,0,0,2,0.22196979820728302,0.5960343480110168,0.38235774636268616,0,0.17057815194129944,2,0,0
ESP-La Liga,2526,2026-01-31 Elche-Barcelona,Barcelona,Ronald Araújo,4,2025,29373,148,8091,Sub,17,3,0,0,0,0.0,0.0,0.0,0,0.0,0,0,0
ESP-La Liga,2526,2026-01-31 Elche-Barcelona,Barcelona,Álex Balde,4,2025,29373,148,9805,DL,4,90,0,0,0,0.0,1.7023404836654663,1.0421538352966309,0,0.7675815224647522,3,0,0
ESP-La Liga,2526,2026-01-31 Elche-Barcelona,Elche,Adam El Mokhtari,4,2025,29373,207,14013,Sub,17,27,0,0,2,0.12898923456668854,0.15632247924804688,0.08710715174674988,0,0.0,0,0,0
ESP-La Liga,2526,2026-01-31 Elche-Barcelona,Elche,Adrià Pedrosa,4,2025,29373,207,7174,MR,8,90,0,0,0,0.0,0.0,0.0,0,0.05977391079068184,1,0,0
ESP-La Liga,2526,2026-01-31 Elche-Barcelona,Elche,Alvaro Rodríguez,4,2025,29373,207,11186,FW,15,78,1,0,4,0.37802332639694214,0.42896321415901184,0.05093989148736,0,0.0,0,0,0
ESP-La Liga,2526,2026-01-31 Elche-Barcelona,Elche,André Silva,4,2025,29373,207,6170,FW,15,63,0,0,0,0.0,0.16104423999786377,0.12653647363185883,0,0.034507762640714645,1,0,0
ESP-La Liga,2526,2026-01-31 Elche-Barcelona,Elche,David Affengruber,4,2025,29373,207,13837,DC,3,77,0,0,0,0.0,0.0,0.0,0,0.0,0,0,0
ESP-La Liga,2526,2026-01-31 Elche-Barcelona,Elche,Federico Redondo,4,2025,29373,207,13841,Sub,17,31,0,0,0,0.0,0.069215327501297,0.069215327501297,0,0.0,0,0,0
ESP-La Liga,2526,2026-01-31 Elche-Barcelona,Elche,German Valera,4,2025,29373,207,8230,ML,10,90,0,0,1,0.016432128846645355,0.6921188831329346,0.47152093052864075,1,0.20416581630706787,2,0,0
ESP-La Liga,2526,2026-01-31 Elche-Barcelona,Elche,Grady Diangana,4,2025,29373,207,6651,AMC,12,63,0,0,0,0.0,0.08675036579370499,0.08675036579370499,0,0.08675036579370499,1,0,0
ESP-La Liga,2526,2026-01-31 Elche-Barcelona,Elche,Iñaki Peña,4,2025,29373,207,7287,GK,1,90,0,0,0,0.0,0.375108927488327,0.375108927488327,0,0.0,0,0,0
ESP-La Liga,2526,2026-01-31 Elche-Barcelona,Elche,John Donald,4,2025,29373,207,9199,DC,3,90,0,0,0,0.0,0.11010434478521347,0.11010434478521347,0,0.0,0,1,0
ESP-La Liga,2526,2026-01-31 Elche-Barcelona,Elche,Leo Petrot,4,2025,29373,207,7574,Sub,17,13,0,0,0,0.0,0.0,0.0,0,0.0,0,0,0
ESP-La Liga,2526,2026-01-31 Elche-Barcelona,Elche,Lucas Cepeda,4,2025,29373,207,14400,Sub,17,12,0,0,1,0.2810474634170532,0.2810474634170532,0.0,0,0.0,0,0,0
ESP-La Liga,2526,2026-01-31 Elche-Barcelona,Elche,Marc Aguado,4,2025,29373,207,13839,MC,9,59,0,0,0,0.0,0.08675036579370499,0.08675036579370499,0,0.0,0,0,0
ESP-La Liga,2526,2026-01-31 Elche-Barcelona,Elche,Martim Neto,4,2025,29373,207,13840,Sub,17,27,0,0,0,0.0,0.069215327501297,0.0,0,0.069215327501297,1,0,0
ESP-La Liga,2526,2026-01-31 Elche-Barcelona,Elche,Rodrigo Mendoza,4,2025,29373,207,11216,MC,9,90,0,0,1,0.034507762640714645,0.4788320064544678,0.1632767915725708,0,0.2810474634170532,1,1,0
ESP-La Liga,2526,2026-01-31 Elche-Barcelona,Elche,Victor Chust,4,2025,29373,207,8972,DC,3,90,0,0,0,0.0,0.2974795997142792,0.2974795997142792,0,0.0,0,0,0
ESP-La Liga,2526,2026-02-07 Barcelona-Mallorca,Barcelona,Dani Olmo,4,2025,29381,148,8292,MC,9,70,0,0,3,0.07945400476455688,0.6242973804473877,0.01911589875817299,2,0.6202981472015381,4,0,0
ESP-La Liga,2526,2026-02-07 Barcelona-Mallorca,Barcelona,Eric Garcia,4,2025,29381,148,8045,DC,3,90,0,0,0,0.0,0.16790346801280975,0.10879974812269211,0,0.07821962237358093,2,0,0
ESP-La Liga,2526,2026-02-07 Barcelona-Mallorca,Barcelona,Fermín López,4,2025,29381,148,11822,MC,9,87,0,0,1,0.09722765535116196,0.5486632585525513,0.1253954917192459,1,0.35121265053749084,2,0,0
ESP-La Liga,2526,2026-02-07 Barcelona-Mallorca,Barcelona,Ferrán Torres,4,2025,29381,148,6441,Sub,17,20,0,0,0,0.0,0.3739352822303772,0.3739352822303772,0,0.0,0,0,0
ESP-La Liga,2526,2026-02-07 Barcelona-Mallorca,Barcelona,Joan García,4,2025,29381,148,9773,GK,1,90,0,0,0,0.0,0.3869447112083435,0.3869447112083435,0,0.0,0,0,0
ESP-La Liga,2526,2026-02-07 Barcelona-Mallorca,Barcelona,João Cancelo,4,2025,29381,148,2379,Sub,17,9,0,0,0,0.0,0.0,0.0,0,0.0,0,0,0
ESP-La Liga,2526,2026-02-07 Barcelona-Mallorca,Barcelona,Jules Koundé,4,2025,29381,148,6433,DR,2,90,0,0,2,0.09593616425991058,0.6042997241020203,0.5774050354957581,0,0.7675707340240479,2,0,0
ESP-La Liga,2526,2026-02-07 Barcelona-Mallorca,Barcelona,Lamine Yamal,4,2025,29381,148,11527,FWR,14,81,1,0,4,0.8162685632705688,0.24173904955387115,0.096616230905056,0,0.09722765535116196,1,0,0
ESP-La Liga,2526,2026-02-07 Barcelona-Mallorca,Barcelona,Marc Bernal,4,2025,29381,148,12820,Sub,17,20,1,0,1,0.326040118932724,0.3529348075389862,0.0,0,0.026894686743617058,2,0,0
ESP-La Liga,2526,2026-02-07 Barcelona-Mallorca,Barcelona,Marc Casadó,4,2025,29381,148,11151,MC,9,90,0,0,1,0.06814998388290405,0.2986598014831543,0.23050980269908905,0,0.03571164235472679,1,0,0
ESP-La Liga,2526,2026-02-07 Barcelona-Mallorca,Barcelona,Marcus Rashford,4,2025,29381,148,556,FWL,16,70,0,0,8,0.34770330786705017,0.2626408636569977,0.02802249975502491,0,0.054281480610370636,2,0,0
ESP-La Liga,2526,2026-02-07 Barcelona-Mallorca,Barcelona,Pau Cubarsí,4,2025,29381,148,12005,DC,3,90,0,0,2,0.12796607613563538,0.14931504428386688,0.14931504428386688,0,0.0,0,0,0
ESP-La Liga,2526,2026-02-07 Barcelona-Mallorca,Barcelona,Robert Lewandowski,4,2025,29381,148,227,FW,15,81,1,0,2,0.6121704578399658,0.6600656509399414,0.0478951632976532,0,0.0,0,0,0
ESP-La Liga,2526,2026-02-07 Barcelona-Mallorca,Barcelona,Roony Bardghji,4,2025,29381,148,14064,Sub,17,9,0,0,0,0.0,0.326040118932724,0.326040118932724,0,0.0,0,0,0
ESP-La Liga,2526,2026-02-07 Barcelona-Mallorca,Barcelona,Tomás Marqués,4,2025,29381,148,14205,Sub,17,3,0,0,0,0.0,0.0,0.0,0,0.0,0,0,0
ESP-La Liga,2526,2026-02-07 Barcelona-Mallorca,Barcelona,Álex Balde,4,2025,29381,148,9805,DL,4,90,0,0,0,0.0,0.20841875672340393,0.20841875672340393,0,0.02802249975502491,1,0,0
ESP-La Liga,2526,2026-02-07 Barcelona-Mallorca,Mallorca,Antonio Sánchez,4,2025,29381,239,9970,Sub,17,25,0,0,2,0.08826419711112976,0.08826419711112976,0.0,0,0.0,0,0,0
ESP-La Liga,2526,2026-02-07 Barcelona-Mallorca,Mallorca,David López,4,2025,29381,239,12074,DC,3,90,0,0,0,0.0,0.6232813000679016,0.6232813000679016,0,0.0,0,0,0
ESP-La Liga,2526,2026-02-07 Barcelona-Mallorca,Mallorca,Jan Virgili,4,2025,29381,239,13991,AML,13,65,0,0,2,0.1473596692085266,0.6950916647911072,0.5477319955825806,0,0.5477319955825806,1,0,0
ESP-La Liga,2526,2026-02-07 Barcelona-Mallorca,Mallorca,Javi Llabrés,4,2025,29381,239,10128,Sub,17,9,0,0,1,0.06155919283628464,0.09275957196950912,0.031200380995869637,0,0.0,0,0,0
ESP-La Liga,2526,2026-02-07 Barcelona-Mallorca,Mallorca,Johan Mojica,4,2025,29381,239,6242,DL,4,90,0,0,0,0.0,0.07554930448532104,0.07554930448532104,0,0.0,0,0,0
ESP-La Liga,2526,2026-02-07 Barcelona-Mallorca,Mallorca,Leo Román,4,2025,29381,239,9839,GK,1,90,0,0,0,0.0,0.6232813000679016,0.6232813000679016,0,0.0,0,0,0
ESP-La Liga,2526,2026-02-07 Barcelona-Mallorca,Mallorca,Manuel Morlanes,4,2025,29381,239,6592,Sub,17,10,0,0,0,0.0,0.10674968361854553,0.07554930448532104,0,0.031200380995869637,1,0,0
ESP-La Liga,2526,2026-02-07 Barcelona-Mallorca,Mallorca,Martin Valjent,4,2025,29381,239,7838,DC,3,90,0,0,0,0.0,0.6232813000679016,0.6232813000679016,0,0.0,0,0,0
ESP-La Liga,2526,2026-02-07 Barcelona-Mallorca,Mallorca,Mateo Joseph,4,2025,29381,239,11208,Sub,17,25,0,0,1,0.07554930448532104,0.07554930448532104,0.0,0,0.0,0,0,0
ESP-La Liga,2526,2026-02-07 Barcelona-Mallorca,Mallorca,Mateu Morey,4,2025,29381,239,8070,AMR,11,65,0,0,0,0.0,0.7208353281021118,0.7208353281021118,0,0.0,0,0,0
ESP-La Liga,2526,2026-02-07 Barcelona-Mallorca,Mallorca,Omar Mascarell,4,2025,29381,239,2456,DMC,7,90,0,0,0,0.0,0.18753139674663544,0.18753139674663544,0,0.0,0,0,0
ESP-La Liga,2526,2026-02-07 Barcelona-Mallorca,Mallorca,Pablo Maffeo,4,2025,29381,239,1003,DR,2,90,0,0,1,0.031200380995869637,0.14212726056575775,0.07554930448532104,0,0.03537757694721222,1,0,0
ESP-La Liga,2526,2026-02-07 Barcelona-Mallorca,Mallorca,Pablo Torre,4,2025,29381,239,11025,AMC,12,65,0,0,1,0.06112125143408775,0.17310334742069244,0.0,0,0.11198209226131439,1,0,0
ESP-La Liga,2526,2026-02-07 Barcelona-Mallorca,Mallorca,Samú Costa,4,2025,29381,239,10974,DMC,7,80,0,0,0,0.0,0.6088532209396362,0.5477319955825806,0,0.06112125143408775,1,0,0
ESP-La Liga,2526,2026-02-07 Barcelona-Mallorca,Mallorca,Sergi Darder,4,2025,29381,239,2621,Sub,17,25,0,0,0,0.0,0.07554930448532104,0.0,0,0.07554930448532104,1,0,0
ESP-La Liga,2526,2026-02-07 Barcelona-Mallorca,Mallorca,Vedat Muriqi,4,2025,29381,239,9002,FW,15,81,0,0,1,0.5477319955825806,0.6597140431404114,0.11198209226131439,0,0.0,0,0,0
ESP-La Liga,2526,2026-02-16 Girona-Barcelona,Barcelona,Dani Olmo,4,2025,29395,148,8292,MC,9,82,0,0,1,0.029243309050798416,0.7461710572242737,0.3363409638404846,0,0.45989248156547546,3,0,0
ESP-La Liga,2526,2026-02-16 Girona-Barcelona,Barcelona,Eric Garcia,4,2025,29395,148,8045,DC,3,75,0,0,2,0.10375731438398361,0.16435226798057556,0.16435226798057556,0,0.0,0,1,0
ESP-La Liga,2526,2026-02-16 Girona-Barcelona,Barcelona,Fermín López,4,2025,29395,148,11822,MC,9,90,0,0,5,0.20928145945072174,0.47977951169013977,0.1655503362417221,0,0.1686381995677948,1,0,0
ESP-La Liga,2526,2026-02-16 Girona-Barcelona,Barcelona,Ferrán Torres,4,2025,29395,148,6441,FW,15,75,0,0,2,0.10759134590625763,0.08519297093153,0.0,0,0.0,0,0,0
ESP-La Liga,2526,2026-02-16 Girona-Barcelona,Barcelona,Frenkie de Jong,4,2025,29395,148,7781,MC,9,90,0,0,0,0.0,0.692764163017273,0.6622297763824463,0,0.03053441271185875,1,0,0
ESP-La Liga,2526,2026-02-16 Girona-Barcelona,Barcelona,Gerard Martín,4,2025,29395,148,12821,DL,4,65,0,0,0,0.0,0.18776872754096985,0.16435226798057556,0,0.023416465148329735,1,0,0
ESP-La Liga,2526,2026-02-16 Girona-Barcelona,Barcelona,Joan García,4,2025,29395,148,9773,GK,1,90,0,0,0,0.0,0.3096877932548523,0.3096877932548523,0,0.0,0,0,0
ESP-La Liga,2526,2026-02-16 Girona-Barcelona,Barcelona,Jules Koundé,4,2025,29395,148,6433,DR,2,90,0,0,0,0.0,0.31043753027915955,0.31043753027915955,1,0.07986469566822052,2,1,0
ESP-La Liga,2526,2026-02-16 Girona-Barcelona,Barcelona,Lamine Yamal,4,2025,29395,148,11527,FWR,14,90,0,0,7,1.309743881225586,0.9362927675247192,0.3034401535987854,0,0.6128954291343689,4,0,0
ESP-La Liga,2526,2026-02-16 Girona-Barcelona,Barcelona,Marc Bernal,4,2025,29395,148,12820,Sub,17,8,0,0,0,0.0,0.0227175485342741,0.0,0,0.0227175485342741,1,0,0
ESP-La Liga,2526,2026-02-16 Girona-Barcelona,Barcelona,Pau Cubarsí,4,2025,29395,148,12005,DC,3,90,1,0,1,0.0330146923661232,0.2799031138420105,0.2799031138420105,0,0.0,0,0,0
ESP-La Liga,2526,2026-02-16 Girona-Barcelona,Barcelona,Raphinha,4,2025,29395,148,8026,FWL,16,65,0,0,4,0.27611058950424194,0.5668027400970459,0.059694238007068634,0,0.2309979349374771,4,0,0
ESP-La Liga,2526,2026-02-16 Girona-Barcelona,Barcelona,Robert Lewandowski,4,2025,29395,148,227,Sub,17,15,0,0,1,0.056536298245191574,0.0,0.0,0,0.0,0,0,0
ESP-La Liga,2526,2026-02-16 Girona-Barcelona,Barcelona,Ronald Araújo,4,2025,29395,148,8091,Sub,17,15,0,0,1,0.4691452980041504,0.0558566153049469,0.0558566153049469,0,0.0,0,0,0
ESP-La Liga,2526,2026-02-16 Girona-Barcelona,Barcelona,Roony Bardghji,4,2025,29395,148,14064,Sub,17,25,0,0,3,0.10212930291891098,0.12138038128614426,0.0,0,0.07578737288713455,2,0,0
ESP-La Liga,2526,2026-02-16 Girona-Barcelona,Barcelona,Álex Balde,4,2025,29395,148,9805,Sub,17,25,0,0,0,0.0,0.0558566153049469,0.0558566153049469,0,0.0558566153049469,1,0,0
ESP-La Liga,2526,2026-02-16 Girona-Barcelona,Girona,Alejandro Francés,4,2025,29395,223,12723,Sub,17,1,0,0,0,0.0,0.0,0.0,0,0.0,0,0,0
ESP-La Liga,2526,2026-02-16 Girona-Barcelona,Girona,Arnau Martinez,4,2025,29395,223,10949,DL,4,90,0,0,0,0.0,0.5610271096229553,0.4422156512737274,0,0.1188114657998085,1,0,0
ESP-La Liga,2526,2026-02-16 Girona-Barcelona,Girona,Axel Witsel,4,2025,29395,223,3059,DMC,7,90,0,0,0,0.0,0.6506748199462891,0.6506748199462891,0,0.0,0,0,0
ESP-La Liga,2526,2026-02-16 Girona-Barcelona,Girona,Bryan Gil Salvatierra,4,2025,29395,223,7338,AML,13,70,0,0,1,0.08964771032333374,1.0981522798538208,1.0981522798538208,0,0.9222493171691895,2,0,0
ESP-La Liga,2526,2026-02-16 Girona-Barcelona,Girona,Claudio Echeverri,4,2025,29395,223,13649,Sub,17,15,0,0,0,0.0,0.4134286344051361,0.20788279175758362,0,0.2311331182718277,2,0,0
ESP-La Liga,2526,2026-02-16 Girona-Barcelona,Girona,Daley Blind,4,2025,29395,223,548,DC,3,90,0,0,0,0.0,0.789223849773407,0.789223849773407,0,0.0,0,0,0
ESP-La Liga,2526,2026-02-16 Girona-Barcelona,Girona,Fran Beltrán,4,2025,29395,223,6931,Sub,17,20,1,0,1,0.07459551095962524,0.6953679919242859,0.264087438583374,0,0.3566850423812866,1,0,0
ESP-La Liga,2526,2026-02-16 Girona-Barcelona,Girona,Hugo Rincón,4,2025,29395,223,12189,DR,2,90,0,0,1,0.02558727003633976,0.5041497945785522,0.5041497945785522,0,0.0,0,0,0
ESP-La Liga,2526,2026-02-16 Girona-Barcelona,Girona,Iván Martín,4,2025,29395,223,7529,DMC,7,90,0,0,1,0.1188114657998085,0.20845916867256165,0.08964771032333374,0,0.0,0,0,0
ESP-La Liga,2526,2026-02-16 Girona-Barcelona,Girona,Joel Roca,4,2025,29395,223,10952,Sub,17,20,0,0,3,0.6955181360244751,0.8286553025245667,0.05854160338640213,1,0.07459551095962524,1,0,1
ESP-La Liga,2526,2026-02-16 Girona-Barcelona,Girona,Paulo Gazzaniga,4,2025,29395,223,973,GK,1,90,0,0,0,0.0,0.20845916867256165,0.20845916867256165,0,0.0,0,0,0
ESP-La Liga,2526,2026-02-16 Girona-Barcelona,Girona,Thomas Lemar,4,2025,29395,223,3425,AMC,12,70,1,0,1,0.7547621726989746,1.4106987714767456,0.655936598777771,0,0.0,0,0,0
ESP-La Liga,2526,2026-02-16 Girona-Barcelona,Girona,Viktor Tsygankov,4,2025,29395,223,11322,AMR,11,90,0,0,2,0.1222735270857811,1.080377221107483,0.8608347773551941,0,0.2195424735546112,2,0,0
ESP-La Liga,2526,2026-02-16 Girona-Barcelona,Girona,Vitor Reis,4,2025,29395,223,13380,DC,3,90,0,0,0,0.0,0.5202036499977112,0.5202036499977112,0,0.0,0,1,0
ESP-La Liga,2526,2026-02-16 Girona-Barcelona,Girona,Vladyslav Vanat,4,2025,29395,223,14041,FW,15,75,0,0,3,1.0085045099258423,1.8218083381652832,0.0,1,0.8133037686347961,2,0,0
ESP-La Liga,2526,2026-02-22 Barcelona-Levante,Barcelona,Dani Olmo,4,2025,29401,148,8292,AMC,12,70,0,0,1,0.1253594309091568,0.6636418700218201,0.6636418700218201,0,0.0,0,0,0
ESP-La Liga,2526,2026-02-22 Barcelona-Levante,Barcelona,Eric Garcia,4,2025,29401,148,8045,DC,3,90,0,0,2,0.08597005903720856,1.6504695415496826,1.6302906274795532,1,0.49350103735923767,1,0,0
ESP-La Liga,2526,2026-02-22 Barcelona-Levante,Barcelona,Fermín López,4,2025,29401,148,11822,Sub,17,20,1,0,3,0.7052011489868164,0.7020515203475952,0.03721652179956436,0,0.0,0,0,0
ESP-La Liga,2526,2026-02-22 Barcelona-Levante,Barcelona,Ferrán Torres,4,2025,29401,148,6441,Sub,17,20,0,0,1,0.2611691355705261,0.29508844017982483,0.033919304609298706,0,0.0,0,0,0
ESP-La Liga,2526,2026-02-22 Barcelona-Levante,Barcelona,Frenkie de Jong,4,2025,29401,148,7781,DMC,7,90,1,0,1,0.49049070477485657,1.492201328277588,0.5636128187179565,0,0.4658186435699463,4,0,0
ESP-La Liga,2526,2026-02-22 Barcelona-Levante,Barcelona,Gerard Martín,4,2025,29401,148,12821,DC,3,90,0,0,0,0.0,0.9255030751228333,0.9255030751228333,0,0.0,0,1,0
ESP-La Liga,2526,2026-02-22 Barcelona-Levante,Barcelona,Joan García,4,2025,29401,148,9773,GK,1,90,0,0,0,0.0,0.9350680112838745,0.9350680112838745,0,0.0,0,0,0
ESP-La Liga,2526,2026-02-22 Barcelona-Levante,Barcelona,João Cancelo,4,2025,29401,148,2379,DL,4,90,0,0,2,0.08121296763420105,1.525110125541687,0.9336879253387451,1,0.9987829923629761,3,0,0
ESP-La Liga,2526,2026-02-22 Barcelona-Levante,Barcelona,Jules Koundé,4,2025,29401,148,6433,DR,2,90,0,0,1,0.44457730650901794,1.6949645280838013,1.6949645280838013,0,0.4730827510356903,2,0,0
ESP-La Liga,2526,2026-02-22 Barcelona-Levante,Barcelona,Lamine Yamal,4,2025,29401,148,11527,AMR,11,90,0,0,3,0.13076922297477722,1.5786633491516113,1.495439887046814,1,0.02411733567714691,1,0,0
ESP-La Liga,2526,2026-02-22 Barcelona-Levante,Barcelona,Marc Bernal,4,2025,29401,148,12820,DMC,7,70,1,0,1,0.49350103735923767,1.0460124015808105,1.0460124015808105,0,0.0,0,1,0
ESP-La Liga,2526,2026-02-22 Barcelona-Levante,Barcelona,Pedri,4,2025,29401,148,8935,Sub,17,20,0,0,0,0.0,0.13485080003738403,0.13485080003738403,0,0.03721652179956436,1,0,0
ESP-La Liga,2526,2026-02-22 Barcelona-Levante,Barcelona,Raphinha,4,2025,29401,148,8026,AML,13,90,0,0,5,1.170384168624878,1.426866888999939,0.11094434559345245,0,0.18953478336334229,3,0,0
ESP-La Liga,2526,2026-02-22 Barcelona-Levante,Barcelona,Robert Lewandowski,4,2025,29401,148,227,FW,15,70,0,0,2,0.48225998878479004,0.7749464511871338,0.29268646240234375,0,0.13960623741149902,1,0,0
ESP-La Liga,2526,2026-02-22 Barcelona-Levante,Barcelona,Ronald Araújo,4,2025,29401,148,8091,Sub,17,1,0,0,0,0.0,0.033919304609298706,0.033919304609298706,0,0.0,0,0,0
ESP-La Liga,2526,2026-02-22 Barcelona-Levante,Barcelona,Roony Bardghji,4,2025,29401,148,14064,Sub,17,1,0,0,0,0.0,0.033919304609298706,0.0,0,0.033919304609298706,1,0,0
ESP-La Liga,2526,2026-02-22 Barcelona-Levante,Levante,Adrián De la Fuente,4,2025,29401,151,10319,DC,3,90,0,0,0,0.0,0.0,0.0,0,0.0,0,0,0
ESP-La Liga,2526,2026-02-22 Barcelona-Levante,Levante,Alan Matturro,4,2025,29401,151,12078,DC,3,90,0,0,0,0.0,0.0,0.0,0,0.0,0,0,0
ESP-La Liga,2526,2026-02-22 Barcelona-Levante,Levante,Carlos Álvarez,4,2025,29401,151,11264,MC,9,88,0,0,1,0.08095382899045944,0.5086686015129089,0.4277147352695465,0,0.0,0,0,0
ESP-La Liga,2526,2026-02-22 Barcelona-Levante,Levante,Etta Eyong,4,2025,29401,151,10930,Sub,17,16,0,0,0,0.0,0.0,0.0,0,0.0,0,0,0
ESP-La Liga,2526,2026-02-22 Barcelona-Levante,Levante,Iker Losada,4,2025,29401,151,7825,Sub,17,2,0,0,0,0.0,0.0,0.0,0,0.0,0,0,0
ESP-La Liga,2526,2026-02-22 Barcelona-Levante,Levante,Iván Romero,4,2025,29401,151,9275,FW,15,74,0,0,0,0.0,0.5785888433456421,0.06992025673389435,0,0.5086686015129089,2,0,0
ESP-La Liga,2526,2026-02-22 Barcelona-Levante,Levante,Jeremy Toljan,4,2025,29401,151,257,DR,2,90,0,0,0,0.0,0.0,0.0,0,0.0,0,0,0
ESP-La Liga,2526,2026-02-22 Barcelona-Levante,Levante,Jon Ander Olasagasti,4,2025,29401,151,9466,MC,9,90,0,0,1,0.4277147352695465,0.5785888433456421,0.1508740931749344,0,0.06992025673389435,1,0,0
ESP-La Liga,2526,2026-02-22 Barcelona-Levante,Levante,Kareem Tunde,4,2025,29401,151,14258,ML,10,74,0,0,1,0.014799348078668118,0.014799348078668118,0.0,0,0.0,0,1,0
ESP-La Liga,2526,2026-02-22 Barcelona-Levante,Levante,Manuel Sánchez,4,2025,29401,151,7605,DL,4,90,0,0,0,0.0,0.0,0.0,0,0.0,0,0,0
ESP-La Liga,2526,2026-02-22 Barcelona-Levante,Levante,Mat Ryan,4,2025,29401,151,2385,GK,1,90,0,0,0,0.0,0.0,0.0,0,0.0,0,0,0
ESP-La Liga,2526,2026-02-22 Barcelona-Levante,Levante,Nacho Pérez,4,2025,29401,151,13772,Sub,17,1,0,0,0,0.0,0.0,0.0,0,0.0,0,0,0
ESP-La Liga,2526,2026-02-22 Barcelona-Levante,Levante,Oriol Rey,4,2025,29401,151,8764,DMC,7,90,0,0,0,0.0,0.014799348078668118,0.0,0,0.014799348078668118,1,0,0
ESP-La Liga,2526,2026-02-22 Barcelona-Levante,Levante,Paco Cortés,4,2025,29401,151,13770,Sub,17,40,0,0,2,0.07908360660076141,0.07908360660076141,0.0,0,0.0,0,0,0
ESP-La Liga,2526,2026-02-22 Barcelona-Levante,Levante,Tai Abed,4,2025,29401,151,14397,Sub,17,16,0,0,0,0.0,0.0,0.0,0,0.0,0,0,0
ESP-La Liga,2526,2026-02-22 Barcelona-Levante,Levante,Víctor García,4,2025,29401,151,8500,MR,8,50,0,0,0,0.0,0.0,0.0,0,0.0,0,0,0
ESP-La Liga,2526,2026-02-28 Barcelona-Villarreal,Barcelona,Dani Olmo,4,2025,29408,148,8292,MC,9,61,0,0,3,0.7461878657341003,1.1268508434295654,0.42305848002433777,0,0.0,0,0,0
ESP-La Liga,2526,2026-02-28 Barcelona-Villarreal,Barcelona,Eric Garcia,4,2025,29408,148,8045,DC,3,90,0,0,0,0.0,1.2295602560043335,1.2295602560043335,0,0.032441891729831696,1,0,0
ESP-La Liga,2526,2026-02-28 Barcelona-Villarreal,Barcelona,Fermín López,4,2025,29408,148,11822,MC,9,90,0,0,3,0.18213219940662384,1.9470279216766357,1.0894136428833008,2,0.7079240679740906,3,0,0
ESP-La Liga,2526,2026-02-28 Barcelona-Villarreal,Barcelona,Ferrán Torres,4,2025,29408,148,6441,FW,15,69,0,0,1,0.22627940773963928,0.8936803936958313,0.6674009561538696,0,0.0,0,0,0
ESP-La Liga,2526,2026-02-28 Barcelona-Villarreal,Barcelona,Joan García,4,2025,29408,148,9773,GK,1,90,0,0,0,0.0,1.4724392890930176,1.4724392890930176,0,0.0,0,0,0
ESP-La Liga,2526,2026-02-28 Barcelona-Villarreal,Barcelona,Jules Koundé,4,2025,29408,148,6433,DR,2,90,0,0,1,0.2664695382118225,2.743800163269043,1.7150461673736572,1,1.6728854179382324,3,0,0
ESP-La Liga,2526,2026-02-28 Barcelona-Villarreal,Barcelona,Lamine Yamal,4,2025,29408,148,11527,FWR,14,75,3,0,6,0.9724059104919434,2.0084996223449707,1.164420247077942,0,0.06908954679965973,2,0,0
ESP-La Liga,2526,2026-02-28 Barcelona-Villarreal,Barcelona,Marc Bernal,4,2025,29408,148,12820,MC,9,69,0,0,1,0.03313373401761055,0.5469005703926086,0.5137668251991272,0,0.0,0,1,0
ESP-La Liga,2526,2026-02-28 Barcelona-Villarreal,Barcelona,Marcus Rashford,4,2025,29408,148,556,Sub,17,15,0,0,1,0.07061821222305298,0.9430426955223083,0.9430426955223083,0,0.07814835757017136,1,0,0
ESP-La Liga,2526,2026-02-28 Barcelona-Villarreal,Barcelona,Pau Cubarsí,4,2025,29408,148,12005,DC,3,90,0,0,0,0.0,1.7150461673736572,1.7150461673736572,0,0.0,0,0,0
ESP-La Liga,2526,2026-02-28 Barcelona-Villarreal,Barcelona,Pedri,4,2025,29408,148,8935,Sub,17,29,0,0,0,0.0,1.566163420677185,1.566163420677185,1,0.3968413472175598,2,0,0
ESP-La Liga,2526,2026-02-28 Barcelona-Villarreal,Barcelona,Raphinha,4,2025,29408,148,8026,FWL,16,75,0,0,1,0.06145015358924866,1.393099069595337,1.1275931596755981,0,0.3079013228416443,3,1,0
ESP-La Liga,2526,2026-02-28 Barcelona-Villarreal,Barcelona,Robert Lewandowski,4,2025,29408,148,227,Sub,17,21,1,0,2,0.9887491464614868,0.9106007814407349,0.9106007814407349,0,0.0,0,0,0
ESP-La Liga,2526,2026-02-28 Barcelona-Villarreal,Barcelona,Ronald Araújo,4,2025,29408,148,8091,Sub,17,21,0,0,0,0.0,1.2630882263183594,1.2630882263183594,0,0.0,0,0,0
ESP-La Liga,2526,2026-02-28 Barcelona-Villarreal,Barcelona,Roony Bardghji,4,2025,29408,148,14064,Sub,17,15,0,0,0,0.0,0.9430426955223083,0.9430426955223083,0,0.0,0,0,0
ESP-La Liga,2526,2026-02-28 Barcelona-Villarreal,Barcelona,Álex Balde,4,2025,29408,148,9805,DL,4,90,0,0,0,0.0,2.350712776184082,2.350712776184082,0,0.0,0,0,0
ESP-La Liga,2526,2026-02-28 Barcelona-Villarreal,Villarreal,Alberto Moleiro,4,2025,29408,154,12160,ML,10,69,0,0,0,0.0,0.29802414774894714,0.29802414774894714,0,0.0,0,0,0
ESP-La Liga,2526,2026-02-28 Barcelona-Villarreal,Villarreal,Alfon,4,2025,29408,154,9241,Sub,17,8,0,0,0,0.0,0.0,0.0,0,0.0,0,0,0
ESP-La Liga,2526,2026-02-28 Barcelona-Villarreal,Villarreal,Alfonso,4,2025,29408,154,2521,Sub,17,21,0,0,1,0.06345584988594055,0.06345584988594055,0.0,0,0.0,0,1,0
ESP-La Liga,2526,2026-02-28 Barcelona-Villarreal,Villarreal,Ayoze Pérez,4,2025,29408,154,770,FW,15,69,0,0,2,0.5337855219841003,0.6395107507705688,0.10572526603937149,0,0.0,0,0,0
ESP-La Liga,2526,2026-02-28 Barcelona-Villarreal,Villarreal,Daniel Parejo,4,2025,29408,154,2378,Sub,17,8,0,0,0,0.0,0.0,0.0,0,0.0,0,0,0
ESP-La Liga,2526,2026-02-28 Barcelona-Villarreal,Villarreal,Georges Mikautadze,4,2025,29408,154,8187,FW,15,90,0,0,0,0.0,0.16918112337589264,0.0,0,0.16918112337589264,2,0,0
ESP-La Liga,2526,2026-02-28 Barcelona-Villarreal,Villarreal,Luiz Júnior,4,2025,29408,154,12917,GK,1,90,0,0,0,0.0,0.29802414774894714,0.29802414774894714,0,0.0,0,0,0
ESP-La Liga,2526,2026-02-28 Barcelona-Villarreal,Villarreal,Nicolas Pepe,4,2025,29408,154,5656,MR,8,86,0,0,1,0.10572526603937149,0.467205286026001,0.06345584988594055,0,0.29802414774894714,1,0,0
ESP-La Liga,2526,2026-02-28 Barcelona-Villarreal,Villarreal,Pape Alassane Gueye,4,2025,29408,154,8696,MC,9,90,1,0,1,0.5618517398834229,0.3614800274372101,0.3614800274372101,0,0.0,0,0,0
ESP-La Liga,2526,2026-02-28 Barcelona-Villarreal,Villarreal,Pau Navarro,4,2025,29408,154,12914,DC,3,90,0,0,0,0.0,0.3614800274372101,0.3614800274372101,0,0.0,0,0,0
ESP-La Liga,2526,2026-02-28 Barcelona-Villarreal,Villarreal,Renato Veiga,4,2025,29408,154,11383,DC,3,90,0,0,0,0.0,0.3614800274372101,0.3614800274372101,0,0.0,0,0,0
ESP-La Liga,2526,2026-02-28 Barcelona-Villarreal,Villarreal,Santiago Comesaña,4,2025,29408,154,7070,MC,9,82,0,0,0,0.0,0.06345584988594055,0.06345584988594055,0,0.09700530022382736,1,0,0
ESP-La Liga,2526,2026-02-28 Barcelona-Villarreal,Villarreal,Santiago Mouriño,4,2025,29408,154,13003,DR,2,90,0,0,1,0.09700530022382736,0.06345584988594055,0.06345584988594055,1,0.5618517398834229,1,0,0
ESP-La Liga,2526,2026-02-28 Barcelona-Villarreal,Villarreal,Sergi Cardona,4,2025,29408,154,11744,DL,4,82,0,0,0,0.0,0.29802414774894714,0.29802414774894714,0,0.0,0,0,0
ESP-La Liga,2526,2026-02-28 Barcelona-Villarreal,Villarreal,Tajon Buchanan,4,2025,29408,154,12322,Sub,17,21,0,0,0,0.0,0.0,0.0,0,0.0,0,0,0
ESP-La Liga,2526,2026-02-28 Barcelona-Villarreal,Villarreal,Tani Oluwaseyi,4,2025,29408,154,13996,Sub,17,4,0,0,0,0.0,0.0,0.0,0,0.0,0,0,0
ESP-La Liga,2526,2026-03-07 Athletic Club-Barcelona,Athletic Club,Adama Boiro,4,2025,29418,147,12724,DL,4,90,0,0,0,0.0,0.07499375194311142,0.07499375194311142,0,0.0,0,0,0
ESP-La Liga,2526,2026-03-07 Athletic Club-Barcelona,Athletic Club,Alejandro Rego,4,2025,29418,147,13627,DMC,7,72,0,0,0,0.0,0.07223480194807053,0.07223480194807053,0,0.0,0,1,0
ESP-La Liga,2526,2026-03-07 Athletic Club-Barcelona,Athletic Club,Alex Berenguer,4,2025,29418,147,5091,AMR,11,90,0,0,0,0.0,0.17223042249679565,0.07499375194311142,0,0.14769946038722992,2,0,0
ESP-La Liga,2526,2026-03-07 Athletic Club-Barcelona,Athletic Club,Andoni Gorosabel,4,2025,29418,147,6325,DR,2,90,0,0,0,0.0,0.5900698900222778,0.5900698900222778,0,0.0,0,0,0
ESP-La Liga,2526,2026-03-07 Athletic Club-Barcelona,Athletic Club,Aymeric Laporte,4,2025,29418,147,2498,DC,3,90,0,0,0,0.0,0.10569044202566147,0.10569044202566147,0,0.0,0,0,0
ESP-La Liga,2526,2026-03-07 Athletic Club-Barcelona,Athletic Club,Dani Vivian,4,2025,29418,147,6766,DC,3,90,0,0,1,0.011132750660181046,0.5289678573608398,0.10569044202566147,0,0.41214466094970703,1,1,0
ESP-La Liga,2526,2026-03-07 Athletic Club-Barcelona,Athletic Club,Eder García,4,2025,29418,147,14216,Sub,17,13,0,0,0,0.0,0.03069669008255005,0.03069669008255005,0,0.0,0,0,0
ESP-La Liga,2526,2026-03-07 Athletic Club-Barcelona,Athletic Club,Gorka Guruzeta,4,2025,29418,147,7020,Sub,17,18,0,0,1,0.07499375194311142,0.07499375194311142,0.0,0,0.0,0,0,0
ESP-La Liga,2526,2026-03-07 Athletic Club-Barcelona,Athletic Club,Iñaki Williams,4,2025,29418,147,2399,FW,15,72,0,0,2,0.5483850836753845,0.5483850836753845,0.0,0,0.0,0,0,0
ESP-La Liga,2526,2026-03-07 Athletic Club-Barcelona,Athletic Club,Mikel Jauregizar,4,2025,29418,147,12263,DMC,7,77,0,0,1,0.017999913543462753,0.017999913543462753,0.0,0,0.0,0,0,0
ESP-La Liga,2526,2026-03-07 Athletic Club-Barcelona,Athletic Club,Mikel Vesga,4,2025,29418,147,5077,Sub,17,18,0,0,0,0.0,0.014865572564303875,0.0,0,0.014865572564303875,1,0,0
ESP-La Liga,2526,2026-03-07 Athletic Club-Barcelona,Athletic Club,Oihan Sancet,4,2025,29418,147,7779,Sub,17,41,0,0,3,0.4992450177669525,0.6049354672431946,0.0,0,0.10569044202566147,2,0,0
ESP-La Liga,2526,2026-03-07 Athletic Club-Barcelona,Athletic Club,Roberto Navarro,4,2025,29418,147,8765,Sub,17,80,0,0,1,0.03069669008255005,0.10293149203062057,0.0,0,0.07223480194807053,1,0,0
ESP-La Liga,2526,2026-03-07 Athletic Club-Barcelona,Athletic Club,Selton Sánchez,4,2025,29418,147,14167,AMC,12,49,0,0,0,0.0,0.0,0.0,0,0.0,0,0,0
ESP-La Liga,2526,2026-03-07 Athletic Club-Barcelona,Athletic Club,Unai Gómez,4,2025,29418,147,11531,AML,13,10,0,0,1,0.050462789833545685,0.0,0.0,0,0.0,0,0,0
ESP-La Liga,2526,2026-03-07 Athletic Club-Barcelona,Athletic Club,Unai Simón,4,2025,29418,147,5185,GK,1,90,0,0,0,0.0,0.07499375194311142,0.07499375194311142,0,0.0,0,0,0
ESP-La Liga,2526,2026-03-07 Athletic Club-Barcelona,Barcelona,Dani Olmo,4,2025,29418,148,8292,MC,9,65,0,0,1,0.06052735075354576,0.0,0.0,0,0.02869918942451477,1,0,0
ESP-La Liga,2526,2026-03-07 Athletic Club-Barcelona,Barcelona,Eric Garcia,4,2025,29418,148,8045,DR,2,90,0,0,0,0.0,0.10031968355178833,0.10031968355178833,0,0.0,0,0,0
ESP-La Liga,2526,2026-03-07 Athletic Club-Barcelona,Barcelona,Fermín López,4,2025,29418,148,11822,Sub,17,25,0,0,0,0.0,0.0,0.0,0,0.0,0,0,0
ESP-La Liga,2526,2026-03-07 Athletic Club-Barcelona,Barcelona,Ferrán Torres,4,2025,29418,148,6441,FW,15,65,0,0,1,0.03868226334452629,0.0,0.0,0,0.0,0,0,0
ESP-La Liga,2526,2026-03-07 Athletic Club-Barcelona,Barcelona,Gerard Martín,4,2025,29418,148,12821,DC,3,90,0,0,0,0.0,0.3602706789970398,0.3602706789970398,0,0.0,0,0,0
ESP-La Liga,2526,2026-03-07 Athletic Club-Barcelona,Barcelona,Joan García,4,2025,29418,148,9773,GK,1,90,0,0,0,0.0,0.0,0.0,0,0.0,0,0,0
ESP-La Liga,2526,2026-03-07 Athletic Club-Barcelona,Barcelona,João Cancelo,4,2025,29418,148,2379,DL,4,90,0,0,1,0.02869918942451477,0.40705764293670654,0.40705764293670654,0,0.0,0,0,0
ESP-La Liga,2526,2026-03-07 Athletic Club-Barcelona,Barcelona,Lamine Yamal,4,2025,29418,148,11527,FWR,14,90,1,0,1,0.25995099544525146,0.40705764293670654,0.04678695648908615,0,0.10031968355178833,1,0,0
ESP-La Liga,2526,2026-03-07 Athletic Club-Barcelona,Barcelona,Marc Bernal,4,2025,29418,148,12820,MC,9,49,0,0,0,0.0,0.0,0.0,0,0.0,0,0,0
ESP-La Liga,2526,2026-03-07 Athletic Club-Barcelona,Barcelona,Marc Casadó,4,2025,29418,148,11151,MC,9,81,0,0,0,0.0,0.3602706789970398,0.3602706789970398,0,0.0,0,0,0
ESP-La Liga,2526,2026-03-07 Athletic Club-Barcelona,Barcelona,Marcus Rashford,4,2025,29418,148,556,FWL,16,65,0,0,1,0.025042476132512093,0.07182943820953369,0.0,0,0.08546922355890274,2,0,0
ESP-La Liga,2526,2026-03-07 Athletic Club-Barcelona,Barcelona,Pau Cubarsí,4,2025,29418,148,12005,DC,3,90,0,0,1,0.04678695648908615,0.14710664749145508,0.10031968355178833,0,0.0,0,1,0
ESP-La Liga,2526,2026-03-07 Athletic Club-Barcelona,Barcelona,Pedri,4,2025,29418,148,8935,Sub,17,41,0,0,0,0.0,0.40705764293670654,0.14710664749145508,1,0.25995099544525146,1,0,0
ESP-La Liga,2526,2026-03-07 Athletic Club-Barcelona,Barcelona,Raphinha,4,2025,29418,148,8026,Sub,17,25,0,0,0,0.0,0.0,0.0,0,0.0,0,0,0
ESP-La Liga,2526,2026-03-07 Athletic Club-Barcelona,Barcelona,Robert Lewandowski,4,2025,29418,148,227,Sub,17,25,0,0,1,0.10031968355178833,0.10031968355178833,0.0,0,0.0,0,0,0
ESP-La Liga,2526,2026-03-07 Athletic Club-Barcelona,Barcelona,Ronald Araújo,4,2025,29418,148,8091,Sub,17,9,0,0,0,0.0,0.0,0.0,0,0.0,0,0,0
ESP-La Liga,2526,2026-03-15 Barcelona-Sevilla,Barcelona,Dani Olmo,4,2025,29430,148,8292,MC,9,90,1,0,3,0.5547364950180054,0.9883590936660767,0.4962739646434784,0,0.23240555822849274,1,0,0
ESP-La Liga,2526,2026-03-15 Barcelona-Sevilla,Barcelona,Fermín López,4,2025,29430,148,11822,Sub,17,41,0,0,0,0.0,0.41257938742637634,0.10449657589197159,1,0.41257938742637634,2,0,0
ESP-La Liga,2526,2026-03-15 Barcelona-Sevilla,Barcelona,Gavi,4,2025,29430,148,9804,Sub,17,5,0,0,0,0.0,0.0,0.0,0,0.0,0,0,0
ESP-La Liga,2526,2026-03-15 Barcelona-Sevilla,Barcelona,Gerard Martín,4,2025,29430,148,12821,DC,3,90,0,0,1,0.09672049432992935,0.28841066360473633,0.28841066360473633,0,0.0,0,0,0
ESP-La Liga,2526,2026-03-15 Barcelona-Sevilla,Barcelona,Joan García,4,2025,29430,148,9773,GK,1,90,0,0,0,0.0,0.10449657589197159,0.10449657589197159,0,0.0,0,0,0
ESP-La Liga,2526,2026-03-15 Barcelona-Sevilla,Barcelona,João Cancelo,4,2025,29430,148,2379,DL,4,69,1,0,1,0.48705628514289856,0.6882733702659607,0.20121707022190094,0,0.0,0,0,0
ESP-La Liga,2526,2026-03-15 Barcelona-Sevilla,Barcelona,Lamine Yamal,4,2025,29430,148,11527,Sub,17,20,0,0,0,0.0,0.0,0.0,0,0.0,0,0,0
ESP-La Liga,2526,2026-03-15 Barcelona-Sevilla,Barcelona,Marc Bernal,4,2025,29430,148,12820,MC,9,70,0,0,0,0.0,0.12903884053230286,0.12903884053230286,0,0.0,0,0,0
ESP-La Liga,2526,2026-03-15 Barcelona-Sevilla,Barcelona,Marc Casadó,4,2025,29430,148,11151,Sub,17,20,0,0,0,0.0,0.06265133619308472,0.06265133619308472,0,0.0,0,0,0
ESP-La Liga,2526,2026-03-15 Barcelona-Sevilla,Barcelona,Pau Cubarsí,4,2025,29430,148,12005,DC,3,90,0,0,0,0.0,0.28841066360473633,0.28841066360473633,0,0.0,0,0,0
ESP-La Liga,2526,2026-03-15 Barcelona-Sevilla,Barcelona,Pedri,4,2025,29430,148,8935,MC,9,49,0,0,0,0.0,0.12126275897026062,0.09672049432992935,0,0.12126275897026062,2,0,0
ESP-La Liga,2526,2026-03-15 Barcelona-Sevilla,Barcelona,Raphinha,4,2025,29430,148,8026,FWL,16,85,3,0,3,1.5910518169403076,0.19169017672538757,0.08719360083341599,0,0.5019181370735168,1,0,0
ESP-La Liga,2526,2026-03-15 Barcelona-Sevilla,Barcelona,Robert Lewandowski,4,2025,29430,148,227,FW,15,90,0,0,4,0.6324161291122437,0.8241062760353088,0.19169017672538757,0,0.0,0,0,0
ESP-La Liga,2526,2026-03-15 Barcelona-Sevilla,Barcelona,Ronald Araújo,4,2025,29430,148,8091,Sub,17,21,0,0,1,0.5019181370735168,0.06265133619308472,0.06265133619308472,0,0.0,0,0,0
ESP-La Liga,2526,2026-03-15 Barcelona-Sevilla,Barcelona,Roony Bardghji,4,2025,29430,148,14064,FWR,14,70,0,0,0,0.0,0.3369021415710449,0.3369021415710449,0,0.0,0,0,0
ESP-La Liga,2526,2026-03-15 Barcelona-Sevilla,Barcelona,Xavi Espart,4,2025,29430,148,14129,DR,2,90,0,0,0,0.0,0.19169017672538757,0.19169017672538757,0,0.0,0,0,0
ESP-La Liga,2526,2026-03-15 Barcelona-Sevilla,Sevilla,Akor Adams,4,2025,29430,138,11783,FW,15,49,0,0,1,0.014852157793939114,0.014852157793939114,0.0,0,0.0,0,0,0
ESP-La Liga,2526,2026-03-15 Barcelona-Sevilla,Sevilla,Alexis Sánchez,4,2025,29430,138,498,AMC,12,90,0,0,1,0.05850789323449135,0.19580888748168945,0.014852157793939114,0,0.12244883924722672,2,0,0
ESP-La Liga,2526,2026-03-15 Barcelona-Sevilla,Sevilla,Andrés Castrín,4,2025,29430,138,13600,Sub,17,17,0,0,1,0.11718692630529404,0.33000996708869934,0.33000996708869934,0,0.0,0,0,0
ESP-La Liga,2526,2026-03-15 Barcelona-Sevilla,Sevilla,Chidera Ejuke,4,2025,29430,138,8694,Sub,17,41,0,0,1,0.05040484666824341,0.45245879888534546,0.40205395221710205,0,0.0,0,0,0
ESP-La Liga,2526,2026-03-15 Barcelona-Sevilla,Sevilla,Djibril Sow,4,2025,29430,138,2624,DMC,7,90,1,0,1,0.33000996708869934,0.33000996708869934,0.33000996708869934,0,0.22495749592781067,2,0,0
ESP-La Liga,2526,2026-03-15 Barcelona-Sevilla,Sevilla,Gabriel Suazo,4,2025,29430,138,11343,DL,4,49,0,0,0,0.0,0.27623605728149414,0.27623605728149414,0,0.0,0,1,0
ESP-La Liga,2526,2026-03-15 Barcelona-Sevilla,Sevilla,José Ángel Carmona,4,2025,29430,138,9809,AMR,11,49,0,0,0,0.0,0.014852157793939114,0.0,0,0.014852157793939114,1,0,0
ESP-La Liga,2526,2026-03-15 Barcelona-Sevilla,Sevilla,Juanlu Sanchez,4,2025,29430,138,8409,DR,2,90,0,0,0,0.0,0.27623605728149414,0.27623605728149414,1,0.27623605728149414,1,0,0
ESP-La Liga,2526,2026-03-15 Barcelona-Sevilla,Sevilla,Lucien Agoume,4,2025,29430,138,8165,DMC,7,81,0,0,1,0.10777057707309723,0.3347439467906952,0.3347439467906952,0,0.0,0,0,0
ESP-La Liga,2526,2026-03-15 Barcelona-Sevilla,Sevilla,Manu Bueno,4,2025,29430,138,11266,Sub,17,9,0,0,0,0.0,0.33000996708869934,0.33000996708869934,0,0.0,0,0,0
ESP-La Liga,2526,2026-03-15 Barcelona-Sevilla,Sevilla,Neal Maupay,4,2025,29430,138,3621,Sub,17,41,0,0,0,0.0,0.40205395221710205,0.40205395221710205,0,0.0,0,0,0
ESP-La Liga,2526,2026-03-15 Barcelona-Sevilla,Sevilla,Nemanja Gudelj,4,2025,29430,138,7888,DC,3,90,0,0,1,0.01602843776345253,0.6062459945678711,0.6062459945678711,0,0.0,0,0,0
ESP-La Liga,2526,2026-03-15 Barcelona-Sevilla,Sevilla,Nianzou Kouassi,4,2025,29430,138,7981,DC,3,73,0,0,0,0.0,0.32664090394973755,0.32664090394973755,0,0.0,0,0,0
ESP-La Liga,2526,2026-03-15 Barcelona-Sevilla,Sevilla,Odisseas Vlachodimos,4,2025,29430,138,375,GK,1,90,0,0,0,0.0,0.33000996708869934,0.33000996708869934,0,0.0,0,0,0
ESP-La Liga,2526,2026-03-15 Barcelona-Sevilla,Sevilla,Oso,4,2025,29430,138,13615,AML,13,90,1,0,1,0.27623605728149414,0.6062459945678711,0.33000996708869934,1,0.33000996708869934,1,0,0
ESP-La Liga,2526,2026-03-15 Barcelona-Sevilla,Sevilla,Ruben Vargas,4,2025,29430,138,7810,Sub,17,41,0,0,1,0.0720439925789833,0.45245879888534546,0.38041481375694275,0,0.0,0,0,0
ESP-La Liga,2526,2026-03-22 Barcelona-Rayo Vallecano,Barcelona,Dani Olmo,4,2025,29441,148,8292,Sub,17,26,0,0,1,0.017194755375385284,0.0,0.0,0,0.0,0,0,0
ESP-La Liga,2526,2026-03-22 Barcelona-Rayo Vallecano,Barcelona,Fermín López,4,2025,29441,148,11822,AMC,12,64,0,0,1,0.09447171539068222,0.22261132299900055,0.0,0,0.12813960015773773,2,0,0
ESP-La Liga,2526,2026-03-22 Barcelona-Rayo Vallecano,Barcelona,Ferrán Torres,4,2025,29441,148,6441,Sub,17,41,0,0,1,0.030672254040837288,0.10407765209674835,0.10407765209674835,0,0.0,0,0,0
ESP-La Liga,2526,2026-03-22 Barcelona-Rayo Vallecano,Barcelona,Gerard Martín,4,2025,29441,148,12821,DC,3,90,0,0,2,0.06544674932956696,0.23027074337005615,0.20979492366313934,0,0.09447171539068222,1,0,0
ESP-La Liga,2526,2026-03-22 Barcelona-Rayo Vallecano,Barcelona,Joan García,4,2025,29441,148,9773,GK,1,90,0,0,0,0.0,0.13579902052879333,0.13579902052879333,0,0.0,0,0,0
ESP-La Liga,2526,2026-03-22 Barcelona-Rayo Vallecano,Barcelona,João Cancelo,4,2025,29441,148,2379,DL,4,90,0,0,2,0.030379686504602432,0.17224709689617157,0.09447171539068222,1,0.5652206540107727,2,0,0
ESP-La Liga,2526,2026-03-22 Barcelona-Rayo Vallecano,Barcelona,Lamine Yamal,4,2025,29441,148,11527,AMR,11,85,0,0,2,0.11532320827245712,0.5217958092689514,0.11494752764701843,0,0.2915250360965729,1,1,0
ESP-La Liga,2526,2026-03-22 Barcelona-Rayo Vallecano,Barcelona,Marc Bernal,4,2025,29441,148,12820,DMC,7,64,0,0,0,0.0,0.20620879530906677,0.20620879530906677,0,0.0,0,0,0
ESP-La Liga,2526,2026-03-22 Barcelona-Rayo Vallecano,Barcelona,Marc Casadó,4,2025,29441,148,11151,Sub,17,26,0,0,0,0.0,0.0,0.0,0,0.0,0,0,0
ESP-La Liga,2526,2026-03-22 Barcelona-Rayo Vallecano,Barcelona,Marcus Rashford,4,2025,29441,148,556,Sub,17,5,0,0,0,0.0,0.0,0.0,0,0.0,0,0,0
ESP-La Liga,2526,2026-03-22 Barcelona-Rayo Vallecano,Barcelona,Pau Cubarsí,4,2025,29441,148,12005,DC,3,90,0,0,0,0.0,0.2839841842651367,0.2839841842651367,0,0.0,0,1,0
ESP-La Liga,2526,2026-03-22 Barcelona-Rayo Vallecano,Barcelona,Pedri,4,2025,29441,148,8935,DMC,7,90,0,0,0,0.0,0.2839841842651367,0.19272291660308838,0,0.12393458187580109,3,0,0
ESP-La Liga,2526,2026-03-22 Barcelona-Rayo Vallecano,Barcelona,Raphinha,4,2025,29441,148,8026,AML,13,90,0,0,5,1.0813302993774414,1.1018061637878418,0.020475812256336212,0,0.044970933347940445,1,1,0
ESP-La Liga,2526,2026-03-22 Barcelona-Rayo Vallecano,Barcelona,Robert Lewandowski,4,2025,29441,148,227,FW,15,49,0,0,0,0.0,0.02406194806098938,0.02406194806098938,0,0.0,0,0,0
ESP-La Liga,2526,2026-03-22 Barcelona-Rayo Vallecano,Barcelona,Ronald Araújo,4,2025,29441,148,8091,DR,2,90,1,0,1,0.48744526505470276,0.5755091905593872,0.5755091905593872,0,0.030672254040837288,1,0,0
ESP-La Liga,2526,2026-03-22 Barcelona-Rayo Vallecano,Barcelona,Xavi Espart,4,2025,29441,148,14129,Sub,17,1,0,0,0,0.0,0.0,0.0,0,0.0,0,0,0
ESP-La Liga,2526,2026-03-22 Barcelona-Rayo Vallecano,Rayo Vallecano,Alfonso Espino,4,2025,29441,145,8733,Sub,17,41,0,0,2,0.33562901616096497,0.3230617344379425,0.0,0,0.0,0,0,0
ESP-La Liga,2526,2026-03-22 Barcelona-Rayo Vallecano,Rayo Vallecano,Andrei Ratiu,4,2025,29441,145,7515,DR,2,90,0,0,0,0.0,0.9381862282752991,0.884620189666748,0,0.05356605723500252,1,0,0
ESP-La Liga,2526,2026-03-22 Barcelona-Rayo Vallecano,Rayo Vallecano,Augusto Batalla,4,2025,29441,145,12298,GK,1,90,0,0,0,0.0,0.5615584850311279,0.5615584850311279,0,0.0,0,0,0
ESP-La Liga,2526,2026-03-22 Barcelona-Rayo Vallecano,Rayo Vallecano,Carlos Martín,4,2025,29441,145,10101,AMR,11,49,0,0,1,0.5615584850311279,0.5615584850311279,0.0,0,0.0,0,0,0
ESP-La Liga,2526,2026-03-22 Barcelona-Rayo Vallecano,Rayo Vallecano,Florian Lejeune,4,2025,29441,145,5073,DC,3,90,0,0,0,0.0,0.5878831744194031,0.5615584850311279,0,0.02632470615208149,1,0,0
ESP-La Liga,2526,2026-03-22 Barcelona-Rayo Vallecano,Rayo Vallecano,Fran Pérez,4,2025,29441,145,10944,AML,13,85,0,0,0,0.0,0.0,0.0,0,0.0,0,1,0
ESP-La Liga,2526,2026-03-22 Barcelona-Rayo Vallecano,Rayo Vallecano,Gerard Gumbau,4,2025,29441,145,2609,AMC,12,62,0,0,0,0.0,0.0,0.0,0,0.5585482120513916,1,0,0
ESP-La Liga,2526,2026-03-22 Barcelona-Rayo Vallecano,Rayo Vallecano,Isi Palazón,4,2025,29441,145,9812,FW,15,90,0,0,0,0.0,0.3230617344379425,0.3230617344379425,0,0.29600295424461365,1,1,0
ESP-La Liga,2526,2026-03-22 Barcelona-Rayo Vallecano,Rayo Vallecano,Jorge De Frutos,4,2025,29441,145,8107,Sub,17,28,0,0,1,0.05356605723500252,0.05356605723500252,0.0,0,0.0,0,0,0
ESP-La Liga,2526,2026-03-22 Barcelona-Rayo Vallecano,Rayo Vallecano,Pathé Ciss,4,2025,29441,145,9815,DC,3,90,0,0,1,0.5585482120513916,0.5615584850311279,0.5615584850311279,0,0.0,0,1,0
ESP-La Liga,2526,2026-03-22 Barcelona-Rayo Vallecano,Rayo Vallecano,Pedro Díaz,4,2025,29441,145,12863,DMC,7,62,0,0,0,0.0,0.0,0.0,0,0.0,0,0,0
ESP-La Liga,2526,2026-03-22 Barcelona-Rayo Vallecano,Rayo Vallecano,Pep Chavarría,4,2025,29441,145,11087,DL,4,90,0,0,0,0.0,0.884620189666748,0.5615584850311279,0,0.884620189666748,2,0,0
ESP-La Liga,2526,2026-03-22 Barcelona-Rayo Vallecano,Rayo Vallecano,Sergio Camello,4,2025,29441,145,7528,Sub,17,5,0,0,0,0.0,0.3646770715713501,0.0,0,0.37724438309669495,2,0,0
ESP-La Liga,2526,2026-03-22 Barcelona-Rayo Vallecano,Rayo Vallecano,Unai López,4,2025,29441,145,4091,Sub,17,28,0,0,1,0.29600295424461365,0.0,0.0,0,0.0,0,0,0
ESP-La Liga,2526,2026-03-22 Barcelona-Rayo Vallecano,Rayo Vallecano,Álvaro García,4,2025,29441,145,7071,Sub,17,41,0,0,2,0.39100176095962524,0.39100176095962524,0.0,0,0.0,0,0,0
ESP-La Liga,2526,2026-03-22 Barcelona-Rayo Vallecano,Rayo Vallecano,Óscar Valentín,4,2025,29441,145,9811,DMC,7,49,0,0,0,0.0,0.5615584850311279,0.5615584850311279,0,0.0,0,1,0
ESP-La Liga,2526,2026-04-04 Atletico Madrid-Barcelona,Atletico Madrid,Alexander Sørloth,4,2025,29449,143,6531,Sub,17,22,0,0,0,0.0,0.0,0.0,0,0.0,0,0,0
ESP-La Liga,2526,2026-04-04 Atletico Madrid-Barcelona,Atletico Madrid,Antoine Griezmann,4,2025,29449,143,2270,FW,15,68,0,0,2,0.5146890878677368,0.43149036169052124,0.0,0,0.0,0,0,0
ESP-La Liga,2526,2026-04-04 Atletico Madrid-Barcelona,Atletico Madrid,Clement Lenglet,4,2025,29449,143,5050,DC,3,75,0,0,0,0.0,0.7718725204467773,0.7718725204467773,1,0.3225172460079193,1,1,0
ESP-La Liga,2526,2026-04-04 Atletico Madrid-Barcelona,Atletico Madrid,Giménez,4,2025,29449,143,2278,Sub,17,22,0,0,0,0.0,0.0,0.0,0,0.0,0,0,0
ESP-La Liga,2526,2026-04-04 Atletico Madrid-Barcelona,Atletico Madrid,Giuliano Simeone,4,2025,29449,143,9796,MR,8,68,1,0,1,0.3225172460079193,0.7718725204467773,0.44935524463653564,0,0.0,0,0,0
ESP-La Liga,2526,2026-04-04 Atletico Madrid-Barcelona,Atletico Madrid,Javier Morcillo,4,2025,29449,143,14555,Sub,17,22,0,0,0,0.0,0.0,0.0,0,0.0,0,0,0
ESP-La Liga,2526,2026-04-04 Atletico Madrid-Barcelona,Atletico Madrid,Juan Musso,4,2025,29449,143,7095,GK,1,90,0,0,0,0.0,0.0,0.0,0,0.0,0,1,0
ESP-La Liga,2526,2026-04-04 Atletico Madrid-Barcelona,Atletico Madrid,Koke,4,2025,29449,143,2269,MC,9,53,0,0,1,0.03211916610598564,0.7718725204467773,0.7718725204467773,0,0.0,0,1,0
ESP-La Liga,2526,2026-04-04 Atletico Madrid-Barcelona,Atletico Madrid,Matteo Ruggeri,4,2025,29449,143,8872,Sub,17,37,0,0,0,0.0,0.0,0.0,0,0.0,0,0,0
ESP-La Liga,2526,2026-04-04 Atletico Madrid-Barcelona,Atletico Madrid,Nahuel Molina,4,2025,29449,143,8963,DR,2,90,0,0,1,0.017864897847175598,0.7718725204467773,0.3403821289539337,0,0.43149036169052124,1,1,0
ESP-La Liga,2526,2026-04-04 Atletico Madrid-Barcelona,Atletico Madrid,Nicolás González,4,2025,29449,143,7074,DL,4,51,0,0,0,0.0,0.7718725204467773,0.7540075778961182,0,0.017864897847175598,1,1,1
ESP-La Liga,2526,2026-04-04 Atletico Madrid-Barcelona,Atletico Madrid,Obed Vargas,4,2025,29449,143,14439,MC,9,90,0,0,0,0.0,0.3225172460079193,0.3225172460079193,0,0.0,0,0,0
ESP-La Liga,2526,2026-04-04 Atletico Madrid-Barcelona,Atletico Madrid,Robin Le Normand,4,2025,29449,143,7276,DC,3,90,0,0,0,0.0,0.7718725204467773,0.7718725204467773,0,0.0,0,0,0
ESP-La Liga,2526,2026-04-04 Atletico Madrid-Barcelona,Atletico Madrid,Taufik Seidu,4,2025,29449,143,14080,Sub,17,15,0,0,0,0.0,0.0,0.0,0,0.0,0,1,0
ESP-La Liga,2526,2026-04-04 Atletico Madrid-Barcelona,Atletico Madrid,Thiago Almada,4,2025,29449,143,13358,ML,10,90,0,0,0,0.0,0.7718725204467773,0.7718725204467773,0,0.0,0,0,0
ESP-La Liga,2526,2026-04-04 Atletico Madrid-Barcelona,Atletico Madrid,Álex Baena,4,2025,29449,143,8417,FW,15,68,0,0,1,0.034768298268318176,0.3403821289539337,0.3403821289539337,0,0.08319874107837677,1,0,0
ESP-La Liga,2526,2026-04-04 Atletico Madrid-Barcelona,Barcelona,Dani Olmo,4,2025,29449,148,8292,FW,15,90,0,0,1,0.04006996005773544,1.5230040550231934,1.2768259048461914,1,0.7852064371109009,4,0,0
ESP-La Liga,2526,2026-04-04 Atletico Madrid-Barcelona,Barcelona,Eric Garcia,4,2025,29449,148,8045,DMC,7,85,0,0,0,0.0,0.6738795638084412,0.6738795638084412,0,0.0,0,0,0
ESP-La Liga,2526,2026-04-04 Atletico Madrid-Barcelona,Barcelona,Fermín López,4,2025,29449,148,11822,AMC,12,53,0,0,2,0.13980932533740997,0.5308472514152527,0.0,0,0.3910379111766815,1,1,0
ESP-La Liga,2526,2026-04-04 Atletico Madrid-Barcelona,Barcelona,Ferrán Torres,4,2025,29449,148,6441,Sub,17,37,0,0,3,0.2702426612377167,0.3730754852294922,0.1395389884710312,0,0.0,0,0,0
ESP-La Liga,2526,2026-04-04 Atletico Madrid-Barcelona,Barcelona,Gavi,4,2025,29449,148,9804,Sub,17,5,0,0,0,0.0,0.20869868993759155,0.20869868993759155,0,0.0,0,0,0
ESP-La Liga,2526,2026-04-04 Atletico Madrid-Barcelona,Barcelona,Gerard Martín,4,2025,29449,148,12821,DC,3,90,0,0,0,0.0,0.5482826828956604,0.5482826828956604,0,0.0,0,1,0
ESP-La Liga,2526,2026-04-04 Atletico Madrid-Barcelona,Barcelona,Joan García,4,2025,29449,148,9773,GK,1,90,0,0,0,0.0,0.27724993228912354,0.27724993228912354,0,0.0,0,0,0
ESP-La Liga,2526,2026-04-04 Atletico Madrid-Barcelona,Barcelona,João Cancelo,4,2025,29449,148,2379,DL,4,90,0,0,4,0.17839662730693817,1.0541694164276123,0.7991212010383606,0,0.21043561398983002,3,0,0
ESP-La Liga,2526,2026-04-04 Atletico Madrid-Barcelona,Barcelona,Jules Koundé,4,2025,29449,148,6433,Sub,17,21,0,0,0,0.0,0.3031007945537567,0.3031007945537567,0,0.0,0,0,0
ESP-La Liga,2526,2026-04-04 Atletico Madrid-Barcelona,Barcelona,Lamine Yamal,4,2025,29449,148,11527,AMR,11,90,0,0,7,0.7120115160942078,1.0196244716644287,0.6957624554634094,0,0.25348100066185,5,0,0
ESP-La Liga,2526,2026-04-04 Atletico Madrid-Barcelona,Barcelona,Marc Bernal,4,2025,29449,148,12820,Sub,17,30,0,0,1,0.08294003456830978,0.14999379217624664,0.14999379217624664,0,0.0,0,0,0
ESP-La Liga,2526,2026-04-04 Atletico Madrid-Barcelona,Barcelona,Marcus Rashford,4,2025,29449,148,556,AML,13,86,1,0,2,0.6197328567504883,0.6900458335876465,0.11094757169485092,0,0.1639566868543625,3,0,0
ESP-La Liga,2526,2026-04-04 Atletico Madrid-Barcelona,Barcelona,Pau Cubarsí,4,2025,29449,148,12005,DC,3,90,0,0,0,0.0,0.6490417718887329,0.6490417718887329,0,0.0,0,0,0
ESP-La Liga,2526,2026-04-04 Atletico Madrid-Barcelona,Barcelona,Pedri,4,2025,29449,148,8935,DMC,7,90,0,0,1,0.044161874800920486,1.528942584991455,1.4770636558532715,0,0.07625181972980499,2,0,0
ESP-La Liga,2526,2026-04-04 Atletico Madrid-Barcelona,Barcelona,Robert Lewandowski,4,2025,29449,148,227,Sub,17,4,1,0,1,0.6312196850776672,0.6312196850776672,0.0,0,0.0,0,0,0
ESP-La Liga,2526,2026-04-04 Atletico Madrid-Barcelona,Barcelona,Ronald Araújo,4,2025,29449,148,8091,DR,2,39,0,0,0,0.0,0.44801750779151917,0.44801750779151917,0,0.0,0,0,0
ESP-La Liga,2526,2026-04-11 Barcelona-Espanyol,Barcelona,Dani Olmo,4,2025,29459,148,8292,Sub,17,13,0,0,0,0.0,0.0,0.0,0,0.0,0,0,0
ESP-La Liga,2526,2026-04-11 Barcelona-Espanyol,Barcelona,Eric Garcia,4,2025,29459,148,8045,DMC,7,90,0,0,1,0.019332079216837883,0.3919794261455536,0.15017816424369812,0,0.22246919572353363,2,1,0
ESP-La Liga,2526,2026-04-11 Barcelona-Espanyol,Barcelona,Fermín López,4,2025,29459,148,11822,AMC,12,87,0,0,5,0.747564971446991,0.9698693752288818,0.750690221786499,0,0.030783046036958694,1,0,0
ESP-La Liga,2526,2026-04-11 Barcelona-Espanyol,Barcelona,Ferrán Torres,4,2025,29459,148,6441,FW,15,77,2,0,2,0.8227093815803528,1.1651941537857056,0.8469266891479492,0,0.14261604845523834,2,0,0
ESP-La Liga,2526,2026-04-11 Barcelona-Espanyol,Barcelona,Frenkie de Jong,4,2025,29459,148,7781,Sub,17,3,0,0,0,0.0,0.14471308887004852,0.0,1,0.14471308887004852,1,0,0
ESP-La Liga,2526,2026-04-11 Barcelona-Espanyol,Barcelona,Gavi,4,2025,29459,148,9804,AML,13,67,0,0,0,0.0,0.48656782507896423,0.40583643317222595,0,0.08073139190673828,1,1,0
ESP-La Liga,2526,2026-04-11 Barcelona-Espanyol,Barcelona,Gerard Martín,4,2025,29459,148,12821,DC,3,49,0,0,0,0.0,0.14176851511001587,0.14176851511001587,0,0.0,0,0,0
ESP-La Liga,2526,2026-04-11 Barcelona-Espanyol,Barcelona,Joan García,4,2025,29459,148,9773,GK,1,90,0,0,0,0.0,0.08057872951030731,0.08057872951030731,0,0.0,0,0,0
ESP-La Liga,2526,2026-04-11 Barcelona-Espanyol,Barcelona,João Cancelo,4,2025,29459,148,2379,Sub,17,23,0,0,1,0.08057872951030731,0.21547889709472656,0.13490016758441925,0,0.0,0,0,0
ESP-La Liga,2526,2026-04-11 Barcelona-Espanyol,Barcelona,Lamine Yamal,4,2025,29459,148,11527,AMR,11,90,1,0,7,1.267704963684082,1.6584599018096924,0.18337681889533997,2,0.8425166606903076,3,0,0
ESP-La Liga,2526,2026-04-11 Barcelona-Espanyol,Barcelona,Marc Casadó,4,2025,29459,148,11151,Sub,17,41,0,0,0,0.0,0.032509397715330124,0.0,0,0.032509397715330124,1,1,0
ESP-La Liga,2526,2026-04-11 Barcelona-Espanyol,Barcelona,Marcus Rashford,4,2025,29459,148,556,Sub,17,23,1,0,2,0.2796132564544678,0.2796132564544678,0.0,0,0.0,0,0,0
ESP-La Liga,2526,2026-04-11 Barcelona-Espanyol,Barcelona,Pau Cubarsí,4,2025,29459,148,12005,DC,3,90,0,0,0,0.0,0.6368510723114014,0.6368510723114014,0,0.08057872951030731,1,0,0
ESP-La Liga,2526,2026-04-11 Barcelona-Espanyol,Barcelona,Pedri,4,2025,29459,148,8935,DMC,7,90,0,0,1,0.08073139190673828,0.5767163038253784,0.2775162160396576,0,0.21846868097782135,2,0,0
ESP-La Liga,2526,2026-04-11 Barcelona-Espanyol,Barcelona,Ronald Araújo,4,2025,29459,148,8091,DR,2,90,0,0,1,0.01980730891227722,0.8069868087768555,0.2864816188812256,0,0.5205051898956299,1,0,0
ESP-La Liga,2526,2026-04-11 Barcelona-Espanyol,Barcelona,Álex Balde,4,2025,29459,148,9805,DL,4,67,0,0,0,0.0,0.22933752834796906,0.22933752834796906,0,0.0,0,0,0
ESP-La Liga,2526,2026-04-11 Barcelona-Espanyol,Espanyol,Carlos Romero,4,2025,29459,141,11402,DL,4,90,0,0,0,0.0,0.0867094025015831,0.0867094025015831,0,0.0,0,0,0
ESP-La Liga,2526,2026-04-11 Barcelona-Espanyol,Espanyol,Charles Pickel,4,2025,29459,141,10936,Sub,17,7,0,0,0,0.0,0.0,0.0,0,0.0,0,0,0
ESP-La Liga,2526,2026-04-11 Barcelona-Espanyol,Espanyol,Cyril Ngonge,4,2025,29459,141,11306,MR,8,67,0,0,0,0.0,0.0867094025015831,0.0,0,0.0867094025015831,1,1,0
ESP-La Liga,2526,2026-04-11 Barcelona-Espanyol,Espanyol,Edu Expósito,4,2025,29459,141,5081,AMC,12,74,0,0,1,0.0867094025015831,0.0867094025015831,0.0,0,0.0,0,1,0
ESP-La Liga,2526,2026-04-11 Barcelona-Espanyol,Espanyol,Fernando Calero,4,2025,29459,141,6916,DC,3,90,0,0,2,0.13830730319023132,0.12873150408267975,0.12873150408267975,0,0.0,0,1,0
ESP-La Liga,2526,2026-04-11 Barcelona-Espanyol,Espanyol,Kike García,4,2025,29459,141,5074,FW,15,74,0,0,1,0.12873150408267975,0.12873150408267975,0.0,0,0.0,0,0,0
ESP-La Liga,2526,2026-04-11 Barcelona-Espanyol,Espanyol,Leandro Cabrera,4,2025,29459,141,6168,DC,3,90,0,0,2,0.15293005108833313,0.12873150408267975,0.0,0,0.19409818947315216,2,0,0
ESP-La Liga,2526,2026-04-11 Barcelona-Espanyol,Espanyol,Marko Dmitrovic,4,2025,29459,141,6224,GK,1,90,0,0,0,0.0,0.0,0.0,0,0.0,0,0,0
ESP-La Liga,2526,2026-04-11 Barcelona-Espanyol,Espanyol,Omar El Hilali,4,2025,29459,141,10875,DR,2,90,0,0,0,0.0,0.15691980719566345,0.0867094025015831,0,0.07021040469408035,1,1,0
ESP-La Liga,2526,2026-04-11 Barcelona-Espanyol,Espanyol,Pere Milla,4,2025,29459,141,4175,Sub,17,16,0,0,1,0.07021040469408035,0.07021040469408035,0.0,0,0.0,0,0,0
ESP-La Liga,2526,2026-04-11 Barcelona-Espanyol,Espanyol,Pol Lozano,4,2025,29459,141,7916,MC,9,83,1,0,1,0.05176755040884018,0.6006916761398315,0.5489241480827332,0,0.46221473813056946,1,1,0
ESP-La Liga,2526,2026-04-11 Barcelona-Espanyol,Espanyol,Ramón Terrats,4,2025,29459,141,10947,Sub,17,16,0,0,0,0.0,0.04595142602920532,0.0,0,0.176364928483963,3,0,0
ESP-La Liga,2526,2026-04-11 Barcelona-Espanyol,Espanyol,Roberto Fernández,4,2025,29459,141,13350,Sub,17,41,0,0,1,0.46221473813056946,0.5081661939620972,0.04595142602920532,0,0.0,0,0,0
ESP-La Liga,2526,2026-04-11 Barcelona-Espanyol,Espanyol,Rubén Sánchez,4,2025,29459,141,10067,Sub,17,23,0,0,1,0.04595142602920532,0.5081661939620972,0.46221473813056946,0,0.0,0,0,0
ESP-La Liga,2526,2026-04-11 Barcelona-Espanyol,Espanyol,Tyrhys Dolan,4,2025,29459,141,13829,ML,10,49,0,0,0,0.0,0.0,0.0,0,0.0,0,0,0
ESP-La Liga,2526,2026-04-11 Barcelona-Espanyol,Espanyol,Urko Gonzalez,4,2025,29459,141,8861,MC,9,90,0,0,0,0.0,0.0,0.0,0,0.0,0,1,0
ESP-La Liga,2526,2026-04-22 Barcelona-Celta Vigo,Barcelona,Dani Olmo,4,2025,29479,148,8292,AMC,12,90,0,0,2,0.4737144410610199,0.6007328629493713,0.07836438715457916,0,0.048654019832611084,1,0,0
ESP-La Liga,2526,2026-04-22 Barcelona-Celta Vigo,Barcelona,Eric Garcia,4,2025,29479,148,8045,DMC,7,90,0,0,0,0.0,0.456622838973999,0.4097451865673065,0,0.04687764495611191,1,1,0
ESP-La Liga,2526,2026-04-22 Barcelona-Celta Vigo,Barcelona,Fermín López,4,2025,29479,148,11822,Sub,17,22,0,0,1,0.09925457835197449,0.09925457835197449,0.0,0,0.0,0,0,0
ESP-La Liga,2526,2026-04-22 Barcelona-Celta Vigo,Barcelona,Ferrán Torres,4,2025,29479,148,6441,FW,15,90,0,0,1,0.04687764495611191,0.2876884341239929,0.08014076948165894,0,0.16067002713680267,2,0,0
ESP-La Liga,2526,2026-04-22 Barcelona-Celta Vigo,Barcelona,Frenkie de Jong,4,2025,29479,148,7781,Sub,17,1,0,0,0,0.0,0.0,0.0,0,0.0,0,0,0
ESP-La Liga,2526,2026-04-22 Barcelona-Celta Vigo,Barcelona,Gavi,4,2025,29479,148,9804,AML,13,68,0,0,0,0.0,0.03148674592375755,0.03148674592375755,0,0.0,0,0,0
ESP-La Liga,2526,2026-04-22 Barcelona-Celta Vigo,Barcelona,Gerard Martín,4,2025,29479,148,12821,DC,3,90,0,0,0,0.0,0.6172928810119629,0.6172928810119629,0,0.0,0,0,0
ESP-La Liga,2526,2026-04-22 Barcelona-Celta Vigo,Barcelona,Joan García,4,2025,29479,148,9773,GK,1,90,0,0,0,0.0,0.07836438715457916,0.07836438715457916,0,0.0,0,0,0
ESP-La Liga,2526,2026-04-22 Barcelona-Celta Vigo,Barcelona,João Cancelo,4,2025,29479,148,2379,DL,4,22,0,0,0,0.0,0.0,0.0,0,0.0,0,0,0
ESP-La Liga,2526,2026-04-22 Barcelona-Celta Vigo,Barcelona,Jules Koundé,4,2025,29479,148,6433,DR,2,90,0,0,0,0.0,0.456622838973999,0.456622838973999,0,0.0,0,0,0
ESP-La Liga,2526,2026-04-22 Barcelona-Celta Vigo,Barcelona,Lamine Yamal,4,2025,29479,148,11527,AMR,11,53,1,0,4,0.8730352520942688,0.48832792043685913,0.0,0,0.37825843691825867,1,0,0
ESP-La Liga,2526,2026-04-22 Barcelona-Celta Vigo,Barcelona,Marcus Rashford,4,2025,29479,148,556,Sub,17,1,0,0,0,0.0,0.0,0.0,0,0.0,0,0,0
ESP-La Liga,2526,2026-04-22 Barcelona-Celta Vigo,Barcelona,Pau Cubarsí,4,2025,29479,148,12005,DC,3,90,0,0,0,0.0,0.456622838973999,0.456622838973999,0,0.0,0,0,0
ESP-La Liga,2526,2026-04-22 Barcelona-Celta Vigo,Barcelona,Pedri,4,2025,29479,148,8935,DMC,7,90,0,0,1,0.020136574283242226,0.212293341755867,0.19215677678585052,0,0.03148674592375755,1,0,0
ESP-La Liga,2526,2026-04-22 Barcelona-Celta Vigo,Barcelona,Roony Bardghji,4,2025,29479,148,14064,Sub,17,37,0,0,1,0.03148674592375755,0.12694275379180908,0.03148674592375755,0,0.09545600414276123,1,0,0
ESP-La Liga,2526,2026-04-22 Barcelona-Celta Vigo,Barcelona,Álex Balde,4,2025,29479,148,9805,Sub,17,68,0,0,0,0.0,0.4097451865673065,0.4097451865673065,0,0.0,0,0,0
ESP-La Liga,2526,2026-04-22 Barcelona-Celta Vigo,Celta Vigo,Borja Iglesias,4,2025,29479,152,2543,Sub,17,1,0,0,0,0.0,0.0,0.0,0,0.0,0,0,0
ESP-La Liga,2526,2026-04-22 Barcelona-Celta Vigo,Celta Vigo,Fernando López,4,2025,29479,152,13200,MC,9,90,0,0,0,0.0,0.4220893979072571,0.0,0,0.46353933215141296,2,0,0
ESP-La Liga,2526,2026-04-22 Barcelona-Celta Vigo,Celta Vigo,Ferrán Jutglà,4,2025,29479,152,8549,FWR,14,90,0,0,2,0.4881232678890228,0.5332393050193787,0.04511602967977524,0,0.0,0,0,0
ESP-La Liga,2526,2026-04-22 Barcelona-Celta Vigo,Celta Vigo,Hugo Sotelo,4,2025,29479,152,9520,Sub,17,1,0,0,0,0.0,0.0,0.0,0,0.0,0,0,0
ESP-La Liga,2526,2026-04-22 Barcelona-Celta Vigo,Celta Vigo,Hugo Álvarez,4,2025,29479,152,10078,FWL,16,85,0,0,0,0.0,0.33361223340034485,0.33361223340034485,0,0.0,0,0,0
ESP-La Liga,2526,2026-04-22 Barcelona-Celta Vigo,Celta Vigo,Iago Aspas,4,2025,29479,152,2290,Sub,17,1,0,0,0,0.0,0.0,0.0,0,0.0,0,0,0
ESP-La Liga,2526,2026-04-22 Barcelona-Celta Vigo,Celta Vigo,Ilaix Moriba,4,2025,29479,152,9243,MC,9,90,0,0,0,0.0,0.0,0.0,0,0.0,0,0,0
ESP-La Liga,2526,2026-04-22 Barcelona-Celta Vigo,Celta Vigo,Ionut Radu,4,2025,29479,152,1830,GK,1,90,0,0,0,0.0,0.04511602967977524,0.04511602967977524,0,0.0,0,0,0
ESP-La Liga,2526,2026-04-22 Barcelona-Celta Vigo,Celta Vigo,Javier Rodríguez,4,2025,29479,152,12180,DC,3,90,0,0,0,0.0,0.0,0.0,0,0.0,0,0,0
ESP-La Liga,2526,2026-04-22 Barcelona-Celta Vigo,Celta Vigo,Javier Rueda,4,2025,29479,152,12643,DMR,5,90,0,0,0,0.0,0.4672054052352905,0.4220893979072571,0,0.04511602967977524,1,0,0
ESP-La Liga,2526,2026-04-22 Barcelona-Celta Vigo,Celta Vigo,Marcos Alonso,4,2025,29479,152,1621,DC,3,90,0,0,1,0.0771416500210762,0.0,0.0,0,0.0,0,0,0
ESP-La Liga,2526,2026-04-22 Barcelona-Celta Vigo,Celta Vigo,Pablo Durán,4,2025,29479,152,11154,FW,15,90,0,0,3,0.5086553692817688,0.4672054052352905,0.0,0,0.0,0,0,0
ESP-La Liga,2526,2026-04-22 Barcelona-Celta Vigo,Celta Vigo,Sergio Carreira,4,2025,29479,152,8122,DML,6,90,0,0,0,0.0,0.0,0.0,0,0.0,0,0,0
ESP-La Liga,2526,2026-04-22 Barcelona-Celta Vigo,Celta Vigo,Williot Swedberg,4,2025,29479,152,10870,Sub,17,5,0,0,0,0.0,0.0,0.0,0,0.0,0,0,0
ESP-La Liga,2526,2026-04-22 Barcelona-Celta Vigo,Celta Vigo,Yoel Lago,4,2025,29479,152,12642,DC,3,85,0,0,0,0.0,0.0,0.0,0,0.0,0,1,0
ESP-La Liga,2526,2026-04-22 Barcelona-Celta Vigo,Celta Vigo,Óscar Mingueza,4,2025,29479,152,9011,Sub,17,5,0,0,0,0.0,0.0,0.0,0,0.0,0,0,0
ESP-La Liga,2526,2026-04-25 Getafe-Barcelona,Barcelona,Dani Olmo,4,2025,29469,148,8292,AMC,12,90,0,0,2,0.3981335461139679,0.5497336387634277,0.15160007774829865,0,0.0,0,0,0
ESP-La Liga,2526,2026-04-25 Getafe-Barcelona,Barcelona,Fermín López,4,2025,29469,148,11822,AML,13,84,1,0,3,0.6205388903617859,1.1123815774917603,0.4837663173675537,0,0.06596729159355164,1,0,0
ESP-La Liga,2526,2026-04-25 Getafe-Barcelona,Barcelona,Frenkie de Jong,4,2025,29469,148,7781,Sub,17,28,0,0,0,0.0,0.0,0.0,0,0.0,0,0,0
ESP-La Liga,2526,2026-04-25 Getafe-Barcelona,Barcelona,Gavi,4,2025,29469,148,9804,DMC,7,62,0,0,0,0.0,0.35258689522743225,0.35258689522743225,0,0.0,0,1,0
ESP-La Liga,2526,2026-04-25 Getafe-Barcelona,Barcelona,Gerard Martín,4,2025,29469,148,12821,DC,3,90,0,0,1,0.03859258443117142,0.8556599020957947,0.8556599020957947,0,0.0,0,0,0
ESP-La Liga,2526,2026-04-25 Getafe-Barcelona,Barcelona,Joan García,4,2025,29469,148,9773,GK,1,90,0,0,0,0.0,0.3981335461139679,0.3981335461139679,0,0.0,0,0,0
ESP-La Liga,2526,2026-04-25 Getafe-Barcelona,Barcelona,João Cancelo,4,2025,29469,148,2379,DL,4,90,0,0,0,0.0,0.9024615287780762,0.4221832752227783,0,0.5050019025802612,3,0,0
ESP-La Liga,2526,2026-04-25 Getafe-Barcelona,Barcelona,Jules Koundé,4,2025,29469,148,6433,DR,2,62,0,0,1,0.024723678827285767,0.512263298034668,0.4506802558898926,0,0.39374929666519165,2,1,0
ESP-La Liga,2526,2026-04-25 Getafe-Barcelona,Barcelona,Marc Casadó,4,2025,29469,148,11151,Sub,17,1,0,0,1,0.4598575830459595,0.4598575830459595,0.0,0,0.0,0,0,0
ESP-La Liga,2526,2026-04-25 Getafe-Barcelona,Barcelona,Marcus Rashford,4,2025,29469,148,556,Sub,17,28,1,0,1,0.34708869457244873,0.3933430016040802,0.0,0,0.08484690636396408,2,0,0
ESP-La Liga,2526,2026-04-25 Getafe-Barcelona,Barcelona,Pau Cubarsí,4,2025,29469,148,12005,DC,3,90,0,0,0,0.0,1.0507985353469849,1.0507985353469849,0,0.0,0,0,0
ESP-La Liga,2526,2026-04-25 Getafe-Barcelona,Barcelona,Pedri,4,2025,29469,148,8935,DMC,7,90,0,0,0,0.0,1.0464142560958862,0.41416993737220764,1,0.6322442889213562,3,0,0
ESP-La Liga,2526,2026-04-25 Getafe-Barcelona,Barcelona,Robert Lewandowski,4,2025,29469,148,227,FW,15,90,0,0,2,0.05493643134832382,0.8390723466873169,0.4598575830459595,1,0.34708869457244873,1,0,0
ESP-La Liga,2526,2026-04-25 Getafe-Barcelona,Barcelona,Ronald Araújo,4,2025,29469,148,8091,Sub,17,28,0,0,1,0.046254318207502365,0.046254318207502365,0.0,0,0.0,0,0,0
ESP-La Liga,2526,2026-04-25 Getafe-Barcelona,Barcelona,Roony Bardghji,4,2025,29469,148,14064,AMR,11,62,0,0,1,0.06158304214477539,0.512263298034668,0.4506802558898926,0,0.022810358554124832,1,0,0
ESP-La Liga,2526,2026-04-25 Getafe-Barcelona,Barcelona,Álex Balde,4,2025,29469,148,9805,Sub,17,6,0,0,0,0.0,0.0,0.0,0,0.0,0,0,0
ESP-La Liga,2526,2026-04-25 Getafe-Barcelona,Getafe,Abdelkabir Abqar,4,2025,29469,142,9297,Sub,17,12,0,0,0,0.0,0.0,0.0,0,0.0,0,0,0
ESP-La Liga,2526,2026-04-25 Getafe-Barcelona,Getafe,Abu Kamara,4,2025,29469,142,10526,Sub,17,7,0,0,0,0.0,0.0,0.0,0,0.0,0,0,0
ESP-La Liga,2526,2026-04-25 Getafe-Barcelona,Getafe,Alex Sancris,4,2025,29469,142,14086,Sub,17,12,0,0,0,0.0,0.0,0.0,0,0.0,0,0,0
ESP-La Liga,2526,2026-04-25 Getafe-Barcelona,Getafe,David Soria,4,2025,29469,142,2415,GK,1,90,0,0,0,0.0,0.0,0.0,0,0.0,0,0,0
ESP-La Liga,2526,2026-04-25 Getafe-Barcelona,Getafe,Davinchi,4,2025,29469,142,13788,DL,4,78,0,0,0,0.0,0.0,0.0,0,0.0,0,0,0
ESP-La Liga,2526,2026-04-25 Getafe-Barcelona,Getafe,Djené Dakonam,4,2025,29469,142,6151,DC,3,78,0,0,0,0.0,0.0,0.0,0,0.0,0,1,0
ESP-La Liga,2526,2026-04-25 Getafe-Barcelona,Getafe,Domingos Duarte,4,2025,29469,142,7860,DC,3,90,0,0,0,0.0,0.043552953749895096,0.043552953749895096,0,0.0,0,0,0
ESP-La Liga,2526,2026-04-25 Getafe-Barcelona,Getafe,Juan Iglesias,4,2025,29469,142,9218,DR,2,90,0,0,0,0.0,0.10002048313617706,0.10002048313617706,0,0.0,0,0,0
ESP-La Liga,2526,2026-04-25 Getafe-Barcelona,Getafe,Kiko Femenía,4,2025,29469,142,5043,Sub,17,42,0,0,0,0.0,0.04242033511400223,0.04242033511400223,0,0.0,0,0,0
ESP-La Liga,2526,2026-04-25 Getafe-Barcelona,Getafe,Luis Milla,4,2025,29469,142,8725,MC,9,90,0,0,0,0.0,0.1424408107995987,0.04242033511400223,0,0.1424408107995987,2,0,0
ESP-La Liga,2526,2026-04-25 Getafe-Barcelona,Getafe,Luis Vázquez,4,2025,29469,142,14388,Sub,17,42,0,0,0,0.0,0.04242033511400223,0.04242033511400223,0,0.0,0,0,0
ESP-La Liga,2526,2026-04-25 Getafe-Barcelona,Getafe,Mario Martín,4,2025,29469,142,11349,MC,9,90,0,0,1,0.4216705858707428,0.4216705858707428,0.0,0,0.0,0,1,0
ESP-La Liga,2526,2026-04-25 Getafe-Barcelona,Getafe,Martín Satriano,4,2025,29469,142,9001,FW,15,90,0,0,1,0.04242033511400223,0.46409091353416443,0.04242033511400223,0,0.4216705858707428,1,0,0
ESP-La Liga,2526,2026-04-25 Getafe-Barcelona,Getafe,Mauro Arambarri,4,2025,29469,142,3264,MC,9,83,0,0,2,0.14357343316078186,0.14357343316078186,0.0,0,0.0,0,0,0
ESP-La Liga,2526,2026-04-25 Getafe-Barcelona,Getafe,Sebastián Boselli,4,2025,29469,142,14389,DC,3,48,0,0,0,0.0,0.0,0.0,0,0.0,0,0,0
ESP-La Liga,2526,2026-04-25 Getafe-Barcelona,Getafe,Veljko Birmancevic,4,2025,29469,142,11091,FW,15,48,0,0,0,0.0,0.0,0.0,0,0.0,0,0,0
ESP-La Liga,2526,2026-05-02 Osasuna-Barcelona,Barcelona,Dani Olmo,4,2025,29488,148,8292,AMC,12,62,0,0,2,0.20968006551265717,0.3423573970794678,0.2301892787218094,0,0.09575071930885315,1,0,0
ESP-La Liga,2526,2026-05-02 Osasuna-Barcelona,Barcelona,Eric Garcia,4,2025,29488,148,8045,DR,2,82,0,0,0,0.0,0.7501482367515564,0.7501482367515564,0,0.11216813325881958,1,1,0
ESP-La Liga,2526,2026-05-02 Osasuna-Barcelona,Barcelona,Fermín López,4,2025,29488,148,11822,AML,13,90,0,0,3,0.23109528422355652,1.3239796161651611,0.6951938271522522,1,0.3976905643939972,2,0,0
ESP-La Liga,2526,2026-05-02 Osasuna-Barcelona,Barcelona,Ferrán Torres,4,2025,29488,148,6441,Sub,17,28,1,0,2,0.4101141095161438,0.5067708492279053,0.09665673226118088,0,0.0,0,0,0
ESP-La Liga,2526,2026-05-02 Osasuna-Barcelona,Barcelona,Frenkie de Jong,4,2025,29488,148,7781,Sub,17,28,0,0,0,0.0,0.047362662851810455,0.047362662851810455,0,0.0,0,0,0
ESP-La Liga,2526,2026-05-02 Osasuna-Barcelona,Barcelona,Gavi,4,2025,29488,148,9804,DMC,7,62,0,0,0,0.0,0.289880633354187,0.2736140489578247,0,0.0162665955722332,1,1,0
ESP-La Liga,2526,2026-05-02 Osasuna-Barcelona,Barcelona,Gerard Martín,4,2025,29488,148,12821,DC,3,90,0,0,0,0.0,0.7812443375587463,0.7812443375587463,0,0.025105562061071396,1,0,0
ESP-La Liga,2526,2026-05-02 Osasuna-Barcelona,Barcelona,Joan García,4,2025,29488,148,9773,GK,1,90,0,0,0,0.0,0.0,0.0,0,0.0,0,0,0
ESP-La Liga,2526,2026-05-02 Osasuna-Barcelona,Barcelona,João Cancelo,4,2025,29488,148,2379,DL,4,90,0,0,0,0.0,0.9175846576690674,0.808251678943634,0,0.10933299362659454,1,0,0
ESP-La Liga,2526,2026-05-02 Osasuna-Barcelona,Barcelona,Marc Bernal,4,2025,29488,148,12820,Sub,17,2,0,0,0,0.0,0.0,0.0,0,0.0,0,0,0
ESP-La Liga,2526,2026-05-02 Osasuna-Barcelona,Barcelona,Marcus Rashford,4,2025,29488,148,556,Sub,17,28,0,0,1,0.047362662851810455,0.5346376299858093,0.0,1,0.48727497458457947,1,0,0
ESP-La Liga,2526,2026-05-02 Osasuna-Barcelona,Barcelona,Pau Cubarsí,4,2025,29488,148,12005,DC,3,90,0,0,0,0.0,0.2707788944244385,0.2707788944244385,0,0.0,0,0,0
ESP-La Liga,2526,2026-05-02 Osasuna-Barcelona,Barcelona,Pedri,4,2025,29488,148,8935,DMC,7,88,0,0,1,0.0162665955722332,0.9338512420654297,0.8932616710662842,0,0.07008207589387894,2,0,0
ESP-La Liga,2526,2026-05-02 Osasuna-Barcelona,Barcelona,Robert Lewandowski,4,2025,29488,148,227,FW,15,90,1,0,2,0.5830256938934326,0.6901745796203613,0.047362662851810455,0,0.05978621542453766,1,0,0
ESP-La Liga,2526,2026-05-02 Osasuna-Barcelona,Barcelona,Ronald Araújo,4,2025,29488,148,8091,Sub,17,8,0,0,0,0.0,0.05978621542453766,0.05978621542453766,0,0.0,0,0,0
ESP-La Liga,2526,2026-05-02 Osasuna-Barcelona,Barcelona,Roony Bardghji,4,2025,29488,148,14064,AMR,11,62,0,0,2,0.07008207589387894,0.19129477441310883,0.15070514380931854,0,0.0,0,0,0
ESP-La Liga,2526,2026-05-02 Osasuna-Barcelona,Osasuna,Abel Bretones,4,2025,29488,157,12790,Sub,17,4,0,0,0,0.0,0.41958287358283997,0.41958287358283997,1,0.41958287358283997,1,0,0
ESP-La Liga,2526,2026-05-02 Osasuna-Barcelona,Osasuna,Aimar Oroz,4,2025,29488,157,8424,Sub,17,20,0,0,0,0.0,0.41958287358283997,0.41958287358283997,0,0.03254198282957077,1,0,0
ESP-La Liga,2526,2026-05-02 Osasuna-Barcelona,Osasuna,Alejandro Catena,4,2025,29488,157,7604,DC,3,90,0,0,0,0.0,0.0,0.0,0,0.0,0,0,0
ESP-La Liga,2526,2026-05-02 Osasuna-Barcelona,Osasuna,Ante Budimir,4,2025,29488,157,1235,FW,15,70,0,0,3,0.4343138337135315,0.4343138337135315,0.0,0,0.0,0,0,0
ESP-La Liga,2526,2026-05-02 Osasuna-Barcelona,Osasuna,Asier Osambela,4,2025,29488,157,12537,Sub,17,5,0,0,0,0.0,0.41958287358283997,0.41958287358283997,0,0.0,0,0,0
ESP-La Liga,2526,2026-05-02 Osasuna-Barcelona,Osasuna,Enzo Boyomo,4,2025,29488,157,12893,DC,3,90,0,0,1,0.03254198282957077,0.37114647030830383,0.37114647030830383,0,0.0,0,0,0
ESP-La Liga,2526,2026-05-02 Osasuna-Barcelona,Osasuna,Javi Galán,4,2025,29488,157,7385,DL,4,90,0,0,0,0.0,0.4863525331020355,0.4863525331020355,0,0.0,0,0,0
ESP-La Liga,2526,2026-05-02 Osasuna-Barcelona,Osasuna,Jon Moncayola,4,2025,29488,157,7857,DMC,7,85,0,0,1,0.015705296769738197,0.0,0.0,0,0.0,0,1,0
ESP-La Liga,2526,2026-05-02 Osasuna-Barcelona,Osasuna,Kike Barja,4,2025,29488,157,5140,Sub,17,5,0,0,0,0.0,0.0,0.0,0,0.0,0,1,0
ESP-La Liga,2526,2026-05-02 Osasuna-Barcelona,Osasuna,Lucas Torró,4,2025,29488,157,7050,DMC,7,85,0,0,1,0.061663832515478134,0.06676965951919556,0.06676965951919556,0,0.0,0,0,0
ESP-La Liga,2526,2026-05-02 Osasuna-Barcelona,Osasuna,Moi Gómez,4,2025,29488,157,2198,AMC,12,70,0,0,0,0.0,0.4559653699398041,0.06676965951919556,0,0.3891957104206085,3,0,0
ESP-La Liga,2526,2026-05-02 Osasuna-Barcelona,Osasuna,Raul García,4,2025,29488,157,8042,Sub,17,20,1,0,1,0.41958287358283997,0.41958287358283997,0.0,0,0.0,0,0,0
ESP-La Liga,2526,2026-05-02 Osasuna-Barcelona,Osasuna,Raul Moro,4,2025,29488,157,8584,AML,13,90,0,0,0,0.0,0.36944130063056946,0.06676965951919556,0,0.3026716411113739,1,0,0
ESP-La Liga,2526,2026-05-02 Osasuna-Barcelona,Osasuna,Rubén García,4,2025,29488,157,2183,AMR,11,86,0,0,2,0.32432320713996887,0.39109283685684204,0.06676965951919556,0,0.061663832515478134,1,0,0
ESP-La Liga,2526,2026-05-02 Osasuna-Barcelona,Osasuna,Sergio Herrera,4,2025,29488,157,7859,GK,1,90,0,0,0,0.0,0.0,0.0,0,0.0,0,0,0
ESP-La Liga,2526,2026-05-02 Osasuna-Barcelona,Osasuna,Valentin Rosier,4,2025,29488,157,5615,DR,2,90,0,0,0,0.0,0.06676965951919556,0.06676965951919556,0,0.0,0,0,0
ESP-La Liga,2526,2026-05-10 Barcelona-Real Madrid,Barcelona,Dani Olmo,4,2025,29500,148,8292,AMC,12,66,0,0,1,0.06710977107286453,0.8503867983818054,0.41723060607910156,1,0.43315622210502625,1,1,0
ESP-La Liga,2526,2026-05-10 Barcelona-Real Madrid,Barcelona,Eric Garcia,4,2025,29500,148,8045,DR,2,90,0,0,0,0.0,1.2377346754074097,1.2377346754074097,0,0.0,0,0,0
ESP-La Liga,2526,2026-05-10 Barcelona-Real Madrid,Barcelona,Fermín López,4,2025,29500,148,11822,AML,13,90,0,0,2,0.16143222153186798,0.5945883989334106,0.43315622210502625,0,0.0,0,0,0
ESP-La Liga,2526,2026-05-10 Barcelona-Real Madrid,Barcelona,Ferrán Torres,4,2025,29500,148,6441,FW,15,79,1,0,2,0.8503867983818054,1.022666096687317,0.0,0,0.17227931320667267,1,0,0
ESP-La Liga,2526,2026-05-10 Barcelona-Real Madrid,Barcelona,Frenkie de Jong,4,2025,29500,148,7781,Sub,17,24,0,0,0,0.0,0.4571438431739807,0.24877691268920898,0,0.3403252363204956,3,0,0
ESP-La Liga,2526,2026-05-10 Barcelona-Real Madrid,Barcelona,Gavi,4,2025,29500,148,9804,DMC,7,79,0,0,0,0.0,0.2553895115852356,0.2553895115852356,0,0.0,0,0,0
ESP-La Liga,2526,2026-05-10 Barcelona-Real Madrid,Barcelona,Gerard Martín,4,2025,29500,148,12821,DC,3,90,0,0,0,0.0,1.1546244621276855,1.1546244621276855,0,0.0,0,0,0
ESP-La Liga,2526,2026-05-10 Barcelona-Real Madrid,Barcelona,Joan García,4,2025,29500,148,9773,GK,1,90,0,0,0,0.0,0.30423763394355774,0.30423763394355774,0,0.0,0,0,0
ESP-La Liga,2526,2026-05-10 Barcelona-Real Madrid,Barcelona,João Cancelo,4,2025,29500,148,2379,DL,4,90,0,0,0,0.0,0.589509904384613,0.589509904384613,0,0.41723060607910156,1,0,0
ESP-La Liga,2526,2026-05-10 Barcelona-Real Madrid,Barcelona,Marc Bernal,4,2025,29500,148,12820,Sub,17,11,0,0,0,0.0,0.13195832073688507,0.13195832073688507,0,0.0,0,0,0
ESP-La Liga,2526,2026-05-10 Barcelona-Real Madrid,Barcelona,Marcus Rashford,4,2025,29500,148,556,AMR,11,66,1,0,2,0.2622643709182739,1.022666096687317,0.8503867983818054,0,0.0,0,0,0
ESP-La Liga,2526,2026-05-10 Barcelona-Real Madrid,Barcelona,Pau Cubarsí,4,2025,29500,148,12005,DC,3,90,0,0,0,0.0,0.9823451042175293,0.9823451042175293,0,0.0,0,0,0
ESP-La Liga,2526,2026-05-10 Barcelona-Real Madrid,Barcelona,Pedri,4,2025,29500,148,8935,DMC,7,90,0,0,0,0.0,1.105776309967041,1.022666096687317,0,0.08311019092798233,1,0,0
ESP-La Liga,2526,2026-05-10 Barcelona-Real Madrid,Barcelona,Raphinha,4,2025,29500,148,8026,Sub,17,24,0,0,2,0.2468634992837906,0.2468634992837906,0.0,0,0.0,0,1,0
ESP-La Liga,2526,2026-05-10 Barcelona-Real Madrid,Barcelona,Robert Lewandowski,4,2025,29500,148,227,Sub,17,11,0,0,1,0.13195832073688507,0.24877691268920898,0.0,0,0.11681859940290451,1,0,0
ESP-La Liga,2526,2026-05-10 Barcelona-Real Madrid,Barcelona,Álex Balde,4,2025,29500,148,9805,Sub,17,1,0,0,0,0.0,0.0,0.0,0,0.0,0,0,0
ESP-La Liga,2526,2026-05-10 Barcelona-Real Madrid,Real Madrid,Antonio Rüdiger,4,2025,29500,150,1822,DC,3,90,0,0,0,0.0,0.31839466094970703,0.31839466094970703,0,0.0,0,0,0
ESP-La Liga,2526,2026-05-10 Barcelona-Real Madrid,Real Madrid,Aurelien Tchouameni,4,2025,29500,150,6560,DMC,7,90,0,0,3,0.09340344369411469,0.3939945101737976,0.36949193477630615,0,0.0,0,0,0
ESP-La Liga,2526,2026-05-10 Barcelona-Real Madrid,Real Madrid,Brahim Diaz,4,2025,29500,150,6421,AMR,11,81,0,0,0,0.0,0.051097288727760315,0.0,0,0.051097288727760315,1,0,0
ESP-La Liga,2526,2026-05-10 Barcelona-Real Madrid,Real Madrid,César Palacios,4,2025,29500,150,14352,Sub,17,9,0,0,1,0.04251020401716232,0.04251020401716232,0.0,0,0.0,0,0,0
ESP-La Liga,2526,2026-05-10 Barcelona-Real Madrid,Real Madrid,Eduardo Camavinga,4,2025,29500,150,7359,DMC,7,72,0,0,0,0.0,0.31839466094970703,0.31839466094970703,0,0.06318652629852295,1,1,0
ESP-La Liga,2526,2026-05-10 Barcelona-Real Madrid,Real Madrid,Fran García,4,2025,29500,150,9810,DL,4,90,0,0,1,0.06318652629852295,0.06318652629852295,0.06318652629852295,0,0.0,0,0,0
ESP-La Liga,2526,2026-05-10 Barcelona-Real Madrid,Real Madrid,Franco Mastantuono,4,2025,29500,150,13847,Sub,17,9,0,0,0,0.0,0.0,0.0,0,0.0,0,0,0
ESP-La Liga,2526,2026-05-10 Barcelona-Real Madrid,Real Madrid,Gonzalo García,4,2025,29500,150,12035,FW,15,81,0,0,2,0.31190401315689087,0.2552081346511841,0.0,0,0.0,0,0,0
ESP-La Liga,2526,2026-05-10 Barcelona-Real Madrid,Real Madrid,Jude Bellingham,4,2025,29500,150,8824,AMC,12,90,0,0,0,0.0,0.31839466094970703,0.31839466094970703,0,0.0,0,1,0
ESP-La Liga,2526,2026-05-10 Barcelona-Real Madrid,Real Madrid,Raúl,4,2025,29500,150,13201,DC,3,90,0,0,0,0.0,0.3428972065448761,0.08768907934427261,0,0.2552081346511841,1,1,0
ESP-La Liga,2526,2026-05-10 Barcelona-Real Madrid,Real Madrid,Thiago Pitarch,4,2025,29500,150,13848,Sub,17,18,0,0,0,0.0,0.0,0.0,0,0.0,0,0,0
ESP-La Liga,2526,2026-05-10 Barcelona-Real Madrid,Real Madrid,Thibaut Courtois,4,2025,29500,150,680,GK,1,90,0,0,0,0.0,0.0,0.0,0,0.0,0,0,0
ESP-La Liga,2526,2026-05-10 Barcelona-Real Madrid,Real Madrid,Trent Alexander-Arnold,4,2025,29500,150,1791,DR,2,90,0,0,0,0.0,0.13019928336143494,0.08768907934427261,0,0.16810695827007294,4,1,0
ESP-La Liga,2526,2026-05-10 Barcelona-Real Madrid,Real Madrid,Vinícius Júnior,4,2025,29500,150,7008,AML,13,90,0,0,1,0.051097288727760315,0.13878637552261353,0.06318652629852295,0,0.024502554908394814,1,0,0
ESP-La Liga,2526,2026-05-13 Alaves-Barcelona,Alaves,Abderrahmane Rebbach,4,2025,29508,158,11825,DL,4,90,0,0,1,0.03199254348874092,0.1501835137605667,0.11819097399711609,0,0.11819097399711609,1,1,0
ESP-La Liga,2526,2026-05-13 Alaves-Barcelona,Alaves,Aitor Mañas,4,2025,29508,158,14222,Sub,17,25,0,0,0,0.0,0.0,0.0,0,0.0,0,0,0
ESP-La Liga,2526,2026-05-13 Alaves-Barcelona,Alaves,Antonio Blanco,4,2025,29508,158,9280,MC,9,90,0,0,1,0.04289555177092552,0.38264232873916626,0.20364609360694885,1,0.6259944438934326,4,0,0
ESP-La Liga,2526,2026-05-13 Alaves-Barcelona,Alaves,Antonio Martínez,4,2025,29508,158,6400,FW,15,90,0,0,2,0.13741783797740936,0.13741783797740936,0.0,0,0.0,0,0,0
ESP-La Liga,2526,2026-05-13 Alaves-Barcelona,Alaves,Antonio Sivera,4,2025,29508,158,6075,GK,1,90,0,0,0,0.0,0.042969804257154465,0.042969804257154465,0,0.0,0,0,0
ESP-La Liga,2526,2026-05-13 Alaves-Barcelona,Alaves,Carlos Benavídez,4,2025,29508,158,11826,Sub,17,9,0,0,0,0.0,0.0,0.0,0,0.0,0,0,0
ESP-La Liga,2526,2026-05-13 Alaves-Barcelona,Alaves,Denis Suárez,4,2025,29508,158,2308,MC,9,65,0,0,0,0.0,0.32183706760406494,0.32183706760406494,0,0.0,0,0,0
ESP-La Liga,2526,2026-05-13 Alaves-Barcelona,Alaves,Ibrahim Diabate,4,2025,29508,158,14465,FW,15,65,1,0,3,0.6236850619316101,0.24298939108848572,0.042969804257154465,0,0.0,0,0,0
ESP-La Liga,2526,2026-05-13 Alaves-Barcelona,Alaves,Jon Guridi,4,2025,29508,158,5179,MC,9,90,0,0,0,0.0,0.25791817903518677,0.214948371052742,0,0.042969804257154465,1,0,0
ESP-La Liga,2526,2026-05-13 Alaves-Barcelona,Alaves,Nahuel Tenaglia,4,2025,29508,158,10364,DC,3,90,0,0,1,0.05427209287881851,0.19168992340564728,0.13741783797740936,0,0.0,0,0,0
ESP-La Liga,2526,2026-05-13 Alaves-Barcelona,Alaves,Pablo Ibáñez,4,2025,29508,158,10857,Sub,17,25,0,0,0,0.0,0.0,0.0,0,0.0,0,0,0
ESP-La Liga,2526,2026-05-13 Alaves-Barcelona,Alaves,Victor Parada,4,2025,29508,158,12207,DC,3,81,0,0,0,0.0,0.0,0.0,0,0.0,0,0,0
ESP-La Liga,2526,2026-05-13 Alaves-Barcelona,Alaves,Ville Koski,4,2025,29508,158,14519,DC,3,90,0,0,0,0.0,0.0,0.0,0,0.0,0,0,0
ESP-La Liga,2526,2026-05-13 Alaves-Barcelona,Alaves,Ángel Pérez,4,2025,29508,158,14392,DR,2,90,0,0,1,0.06622825562953949,0.20364609360694885,0.13741783797740936,0,0.0944480299949646,1,0,0
ESP-La Liga,2526,2026-05-13 Alaves-Barcelona,Barcelona,Dani Olmo,4,2025,29508,148,8292,AMC,12,90,0,0,2,0.04455152153968811,0.27884459495544434,0.07745206356048584,0,0.15684100985527039,2,0,0
ESP-La Liga,2526,2026-05-13 Alaves-Barcelona,Barcelona,Ferrán Torres,4,2025,29508,148,6441,Sub,17,27,0,0,0,0.0,0.0,0.0,0,0.0,0,0,0
ESP-La Liga,2526,2026-05-13 Alaves-Barcelona,Barcelona,João Cancelo,4,2025,29508,148,2379,Sub,17,10,0,0,0,0.0,0.0,0.0,0,0.0,0,1,0
ESP-La Liga,2526,2026-05-13 Alaves-Barcelona,Barcelona,Jules Koundé,4,2025,29508,148,6433,DR,2,90,0,0,0,0.0,0.19715289771556854,0.19715289771556854,0,0.043016720563173294,1,0,0
ESP-La Liga,2526,2026-05-13 Alaves-Barcelona,Barcelona,Marc Bernal,4,2025,29508,148,12820,DMC,7,88,0,0,1,0.0217998418956995,0.21702153980731964,0.1952216923236847,0,0.0,0,0,0
ESP-La Liga,2526,2026-05-13 Alaves-Barcelona,Barcelona,Marc Casadó,4,2025,29508,148,11151,DMC,7,63,0,0,1,0.11367714405059814,0.1952216923236847,0.06890905648469925,0,0.03852783888578415,2,0,0
ESP-La Liga,2526,2026-05-13 Alaves-Barcelona,Barcelona,Marcus Rashford,4,2025,29508,148,556,AML,13,90,0,0,3,0.13316357135772705,0.1033444032073021,0.04769217595458031,0,0.0,0,1,0
ESP-La Liga,2526,2026-05-13 Alaves-Barcelona,Barcelona,Pau Cubarsí,4,2025,29508,148,12005,DC,3,63,0,0,0,0.0,0.018659185618162155,0.018659185618162155,0,0.0,0,0,0
ESP-La Liga,2526,2026-05-13 Alaves-Barcelona,Barcelona,Pedri,4,2025,29508,148,8935,Sub,17,27,0,0,0,0.0,0.0217998418956995,0.0217998418956995,0,0.0217998418956995,1,0,0
ESP-La Liga,2526,2026-05-13 Alaves-Barcelona,Barcelona,Robert Lewandowski,4,2025,29508,148,227,FW,15,90,0,0,0,0.0,0.0,0.0,0,0.0,0,0,0
ESP-La Liga,2526,2026-05-13 Alaves-Barcelona,Barcelona,Roony Bardghji,4,2025,29508,148,14064,AMR,11,63,0,0,1,0.04316386952996254,0.21249324083328247,0.16932936012744904,0,0.07751135528087616,1,0,0
ESP-La Liga,2526,2026-05-13 Alaves-Barcelona,Barcelona,Tomás Marqués,4,2025,29508,148,14205,Sub,17,2,0,0,0,0.0,0.0,0.0,0,0.0,0,0,0
ESP-La Liga,2526,2026-05-13 Alaves-Barcelona,Barcelona,Wojciech Szczesny,4,2025,29508,148,1244,GK,1,90,0,0,0,0.0,0.034435346722602844,0.034435346722602844,0,0.0,0,0,0
ESP-La Liga,2526,2026-05-13 Alaves-Barcelona,Barcelona,Xavi Espart,4,2025,29508,148,14129,Sub,17,27,0,0,0,0.0,0.0217998418956995,0.0217998418956995,0,0.0,0,0,0
ESP-La Liga,2526,2026-05-13 Alaves-Barcelona,Barcelona,Álex Balde,4,2025,29508,148,9805,DL,4,80,0,0,0,0.0,0.19715289771556854,0.19715289771556854,0,0.018659185618162155,1,0,0
ESP-La Liga,2526,2026-05-13 Alaves-Barcelona,Barcelona,Álvaro Cortés,4,2025,29508,148,13227,DC,3,90,0,0,0,0.0,0.2356807291507721,0.2356807291507721,0,0.0,0,0,0
ESP-La Liga,2526,2026-05-17 Barcelona-Real Betis,Barcelona,Dani Olmo,4,2025,29519,148,8292,Sub,17,14,0,0,0,0.0,0.0653425008058548,0.0653425008058548,0,0.0653425008058548,1,0,0
ESP-La Liga,2526,2026-05-17 Barcelona-Real Betis,Barcelona,Eric Garcia,4,2025,29519,148,8045,DC,3,65,0,0,0,0.0,0.5984540581703186,0.5984540581703186,0,0.0,0,0,0
ESP-La Liga,2526,2026-05-17 Barcelona-Real Betis,Barcelona,Fermín López,4,2025,29519,148,11822,FWL,16,47,0,0,3,0.21572333574295044,0.21572333574295044,0.0,0,0.0,0,0,0
ESP-La Liga,2526,2026-05-17 Barcelona-Real Betis,Barcelona,Gavi,4,2025,29519,148,9804,MC,9,90,0,0,0,0.0,0.7836461663246155,0.490461140871048,0,0.42075663805007935,2,0,0
ESP-La Liga,2526,2026-05-17 Barcelona-Real Betis,Barcelona,Gerard Martín,4,2025,29519,148,12821,DC,3,90,0,0,1,0.03994503989815712,0.5020427107810974,0.5020427107810974,0,0.0,0,0,0
ESP-La Liga,2526,2026-05-17 Barcelona-Real Betis,Barcelona,Joan García,4,2025,29519,148,9773,GK,1,90,0,0,0,0.0,0.5326150059700012,0.5326150059700012,0,0.0,0,0,0
ESP-La Liga,2526,2026-05-17 Barcelona-Real Betis,Barcelona,João Cancelo,4,2025,29519,148,2379,DL,4,90,1,0,2,0.08409058302640915,0.18026159703731537,0.09617102146148682,0,0.03994503989815712,1,0,0
ESP-La Liga,2526,2026-05-17 Barcelona-Real Betis,Barcelona,Jules Koundé,4,2025,29519,148,6433,DR,2,90,0,0,1,0.06326979398727417,0.7754145860671997,0.7121447920799255,0,0.0,0,1,0
ESP-La Liga,2526,2026-05-17 Barcelona-Real Betis,Barcelona,Marc Bernal,4,2025,29519,148,12820,MC,9,76,0,0,0,0.0,0.6158127784729004,0.6158127784729004,0,0.0,0,0,0
ESP-La Liga,2526,2026-05-17 Barcelona-Real Betis,Barcelona,Marc Casadó,4,2025,29519,148,11151,Sub,17,4,0,0,0,0.0,0.14455585181713104,0.06326979398727417,0,0.08128606528043747,1,0,0
ESP-La Liga,2526,2026-05-17 Barcelona-Real Betis,Barcelona,Pedri,4,2025,29519,148,8935,MC,9,90,0,0,0,0.0,0.8989666104316711,0.6941285133361816,1,0.2681078612804413,4,0,0
ESP-La Liga,2526,2026-05-17 Barcelona-Real Betis,Barcelona,Raphinha,4,2025,29519,148,8026,FWR,14,64,2,0,5,0.9116983413696289,0.9857056736946106,0.3893560469150543,0,0.14646756649017334,2,0,0
ESP-La Liga,2526,2026-05-17 Barcelona-Real Betis,Barcelona,Robert Lewandowski,4,2025,29519,148,227,FW,15,86,0,0,1,0.13810619711875916,0.4104374051094055,0.22374264895915985,0,0.048588547855615616,1,0,0
ESP-La Liga,2526,2026-05-17 Barcelona-Real Betis,Barcelona,Ronald Araújo,4,2025,29519,148,8091,Sub,17,25,0,0,0,0.0,0.17834989726543427,0.17834989726543427,0,0.0,0,0,0
ESP-La Liga,2526,2026-05-17 Barcelona-Real Betis,Barcelona,Roony Bardghji,4,2025,29519,148,14064,Sub,17,26,0,0,1,0.0653425008058548,0.348004549741745,0.2826620638370514,0,0.0,0,0,0
ESP-La Liga,2526,2026-05-17 Barcelona-Real Betis,Barcelona,Álex Balde,4,2025,29519,148,9805,Sub,17,43,0,0,1,0.08128606528043747,0.08128606528043747,0.08128606528043747,0,0.0,0,0,0
ESP-La Liga,2526,2026-05-17 Barcelona-Real Betis,Real Betis,Abdessamad Ezzalzouli,4,2025,29519,153,10095,ML,10,80,0,0,1,0.0680244043469429,0.0680244043469429,0.0,0,0.0,0,0,0
ESP-La Liga,2526,2026-05-17 Barcelona-Real Betis,Real Betis,Antony,4,2025,29519,153,11094,MR,8,86,0,0,2,0.04958560690283775,0.06918776780366898,0.0,0,0.04851505905389786,2,0,0
ESP-La Liga,2526,2026-05-17 Barcelona-Real Betis,Real Betis,Cédric Bakambu,4,2025,29519,153,2306,Sub,17,43,0,0,0,0.0,0.07607446610927582,0.07607446610927582,0,0.0,0,0,0
ESP-La Liga,2526,2026-05-17 Barcelona-Real Betis,Real Betis,Ezequiel Ávila,4,2025,29519,153,6955,Sub,17,4,0,0,0,0.0,0.0,0.0,0,0.0,0,0,0
ESP-La Liga,2526,2026-05-17 Barcelona-Real Betis,Real Betis,Giovani Lo Celso,4,2025,29519,153,5681,FW,15,47,0,0,0,0.0,0.0680244043469429,0.0,0,0.09693729877471924,2,0,0
ESP-La Liga,2526,2026-05-17 Barcelona-Real Betis,Real Betis,Héctor Bellerín,4,2025,29519,153,492,DR,2,90,0,0,1,0.07607446610927582,0.09053459018468857,0.014460120350122452,0,0.0,0,0,0
ESP-La Liga,2526,2026-05-17 Barcelona-Real Betis,Real Betis,Isco,4,2025,29519,153,2255,Sub,17,43,1,0,1,0.7432776093482971,0.09053459018468857,0.09053459018468857,0,0.0,0,0,0
ESP-La Liga,2526,2026-05-17 Barcelona-Real Betis,Real Betis,Júnior Firpo,4,2025,29519,153,6485,DL,4,90,0,0,0,0.0,0.0680244043469429,0.0680244043469429,0,0.0,0,0,0
ESP-La Liga,2526,2026-05-17 Barcelona-Real Betis,Real Betis,Marc Roca,4,2025,29519,153,5086,Sub,17,9,0,0,0,0.0,0.0,0.0,0,0.0,0,0,0
ESP-La Liga,2526,2026-05-17 Barcelona-Real Betis,Real Betis,Natan,4,2025,29519,153,11890,DC,3,90,0,0,0,0.0,0.014460120350122452,0.014460120350122452,0,0.0,0,0,0
ESP-La Liga,2526,2026-05-17 Barcelona-Real Betis,Real Betis,Nelson Deossa,4,2025,29519,153,14001,MC,9,90,0,0,1,0.014460120350122452,0.11120729893445969,0.0,0,0.09674717485904694,2,0,0
ESP-La Liga,2526,2026-05-17 Barcelona-Real Betis,Real Betis,Rodrigo Riquelme,4,2025,29519,153,8002,Sub,17,10,0,0,0,0.0,0.0,0.0,0,0.0,0,0,0
ESP-La Liga,2526,2026-05-17 Barcelona-Real Betis,Real Betis,Sofyan Amrabat,4,2025,29519,153,7927,DMC,7,81,0,0,1,0.034054938703775406,0.034054938703775406,0.0,0,0.0,0,0,0
ESP-La Liga,2526,2026-05-17 Barcelona-Real Betis,Real Betis,Valentín Gómez,4,2025,29519,153,13845,DC,3,90,0,0,0,0.0,0.0,0.0,0,0.0,0,0,0
ESP-La Liga,2526,2026-05-17 Barcelona-Real Betis,Real Betis,Álvaro Fidalgo,4,2025,29519,153,14440,MC,9,47,0,0,0,0.0,0.0680244043469429,0.0680244043469429,0,0.0,0,0,0
ESP-La Liga,2526,2026-05-17 Barcelona-Real Betis,Real Betis,Álvaro Vallés,4,2025,29519,153,11740,GK,1,90,0,0,0,0.0,0.0,0.0,0,0.0,0,0,0
ESP-La Liga,2526,2026-05-23 Valencia-Barcelona,Barcelona,Andreas Christensen,4,2025,29534,148,200,Sub,17,23,0,0,2,0.13761349022388458,0.03572051599621773,0.0,0,0.0,0,1,0
ESP-La Liga,2526,2026-05-23 Valencia-Barcelona,Barcelona,Dani Olmo,4,2025,29534,148,8292,AMC,12,67,0,0,1,0.02788415178656578,0.3847435414791107,0.0,0,0.35685938596725464,1,0,0
ESP-La Liga,2526,2026-05-23 Valencia-Barcelona,Barcelona,Eric Garcia,4,2025,29534,148,8045,DR,2,67,0,0,1,0.020155400037765503,0.07797897607088089,0.02788415178656578,0,0.029939424246549606,1,0,0
ESP-La Liga,2526,2026-05-23 Valencia-Barcelona,Barcelona,Ferrán Torres,4,2025,29534,148,6441,AMR,11,88,0,0,2,0.09257229417562485,0.7156171798706055,0.048039551824331284,1,0.575005292892456,1,0,0
ESP-La Liga,2526,2026-05-23 Valencia-Barcelona,Barcelona,Frenkie de Jong,4,2025,29534,148,7781,Sub,17,23,0,0,0,0.0,0.03572051599621773,0.03572051599621773,0,0.0,0,0,0
ESP-La Liga,2526,2026-05-23 Valencia-Barcelona,Barcelona,Gavi,4,2025,29534,148,9804,DMC,7,90,0,0,0,0.0,0.07645566016435623,0.07645566016435623,0,0.02788415178656578,1,0,0
ESP-La Liga,2526,2026-05-23 Valencia-Barcelona,Barcelona,Gerard Martín,4,2025,29534,148,12821,DC,3,90,0,0,0,0.0,0.08376006782054901,0.08376006782054901,0,0.0,0,0,0
ESP-La Liga,2526,2026-05-23 Valencia-Barcelona,Barcelona,João Cancelo,4,2025,29534,148,2379,Sub,17,2,0,0,0,0.0,0.0,0.0,0,0.0,0,0,0
ESP-La Liga,2526,2026-05-23 Valencia-Barcelona,Barcelona,Marc Bernal,4,2025,29534,148,12820,DMC,7,88,0,0,0,0.0,0.43483835458755493,0.43483835458755493,0,0.0,0,1,0
ESP-La Liga,2526,2026-05-23 Valencia-Barcelona,Barcelona,Marc Casadó,4,2025,29534,148,11151,Sub,17,2,0,0,0,0.0,0.03572051599621773,0.03572051599621773,0,0.0,0,0,0
ESP-La Liga,2526,2026-05-23 Valencia-Barcelona,Barcelona,Marcus Rashford,4,2025,29534,148,556,AML,13,90,0,0,0,0.0,0.08429202437400818,0.06413662433624268,0,0.13944195210933685,4,0,0
ESP-La Liga,2526,2026-05-23 Valencia-Barcelona,Barcelona,Robert Lewandowski,4,2025,29534,148,227,FW,15,90,1,0,2,0.6505417227745056,0.6814004182815552,0.10639508813619614,0,0.0,0,0,0
ESP-La Liga,2526,2026-05-23 Valencia-Barcelona,Barcelona,Ronald Araújo,4,2025,29534,148,8091,DC,3,51,0,0,1,0.015334044583141804,0.07797897607088089,0.07797897607088089,0,0.0,0,0,0
ESP-La Liga,2526,2026-05-23 Valencia-Barcelona,Barcelona,Wojciech Szczesny,4,2025,29534,148,1244,GK,1,90,0,0,0,0.0,0.05587591603398323,0.05587591603398323,0,0.0,0,0,0
ESP-La Liga,2526,2026-05-23 Valencia-Barcelona,Barcelona,Xavi Espart,4,2025,29534,148,14129,Sub,17,39,0,0,1,0.028416110202670097,0.028416110202670097,0.0,0,0.0,0,0,0
ESP-La Liga,2526,2026-05-23 Valencia-Barcelona,Barcelona,Álex Balde,4,2025,29534,148,9805,DL,4,90,0,0,1,0.35685938596725464,0.41273531317710876,0.05587591603398323,0,0.03572051599621773,1,0,0
ESP-La Liga,2526,2026-05-23 Valencia-Barcelona,Valencia,André Almeida,4,2025,29534,146,11057,Sub,17,1,0,0,0,0.0,0.0,0.0,0,0.0,0,0,0
ESP-La Liga,2526,2026-05-23 Valencia-Barcelona,Valencia,César Tárrega,4,2025,29534,146,10107,DC,3,90,0,0,1,0.02922068163752556,0.7305374145507812,0.7305374145507812,0,0.0,0,1,0
ESP-La Liga,2526,2026-05-23 Valencia-Barcelona,Valencia,Diego López,4,2025,29534,146,9694,ML,10,57,0,0,3,0.4722606837749481,0.9800881743431091,0.0,0,0.5078275203704834,1,0,0
ESP-La Liga,2526,2026-05-23 Valencia-Barcelona,Valencia,Filip Ugrinic,4,2025,29534,146,13761,MC,9,90,0,0,1,0.02490958943963051,1.0404987335205078,0.9424993991851807,0,0.15094752609729767,2,0,0
ESP-La Liga,2526,2026-05-23 Valencia-Barcelona,Valencia,Guido Rodríguez,4,2025,29534,146,8267,MC,9,90,1,0,1,0.06493319571018219,0.22723254561424255,0.16229934990406036,0,0.0,0,0,0
ESP-La Liga,2526,2026-05-23 Valencia-Barcelona,Valencia,Hugo Duro,4,2025,29534,146,6637,FW,15,85,0,0,1,0.5078275203704834,0.6325380802154541,0.1247105523943901,0,0.0,0,0,0
ESP-La Liga,2526,2026-05-23 Valencia-Barcelona,Valencia,Javier Guerra,4,2025,29534,146,10322,FW,15,90,1,0,3,0.201925590634346,0.31273171305656433,0.0,0,0.14893865585327148,2,0,0
ESP-La Liga,2526,2026-05-23 Valencia-Barcelona,Valencia,Jesús Vázquez,4,2025,29534,146,9217,DL,4,85,0,0,0,0.0,0.6749538779258728,0.6373650431632996,0,0.16712632775306702,2,0,0
ESP-La Liga,2526,2026-05-23 Valencia-Barcelona,Valencia,Largie Ramazani,4,2025,29534,146,10975,Sub,17,33,0,0,2,0.07751557230949402,0.12953753769397736,0.12953753769397736,0,0.0,0,0,0
ESP-La Liga,2526,2026-05-23 Valencia-Barcelona,Valencia,Luis Rioja,4,2025,29534,146,7870,MR,8,90,1,0,3,0.26140597462654114,0.7692334651947021,0.5078275203704834,0,0.13030005991458893,2,0,0
ESP-La Liga,2526,2026-05-23 Valencia-Barcelona,Valencia,Pepelu,4,2025,29534,146,2551,DC,3,90,0,0,0,0.0,0.5078275203704834,0.5078275203704834,0,0.0,0,0,0
ESP-La Liga,2526,2026-05-23 Valencia-Barcelona,Valencia,Stole Dimitrievski,4,2025,29534,146,2619,GK,1,90,0,0,0,0.0,0.0,0.0,0,0.0,0,0,0
ESP-La Liga,2526,2026-05-23 Valencia-Barcelona,Valencia,Thierry Correia,4,2025,29534,146,8058,Sub,17,5,0,0,0,0.0,0.0,0.0,0,0.0,0,0,0
ESP-La Liga,2526,2026-05-23 Valencia-Barcelona,Valencia,Umar Sadiq,4,2025,29534,146,1450,Sub,17,5,0,0,0,0.0,0.0,0.0,0,0.0,0,0,0
ESP-La Liga,2526,2026-05-23 Valencia-Barcelona,Valencia,Unai Núñez,4,2025,29534,146,6149,DR,2,90,0,0,4,0.21075886487960815,0.8732104301452637,0.5454162955284119,0,0.30996131896972656,1,1,0
