player,us_np_xg,us_xa,us_xg_chain,us_shots,us_np_goals,ss_shotsFromInsideTheBox,ss_totalShots,ss_goalsFromInsideTheBox,ss_bigChancesCreated,ss_bigChancesMissed,ss_keyPasses,ss_possessionWonAttThird,ss_ballRecovery,ss_tackles,ss_wasFouled,ss_dispossessed,ss_aerialDuelsWon,ss_successfulDribbles,ss_touches,ss_goals,fb_ast,us_np_xg_adj,us_xa_adj,us_xg_chain_adj,us_shots_adj,ss_shotsFromInsideTheBox_adj,ss_totalShots_adj,ss_bigChancesCreated_adj,ss_keyPasses_adj,ss_possessionWonAttThird_adj,ss_ballRecovery_adj,ss_tackles_adj,ss_wasFouled_adj,ss_dispossessed_adj,ss_aerialDuelsWon_adj,ss_successfulDribbles_adj,ss_touches_adj,season_nineties,nineties,age,league,team,pos,seasons,fifa_value_eur,fifa_release_clause_eur,fifa_contract_end,fifa_pace,fifa_acceleration,fifa_finishing,ss_topSpeed,ss_numberOfSprints,fifa_strength,fifa_composure,fifa_heading_accuracy,fifa_attack_position,fifa_best_position,fifa_overall_rating,fifa_potential,ss_aerialDuelsWonPercentage,ss_groundDuelsWonPercentage,ss_accuratePassesPercentage,ss_goalConversionPercentage,npxg_p90,npxg_per_shot,shots_p90,box_shots_p90,box_share,press_p90,recov_p90,tackles_p90,fouled_p90,aerials_p90,disp_p90,xa_p90,chain_p90,keyp_p90,bcc_p90,dribbles_p90,np_g_minus_xg,sprints_p90,goals_p90,ga_p90,ss_shotsFromInsideTheBox_padj90,us_np_xg_padj90,ss_possessionWonAttThird_padj90,ss_ballRecovery_padj90,ss_tackles_padj90,ss_wasFouled_padj90,ss_dispossessed_padj90,us_xa_padj90,us_xg_chain_padj90,ss_keyPasses_padj90,ss_bigChancesCreated_padj90,ss_successfulDribbles_padj90,is_nine,FINISH,BOX,PRESS,HOLDUP,LINK,RUN,FIT,FLOOR,thin
Bradley Barcola,26.998673629015684,14.717551371082664,55.43402439169586,140.0,25.0,114.0,141.0,22.0,29.0,36.0,89.0,44.0,126.0,57.0,32.0,43.0,24.0,70.0,2459.0,25.0,11,19.317757320671856,10.543653597520656,39.690696235181335,100.12458960328317,81.56968194254446,100.83534541723665,20.762431600547195,63.68372093023255,31.448854309165526,176.17995910020448,79.75460122699386,22.928146374828998,30.729736662106703,33.537832310838446,50.03720930232558,1759.154086867305,43.599999999999994,43.599999999999994,22.0,FRA-Ligue 1,PSG,FW,2,61500000.0,118400000.0,2028.0,92.0,89.0,80.0,36.42,389.0,64.0,83.0,69.0,84.0,RM,84.0,88.0,57.142857142857494,37.9332506483255,83.4713171077715,17.66841468334,0.6192356336930204,0.19284766877868345,3.211009174311927,2.6146788990825693,0.8085106382978723,1.0091743119266057,2.889908256880734,1.3073394495412847,0.7339449541284404,0.5504587155963303,0.9862385321100918,0.33755851768538225,1.2714225777911896,2.041284403669725,0.6651376146788992,1.6055045871559634,-1.9986736290156841,8.922018348623855,0.5733944954128442,0.8256880733944956,1.8708642647372586,0.4430678284557766,0.7213039979166406,4.040824750004691,1.8292339730961895,0.5258749168538762,0.70481047390153,0.24182691737432702,0.9103370696142509,1.460635801152123,0.47620255964557795,1.147642415190954,True,80.0,68.0,82.0,46.0,91.0,73.0,72.8,46.0,False
Jamal Musiala,15.298232819885015,8.386865098029375,33.05999479815364,98.0,14.0,73.0,98.0,14.0,12.0,15.0,58.0,23.0,103.0,47.0,73.0,55.0,9.0,93.0,1930.0,15.0,6,11.035551740951998,6.051722623338077,23.849780144808683,70.70535100638193,52.66679103256423,70.70535100638193,8.654923907707413,41.842801505481916,16.602474226804123,142.7914110429448,65.1717791411043,52.649720176730476,39.703609883816064,12.480572597137016,67.06605792832596,1392.0578759613813,27.6,27.6,22.0,GER-Bundesliga,Bayern Munich,"MF,FW",2,116500000.0,201000000.0,2030.0,80.0,85.0,85.0,34.81,154.0,61.0,83.0,75.0,88.0,CAM,87.0,91.0,66.6666666666665,51.912972085386,84.2317339230325,13.8235294117645,0.5542837978219208,0.15610441652943893,3.550724637681159,2.644927536231884,0.7448979591836735,0.8333333333333333,3.731884057971014,1.7028985507246377,2.644927536231884,0.32608695652173914,1.9927536231884058,0.303871923841644,1.1978258984838275,2.101449275362319,0.43478260869565216,3.369565217391304,-1.2982328198850155,5.579710144927536,0.5434782608695652,0.7608695652173912,1.9082170663972544,0.39983883119391295,0.6015389212610189,5.173601849382057,2.3612963456921845,1.9075985571279157,1.4385365899933356,0.2192653124397854,0.8641224690148073,1.5160435328073156,0.3135841995546164,2.4299296350842736,True,69.0,62.0,74.0,81.0,87.0,58.0,72.6,58.0,False
Lautaro Martínez,32.11173498257995,11.501739954575896,48.20633790642023,194.0,29.0,166.0,194.0,28.0,21.0,35.0,74.0,50.0,127.0,54.0,89.0,88.0,60.0,38.0,2115.0,29.0,9,26.341042013154762,9.43395965003625,39.53200905034532,159.20046620046622,136.20502685720078,159.20046620046622,17.221799939191243,60.71544880240533,41.02395189351711,154.7116564417178,65.79141104294477,73.00886794365056,72.25722103982974,73.079754601227,31.167190297625076,1735.4976352150265,52.5,52.5,27.0,ITA-Serie A,Inter,FW,2,99000000.0,163400000.0,2029.0,82.0,84.0,93.0,33.5,252.0,80.0,88.0,86.0,93.0,ST,88.0,88.0,45.1127819548875,43.73451496093,77.381205673759,15.121483375958999,0.6116520949062847,0.16552440712670075,3.6952380952380954,3.1619047619047618,0.8556701030927835,0.9523809523809523,2.419047619047619,1.0285714285714285,1.6952380952380952,1.1428571428571428,1.6761904761904762,0.21908076103954088,0.9182159601222901,1.4095238095238096,0.4,0.7238095238095238,-3.1117349825799465,4.8,0.5523809523809524,0.7238095238095238,2.5943814639466813,0.5017341335839003,0.781408607495564,2.946888694127958,1.253169734151329,1.390645103688582,1.3763280198062808,0.1796944695245,0.7529906485780061,1.1564847390934347,0.3280342845560237,0.593660767573811,True,76.0,86.0,74.0,60.0,75.0,19.0,70.8,19.0,False
Said El Mala,11.824968876317143,4.186228644102812,17.244747333228588,74.0,12.0,57.0,75.0,11.0,8.0,17.0,21.0,21.0,63.0,24.0,23.0,42.0,17.0,44.0,859.0,13.0,4,12.302999533019324,4.355459163758032,17.941875416912296,76.99148936170212,59.304255319148936,78.03191489361701,8.323404255319149,21.848936170212767,21.848936170212767,60.5521472392638,23.06748466257669,23.929787234042557,43.69787234042553,16.33946830265849,45.77872340425532,893.7255319148936,21.7,21.7,18.0,GER-Bundesliga,Köln,"FW,MF",1,16000000.0,32000000.0,2030.0,85.0,83.0,77.0,35.43,416.0,69.0,68.0,41.0,76.0,CAM,76.0,87.0,44.736842105263,39.393939393939,74.193548387097,17.333333333333,0.5449294413049375,0.15979687670698842,3.4101382488479266,2.6267281105990783,0.76,0.967741935483871,2.903225806451613,1.1059907834101383,1.0599078341013826,0.783410138248848,1.935483870967742,0.19291376240105124,0.7946888171994742,0.967741935483871,0.3686635944700461,2.0276497695852536,0.17503112368285656,19.1705069124424,0.599078341013825,0.783410138248848,2.7329149916658495,0.5669585038257754,1.0068634179821552,2.790421531763309,1.0630177263860225,1.1027551720756938,2.0137268359643103,0.20071240385981715,0.8268145353415804,1.0068634179821552,0.38356701637415436,2.1096185900578486,True,67.0,84.0,77.0,41.0,75.0,85.0,70.5,41.0,True
Lukas Nmecha,10.333729260601103,1.8997879680246115,12.422950609587133,50.0,7.0,45.0,50.0,9.0,2.0,12.0,14.0,10.0,46.0,14.0,35.0,21.0,50.0,11.0,616.0,9.0,1,11.015750948218667,2.0308162662247646,13.242122784942232,53.31540699744158,48.00243500714363,53.31540699744158,2.1400437636761485,14.952453281563718,10.672365754211421,43.11247443762781,13.100204498977504,37.29293183403978,22.442606454430237,46.875255623721884,11.73310328132639,657.2487552034631,17.2,17.2,26.0,GER-Bundesliga,Wolfsburg,FW,2,9000000.0,17800000.0,2027.0,74.0,75.0,76.0,34.73,235.0,79.0,71.0,74.0,76.0,ST,76.0,77.0,48.785344484269004,53.0342516753535,65.906084656085,17.5,0.6007982128256456,0.20667458521202206,2.906976744186047,2.616279069767442,0.9,0.5813953488372093,2.674418604651163,0.813953488372093,2.0348837209302326,2.906976744186047,1.2209302325581395,0.11045278883864021,0.7222645703248334,0.813953488372093,0.11627906976744186,0.6395348837209303,-3.3337292606011033,13.662790697674419,0.5232558139534884,0.5813953488372093,2.790839244601374,0.6404506365243411,0.6204863810588036,2.506539211489989,0.7616397964521805,2.1681937112813823,1.3048027008389673,0.1180707131526026,0.7698908595896647,0.8693286791606814,0.12442114905093887,0.6821571675189761,True,76.0,94.0,50.0,83.0,47.0,51.0,69.9,47.0,True
Luis Díaz,27.21630634739995,16.367909078486264,63.60238518565893,159.0,28.0,130.0,159.0,26.0,25.0,26.0,123.0,50.0,243.0,60.0,69.0,100.0,26.0,114.0,3182.0,28.0,19,21.23705635476466,12.626064363606762,49.406039200710424,123.92268823416137,101.43728865780858,123.92268823416137,19.095451569420373,95.9970498748315,38.92915848257269,314.3865030674846,75.00613496932516,53.80098594261506,78.47352975158867,33.0838445807771,89.10792220296553,2466.983185056807,53.9,53.9,28.0,ENG-Premier League,Liverpool,"FW,MF",2,80000000.0,132000000.0,2029.0,83.0,86.0,79.0,35.13,628.0,69.0,82.0,71.0,84.0,LM,87.0,87.0,31.108597285068,42.39578730299,85.945717664283,17.6776568501925,0.5049407485602959,0.17117173803396196,2.9499072356215215,2.411873840445269,0.8176100628930818,0.927643784786642,4.50834879406308,1.1131725417439704,1.280148423005566,0.48237476808905383,1.855287569573284,0.3036717825322127,1.18000714630165,2.282003710575139,0.463821892393321,2.1150278293135436,0.78369365260005,11.651205936920222,0.5194805194805195,0.8719851576994434,1.881953407380493,0.3940084666932219,0.7222478382666547,5.832773711827173,1.3915794985032497,0.998163004501207,1.4559096428866174,0.2342498026643184,0.9166241039092843,1.7810213334848146,0.35427553932134276,1.6532082041366518,True,74.0,66.0,83.0,35.0,92.0,73.0,69.6,35.0,False
Bukayo Saka,16.122279875911772,20.13652891665697,35.57355656847358,138.0,11.0,105.0,138.0,13.0,33.0,16.0,124.0,50.0,187.0,70.0,93.0,72.0,32.0,91.0,2476.0,13.0,15,13.916020598045998,17.370544688741134,30.717617133207366,119.138475488913,90.63343678719664,119.138475488913,28.451706988744718,107.04589051340537,43.17583105859477,216.39672801635993,81.03271983640082,80.33584489399095,62.12077926934151,37.010224948875255,78.58656470852186,2138.4096959952135,43.9,43.9,23.0,ENG-Premier League,Arsenal,"FW,MF",2,103500000.0,199200000.0,2030.0,83.0,85.0,82.0,34.71,469.0,74.0,82.0,49.0,86.0,LM,87.0,89.0,37.820512820512505,52.071183533448,80.497518680206,9.40718940508725,0.3672501110686053,0.11682811504283892,3.143507972665148,2.3917995444191344,0.7608695652173914,1.1389521640091116,4.259681093394078,1.5945330296127562,2.1184510250569475,0.7289293849658315,1.6400911161731209,0.4586908637051702,0.8103315847032706,2.824601366742597,0.7517084282460137,2.072892938496583,-5.122279875911772,10.683371298405467,0.29612756264236906,0.6378132118451025,2.064542979207213,0.31699363549079723,0.9835041243415664,4.929310433174486,1.8458478322642555,1.8299736877902268,1.4150519195749776,0.3956843892651739,0.6997179301413978,2.4384029729705095,0.6481026648916792,1.7901267587362613,True,36.0,59.0,95.0,68.0,93.0,63.0,69.1,36.0,False
Iván Romero,8.850742192938924,2.88573707267642,14.721420374698935,59.0,7.0,45.0,59.0,7.0,5.0,12.0,25.0,18.0,92.0,33.0,77.0,55.0,30.0,37.0,1110.0,7.0,1,10.088608233909405,3.289336663260535,16.78036028724424,67.25174825174825,51.29370629370629,67.25174825174825,5.699300699300699,28.496503496503497,20.51748251748252,80.71165644171779,28.950920245398773,87.76923076923076,62.692307692307686,26.319018404907972,42.17482517482517,1265.2447552447552,25.1,25.1,24.0,ESP-La Liga,Levante,"FW,MF",1,,,,,,,36.21,482.0,,,,,,,,46.153846153846,49.0,73.220973782772,11.864406779661,0.3526192108740607,0.1500125795413377,2.3505976095617527,1.792828685258964,0.7627118644067796,0.7171314741035856,3.6653386454183265,1.3147410358565736,3.0677290836653386,1.195219123505976,2.191235059760956,0.1149696044891004,0.5865107719003559,0.99601593625498,0.199203187250996,1.4741035856573705,-1.8507421929389238,19.203187250996013,0.2788844621513944,0.3187250996015936,2.0435739559245536,0.40193658302427904,0.8174295823698214,3.2156038422995135,1.1534231173465646,3.496782102359791,2.4977015016855653,0.13104926945261094,0.6685402504878183,1.1353188644025296,0.22706377288050594,1.6802719193157438,True,54.0,67.0,77.0,76.0,60.0,92.0,69.0,54.0,False
Abdallah Sima,11.02822651527822,2.459549785591662,13.795841584913433,68.0,8.0,59.0,67.0,9.0,2.0,13.0,23.0,21.0,95.0,22.0,39.0,34.0,62.0,10.0,966.0,9.0,4,10.95802604783714,2.442984163830892,13.633722028044058,67.04490573347108,58.11768788739669,66.03457515495867,2.020661157024793,22.685078770661153,20.719670067148762,95.97546012269939,22.175869120654397,38.62935821280991,33.68821022727273,62.568507157464225,9.882295971074381,953.5468427169421,21.8,21.8,24.0,FRA-Ligue 1,Lens,"MF,FW",2,4400000.0,8700000.0,2029.0,87.0,84.0,77.0,34.66,197.0,74.0,71.0,75.0,73.0,ST,73.0,77.0,50.3676470588235,43.605610561056494,74.276510280646,12.79279279279285,0.5058819502421201,0.16217980169526794,3.1192660550458715,2.706422018348624,0.8805970149253731,0.963302752293578,4.3577981651376145,1.0091743119266054,1.7889908256880733,2.8440366972477062,1.5596330275229358,0.11282338466016797,0.6328367699501575,1.055045871559633,0.09174311926605504,0.4587155963302752,-3.02822651527822,9.036697247706421,0.4128440366972477,0.5963302752293578,2.6659489856603984,0.5026617453136303,0.9504435810618698,4.40254404232566,1.0172417027823117,1.7719889088444913,1.5453307443703086,0.11206349375371064,0.6254000930295439,1.0405999436083098,0.09269087876260519,0.4533163289483661,True,59.0,89.0,86.0,68.0,46.0,34.0,68.9,34.0,True
Rômulo,15.178863540291786,3.606802409514785,23.735963854938745,63.0,9.0,61.0,63.0,9.0,6.0,22.0,26.0,19.0,71.0,30.0,20.0,35.0,53.0,11.0,943.0,9.0,4,13.745304205930896,3.266159959727277,21.49423393530564,57.05,55.23888888888889,57.05,5.433333333333333,23.544444444444444,17.205555555555556,78.40490797546013,33.128834355828225,18.11111111111111,31.694444444444443,58.52760736196319,9.96111111111111,853.9388888888889,24.3,24.3,23.0,GER-Bundesliga,RB Leipzig,FW,1,21500000.0,38200000.0,2030.0,67.0,68.0,82.0,34.91,487.0,84.0,80.0,81.0,81.0,ST,78.0,83.0,38.686131386861,42.142857142857,74.910394265233,14.285714285714,0.6246445901354645,0.24093434190939342,2.5925925925925926,2.5102880658436213,0.9682539682539683,0.7818930041152263,2.921810699588477,1.2345679012345678,0.823045267489712,2.1810699588477367,1.4403292181069958,0.14842808269608168,0.9767886360057096,1.0699588477366255,0.24691358024691357,0.45267489711934156,-6.178863540291786,20.041152263374485,0.37037037037037035,0.5349794238683128,2.2732053040695015,0.5656503788448929,0.708047553726566,3.2265394228584414,1.36332651670075,0.7453132144490169,1.3042981252857795,0.13440987488589615,0.8845363759385036,0.968907178783722,0.22359396433470505,0.40992226794695924,True,82.0,90.0,73.0,38.0,62.0,50.0,68.8,38.0,True
Dango Ouattara,19.62800257280469,11.852694530040026,31.725099529139694,118.0,14.0,93.0,118.0,14.0,22.0,25.0,62.0,35.0,177.0,59.0,58.0,63.0,98.0,62.0,2126.0,14.0,7,19.97443096558223,12.074902311741367,32.267965366150385,120.16186652197504,94.70096581660337,120.16186652197504,22.43615843733044,63.08444926749864,35.47969614758546,173.81390593047036,58.02658486707567,59.30617471513836,64.17760173629952,96.13496932515338,62.99954422137819,2166.352251763429,47.6,47.6,23.0,ENG-Premier League,Bournemouth,"MF,FW",2,20000000.0,39500000.0,2030.0,85.0,87.0,77.0,35.56,645.0,65.0,78.0,70.0,75.0,LM,78.0,82.0,45.2081563296515,43.194158397304,64.47568468187049,11.8951612903225,0.41235299522698926,0.16633900485427702,2.4789915966386555,1.953781512605042,0.788135593220339,0.7352941176470588,3.718487394957983,1.2394957983193278,1.218487394957983,2.0588235294117645,1.3235294117647058,0.2490061876058829,0.6664936875869684,1.3025210084033614,0.4621848739495798,1.3025210084033614,-5.628002572804689,13.550420168067227,0.29411764705882354,0.4411764705882353,1.9895160885841043,0.4196309026382821,0.7453717678064171,3.6515526455981164,1.2190459005688166,1.2459280402339992,1.3482689440399058,0.25367441831389426,0.6778984320619829,1.3253035560398874,0.47134786633047143,1.3235198365835754,True,58.0,69.0,77.0,55.0,79.0,77.0,68.2,55.0,False
Marcus Thuram,24.018760299310088,9.013850331306458,36.981442637741566,139.0,27.0,125.0,139.0,26.0,13.0,25.0,69.0,31.0,110.0,42.0,77.0,59.0,97.0,41.0,1746.0,27.0,10,19.70751649591374,7.3958851820794465,30.353814135366775,114.02180669571973,102.54611330698287,114.02180669571973,10.663474206952468,56.6433397520354,25.44311003006655,133.93865030674846,51.21472392638037,63.16311948920645,48.40550994898821,118.22903885480572,33.6589135502179,1432.787676092024,46.5,46.5,27.0,ITA-Serie A,Inter,FW,2,58500000.0,96500000.0,2028.0,87.0,85.0,85.0,34.7,286.0,81.0,78.0,84.0,86.0,ST,85.0,85.0,55.546097433211,47.2634440199825,75.3125,19.553014553014997,0.5165324795550557,0.17279683668568407,2.989247311827957,2.6881720430107525,0.8992805755395683,0.6666666666666666,2.3655913978494625,0.9032258064516129,1.6559139784946237,2.086021505376344,1.2688172043010753,0.19384624368400985,0.7952998416718616,1.4838709677419355,0.27956989247311825,0.8817204301075269,2.981239700689912,6.150537634408602,0.5806451612903226,0.7956989247311828,2.2052927592899545,0.4238175590519084,0.547163656560571,2.8804010818655583,1.101391912395277,1.358346655681859,1.0409787085803917,0.15905129423826767,0.6527701964595005,1.2181363387534494,0.22932202595596707,0.7238476032304926,True,83.0,80.0,51.0,72.0,65.0,37.0,68.0,37.0,False
João Pedro,20.781502606347203,9.602088684216142,35.19035130739212,120.0,20.0,100.0,120.0,25.0,17.0,19.0,59.0,39.0,131.0,43.0,102.0,93.0,116.0,69.0,2303.0,25.0,11,18.054624782336838,8.62928509376035,31.21558325101219,105.81110179573253,87.98632738069597,105.81110179573253,15.369816847874713,52.6268362433766,35.06457214245239,148.05930470347647,48.97137014314929,90.46883232649924,82.1414218066017,132.23721881390594,61.01420282267017,2044.2536989969212,51.2,51.2,23.0,ENG-Premier League,Brighton,"FW,MF",2,44000000.0,86900000.0,2033.0,79.0,80.0,85.0,36.54,623.0,75.0,82.0,81.0,84.0,ST,82.0,86.0,47.6214796439515,46.265172735761,74.9626571511555,20.91227047508,0.4058887227802188,0.1731791883862267,2.34375,1.953125,0.8333333333333334,0.76171875,2.55859375,0.83984375,1.9921875,2.265625,1.81640625,0.18754079461359652,0.6873115489725024,1.15234375,0.33203125,1.34765625,-0.7815026063472033,12.16796875,0.48828125,0.703125,1.7184829566542181,0.35262939028001633,0.6848549246572733,2.8917832949897746,0.9564720731083844,1.7669693813769383,1.6043246446601893,0.16854072448750682,0.6096793603713319,1.0278678953784492,0.30019173531005294,1.1916836488802767,True,84.0,57.0,64.0,69.0,63.0,80.0,67.9,57.0,False
Emanuel Emegha,21.876927665434778,3.2642524130642414,26.005462195724256,78.0,18.0,74.0,78.0,17.0,6.0,28.0,21.0,22.0,69.0,6.0,46.0,31.0,32.0,10.0,762.0,18.0,5,21.067496863857663,3.101160327311689,25.050408244736705,74.99059501814214,71.1535293724818,74.99059501814214,5.72203548293747,20.295628074705604,21.405927921109452,71.37423312883436,6.147239263803682,44.29406985285933,30.190359058834,33.16359918200409,9.559101128597822,736.6331500567637,30.4,30.4,22.0,FRA-Ligue 1,Strasbourg,FW,2,22000000.0,43500000.0,2028.0,89.0,81.0,79.0,34.79,83.0,82.0,73.0,77.0,82.0,ST,78.0,83.0,69.8529411764705,38.837803320562,81.70223693220751,23.2401157184185,0.7196357784682493,0.2804734316081382,2.5657894736842106,2.4342105263157894,0.9487179487179487,0.7236842105263158,2.2697368421052633,0.19736842105263158,1.5131578947368423,1.0526315789473684,1.0197368421052633,0.10737672411395531,0.8554428353856663,0.6907894736842105,0.19736842105263158,0.32894736842105265,-3.8769276654347777,2.730263157894737,0.5921052631578948,0.7565789473684211,2.3405766240947963,0.6930097652584758,0.7041423658259689,2.3478366160800777,0.20221181788827902,1.4570417714756358,0.9931039164090133,0.10201185287209504,0.824026586997918,0.6676193445626843,0.1882248514124168,0.3144441160722968,True,91.0,91.0,50.0,64.0,51.0,24.0,67.3,24.0,False
Joaquín Panichelli,10.155420538038015,2.9524750281125307,14.645621437579392,58.0,11.0,56.0,59.0,15.0,5.0,13.0,22.0,18.0,71.0,26.0,44.0,26.0,60.0,11.0,838.0,16.0,1,9.23048446672972,2.683569309938713,13.311726548283128,52.71747211895911,50.899628252788105,53.62639405204461,4.54460966542751,19.996282527881043,16.360594795539033,78.11451942740285,28.60531697341513,39.992565055762086,23.63197026022305,66.0122699386503,9.99814126394052,761.6765799256506,24.4,24.4,22.0,FRA-Ligue 1,Strasbourg,FW,1,24000000.0,50400000.0,2030.0,69.0,63.0,80.0,34.41,515.0,86.0,73.0,84.0,78.0,ST,77.0,85.0,43.165467625899,46.428571428571,72.532188841202,27.118644067797,0.4162057597556564,0.17509345755237957,2.377049180327869,2.295081967213115,0.9491525423728814,0.7377049180327869,2.9098360655737707,1.0655737704918034,1.8032786885245902,2.459016393442623,1.0655737704918034,0.12100307492264471,0.6002303867860407,0.9016393442622951,0.20491803278688525,0.45081967213114754,0.8445794619619846,21.10655737704918,0.6557377049180328,0.6967213114754098,2.086050338229021,0.3782985437184312,0.6705161801450423,3.2014147306312646,1.1723490562875054,1.6390395514656593,0.9685233713206168,0.10998234876798003,0.5455625634542266,0.8195197757328296,0.18625449448473402,0.40975988786641476,True,84.0,76.0,67.0,71.0,40.0,41.0,66.9,40.0,True
Mika Biereth,13.892752133309843,7.101448390632868,25.349751234054565,61.0,14.0,56.0,61.0,15.0,12.0,14.0,43.0,20.0,55.0,16.0,44.0,39.0,34.0,5.0,799.0,15.0,4,12.415531520287798,6.359600705389473,22.687020560699104,54.611334910442714,50.106387293004396,54.611334910442714,10.74841500506928,38.64736059479554,18.019790469753296,61.07566462167689,17.72597137014315,39.397634335924295,35.13065900642109,37.873210633946826,4.524778641432917,717.6814531936466,25.5,25.5,22.0,FRA-Ligue 1,Monaco,FW,2,21500000.0,45200000.0,2030.0,75.0,69.0,80.0,34.63,173.0,79.0,77.0,79.0,81.0,ST,77.0,84.0,31.888440860215,39.466463414634,62.6000681314935,20.739348370927498,0.5448138091494056,0.22775003497229251,2.392156862745098,2.196078431372549,0.9180327868852459,0.7843137254901961,2.156862745098039,0.6274509803921569,1.7254901960784315,1.3333333333333333,1.5294117647058822,0.2784881721816811,0.9941078915315515,1.6862745098039216,0.47058823529411764,0.19607843137254902,0.10724786669015707,6.784313725490196,0.5882352941176471,0.7450980392156863,1.9649563644315449,0.48688358903089407,0.7066584497942469,2.3951241028108585,0.6951361321624765,1.5450052680754625,1.3776729022125918,0.24939610609370483,0.8896870808117295,1.5155827684233547,0.4215064707870306,0.17744229966403596,True,89.0,79.0,57.0,44.0,83.0,23.0,66.8,23.0,False
Hugo Ekitike,32.74953697249293,9.988901812583208,48.40409425646067,182.0,25.0,138.0,182.0,26.0,15.0,27.0,65.0,34.0,129.0,27.0,29.0,60.0,83.0,90.0,1900.0,26.0,12,30.321788549356516,9.431292399535339,45.02498016775374,168.7170374693354,127.81452967382711,168.7170374693354,14.280702766345119,60.60878254349028,31.22275643744422,139.35582822085888,29.601226993865033,26.621805029163177,54.892851205037985,90.44376278118611,82.49855965472429,1750.7507778543095,48.5,48.5,23.0,ENG-Premier League,Liverpool,FW,2,74500000.0,143400000.0,2031.0,86.0,85.0,86.0,35.75,465.0,70.0,84.0,79.0,86.0,ST,85.0,88.0,41.911288581912004,38.5708957365005,76.59615384615401,14.871794871795,0.6752481849998543,0.17994251083787327,3.752577319587629,2.845360824742268,0.7582417582417582,0.7010309278350515,2.6597938144329896,0.5567010309278351,0.5979381443298969,1.711340206185567,1.2371134020618557,0.20595673840377748,0.9980225619888797,1.3402061855670102,0.30927835051546393,1.8556701030927836,-7.749536972492933,9.587628865979381,0.5360824742268041,0.7835051546391752,2.6353511272954044,0.6251915164815777,0.6437681739679221,2.873316045790905,0.6103345771930935,0.5489031964775912,1.1318113650523296,0.19445963710382141,0.9283501065516235,1.2496656194534077,0.29444747971845603,1.7010012299943151,True,78.0,83.0,54.0,35.0,79.0,78.0,66.7,35.0,False
Mikel Merino,12.082975510507822,4.455241296440363,19.376477224752307,60.0,11.0,52.0,60.0,11.0,7.0,13.0,30.0,29.0,143.0,72.0,43.0,44.0,88.0,14.0,1402.0,11.0,5,10.423892674738498,3.8462934876481736,16.71595301261494,51.731761582470185,44.82606663425943,51.731761582470185,6.046292487753805,25.873499607373894,24.98362188236174,165.81186094069534,83.51329243353783,37.10668212242456,37.94322813446509,102.11042944785277,12.0697285270912,1209.118311333807,29.1,29.1,29.0,ENG-Premier League,Arsenal,"MF,FW",2,35500000.0,65700000.0,2028.0,53.0,52.0,80.0,33.65,160.0,78.0,81.0,87.0,81.0,CM,83.0,83.0,45.3593355001805,48.0285898412325,77.937130679066,18.3014354066985,0.4152225261342894,0.20138292517513037,2.0618556701030926,1.7869415807560136,0.8666666666666667,0.9965635738831614,4.914089347079037,2.4742268041237114,1.4776632302405497,3.0240549828178693,1.5120274914089347,0.15310107547905027,0.6658583238746497,1.0309278350515463,0.24054982817869414,0.4810996563573883,-1.082975510507822,5.498281786941581,0.37800687285223367,0.549828178694158,1.5404146609711145,0.35820937026592775,0.8585437072976542,5.6980020941819705,2.869872592217795,1.2751437155472356,1.3038910011843672,0.13217503393979976,0.5744313750039498,0.8891236978479001,0.20777637414961528,0.41476730333646733,True,83.0,56.0,94.0,63.0,51.0,16.0,66.2,16.0,False
Georges Mikautadze,23.48271982371807,9.470227717421949,36.54475121200085,122.0,21.0,103.0,121.0,23.0,16.0,30.0,49.0,21.0,84.0,13.0,68.0,50.0,25.0,49.0,1491.0,24.0,12,23.85224152353144,9.173018563814502,36.315602306688604,121.0790341859909,101.59151326798948,119.98015778149653,15.495326320822375,48.975986134353334,20.525998087497015,87.14928425357874,13.533742331288344,69.39092756394932,50.30671766674635,26.400817995910025,49.90340664594788,1473.3438680372938,41.5,39.5,24.0,FRA-Ligue 1,Lyon,"FW,MF",2,25500000.0,55500000.0,2031.0,83.0,84.0,82.0,35.0,513.0,73.0,80.0,72.0,81.0,ST,79.0,83.0,25.2642706131075,45.5325381879055,77.04440389294399,19.8214285714285,0.5658486704510378,0.192481310030476,2.9397590361445785,2.4819277108433737,0.8512396694214877,0.5060240963855421,2.0240963855421685,0.3132530120481928,1.6385542168674698,0.6024096385542169,1.2048192771084338,0.2281982582511313,0.8805964147470083,1.180722891566265,0.3855421686746988,1.180722891566265,-2.482719823718071,12.36144578313253,0.5783132530120482,0.8674698795180723,2.447988271517819,0.5747528077959383,0.49460236355414494,2.099982753098283,0.32611427304309265,1.6720705437096222,1.2122100642589482,0.22103659189914462,0.8750747543780386,1.1801442442012853,0.37338135712825,1.2024917264083828,True,85.0,86.0,28.0,54.0,81.0,65.0,66.2,28.0,False
Mateo Retegui,19.252317164093256,5.460668161511421,26.73618371039629,104.0,21.0,96.0,104.0,24.0,6.0,18.0,38.0,17.0,69.0,14.0,34.0,48.0,51.0,12.0,970.0,25.0,8,17.0242008919378,4.828692099419683,23.64194183432873,91.9638336347197,84.88969258589512,91.9638336347197,5.305605786618445,33.602169981916816,15.03254972875226,78.03067484662577,15.832310838445808,30.06509945750452,42.44484629294756,57.67484662576687,10.61121157323689,857.7396021699819,26.5,26.5,25.0,ITA-Serie A,Atalanta,FW,1,,,,,,,,0.0,,,,,,,,42.148760330579,38.216560509554,78.057553956835,24.038461538462,0.7265025344940851,0.18511843427012747,3.9245283018867925,3.6226415094339623,0.9230769230769231,0.6415094339622641,2.6037735849056602,0.5283018867924528,1.2830188679245282,1.9245283018867925,1.8113207547169812,0.20606294949099702,1.008912592845143,1.4339622641509433,0.22641509433962265,0.4528301886792453,1.747682835906744,0.0,0.9433962264150944,1.2452830188679245,3.2033846258828347,0.6424226751674641,0.5672660275000853,2.944553767797199,0.597445692016823,1.1345320550001705,1.6016923129414173,0.18221479620451636,0.8921487484652351,1.2680064144119554,0.20021153911767717,0.40042307823535433,True,88.0,98.0,45.0,40.0,75.0,9.0,65.5,9.0,False
Breel Embolo,21.413366079330444,7.3483677404001355,33.13048926554621,91.0,15.0,84.0,92.0,14.0,11.0,24.0,47.0,27.0,116.0,41.0,101.0,84.0,60.0,29.0,1483.0,14.0,7,19.26366291113302,6.569905904922871,29.75059860739924,81.92931180968564,75.5810365335599,82.81840271877655,9.829855564995752,42.161189464740865,24.35444350042481,128.69120654396727,45.531697341513286,91.24399320305862,75.45639762107052,66.59509202453988,26.157553101104504,1336.1706881903142,41.3,41.3,28.0,FRA-Ligue 1,Monaco,"FW,MF",2,11000000.0,20900000.0,2029.0,78.0,73.0,73.0,35.21,340.0,85.0,74.0,74.0,79.0,ST,77.0,77.0,46.7333654773385,42.537350973388996,70.7316833112425,15.638450502152,0.5184834401774926,0.2353117151574774,2.203389830508475,2.033898305084746,0.9130434782608695,0.6537530266343826,2.8087167070217918,0.9927360774818402,2.4455205811138017,1.4527845036319613,2.033898305084746,0.17792657967070546,0.802191023378843,1.1380145278450364,0.26634382566585957,0.7021791767554479,-6.413366079330444,8.232445520581114,0.33898305084745767,0.5084745762711865,1.8300493107399491,0.4664325160080635,0.5896959685332884,3.116009843679595,1.102462405363518,2.209297656248393,1.8270314193963808,0.15907762481653442,0.7203534771767371,1.0208520451511105,0.2380110306294371,0.633354796636913,True,73.0,73.0,57.0,66.0,63.0,49.0,65.4,49.0,False
Kylian Mbappé,42.55316662415862,16.634746612980962,66.18040846288204,307.0,41.0,219.0,307.0,45.0,23.0,50.0,117.0,37.0,80.0,12.0,76.0,90.0,11.0,161.0,3275.0,56.0,8,34.68514283661669,13.556204353821897,53.921095128523724,250.33594245645276,178.5643274528354,250.33594245645276,18.71882965106572,95.51950581557126,30.212465913517725,98.00408997955009,14.748466257668712,61.97066058211364,73.36632812065224,13.458077709611452,131.30122154822195,2670.319900940509,61.199999999999996,61.199999999999996,26.0,ESP-La Liga,Real Madrid,FW,2,157000000.0,333600000.0,2029.0,96.0,97.0,94.0,36.04,476.0,77.0,88.0,78.0,91.0,ST,91.0,92.0,55.0,45.9405117299855,85.87815484717149,18.188973028162998,0.6953131801333109,0.13860966327087498,5.016339869281046,3.5784313725490198,0.7133550488599348,0.6045751633986929,1.3071895424836601,0.19607843137254904,1.2418300653594772,0.17973856209150327,1.4705882352941178,0.2718095851794275,1.0813792232497066,1.911764705882353,0.37581699346405234,2.630718954248366,-1.5531666241586208,7.777777777777779,0.9150326797385622,1.0457516339869282,2.9177177688371803,0.5667506999447173,0.49366774368493016,1.6013740192736943,0.2409880107462208,1.0125924931717916,1.1987962111217687,0.2215066070885931,0.8810636458909106,1.560776238816524,0.30586322959257717,2.1454447965395747,True,70.0,82.0,24.0,61.0,89.0,80.0,65.4,24.0,False
Gonçalo Ramos,21.832282727584243,4.87578393612057,26.304307576268908,113.0,13.0,99.0,113.0,13.0,7.0,32.0,33.0,21.0,48.0,24.0,34.0,25.0,41.0,18.0,949.0,16.0,4,15.634368455930797,3.4934354162303745,18.849740611218746,80.77530779753761,70.79127906976744,80.77530779753761,5.017099863201095,23.588731190150483,14.992766757865937,67.23926380368098,33.58691206543968,24.25767783857729,17.860875512995896,57.35787321063395,12.801966484268128,677.6596785225718,26.4,26.4,24.0,FRA-Ligue 1,PSG,FW,2,30500000.0,58700000.0,2028.0,73.0,73.0,82.0,33.13,277.0,79.0,75.0,83.0,85.0,ST,80.0,84.0,50.0,44.542940793754,81.95378151260499,14.2633228840125,0.826980406347888,0.1932060418370287,4.28030303030303,3.75,0.8761061946902655,0.7954545454545455,1.8181818181818183,0.9090909090909092,1.2878787878787878,1.5530303030303032,0.946969696969697,0.1846887854591125,0.996375286979883,1.25,0.26515151515151514,0.6818181818181819,-8.832282727584243,10.492424242424242,0.6060606060606061,0.7575757575757576,2.681487843551797,0.5922109263610151,0.5679078317373462,2.546941810745492,1.2722315176302907,0.9188514332794429,0.6765483148862083,0.13232709909963541,0.7140053261825283,0.8935125450814577,0.19004166148488996,0.48492297288894426,True,76.0,91.0,51.0,60.0,60.0,25.0,65.4,25.0,False
Bryan Mbeumo,22.374356464482844,15.46749840117991,46.69325399026275,159.0,26.0,120.0,158.0,29.0,23.0,22.0,117.0,52.0,247.0,74.0,72.0,76.0,50.0,70.0,3241.0,31.0,10,21.794289608252207,15.389848540533473,45.91222043121735,156.57575391893033,117.94176210071561,155.554877092208,23.008085245031193,115.74461486478332,51.51198909095297,249.39263803680979,74.5316973415133,71.30008326595629,75.30491027791521,50.20449897750511,70.04513256181593,3204.331724329347,66.9,66.9,25.0,ENG-Premier League,Manchester Utd,"MF,FW",2,64500000.0,127400000.0,2030.0,90.0,90.0,87.0,35.77,795.0,73.0,83.0,63.0,84.0,RW,85.0,86.0,24.0612648221345,46.607187735612,76.460599701806,19.2989524576955,0.3344447902015372,0.14071922304706191,2.3766816143497755,1.7937219730941703,0.759493670886076,0.7772795216741405,3.6920777279521673,1.1061285500747384,1.0762331838565022,0.7473841554559043,1.1360239162929744,0.23120326459162793,0.6979559639800111,1.748878923766816,0.34379671150971597,1.046337817638266,3.625643535517156,11.883408071748878,0.46337817638266066,0.6128550074738415,1.7629560852124901,0.3257741346524993,0.7699848892519129,3.727842123121222,1.1140761934456396,1.0657710503132478,1.1256339353948461,0.2300425790812178,0.6862813218418138,1.7301138245856997,0.3439175671903018,1.0470124448701932,True,72.0,51.0,78.0,43.0,84.0,72.0,65.2,43.0,False
Gaëtan Laborde,9.478462118655443,5.10445948690176,14.99045941233635,74.0,7.0,61.0,74.0,9.0,9.0,7.0,27.0,15.0,49.0,19.0,18.0,18.0,49.0,18.0,792.0,11.0,4,9.75782731794213,5.254906713884128,15.432283479226262,76.18105263157895,62.7978947368421,76.18105263157895,9.265263157894736,27.79578947368421,15.442105263157895,47.59713701431493,18.4560327198364,18.530526315789476,18.530526315789476,47.59713701431493,18.530526315789476,815.3431578947368,20.3,20.3,30.0,FRA-Ligue 1,Nice,FW,1,,,,,,,,0.0,,,,,,,,50.515463917526,41.860465116279,73.290598290598,14.864864864865,0.4669193161899233,0.12808732592777625,3.645320197044335,3.0049261083743843,0.8243243243243243,0.7389162561576355,2.413793103448276,0.9359605911330049,0.8866995073891625,2.413793103448276,0.8866995073891625,0.2514512062513182,0.7384462764697709,1.3300492610837438,0.44334975369458124,0.8866995073891625,-2.478462118655443,0.0,0.541871921182266,0.7389162561576355,3.0934923515685764,0.4806811486671,0.76069484054965,2.344686552429307,0.9091641733909557,0.9128338086595801,0.9128338086595801,0.2588623996987255,0.7602110088288799,1.3692507129893698,0.45641690432978993,0.9128338086595801,True,50.0,87.0,63.0,54.0,85.0,29.0,65.2,29.0,True
Kevin Schade,20.539518816396594,8.279779859818518,33.142742689698935,112.0,19.0,107.0,112.0,19.0,15.0,24.0,52.0,28.0,177.0,80.0,81.0,81.0,177.0,50.0,2067.0,19.0,5,21.063499080902044,8.491882254212253,33.98403007809168,114.82822546972861,109.71524447862872,114.82822546972861,15.373330403252389,53.33490385671904,28.67051972310735,172.6114519427403,78.02862985685071,83.06068783650147,83.07788155147786,172.6687116564417,51.21577848588067,2119.5057817822217,56.0,56.0,23.0,ENG-Premier League,Brentford,"MF,FW",2,25000000.0,49400000.0,2028.0,92.0,93.0,78.0,36.5,804.0,73.0,78.0,80.0,79.0,ST,79.0,83.0,51.615096905814,43.633806681759,66.0138248847925,17.017543859649,0.3667771217213677,0.18338856086068386,2.0,1.9107142857142858,0.9553571428571429,0.5,3.1607142857142856,1.4285714285714286,1.4464285714285714,3.1607142857142856,1.4464285714285714,0.14785321178247354,0.591834690887481,0.9285714285714286,0.26785714285714285,0.8928571428571429,-1.539518816396594,14.357142857142858,0.3392857142857143,0.42857142857142855,1.959200794261227,0.3761339121589651,0.5119735664840598,3.0823473561203625,1.3933683903009055,1.483226568508955,1.4835335991335332,0.1516407545395045,0.6068576799659228,0.9524089974414114,0.2745237572009355,0.9145674729621548,True,74.0,74.0,52.0,64.0,55.0,77.0,65.2,52.0,False
Nicolas Pépé,13.599425131455064,13.584846401587129,35.4195064548403,104.0,10.0,75.0,101.0,10.0,22.0,11.0,90.0,25.0,163.0,53.0,68.0,63.0,34.0,86.0,2395.0,11.0,14,14.566049067174633,14.534117071717759,37.933591884600524,111.49209234255498,80.41189689358889,108.26702860919649,23.531191577754697,96.53721556038145,26.97095175148711,151.69325153374234,49.62576687116565,72.93445850250211,67.7979038806534,31.95501022494888,92.57110282315173,2566.3265744500045,43.3,43.3,30.0,ESP-La Liga,Villarreal,"FW,MF",2,25000000.0,52500000.0,2028.0,87.0,87.0,79.0,35.5,670.0,76.0,81.0,63.0,80.0,RW,81.0,81.0,44.459644322845506,47.430229345123,82.9279168825415,10.29657477025915,0.31407448340542876,0.13076370318706793,2.401847575057737,1.7321016166281757,0.7425742574257426,0.5773672055427252,3.7644341801385686,1.2240184757505774,1.5704387990762125,0.7852193995381063,1.4549653579676676,0.31373779218446024,0.8180024585413466,2.0785219399538106,0.5080831408775982,1.9861431870669748,-3.599425131455064,15.473441108545035,0.2540415704387991,0.5773672055427252,1.8570876880736464,0.3363983618285135,0.6228857217433513,3.5033083495090613,1.1460916136527866,1.6843985797344598,1.5657714522090853,0.33566090234914,0.8760644777044001,2.2294968951589254,0.5434455329735496,2.137900758040456,True,42.0,55.0,64.0,67.0,96.0,85.0,64.9,42.0,False
Maximilian Beier,17.736896503716707,8.165976824238896,30.077263606712222,92.0,17.0,77.0,92.0,17.0,15.0,19.0,51.0,29.0,118.0,51.0,40.0,58.0,48.0,40.0,1721.0,17.0,11,15.4450424159107,7.2118579645707594,26.370179609628252,80.74169021173037,67.41610259383252,80.74169021173037,13.23835992571758,44.60917636341049,25.73372683054243,134.2290388548057,58.4519427402863,35.302293135246885,50.94408750800319,55.06748466257669,34.77892698216521,1519.0032809130494,40.2,40.2,22.0,GER-Bundesliga,Dortmund,"MF,FW",2,31000000.0,55000000.0,2029.0,86.0,86.0,83.0,35.99,553.0,53.0,76.0,74.0,83.0,ST,80.0,84.0,46.0227272727275,39.738840872526,71.4965098310865,18.5238095238095,0.44121633093822654,0.19279235330126857,2.288557213930348,1.9154228855721391,0.8369565217391305,0.7213930348258706,2.935323383084577,1.2686567164179103,0.9950248756218905,1.1940298507462686,1.4427860696517412,0.2031337518467387,0.748190636982891,1.2686567164179103,0.3731343283582089,0.9950248756218905,-0.7368965037167072,13.756218905472636,0.42288557213930345,0.6965174129353233,1.6770174774585203,0.38420503522165916,0.6401424584712047,3.339030817283724,1.454028426375281,0.8781664959016637,1.2672658584080396,0.179399451854994,0.6559746171549315,1.1096810040649374,0.3293124359631239,0.8651474373672937,True,84.0,59.0,68.0,43.0,68.0,73.0,64.8,43.0,False
Sofiane Diop,12.209749690257013,6.692585168406367,25.88157485704869,76.0,12.0,45.0,76.0,13.0,12.0,6.0,60.0,26.0,184.0,45.0,65.0,54.0,12.0,42.0,2086.0,14.0,6,12.747414922094105,6.98534855835487,27.01394573848181,79.68081846083894,47.153452313288625,79.68081846083894,12.51377515061953,62.702284869842,27.166543139706718,176.0081799591002,43.171779141104295,68.14315334773218,56.55212458792772,11.43558282208589,44.09171308400592,2182.5953847902697,35.5,35.5,25.0,FRA-Ligue 1,Nice,"MF,FW",2,,,,,,,34.12,372.0,,,,,,,,28.1524926686215,45.532950022114505,79.50891321327899,21.043771043771,0.3439366109931553,0.16065460118759228,2.140845070422535,1.267605633802817,0.5921052631578947,0.7323943661971831,5.183098591549296,1.267605633802817,1.8309859154929577,0.3380281690140845,1.5211267605633803,0.1885235258706019,0.7290584466774279,1.6901408450704225,0.3380281690140845,1.1830985915492958,-0.20974969025701284,10.47887323943662,0.39436619718309857,0.5633802816901409,1.3282662623461585,0.3590821104815241,0.7652547363297667,4.957976900256344,1.2161064546789941,1.919525446414991,1.593017594026133,0.1967703819254893,0.760956217985403,1.7662615456293522,0.3525007084681558,1.2420200868734061,True,78.0,36.0,83.0,55.0,85.0,47.0,64.5,36.0,False
Karim Adeyemi,10.957356538623571,10.825427951291203,27.40781719982624,77.0,14.0,55.0,77.0,13.0,15.0,11.0,44.0,25.0,94.0,25.0,43.0,51.0,16.0,67.0,1326.0,14.0,10,9.551936049866882,9.28913645632667,23.796066283166255,66.63105336421,47.75560383134196,66.63105336421,12.976676849176744,37.92535445009668,21.802250132988462,107.95501022494888,29.539877300613497,37.880182966646174,44.08581021032883,18.470347648261757,57.97993546475885,1153.383736227332,29.200000000000003,29.200000000000003,23.0,GER-Bundesliga,Dortmund,"MF,FW",2,43500000.0,77200000.0,2027.0,96.0,96.0,81.0,36.65,371.0,67.0,76.0,75.0,82.0,ST,82.0,86.0,42.0833333333335,38.627450980392,75.0438277476265,18.899018232819,0.37525193625423187,0.142303331670436,2.6369863013698627,1.8835616438356162,0.7142857142857143,0.8561643835616437,3.2191780821917804,0.8561643835616437,1.4726027397260273,0.547945205479452,1.7465753424657533,0.3707338339483289,0.938623876706378,1.506849315068493,0.5136986301369862,2.294520547945205,3.0426434613764286,12.705479452054794,0.4794520547945205,0.821917808219178,1.6354658846349983,0.32712109759818087,0.7466524018146733,3.697089391265372,1.0116396335826539,1.297266539953636,1.509788020901672,0.3181211115180366,0.8149337768207621,1.2988135085649546,0.44440674141016245,1.985614228245166,True,69.0,44.0,75.0,44.0,86.0,91.0,64.3,44.0,False
Lucas Boyé,8.873975029215217,2.709607819095254,12.193470728583634,63.0,8.0,48.0,63.0,10.0,5.0,8.0,28.0,21.0,64.0,36.0,39.0,70.0,32.0,37.0,969.0,11.0,1,9.021567129493224,2.7546740614086884,12.396272736543445,64.04781704781705,48.7983367983368,64.04781704781705,5.083160083160083,28.465696465696464,21.349272349272347,62.95296523517383,35.41104294478528,39.648648648648646,71.16424116424116,31.476482617586917,37.61538461538461,985.116424116424,21.8,21.8,29.0,ESP-La Liga,Alavés,FW,1,10500000.0,23100000.0,2029.0,69.0,68.0,78.0,34.91,399.0,86.0,72.0,79.0,77.0,ST,77.0,77.0,29.906542056075,39.160839160839,73.141486810552,17.460317460317,0.4070630747346429,0.14085674649547963,2.8899082568807337,2.2018348623853212,0.7619047619047619,0.963302752293578,2.935779816513761,1.6513761467889907,1.7889908256880733,1.4678899082568806,3.2110091743119265,0.12429393665574559,0.5593335196597997,1.2844036697247705,0.2293577981651376,1.6972477064220184,-0.8739750292152166,18.30275229357798,0.5045871559633027,0.5504587155963303,2.238455816437468,0.41383335456390935,0.9793244196913921,2.8877506988611845,1.6243597681094164,1.8187453508554423,3.2644147323046404,0.12636119547746277,0.5686363640616259,1.305765892921856,0.23317248087890288,1.7254763585038813,True,61.0,71.0,82.0,41.0,56.0,75.0,64.0,41.0,True
Ousmane Dembélé,22.099838135764003,14.00897953659296,42.27774868160486,142.0,28.0,103.0,142.0,29.0,22.0,21.0,104.0,21.0,64.0,17.0,18.0,44.0,6.0,66.0,2348.0,31.0,13,15.856221881776822,10.030560269700324,30.31729289727621,101.73842339261286,73.80990082079343,101.73842339261286,15.745331737346099,74.44540013679891,15.017852257181943,89.40695296523518,23.73824130879346,12.910670314637482,31.54083447332421,8.376278118609408,47.26108071135431,1680.6281121751026,31.0,31.0,28.0,FRA-Ligue 1,PSG,FW,2,122500000.0,226600000.0,2028.0,91.0,93.0,90.0,33.51,180.0,69.0,88.0,74.0,95.0,CF,90.0,90.0,36.6666666666665,45.553857219924495,83.1505842429575,21.935853379152,0.7128980043794839,0.1556326629279155,4.580645161290323,3.3225806451612905,0.7253521126760564,0.6774193548387096,2.064516129032258,0.5483870967741935,0.5806451612903226,0.1935483870967742,1.4193548387096775,0.45190256569654713,1.3637983445678987,3.3548387096774195,0.7096774193548387,2.129032258064516,5.900161864235997,5.806451612903226,1.0,1.4193548387096775,2.3809645426062396,0.5114910284444136,0.4844468470058691,2.8840952569430702,0.7657497196384987,0.4164732359560478,1.017446273333039,0.3235664603129137,0.9779771902347165,2.4014645205419005,0.5079139270111644,1.5245509906888488,True,81.0,76.0,40.0,41.0,97.0,39.0,64.0,39.0,False
Richarlison,14.169177551753819,4.232449141331017,14.709606500342488,78.0,15.0,73.0,78.0,14.0,6.0,16.0,24.0,17.0,72.0,32.0,46.0,38.0,79.0,13.0,920.0,15.0,5,13.419289274953059,4.043616183934267,14.003213772957897,74.38196439453296,69.53077391834248,74.38196439453296,5.745157569426308,22.98063027770523,16.341505615043094,75.1758691206544,33.421267893660534,43.63942935492295,36.258879603029506,82.30265848670757,12.536824236092974,877.8224732306085,27.4,27.4,28.0,ENG-Premier League,Tottenham,FW,2,18000000.0,34200000.0,2027.0,76.0,77.0,79.0,34.61,430.0,74.0,79.0,82.0,80.0,ST,79.0,79.0,35.093711683307,41.2080961416825,62.3225552050475,20.781099324976,0.5171232683121832,0.1816561224583823,2.8467153284671536,2.664233576642336,0.9358974358974359,0.6204379562043796,2.6277372262773726,1.1678832116788322,1.6788321167883213,2.883211678832117,1.3868613138686132,0.15446894676390574,0.5368469525672441,0.8759124087591241,0.21897810218978103,0.4744525547445256,0.830822448246181,15.693430656934307,0.5474452554744526,0.7299270072992701,2.5376194860708936,0.48975508302748394,0.5964053144176312,2.743644858418044,1.2197543026883408,1.5926799034643415,1.3233167738331937,0.14757723299030173,0.5110661960933539,0.8387091342228187,0.20967728355570467,0.4575483297844151,True,80.0,90.0,55.0,51.0,43.0,43.0,63.8,43.0,False
Rémy Labeau Lascary,8.345596989616752,3.8098766580224037,13.337660057470202,48.0,7.0,36.0,48.0,6.0,6.0,11.0,20.0,13.0,65.0,32.0,27.0,18.0,17.0,32.0,789.0,7.0,2,8.719478526658348,4.028935877529744,13.94389260316101,50.87503346293582,37.825890751481936,50.87503346293582,6.304315125246989,20.94096500732998,13.512511951048506,62.37423312883436,31.934560327198366,28.369418063611448,18.69268914526101,16.423312883435585,33.32933902734399,819.7666772898209,20.4,20.4,22.0,FRA-Ligue 1,Lens,"MF,FW",2,6000000.0,0.0,,76.0,75.0,73.0,34.66,274.0,62.0,71.0,70.0,74.0,ST,73.0,80.0,36.826923076922995,41.448269955464,79.517931998137,14.4957983193275,0.40909789164788,0.173866603950349,2.3529411764705883,1.7647058823529413,0.75,0.6372549019607844,3.186274509803922,1.5686274509803924,1.323529411764706,0.8333333333333334,0.8823529411764707,0.18675865970698058,0.6538068655622649,0.9803921568627452,0.29411764705882354,1.5686274509803924,-1.3455969896167517,13.431372549019608,0.3431372549019608,0.44117647058823534,1.8542103309549969,0.42742541797344846,0.6623780368161033,3.0575604474918805,1.5654196238822728,1.3906577482162477,0.9163082914343633,0.19749685674165413,0.6835241472137751,1.0265178925161755,0.3090350551591661,1.6337911287913722,True,61.0,63.0,69.0,53.0,73.0,64.0,63.6,53.0,True
Christian Pulisic,17.41429916024208,12.254061563871801,38.240974420681596,111.0,16.0,86.0,111.0,19.0,17.0,18.0,107.0,26.0,147.0,58.0,60.0,60.0,21.0,71.0,2502.0,19.0,13,16.121923403689372,11.30263583931777,35.29208318221926,102.68926440355011,79.64057564057563,102.68926440355011,15.754023968309681,98.47184475755904,24.029484029484028,159.75460122699386,63.28629856850716,55.28007320864464,55.16973374116231,22.717791411042946,65.59068344782631,2307.235044877902,45.4,45.4,26.0,ITA-Serie A,Milan,FW,2,59000000.0,100300000.0,2027.0,88.0,90.0,85.0,34.52,322.0,57.0,83.0,50.0,84.0,RW,85.0,85.0,26.506390748630498,50.866594191644495,84.748093212219,17.056530214425,0.38357487137097096,0.15688557802019892,2.444933920704846,1.894273127753304,0.7747747747747747,0.5726872246696035,3.237885462555066,1.277533039647577,1.3215859030837005,0.4625550660792952,1.3215859030837005,0.2699132503055463,0.8423122119092863,2.356828193832599,0.3744493392070485,1.5638766519823788,-1.4142991602420807,7.0925110132158595,0.41850220264317184,0.7048458149779736,1.7541977013342651,0.3551084450151844,0.5292837891956834,3.518823815572552,1.3939713341080873,1.2176227578996617,1.215192373153355,0.24895673654884956,0.7773586604013053,2.168983364703944,0.3470049332226802,1.4447287103045443,True,74.0,56.0,57.0,51.0,92.0,50.0,63.5,50.0,False
Deniz Undav,30.27484510652721,10.241854149848223,50.35445249825717,199.0,28.0,152.0,197.0,25.0,16.0,34.0,67.0,34.0,102.0,29.0,45.0,57.0,59.0,19.0,1884.0,28.0,10,25.74625029447715,8.714338279016447,42.82271824061101,169.20552108203754,129.26991855631368,167.51054707857134,13.619056853025656,56.97423979832991,28.896047193707503,119.86503067484662,34.106339468302664,38.299893347553656,48.514185987322904,69.38241308793457,16.176334064548968,1603.0661123971347,44.099999999999994,44.099999999999994,29.0,GER-Bundesliga,Stuttgart,"FW,MF",2,31000000.0,52700000.0,2027.0,67.0,68.0,85.0,34.64,296.0,84.0,84.0,75.0,87.0,ST,82.0,82.0,39.285714285714505,35.6439393939395,73.709770723104,13.7868852459015,0.6865044241842906,0.15213490003280006,4.512471655328799,3.44671201814059,0.7715736040609137,0.7709750566893425,2.3129251700680276,0.6575963718820863,1.0204081632653061,1.3378684807256238,1.2925170068027212,0.2322415906995062,1.1418243196883713,1.5192743764172338,0.36281179138322,0.43083900226757377,-2.2748451065272093,6.71201814058957,0.634920634920635,0.8616780045351475,2.931290670211195,0.5838151994212506,0.6552391653901929,2.7180279064591075,0.7733863825011943,0.8684783072007632,1.1000949203474584,0.19760404260808273,0.9710366947984357,1.2919328752455763,0.30882215086225984,0.36681029624827594,True,67.0,87.0,57.0,35.0,80.0,26.0,62.7,26.0,False
Oliver Burke,11.210717422887683,3.7746430188417435,16.938291124999523,69.0,11.0,58.0,68.0,10.0,5.0,11.0,36.0,21.0,83.0,23.0,10.0,33.0,70.0,18.0,1069.0,11.0,2,12.403491657753712,4.237625352149245,18.77987950587395,75.58820895522388,62.92286567164179,74.37179104477612,5.605253731343284,40.45319402985075,24.11426865671642,73.44376278118611,21.11247443762781,11.68734328358209,37.04235820895522,65.56237218813907,20.226597014925375,1189.7248358208956,28.6,28.6,28.0,GER-Bundesliga,Werder Bremen,FW,2,3100000.0,5600000.0,2029.0,93.0,90.0,74.0,36.04,511.0,80.0,69.0,75.0,74.0,ST,73.0,73.0,54.985337243401496,36.6666666666665,67.565049892636,16.233766233765998,0.3919831266743945,0.16247416554909686,2.4125874125874125,2.027972027972028,0.8529411764705882,0.7342657342657343,2.902097902097902,0.8041958041958042,0.34965034965034963,2.4475524475524475,1.1538461538461537,0.13198052513432668,0.5922479414335498,1.2587412587412588,0.17482517482517482,0.6293706293706294,-0.21071742288768291,17.867132867132867,0.3846153846153846,0.45454545454545453,2.2001001983091535,0.43368851950187803,0.8431562467383363,2.5679637336079058,0.7381984069100632,0.4086483665588143,1.2951873499634692,0.14816871860661696,0.6566391435620262,1.4144473437010752,0.1959878927043106,0.7072236718505376,True,63.0,77.0,66.0,37.0,62.0,74.0,62.6,37.0,False
Jonathan Burkardt,24.10156414285302,3.8941311230883002,29.922014988027513,113.0,25.0,100.0,113.0,29.0,5.0,17.0,30.0,27.0,95.0,23.0,39.0,52.0,32.0,22.0,1255.0,31.0,3,22.565815206082835,3.724018566002283,28.0379154713675,106.30987012987012,94.02136363636365,106.30987012987012,4.77004329004329,28.37681818181818,25.871839826839825,99.98364008179959,24.45807770961145,36.62207792207792,48.91058441558441,34.01635991820041,20.858354978354978,1185.2710822510824,38.2,38.2,25.0,GER-Bundesliga,Frankfurt,FW,2,42000000.0,74600000.0,2030.0,83.0,82.0,86.0,34.68,244.0,76.0,77.0,74.0,85.0,ST,82.0,85.0,19.722222222222,41.641791044776,73.971548831576,28.3536585365855,0.6309309985040058,0.21328817825533647,2.9581151832460733,2.6178010471204187,0.8849557522123894,0.706806282722513,2.486910994764398,0.6020942408376962,1.0209424083769634,0.8376963350785339,1.3612565445026177,0.10194060531644764,0.7832988216761129,0.7853403141361256,0.13089005235602094,0.5759162303664921,0.8984358571469784,6.387434554973821,0.8115183246073298,0.8900523560209423,2.461292241789624,0.5907281467560951,0.6772732938963304,2.6173727770104604,0.6402638143877343,0.9586931393214114,1.280381790983885,0.09748739701576656,0.7339768448001963,0.7428486435030937,0.12487024319485052,0.5460302350354705,True,95.0,90.0,56.0,30.0,43.0,32.0,62.2,30.0,False
Keinan Davis,9.914743635803461,6.778708007186651,18.928485959768295,79.0,8.0,71.0,79.0,12.0,8.0,8.0,51.0,25.0,109.0,20.0,59.0,65.0,97.0,47.0,1196.0,12.0,5,10.520666131633021,7.180174790052771,20.098261680517155,83.6629125780553,75.19301962533451,83.6629125780553,8.506244424620874,53.96376003568243,26.445695807314898,102.75664621676893,18.944785276073624,62.83351917930419,68.79516057091882,91.69734151329244,49.78334076717216,1265.9400089206065,34.7,34.7,27.0,ITA-Serie A,Udinese,FW,2,4600000.0,8300000.000000001,2027.0,68.0,66.0,76.0,35.22,390.0,81.0,73.0,74.0,75.0,ST,74.0,74.0,45.583479626721,41.928439884241,77.26527265272651,13.44827586206895,0.28572748229981154,0.12550308399751217,2.276657060518732,2.0461095100864553,0.8987341772151899,0.7204610951008645,3.141210374639769,0.5763688760806917,1.7002881844380402,2.795389048991354,1.8731988472622476,0.19535181576906774,0.5454895089270402,1.4697406340057635,0.23054755043227665,1.3544668587896251,-1.914743635803461,11.239193083573486,0.34582132564841495,0.48991354466858783,2.166945810528372,0.3031892256954761,0.7621237984816973,2.961286634489018,0.5459592298580295,1.8107642414785068,1.9825694689025597,0.20692146369028155,0.5792006247987652,1.5551515860427212,0.24513672693431912,1.4346784082758548,True,44.0,68.0,64.0,59.0,73.0,71.0,62.2,44.0,False
Serhou Guirassy,39.28177251294255,5.856756405904889,48.01158122345806,173.0,34.0,156.0,174.0,36.0,8.0,42.0,45.0,25.0,99.0,9.0,89.0,61.0,209.0,23.0,1999.0,38.0,5,34.15105028756666,5.030714599526052,41.531721159168306,150.95530950477325,135.8820527685491,151.78553021784626,6.72899339676432,39.10448593189079,21.71502244080819,113.06134969325154,10.611451942740286,77.02984038198747,53.34752195504194,240.86094069529653,20.141808706842454,1742.1286022354802,54.9,54.9,29.0,GER-Bundesliga,Dortmund,FW,2,54000000.0,91800000.0,2028.0,72.0,73.0,85.0,35.56,484.0,85.0,87.0,86.0,88.0,ST,85.0,85.0,55.120726885218005,43.0050505050505,74.265588752197,21.785714285714,0.7155149820208115,0.2270622688609396,3.1511839708561022,2.841530054644809,0.896551724137931,0.4553734061930783,1.8032786885245902,0.1639344262295082,1.621129326047359,3.806921675774135,1.1111111111111112,0.10668044455200162,0.8745278911376696,0.819672131147541,0.14571948998178508,0.41894353369763204,-5.281772512942553,8.816029143897996,0.6921675774134791,0.7832422586520947,2.4750829283888724,0.6220592037808135,0.3955377493771984,2.0594052767441084,0.1932869206327921,1.4030936317301907,0.9717217113850991,0.09163414571085704,0.7564976531724646,0.7122857182493769,0.12256818573341202,0.36688176150897,True,94.0,91.0,17.0,68.0,42.0,47.0,62.2,17.0,False
Rafael Leão,16.750723335891962,12.522758186794817,35.71293139550835,130.0,15.0,100.0,129.0,14.0,20.0,18.0,81.0,25.0,109.0,22.0,86.0,61.0,54.0,85.0,2179.0,17.0,11,15.49400679100491,11.544162276376657,32.97870292408691,120.25775961490247,92.45221380935666,119.35052399338113,18.512510655367798,74.33202126059268,23.04868876297448,118.29856850715746,23.991820040899796,79.27277741563455,56.26086847515418,58.31901840490798,78.07130321416037,2010.3728375871233,46.400000000000006,46.400000000000006,26.0,ITA-Serie A,Milan,FW,2,49500000.0,87900000.0,2028.0,93.0,93.0,82.0,35.51,281.0,79.0,83.0,72.0,76.0,RM,84.0,85.0,51.454545454545496,47.758620689655004,80.35988875071851,13.203463203463,0.36100696844594743,0.1288517179683997,2.8017241379310343,2.155172413793103,0.7751937984496124,0.5387931034482758,2.3491379310344827,0.4741379310344827,1.8534482758620687,1.1637931034482758,1.314655172413793,0.2698870298878193,0.7696752455928523,1.7456896551724135,0.43103448275862066,1.8318965517241377,-1.750723335891962,6.05603448275862,0.36637931034482757,0.6034482758620688,1.9925046079602726,0.33392256015096783,0.4967389819606568,2.549538114378393,0.5170650870883576,1.7084650305093652,1.2125187171369434,0.24879660078397964,0.7107479078467006,1.601983216823118,0.3989765227449956,1.6825711899603526,True,53.0,61.0,35.0,77.0,88.0,68.0,61.8,35.0,False
Nicolas Jackson,22.326072512194514,5.562030773609877,29.929658722132444,114.0,18.0,98.0,114.0,17.0,10.0,29.0,46.0,29.0,73.0,30.0,39.0,57.0,29.0,29.0,1278.0,18.0,6,17.999375104969573,4.487557637243071,23.911646917465106,92.61470324965947,79.96800934033858,92.61470324965947,8.03613154310177,37.01898423817863,23.64784588441331,90.55828220858896,36.7321063394683,32.07982097684374,46.703195174158395,35.351738241308794,23.38395018486087,1027.307896477914,35.9,35.9,24.0,GER-Bundesliga,Bayern Munich,FW,2,24500000.0,0.0,,82.0,81.0,81.0,34.34,250.0,77.0,77.0,76.0,83.0,ST,79.0,82.0,42.298850574713,36.571003113578,79.1145833333335,17.1052631578945,0.6218961702561147,0.1958427413350396,3.1754874651810585,2.7298050139275767,0.8596491228070176,0.807799442896936,2.033426183844011,0.8356545961002786,1.0863509749303621,0.807799442896936,1.5877437325905293,0.15493121932060938,0.8336952290287589,1.2813370473537604,0.2785515320334262,0.807799442896936,-4.326072512194514,6.963788300835655,0.5013927576601671,0.6685236768802229,2.2275211515414646,0.5013753511133586,0.6587143700393681,2.5225148247517817,1.0231784495673621,0.8935883280457867,1.3009246566617938,0.12500160549423597,0.6660625882302258,1.0311694773865914,0.22384767529531396,0.6513635148986314,True,81.0,82.0,58.0,36.0,59.0,32.0,61.8,32.0,False
Jonathan David,24.837122462689877,8.936078354716301,36.8660875717178,114.0,16.0,101.0,114.0,22.0,13.0,29.0,69.0,35.0,127.0,41.0,62.0,63.0,34.0,26.0,1869.0,22.0,9,21.085682090721093,7.586358186556026,31.297772261406255,96.78125,85.74479166666666,96.78125,11.036458333333332,58.578125,29.713541666666664,149.5950920245399,48.29447852760736,52.635416666666664,53.48437499999999,40.04907975460122,22.072916666666664,1586.703125,48.2,48.2,25.0,ITA-Serie A,Juventus,FW,2,34500000.0,61200000.0,2030.0,81.0,79.0,84.0,34.05,425.0,77.0,81.0,77.0,88.0,ST,81.0,84.0,27.8988431530805,41.5473032714415,80.780078362494,18.2759772803205,0.5152929971512422,0.2178694952867533,2.3651452282157677,2.0954356846473026,0.8859649122807017,0.7261410788381742,2.6348547717842323,0.8506224066390041,1.2863070539419086,0.7053941908713692,1.3070539419087137,0.18539581648789005,0.7648565886248505,1.4315352697095436,0.2697095435684647,0.5394190871369294,-8.837122462689877,8.817427385892115,0.45643153526970953,0.6431535269709543,1.7789375864453663,0.43746228403985665,0.6164635200553249,3.10363261461701,1.0019601354275385,1.0920210926694327,1.1096343360995848,0.15739332337253165,0.6493313747179721,1.2153137966804979,0.22897216459197783,0.45794432918395567,True,88.0,69.0,58.0,38.0,68.0,27.0,61.6,27.0,False
Evanilson,24.783185126259923,4.9843045538291335,31.33692217618227,145.0,16.0,128.0,143.0,16.0,5.0,24.0,57.0,43.0,147.0,29.0,90.0,63.0,89.0,23.0,1469.0,16.0,2,24.60665952328714,4.926588041111595,31.081787282120565,143.87751095746648,127.02710043829865,141.92541514908328,4.944638557935675,56.47191801963084,42.74284832397062,148.41513292433538,29.188139059304703,89.55088585715167,62.263806407802946,89.80981595092025,22.674498425828755,1454.1000679054262,56.3,56.3,25.0,ENG-Premier League,Bournemouth,FW,2,21500000.0,42500000.0,2029.0,76.0,75.0,81.0,35.39,574.0,78.0,78.0,77.0,82.0,ST,79.0,80.0,37.803030303030496,47.7379235760635,74.0566959921795,11.135029354207301,0.4401986700934267,0.1709185181121374,2.575488454706927,2.273534635879219,0.8951048951048951,0.763765541740675,2.61101243339254,0.5150976909413855,1.5985790408525755,1.5808170515097693,1.119005328596803,0.08853116436641445,0.5566060777297028,1.0124333925399644,0.08880994671403197,0.40852575488454707,-8.783185126259923,10.19538188277087,0.28419182948490235,0.3197158081705151,2.256254004232658,0.4370632242146916,0.7591980164115564,2.6361480093132394,0.5184394149077212,1.5906018802336,1.1059290658579564,0.08750600428262158,0.5520743744604009,1.0030536060325195,0.08782661737008304,0.40274419939305073,True,62.0,82.0,60.0,65.0,35.0,48.0,61.5,35.0,False
Francesco Esposito,9.864515269175172,2.056677933782339,13.50071531161666,57.0,7.0,52.0,57.0,7.0,2.0,13.0,22.0,10.0,31.0,9.0,50.0,22.0,42.0,4.0,651.0,7.0,3,8.066468171616487,1.6817985110695048,11.039882587592889,46.61036789297659,42.52173913043479,46.61036789297659,1.6354515050167229,17.989966555183948,8.177257525083613,37.91002044989775,11.006134969325151,40.88628762541806,17.989966555183948,51.36196319018404,3.2709030100334453,532.3394648829432,17.5,17.5,20.0,ITA-Serie A,Inter,FW,1,16500000.0,30500000.0,2027.0,64.0,60.0,79.0,35.63,174.0,85.0,65.0,79.0,78.0,ST,76.0,84.0,52.5,49.206349206349,73.150684931507,12.280701754386,0.5636865868100098,0.1730616713890381,3.257142857142857,2.9714285714285715,0.9122807017543859,0.5714285714285714,1.7714285714285714,0.5142857142857142,2.857142857142857,2.4,1.2571428571428571,0.11752445335899081,0.7714694463780948,1.2571428571428571,0.11428571428571428,0.22857142857142856,-2.864515269175172,9.942857142857143,0.4,0.5714285714285714,2.429813664596274,0.460941038378085,0.46727185857620646,2.1662868828513,0.6289219982471514,2.336359292881032,1.027998088867654,0.09610277206111456,0.6308504335767365,1.027998088867654,0.0934543717152413,0.18690874343048258,True,63.0,86.0,30.0,87.0,42.0,47.0,61.5,30.0,True
Martial Godo,8.613017499446869,2.3427590243518353,15.37150352820754,41.0,10.0,35.0,41.0,8.0,2.0,8.0,25.0,21.0,76.0,16.0,32.0,30.0,4.0,25.0,789.0,10.0,1,7.828560515296504,2.131559523353859,13.973671163475498,37.26579925650558,31.812267657992567,37.26579925650558,1.817843866171004,22.749116833822605,19.08736059479554,83.58486707566462,17.60327198364008,29.085501858736063,27.267657992565056,4.40081799591002,22.749116833822605,717.8171863782724,17.900000000000002,17.900000000000002,22.0,ENG-Premier League,Fulham,"FW,MF",2,9500000.0,20000000.0,2030.0,85.0,88.0,63.0,33.84,334.0,53.0,72.0,53.0,67.0,RM,74.0,82.0,25.0,33.684210526316,77.2108843537415,12.1951219512195,0.48117416198027196,0.21007359754748461,2.2905027932960893,1.9553072625698322,0.8536585365853658,1.1731843575418992,4.245810055865921,0.8938547486033519,1.7877094972067038,0.22346368715083798,1.6759776536312847,0.13088039242189023,0.8587432138663429,1.3966480446927372,0.11173184357541899,1.3966480446927372,1.386982500553131,18.65921787709497,0.5586592178770949,0.6145251396648044,1.777221656871093,0.43734974945790517,1.0663329941226558,4.669545646685173,0.9834230158458145,1.6248883719964278,1.5233328487466509,0.11908153761753401,0.7806520203058936,1.270900381777799,0.10155552324977674,1.270900381777799,True,57.0,67.0,87.0,34.0,59.0,54.0,61.2,34.0,True
Ragnar Ache,11.002535559237003,2.971193479374051,12.966331753879786,52.0,7.0,44.0,52.0,7.0,6.0,13.0,28.0,7.0,34.0,13.0,29.0,24.0,128.0,9.0,622.0,7.0,4,11.44731891163169,3.0913055561998104,13.490502612015352,54.102127659574464,45.77872340425532,54.102127659574464,6.242553191489361,29.13191489361702,7.282978723404255,32.67893660531698,12.494887525562373,30.172340425531917,24.970212765957445,123.02658486707568,9.363829787234042,647.1446808510638,19.1,19.1,27.0,GER-Bundesliga,Köln,FW,1,5000000.0,9400000.0,2029.0,80.0,79.0,74.0,33.7,252.0,86.0,69.0,79.0,75.0,ST,74.0,75.0,55.172413793103,47.115384615385,60.983606557377,13.461538461538,0.5760489821590054,0.2115872222930193,2.7225130890052354,2.3036649214659684,0.8461538461538461,0.36649214659685864,1.7801047120418847,0.6806282722513088,1.5183246073298429,6.701570680628271,1.256544502617801,0.15555986803005503,0.6788655368523447,1.4659685863874345,0.31413612565445026,0.47120418848167533,-4.002535559237003,13.19371727748691,0.36649214659685864,0.5759162303664921,2.3967918012699116,0.5993360686718162,0.3813077865656678,1.7109390892836112,0.6541825929613807,1.5797036872006238,1.3073409825108608,0.16184845843978063,0.7063090372782906,1.525231146262671,0.3268352456277152,0.49025286844157284,True,68.0,86.0,20.0,73.0,70.0,33.0,61.1,20.0,True
Vinicius Júnior,21.232617523521185,15.79449276253581,46.546393409371376,181.0,21.0,130.0,182.0,24.0,20.0,23.0,129.0,43.0,159.0,50.0,151.0,93.0,1.0,169.0,3323.0,27.0,13,17.32086194658627,12.874886285251513,37.96630889533897,147.76268851911624,106.15455506705993,148.58453725861204,16.27777561355668,105.29596805609663,35.094573988535814,194.7730061349693,61.224948875255635,123.24193332962324,75.83187433913963,1.2351738241308794,137.88825755467752,2713.2220379542546,56.3,56.3,25.0,ESP-La Liga,Real Madrid,"FW,MF",2,,,,,,,36.21,675.0,,,,,,,,6.25,48.97309429661,81.1006253858335,14.710915535998,0.3771335261726676,0.11730727913547616,3.2149200710479575,2.3090586145648313,0.7142857142857143,0.763765541740675,2.8241563055062167,0.8880994671403197,2.6820603907637657,0.017761989342806397,1.6518650088809947,0.2805416121231938,0.8267565436833282,2.291296625222025,0.3552397868561279,3.0017761989342806,-0.23261752352118492,11.989342806394317,0.47957371225577267,0.7104795737122558,1.885516075791473,0.3076529653034862,0.6233494491747037,3.4595560592356893,1.087476889436157,2.1890219063876244,1.3469249438568318,0.2286835929884816,0.6743571739847064,1.870265862452871,0.2891256769725876,2.4491697611843257,True,42.0,51.0,63.0,59.0,84.0,90.0,60.9,42.0,False
Mohamed Amoura,18.546773119829595,8.281053001061082,30.98853289335966,136.0,15.0,93.0,135.0,18.0,11.0,21.0,60.0,34.0,152.0,67.0,31.0,35.0,45.0,53.0,2088.0,18.0,12,19.845574925233215,8.858441137851973,33.15099254632854,145.38426398126734,99.34169886943155,144.32352645415236,11.799241499188348,64.11256841591128,36.271135309074715,142.31492842535786,62.54192229038855,33.08892272772981,37.44426886555286,42.01431492842535,56.51881168206174,2231.5482323196047,48.7,48.7,25.0,GER-Bundesliga,Wolfsburg,"FW,MF",2,28500000.0,50600000.0,2029.0,90.0,94.0,83.0,35.77,528.0,45.0,79.0,63.0,85.0,CAM,80.0,83.0,32.7825159914715,41.4363354037265,71.194418615396,13.333333333333,0.38083723038664463,0.1363733317634529,2.792607802874743,1.9096509240246407,0.6888888888888889,0.6981519507186857,3.121149897330595,1.3757700205338808,0.6365503080082136,0.9240246406570841,0.7186858316221766,0.170042156079283,0.6363148438061532,1.2320328542094454,0.22587268993839835,1.0882956878850103,-3.546773119829595,10.84188911704312,0.36960985626283366,0.6160164271047227,2.03987061333535,0.40750667197604135,0.7447871726709386,2.92227779107511,1.2842283837862125,0.6794439985160124,0.7688761574035494,0.18189817531523556,0.68071853277882,1.3164798442692254,0.24228421969585928,1.1605505478862779,True,58.0,63.0,72.0,36.0,70.0,73.0,60.8,36.0,False
Christoph Baumgartner,22.42838181555271,6.0616371827200055,31.872716402634975,120.0,15.0,102.0,120.0,15.0,8.0,27.0,57.0,27.0,199.0,98.0,62.0,63.0,101.0,30.0,2611.0,15.0,9,20.471375780735322,5.544382071866158,29.10830979346372,109.88448275862069,93.27222222222221,109.88448275862069,7.306896551724137,52.2411877394636,24.887164750957854,216.58895705521473,106.60122699386504,57.05,58.018007662835245,109.98773006134971,27.697509578544064,2395.3505747126437,48.8,48.8,25.0,GER-Bundesliga,RB Leipzig,"MF,FW",2,32500000.0,57700000.0,2028.0,74.0,81.0,84.0,35.03,389.0,55.0,78.0,75.0,83.0,CAM,81.0,83.0,50.7158418923125,42.594630954565,73.1562881562885,10.58879392212705,0.4595979880236212,0.1869031817962726,2.459016393442623,2.0901639344262297,0.85,0.5532786885245902,4.077868852459017,2.0081967213114753,1.2704918032786885,2.069672131147541,1.2909836065573772,0.12421387669508209,0.653129434480225,1.168032786885246,0.1639344262295082,0.6147540983606558,-7.4283818155527115,7.971311475409837,0.3073770491803279,0.49180327868852464,1.911316029143898,0.41949540534293694,0.5099828842409396,4.438298300311778,2.1844513728251034,1.1690573770491803,1.1888935996482632,0.11361438671856881,0.5964817580627813,1.070516142202123,0.14973148671565856,0.5675719175931161,True,67.0,70.0,64.0,58.0,47.0,44.0,60.8,44.0,False
Charles De Ketelaere,14.001394435763359,17.343129597604275,41.64267209172249,94.0,10.0,77.0,94.0,10.0,30.0,13.0,103.0,35.0,200.0,37.0,75.0,106.0,79.0,92.0,2866.0,10.0,12,12.388262228746385,15.353032963531493,36.855031727498655,83.19484629294755,68.13826755248053,83.19484629294755,26.55686374714993,91.1804878528186,30.981405770893936,225.92638036809817,41.79345603271984,66.37774196084598,93.82207720732762,89.25357873210635,81.43111683308436,2536.7203396493433,47.2,47.2,24.0,ITA-Serie A,Atalanta,"MF,FW",2,43500000.0,77200000.0,2028.0,71.0,72.0,78.0,35.49,442.0,69.0,73.0,75.0,82.0,CAM,82.0,86.0,47.9376108811355,42.83373623422,78.9174549066035,10.5525362318839,0.29663971262210503,0.14895100463578043,1.9915254237288134,1.6313559322033897,0.8191489361702128,0.7415254237288135,4.23728813559322,0.7838983050847457,1.5889830508474576,1.673728813559322,2.2457627118644066,0.36743918638992107,0.882260001943273,2.182203389830508,0.635593220338983,1.9491525423728813,-4.001394435763359,9.364406779661016,0.211864406779661,0.4661016949152542,1.443607363400011,0.26246318281242337,0.656385715485041,4.7865758552563165,0.8854545769644033,1.4063080923908047,1.987755873036602,0.32527612210871804,0.7808269433792088,1.9317899968817498,0.5626454183718205,1.7252355261246686,True,50.0,40.0,70.0,55.0,93.0,74.0,60.8,40.0,False
Christopher Nkunku,11.16193139180541,3.6273519303649664,15.491001418791711,54.0,5.0,46.0,54.0,9.0,4.0,14.0,30.0,18.0,61.0,17.0,33.0,27.0,30.0,19.0,1036.0,10.0,5,10.096472974249831,3.2478355389183777,14.030576116852043,48.78625523196452,41.672247428814856,48.78625523196452,3.6884386262669975,27.09373922333642,16.291292793919766,67.76073619631902,19.308793456032717,30.18865500476709,23.998823441905756,33.513292433537835,17.06006193834565,935.4151491997377,25.299999999999997,25.299999999999997,27.0,ENG-Premier League,Chelsea,"MF,FW",2,27500000.0,46800000.0,2030.0,77.0,77.0,80.0,35.3,197.0,63.0,78.0,65.0,81.0,CAM,81.0,81.0,38.125802310655004,45.027904616946,89.455077086656,18.0689655172415,0.4411830589646408,0.20670243318158169,2.1343873517786562,1.8181818181818183,0.8518518518518519,0.7114624505928855,2.4110671936758896,0.6719367588932808,1.3043478260869568,1.1857707509881423,1.0671936758893281,0.14337359408557182,0.6122925461973009,1.1857707509881423,0.158102766798419,0.7509881422924902,-6.16193139180541,7.786561264822136,0.3952569169960475,0.5928853754940712,1.6471244043009827,0.39907007803359024,0.6439246163604652,2.6782899682339534,0.7631934172344949,1.193227470544154,0.9485700965180142,0.12837294620230744,0.5545682259625314,1.070898783531084,0.145788087994743,0.6743107485512115,True,83.0,60.0,56.0,55.0,53.0,50.0,60.7,50.0,False
Giovanni Simeone,13.447973367758095,2.8556667892262335,17.705806088633835,91.0,12.0,73.0,92.0,11.0,3.0,16.0,31.0,24.0,103.0,18.0,57.0,59.0,43.0,28.0,1058.0,12.0,1,14.428443908986008,2.953794058145734,18.85367265010734,98.13265306122449,78.59994767137624,99.24149659863944,3.1132914704343277,32.668236525379385,25.332810047095755,98.25766871165644,16.662576687116566,59.792255363683935,62.43642072213501,40.7116564417178,29.768184196755627,1125.3908948194662,29.5,29.5,30.0,ITA-Serie A,Napoli,FW,2,7500000.0,0.0,,71.0,73.0,78.0,34.54,412.0,71.0,75.0,76.0,80.0,ST,76.0,76.0,26.115123194562,42.1519112695585,72.2400261608895,10.808179162609349,0.4558635039917998,0.14777992711822083,3.0847457627118646,2.4745762711864407,0.7934782608695652,0.8135593220338984,3.4915254237288136,0.6101694915254238,1.9322033898305084,1.4576271186440677,2.0,0.09680226404156723,0.6001968165638588,1.0508474576271187,0.1016949152542373,0.9491525423728814,-1.4479733677580953,13.966101694915254,0.4067796610169492,0.4406779661016949,2.664405005809364,0.4890997935249494,0.8587393236303645,3.330768430903608,0.5648331080378497,2.026856114023184,2.116488838038475,0.10012861214053335,0.6391075474612659,1.1073978483179452,0.10553530408251958,1.0090909897205298,True,51.0,83.0,71.0,47.0,45.0,53.0,60.6,45.0,False
Beto,20.214485632255673,2.3905384223908186,20.412733213976026,92.0,17.0,85.0,92.0,16.0,3.0,22.0,24.0,18.0,66.0,29.0,35.0,67.0,191.0,33.0,1162.0,17.0,1,23.301794053721533,2.7786333434003687,23.44782014099924,106.5912013933081,98.30116890511438,106.5912013933081,3.507636400174164,27.744448538031286,20.887497069363967,56.74437627811861,25.14519427402863,40.896037780085074,77.73031449911244,165.2085889570552,38.34651840439428,1344.8769300331583,34.4,34.4,27.0,ENG-Premier League,Everton,FW,2,8000000.0,15200000.0,2027.0,74.0,73.0,77.0,35.23,389.0,91.0,72.0,77.0,76.0,ST,76.0,76.0,46.486928104575,34.947312961012,60.365675990675996,18.6283815851925,0.5876303962865022,0.21972266991582254,2.674418604651163,2.4709302325581395,0.9239130434782609,0.5232558139534884,1.9186046511627908,0.8430232558139535,1.0174418604651163,5.552325581395349,1.9476744186046513,0.0694923959997331,0.593393407383024,0.6976744186046512,0.0872093023255814,0.9593023255813954,-3.2144856322556734,11.308139534883722,0.49418604651162795,0.5232558139534884,2.8575921193347207,0.6773777341198121,0.6071946822489526,1.6495458220383317,0.7309649498264137,1.1888383075606126,2.259602165671873,0.08077422509884793,0.6816226785174199,0.8065246668032351,0.10196617442366755,1.114724372220764,True,81.0,97.0,41.0,38.0,33.0,65.0,60.5,33.0,False
Noni Madueke,13.85863721743226,7.132679257541895,25.396486043930054,105.0,9.0,88.0,106.0,9.0,13.0,16.0,56.0,27.0,119.0,46.0,40.0,42.0,21.0,74.0,1812.0,10.0,4,11.889650012423491,6.151004162650135,21.8208682000871,90.18691545254686,75.59635950367031,91.0539367291426,11.207502701494207,48.19180608860901,23.218252785333682,138.45398773006133,53.41308793456032,34.415126504452815,36.1491690576443,24.378323108384457,63.68127026120655,1559.595139173529,36.1,36.1,23.0,ENG-Premier League,Arsenal,"FW,MF",2,30000000.0,57800000.0,2030.0,88.0,89.0,75.0,35.34,316.0,67.0,80.0,55.0,79.0,CAM,80.0,84.0,41.060606060606,44.6486189984515,79.897558379944,10.144230769231001,0.3838957677959075,0.1319870211184025,2.9085872576177283,2.4376731301939056,0.8301886792452831,0.7479224376731302,3.296398891966759,1.2742382271468145,1.1080332409972298,0.5817174515235457,1.1634349030470914,0.19758114286819653,0.7035037685299184,1.5512465373961217,0.3601108033240997,2.0498614958448753,-4.8586372174322605,8.753462603878116,0.27700831024930744,0.38781163434903043,2.094081980711089,0.32935318593970886,0.6431648971006559,3.835290518838264,1.4795869233950227,0.953327604001463,1.0013620237574599,0.17038792694321703,0.6044561828278975,1.334953077246787,0.31045713854554585,1.7640241069586302,True,38.0,65.0,72.0,52.0,71.0,70.0,60.4,38.0,False
Yoane Wissa,23.969242131337523,3.6190131716430187,32.08085858821869,103.0,19.0,89.0,103.0,20.0,4.0,23.0,32.0,23.0,95.0,27.0,53.0,41.0,45.0,16.0,1182.0,20.0,5,24.179994061867422,3.679401709705662,32.361140265742364,103.98748583358186,89.7846585147629,103.98748583358186,3.994059051595586,32.310265433939755,23.301270504026242,94.37423312883436,26.918200408997954,53.927575305696394,41.31926036385326,45.490797546012274,16.244580972263645,1192.1857918282135,38.3,38.3,28.0,ENG-Premier League,Newcastle,FW,2,26500000.0,50400000.0,2029.0,85.0,83.0,84.0,33.33,169.0,68.0,74.0,81.0,84.0,ST,81.0,81.0,44.155844155844,34.835025380710505,74.64428274031249,14.40170940170935,0.6258287762751312,0.23271108865376236,2.689295039164491,2.3237597911227157,0.8640776699029126,0.6005221932114883,2.480417754569191,0.7049608355091385,1.3838120104438643,1.174934725848564,1.0704960835509139,0.0944912055259274,0.8376203286741173,0.8355091383812011,0.10443864229765014,0.41775456919060056,-4.9692421313375235,4.412532637075718,0.5221932114882507,0.6527415143603134,2.3442469586099977,0.631331437646669,0.6083882638126956,2.464079193964344,0.7028250759529493,1.408030686832804,1.078831863285986,0.096067929757328,0.8449383881394874,0.8436100635493409,0.10428352615132079,0.4241404953593641,True,83.0,87.0,47.0,51.0,45.0,13.0,60.3,13.0,False
Folarin Balogun,16.971927544102073,5.320335051044822,22.385374180972576,108.0,14.0,98.0,108.0,15.0,11.0,16.0,30.0,22.0,63.0,6.0,46.0,40.0,29.0,18.0,960.0,17.0,4,15.323861138978788,4.8133606669988485,20.219448835481792,97.54880702940183,88.499249746536,97.54880702940183,9.938648191956743,27.148671848597502,19.936789455897266,69.68098159509202,6.625766871165644,41.63192970598175,36.09907401149037,32.0040899795501,16.28127069956066,867.7659479553903,31.6,31.6,24.0,FRA-Ligue 1,Monaco,FW,2,25500000.0,50400000.0,2028.0,84.0,82.0,82.0,36.07,452.0,74.0,77.0,75.0,81.0,ST,79.0,83.0,25.123287671233,32.993197278912,72.169575018786,14.8931713447845,0.5370863146867745,0.15714747726020437,3.4177215189873418,3.10126582278481,0.9074074074074074,0.6962025316455696,1.9936708860759493,0.18987341772151897,1.4556962025316456,0.9177215189873418,1.2658227848101264,0.16836503326091207,0.7083979171193853,0.9493670886075949,0.3481012658227848,0.5696202531645569,-2.9719275441020727,14.30379746835443,0.5379746835443038,0.6645569620253164,2.800609169194177,0.4849323145246452,0.6309110587309261,2.205094354275064,0.20967616680903936,1.3174661299361312,1.1423757598572903,0.15232154009490026,0.6398559758063858,0.8591351850821994,0.3145141832897703,0.5152300854291348,True,69.0,91.0,42.0,32.0,59.0,67.0,60.1,32.0,False
Pavel Šulc,8.200931411236525,3.44930923357606,14.770196340978146,44.0,10.0,38.0,44.0,10.0,5.0,5.0,22.0,8.0,42.0,24.0,15.0,13.0,16.0,15.0,640.0,11.0,3,7.344790219953591,3.089216511389548,13.228252766919988,39.40659340659341,34.03296703296704,39.40659340659341,4.478021978021978,19.703296703296704,7.164835164835165,46.8957055214724,26.79754601226994,13.434065934065934,11.642857142857142,17.865030674846626,13.434065934065934,573.1868131868132,17.4,17.4,24.0,FRA-Ligue 1,Lyon,"FW,MF",1,19000000.0,37500000.0,2029.0,74.0,74.0,81.0,34.28,330.0,68.0,78.0,57.0,84.0,CAM,78.0,81.0,25.806451612903,41.860465116279,74.473684210526,25.0,0.47131789719750145,0.1863848048008301,2.528735632183908,2.1839080459770117,0.8636363636363636,0.4597701149425288,2.4137931034482762,1.3793103448275863,0.8620689655172414,0.9195402298850576,0.7471264367816093,0.19823616284919884,0.848861858676905,1.264367816091954,0.2873563218390805,0.8620689655172414,1.7990685887634754,18.965517241379313,0.632183908045977,0.8045977011494253,1.9559176455728187,0.422114380457103,0.411772135910067,2.6951554897397934,1.5400888512798818,0.7720727548313756,0.6691297208538588,0.17754117881549128,0.7602444118919535,1.1323733737526842,0.25735758494379185,0.7720727548313756,True,86.0,73.0,41.0,35.0,71.0,49.0,60.1,35.0,True
Gabriel Martinelli,14.570523500442505,7.833323763683438,26.850995793938637,85.0,9.0,76.0,84.0,9.0,11.0,15.0,53.0,35.0,130.0,35.0,35.0,64.0,25.0,55.0,1603.0,9.0,8,12.562758226305409,6.751551759887136,23.152177218625063,73.27015480686535,65.51267621433647,72.41075234640842,9.483902329581571,45.64737501402236,30.200987174213815,150.73619631901843,40.603271983640084,30.185749541936204,55.199846688853164,29.00817995910021,47.434749280185464,1381.5839285046552,37.4,37.4,24.0,ENG-Premier League,Arsenal,"FW,MF",2,35000000.0,67400000.0,2027.0,90.0,92.0,79.0,35.65,336.0,63.0,79.0,72.0,80.0,RM,81.0,84.0,30.563186813187002,41.285474234503496,75.698421975453,8.996865203761999,0.38958618985140386,0.1714179235346177,2.272727272727273,2.0320855614973263,0.9047619047619048,0.9358288770053477,3.4759358288770055,0.9358288770053477,0.9358288770053477,0.6684491978609626,1.7112299465240641,0.20944715945677644,0.7179410640090544,1.4171122994652408,0.29411764705882354,1.4705882352941178,-5.570523500442505,8.983957219251337,0.24064171122994654,0.4545454545454546,1.7516758346079269,0.3359026263718024,0.8075130260484977,4.0303795807224185,1.0856489835197884,0.807105602725567,1.4759317296484804,0.18052277432853306,0.6190421716209911,1.2205180485032716,0.2535802761920206,1.268308804283034,True,54.0,61.0,81.0,29.0,68.0,70.0,59.7,29.0,False
Wesley Saïd,14.250200141221285,6.864204525947571,24.75948702543974,77.0,14.0,68.0,77.0,15.0,13.0,16.0,36.0,16.0,77.0,37.0,17.0,28.0,25.0,35.0,1363.0,15.0,2,13.458822930417718,6.507456516361676,23.44049194463501,72.67067640942697,64.12616970887245,72.67067640942697,12.262426351663585,33.922044679990755,14.97407145332717,81.62985685071575,39.689161554192225,16.031542427218113,26.281419679990755,26.768916155419227,32.966966554990755,1283.647950121303,32.2,32.2,30.0,FRA-Ligue 1,Lens,FW,2,10000000.0,19000000.0,2030.0,74.0,74.0,77.0,34.44,341.0,59.0,80.0,69.0,80.0,LW,77.0,77.0,36.811201445348004,40.5075187969925,81.543565249502,18.8235294117645,0.44255279941681,0.18506753430157513,2.391304347826087,2.111801242236025,0.8831168831168831,0.49689440993788814,2.391304347826087,1.1490683229813663,0.5279503105590062,0.7763975155279502,0.8695652173913043,0.21317405360085623,0.7689281684919173,1.1180124223602483,0.40372670807453415,1.0869565217391304,-0.25020014122128487,10.590062111801242,0.4658385093167701,0.5279503105590062,1.991495953691691,0.4179758674042769,0.4650332749480487,2.535088722071918,1.2325826569624914,0.49787398842292274,0.816193157763688,0.20209492286837502,0.7279655883427021,1.0534796484469178,0.38082069415104297,1.023818837111514,True,76.0,74.0,42.0,35.0,78.0,47.0,59.6,35.0,False
Tim Kleindienst,14.125822767615318,6.164368532598019,22.16408023238182,75.0,15.0,66.0,75.0,16.0,11.0,14.0,29.0,20.0,76.0,32.0,25.0,43.0,152.0,14.0,1252.0,16.0,7,13.92646639791107,6.077371396049256,21.851280712973207,73.94153225806451,65.06854838709677,73.94153225806451,10.84475806451613,28.59072580645161,19.717741935483872,76.96932515337424,32.33946830265848,24.64717741935484,42.45436727222491,154.05725971370143,13.80241935483871,1234.9428662706362,30.5,30.5,29.0,GER-Bundesliga,Gladbach,FW,2,21000000.0,35700000.0,2029.0,67.0,59.0,83.0,26.62,2.0,87.0,85.0,91.0,85.0,ST,80.0,80.0,51.8817204301075,39.977973568281996,61.0013717421125,10.6666666666665,0.46314173008574816,0.18834430356820425,2.459016393442623,2.1639344262295084,0.88,0.6557377049180327,2.4918032786885247,1.0491803278688525,0.819672131147541,4.983606557377049,1.4098360655737705,0.2021104436917383,0.7266911551600597,0.9508196721311475,0.36065573770491804,0.45901639344262296,0.8741772323846817,0.06557377049180328,0.5245901639344263,0.7540983606557377,2.13339502908514,0.45660545566921545,0.6464833421470122,2.523584431258172,1.0603104361527371,0.8081041776837652,1.3919464679418003,0.199258078558992,0.7164354332122362,0.9374008461131675,0.35556583818085674,0.4525383395029085,True,67.0,79.0,57.0,44.0,68.0,9.0,59.6,9.0,False
M'Bala Nzola,14.95495918020606,2.4542331555858254,19.270295165479183,86.0,8.0,75.0,86.0,9.0,2.0,19.0,40.0,25.0,107.0,13.0,39.0,85.0,81.0,33.0,1154.0,10.0,1,15.090582026523073,2.605521140424325,19.743721563863946,89.92273843352552,78.10482246806632,89.92273843352552,2.12029961100229,42.40599222004579,26.97254945236847,98.19631901840492,12.108384458077712,43.37732777885066,88.70632052307776,77.39059304703477,35.76628410627086,1225.913165227467,33.2,27.9,28.0,ITA-Serie A,Pisa,FW,2,3100000.0,0.0,,83.0,81.0,73.0,35.67,328.0,92.0,69.0,71.0,71.0,ST,73.0,73.0,52.281052281052496,31.8651105375375,77.1865815344075,11.5111838516095,0.45045057771705,0.17389487418844257,2.5903614457831323,2.259036144578313,0.872093023255814,0.753012048192771,3.22289156626506,0.39156626506024095,1.1746987951807228,2.439759036144578,2.5602409638554215,0.0739226854092116,0.5804305772734694,1.2048192771084336,0.06024096385542168,0.9939759036144578,-6.95495918020606,9.879518072289155,0.3012048192771084,0.33132530120481923,2.352554893616455,0.45453560320852626,0.8124261883243514,2.9577204523615936,0.3647103752433045,1.3065460174352608,2.671877124189089,0.07847955242241943,0.5946904085501188,1.2772889222905357,0.0638644461145268,1.077297714044303,True,54.0,83.0,64.0,41.0,41.0,68.0,59.1,41.0,False
Erling Haaland,46.660578202456236,9.088914449326694,55.58059837669134,234.0,43.0,212.0,234.0,45.0,14.0,51.0,54.0,27.0,75.0,26.0,38.0,50.0,130.0,30.0,1474.0,49.0,11,37.424945087319486,7.29380288027763,44.595664708044666,187.6512251035365,170.01473295511045,187.6591102714121,11.238992612022328,43.27380130129458,21.64084323458509,93.51533742331289,32.40899795501022,30.51034289998952,40.06716636521712,162.06952965235175,24.065532356332188,1181.9682658274455,63.199999999999996,63.199999999999996,25.0,ENG-Premier League,Manchester City,FW,2,172500000.0,332100000.0,2034.0,88.0,82.0,96.0,36.36,676.0,93.0,86.0,85.0,95.0,ST,91.0,93.0,57.321092278719505,39.837398373983504,66.54583333333349,20.8994708994705,0.7383002880135481,0.1994041803523771,3.7025316455696204,3.3544303797468356,0.905982905982906,0.4272151898734178,1.1867088607594938,0.41139240506329117,0.6012658227848102,2.056962025316456,0.7911392405063292,0.14381193748934643,0.879439847732458,0.8544303797468356,0.22151898734177217,0.4746835443037975,-3.660578202456236,10.69620253164557,0.7753164556962026,0.949367088607595,2.690106534099849,0.5921668526474603,0.3424184056105236,1.479673060495457,0.5128006005539593,0.4827585901897076,0.6339741513483722,0.1154082734221144,0.7056276061399472,0.6847120459065599,0.17783216158263176,0.38078373981538277,True,91.0,93.0,13.0,48.0,45.0,59.0,59.0,13.0,False
Jean-Philippe Mateta,27.24303856678307,5.102404439821839,33.773381577804685,132.0,20.0,106.0,133.0,24.0,9.0,39.0,38.0,33.0,125.0,28.0,47.0,86.0,131.0,34.0,1519.0,26.0,2,30.127866663954492,5.7331908045344395,37.41624192688686,145.95175920835624,117.01779060533872,147.09428257284222,10.128382505650235,42.7214128642111,36.70014049233401,113.02044989775051,25.14110429447853,52.232484270966964,95.09328996396066,118.90593047034764,37.76549996945819,1682.7128916987356,54.0,54.0,28.0,ENG-Premier League,Crystal Palace,FW,2,31000000.0,58900000.0,2027.0,75.0,69.0,84.0,35.6,412.0,88.0,81.0,79.0,85.0,ST,82.0,82.0,39.016480595428,35.824482695477,65.15873015873001,19.5238095238095,0.5045007141996865,0.20638665580896265,2.4444444444444446,1.962962962962963,0.7969924812030075,0.6111111111111112,2.314814814814815,0.5185185185185185,0.8703703703703703,2.425925925925926,1.5925925925925926,0.09448897110781183,0.6254329921815682,0.7037037037037037,0.16666666666666666,0.6296296296296297,-7.243038566783071,7.62962962962963,0.48148148148148145,0.5185185185185185,2.166996122321087,0.557923456739898,0.6796322313395187,2.0929712944027874,0.46557600545330613,0.967268227240129,1.7609868511844566,0.1061702000839711,0.6928933690164234,0.7911372752631686,0.18756263899352288,0.6993611105455221,True,88.0,78.0,50.0,30.0,44.0,55.0,58.9,30.0,False
Alexander Sørloth,33.6391639187932,2.528296507894993,37.4410529686138,147.0,32.0,136.0,147.0,33.0,4.0,38.0,23.0,18.0,75.0,23.0,29.0,61.0,192.0,24.0,1392.0,33.0,2,31.07893476485725,2.3334070256664807,34.585859654483116,135.712628700816,125.54210278976376,135.712628700816,3.690776263510916,21.242854701584996,16.650275558593584,81.23108384458078,24.969325153374232,26.737236724056906,56.30522920493869,208.06543967280163,22.172512496261803,1283.888751228265,39.4,39.4,29.0,ESP-La Liga,Atlético Madrid,FW,2,36500000.0,76700000.0,2028.0,77.0,72.0,84.0,35.02,465.0,90.0,83.0,86.0,84.0,ST,83.0,83.0,62.07845262411951,32.318399304045,66.758620689655,22.2170513775135,0.8537858862637868,0.22883784978770885,3.730964467005076,3.451776649746193,0.9251700680272109,0.4568527918781726,1.9035532994923858,0.583756345177665,0.7360406091370558,4.873096446700508,1.5482233502538072,0.06416996212931454,0.9502805321983199,0.583756345177665,0.10152284263959391,0.6091370558375635,-1.6391639187932014,11.802030456852792,0.8375634517766498,0.8883248730964467,3.1863477865422274,0.7888054508847019,0.4225958263602433,2.0617026356492585,0.6337392170907166,0.6786100691385002,1.4290667310898146,0.05922352857021525,0.8778136968142923,0.5391587487711929,0.09367452445459178,0.5627541242706041,True,94.0,98.0,26.0,37.0,33.0,51.0,58.9,26.0,False
Anton Kade,6.7122930232435465,3.0941985473036766,10.916635751724243,48.0,6.0,38.0,48.0,6.0,4.0,5.0,26.0,8.0,76.0,31.0,18.0,24.0,36.0,24.0,854.0,6.0,0,7.459798382650214,3.438779749162495,12.132352005893534,53.345454545454544,42.23181818181818,53.345454545454544,4.445454545454545,28.895454545454545,8.89090909090909,68.38445807770961,27.893660531697343,20.00454545454545,26.672727272727272,32.39263803680982,26.672727272727272,949.1045454545454,19.4,19.4,21.0,GER-Bundesliga,Augsburg,"MF,FW",1,6000000.0,12000000.0,2029.0,76.0,77.0,72.0,34.89,454.0,69.0,60.0,57.0,70.0,RM,73.0,80.0,41.860465116279,47.402597402597,73.214285714286,12.5,0.34599448573420344,0.13983943798424056,2.4742268041237114,1.9587628865979383,0.7916666666666666,0.4123711340206186,3.9175257731958766,1.597938144329897,0.9278350515463918,1.8556701030927836,1.2371134020618557,0.15949477047957097,0.5627131830785693,1.3402061855670104,0.2061855670103093,1.2371134020618557,-0.7122930232435465,23.402061855670105,0.30927835051546393,0.30927835051546393,2.1768978444236176,0.38452568982733065,0.4582942830365511,3.5249720658613204,1.4378175531802755,1.03116213683224,1.3748828491096532,0.17725668810115955,0.6253789693759554,1.489456419868791,0.22914714151827556,1.3748828491096532,True,44.0,70.0,51.0,54.0,69.0,72.0,58.6,44.0,True
Désiré Doué,13.535631889477372,13.848399505019188,38.38691745698452,110.0,13.0,69.0,110.0,11.0,21.0,15.0,84.0,29.0,158.0,80.0,72.0,63.0,9.0,89.0,2863.0,13.0,10,9.671600787277573,9.926413498367928,27.478628527462767,78.64304035567716,49.35990082079343,78.64304035567716,15.059661422708619,60.16338919288645,20.728984268125856,220.77709611451945,111.77096114519429,51.54233926128591,45.08700410396717,12.531697341513294,63.733891928864566,2048.2644664842683,34.2,34.2,20.0,FRA-Ligue 1,PSG,"FW,MF",2,101000000.0,194400000.0,2029.0,83.0,85.0,79.0,34.82,337.0,83.0,89.0,46.0,83.0,CAM,86.0,91.0,30.5555555555555,48.6277281660515,85.991114617997,11.818181818182001,0.3957787102186366,0.12305119899524884,3.216374269005848,2.0175438596491224,0.6272727272727273,0.8479532163742689,4.619883040935672,2.3391812865497075,2.1052631578947367,0.2631578947368421,1.8421052631578947,0.40492396213506393,1.122424487046331,2.4561403508771926,0.6140350877192982,2.6023391812865495,-0.5356318894773722,9.853801169590643,0.38011695906432746,0.6725146198830408,1.443271953824369,0.28279534465723893,0.6061106511147911,6.455470646623375,3.2681567586314118,1.5070859433124535,1.3183334533323732,0.2902460087242084,0.8034686703936481,1.759163426692586,0.4403409772721818,1.8635640914872678,True,42.0,31.0,76.0,56.0,94.0,64.0,58.2,31.0,False
Amine Gouiri,17.92793482169509,8.549418894574046,28.80007223971188,119.0,21.0,89.0,120.0,18.0,14.0,16.0,67.0,31.0,109.0,26.0,35.0,58.0,18.0,44.0,1685.0,21.0,6,14.456590690588662,6.93908957452604,23.191893274444467,95.1163668960251,71.18608743287322,95.88887874436634,11.402328997933283,54.44246810700443,24.618910865613664,135.3926380368098,32.13496932515338,28.38000182601406,46.651057013139,22.286298568507156,35.584249798723455,1356.7919173977639,37.8,26.299999999999997,25.0,FRA-Ligue 1,Marseille,FW,2,23500000.0,46400000.0,2029.0,77.0,79.0,85.0,33.91,213.0,71.0,79.0,68.0,83.0,CAM,79.0,82.0,33.3333333333335,38.131165022661,83.9278008938205,18.453145057766,0.4742839899919336,0.15065491446802595,3.1481481481481484,2.354497354497355,0.7416666666666667,0.8201058201058201,2.8835978835978837,0.6878306878306879,0.925925925925926,0.4761904761904762,1.5343915343915344,0.22617510303105945,0.7619066730082509,1.7724867724867726,0.3703703703703704,1.1640211640211642,3.0720651783049107,5.634920634920635,0.5555555555555556,0.7142857142857143,1.8832298262664875,0.3824494891690123,0.6512939382437478,3.581815821079625,0.8501314636283963,0.7507936991009011,1.23415494743754,0.18357379826788467,0.6135421501175785,1.4402769340477364,0.3016489152892403,0.9413822698074988,True,75.0,60.0,64.0,29.0,76.0,30.0,58.2,29.0,False
Noah Okafor,8.526762707158923,3.0234501250088215,14.537953482940795,48.0,9.0,38.0,49.0,8.0,5.0,9.0,27.0,12.0,72.0,28.0,20.0,42.0,16.0,53.0,928.0,9.0,1,8.760798575090291,3.110767164421592,14.966318615524491,49.24482894410997,38.87018264636269,50.152064565631306,5.187323148873633,27.751086987410837,12.677476321740151,69.13292433537833,27.006134969325156,20.423720074861055,43.15027017371499,15.623721881390592,54.4321520929836,957.1673290760505,22.3,21.9,25.0,ITA-Serie A,Milan,"FW,MF",2,10000000.0,19800000.0,2029.0,88.0,87.0,78.0,35.35,430.0,79.0,76.0,63.0,76.0,CAM,76.0,79.0,36.931818181818,40.8333333333335,78.10240963855401,15.00000000000005,0.3823660406797723,0.17764088973247757,2.1524663677130045,1.704035874439462,0.7755102040816326,0.5381165919282511,3.2286995515695067,1.2556053811659191,0.8968609865470851,0.7174887892376681,1.8834080717488788,0.13558072309456598,0.6519261651542957,1.210762331838565,0.22421524663677128,2.3766816143497755,0.47323729284107685,19.28251121076233,0.40358744394618834,0.44843049327354256,1.7430575177741117,0.39286092264978884,0.5684966960421592,3.1001311361156203,1.2110374425706347,0.9158618867650697,1.9349896938885647,0.1394962854000714,0.6711353639248651,1.244443362664163,0.23261538784186692,2.440903681299713,True,70.0,58.0,56.0,31.0,66.0,85.0,58.0,31.0,True
Lassine Sinayoko,16.93793450295925,10.375458463095129,29.759921930730343,154.0,13.0,112.0,153.0,14.0,13.0,20.0,77.0,37.0,167.0,75.0,86.0,94.0,66.0,60.0,2441.0,17.0,12,19.10064607805886,11.756388046384934,33.682126499666225,173.77813747822591,126.40745008709635,172.66424226182502,14.73748894546429,87.12757336191879,41.65443923355219,147.74846625766872,66.38650306748467,97.00585823395417,106.28395015409353,58.44989775051125,67.86111751306446,2759.674088168297,56.3,56.3,25.0,FRA-Ligue 1,Auxerre,"FW,MF",2,7500000.0,15600000.0,2029.0,75.0,72.0,78.0,34.85,585.0,80.0,72.0,68.0,76.0,ST,75.0,78.0,28.8642052565705,46.864313292885,77.55268433232999,10.6200997861727,0.300851412130715,0.10998658768155357,2.7353463587921847,1.9893428063943162,0.7320261437908496,0.6571936056838367,2.966252220248668,1.3321492007104796,1.52753108348135,1.1722912966252221,1.6696269982238012,0.1842887826482261,0.5285954161763826,1.3676731793960923,0.23090586145648315,1.0657193605683837,-3.9379345029592514,10.390763765541742,0.3019538188277087,0.5150976909413855,2.2452477812983367,0.3392654720791982,0.7398657057469306,2.624306683084702,1.1791563599908468,1.723017020141282,1.8878143899483755,0.2088168391897857,0.5982615719301284,1.547559029518984,0.2617671215890638,1.2053484460579833,True,32.0,64.0,68.0,52.0,74.0,58.0,58.0,32.0,False
Domenico Berardi,4.499643106944859,5.058273881673813,13.033610694110394,40.0,6.0,29.0,40.0,8.0,8.0,4.0,33.0,13.0,78.0,26.0,34.0,18.0,13.0,11.0,1023.0,8.0,4,4.762609262545532,5.353887290343061,13.795315215194766,42.33766233766233,30.69480519480519,42.33766233766233,8.467532467532466,34.92857142857142,13.759740259740258,73.69325153374234,24.564417177914116,35.98701298701298,19.05194805194805,12.282208588957056,11.642857142857142,1082.7857142857142,21.8,21.8,30.0,ITA-Serie A,Sassuolo,FW,1,29500000.0,53100000.0,2029.0,82.0,84.0,80.0,35.12,370.0,61.0,78.0,62.0,83.0,RW,82.0,82.0,40.625,45.751633986928,76.970633693972,20.0,0.20640564710756235,0.11249107767362147,1.8348623853211008,1.3302752293577982,0.725,0.5963302752293578,3.5779816513761467,1.1926605504587156,1.5596330275229358,0.5963302752293578,0.8256880733944953,0.2320309120033859,0.5978720501885502,1.5137614678899083,0.36697247706422015,0.5045871559633027,1.500356893055141,16.972477064220183,0.36697247706422015,0.5504587155963303,1.4080185869176693,0.2184683147956666,0.6311807458596449,3.380424382281759,1.126808127427253,1.6507804122483019,0.8739425711902774,0.24559116010747986,0.6328126245502186,1.6022280471821753,0.3884189205290122,0.5340760157273918,True,54.0,29.0,65.0,69.0,83.0,57.0,58.0,29.0,True
Alexander Isak,22.557620959356427,6.294814123772085,30.462515680119395,116.0,22.0,99.0,116.0,23.0,12.0,23.0,44.0,22.0,68.0,19.0,15.0,62.0,35.0,43.0,1311.0,26.0,7,21.084960635236886,5.891513660336573,28.49045536171919,108.38697079968051,92.43948403893376,108.38697079968051,11.310000690314883,41.684328866009885,20.45637703026538,73.4642126789366,21.077709611451944,14.169649813121902,58.19924459828605,38.02658486707566,40.85970829265406,1226.5194225022929,38.4,38.4,25.0,ENG-Premier League,Liverpool,FW,2,96500000.0,185800000.0,2031.0,83.0,86.0,90.0,35.37,216.0,79.0,88.0,82.0,89.0,ST,87.0,88.0,31.079875055779,31.1002874480995,69.7758358662615,20.439691027926003,0.5874380458165737,0.19446224964962439,3.0208333333333335,2.578125,0.853448275862069,0.5729166666666667,1.7708333333333335,0.4947916666666667,0.390625,0.9114583333333334,1.6145833333333335,0.16392745113989804,0.7932946791697759,1.1458333333333335,0.3125,1.1197916666666667,-0.5576209593564272,5.625,0.6770833333333334,0.859375,2.407278230180567,0.5490875165426272,0.5327181518298276,1.913130538513974,0.5488986877982277,0.3690012972167162,1.5156053280803659,0.15342483490459827,0.7419389417114373,1.0855293975523408,0.2945312679769501,1.064054903454533,True,90.0,85.0,34.0,14.0,65.0,55.0,57.8,14.0,False
Ermedin Demirović,23.5812497548759,4.510555172339082,31.20213949121535,107.0,26.0,99.0,107.0,26.0,9.0,27.0,35.0,16.0,72.0,26.0,53.0,52.0,65.0,12.0,1129.0,27.0,4,20.100921947631143,3.8399044248613103,26.576918891583773,91.1700439941341,84.36051556762128,91.1700439941341,7.664423531407932,29.795390917574622,13.589424440377647,84.6196319018405,30.556237218813905,45.11682987722848,44.26934287549538,76.34969325153375,10.20688453660724,961.5836433930021,37.2,37.2,27.0,GER-Bundesliga,Stuttgart,FW,2,23000000.0,39100000.0,2028.0,72.0,68.0,84.0,34.38,248.0,77.0,73.0,71.0,83.0,ST,80.0,80.0,38.3453436807095,38.0094043887145,72.3340720221605,25.9977827051,0.6339045633031155,0.22038551172781212,2.876344086021505,2.661290322580645,0.9252336448598131,0.4301075268817204,1.9354838709677418,0.6989247311827956,1.4247311827956988,1.747311827956989,1.3978494623655913,0.12125148312739466,0.8387671906240685,0.9408602150537634,0.24193548387096772,0.3225806451612903,2.4187502451241016,6.666666666666666,0.7258064516129031,0.8333333333333333,2.267755794828529,0.5403473641836328,0.3653071086123023,2.2747212876838843,0.8214042263122017,1.2128180074523784,1.1900360988036391,0.10322323722745456,0.7144333035371981,0.8009513687520059,0.20603289062924546,0.2743786165754634,True,94.0,88.0,25.0,43.0,48.0,21.0,57.7,21.0,False
Jonas Wind,6.205839099362493,5.027541554532945,12.17202040180564,49.0,9.0,45.0,49.0,10.0,9.0,7.0,39.0,18.0,72.0,10.0,54.0,32.0,120.0,8.0,1092.0,10.0,3,6.608659475705688,5.337817169158426,12.954570697999376,52.14473287267817,47.9017827642183,52.14473287267817,9.546637744034706,41.46242691528638,19.205671517432588,67.66462167689161,9.427402862985684,57.54208386605565,34.01853155392107,112.80163599182005,8.523365560040798,1162.2217752941344,27.1,27.1,26.0,GER-Bundesliga,Wolfsburg,FW,2,9000000.0,16000000.0,2028.0,57.0,66.0,79.0,29.95,43.0,82.0,77.0,79.0,78.0,ST,76.0,77.0,45.708955223881,58.1039755351685,67.4978484135635,16.8055555555555,0.2289977527440034,0.12664977753801004,1.8081180811808117,1.6605166051660516,0.9183673469387755,0.6642066420664207,2.6568265682656826,0.36900369003690037,1.9926199261992619,4.428044280442804,1.1808118081180812,0.1855181385436511,0.4491520443470715,1.4391143911439113,0.33210332103321033,0.2952029520295203,2.7941609006375074,1.5867158671586714,0.36900369003690037,0.4797047970479705,1.7675934599342544,0.24386197327327258,0.708696365956922,2.4968495083723843,0.3478746443906156,2.1233241278987323,1.2552963673033606,0.19696742321617808,0.47802843904056735,1.5299788529625968,0.35227445549943565,0.3145153343188486,True,55.0,54.0,54.0,83.0,64.0,6.0,57.5,6.0,False
Dominic Calvert-Lewin,23.45000484958291,2.284765638411045,25.705306943506002,123.0,13.0,116.0,124.0,17.0,3.0,36.0,27.0,29.0,81.0,19.0,61.0,62.0,214.0,18.0,1489.0,17.0,2,26.170034489279878,2.5377579225742255,28.46955733727876,137.89154847442393,130.15024102122376,138.961570356262,3.3356427856810384,29.769630790795716,32.41198311513912,72.2638036809816,16.87321063394683,68.15960901595929,70.48540229946553,191.55419222903885,20.516165274753494,1668.1065575963148,48.099999999999994,48.099999999999994,28.0,ENG-Premier League,Everton,FW,2,11000000.0,20900000.0,2028.0,73.0,68.0,76.0,36.3,570.0,84.0,74.0,84.0,81.0,ST,77.0,77.0,45.4833920950085,36.933539229079,60.976719087264996,12.4594594594595,0.48752608834891714,0.19065044593156838,2.5571725571725574,2.4116424116424118,0.9354838709677419,0.6029106029106029,1.6839916839916842,0.39501039501039503,1.2681912681912684,4.4490644490644495,1.288981288981289,0.047500325122890756,0.5344138657693557,0.5613305613305614,0.06237006237006238,0.37422037422037424,-10.45000484958291,11.850311850311853,0.35343035343035345,0.39501039501039503,2.705826216657459,0.5440755611076898,0.6738458028095452,1.5023659808935885,0.3507943998741545,1.4170396884814822,1.4653929791988678,0.05276003997035812,0.5918826889247144,0.618911243051886,0.06934808286239166,0.42653150259362776,True,64.0,93.0,44.0,50.0,22.0,63.0,57.5,22.0,False
Tim Lemperle,8.654297707602382,2.5754604805260897,13.365150267258286,53.0,7.0,44.0,53.0,7.0,2.0,9.0,27.0,22.0,61.0,21.0,16.0,21.0,37.0,15.0,884.0,8.0,2,7.652715332762323,2.2773963381143902,11.818369766165103,46.86618444846293,38.90777576853526,46.86618444846293,1.7685352622061483,23.875226039783,19.45388788426763,68.98364008179959,23.74846625766871,14.148282097649188,18.56962025316456,41.84253578732106,13.264014466546111,781.6925858951175,21.6,21.6,23.0,GER-Bundesliga,Hoffenheim,FW,1,11000000.0,19500000.0,2029.0,75.0,77.0,79.0,35.01,568.0,75.0,74.0,69.0,76.0,ST,76.0,80.0,43.023255813953,30.057803468208,70.233463035019,15.094339622642,0.40066193090751767,0.16328863599249777,2.4537037037037037,2.0370370370370368,0.8301886792452831,1.0185185185185184,2.824074074074074,0.9722222222222222,0.7407407407407407,1.7129629629629628,0.9722222222222222,0.11923428150583748,0.6187569568175132,1.25,0.09259259259259259,0.6944444444444444,-1.6542977076023817,26.296296296296294,0.37037037037037035,0.4629629629629629,1.8012859152099656,0.3542923765167742,0.9006429576049828,3.193687040824055,1.0994660304476254,0.6550130600763513,0.8597046413502112,0.10543501565344399,0.5471467484335696,1.1053345388788425,0.0818766325095439,0.6140747438215792,True,67.0,61.0,79.0,34.0,38.0,60.0,57.3,34.0,True
Viktor Gyökeres,11.58792421594262,2.6537387324497104,14.77520313858986,55.0,11.0,51.0,55.0,13.0,4.0,13.0,20.0,20.0,55.0,7.0,31.0,25.0,30.0,7.0,652.0,14.0,1,10.046976846801314,2.300847943560121,12.810415487181634,47.68617021276596,44.21808510638298,47.68617021276596,3.4680851063829787,17.340425531914892,17.340425531914892,63.43558282208589,8.07361963190184,26.877659574468083,21.675531914893615,34.60122699386503,6.069148936170213,565.2978723404256,24.7,24.7,27.0,ENG-Premier League,Arsenal,FW,1,73500000.0,136000000.0,2030.0,86.0,83.0,88.0,35.86,594.0,91.0,85.0,81.0,87.0,ST,86.0,86.0,30.927835051546,32.116788321168,62.382445141066,25.454545454545,0.4691467293903895,0.21068953119895673,2.2267206477732793,2.064777327935223,0.9272727272727272,0.8097165991902834,2.2267206477732793,0.2834008097165992,1.2550607287449393,1.2145748987854252,1.0121457489878543,0.10743881507893564,0.5981863618862292,0.8097165991902834,0.16194331983805668,0.2834008097165992,-0.5879242159426195,24.048582995951417,0.5668016194331984,0.6072874493927126,1.7902058747523475,0.4067601962267739,0.7020415195107244,2.5682422195176473,0.3268671915749733,1.088164355241623,0.8775518993884055,0.09315173860567291,0.5186403031247625,0.7020415195107244,0.1404083039021449,0.24571453182875355,True,94.0,70.0,53.0,33.0,27.0,61.0,57.2,27.0,True
Jarrod Bowen,16.56736015714705,16.065295724198222,29.837376050651073,166.0,20.0,118.0,166.0,19.0,27.0,13.0,97.0,57.0,288.0,91.0,100.0,154.0,45.0,97.0,3027.0,22.0,19,17.771895314236854,17.391134847190237,32.123771149161676,178.5818589221278,126.92218600861365,178.5818589221278,29.47983354673495,104.19211966010943,61.165318356419505,266.1963190184049,84.1390593047035,107.77333837737166,166.18277848911652,40.62576687116565,105.29257362355953,3280.562361773949,70.8,70.8,28.0,ENG-Premier League,West Ham,"MF,FW",2,36500000.0,69400000.0,2030.0,76.0,78.0,84.0,36.35,681.0,66.0,80.0,82.0,83.0,RM,83.0,83.0,28.3333333333335,43.220621792501504,76.456674473068,13.167466899461498,0.23400226210659675,0.09980337444064488,2.344632768361582,1.6666666666666667,0.7108433734939759,0.8050847457627119,4.067796610169491,1.2853107344632768,1.4124293785310735,0.635593220338983,2.1751412429378534,0.22691095655647206,0.42143186512219033,1.3700564971751412,0.38135593220338987,1.3700564971751412,3.43263984285295,9.61864406779661,0.3107344632768362,0.5790960451977402,1.792686243059515,0.25101547054006856,0.8639169259381286,3.75983501438425,1.1884047924393148,1.5222222934657015,2.347214385439499,0.24563749784167002,0.45372558120284856,1.471640108193636,0.4163818297561434,1.487183243270615,True,42.0,43.0,83.0,41.0,70.0,81.0,57.2,41.0,False
Nikola Krstović,25.583267961628735,6.80242636334151,33.41808384563774,236.0,19.0,160.0,236.0,18.0,10.0,23.0,51.0,47.0,138.0,33.0,82.0,63.0,154.0,34.0,2042.0,21.0,10,24.94797939556984,6.849612408151358,32.78409453444188,240.6531417510423,160.87634008338296,240.6531417510423,10.011539606908874,52.09641155449672,46.93895175699821,138.99386503067484,33.05521472392638,85.32258784991066,65.03253424657535,151.92638036809817,34.03923466349017,2078.480568790947,53.9,53.9,25.0,ITA-Serie A,Atalanta,FW,2,10000000.0,17800000.0,2030.0,66.0,65.0,80.0,34.98,433.0,81.0,70.0,79.0,83.0,ST,76.0,79.0,43.9606597684665,40.877506452253,70.23333333333349,9.065103590651,0.47464319038272235,0.1084036778035116,4.37847866419295,2.9684601113172544,0.6779661016949152,0.8719851576994434,2.560296846011132,0.6122448979591837,1.5213358070500929,2.857142857142857,1.1688311688311688,0.12620457074845104,0.6200015555776947,0.9461966604823748,0.1855287569573284,0.6307977736549165,-6.583267961628735,8.03339517625232,0.38961038961038963,0.575139146567718,2.9847187399514463,0.4628567605857113,0.8708525372355883,2.578735900383578,0.6132692898687641,1.5829793664176375,1.2065405240552014,0.12708000757238141,0.6082392306946545,0.9665382477643176,0.18574284984988634,0.6315256894896135,True,31.0,78.0,66.0,59.0,49.0,45.0,57.1,31.0,False
James Maddison,6.439575411379337,6.016693122684956,16.198553681373596,41.0,9.0,25.0,41.0,7.0,6.0,6.0,41.0,15.0,80.0,32.0,65.0,26.0,5.0,33.0,1637.0,9.0,7,5.798410242883765,5.37872566177869,14.522290132644615,36.80519282667363,22.425448332898053,36.80519282667363,5.363802559414991,36.6526508226691,13.409506398537475,89.13701431492844,35.70756646216769,58.18413206233133,23.31941542613389,5.593047034764826,29.500914076782447,1467.5427657351788,20.5,20.5,28.0,ENG-Premier League,Tottenham,"FW,MF",2,36500000.0,69400000.0,2028.0,67.0,70.0,80.0,32.01,9.0,56.0,87.0,35.0,83.0,CM,83.0,83.0,19.230769230769,43.5574229691875,90.6713164777685,11.5384615384615,0.3141256298233823,0.15706281491169116,2.0,1.2195121951219512,0.6097560975609756,0.7317073170731707,3.902439024390244,1.5609756097560976,3.1707317073170733,0.24390243902439024,1.2682926829268293,0.2934972254968271,0.7901733503109072,2.0,0.2926829268292683,1.6097560975609757,2.5604245886206627,0.43902439024390244,0.43902439024390244,0.7804878048780488,1.0939243089218562,0.28284928014067146,0.6541222633432915,4.3481470397526065,1.7418325103496435,2.838250344503967,1.1375324598114094,0.26237686155018,0.7084043967143715,1.7879341864716636,0.26164890533731666,1.4390689793552414,True,58.0,23.0,77.0,59.0,89.0,32.0,57.1,23.0,True
Thierno Barry,23.4656231533736,4.670212930068374,29.315282377414412,111.0,18.0,100.0,110.0,19.0,9.0,25.0,36.0,21.0,71.0,17.0,59.0,50.0,232.0,27.0,1392.0,19.0,4,24.92194703845405,4.887239210243488,31.02937455302184,117.41835501323817,105.93967998158166,116.39104408886843,9.424053182917001,38.05272245884655,22.375676297916428,66.39263803680981,16.081799591002046,61.32436399217221,53.415477149764016,215.73006134969324,28.539541844134916,1490.445205479452,47.1,47.1,22.0,ENG-Premier League,Everton,FW,2,17000000.0,35700000.0,2029.0,80.0,77.0,76.0,35.48,540.0,79.0,74.0,74.0,77.0,ST,76.0,84.0,56.220657276995496,32.0402298850575,61.423317579711,18.1652046783625,0.4982085595196093,0.21140201039075315,2.356687898089172,2.1231422505307855,0.9090909090909091,0.445859872611465,1.5074309978768576,0.3609341825902335,1.2526539278131634,4.925690021231422,1.0615711252653928,0.0991552639080334,0.6224051460172911,0.7643312101910827,0.19108280254777069,0.5732484076433121,-5.465623153373599,11.464968152866241,0.4033970276008492,0.4883227176220807,2.2492501057660648,0.5291283872283238,0.4750674373230664,1.409610149401482,0.3414394817622515,1.3020034817870958,1.1340865636892572,0.10376304055718658,0.6587977612106547,0.8079134280009883,0.20008605483900216,0.6059350710007413,True,78.0,86.0,23.0,51.0,42.0,58.0,57.1,23.0,False
Fisnik Asllani,9.504826286807656,5.401737725362182,19.754683665931225,73.0,10.0,53.0,73.0,8.0,8.0,8.0,36.0,26.0,76.0,17.0,37.0,31.0,24.0,17.0,1050.0,10.0,7,8.404810224681635,4.776581822246125,17.468427328463598,64.55153707052442,46.86618444846293,64.55153707052442,7.074141048824593,31.83363471971067,22.990958408679926,85.94683026584867,19.224948875255624,32.717902350813745,27.412296564195294,27.141104294478527,15.03254972875226,928.481012658228,25.9,25.9,22.0,GER-Bundesliga,Hoffenheim,"FW,MF",1,26000000.0,46200000.0,2029.0,67.0,67.0,82.0,33.89,371.0,77.0,75.0,76.0,81.0,ST,79.0,83.0,26.373626373626,42.944785276074,68.558282208589,13.698630136986,0.36698170991535356,0.13020309981928296,2.8185328185328187,2.0463320463320462,0.726027397260274,1.0038610038610039,2.9343629343629347,0.6563706563706564,1.4285714285714286,0.9266409266409267,1.196911196911197,0.208561302137536,0.7627290990707037,1.38996138996139,0.3088803088803089,0.6563706563706564,0.4951737131923437,14.324324324324325,0.3861003861003861,0.6563706563706564,1.809505191060345,0.3245100472850052,0.8876817918409239,3.3184104349748527,0.7422760183496381,1.2632394730043917,1.058389828733409,0.18442400858093147,0.6744566536086332,1.2290978656258946,0.27313285902797657,0.5804073254344502,True,55.0,51.0,75.0,44.0,69.0,38.0,57.0,38.0,False
Hugo Duro,18.801358252763748,3.187305051833391,21.78787235915661,84.0,19.0,83.0,85.0,21.0,4.0,20.0,31.0,25.0,85.0,29.0,88.0,44.0,106.0,10.0,1392.0,21.0,2,19.12273864915324,3.2459776926569033,22.178163572020956,85.40152814595353,84.39119756744114,86.41185872446593,4.070975622433599,31.572301055148394,25.347224387961948,83.57259713701433,28.474437627811863,89.47250376838713,44.63246530484952,104.2719836400818,10.147785747699984,1416.2250636727479,46.1,46.1,25.0,ESP-La Liga,Valencia,FW,2,13500000.0,29400000.0,2028.0,73.0,74.0,80.0,34.15,459.0,76.0,79.0,81.0,80.0,ST,77.0,79.0,34.1098484848485,46.9079939668175,70.406945594467,25.1133786848075,0.40783857381266264,0.22382569348528272,1.822125813449024,1.8004338394793926,0.9764705882352941,0.5422993492407809,1.843817787418655,0.6290672451193058,1.9088937093275486,2.299349240780911,0.9544468546637743,0.06913893821764405,0.47262196006847307,0.6724511930585683,0.08676789587852494,0.21691973969631237,0.19864174723625183,9.956616052060737,0.455531453362256,0.4989154013015184,1.83061166089894,0.4148099490054933,0.5498313316260726,1.8128546016705926,0.6176667598223832,1.9408352227415862,0.968166275593265,0.0704116636151172,0.48108814689850227,0.6848655326496398,0.08830749723283295,0.22012550428850292,True,91.0,73.0,36.0,69.0,21.0,23.0,56.8,21.0,False
Moise Kean,34.22186485864222,2.3850396880880003,34.142204800620675,203.0,24.0,159.0,203.0,25.0,4.0,40.0,22.0,29.0,86.0,13.0,96.0,83.0,79.0,69.0,1437.0,27.0,4,32.78672897571809,2.28671395439678,32.71426521915421,194.45729250604347,152.31033728559916,194.45729250604347,3.835294117647059,21.088488546103374,27.781489582134224,89.76278118609406,13.570552147239264,91.96449867618281,79.52606193162197,82.4478527607362,66.11191435478301,1376.709220674571,52.6,52.6,25.0,ITA-Serie A,Fiorentina,FW,2,48500000.0,86100000.0,2029.0,86.0,84.0,88.0,34.69,319.0,72.0,77.0,83.0,86.0,ST,83.0,86.0,48.623930189629,43.2637292777155,72.04767063922,13.1292517006802,0.6506057957916772,0.16858061506720307,3.859315589353612,3.0228136882129277,0.7832512315270936,0.5513307984790874,1.6349809885931559,0.24714828897338403,1.8250950570342206,1.5019011406844105,1.5779467680608366,0.045342959849581754,0.6490913460194044,0.4182509505703422,0.07604562737642585,1.311787072243346,-10.22186485864222,6.064638783269962,0.5133079847908745,0.5893536121673003,2.8956337886996035,0.6233218436448306,0.528165201181259,1.7065167525873395,0.2579952879703282,1.7483744995472017,1.5119023180916724,0.0434736493231327,0.6219442056873423,0.40092183547725047,0.07291433683739655,1.256880501041502,True,71.0,88.0,28.0,66.0,25.0,47.0,56.7,25.0,False
Kamory Doumbia,8.748540473170578,6.698069767095149,19.928745521232486,65.0,8.0,40.0,65.0,7.0,15.0,8.0,53.0,37.0,200.0,102.0,43.0,56.0,21.0,36.0,2072.0,8.0,6,9.407724272646618,7.273268711248288,21.60823510542539,70.56520376175548,43.59982901111428,70.56520376175548,16.406839555428895,56.62031917925336,40.45502992305501,186.6319018404908,94.84458077709613,45.83416927899687,60.220347677400966,19.68302658486708,38.30662581932174,2217.568780279282,34.099999999999994,34.099999999999994,22.0,FRA-Ligue 1,Brest,"MF,FW",2,9000000.0,19800000.0,2029.0,68.0,69.0,69.0,32.37,209.0,48.0,74.0,68.0,73.0,CAM,75.0,81.0,30.0986842105265,49.195575666164004,84.0366887905605,12.632135306554002,0.25655543909591144,0.13459293035647044,1.9061583577712613,1.1730205278592378,0.6153846153846154,1.0850439882697949,5.865102639296189,2.991202346041056,1.2609970674486806,0.6158357771260998,1.6422287390029329,0.19642433334589882,0.5844206897722137,1.55425219941349,0.43988269794721413,1.055718475073314,-0.7485404731705785,6.129032258064517,0.23460410557184755,0.4105571847507332,1.2785873610297445,0.2758863423063525,1.1863645138725811,5.473076300307649,2.7813660051934352,1.344110536040964,1.7659926005102926,0.2132923375732636,0.633672583736815,1.6604199172801575,0.4811389898952756,1.1233614609771772,True,41.0,26.0,99.0,49.0,85.0,30.0,56.6,26.0,False
Igor Matanović,8.874484336003661,2.2806024756282564,11.86471299920231,62.0,11.0,52.0,64.0,12.0,4.0,6.0,23.0,9.0,59.0,25.0,33.0,33.0,94.0,15.0,824.0,12.0,2,8.978627707023755,2.31236514333667,11.973424408692033,62.56360152616946,52.47961211250907,64.56202776826936,4.058091286307054,23.303405495211937,9.130705394190873,58.40081799591003,24.703476482617592,33.142439700443326,33.20367850255057,92.99182004089981,15.125984120490575,831.1595590138339,21.0,21.0,22.0,GER-Bundesliga,Frankfurt,FW,2,6000000.0,10700000.0,2029.0,65.0,61.0,78.0,33.64,333.0,84.0,69.0,79.0,80.0,ST,74.0,78.0,47.091346153846004,41.233766233766,69.2893081761005,14.74358974358965,0.42259449219065054,0.1431368441290913,2.9523809523809526,2.4761904761904763,0.8125,0.42857142857142855,2.8095238095238093,1.1904761904761905,1.5714285714285714,4.476190476190476,1.5714285714285714,0.10860011788705982,0.5649863332953481,1.0952380952380953,0.19047619047619047,0.7142857142857143,2.125515663996339,15.857142857142858,0.5714285714285714,0.6666666666666666,2.499029148214718,0.4275537003344645,0.43479549496147013,2.780991333138573,1.1763560229817902,1.578211414306825,1.5811275477405031,0.11011262587317476,0.570163067080573,1.109685975962473,0.1932424422050978,0.7202849581185988,True,59.0,80.0,41.0,58.0,46.0,41.0,56.6,41.0,True
Emersonn,7.415036683902144,1.878817074000836,8.169102063402534,51.0,7.0,41.0,52.0,6.0,1.0,9.0,18.0,11.0,34.0,20.0,10.0,16.0,62.0,10.0,540.0,6.0,2,8.571992762241486,2.171965837320116,9.443713732869597,58.95744680851064,47.39716312056738,60.11347517730496,1.1560283687943262,20.80851063829787,12.71631205673759,29.41104294478528,17.300613496932517,11.560283687943262,18.49645390070922,53.6319018404908,11.560283687943262,624.2553191489362,16.7,16.7,21.0,FRA-Ligue 1,Toulouse,FW,1,5000000.0,11000000.0,2029.0,81.0,78.0,71.0,34.96,383.0,78.0,70.0,65.0,71.0,ST,72.0,81.0,43.971631205674,32.520325203252,75.20325203252,11.538461538462,0.4440141726887512,0.145392876154944,3.0538922155688626,2.4550898203592815,0.7884615384615384,0.6586826347305389,2.035928143712575,1.1976047904191618,0.5988023952095809,3.712574850299401,0.9580838323353293,0.1125040164072357,0.48916778822769663,1.0778443113772456,0.059880239520958084,0.5988023952095809,-0.41503668390214443,22.934131736526947,0.3592814371257485,0.47904191616766467,2.838153480273496,0.5132929797749393,0.761455811780694,1.761140296094927,1.0359648800558394,0.6922325561642672,1.1075720898628276,0.13005783457006684,0.5654918402915926,1.246018601095681,0.06922325561642673,0.6922325561642672,True,44.0,85.0,61.0,34.0,49.0,60.0,56.5,34.0,True
Kaoru Mitoma,15.011877369135618,8.492365324869752,32.693657882511616,89.0,13.0,73.0,89.0,11.0,12.0,20.0,68.0,26.0,161.0,63.0,45.0,46.0,42.0,80.0,2404.0,13.0,5,13.903038929914217,7.841940618377613,30.254999966523066,82.32599495560436,67.58818646526922,82.32599495560436,11.10886600424978,62.71895053867193,24.004448433293014,174.22290388548055,67.96932515337423,41.49171860644136,42.37119940971348,45.41104294478527,74.02210027066624,2222.0438103278857,48.0,48.0,28.0,ENG-Premier League,Brighton,"MF,FW",2,26000000.0,49400000.0,2027.0,85.0,86.0,79.0,35.52,506.0,60.0,84.0,52.0,78.0,RW,81.0,81.0,45.8333333333335,40.949245770481,81.595349019301,13.4594298245615,0.3127474451903254,0.1686727794284901,1.8541666666666667,1.5208333333333333,0.8202247191011236,0.5416666666666666,3.3541666666666665,1.3125,0.9375,0.875,0.9583333333333334,0.17692427760145316,0.6811178725523254,1.4166666666666667,0.25,1.6666666666666667,-2.011877369135618,10.541666666666666,0.2708333333333333,0.375,1.408087218026442,0.28964664437321286,0.5000926756936045,3.6296438309475114,1.416027607361963,0.8644108043008617,0.8827333210356976,0.16337376288286695,0.6303124993025638,1.3066448028889985,0.23143470842187042,1.5421270889722134,True,66.0,41.0,56.0,48.0,70.0,75.0,56.5,41.0,False
Iliman Ndiaye,10.19399249739945,6.365733444690705,26.972875125706196,80.0,11.0,58.0,80.0,15.0,10.0,6.0,48.0,42.0,350.0,123.0,89.0,108.0,19.0,141.0,2822.0,15.0,3,11.822089646613456,7.258043549648018,31.024619153031715,92.24401312924942,66.96992330106843,92.24401312924942,11.401865559165355,55.01393308101953,48.15698161235221,303.2965235173824,107.02862985685071,103.47936832233648,124.05841176273572,16.5439672801636,162.8007334963325,3249.2232307331615,57.9,57.9,25.0,ENG-Premier League,Everton,"MF,FW",2,36500000.0,72100000.0,2029.0,86.0,87.0,79.0,35.18,507.0,66.0,86.0,59.0,80.0,RM,82.0,83.0,26.516942474389502,50.928951623770004,84.451295001315,19.1389063482085,0.17606204658720984,0.1274249062174931,1.381692573402418,1.001727115716753,0.725,0.7253886010362695,6.0449050086355784,2.1243523316062176,1.53713298791019,0.3281519861830743,1.8652849740932642,0.10994358280985675,0.4658527655562383,0.8290155440414508,0.17271157167530224,2.435233160621762,0.8060075026005507,8.756476683937825,0.2590673575129534,0.31088082901554404,1.1566480708301976,0.20418116833529285,0.8317267981407982,5.238281926034238,1.8485082876830867,1.787208433891822,2.1426323275083887,0.12535481087474987,0.5358310734547792,0.9501542846462786,0.19692341207539474,2.811757055204361,True,59.0,22.0,91.0,55.0,51.0,72.0,56.2,22.0,False
Rodrigo Muniz,11.383613789454103,1.742494654841721,12.524309318512678,72.0,9.0,66.0,71.0,8.0,2.0,11.0,15.0,10.0,29.0,18.0,49.0,36.0,145.0,11.0,703.0,9.0,2,10.692890810163401,1.6396488878563202,11.762530281821505,67.66654215561908,62.02404665835771,66.73155171584852,1.8808318324204578,14.111664219593106,9.404159162102289,30.83231083844581,19.153374233128833,46.00984870058545,33.78986726629215,154.12474437627813,10.339149601872844,660.9007955146436,21.799999999999997,21.799999999999997,24.0,ENG-Premier League,Fulham,FW,2,11500000.0,22700000.0,2030.0,68.0,68.0,78.0,35.4,214.0,78.0,71.0,77.0,78.0,ST,76.0,81.0,52.299843014128996,46.3721210296555,54.06926406926401,11.8189102564105,0.5221841187822983,0.15810574707575142,3.3027522935779823,3.027522935779817,0.9295774647887324,0.4587155963302753,1.3302752293577984,0.8256880733944956,2.247706422018349,6.651376146788992,1.6513761467889911,0.07993094746980373,0.5745096017666367,0.6880733944954129,0.09174311926605505,0.5045871559633028,-2.3836137894541025,9.816513761467892,0.4128440366972478,0.5045871559633028,2.8451397549705377,0.4904995784478625,0.43138344780285737,1.414326185249808,0.8785951483086621,2.1105435183754797,1.5499939112978052,0.07521325173652846,0.5395656092578672,0.6473240467703261,0.08627668956057147,0.474272917517103,True,56.0,93.0,26.0,76.0,21.0,50.0,56.1,21.0,True
Ollie Watkins,35.93784612324089,6.692425791174173,40.64644593372941,167.0,30.0,153.0,167.0,31.0,11.0,46.0,48.0,27.0,92.0,32.0,65.0,93.0,88.0,36.0,1671.0,32.0,11,33.71281810215826,6.317897596423138,38.10384892176252,156.9196194479783,143.9979091763925,156.9196194479783,10.420675922340836,45.152054870291494,25.22131755074949,98.21676891615543,34.48670756646217,61.094120250013816,87.572266165164,93.2351738241309,33.35914597046296,1566.8754798384866,60.4,60.4,29.0,ENG-Premier League,Aston Villa,FW,2,30500000.0,58000000.0,2028.0,77.0,77.0,84.0,35.01,591.0,76.0,77.0,84.0,85.0,ST,82.0,82.0,39.989759344598,37.322557749387,73.42183250111651,19.162363740677,0.5949974523715379,0.21519668337269993,2.7649006622516556,2.533112582781457,0.9161676646706587,0.4470198675496689,1.5231788079470199,0.5298013245033113,1.076158940397351,1.456953642384106,1.5397350993377483,0.11080175150950618,0.6729544028763148,0.794701986754967,0.18211920529801326,0.5960264900662252,-5.937846123240888,9.78476821192053,0.5298013245033113,0.7119205298013245,2.3840713439800085,0.5581592401019579,0.4175714826283028,1.6261054456317126,0.5709719795771883,1.0114920571194341,1.4498719563768874,0.10460095358316454,0.6308584258569954,0.7475505773227069,0.17252774705862312,0.5523037412328305,True,89.0,89.0,21.0,36.0,43.0,46.0,56.0,21.0,False
Mikel Oyarzabal,18.14873036928475,8.858953930437565,34.40441262163222,122.0,13.0,98.0,122.0,20.0,17.0,27.0,57.0,37.0,141.0,54.0,64.0,74.0,72.0,45.0,2073.0,24.0,7,16.975284978754576,8.315979676780849,32.170039824984094,114.38773668992805,91.59913258983892,114.38773668992805,16.027500597839083,53.66891671558078,34.693178112567665,150.37423312883436,57.92842535787321,60.03137024717929,69.20917846040132,77.22085889570553,42.49608687145373,1940.8477575599472,55.1,55.1,28.0,ESP-La Liga,Real Sociedad,FW,2,,,,,,,34.35,671.0,,,,,,,,32.831275033378,47.5332068311195,75.5598455598455,19.958787165146,0.3293780466294873,0.1487600849941373,2.2141560798548094,1.778584392014519,0.8032786885245902,0.6715063520871143,2.558983666061706,0.9800362976406534,1.161524500907441,1.306715063520871,1.3430127041742286,0.16077956316583603,0.6243995031149223,1.0344827586206897,0.308529945553539,0.8166969147005444,-5.148730369284749,12.17785843920145,0.4355716878402904,0.5626134301270417,1.6624161994526119,0.3080813970735858,0.6296402561264549,2.7291149388173204,1.051332583627463,1.0894985525803864,1.2560649448348695,0.15092522099420777,0.5838482726857367,0.9740275265985622,0.290880228635918,0.7712538452169461,True,72.0,49.0,58.0,49.0,58.0,44.0,55.9,44.0,False
Amad Diallo,10.475873640738428,10.403144674375653,30.946167511865497,101.0,10.0,70.0,100.0,9.0,14.0,7.0,90.0,39.0,222.0,76.0,66.0,60.0,23.0,80.0,2734.0,10.0,9,9.73660434074198,9.667795351983653,28.811774289450604,93.8374912214359,65.0520663389336,92.89529468964398,12.993506563664848,83.41697369131867,35.92850737399384,239.18609406952964,81.90593047034764,61.39599157257847,55.54556750040517,24.738241308793455,74.22043109502458,2538.7987466911563,47.1,47.1,23.0,ENG-Premier League,Manchester Utd,"MF,FW",2,,,,,,,35.24,662.0,,,,,,,,40.3125,50.4421853045705,86.945477813931,10.3974307507027,0.22241769937873518,0.10372152119542997,2.1443736730360934,1.4861995753715498,0.7,0.8280254777070063,4.713375796178344,1.613588110403397,1.4012738853503184,0.4883227176220807,1.2738853503184713,0.2208735599655128,0.6570311573644478,1.910828025477707,0.29723991507430997,1.6985138004246283,-0.47587364073842764,14.0552016985138,0.21231422505307854,0.4033970276008492,1.3811479052852145,0.20672196052530742,0.762813320042332,5.078261020584494,1.7389794155063194,1.3035242372097338,1.1793114118981989,0.2052610478128164,0.6117149530668918,1.7710610125545365,0.27587062767865916,1.575805331104556,True,23.0,25.0,87.0,63.0,81.0,77.0,55.9,23.0,False
Lucas Stassin,8.409047394990921,3.849006508477032,12.509913020767272,44.0,12.0,36.0,44.0,11.0,7.0,2.0,18.0,8.0,37.0,16.0,26.0,20.0,17.0,21.0,754.0,12.0,4,8.7304122635893,3.996102298609912,12.987998868694682,45.68152866242038,37.37579617834395,45.68152866242038,7.2675159235668785,18.687898089171973,8.305732484076433,35.63803680981596,15.411042944785278,26.993630573248407,20.76433121019108,16.37423312883436,21.802547770700635,782.8152866242037,21.0,21.0,19.0,FRA-Ligue 1,Saint-Étienne,FW,1,,,,,,,,0.0,,,,,,,,34.69387755102,42.567567567568,76.545842217484,27.272727272727,0.400430828332901,0.19111471352252093,2.0952380952380953,1.7142857142857142,0.8181818181818182,0.38095238095238093,1.7619047619047619,0.7619047619047619,1.2380952380952381,0.8095238095238095,0.9523809523809523,0.183286024213192,0.5957101438460606,0.8571428571428571,0.3333333333333333,1.0,3.590952605009079,0.0,0.5714285714285714,0.7619047619047619,1.7797998180163783,0.4157339173137761,0.39551107067030633,1.697049371895998,0.733859187846918,1.2854109796784956,0.9887776766757658,0.19029058564809104,0.6184761366045086,0.8898999090081892,0.346072186836518,1.0382165605095541,True,91.0,64.0,21.0,50.0,66.0,34.0,55.9,21.0,True
Sergio Camello,7.825776964426041,3.9012207817286253,12.808636520057917,59.0,8.0,43.0,59.0,7.0,7.0,9.0,36.0,16.0,81.0,20.0,24.0,45.0,15.0,30.0,837.0,8.0,3,7.278263860804915,3.6392856681672923,11.927177176884719,54.9454292376941,40.03472586272348,54.9454292376941,6.557244346427085,33.50930421735751,14.910703374970623,87.44171779141105,21.550102249488752,22.25467560874202,41.86276324590104,16.006134969325156,27.83425586145809,779.290214935194,21.7,21.7,24.0,ESP-La Liga,Rayo Vallecano,"FW,MF",2,4700000.0,10200000.0,2027.0,76.0,76.0,73.0,35.24,230.0,58.0,75.0,75.0,75.0,CAM,73.0,78.0,29.1505791505795,43.58010410642,81.1418936069915,13.9467592592595,0.3606348831532738,0.13264028753264476,2.71889400921659,1.9815668202764978,0.7288135593220338,0.7373271889400922,3.7327188940092166,0.9216589861751152,1.1059907834101383,0.6912442396313364,2.0737327188940093,0.17977975952666478,0.5902597474681068,1.6589861751152075,0.3225806451612903,1.3824884792626728,0.17422303557395935,10.599078341013826,0.3686635944700461,0.5069124423963134,1.8449182425218194,0.3354038645532219,0.6871291877866647,4.029572248452122,0.9930922695616937,1.0255610879604617,1.9291595965853017,0.16770901696623466,0.5496395012389271,1.5442075676201619,0.3021771588215247,1.2826846019105111,True,46.0,54.0,72.0,33.0,70.0,68.0,55.8,33.0,True
Federico Viñas,8.392383448779583,3.027751691639424,8.796410974115133,60.0,7.0,49.0,57.0,9.0,5.0,10.0,27.0,7.0,89.0,50.0,69.0,55.0,93.0,49.0,1058.0,9.0,1,8.902116066059037,3.2116498421077617,9.330683224169848,63.64425162689805,51.9761388286334,60.46203904555314,5.303687635574837,28.63991323210412,7.425162689804772,83.9038854805726,47.13701431492843,73.19088937093275,58.34056399132321,87.67484662576688,51.9761388286334,1122.2603036876355,27.1,27.1,27.0,ESP-La Liga,Oviedo,"FW,MF",1,6500000.0,14800000.0,2027.0,77.0,75.0,72.0,35.43,491.0,86.0,75.0,80.0,74.0,ST,75.0,76.0,46.733668341709,56.610169491525,71.953578336557,15.789473684211,0.3096820460804274,0.13987305747965972,2.214022140221402,1.8081180811808117,0.8596491228070176,0.25830258302583026,3.284132841328413,1.8450184501845017,2.5461254612546123,3.431734317343173,2.029520295202952,0.11172515467304146,0.32459081085295693,0.9963099630996309,0.18450184501845018,1.8081180811808117,-1.392383448779583,18.118081180811807,0.33210332103321033,0.36900369003690037,1.917938702163594,0.328491367751256,0.27399124316622775,3.0960843350764793,1.7393732219530784,2.7007708254956735,2.152788339163218,0.11851106428441925,0.3443056540284076,1.0568233664983069,0.19570803083301982,1.917938702163594,True,51.0,63.0,36.0,79.0,36.0,84.0,55.7,36.0,False
Oumar Diakité,5.367392040789127,1.737616403028369,10.243458840996029,27.0,4.0,26.0,27.0,4.0,2.0,7.0,11.0,12.0,59.0,20.0,25.0,38.0,25.0,20.0,655.0,4.0,1,5.9515979772015495,1.9267447190042457,11.358393136614644,29.93877551020408,28.829931972789115,29.93877551020408,2.217687074829932,12.197278911564624,13.306122448979592,53.20858895705521,18.03680981595092,27.72108843537415,42.13605442176871,22.54601226993865,22.17687074829932,726.2925170068028,18.1,18.1,20.0,FRA-Ligue 1,Reims,FW,1,,,,,,,,0.0,,,,,,,,29.411764705882,37.790697674419,83.673469387755,14.814814814815,0.29654099672868106,0.19879229780700472,1.4917127071823204,1.43646408839779,0.9629629629629629,0.6629834254143646,3.2596685082872927,1.1049723756906076,1.3812154696132595,1.3812154696132595,2.0994475138121547,0.09600090624466126,0.565936952541217,0.6077348066298343,0.11049723756906077,1.1049723756906076,-1.3673920407891273,0.0,0.22099447513812154,0.2762430939226519,1.5928139211485697,0.32881756780119054,0.7351448866839553,2.9397010473511167,0.996508829610548,1.5315518472582401,2.3279588078325255,0.10644998447537268,0.6275355324096488,0.6738828127936256,0.12252414778065923,1.225241477806592,True,78.0,58.0,67.0,34.0,44.0,40.0,55.7,34.0,True
Brahim Díaz,8.051312699913979,6.93565227277577,25.370969254523516,43.0,5.0,35.0,43.0,5.0,11.0,8.0,53.0,17.0,113.0,40.0,71.0,59.0,5.0,49.0,1705.0,5.0,8,6.539299795339446,5.659646488250848,20.631476126191473,34.9966052646224,28.470799710612717,34.9966052646224,8.991351772497078,43.276323112026276,13.873459847515164,138.48875255623722,49.13087934560327,57.934893427569705,48.15843118704436,6.139059304703476,39.976682063553895,1390.0469280427403,29.4,29.4,25.0,ESP-La Liga,Real Madrid,"FW,MF",2,,,,,,,35.78,247.0,,,,,,,,18.8235294117645,52.786978122548504,89.4925290308105,10.47619047619035,0.27385417346646185,0.18723983023055765,1.4625850340136055,1.1904761904761905,0.813953488372093,0.5782312925170068,3.8435374149659864,1.3605442176870748,2.414965986394558,0.17006802721088435,2.0068027210884356,0.23590653989033233,0.8629581379089631,1.8027210884353742,0.3741496598639456,1.6666666666666667,-3.0513126999139786,8.401360544217688,0.17006802721088435,0.44217687074829937,0.9683945479800244,0.22242516310678387,0.4718863893712641,4.710501787627116,1.6711183450885467,1.970574606379922,1.6380418771103524,0.19250498259356627,0.7017508886459685,1.4719837793206216,0.3058282915815333,1.3597510905970713,True,61.0,24.0,59.0,57.0,82.0,73.0,55.7,24.0,False
Jorge de Frutos,18.39760907366872,7.478993365075439,30.115911828354,115.0,15.0,98.0,115.0,16.0,12.0,23.0,63.0,35.0,180.0,68.0,72.0,73.0,34.0,60.0,1971.0,16.0,4,17.038758223745653,6.967499758060998,27.969581093900224,106.76692998788843,90.81491711708455,106.76692998788843,11.222805907554365,58.60150400404923,32.65893092789096,192.8466257668712,73.03476482617587,66.85949492940941,67.9326271263038,36.646216768916155,55.85944792928288,1837.0767982067646,55.099999999999994,55.099999999999994,28.0,ESP-La Liga,Rayo Vallecano,"FW,MF",2,,,,,,,35.77,655.0,,,,,,,,37.377450980392,41.066842389835,74.9503424732285,13.705738705739,0.33389490151848855,0.15997920933624973,2.087114337568058,1.7785843920145192,0.8521739130434782,0.6352087114337569,3.266787658802178,1.2341197822141563,1.3067150635208713,0.6170598911070782,1.32486388384755,0.13573490680717676,0.5465682727468967,1.1433756805807624,0.21778584392014522,1.088929219600726,-3.3976090736687183,11.887477313974593,0.29038112522686027,0.3629764065335754,1.6481836137401915,0.3092333615924801,0.5927210694717052,3.4999387616492053,1.3254948244315041,1.2134209606063415,1.232897044034552,0.12645190123522684,0.5076149018856666,1.0635481670426359,0.20368068797739322,1.0137830840160234,True,64.0,52.0,62.0,45.0,47.0,72.0,55.5,45.0,False
Williot Swedberg,10.604115275666118,4.3347863629460335,18.096103586256504,55.0,9.0,45.0,55.0,8.0,7.0,11.0,26.0,14.0,77.0,51.0,66.0,34.0,10.0,20.0,1133.0,9.0,10,9.974809452055178,4.06964322505221,17.003178837045883,51.50950604122246,42.21259772565743,51.50950604122246,6.617892679459843,24.299395877754087,13.177860696517413,82.3721881390593,54.06952965235175,62.1821250888415,32.061300639658846,10.830265848670757,18.82551528073916,1063.3664712153518,29.1,29.1,21.0,ESP-La Liga,Celta Vigo,"FW,MF",2,11500000.0,26500000.0,2029.0,74.0,75.0,72.0,34.93,297.0,56.0,77.0,60.0,72.0,CAM,75.0,82.0,23.641304347826,47.2520395019325,76.93340494092351,17.1195652173915,0.3644025867926501,0.19280209592120215,1.8900343642611683,1.5463917525773194,0.8181818181818182,0.4810996563573883,2.6460481099656357,1.7525773195876289,2.268041237113402,0.3436426116838488,1.1683848797250858,0.1489617306854307,0.6218592297682647,0.8934707903780068,0.24054982817869414,0.6872852233676976,-1.6041152756661177,10.206185567010309,0.30927835051546393,0.6529209621993127,1.4506047328404614,0.3427769571152982,0.45284744661571863,2.830659386221969,1.8580594382251459,2.136842786558127,1.1017629085793417,0.13985028264784224,0.5843016782489994,0.8350307861771163,0.22741899242130045,0.6469249237367409,True,70.0,49.0,48.0,62.0,52.0,48.0,55.3,48.0,False
Amine Adli,6.384001225233078,2.1955463867634535,11.52044546790421,39.0,5.0,30.0,40.0,5.0,2.0,8.0,27.0,13.0,91.0,51.0,31.0,15.0,52.0,23.0,1176.0,5.0,1,5.8095653264799605,2.0052829327476336,10.436524582935654,35.215214840589084,26.730852484220748,36.0412283541026,1.8020614177051302,24.702915115714518,11.48834762906619,98.8159509202454,55.04294478527608,28.90717551383719,13.74051221880563,57.37014314928426,20.19858593623563,1072.6651055996115,20.7,20.7,25.0,GER-Bundesliga,Leverkusen,"MF,FW",2,14000000.0,27700000.0,2030.0,84.0,87.0,77.0,34.83,317.0,67.0,71.0,74.0,78.0,ST,77.0,80.0,48.7647690655205,50.579268292683,79.156132324073,12.5,0.30840585629145306,0.16369233910854047,1.884057971014493,1.4492753623188406,0.75,0.6280193236714976,4.396135265700483,2.4637681159420293,1.497584541062802,2.5120772946859904,0.7246376811594203,0.10606504283881418,0.556543259319044,1.3043478260869565,0.0966183574879227,1.1111111111111112,-1.384001225233078,15.31400966183575,0.24154589371980678,0.2898550724637681,1.2913455306386834,0.2806553297816406,0.5549926390853233,4.7737174357606476,2.6590794582258974,1.3964819088810236,0.6637928608118662,0.09687357163032047,0.5041799315427852,1.1933775418219574,0.08705610713551354,0.975777098368871,True,58.0,32.0,69.0,76.0,40.0,59.0,55.1,32.0,True
Jonathan Ikone,7.061513680964708,3.032117278315127,13.497572872787714,50.0,5.0,42.0,50.0,5.0,7.0,9.0,19.0,16.0,89.0,37.0,32.0,38.0,9.0,33.0,1037.0,5.0,1,6.595459179684942,2.9048189733027314,12.636099263706718,46.64606227106227,39.033424908424905,46.64606227106227,6.717032967032967,18.06135531135531,14.926739926739927,94.9079754601227,39.852760736196316,30.00274725274725,35.30173992673993,9.619631901840492,30.898351648351646,972.4024725274725,21.9,18.2,27.0,ITA-Serie A,Como,"MF,FW",2,6000000.0,11400000.0,2027.0,80.0,82.0,64.0,33.85,204.0,50.0,76.0,39.0,72.0,RW,75.0,75.0,32.887700534759,46.609109109109,83.239946636173,10.0,0.3224435470760141,0.14123027361929416,2.2831050228310503,1.9178082191780823,0.84,0.7305936073059361,4.06392694063927,1.6894977168949772,1.4611872146118723,0.4109589041095891,1.7351598173515983,0.1384528437586816,0.6163275284377951,0.8675799086757991,0.31963470319634707,1.5068493150684932,-2.0615136809647083,9.315068493150685,0.22831050228310504,0.27397260273972607,1.7823481693344707,0.30116251962031704,0.6815862980246542,4.333697509594644,1.8197607642098776,1.3699884590295548,1.6119515948283072,0.132640135767248,0.5769908339592109,0.8247194206098316,0.30671383411109443,1.4108836369110342,True,34.0,55.0,80.0,50.0,56.0,46.0,54.8,34.0,True
Issa Soumaré,16.167380928061903,7.092116344720125,22.680806905031204,120.0,12.0,87.0,120.0,11.0,12.0,24.0,57.0,31.0,193.0,61.0,134.0,75.0,223.0,42.0,2214.0,13.0,9,17.243130475218315,7.643830222490802,24.240107981561337,129.07012501298613,93.28397290973044,129.07012501298613,12.787507606152204,62.004655212502286,33.7008642567738,177.49079754601223,56.562372188139065,145.22989625950459,81.13995320052044,207.04089979550105,45.26187425484444,2395.652219512316,53.9,53.9,24.0,FRA-Ligue 1,Le Havre,"MF,FW",2,4200000.0,8700000.0,2029.0,83.0,83.0,68.0,35.52,488.0,62.0,70.0,82.0,70.0,ST,73.0,76.0,60.337378194520994,47.0400260443435,67.507188709452,11.008758683177,0.2999514086838943,0.13472817440051585,2.226345083487941,1.614100185528757,0.725,0.575139146567718,3.580705009276438,1.1317254174397031,2.4860853432282006,4.137291280148423,1.391465677179963,0.13157915296326764,0.42079419118796296,1.0575139146567718,0.22263450834879406,0.7792207792207793,-4.1673809280619025,9.053803339517625,0.24118738404452691,0.40816326530612246,1.7306859537983383,0.3199096563120281,0.6252479453946902,3.292964704007648,1.0493946602623203,2.694432212606764,1.5053794656868356,0.14181503195715775,0.4497237102330489,1.150364660714328,0.23724503907518005,0.8397379268060193,True,35.0,46.0,62.0,82.0,47.0,58.0,54.7,35.0,False
Daniel Mosquera,8.264279957860708,2.847558567300439,12.100528923794625,73.0,5.0,63.0,73.0,4.0,4.0,7.0,18.0,13.0,75.0,16.0,23.0,32.0,98.0,23.0,793.0,5.0,3,10.390800251318485,3.551481365419413,15.213844405297744,91.48594238111767,78.85028346638899,91.48594238111767,4.959967603841259,22.50844614138609,16.237764665046857,60.00000000000001,12.8159509202454,28.77912761772533,39.726888811755174,78.07975460122701,28.731979636700217,991.1165683211848,21.9,21.9,25.0,ITA-Serie A,Hellas Verona,FW,2,2500000.0,4700000.0,2028.0,69.0,64.0,77.0,34.78,140.0,82.0,70.0,73.0,70.0,ST,71.0,74.0,38.0655770380705,31.462858675248,71.4342502782635,4.3859649122807,0.37736438163747527,0.11320931449124258,3.3333333333333335,2.8767123287671237,0.863013698630137,0.5936073059360731,3.4246575342465757,0.7305936073059361,1.0502283105022832,4.474885844748859,1.4611872146118723,0.13002550535618443,0.5525355672965583,0.8219178082191781,0.18264840182648404,1.0502283105022832,-3.2642799578607082,6.392694063926941,0.22831050228310504,0.36529680365296807,3.6004695646752967,0.47446576490038744,0.7414504413263405,2.7397260273972606,0.58520323836737,1.31411541633449,1.8140131877513779,0.16216809887759878,0.694696091566107,1.0277829288304152,0.22648253898818535,1.3119625404885944,True,21.0,90.0,61.0,33.0,62.0,51.0,54.6,21.0,True
Andrej Ilic,15.265192305669188,5.095585748553276,17.641160069033504,98.0,11.0,94.0,100.0,11.0,7.0,18.0,36.0,13.0,66.0,6.0,40.0,45.0,223.0,8.0,1128.0,12.0,10,18.59871057362497,6.200442372591568,21.485290668665485,119.37317164179103,114.5075,121.8120895522388,8.514925373134329,43.827537313432835,15.831679104477612,54.192229038854805,4.924335378323109,48.70537313432836,54.7935447761194,183.1083844580777,9.737425373134329,1374.071753731343,35.5,35.5,25.0,GER-Bundesliga,Union Berlin,FW,2,5500000.0,10300000.0,2027.0,71.0,70.0,73.0,34.4,432.0,84.0,67.0,79.0,77.0,ST,74.0,76.0,47.039199332777,27.155887230514,56.6335094041565,15.9722222222222,0.4300054170611039,0.1557672684251958,2.76056338028169,2.647887323943662,0.94,0.36619718309859156,1.8591549295774648,0.16901408450704225,1.1267605633802817,6.28169014084507,1.267605633802817,0.1435376267198106,0.496934086451648,1.0140845070422535,0.19718309859154928,0.22535211267605634,-4.2651923056691885,12.169014084507042,0.3380281690140845,0.6197183098591549,3.22556338028169,0.5239073401021118,0.4459627916754257,1.5265416630663324,0.13871367262881998,1.3719823418120665,1.5434801345385745,0.17466034852370615,0.6052194554553658,1.2345785158713474,0.2398570527643473,0.2742936724826571,True,59.0,95.0,19.0,44.0,61.0,32.0,54.6,19.0,False
Kai Havertz,16.72613048925996,4.405855203047395,20.539365377277136,71.0,11.0,62.0,71.0,10.0,5.0,21.0,28.0,10.0,55.0,24.0,31.0,31.0,82.0,12.0,1107.0,11.0,6,14.411775686217478,3.7975032924349463,17.68603342108119,61.154713382941324,53.39723479041244,61.154713382941324,4.312249934562315,24.147075870321206,8.616881052985827,63.854805725971374,27.84458077709612,26.70242680327562,26.70242680327562,95.24130879345604,10.33568597389971,953.4156040833115,27.3,27.3,26.0,ENG-Premier League,Arsenal,"FW,MF",2,38000000.0,73200000.0,2028.0,72.0,71.0,80.0,34.88,120.0,75.0,78.0,81.0,84.0,ST,82.0,84.0,42.6518883415435,39.285714285714,76.968352451723,14.0461215932915,0.6126787725003647,0.2355793026656332,2.600732600732601,2.271062271062271,0.8732394366197183,0.3663003663003663,2.0146520146520146,0.8791208791208791,1.1355311355311355,3.0036630036630036,1.1355311355311355,0.16138663747426354,0.7523577061273676,1.0256410256410255,0.18315018315018314,0.43956043956043955,-5.726130489259958,4.395604395604395,0.40293040293040294,0.6227106227106227,1.955942666315474,0.5279038712900175,0.3156366686075394,2.339003872746204,1.0199480138130446,0.9781108719148579,0.9781108719148579,0.1391026847045768,0.6478400520542561,0.8845082736381394,0.15795787306089065,0.3785965558205022,True,79.0,78.0,25.0,45.0,53.0,29.0,54.5,25.0,False
Ansgar Knauff,8.939077816903591,8.310043331235647,23.542605210095644,64.0,8.0,49.0,65.0,8.0,11.0,8.0,45.0,18.0,124.0,54.0,40.0,32.0,32.0,37.0,1466.0,8.0,6,8.444316797780239,7.900514653854511,22.270498531537967,59.74619352478507,45.74614230839583,60.63528443387598,10.443687580025607,42.66384122919334,17.046573989390893,131.23108384458078,56.292433537832316,38.21838668373879,30.062721785256997,33.93251533742332,35.361488933601606,1383.8082824218036,32.4,32.4,23.0,GER-Bundesliga,Frankfurt,"MF,FW",2,15000000.0,26600000.0,2028.0,89.0,88.0,75.0,36.31,357.0,55.0,71.0,48.0,73.0,RM,77.0,81.0,33.621453900709,44.4505494505495,69.56999372253651,12.380952380952,0.27589746348467875,0.1396730908891186,1.9753086419753088,1.5123456790123457,0.7538461538461538,0.5555555555555556,3.8271604938271606,1.6666666666666667,1.234567901234568,0.9876543209876544,0.9876543209876544,0.2564828188652978,0.7266236175955446,1.3888888888888888,0.3395061728395062,1.1419753086419753,-0.9390778169035912,11.018518518518519,0.2469135802469136,0.4320987654320988,1.4119179724813529,0.2606270616598839,0.5261288268330523,4.050342093968543,1.7374207882047012,1.179579835917864,0.9278617834955863,0.24384304487205283,0.6873610657882089,1.3167852231232513,0.3223360364205434,1.0914039794321484,True,47.0,34.0,62.0,51.0,78.0,76.0,54.5,34.0,False
Tanguy Coulibaly,4.956881604157388,1.4983827639371157,6.335359319113195,30.0,3.0,23.0,30.0,3.0,1.0,4.0,18.0,11.0,75.0,36.0,21.0,34.0,22.0,32.0,690.0,3.0,0,5.350805970050691,1.617459539879138,6.83883158288378,32.384105960264904,24.827814569536425,32.384105960264904,1.0794701986754969,19.430463576158942,11.874172185430464,69.47852760736197,33.34969325153374,22.66887417218543,36.70198675496689,20.380368098159508,34.54304635761589,744.8344370860927,16.5,16.5,23.0,FRA-Ligue 1,Montpellier,"MF,FW",1,,,,,,,,0.0,,,,,,,,48.888888888889,42.512077294686,82.122905027933,10.0,0.30041706691862957,0.16522938680524626,1.8181818181818181,1.393939393939394,0.7666666666666667,0.6666666666666666,4.545454545454546,2.1818181818181817,1.2727272727272727,1.3333333333333333,2.0606060606060606,0.09081107660224944,0.38396117085534515,1.0909090909090908,0.06060606060606061,1.9393939393939394,-1.9568816041573882,0.0,0.18181818181818182,0.18181818181818182,1.5047160345173591,0.3242912709121631,0.7196467991169978,4.210819854991635,2.0211935303959843,1.373871161950632,2.224362833634357,0.09802785090176594,0.41447464138689577,1.177603853100542,0.06542243628336344,2.0935179610676298,True,52.0,44.0,83.0,53.0,36.0,55.0,54.4,36.0,True
Malick Fofana,7.09745760820806,5.211243499070406,18.47632286697626,50.0,7.0,42.0,50.0,7.0,9.0,8.0,36.0,16.0,83.0,33.0,58.0,23.0,2.0,31.0,1277.0,7.0,5,6.231085753237303,4.582732581622552,16.21827405834732,43.8941430909516,36.87222352115969,43.8941430909516,7.888940846387655,31.498597147533317,13.929506663549216,94.99386503067485,37.65644171779141,50.91606266074351,20.08440495674538,2.3067484662576687,27.07774140752864,1117.847673602993,26.0,26.0,20.0,FRA-Ligue 1,Lyon,"MF,FW",2,31000000.0,65099999.99999999,2028.0,86.0,87.0,74.0,33.6,142.0,36.0,77.0,32.0,74.0,RM,78.0,86.0,7.142857142857,55.3688141923435,82.102318925424,13.3276740237695,0.27297913877723307,0.1419491521641612,1.9230769230769231,1.6153846153846154,0.84,0.6153846153846154,3.1923076923076925,1.2692307692307692,2.230769230769231,0.07692307692307693,0.8846153846153846,0.20043244227193868,0.71062780257601,1.3846153846153846,0.34615384615384615,1.1923076923076923,-0.09745760820806026,5.461538461538462,0.2692307692307692,0.46153846153846156,1.4181624431215265,0.23965714435528088,0.5357502562903544,3.6536101934874945,1.4483246814535158,1.958310102336289,0.7724771137209762,0.17625894544702123,0.6237797714748969,1.2114845056743584,0.30342080178414055,1.0414515925972554,True,50.0,39.0,60.0,66.0,72.0,30.0,54.4,30.0,False
Tammy Abraham,8.268648373894393,2.6209846297279,12.001561899669467,37.0,4.0,33.0,37.0,5.0,6.0,13.0,19.0,2.0,18.0,21.0,12.0,14.0,42.0,5.0,474.0,5.0,4,7.508533911788452,2.3782871952458398,10.895347812150257,33.598128128854384,29.965806739150715,33.598128128854384,5.446792632746344,17.250992423378698,1.8178501466610006,19.8159509202454,23.13087934560327,10.886827458256027,12.704677604917029,46.27402862985686,4.539557011225009,430.28310237248786,16.3,16.3,27.0,ENG-Premier League,Aston Villa,FW,2,11500000.0,21900000.0,2030.0,76.0,74.0,76.0,34.87,54.0,81.0,80.0,78.0,79.0,ST,77.0,77.0,48.069738480697,46.7105263157895,63.1818181818185,16.468253968254,0.5072790413432143,0.22347698307822686,2.2699386503067482,2.0245398773006134,0.8918918918918919,0.12269938650306748,1.1042944785276072,1.2883435582822085,0.7361963190184049,2.576687116564417,0.8588957055214723,0.1607966030507914,0.7362921410840163,1.165644171779141,0.36809815950920244,0.3067484662576687,-4.268648373894393,3.312883435582822,0.3067484662576687,0.5521472392638036,1.838393051481639,0.4606462522569602,0.11152454887490801,1.215702510444503,1.419072352490998,0.667903525046382,0.7794280739212901,0.1459071898923828,0.6684262461441876,1.0583430934588158,0.33415905722370204,0.2785004301365036,True,77.0,72.0,17.0,57.0,61.0,26.0,54.3,17.0,True
Riccardo Orsolini,14.39628323353827,6.361444059759378,26.390092654153705,157.0,18.0,111.0,157.0,22.0,9.0,13.0,56.0,23.0,131.0,37.0,90.0,53.0,52.0,65.0,2001.0,25.0,5,12.396223802262991,5.429684757025584,22.777730445409812,135.76522861632864,96.12065965726258,135.76522861632864,7.619088153857666,48.282178403053194,19.755958617077,151.73210633946832,42.715746421267895,77.6942677542468,45.84565591558781,60.063394683026594,56.122352765097645,1727.6118480131704,44.4,44.4,28.0,ITA-Serie A,Bologna,"MF,FW",2,36500000.0,62100000.0,2027.0,79.0,81.0,81.0,35.02,411.0,71.0,76.0,61.0,81.0,RM,83.0,83.0,55.7282003710575,52.1741699161055,70.643587578572,16.09756097561,0.32424061336797905,0.09169607155119917,3.536036036036036,2.5,0.7070063694267515,0.5180180180180181,2.9504504504504507,0.8333333333333334,2.027027027027027,1.1711711711711712,1.1936936936936937,0.1432757671116977,0.594371456174633,1.2612612612612613,0.20270270270270271,1.463963963963964,3.60371676646173,9.256756756756758,0.5630630630630631,0.6756756756756757,2.1648797220104186,0.279194229780698,0.44495402290713965,3.4173897824204578,0.962066360839367,1.7498708953659188,1.0325598179186444,0.12229019723030596,0.5130119469686895,1.0874364505192162,0.17160108454634382,1.264016954168866,True,44.0,53.0,44.0,84.0,44.0,60.0,54.3,44.0,False
Dejan Kulusevski,5.52329240180552,6.502650566399097,16.012717846781015,47.0,7.0,38.0,47.0,7.0,9.0,5.0,66.0,27.0,121.0,45.0,38.0,74.0,10.0,38.0,1424.0,7.0,4,4.937641653533636,5.813155625172136,14.31484282829235,42.016453382084094,33.970749542961606,42.016453382084094,8.045703839122487,59.001828153564894,24.137111517367455,135.3517382413088,50.33742331288344,33.970749542961606,66.15356489945155,11.186094069529652,33.970749542961606,1273.0091407678244,26.5,26.5,24.0,ENG-Premier League,Tottenham,"MF,FW",1,47500000.0,93800000.0,2028.0,74.0,77.0,82.0,,0.0,78.0,85.0,52.0,83.0,CAM,83.0,86.0,38.461538461538,35.380116959064,81.242078580482,14.893617021277,0.20842612837001961,0.11751685961288341,1.7735849056603774,1.4339622641509433,0.8085106382978723,1.0188679245283019,4.566037735849057,1.6981132075471699,1.4339622641509433,0.37735849056603776,2.792452830188679,0.24538304024147536,0.6042535036521138,2.490566037735849,0.33962264150943394,1.4339622641509433,1.47670759819448,0.0,0.2641509433962264,0.41509433962264153,1.2819150770928909,0.18632610013334477,0.9108343968817907,5.107612763822973,1.8995254080333372,1.2819150770928909,2.4963609396019453,0.21936436321404287,0.5401827482374472,2.2264840812666,0.30361146562726365,1.2819150770928909,True,51.0,27.0,94.0,32.0,77.0,42.0,54.2,27.0,False
Patrik Schick,28.683081859722733,4.085145927965641,31.860096774995327,140.0,32.0,127.0,141.0,34.0,6.0,25.0,25.0,13.0,52.0,15.0,43.0,46.0,108.0,20.0,1332.0,37.0,3,23.692613225345294,3.3743857411743217,26.316870477994446,115.64189189189187,104.9037162162162,116.46790540540539,4.95608108108108,20.650337837837835,10.738175675675674,62.952965235173835,18.15950920245399,35.518581081081074,37.996621621621614,130.74846625766872,16.520270270270267,1100.25,40.8,40.8,29.0,GER-Bundesliga,Leverkusen,FW,2,54000000.0,91800000.0,2030.0,72.0,72.0,86.0,33.79,279.0,85.0,85.0,88.0,87.0,ST,85.0,85.0,50.730837789660995,37.018821526530004,79.4457220944575,26.328502415459,0.7030167122481062,0.20487915614087668,3.431372549019608,3.1127450980392157,0.900709219858156,0.3186274509803922,1.2745098039215688,0.36764705882352944,1.053921568627451,2.647058823529412,1.1274509803921569,0.10012612568543239,0.7808847248773365,0.6127450980392157,0.14705882352941177,0.4901960784313726,3.3169181402772665,6.838235294117648,0.9068627450980393,0.9803921568627452,2.5711695151033385,0.5807013045427769,0.2631905802861685,1.5429648341954372,0.4450860098640684,0.8705534578696342,0.9312897456279808,0.08270553287191966,0.645021335244962,0.5061357313195548,0.12147257551669315,0.4049085850556438,True,93.0,91.0,10.0,47.0,36.0,19.0,54.0,10.0,False
Eli Junior Kroupi,7.326783983036876,1.81576990429312,11.65668847411871,52.0,11.0,33.0,52.0,11.0,3.0,3.0,22.0,20.0,61.0,9.0,12.0,20.0,8.0,15.0,742.0,13.0,0,7.151292151107848,1.772278409579512,11.37748635497814,50.75449101796407,32.20958083832335,50.75449101796407,2.92814371257485,21.473053892215567,19.520958083832333,62.49693251533743,9.220858895705522,11.7125748502994,19.520958083832333,8.196319018404909,14.64071856287425,724.2275449101796,18.6,18.6,19.0,ENG-Premier League,Bournemouth,"MF,FW",1,30500000.0,64099999.99999999,2030.0,80.0,81.0,81.0,34.81,459.0,59.0,79.0,72.0,81.0,ST,78.0,86.0,26.666666666667,32.142857142857,76.017130620985,25.0,0.39391311736757395,0.1408996919814784,2.7956989247311825,1.7741935483870965,0.6346153846153846,1.075268817204301,3.279569892473118,0.48387096774193544,0.6451612903225806,0.4301075268817204,1.075268817204301,0.09762203786522149,0.6267036814042316,1.182795698924731,0.16129032258064516,0.8064516129032258,3.6732160169631243,24.677419354838708,0.6989247311827956,0.6989247311827956,1.731697894533513,0.38447807264020684,1.0495138754748565,3.3600501352331946,0.49574510191965165,0.6297083252849139,1.0495138754748565,0.09528378546126408,0.6116928147837709,1.1544652630223422,0.15742708132122848,0.7871354066061425,True,72.0,50.0,75.0,20.0,48.0,59.0,53.9,20.0,True
Jack Grealish,4.3560916455462575,6.473878641612828,16.02786721009761,41.0,3.0,31.0,41.0,2.0,7.0,4.0,64.0,23.0,113.0,30.0,83.0,46.0,5.0,36.0,1502.0,3.0,7,4.45816307758767,6.617158777026407,15.746820972307914,40.99313951149746,30.784922568102083,40.99313951149746,7.1776240809850504,63.80272184853294,23.4470267492011,110.51942740286297,30.092024539877293,84.69632840957341,46.256609086236566,4.8364008179959095,36.04839214284118,1495.2187534916984,26.1,26.1,29.0,ENG-Premier League,Manchester City,"MF,FW",2,30000000.0,0.0,,72.0,75.0,76.0,34.86,203.0,67.0,86.0,48.0,78.0,LM,82.0,82.0,14.945652173913,57.0195627157655,87.5690455615985,7.1794871794872,0.16690006304774932,0.10624613769625019,1.5708812260536398,1.1877394636015326,0.7560975609756098,0.8812260536398467,4.329501915708812,1.1494252873563218,3.18007662835249,0.19157088122605362,1.7624521072796935,0.24804132726485928,0.6140945291225138,2.4521072796934864,0.2681992337164751,1.379310344827586,-1.3560916455462575,7.777777777777778,0.11494252873563218,0.38314176245210724,1.1794989489694283,0.17081084588458506,0.8983535152950612,4.234460820033064,1.1529511317960648,3.2450700540066437,1.7722838730358836,0.25353098762553283,0.6033264740347859,2.444548729828848,0.2750047540607299,1.3811644499172866,True,21.0,22.0,86.0,63.0,85.0,56.0,53.8,21.0,False
Crysencio Summerville,7.513069646432997,5.39447972457856,15.442818496376276,68.0,6.0,54.0,68.0,6.0,7.0,9.0,45.0,19.0,158.0,58.0,90.0,55.0,11.0,64.0,1638.0,6.0,3,8.374624486080272,5.8953014466803255,17.128045542253336,76.1305435921313,60.19767780235129,76.1305435921313,7.622541031311837,49.31646490513327,21.122075427773247,142.1513292433538,52.06952965235175,100.14605401001046,60.932894890001165,10.057259713701432,71.6765510417879,1822.8782737748804,36.099999999999994,36.099999999999994,23.0,ENG-Premier League,West Ham,"MF,FW",2,21000000.0,41500000.0,2029.0,89.0,91.0,78.0,35.79,599.0,46.0,77.0,50.0,78.0,CAM,78.0,83.0,29.5031055900625,51.130747831779004,81.00319086234549,8.2010582010582,0.20811827275437667,0.11048631832989701,1.883656509695291,1.4958448753462605,0.7941176470588235,0.5263157894736843,4.376731301939059,1.6066481994459836,2.4930747922437675,0.30470914127423826,1.5235457063711915,0.1494315713179657,0.42777890571679444,1.2465373961218837,0.19390581717451527,1.772853185595568,-1.5130696464329967,16.59279778393352,0.1662049861495845,0.24930747922437677,1.667525700896158,0.23198405778615716,0.5850990423205886,3.9377099513394413,1.442369242447417,2.7741289199448884,1.6878918252077888,0.16330474921552152,0.4744610953532781,1.3661070610840245,0.21115072108897057,1.985500028858391,True,26.0,42.0,65.0,65.0,59.0,89.0,53.7,26.0,False
Dominic Solanke,15.241229880601168,3.0587939582765102,21.006265353411436,80.0,11.0,75.0,80.0,12.0,7.0,15.0,20.0,22.0,72.0,40.0,45.0,64.0,66.0,30.0,1091.0,12.0,3,13.89869355699139,2.7800444352176306,19.13773472630632,73.04278749891182,68.49668103073039,73.04278749891182,6.334040654653086,18.336967876730213,20.20117306520414,77.55010224948876,42.80981595092024,40.9149582136328,58.205416993122654,72.06952965235175,27.810535823104374,1001.3265104030643,35.6,35.6,27.0,ENG-Premier League,Tottenham,FW,2,23000000.0,43700000.0,2030.0,71.0,68.0,81.0,34.25,257.0,84.0,78.0,83.0,83.0,ST,80.0,80.0,37.8887697257545,43.51068827813,72.7193674471975,15.0,0.4281244348483474,0.1905153735075146,2.2471910112359548,2.1067415730337076,0.9375,0.6179775280898876,2.0224719101123596,1.1235955056179774,1.2640449438202246,1.8539325842696628,1.797752808988764,0.08592117860327275,0.5900636335227931,0.5617977528089887,0.19662921348314605,0.8426966292134831,-4.241229880601168,7.219101123595506,0.33707865168539325,0.42134831460674155,1.9240640738969208,0.3904127403649267,0.5674486816068579,2.1783736586935043,1.2025229199696696,1.1492965790346292,1.6349836234023216,0.07809113582071996,0.5375768181546718,0.5150833673238824,0.17792249029924398,0.7811948264916959,True,76.0,74.0,47.0,43.0,28.0,34.0,53.7,28.0,False
Dženan Pejčinović,8.291429496370256,1.645487703382969,9.861923123709856,51.0,8.0,41.0,50.0,7.0,3.0,6.0,13.0,9.0,32.0,10.0,7.0,8.0,51.0,4.0,606.0,8.0,0,8.950351045750674,1.7762549380889003,10.645652113673552,55.05298013245033,44.25827814569536,53.97350993377484,3.23841059602649,14.033112582781458,9.715231788079471,29.644171779141104,9.263803680981596,7.556291390728477,8.635761589403973,47.24539877300614,4.317880794701987,654.158940397351,16.2,16.2,20.0,GER-Bundesliga,Wolfsburg,FW,1,4700000.0,8900000.0,2029.0,67.0,67.0,76.0,34.62,303.0,68.0,68.0,72.0,74.0,ST,72.0,79.0,36.95652173913,33.870967741935,67.801047120419,16.0,0.5118166355784108,0.1625770489484364,3.1481481481481484,2.5308641975308643,0.82,0.5555555555555556,1.9753086419753088,0.617283950617284,0.4320987654320988,3.1481481481481484,0.4938271604938272,0.10157331502364006,0.6087606866487566,0.8024691358024691,0.1851851851851852,0.2469135802469136,-0.29142949637025595,18.703703703703706,0.4938271604938272,0.4938271604938272,2.731992478129343,0.5524908052932515,0.5997056659308316,1.829887146860562,0.5718397333939257,0.46643774016842454,0.533071703049628,0.10964536654869755,0.657139019362565,0.8662415174556456,0.1999018886436105,0.266535851524814,True,64.0,87.0,40.0,30.0,46.0,39.0,53.7,30.0,True
Romain Del Castillo,3.575660875067115,11.004465617239475,18.367994915694,55.0,6.0,35.0,54.0,14.0,19.0,7.0,94.0,39.0,233.0,90.0,60.0,55.0,38.0,48.0,2642.0,15.0,7,3.8749563716880413,11.865853331902432,20.01213619232838,59.437631803932746,37.41010259333143,58.31349387289826,20.448161869478483,101.4580934739242,42.4756910800798,214.58486707566462,83.1676891615542,65.5135508691935,59.89286121402108,34.605316973415135,51.796280991735536,2866.407722998005,43.2,43.2,29.0,FRA-Ligue 1,Brest,"FW,MF",2,7500000.0,15000000.0,2027.0,82.0,79.0,68.0,34.55,355.0,61.0,76.0,63.0,74.0,RM,76.0,76.0,44.193548387096996,47.9649947753395,75.507548421882,27.922077922078,0.08276992766359062,0.06501201591031118,1.2731481481481481,0.8101851851851851,0.6481481481481481,0.9027777777777777,5.393518518518518,2.083333333333333,1.3888888888888888,0.8796296296296295,1.2731481481481481,0.25473300039906194,0.4251850674929166,2.1759259259259256,0.43981481481481477,1.111111111111111,2.424339124932885,8.217592592592592,0.3472222222222222,0.5092592592592592,0.8659745970678572,0.0896980641594454,0.983233589816662,4.967242293418162,1.9251779898507915,1.5165173812313308,1.386408824398636,0.2746725308310748,0.4632438933409347,2.34856697856306,0.4733370803120019,1.198987985919804,True,36.0,7.0,95.0,66.0,76.0,47.0,53.6,7.0,False
Brennan Johnson,13.756037529557942,4.229735616594553,21.717198653146625,77.0,13.0,69.0,77.0,13.0,5.0,11.0,38.0,26.0,119.0,68.0,41.0,29.0,23.0,28.0,1618.0,13.0,4,12.741937186692272,4.000806202304929,20.31249308697221,72.77749100859113,64.25461519159767,72.77749100859113,4.64122785006751,37.227204836840286,25.128460646903488,123.03680981595092,70.84662576687117,39.22353658099437,27.981754310499337,22.848670756646218,26.57361006559845,1566.7562103451983,43.4,36.6,24.0,ENG-Premier League,Crystal Palace,"MF,FW",2,24000000.0,47400000.0,2030.0,86.0,87.0,81.0,35.93,404.0,52.0,78.0,58.0,82.0,RM,79.0,82.0,37.962962962963,47.437304075235,70.900230146432,14.5330112721415,0.3169593900819802,0.17864983804620704,1.7741935483870968,1.5898617511520738,0.8961038961038961,0.599078341013825,2.741935483870968,1.566820276497696,0.9447004608294931,0.5299539170506913,0.6682027649769585,0.09745934600448279,0.5003962823305674,0.8755760368663594,0.1152073732718894,0.6451612903225806,-0.7560375295579416,9.308755760368664,0.2995391705069125,0.391705069124424,1.4805210873640016,0.293593022734845,0.5789967890991587,2.834949534929745,1.632410731955557,0.9037681239860454,0.6447408827303995,0.09218447470748685,0.4680297946306961,0.8577696967013891,0.10694073387252329,0.6122951628018076,True,73.0,49.0,58.0,54.0,27.0,60.0,53.5,27.0,False
Roberto Férnandez,11.798724672291428,4.0503013441339135,17.42388929054141,80.0,12.0,69.0,80.0,12.0,7.0,9.0,26.0,23.0,90.0,16.0,71.0,51.0,95.0,20.0,1243.0,13.0,3,13.851993251347315,4.738535670486987,20.49292005778792,93.84631885844315,81.00931544515029,93.84631885844315,8.14845453683512,30.588579690907366,26.97799137195411,76.28220858895705,13.660531697341515,83.76796719446288,60.023857495022284,80.45807770961144,23.894792358016495,1470.5468379634021,43.1,43.1,23.0,ESP-La Liga,Espanyol,FW,2,,,,,,,36.03,577.0,,,,,,,,36.388888888889,38.875575455635,71.27143284730849,20.217917675545,0.2737523125821677,0.14748405840364284,1.8561484918793503,1.6009280742459395,0.8625,0.5336426914153132,2.088167053364269,0.37122969837587005,1.6473317865429233,2.2041763341067284,1.1832946635730859,0.09397450914463837,0.40426657286639,0.6032482598607889,0.16241299303944315,0.46403712296983757,0.20127532770857215,13.387470997679815,0.30162412993039445,0.37122969837587005,1.8795664836461785,0.3213919547876407,0.6259394749873344,1.7698888303702331,0.31694969135363144,1.9435723246975147,1.3926649070770831,0.1099428229811366,0.4754737832433392,0.7097118257751128,0.18905926999617445,0.5544035349887818,True,71.0,61.0,40.0,53.0,33.0,66.0,53.3,33.0,False
Yann Gboho,11.045353254303336,8.625206284224989,28.71624126750976,108.0,13.0,72.0,107.0,9.0,9.0,8.0,87.0,49.0,254.0,57.0,130.0,117.0,7.0,127.0,2513.0,13.0,7,12.394236158027663,9.66040650364091,32.12270210150695,121.38297872340425,80.59829787234042,120.22695035460993,9.988085106382979,98.4936170212766,55.46624113475177,225.62576687116567,51.018404907975466,146.0526241134752,131.7872340425532,6.331288343558282,143.34751773049646,2827.622269503546,54.8,54.8,24.0,FRA-Ligue 1,Toulouse,"MF,FW",2,10000000.0,20800000.0,2027.0,79.0,81.0,73.0,35.0,437.0,61.0,75.0,53.0,75.0,CAM,76.0,79.0,13.8257575757575,48.791493674834,79.947114932519,12.017543859648999,0.2015575411369222,0.10227178939169755,1.9708029197080292,1.3138686131386863,0.6728971962616822,0.8941605839416059,4.635036496350366,1.0401459854014599,2.372262773722628,0.12773722627737227,2.135036496350365,0.1573942752595801,0.5240190012319299,1.5875912408759125,0.1642335766423358,2.317518248175183,1.9546467456966639,7.974452554744526,0.2372262773722628,0.36496350364963503,1.4707718589843144,0.2261721926647384,1.0121576849407257,4.1172585195468185,0.9309927902915232,2.665193870683854,2.4048765336232334,0.17628479021242538,0.5861806952829736,1.797328777760522,0.1822643267588135,2.6158306155200086,True,28.0,29.0,85.0,55.0,68.0,67.0,53.2,28.0,False
Álvaro Rodríguez,13.482805619947612,4.499548209831119,17.582416084595025,99.0,9.0,85.0,101.0,8.0,8.0,18.0,38.0,19.0,84.0,34.0,68.0,65.0,238.0,55.0,1536.0,9.0,5,11.847059375456281,4.019052249617397,15.716444094354651,91.96044961150315,78.16141484165747,93.65542361496937,7.102265471461859,33.81635335384309,18.03646977851119,89.03680981595093,36.86707566462168,63.75413581219473,61.53404426459247,246.68916155419222,51.76969641687329,1451.964201902266,34.0,34.0,21.0,ESP-La Liga,Getafe,FW,2,5000000.0,12000000.0,2029.0,80.0,78.0,71.0,34.64,381.0,79.0,61.0,77.0,69.0,ST,72.0,83.0,55.7625534188035,43.5168195718655,56.0151415351335,8.60526315789475,0.3965531064690474,0.1361899557570466,2.911764705882353,2.5,0.8415841584158416,0.5588235294117647,2.4705882352941178,1.0,2.0,7.0,1.911764705882353,0.132339653230327,0.5171298848410302,1.1176470588235294,0.23529411764705882,1.6176470588235294,-4.482805619947612,11.205882352941176,0.2647058823529412,0.4117647058823529,2.2988651424016906,0.3484429228075377,0.5304844052503291,2.618729700469145,1.0843257548418141,1.8751216415351393,1.809824831311543,0.11820741910639404,0.4622483557163133,0.9945986280542085,0.2088901609253488,1.5226381299080378,True,32.0,73.0,47.0,68.0,37.0,60.0,53.2,32.0,False
Jeff Ekhator,4.515214305371046,2.243360203690827,7.192193451337516,30.0,4.0,26.0,30.0,4.0,3.0,5.0,21.0,16.0,64.0,19.0,32.0,26.0,42.0,16.0,645.0,4.0,1,4.617809109902853,2.344570736305461,7.371822504203456,30.764667817083698,26.61583261432269,30.764667817083698,3.1467860224331314,21.81654443485764,16.595340811044004,61.775051124744365,18.503067484662576,32.97972389991372,26.686151855047456,40.86707566462168,16.314063848144954,666.2220664365833,19.1,19.1,18.0,ITA-Serie A,Genoa,"FW,MF",2,2200000.0,4400000.0,2029.0,69.0,69.0,68.0,35.48,234.0,56.0,58.0,65.0,67.0,ST,67.0,78.0,39.880952380951996,42.931547619048004,65.09119834252101,12.5,0.23639865473146837,0.1505071435123682,1.5706806282722512,1.3612565445026177,0.8666666666666667,0.8376963350785339,3.3507853403141357,0.9947643979057591,1.6753926701570678,2.1989528795811517,1.3612565445026177,0.11745341380580245,0.37655463096007935,1.0994764397905759,0.15706806282722513,0.8376963350785339,-0.5152143053710461,12.25130890052356,0.20942408376963348,0.2617801047120419,1.3934990897551147,0.24177011046611796,0.8688660110494242,3.234295870405464,0.9687469887257892,1.7266871151787289,1.3971807253951547,0.12275239457096654,0.3859592934137935,1.1422274573223894,0.16475319489178697,0.8541394684892646,True,46.0,40.0,76.0,60.0,36.0,64.0,53.0,36.0,True
Ademola Lookman,16.90042705833912,11.168441377580166,30.941473424434662,109.0,16.0,83.0,103.0,17.0,14.0,15.0,73.0,14.0,94.0,37.0,30.0,65.0,20.0,44.0,1670.0,19.0,5,14.950672885475235,9.879545438617404,27.37034909255165,96.42842401132164,73.41984432738423,91.11320662001728,12.382950703671673,64.5675564116676,12.38455263778599,106.2515337423313,41.83231083844581,26.544048274235394,57.49982309930026,22.61349693251534,38.91898930733548,1477.1883009670573,40.7,33.8,27.0,ITA-Serie A,Atalanta,"FW,MF",2,39500000.0,83000000.0,2030.0,86.0,89.0,84.0,34.02,114.0,63.0,80.0,71.0,85.0,CF,83.0,83.0,40.625,40.3333333333335,81.0461836770665,18.670150987223998,0.4152439080673002,0.15504978952604695,2.6781326781326777,2.039312039312039,0.8058252427184466,0.34398034398034394,2.3095823095823094,0.9090909090909091,0.7371007371007371,0.49140049140049136,1.597051597051597,0.27440887905602374,0.7602327622711219,1.7936117936117935,0.34398034398034394,1.081081081081081,-0.900427058339119,2.800982800982801,0.4668304668304668,0.5896805896805897,1.8039273790512094,0.3673384001345266,0.3042887625991644,2.6106027946518746,1.0278209051215186,0.6521879182858819,1.4127720663218735,0.24274067416750378,0.6724901496941437,1.5864264474611203,0.30424940303861603,0.9562405235217561,True,76.0,60.0,27.0,34.0,84.0,29.0,53.0,27.0,False
Junior Adamu,8.108775089494884,3.299277584068477,10.604301981627941,45.0,3.0,38.0,43.0,2.0,6.0,14.0,21.0,13.0,66.0,20.0,31.0,27.0,76.0,15.0,780.0,3.0,3,8.160687002316758,3.3258009639608925,10.67201280369003,45.26813329129994,38.22896981263899,43.24950369354248,6.045472747876319,21.127906481378922,13.074220181141207,65.58691206543968,19.805725971370144,31.221054470166234,27.142131093067043,75.45398773006136,15.113681869690797,785.1406698646126,22.2,22.2,24.0,GER-Bundesliga,Freiburg,FW,2,,,,,,,33.93,74.0,,,,,,,,38.609625668449,43.7061711079945,61.611527006359495,9.9206349206348,0.36526013916643624,0.1801950019887752,2.027027027027027,1.7117117117117118,0.8837209302325582,0.5855855855855856,2.9729729729729732,0.9009009009009009,1.3963963963963963,3.4234234234234235,1.2162162162162162,0.14861610739047196,0.47767126043369107,0.9459459459459459,0.2702702702702703,0.6756756756756757,-5.108775089494884,3.3333333333333335,0.13513513513513514,0.2702702702702703,1.7220256672359904,0.367598513617872,0.5889288369883426,2.9543654083531385,0.8921498185301867,1.406353804962443,1.2226185177057227,0.14981085423247265,0.4807212974635149,0.9517074991612128,0.27231859224668103,0.6807964806167026,True,57.0,62.0,52.0,56.0,46.0,24.0,53.0,24.0,True
Benedict Hollerbach,12.059562921524048,4.27213828265667,17.230121972039342,98.0,10.0,70.0,92.0,7.0,6.0,11.0,30.0,27.0,139.0,56.0,56.0,124.0,46.0,52.0,1642.0,9.0,4,14.411730509135786,5.013556833402677,20.52053378216541,117.36,83.46340909090908,110.025,7.001590909090909,36.23045454545455,31.896136363636362,116.23721881390594,46.87116564417178,67.01522727272727,147.70022727272726,39.018404907975466,62.236363636363635,1961.4456818181818,37.9,37.9,24.0,GER-Bundesliga,Mainz 05,"FW,MF",2,8000000.0,14200000.0,2029.0,85.0,87.0,78.0,34.53,240.0,71.0,70.0,63.0,72.0,ST,75.0,79.0,29.4705469845725,35.5483565107455,72.3451707801635,7.987012987012751,0.3181942723357269,0.12305676450534743,2.5857519788918206,1.8469656992084433,0.7608695652173914,0.712401055408971,3.66754617414248,1.4775725593667546,1.4775725593667546,1.2137203166226913,3.271767810026385,0.11272132671917334,0.45462063250763435,0.79155672823219,0.158311345646438,1.3720316622691293,-2.059562921524048,6.33245382585752,0.237467018469657,0.34300791556728233,2.2022007675701607,0.3802567416658519,0.8415867114415927,3.0669450874381514,1.2367062175243215,1.768211801391221,3.897103621971696,0.13228382146181206,0.541438886072966,0.9559486687455027,0.18473854641400816,1.6421204125689615,True,31.0,68.0,77.0,35.0,47.0,50.0,52.8,31.0,False
Alexis Saelemaekers,6.669963735155761,7.788266032002866,30.627100109122694,68.0,10.0,38.0,68.0,7.0,11.0,6.0,78.0,31.0,239.0,107.0,96.0,32.0,19.0,72.0,3154.0,10.0,6,6.183569601892774,7.241891596811994,28.455640033053104,63.27355463069749,35.136990422704706,63.27355463069749,10.200270771699342,72.67692924835782,28.933460362031788,256.56646216768917,114.80572597137014,89.44852830567116,29.69357669357669,20.513292433537828,67.15995587424158,2936.8197863912155,47.4,46.4,26.0,ITA-Serie A,Roma,"MF,FW",2,23000000.0,39100000.0,2031.0,80.0,83.0,68.0,34.45,485.0,54.0,75.0,60.0,75.0,RM,80.0,80.0,60.2272727272725,57.588325652842,85.1124365830245,17.48837209302325,0.14071653449695698,0.09808770198758472,1.4345991561181435,0.8016877637130801,0.5588235294117647,0.6540084388185654,5.042194092827004,2.257383966244726,2.0253164556962027,0.4008438818565401,0.6751054852320675,0.1643094099578664,0.646141352513137,1.6455696202531647,0.2320675105485232,1.518987341772152,3.3300362648442388,10.232067510548523,0.2109704641350211,0.33755274261603374,0.7412867177785804,0.13045505489225262,0.6104105561610083,5.412794560499772,2.4220617293538003,1.8870997532842018,0.626446765687272,0.15278252313949356,0.60032995850323,1.533268549543414,0.21519558590083002,1.4168767062076282,True,34.0,4.0,76.0,91.0,69.0,54.0,52.7,4.0,False
Fábio Silva,9.152693441137671,5.247438309714198,17.028862731531262,72.0,10.0,66.0,72.0,11.0,11.0,9.0,33.0,16.0,74.0,19.0,53.0,45.0,66.0,33.0,1220.0,12.0,9,8.728699558278631,4.931299165075384,16.091929190923462,68.36166835041132,62.621734738057434,68.36166835041132,10.280127002453456,31.02857555202771,15.149660845720884,78.10633946830266,20.07157464212679,50.64785683359792,42.696637321402804,69.17382413087935,31.263818732861886,1156.9259633424736,29.799999999999997,29.799999999999997,23.0,GER-Bundesliga,Dortmund,"FW,MF",2,28500000.0,54200000.0,2030.0,81.0,79.0,77.0,35.02,207.0,74.0,76.0,80.0,81.0,ST,79.0,85.0,39.111635220126004,38.8693675072345,70.476489987421,14.5519077196095,0.3071373637965662,0.12712074223802322,2.4161073825503356,2.214765100671141,0.9166666666666666,0.5369127516778524,2.4832214765100673,0.6375838926174497,1.7785234899328861,2.214765100671141,1.5100671140939599,0.1760885338830268,0.57143834669568,1.1073825503355705,0.3691275167785235,1.1073825503355705,0.8473065588623285,6.946308724832216,0.4026845637583893,0.7046979865771813,2.101400494565686,0.29290938115028964,0.5083778807288888,2.621018102963177,0.6735427732257313,1.6995925111945613,1.4327730644766044,0.16547983775420752,0.5399976238564921,1.0412273675177086,0.3449707047803174,1.0491214339886539,True,48.0,67.0,39.0,51.0,58.0,52.0,52.7,39.0,False
Mohamed Ali Cho,8.571184772998095,7.964834610931575,22.228876339271665,69.0,7.0,52.0,67.0,5.0,16.0,13.0,53.0,24.0,138.0,28.0,73.0,51.0,29.0,38.0,1589.0,7.0,7,8.93797927824219,8.293482891802489,23.142415951807152,71.88750255769014,54.19967716266909,69.80187336592022,16.658351710810503,55.17578720018189,25.00086847789019,132.35582822085888,26.830265848670756,76.00539729453223,53.17020347845857,27.801635991820042,39.60027282027964,1656.9923701261794,36.5,36.5,21.0,FRA-Ligue 1,Nice,"FW,MF",2,11500000.0,24200000.0,2028.0,80.0,82.0,70.0,33.85,374.0,62.0,65.0,65.0,75.0,LM,75.0,82.0,27.536231884058,45.5150589262335,78.02508607968551,10.61827956989265,0.23482698008213956,0.12422006917388542,1.8904109589041096,1.4246575342465753,0.7761194029850746,0.6575342465753424,3.780821917808219,0.7671232876712328,2.0,0.7945205479452054,1.3972602739726028,0.2182146468748377,0.6090103106649771,1.452054794520548,0.4383561643835616,1.0410958904109588,-1.5711847729980946,10.246575342465754,0.1917808219178082,0.3835616438356164,1.484922661990934,0.2448761446093751,0.6849553007641148,3.626187074544079,0.7350757766759111,2.082339651904993,1.4567179035194129,0.22721870936445174,0.634038793200196,1.5116654027447092,0.45639319755645213,1.0849389813775245,True,30.0,38.0,67.0,57.0,82.0,42.0,52.7,30.0,False
Jonathan Rowe,9.018070075660944,6.949171744287014,17.934825357049704,84.0,6.0,54.0,84.0,5.0,13.0,13.0,39.0,18.0,87.0,36.0,76.0,43.0,24.0,69.0,1314.0,6.0,5,7.530756972373549,5.674344001415607,14.788093095405088,70.33216567071912,45.1163713167113,70.33216567071912,10.609442612816814,32.50847413970739,15.265505872656087,101.68711656441718,43.12269938650307,64.3787863177416,36.61874098495775,28.417177914110432,58.857845662476805,1108.0338965588294,27.5,26.8,22.0,FRA-Ligue 1,Marseille,"MF,FW",2,11500000.0,21900000.0,2029.0,84.0,85.0,72.0,35.13,335.0,64.0,72.0,64.0,75.0,ST,75.0,82.0,36.363636363636,52.4428274428275,83.514110575966,7.29166666666665,0.3279298209331252,0.10735797709120172,3.0545454545454547,1.9636363636363636,0.6428571428571429,0.6545454545454545,3.1636363636363636,1.309090909090909,2.7636363636363637,0.8727272727272727,1.5636363636363637,0.2526971543377096,0.6521754675290802,1.4181818181818182,0.4727272727272727,2.5090909090909093,-3.018070075660944,12.181818181818182,0.21818181818181817,0.4,1.6405953206076838,0.27384570808631087,0.5551093044602213,3.69771332961517,1.5680981595092027,2.3410467751906037,1.331590581271191,0.20633978186965843,0.5377488398329123,1.182126332352996,0.38579791319333867,2.1402852968173383,True,17.0,36.0,63.0,72.0,72.0,76.0,52.7,17.0,False
Matthis Abline,16.346957633271813,8.288829321041703,28.28746550064534,158.0,14.0,106.0,159.0,13.0,13.0,14.0,57.0,37.0,154.0,31.0,95.0,111.0,98.0,86.0,1999.0,15.0,6,19.412797196382254,9.833066944877078,33.63798516254723,187.0881270431081,126.10256696691047,188.29852308271205,15.393017567790032,67.52629877001951,44.05151572164342,129.69938650306747,26.306748466257673,112.93483808000752,132.10567131535007,82.1472392638037,101.60139107735,2372.123233225935,58.5,58.5,22.0,FRA-Ligue 1,Nantes,"FW,MF",2,12000000.0,26400000.0,2028.0,87.0,83.0,75.0,35.71,441.0,69.0,77.0,68.0,78.0,ST,76.0,82.0,46.468253968254004,40.773747116796,69.572959723157,9.6104928457869,0.2794351732183216,0.10346175717260642,2.700854700854701,1.811965811965812,0.6666666666666666,0.6324786324786325,2.6324786324786325,0.5299145299145299,1.623931623931624,1.6752136752136753,1.8974358974358974,0.14168939010327697,0.48354641881445026,0.9743589743589743,0.2222222222222222,1.4700854700854702,-2.3469576332718134,7.538461538461538,0.2564102564102564,0.358974358974359,2.155599435331803,0.33184268711764536,0.7530173627631354,2.2170835299669656,0.44968800797021663,1.9305100526497012,2.2582166036811975,0.1680866144423432,0.5750082933768758,1.154295705470419,0.26312850543230826,1.7367759158521368,True,24.0,57.0,55.0,59.0,59.0,74.0,52.5,24.0,False
Phillip Tietz,16.703679435886443,3.402162378653884,23.016828753054142,102.0,12.0,85.0,104.0,13.0,5.0,23.0,44.0,21.0,104.0,19.0,37.0,50.0,173.0,27.0,1556.0,13.0,4,18.519736940439888,3.769893186643232,25.520907129118402,112.97525651549353,94.15733634311513,115.19045762364047,5.5417658526575,48.73442437923251,23.2709008824133,93.87321063394684,17.16359918200409,41.03014057049046,55.440237020316026,156.14928425357874,29.893925713113074,1723.8027703673301,38.8,36.599999999999994,28.0,GER-Bundesliga,Mainz 05,FW,2,3300000.0,5600000.0,2028.0,59.0,64.0,73.0,34.24,217.0,84.0,72.0,78.0,76.0,ST,73.0,73.0,47.27078506304,34.0928093645485,60.363467309074,12.5,0.4305072019558362,0.1637615630969259,2.6288659793814433,2.1907216494845363,0.8173076923076923,0.5412371134020619,2.680412371134021,0.4896907216494846,0.9536082474226805,4.458762886597938,1.288659793814433,0.0876845973879867,0.5932172359034573,1.1340206185567012,0.1288659793814433,0.6958762886597939,-4.703679435886443,5.59278350515464,0.3350515463917526,0.43814432989690727,2.4267354727606993,0.4773128077432961,0.5997654866601366,2.4194126452048157,0.44236080365989927,1.0574778497549089,1.428872088152475,0.09716219553204207,0.6577553383793403,1.256041865444137,0.1428290168210696,0.7704620029152854,True,54.0,81.0,42.0,41.0,47.0,30.0,52.5,30.0,False
Ilan Kebbal,3.161576475948096,5.013933707028627,13.746420331299303,50.0,6.0,30.0,50.0,7.0,7.0,4.0,61.0,24.0,132.0,32.0,61.0,46.0,2.0,32.0,1948.0,9.0,4,3.0674819379734504,4.864709489557537,13.33730067858206,48.51190476190476,29.10714285714285,48.51190476190476,6.791666666666666,59.18452380952381,23.285714285714285,136.04907975460122,32.98159509202454,59.18452380952381,44.63095238095238,2.061349693251534,31.047619047619047,1890.0238095238092,24.7,24.7,27.0,FRA-Ligue 1,Paris,"MF,FW",1,11500000.0,21900000.0,2028.0,76.0,83.0,72.0,34.24,358.0,40.0,80.0,32.0,73.0,RW,77.0,77.0,12.5,51.239669421488,86.083916083916,18.0,0.12799904760923467,0.06323152951896192,2.0242914979757085,1.2145748987854252,0.6,0.9716599190283401,5.34412955465587,1.2955465587044535,2.4696356275303644,0.08097165991902834,1.8623481781376519,0.20299326749103755,0.556535236084992,2.4696356275303644,0.2834008097165992,1.2955465587044535,2.838423524051904,14.493927125506072,0.3643724696356275,0.5263157894736842,1.1784268363215729,0.1241895521446741,0.9427414690572585,5.508059909093167,1.3352872506892528,2.396134567187199,1.806921149026412,0.19695180119666142,0.5399716873919863,2.396134567187199,0.27496626180836703,1.256988625409678,True,32.0,12.0,92.0,58.0,76.0,55.0,52.5,12.0,True
Jeremy Doku,5.894390602596104,12.19983974378556,29.40918998233974,68.0,8.0,48.0,68.0,5.0,21.0,4.0,92.0,33.0,151.0,54.0,94.0,108.0,4.0,191.0,2528.0,8.0,11,4.733590814758998,9.791569119492202,23.608773633609047,54.55221975269491,38.50327473655638,54.55221975269491,16.854546334095694,73.86299588004012,26.48233631020369,188.21063394683028,67.41104294478527,75.46631334807883,86.53971743471355,4.965235173824131,153.02613876712957,2027.0269638341158,36.6,36.6,23.0,ENG-Premier League,Manchester City,"MF,FW",2,49500000.0,95300000.0,2028.0,92.0,95.0,73.0,35.55,302.0,76.0,85.0,40.0,81.0,CAM,83.0,86.0,16.6666666666665,54.8878205128205,83.66506291635801,11.58267020336,0.16104892356819955,0.08668221474406035,1.8579234972677594,1.3114754098360655,0.7058823529411765,0.9016393442622951,4.1256830601092895,1.4754098360655736,2.5683060109289615,0.1092896174863388,2.9508196721311473,0.3333289547482393,0.8035297809382442,2.513661202185792,0.5737704918032787,5.218579234972677,2.105609397403896,8.251366120218579,0.2185792349726776,0.5191256830601093,1.0520020419824148,0.1293330823704644,0.7235611013716855,5.142367047727603,1.8418317744476849,2.0619211297289297,2.364473153953922,0.26752921091508747,0.6450484599346734,2.0181146415311506,0.460506730439773,4.181042042817747,True,22.0,12.0,85.0,55.0,90.0,77.0,52.4,12.0,False
Ibrahim Mbaye,6.027116872370243,3.1900684256106615,13.368348557502031,36.0,4.0,30.0,36.0,3.0,5.0,10.0,23.0,14.0,51.0,18.0,16.0,28.0,7.0,26.0,1021.0,4.0,3,4.305535605476555,2.2742763367762135,9.541260715318135,25.687551299589604,21.406292749658004,25.687551299589604,3.5788645690834473,16.372469220246238,9.97566689466484,71.59100204498978,25.259713701431494,11.39717852257182,19.993142954856364,9.815950920245399,18.521460328317374,727.51292749658,15.0,15.0,17.0,FRA-Ligue 1,PSG,FW,2,8500000.0,17400000.0,2028.0,89.0,91.0,63.0,34.96,282.0,48.0,70.0,39.0,71.0,RW,74.0,85.0,34.523809523809504,34.875301689461,88.31603657029899,10.41666666666665,0.40180779149134954,0.16741991312139565,2.4,2.0,0.8333333333333334,0.9333333333333333,3.4,1.2,1.0666666666666667,0.4666666666666667,1.8666666666666667,0.2126712283740441,0.8912232371668021,1.5333333333333334,0.3333333333333333,1.7333333333333334,-2.027116872370243,18.8,0.26666666666666666,0.4666666666666667,1.4270861833105335,0.28703570703177034,0.6650444596443227,4.772733469665985,1.6839809134287662,0.7598119015047881,1.3328761969904241,0.15161842245174756,0.6360840476878756,1.0914979480164158,0.2385909712722298,1.2347640218878249,True,44.0,42.0,79.0,25.0,67.0,69.0,52.3,25.0,True
Gorka Guruzeta,17.77210331056267,4.952907676808536,25.297293609008193,143.0,16.0,123.0,143.0,16.0,9.0,19.0,41.0,37.0,120.0,35.0,51.0,35.0,114.0,18.0,1623.0,17.0,5,17.910035677000607,4.989515735738681,25.491656723760073,144.12802265074993,123.97130394857668,144.12802265074993,9.063871033568002,41.31545250484645,37.30739210284665,119.01431492842536,34.719836400818,51.402127333945515,35.299204162840525,113.15337423312884,18.156846240179572,1635.9372513008877,46.7,46.7,28.0,ESP-La Liga,Athletic Club,FW,2,,,,,,,34.19,345.0,,,,,,,,37.561705310396505,34.891304347826,70.6206896551725,11.8845843422115,0.3805589573996289,0.12428044273120749,3.062098501070664,2.633832976445396,0.8601398601398601,0.7922912205567452,2.569593147751606,0.7494646680942184,1.0920770877944326,2.4411134903640255,0.7494646680942184,0.10605798023144616,0.5416979359530661,0.8779443254817987,0.19271948608137043,0.38543897216274087,-1.7721033105626702,7.387580299785867,0.3640256959314775,0.4710920770877944,2.654631776200785,0.3835125412633963,0.7988734925663094,2.5484864010369455,0.7434654475549892,1.1006879514763492,0.7558716094826664,0.10684187870960772,0.5458598870184169,0.8846991971059196,0.19408717416633836,0.38879756402954113,True,38.0,81.0,64.0,40.0,40.0,23.0,52.3,23.0,False
Omar Marmoush,12.703840959817171,8.563992083072662,21.76031967252493,107.0,16.0,74.0,107.0,16.0,14.0,11.0,47.0,16.0,71.0,25.0,76.0,52.0,10.0,56.0,1135.0,18.0,12,11.827980187834271,8.046903413684461,20.305867885264455,99.92860291899667,69.06450896482686,99.92860291899667,13.239741579626028,44.10383553379585,14.85094421554036,76.66053169734153,28.333333333333336,71.03231580587314,48.48844632871363,10.83844580777096,53.31557052363605,1059.3171052675195,37.0,23.900000000000002,26.0,ENG-Premier League,Manchester City,"FW,MF",2,39500000.0,73100000.0,2029.0,89.0,87.0,83.0,34.81,187.0,67.0,82.0,69.0,83.0,LW,83.0,83.0,33.333333333333,53.067075996293,83.31443688586549,14.7402597402595,0.34334705296803164,0.11872748560576796,2.891891891891892,2.0,0.6915887850467289,0.43243243243243246,1.9189189189189189,0.6756756756756757,2.054054054054054,0.2702702702702703,1.4054054054054055,0.23145924548845034,0.5881167479060792,1.2702702702702702,0.3783783783783784,1.5135135135135136,3.296159040182829,5.054054054054054,0.4864864864864865,0.8108108108108109,1.8666083504007258,0.31967514021173704,0.40137687069028,2.0719062620903115,0.7657657657657658,1.9197923190776525,1.3104985494246926,0.217483876045526,0.5488072401422825,1.1919955549674555,0.35783085350340615,1.440961365503677,True,52.0,49.0,25.0,68.0,73.0,52.0,52.0,25.0,False
Matias Fernandez-Pardo,12.734380466863513,7.462456257082522,25.336734913289547,91.0,10.0,70.0,91.0,11.0,11.0,18.0,52.0,24.0,87.0,32.0,61.0,46.0,5.0,56.0,1542.0,12.0,7,11.043612913992755,6.45307806839978,21.921616695908877,78.90461309523809,60.76116071428572,78.90461309523809,9.459821428571429,45.01904761904762,20.78735119047619,100.77709611451942,37.038854805725975,52.75669642857143,39.85252976190476,5.7586912065439675,48.414880952380955,1334.7565476190478,38.1,38.1,20.0,FRA-Ligue 1,Lille,"MF,FW",2,16500000.0,34700000.0,2029.0,92.0,90.0,71.0,36.42,492.0,73.0,76.0,51.0,70.0,RM,76.0,84.0,10.22727272727265,46.3098204313085,80.1744986092815,14.5780051150895,0.33423570779169326,0.13993824688861004,2.388451443569554,1.837270341207349,0.7692307692307693,0.6299212598425197,2.283464566929134,0.8398950131233596,1.601049868766404,0.13123359580052493,1.2073490813648293,0.19586499362421317,0.6650061657031376,1.3648293963254592,0.2887139107611548,1.4698162729658792,-2.734380466863513,12.913385826771654,0.31496062992125984,0.4986876640419947,1.5947811211098615,0.2898586066664765,0.5455997687789026,2.6450681394886986,0.9721484200977946,1.384690194975628,1.04599815648044,0.16937212777952176,0.5753705169529889,1.181602299712536,0.24828927634045744,1.270731783527059,True,49.0,43.0,47.0,48.0,65.0,83.0,51.9,43.0,False
Rodrygo,7.572723723948002,6.886424321681261,22.17786697484553,81.0,7.0,62.0,81.0,6.0,12.0,4.0,66.0,17.0,109.0,34.0,60.0,24.0,7.0,67.0,1974.0,7.0,8,6.165779951756408,5.610570730777169,18.01165494041187,65.90845901274417,50.47702431966164,65.90845901274417,9.8009544215037,53.641958372753066,13.86121375702599,133.93456032719837,41.756646216768914,48.857819021648396,19.54067839056152,8.646216768916156,54.46380711224887,1604.6705492793144,29.0,29.0,24.0,ESP-La Liga,Real Madrid,"MF,FW",2,57500000.0,122200000.0,2028.0,87.0,88.0,79.0,34.75,107.0,59.0,83.0,67.0,83.0,CAM,84.0,87.0,15.217391304348,57.042729268704505,90.824915824916,7.407407407407351,0.261128404274069,0.09349041634503706,2.793103448275862,2.1379310344827585,0.7654320987654321,0.5862068965517241,3.7586206896551726,1.1724137931034482,2.0689655172413794,0.2413793103448276,0.8275862068965517,0.2374629076441814,0.7647540336153631,2.2758620689655173,0.41379310344827586,2.310344827586207,-0.5727237239480019,3.689655172413793,0.2413793103448276,0.5172413793103449,1.7405870455055736,0.21261310178470372,0.47797288817330996,4.618433114730978,1.4398843523023763,1.6847523800568411,0.6738164962262594,0.19346795623369548,0.6210915496693749,1.8497227025087264,0.3379639455690931,1.8780623142154784,True,22.0,40.0,58.0,64.0,82.0,53.0,51.9,22.0,False
Leandro Trossard,15.495272054336965,12.031402107328176,32.5242274813354,125.0,14.0,90.0,125.0,12.0,21.0,17.0,77.0,32.0,184.0,58.0,85.0,91.0,12.0,63.0,2604.0,14.0,13,13.368126098027329,10.377819293353298,28.0548084896379,107.8291048124743,77.64335527053808,107.8291048124743,18.1084021987062,66.44826683618143,27.577066896010166,213.28425357873212,67.21267893660531,73.34634296825337,78.50275773099503,13.901840490797547,54.33282541225742,2246.980873499607,50.5,50.5,30.0,ENG-Premier League,Arsenal,"FW,MF",2,35000000.0,64800000.0,2027.0,80.0,87.0,83.0,34.88,415.0,55.0,84.0,65.0,83.0,LW,83.0,83.0,25.7894736842105,46.5925770601805,78.7769020985845,11.215932914046,0.3068370703829102,0.12396217643469572,2.4752475247524752,1.7821782178217822,0.72,0.6336633663366337,3.6435643564356437,1.1485148514851484,1.683168316831683,0.2376237623762376,1.801980198019802,0.23824558628372627,0.6440441085412951,1.5247524752475248,0.4158415841584158,1.2475247524752475,-1.495272054336965,8.217821782178218,0.27722772277227725,0.5346534653465347,1.5374921835750115,0.26471536827776887,0.5460805325942607,4.2234505659154875,1.3309441373585211,1.452402831054522,1.5545100540791095,0.20550137214560985,0.5555407621710475,1.3158072640828007,0.35858222175655846,1.0758975329159886,True,45.0,37.0,62.0,48.0,73.0,52.0,51.9,37.0,False
Bazoumana Touré,6.972928463481367,8.974227411672473,20.09973612241447,67.0,5.0,53.0,67.0,5.0,13.0,5.0,59.0,25.0,154.0,46.0,32.0,50.0,53.0,60.0,1593.0,5.0,12,6.385376053362458,8.144703143016423,18.24883470450701,61.522875040380825,48.42409333447204,61.522875040380825,11.735157494495212,53.72969912109048,22.586047357887352,170.51124744376278,50.40081799591002,28.656081630531247,45.172094715774705,58.31697341513292,54.494127607115935,1446.5075061917264,32.4,32.4,19.0,GER-Bundesliga,Hoffenheim,"MF,FW",2,23000000.0,43700000.0,2029.0,91.0,90.0,68.0,36.27,715.0,50.0,58.0,50.0,72.0,LM,77.0,86.0,43.9851097178685,42.253898345435005,74.124360864819,5.2083333333335,0.2152138414654743,0.1040735591564383,2.0679012345679015,1.6358024691358026,0.7910447761194029,0.7716049382716049,4.753086419753086,1.4197530864197532,0.9876543209876544,1.6358024691358026,1.5432098765432098,0.27698232752075536,0.6203622260004467,1.8209876543209877,0.4012345679012346,1.8518518518518519,-1.9729284634813666,22.067901234567902,0.154320987654321,0.5246913580246914,1.4945707819281495,0.19707950781982897,0.6971002270952887,5.262692822338358,1.5555808023429019,0.8844469639052854,1.3942004541905775,0.25137972663630936,0.5632356390279942,1.6583240469472371,0.3621962189659016,1.6819175187381463,True,10.0,34.0,82.0,44.0,77.0,93.0,51.7,10.0,False
Toni Martínez,0.0,0.0,0.0,0.0,0.0,104.0,139.0,14.0,6.0,14.0,35.0,33.0,115.0,40.0,50.0,47.0,258.0,26.0,1553.0,18.0,3,0.0,0.0,0.0,0.0,107.80338973716457,144.2024066858504,6.0997920997921,36.27334058459886,34.05156200520439,111.40081799591003,38.65848670756646,51.64849719816607,48.472924784183064,249.2556237218814,26.997976070823754,1606.2898073825227,41.4,41.4,28.0,ESP-La Liga,Alavés,FW,2,11000000.0,24200000.0,2028.0,78.0,74.0,78.0,35.63,492.0,83.0,69.0,76.0,77.0,ST,77.0,77.0,54.3096269153895,47.430441898527,59.3847357100955,11.8747078073865,0.0,,0.0,2.5120772946859904,0.7482014388489209,0.7971014492753623,2.7777777777777777,0.9661835748792271,1.2077294685990339,6.231884057971015,1.1352657004830917,0.0,0.0,0.8454106280193237,0.14492753623188406,0.6280193236714976,0.0,11.884057971014494,0.43478260869565216,0.5072463768115942,2.603946612008806,0.0,0.8225014977102509,2.6908410143939623,0.9337798721634412,1.247548241501596,1.170843593820847,0.0,0.0,0.876167646970987,0.14733797342492996,0.6521250258653081,True,48.0,48.0,70.0,68.0,12.0,63.0,51.6,12.0,False
Harvey Barnes,15.745595548301935,7.457871490158141,26.574008064344525,121.0,16.0,90.0,121.0,14.0,12.0,15.0,50.0,18.0,122.0,29.0,45.0,47.0,14.0,37.0,1825.0,16.0,5,14.833556259639854,7.0412868330421965,25.052907778403675,114.0754887218045,84.93974937343359,114.0754887218045,11.351445279866333,47.13791144527987,16.918228905597328,129.6319018404908,30.742331288343557,42.393617376775275,44.27826232247285,14.858895705521473,34.98576441102757,1719.0304093567252,41.3,41.3,27.0,ENG-Premier League,Newcastle,"FW,MF",2,22500000.0,42800000.0,2028.0,83.0,80.0,82.0,35.24,521.0,71.0,77.0,46.0,81.0,LW,80.0,80.0,31.126482213439,40.2067669172935,81.4002745024645,13.1773399014775,0.38124928688382415,0.1301288888289416,2.9297820823244556,2.179176755447942,0.743801652892562,0.43583535108958843,2.953995157384988,0.7021791767554479,1.089588377723971,0.33898305084745767,1.1380145278450364,0.18057800218300585,0.643438451921175,1.2106537530266344,0.2905569007263923,0.8958837772397095,0.2544044516980648,12.615012106537531,0.38740920096852305,0.5084745762711865,2.056652527201782,0.3591660111292943,0.4096423463825019,3.138786969503409,0.7443663750204251,1.0264798396313626,1.0721128891639915,0.17049120661119122,0.6066079365230914,1.1413537880213045,0.27485339660693303,0.8471129397343237,True,53.0,63.0,35.0,37.0,68.0,62.0,51.6,35.0,False
Anthony Gordon,14.146863978356123,8.53946940228343,26.2324458360672,107.0,8.0,71.0,107.0,12.0,11.0,19.0,78.0,18.0,154.0,51.0,111.0,64.0,16.0,71.0,2338.0,12.0,7,13.34399667524791,8.059023038060122,24.76603373823459,100.94833751044278,66.98115288220552,100.94833751044278,10.376441102756893,73.78439431913117,16.940016708437764,162.95705521472394,53.96932515337423,104.93550543024227,60.439365079365075,16.98159509202454,66.95936507936509,2208.2047117794486,46.9,46.9,24.0,ENG-Premier League,Newcastle,FW,2,41500000.0,82000000.0,2030.0,91.0,89.0,78.0,35.95,603.0,61.0,80.0,59.0,80.0,RM,82.0,85.0,36.764705882353,51.713084169948004,81.3911675469155,11.334745762712,0.30163889079650585,0.13221368204071143,2.281449893390192,1.5138592750533049,0.6635514018691588,0.3837953091684435,3.283582089552239,1.0874200426439233,2.366737739872068,0.3411513859275053,1.3646055437100213,0.18207823885465738,0.5593272033276588,1.6631130063965884,0.2345415778251599,1.5138592750533049,-6.146863978356123,12.857142857142858,0.255863539445629,0.4051172707889126,1.4281695710491582,0.284520184973303,0.361194386107415,3.4745640770730053,1.150731879602862,2.237430819408151,1.2886858225877416,0.1718341799159941,0.5280604208578804,1.5732280238620717,0.22124607895004036,1.4277050123532002,True,44.0,33.0,39.0,72.0,66.0,83.0,51.6,33.0,False
Joshua Zirkzee,9.065019574016333,3.2259928341954947,15.743468226864936,53.0,5.0,45.0,53.0,4.0,6.0,12.0,23.0,15.0,76.0,23.0,19.0,43.0,43.0,16.0,1037.0,5.0,2,8.393987199107666,2.982888629344897,14.578902242203235,49.14743665928367,41.722575765760894,49.14743665928367,5.5404678299389545,21.3323861487764,13.76663605423802,82.52760736196319,24.869120654396728,17.53542218140565,39.66911566095835,46.39059304703477,14.765188266436173,958.9112743773973,22.6,22.6,24.0,ENG-Premier League,Manchester Utd,"FW,MF",2,16000000.0,31600000.0,2029.0,70.0,73.0,77.0,34.72,132.0,84.0,79.0,73.0,78.0,CAM,77.0,82.0,34.165834165834,37.7158555729985,73.1922398589065,9.357142857143,0.40110706079718284,0.17103810517011947,2.3451327433628317,1.9911504424778759,0.8490566037735849,0.663716814159292,3.3628318584070795,1.0176991150442478,0.8407079646017699,1.902654867256637,1.902654867256637,0.14274304576086258,0.6966136383568555,1.0176991150442478,0.2654867256637168,0.7079646017699115,-4.065019574016333,5.840707964601769,0.22123893805309733,0.30973451327433627,1.8461316710513669,0.3714153627923746,0.6091431882406203,3.6516640425647426,1.1004035687786162,0.7759036363453827,1.7552706044671833,0.13198622253738482,0.6450841700089927,0.9439108915387787,0.2451534438026086,0.6533269144440784,True,52.0,64.0,63.0,25.0,56.0,36.0,51.5,25.0,True
Marvin Pieringer,12.276366731151938,7.3004549611359835,19.575819078832865,92.0,7.0,71.0,92.0,11.0,12.0,16.0,46.0,19.0,107.0,43.0,73.0,43.0,139.0,32.0,1625.0,11.0,5,13.947668896376463,8.271197704204571,22.237800400227247,104.35393623942747,80.4845640858816,104.35393623942747,13.577147039687704,52.176968119713734,21.591932335718933,94.19427402862985,37.801635991820035,82.84949577098244,48.8920461938842,122.21063394683026,36.43903708523097,1846.818103448276,42.8,42.8,25.0,GER-Bundesliga,Heidenheim,"FW,MF",2,3700000.0,6900000.0,2027.0,65.0,63.0,73.0,33.33,328.0,83.0,75.0,76.0,75.0,ST,73.0,74.0,42.8067806780675,46.982683605987,67.40050267197,12.0833333333335,0.28683099839140047,0.1334387688168689,2.149532710280374,1.6588785046728973,0.7717391304347826,0.44392523364485986,2.5,1.0046728971962617,1.705607476635514,3.2476635514018692,1.0046728971962617,0.17057137759663513,0.45737895044002025,1.074766355140187,0.28037383177570097,0.7476635514018692,-5.276366731151938,7.663551401869159,0.25700934579439255,0.3738317757009346,1.8804804692962993,0.32588011440131925,0.5044844003672648,2.200800795061445,0.8832157942014027,1.9357358824995898,1.1423375278944907,0.19325228280851803,0.5195747757062441,1.2190880401802275,0.31722306167494635,0.8513793711502564,True,41.0,56.0,37.0,74.0,61.0,28.0,51.5,28.0,False
Umar Sadiq,9.937382891774178,2.6081899544224143,13.901222299784422,55.0,9.0,40.0,54.0,8.0,4.0,12.0,17.0,11.0,51.0,20.0,38.0,64.0,59.0,31.0,883.0,9.0,2,10.120901634446476,2.660587924626637,14.165965193294353,56.01298144394198,40.709756224335976,54.98782421123758,4.0858022766256035,17.3238863766308,11.217422942980402,50.02044989775052,19.680981595092025,38.70392172150319,65.16526326732159,58.01022494887526,31.54264774676438,898.5566687457767,23.5,19.299999999999997,28.0,ESP-La Liga,Valencia,FW,2,7500000.0,15800000.0,2028.0,81.0,79.0,76.0,35.85,262.0,88.0,67.0,78.0,75.0,ST,76.0,76.0,42.763157894737,33.870381586917006,68.5689530312435,16.896551724138,0.42286735709677353,0.18067968894134867,2.3404255319148937,1.702127659574468,0.7407407407407407,0.46808510638297873,2.1702127659574466,0.851063829787234,1.6170212765957446,2.5106382978723403,2.723404255319149,0.11098680657116657,0.5915413744589115,0.723404255319149,0.1702127659574468,1.3191489361702127,-0.9373828917741776,11.148936170212766,0.3829787234042553,0.46808510638297873,1.7323300520994032,0.43067666529559473,0.47733714650980436,2.1285297828830005,0.8374885785145543,1.6469753924043913,2.772989926269004,0.11321650743092072,0.6028070295018874,0.7371866543247149,0.1738639266649193,1.3422403296495482,True,71.0,58.0,34.0,43.0,40.0,78.0,51.5,34.0,True
Phil Harres,6.069004004821181,1.687046148814261,8.803555831313133,37.0,8.0,33.0,37.0,6.0,2.0,9.0,10.0,9.0,40.0,10.0,20.0,24.0,54.0,5.0,528.0,8.0,1,6.806749904489811,1.8921228595646185,9.873712847504867,41.49770642201835,37.01146788990825,41.49770642201835,2.2431192660550456,11.215596330275227,10.094036697247706,35.66462167689161,8.916155419222903,22.431192660550455,26.91743119266055,48.14723926380368,5.607798165137615,592.183486238532,17.2,17.2,22.0,GER-Bundesliga,Holstein Kiel,FW,1,,,,,,,,0.0,,,,,,,,43.548387096774,32.710280373832,56.420233463035,21.621621621622,0.35284907004774313,0.16402713526543733,2.1511627906976747,1.9186046511627908,0.8918918918918919,0.5232558139534884,2.3255813953488373,0.5813953488372093,1.1627906976744187,3.1395348837209305,1.3953488372093024,0.09808407841943378,0.5118346413554148,0.5813953488372093,0.11627906976744186,0.29069767441860467,1.9309959951788187,0.0,0.46511627906976744,0.5232558139534884,2.151829528483038,0.3957412735168495,0.5868625986771923,2.0735245160983498,0.5183811290245874,1.304139108171538,1.5649669298058462,0.11000714299794294,0.5740530725293528,0.652069554085769,0.1304139108171538,0.32603477704288464,True,80.0,76.0,39.0,40.0,33.0,6.0,51.5,6.0,True
Julián Álvarez,17.850954642053694,12.72399190440774,42.61423349380493,126.0,19.0,77.0,128.0,21.0,19.0,15.0,89.0,30.0,126.0,46.0,27.0,73.0,18.0,60.0,2406.0,25.0,8,16.502455854057622,11.74169904209569,39.37359160733237,116.38479941897722,71.19368137736575,118.24411500833085,17.52422352287777,82.0849532191225,27.680821976331867,136.3680981595092,49.8241308793456,24.850066219506985,67.40541291066775,19.443762781186095,55.41735378305635,2221.742854701585,49.0,49.0,25.0,ESP-La Liga,Atlético Madrid,FW,2,91000000.0,197900000.0,2030.0,86.0,87.0,86.0,34.18,406.0,72.0,86.0,77.0,88.0,CAM,86.0,89.0,24.861111111111,40.204497489265506,80.9847335846445,18.893893893894,0.364305196776606,0.14167424319090233,2.5714285714285716,1.5714285714285714,0.6015625,0.6122448979591837,2.5714285714285716,0.9387755102040817,0.5510204081632653,0.3673469387755102,1.489795918367347,0.2596733041715865,0.8696782345674476,1.816326530612245,0.3877551020408163,1.2244897959183674,1.1490453579463065,8.285714285714286,0.5102040816326531,0.673469387755102,1.4529322730074643,0.3367848133481147,0.5649147342108545,2.783022411418555,1.0168189975376654,0.507144208561367,1.3756206716462807,0.23962651106317734,0.803542685863926,1.6752031269208674,0.3576372147526075,1.1309664037358438,True,72.0,38.0,50.0,21.0,89.0,42.0,51.4,21.0,False
Diego López,10.404101319611073,8.01228721998632,25.150693275034428,72.0,12.0,54.0,72.0,11.0,15.0,10.0,55.0,33.0,184.0,53.0,66.0,45.0,39.0,36.0,2173.0,12.0,6,10.563127749307434,8.125190763998493,25.534091312430064,73.15894797026871,54.854384323509535,73.15894797026871,15.214265294453973,55.820234939445925,33.548482249597164,180.9877300613497,52.14314928425358,67.17109777015438,45.73175580851395,38.243353783231086,36.56464733094235,2207.7544700868025,50.0,50.0,23.0,ESP-La Liga,Valencia,"MF,FW",2,16000000.0,34800000.0,2029.0,83.0,84.0,76.0,35.66,461.0,60.0,66.0,59.0,76.0,LW,77.0,82.0,27.123287671233,43.6591315661085,76.1612364243945,16.233766233765998,0.20808202639222145,0.14450140721682045,1.44,1.08,0.75,0.66,3.68,1.06,1.32,0.78,0.9,0.1602457443997264,0.5030138655006886,1.1,0.3,0.72,1.5958986803889275,9.22,0.24,0.36,1.0970876864701906,0.21126255498614868,0.6709696449919433,3.6197546012269943,1.0428629856850717,1.3434219554030875,0.914635116170279,0.16250381527996985,0.5106818262486013,1.1164046987889185,0.3042853058890795,0.731292946618847,True,59.0,22.0,69.0,49.0,59.0,60.0,51.1,22.0,False
Mateo Pellegrino,14.027169016189873,2.5729516511783004,16.463557980023324,95.0,11.0,78.0,95.0,11.0,5.0,15.0,27.0,29.0,106.0,20.0,87.0,82.0,171.0,28.0,1326.0,12.0,2,15.518745812029067,2.846546057525314,18.214207810478293,105.10180995475112,86.29411764705881,105.10180995475112,5.531674208144795,29.8710407239819,32.08371040723982,95.81186094069531,18.077709611451944,96.25113122171945,90.71945701357465,154.56441717791412,30.97737556561086,1467.0,41.400000000000006,41.400000000000006,24.0,ITA-Serie A,Parma,FW,2,2200000.0,4400000.0,2029.0,55.0,55.0,70.0,34.37,450.0,84.0,59.0,72.0,67.0,ST,69.0,75.0,49.40074002574,34.729586426299,58.8541666666665,12.982565379826,0.3388205076374365,0.14765441069673552,2.294685990338164,1.8840579710144925,0.8210526315789474,0.7004830917874395,2.5603864734299515,0.48309178743961345,2.1014492753623184,4.130434782608695,1.9806763285024152,0.062148590608171496,0.39767048260925897,0.6521739130434782,0.12077294685990336,0.6763285024154588,-3.027169016189873,10.869565217391303,0.28985507246376807,0.3381642512077294,2.0843989769820968,0.37484893265770686,0.7749688504164207,2.314296157987809,0.43665965245052996,2.3249065512492617,2.191291232211948,0.06875715114795443,0.4399567103980263,0.7215227228014951,0.13361531903731388,0.7482457866089579,True,48.0,69.0,57.0,57.0,18.0,42.0,51.1,18.0,False
Tolu Arokodare,6.665390497073531,1.1596579402685163,5.404460851103067,46.0,3.0,40.0,47.0,3.0,1.0,11.0,12.0,8.0,26.0,7.0,17.0,22.0,99.0,18.0,599.0,3.0,1,7.615364376329338,1.3249362915684684,6.174722794835047,52.55607476635514,45.700934579439256,53.69859813084112,1.1425233644859814,13.710280373831775,9.14018691588785,22.756646216768917,6.12678936605317,19.422897196261683,25.13551401869159,86.65030674846625,20.565420560747665,684.3714953271028,15.8,15.8,24.0,ENG-Premier League,Wolves,FW,1,10500000.0,20700000.0,2029.0,74.0,71.0,77.0,35.14,226.0,89.0,70.0,78.0,76.0,ST,76.0,79.0,51.832460732984,44.68085106383,60.37037037037,6.3829787234043,0.42186015804262855,0.144899793414642,2.911392405063291,2.531645569620253,0.851063829787234,0.5063291139240506,1.6455696202531644,0.4430379746835443,1.0759493670886076,6.265822784810126,1.3924050632911391,0.07339607216889343,0.34205448424702956,0.7594936708860759,0.06329113924050632,1.1392405063291138,-3.665390497073531,14.30379746835443,0.18987341772151897,0.2531645569620253,2.8924642138885606,0.48198508710945176,0.5784928427777121,1.440294064352463,0.38777147886412466,1.229297290902638,1.5908553176387081,0.08385672731446002,0.3908052401794333,0.867739264166568,0.07231160534721401,1.3016088962498522,True,38.0,88.0,33.0,58.0,18.0,72.0,51.0,18.0,True
Sebastiano Esposito,9.69878981122747,7.936825801152736,21.28775025298819,118.0,13.0,70.0,118.0,14.0,14.0,3.0,107.0,39.0,199.0,113.0,112.0,81.0,48.0,46.0,2861.0,15.0,5,10.873626876892207,8.747799013423034,23.811321650223896,132.6573741007194,78.87694055282088,132.6573741007194,15.31403824308974,118.35398523286634,44.42999810677773,177.11656441717793,100.82822085889572,125.7216963271488,91.87651457781143,42.607361963190186,52.23745740249905,3190.9055282090117,55.599999999999994,55.599999999999994,23.0,ITA-Serie A,Empoli,"FW,MF",2,11500000.0,0.0,,75.0,76.0,77.0,35.23,515.0,61.0,71.0,65.0,77.0,CAM,75.0,82.0,37.693631669535506,49.4235687319865,69.6808368869935,12.6977279263735,0.17443866566955885,0.08219313399345314,2.1223021582733814,1.2589928057553958,0.5932203389830508,0.7014388489208634,3.5791366906474824,2.0323741007194247,2.0143884892086334,0.8633093525179857,1.4568345323741008,0.14274866548835857,0.38287320598899627,1.9244604316546765,0.2517985611510792,0.827338129496403,3.3012101887725294,9.262589928057555,0.26978417266187055,0.3597122302158274,1.4186500099428219,0.19556882872108286,0.7991006853737003,3.1855497197334164,1.8134572096923691,2.2611815886177844,1.6524552981620764,0.1573345146299107,0.4282611807594226,2.1286687991522726,0.2754323425016141,0.9395226151528606,True,30.0,22.0,80.0,68.0,57.0,57.0,51.0,22.0,False
Nicolò Cambiaghi,3.645070924423635,5.101891458034515,11.146918517537415,38.0,4.0,29.0,38.0,4.0,8.0,3.0,31.0,19.0,98.0,46.0,105.0,32.0,9.0,26.0,1129.0,4.0,7,3.196855169208443,4.428007411693179,9.676254870198772,33.044002095337866,25.292262216568133,33.044002095337866,6.954304796827059,26.887132380453487,16.654652772581006,112.34560327198366,52.875255623721884,91.51291813215593,27.861436428945588,10.337423312883438,22.546219037641244,983.1231011000523,23.799999999999997,23.799999999999997,24.0,ITA-Serie A,Bologna,"MF,FW",2,9500000.0,16900000.0,2029.0,75.0,75.0,73.0,34.89,376.0,61.0,70.0,63.0,77.0,CAM,76.0,78.0,30.30303030303,61.617520447697,84.174704062855,9.82142857142855,0.1531542405220015,0.09592291906377987,1.596638655462185,1.2184873949579833,0.7631578947368421,0.7983193277310925,4.11764705882353,1.9327731092436977,4.411764705882353,0.3781512605042017,1.3445378151260505,0.2143651873123746,0.46835792090493344,1.3025210084033616,0.33613445378151263,1.092436974789916,0.354929075576365,15.798319327731095,0.16806722689075632,0.4621848739495799,1.062700093133115,0.13432164576506064,0.699775326579034,4.720403498822844,2.2216493959547012,3.8450805937880648,1.1706485894514955,0.18605073158374705,0.40656533068062073,1.1297114445568692,0.2921976805389521,0.9473201276319851,True,20.0,17.0,84.0,76.0,59.0,61.0,50.9,17.0,True
Tiago Tomás,11.097560185939074,3.8658226877450943,17.37831139191985,77.0,11.0,54.0,77.0,10.0,6.0,9.0,31.0,13.0,110.0,48.0,77.0,52.0,19.0,42.0,1429.0,11.0,4,10.591540836231143,3.8321699180760755,16.65315272350005,74.2130211994872,51.52206227889788,74.2130211994872,5.937924111926074,30.537107561363474,13.149836276348982,112.24130879345604,48.80981595092025,75.4925243517784,51.533092478486594,20.28425357873211,41.77871930886438,1400.2121414903174,32.2,32.2,23.0,GER-Bundesliga,Stuttgart,"MF,FW",2,12000000.0,22800000.0,2029.0,86.0,85.0,78.0,35.08,239.0,66.0,74.0,67.0,77.0,ST,76.0,82.0,26.84331797235,49.956312800349494,75.583990863787,14.285714285714,0.34464472627139975,0.144124158258949,2.391304347826087,1.6770186335403725,0.7012987012987013,0.40372670807453415,3.416149068322981,1.4906832298136645,2.391304347826087,0.5900621118012421,1.6149068322981366,0.12005660520947496,0.5396991115503059,0.9627329192546583,0.18633540372670807,1.3043478260869563,-0.09756018593907356,7.422360248447204,0.3416149068322981,0.4658385093167701,1.6000640459285054,0.3289298396345075,0.4083800085822665,3.4857549314737897,1.51583279350684,2.344488333906161,1.6004065987107636,0.11901148813900855,0.5171786560093182,0.9483573776820954,0.1844075811157166,1.2974757549336764,True,58.0,43.0,46.0,62.0,43.0,59.0,50.8,43.0,False
Justin Njinmah,11.289273528382182,2.995932658202946,19.782031200826168,93.0,8.0,73.0,93.0,8.0,4.0,12.0,28.0,19.0,69.0,29.0,42.0,20.0,33.0,32.0,1181.0,8.0,2,10.885528357809962,2.9016036717946987,19.09094726062508,89.53284375,70.316671875,89.53284375,3.889078125,27.017249999999997,18.329859374999998,71.75460122699387,30.216768916155424,40.502953125000005,19.262015624999997,34.15950920245399,30.814640625,1136.703421875,32.2,32.2,24.0,GER-Bundesliga,Werder Bremen,"FW,MF",2,3600000.0,6400000.0,2027.0,88.0,90.0,69.0,36.31,478.0,62.0,60.0,56.0,71.0,ST,72.0,77.0,44.590643274853505,52.74926686217,71.075058392778,8.8709677419355,0.3505985567820553,0.12139003793959335,2.8881987577639747,2.2670807453416146,0.7849462365591398,0.5900621118012421,2.142857142857143,0.9006211180124223,1.3043478260869563,1.0248447204968942,0.6211180124223602,0.0930413869007126,0.6143487950567132,0.8695652173913043,0.12422360248447203,0.9937888198757763,-3.289273528382182,14.844720496894409,0.24844720496894407,0.3105590062111801,2.183747573757764,0.33805988688850813,0.5692502911490682,2.228403764813474,0.9384089725514105,1.2578556871118012,0.5981992430124222,0.09011191527312729,0.5928865608889775,0.8390450310559004,0.12077882375776397,0.9569764169254658,True,23.0,66.0,44.0,71.0,34.0,78.0,50.8,23.0,False
Sirlord Conteh,4.916845285333693,2.8863904494792223,8.768560986034572,23.0,3.0,20.0,23.0,3.0,2.0,5.0,22.0,2.0,34.0,16.0,21.0,10.0,25.0,9.0,560.0,3.0,2,5.620016946692187,3.262723370877967,9.954525987921095,26.146811971372806,22.745234222511385,26.146811971372806,2.2482758620689656,24.964346128822385,2.2774398178269357,29.862985685071575,14.075664621676891,23.898536109303837,11.299707221860768,22.036809815950917,10.204733246584256,636.3416070266753,16.8,16.8,29.0,GER-Bundesliga,Heidenheim,"MF,FW",2,1400000.0,2500000.0,2027.0,95.0,94.0,68.0,35.61,174.0,60.0,60.0,58.0,71.0,RW,69.0,69.0,39.5299145299145,50.8440913604765,71.5928515928515,13.84615384615385,0.2926693622222436,0.21377588197103012,1.369047619047619,1.1904761904761905,0.8695652173913043,0.11904761904761904,2.0238095238095237,0.9523809523809523,1.25,1.4880952380952381,0.5952380952380952,0.17180895532614418,0.5219381539306293,1.3095238095238095,0.11904761904761904,0.5357142857142857,-1.916845285333693,10.357142857142856,0.17857142857142858,0.2976190476190476,1.3538829894352014,0.33452481825548736,0.13556189391826998,1.7775586717304508,0.8378371798617197,1.4225319112680854,0.6726016203488552,0.19420972445702184,0.5925313088048271,1.4859729838584752,0.13382594417077176,0.6074245980109676,True,64.0,48.0,14.0,70.0,62.0,58.0,50.8,14.0,True
Casper Tengstedt,4.810324747115374,1.2589485691860318,7.137801101431251,38.0,5.0,33.0,38.0,6.0,2.0,6.0,12.0,11.0,37.0,7.0,9.0,6.0,20.0,9.0,483.0,6.0,1,6.078162277362836,1.59076447114204,9.019082011885995,48.01550387596899,41.69767441860465,48.01550387596899,2.527131782945736,15.162790697674415,13.899224806201548,29.282208588957054,5.539877300613497,11.372093023255813,7.581395348837209,15.828220858895708,11.372093023255813,610.3023255813953,16.9,16.9,24.0,ITA-Serie A,Hellas Verona,FW,1,,,,,,,,0.0,,,,,,,,24.691358024691,43.859649122807,69.395017793594,15.789473684211,0.28463460042102806,0.1265874933451414,2.248520710059172,1.9526627218934913,0.868421052631579,0.6508875739644971,2.1893491124260356,0.4142011834319527,0.5325443786982249,1.183431952662722,0.3550295857988166,0.07449399817668828,0.42235509475924565,0.7100591715976332,0.1183431952662722,0.5325443786982249,0.1896752528846264,0.0,0.3550295857988166,0.4142011834319527,2.4673180129351864,0.3596545726250199,0.822439337645062,1.7326750644353288,0.327803390568846,0.6729049126186872,0.4486032750791248,0.09412807521550533,0.5336734918275737,0.8972065501582495,0.14953442502637493,0.6729049126186872,True,51.0,79.0,54.0,37.0,34.0,22.0,50.7,22.0,True
Julian Brandt,9.6841040244326,14.32506886869669,36.77153498865664,82.0,12.0,52.0,82.0,11.0,24.0,8.0,94.0,44.0,183.0,40.0,14.0,55.0,34.0,37.0,2540.0,12.0,14,8.485175597408379,12.354745596670213,31.716913340022074,71.39275077483698,45.52662476866378,71.3055230826567,20.623118651194346,80.83203317863138,38.012582142276955,213.09406952965236,46.576687116564415,12.059228443923462,47.31946537044057,38.31901840490798,32.28826484294619,2197.2094910762353,43.400000000000006,43.400000000000006,29.0,GER-Bundesliga,Dortmund,"MF,FW",2,30000000.0,51000000.0,2030.0,74.0,67.0,76.0,34.27,361.0,72.0,85.0,54.0,82.0,CAM,82.0,82.0,40.4941860465115,38.461820045391505,81.75620156686051,15.015015015015,0.22313603742932253,0.11809882956625121,1.889400921658986,1.1981566820276497,0.6341463414634146,1.0138248847926266,4.216589861751151,0.9216589861751151,0.32258064516129026,0.7834101382488479,1.2672811059907831,0.33007071126029236,0.8472703914437013,2.1658986175115205,0.5529953917050691,0.8525345622119814,2.3158959755674005,8.317972350230413,0.27649769585253453,0.5990783410138248,1.0490005707065386,0.19551095846563082,0.8758659479787315,4.910001602065722,1.0731955556812076,0.2778624065420152,1.090310261991718,0.2846715575269634,0.7308044548392182,1.8624892437472664,0.4751870656957222,0.7439692360125849,True,44.0,14.0,86.0,32.0,92.0,36.0,50.3,14.0,False
Mattia Zaccagni,10.976146953180432,8.004563387483358,25.52999915368855,82.0,9.0,61.0,82.0,10.0,11.0,13.0,90.0,20.0,184.0,75.0,180.0,67.0,35.0,67.0,2892.0,11.0,6,10.2064075613286,7.334704391167572,23.436806298126243,75.58700630887563,56.53617880909169,75.58700630887563,10.093293578774523,82.76958560193586,18.742675654653876,197.91002044989776,80.95296523517382,166.5323005790338,61.69552113041223,37.9959100204499,61.36447800535822,2670.6974548440066,53.2,53.2,30.0,ITA-Serie A,Lazio,FW,2,35000000.0,59500000.0,2029.0,88.0,90.0,79.0,34.91,449.0,59.0,83.0,66.0,80.0,LW,83.0,83.0,44.642857142857494,57.2723287953795,83.71383100505349,12.745098039215849,0.20631855175151187,0.13385545064854185,1.5413533834586466,1.1466165413533833,0.7439024390243902,0.37593984962406013,3.4586466165413534,1.4097744360902256,3.3834586466165413,0.6578947368421052,1.2593984962406015,0.15046171780983755,0.4798872021370028,1.6917293233082706,0.20676691729323307,1.2593984962406015,-1.9761469531804323,8.43984962406015,0.20676691729323307,0.31954887218045114,1.0627101279904452,0.1918497661903872,0.3523059333581556,3.7201131663514615,1.5216722788566506,3.1303064018615374,1.1596902468122599,0.13787038329262352,0.44054147176929026,1.555819278231877,0.18972356351079928,1.1534676316796657,True,51.0,19.0,44.0,87.0,56.0,55.0,50.1,19.0,False
Afonso Moreira,3.1612205244600773,5.9273083889856935,13.23570010252297,40.0,4.0,25.0,40.0,4.0,10.0,1.0,33.0,14.0,83.0,33.0,57.0,35.0,9.0,24.0,1064.0,4.0,7,2.831202997181278,5.308523447278396,11.85395119072112,35.824175824175825,22.39010989010989,35.824175824175825,8.956043956043956,29.55494505494505,12.538461538461538,92.67484662576688,36.84662576687116,51.04945054945055,31.346153846153847,10.049079754601228,21.494505494505496,952.9230769230768,19.1,19.1,20.0,FRA-Ligue 1,Lyon,"MF,FW",1,12500000.0,26300000.0,2029.0,91.0,90.0,68.0,35.46,499.0,61.0,68.0,46.0,72.0,RM,75.0,84.0,22.5,49.130434782609,80.847145488029,10.0,0.16550892798220299,0.07903051311150193,2.094240837696335,1.3089005235602094,0.625,0.7329842931937173,4.345549738219895,1.7277486910994764,2.9842931937172774,0.47120418848167533,1.832460732984293,0.3103302821458478,0.6929685917551293,1.7277486910994764,0.5235602094240838,1.256544502617801,0.8387794755399227,26.125654450261777,0.20942408376963348,0.5759162303664921,1.1722570623094182,0.14823052341263235,0.6564639548932742,4.852086210773135,1.9291427103073906,2.6727461020654735,1.6411598872331856,0.27793316477897356,0.6206257167916815,1.5473793222484318,0.4689028249237673,1.1253667798170417,True,12.0,14.0,80.0,60.0,85.0,76.0,50.1,12.0,True
Georginio Rutter,8.610311209224164,7.731052542105317,21.042343497276306,92.0,8.0,64.0,92.0,8.0,14.0,8.0,44.0,34.0,126.0,71.0,79.0,96.0,44.0,55.0,1664.0,8.0,6,7.969146797026482,7.100826756727011,19.37302391478272,84.85341809242384,59.09000805258658,84.85341809242384,12.867827610794015,40.44570889367393,31.2623334054637,136.72392638036808,76.98364008179959,72.92058092140037,88.12154794126934,47.68098159509202,50.64733927640238,1530.1508848976755,38.2,38.2,23.0,ENG-Premier League,Brighton,"MF,FW",2,16500000.0,34700000.0,2029.0,77.0,76.0,76.0,34.88,345.0,76.0,77.0,73.0,77.0,CAM,77.0,83.0,36.361111111111,43.58939533873,69.050032003414,8.57142857142855,0.22540081699539696,0.09359033923069744,2.408376963350785,1.6753926701570678,0.6956521739130435,0.8900523560209423,3.2984293193717273,1.8586387434554972,2.068062827225131,1.1518324607329842,2.513089005235602,0.20238357440066274,0.5508466884103744,1.1518324607329842,0.36649214659685864,1.4397905759162302,-0.6103112092241645,9.031413612565444,0.20942408376963348,0.36649214659685864,1.5468588495441513,0.20861640829912256,0.8183856912425052,3.579160376449426,2.015278536172764,1.908915730926711,2.3068468047452706,0.18588551719180657,0.5071472229000712,1.0587881909338726,0.3368541259370161,1.3258465779162925,True,20.0,30.0,86.0,54.0,58.0,58.0,49.9,20.0,False
Mostafa Mohamed,9.619936542585492,1.5962680112570524,10.181349443271756,77.0,9.0,64.0,78.0,8.0,2.0,8.0,15.0,12.0,80.0,28.0,63.0,43.0,109.0,15.0,941.0,9.0,0,11.496385375110505,1.8764526801426191,12.178218742207603,91.53871616377789,76.09682274640765,92.70023635380164,2.3230403800475057,17.716057947837538,14.329249076926697,67.13701431492842,23.480572597137016,74.9353025563839,51.02063686178594,91.86094069529653,18.009313045318784,1118.6991956915406,26.700000000000003,26.700000000000003,27.0,FRA-Ligue 1,Nantes,FW,2,2000000.0,4000000.0,2027.0,70.0,68.0,68.0,33.75,179.0,84.0,63.0,76.0,77.0,ST,71.0,71.0,51.150793650794,43.3867276887875,64.0530720105705,11.5282392026575,0.36029724878597347,0.1249342408127986,2.883895131086142,2.3970037453183517,0.8205128205128205,0.44943820224719094,2.99625468164794,1.048689138576779,2.3595505617977524,4.082397003745318,1.6104868913857677,0.059785318773672366,0.38132394918620804,0.5617977528089887,0.07490636704119849,0.5617977528089887,-0.6199365425854921,6.704119850187265,0.33707865168539325,0.33707865168539325,2.850068267655717,0.43057623127754696,0.5366759953905129,2.514494918162113,0.8794221946493264,2.806565638815876,1.9108852757223196,0.07027912659710184,0.4561130615059027,0.6635227695819301,0.08700525767968185,0.6745061065662465,True,30.0,84.0,43.0,72.0,17.0,26.0,49.8,17.0,False
Ange-Yoan Bonny,11.170304954051971,6.941067229025066,21.17668684571981,85.0,9.0,68.0,86.0,11.0,14.0,9.0,47.0,19.0,97.0,51.0,71.0,111.0,36.0,53.0,1560.0,11.0,8,11.035812747796488,6.90830841133486,20.6340321160548,87.68906157780839,70.32441471571906,88.79539641943734,13.468424158961243,47.09138304151092,18.422880188864845,98.20449897750511,51.52147239263803,71.62315561676176,110.97019476686995,36.04907975460122,52.863564823922886,1578.11449931143,40.8,40.8,21.0,ITA-Serie A,Inter,FW,2,,,,,,,34.68,182.0,,,,,,,,31.4912280701755,45.562829605383,78.19705939279049,16.051136363636502,0.2737819841679405,0.13141535240061142,2.0833333333333335,1.6666666666666667,0.7906976744186046,0.46568627450980393,2.377450980392157,1.25,1.7401960784313726,0.8823529411764707,2.7205882352941178,0.17012419678983007,0.5190364422970543,1.1519607843137256,0.3431372549019608,1.2990196078431373,-2.1703049540519714,4.46078431372549,0.26960784313725494,0.46568627450980393,1.7236376155813495,0.2704856065636394,0.4515411810996286,2.4069730141545373,1.2627811860940694,1.7554695004108276,2.7198577148742635,0.1693212845915407,0.505736081275853,1.1542005647429148,0.33010843526865796,1.2956756084294825,True,55.0,46.0,39.0,52.0,62.0,45.0,49.6,39.0,False
Christantus Uche,4.982478495687246,4.914129167795181,12.75658101029694,56.0,5.0,44.0,56.0,5.0,8.0,3.0,33.0,25.0,117.0,37.0,76.0,75.0,101.0,38.0,1258.0,5.0,7,5.895906045989941,5.778490598416666,15.023345467527287,65.79133042919375,51.70649146611441,65.79133042919375,9.405413125758766,38.791508962365214,29.246411483253592,99.78323108384457,31.562372188139054,89.28158251803185,88.11172605870172,86.04089979550102,44.733914161251164,1477.35992287367,32.5,30.6,22.0,ESP-La Liga,Getafe,FW,2,12000000.0,0.0,,70.0,67.0,74.0,33.92,60.0,86.0,68.0,79.0,78.0,ST,76.0,82.0,49.034090909091,39.752567693744496,65.140931876079,12.3333333333335,0.15330703063653064,0.0889728302801294,1.7230769230769232,1.353846153846154,0.7857142857142857,0.7692307692307693,3.6,1.1384615384615384,2.3384615384615386,3.1076923076923078,2.3076923076923075,0.1512039743936979,0.39251018493221357,1.0153846153846153,0.24615384615384617,1.1692307692307693,0.017521504312753677,1.8461538461538463,0.15384615384615385,0.36923076923076925,1.5909689681881356,0.1814124937227674,0.8998895841001106,3.0702532641182945,0.9711499134812017,2.7471256159394417,2.7111300325754377,0.17779971072051282,0.46225678361622424,1.193584891149699,0.28939732694642356,1.3764281280384973,True,26.0,34.0,76.0,63.0,54.0,37.0,49.4,26.0,False
Igor Thiago,0.0,0.0,0.0,0.0,0.0,82.0,86.0,22.0,6.0,20.0,26.0,16.0,105.0,43.0,29.0,44.0,119.0,32.0,1308.0,22.0,1,0.0,0.0,0.0,0.0,84.39964839028677,88.51754312712889,6.176842105263158,26.749122074497308,16.462982089880235,102.09202453987731,41.809815950920246,29.8289462696407,45.27964839028679,115.65030674846626,32.91736732227228,1345.7520712009668,38.4,38.4,24.0,ENG-Premier League,Brentford,FW,2,37500000.0,74100000.0,2031.0,74.0,72.0,85.0,36.01,932.0,87.0,83.0,82.0,84.0,ST,81.0,85.0,46.1670631773725,50.0,71.6402116402115,13.095238095238,0.0,,0.0,2.135416666666667,0.9534883720930233,0.4166666666666667,2.734375,1.1197916666666667,0.7552083333333334,3.0989583333333335,1.1458333333333335,0.0,0.0,0.6770833333333334,0.15625,0.8333333333333334,0.0,24.270833333333336,0.5729166666666667,0.5989583333333334,2.197907510163718,0.0,0.4287234919239645,2.6586464723926384,1.0887972903885481,0.7767954757718932,1.1791575101637184,0.0,0.0,0.696591720690034,0.16085526315789475,0.8572231073508406,True,67.0,55.0,38.0,57.0,12.0,78.0,49.3,12.0,False
Randy Nteka,6.007423131726682,0.8940387405455112,8.526375001296401,29.0,6.0,25.0,29.0,5.0,1.0,8.0,13.0,12.0,38.0,20.0,22.0,24.0,61.0,9.0,587.0,6.0,0,5.5970290933533215,0.841499828086472,7.959553834662204,27.015705273052653,23.29598510457528,27.015705273052653,0.9458413926499032,12.168647300204269,11.222805907554365,40.61758691206544,21.292433537832313,20.585751730870044,22.47743451616985,65.22903885480574,8.385281729604655,549.2898750881252,16.7,16.7,27.0,ESP-La Liga,Rayo Vallecano,FW,2,1700000.0,3600000.0,2028.0,71.0,65.0,66.0,33.34,73.0,88.0,65.0,72.0,67.0,ST,70.0,70.0,50.6144393241165,36.879699248120005,72.58796249621949,20.913461538461497,0.35972593603153785,0.20715252178367868,1.7365269461077846,1.4970059880239521,0.8620689655172413,0.718562874251497,2.2754491017964074,1.1976047904191618,1.3173652694610778,3.6526946107784433,1.437125748502994,0.05353525392488091,0.5105613773231378,0.7784431137724551,0.059880239520958084,0.5389221556886228,-0.007423131726682186,4.371257485029941,0.3592814371257485,0.3592814371257485,1.3949691679386396,0.33515144271576774,0.6720243058415788,2.432190833057811,1.2749960202294799,1.2326797443634758,1.3459541626449012,0.05038921126266299,0.4766199900995332,0.7286615149822916,0.05663720914071277,0.5021126784194404,True,73.0,49.0,62.0,49.0,20.0,16.0,49.3,16.0,True
Esteban Lepaul,20.019486765377223,4.5347989816218615,25.130308160558343,128.0,27.0,109.0,128.0,30.0,4.0,14.0,30.0,21.0,102.0,18.0,33.0,28.0,78.0,15.0,1350.0,30.0,5,20.2969940946124,4.45857526166918,25.1841499092423,128.1822475274476,109.72439433808185,128.1822475274476,3.92894927864985,29.33068233372652,20.28589057254333,100.27607361963192,16.926380368098158,34.80148353143998,29.139892024317213,76.53374233128835,15.347527447600037,1381.8232193085926,47.900000000000006,46.0,25.0,FRA-Ligue 1,Angers,FW,2,23500000.0,46400000.0,2029.0,76.0,77.0,83.0,33.0,603.0,71.0,80.0,76.0,83.0,ST,79.0,82.0,43.506411868242,36.206896551724,73.6840759118115,23.044575273339,0.4179433562709232,0.15640224035450956,2.6722338204592897,2.275574112734864,0.8515625,0.43841336116910223,2.1294363256784967,0.3757828810020876,0.6889352818371607,1.6283924843423798,0.5845511482254696,0.09467221255995534,0.5246410889469382,0.626304801670146,0.0835073068893528,0.313152400835073,6.9805132346227765,12.588726513569936,0.626304801670146,0.7306889352818371,2.2906971678096415,0.42373682869754487,0.4235050223913012,2.0934462133534844,0.3533691099811724,0.726544541366179,0.6083484764993154,0.09308090316637119,0.5257651338046408,0.6123315727291548,0.0820239932912286,0.32040767113987545,True,80.0,79.0,23.0,40.0,27.0,23.0,49.2,23.0,False
Adam Hložek,7.040362112224102,2.8081529047340155,12.762904856353998,62.0,8.0,41.0,62.0,7.0,7.0,6.0,22.0,14.0,67.0,22.0,31.0,40.0,43.0,33.0,890.0,8.0,4,6.927165886300076,2.819685360194935,12.670849876289628,61.895102687970414,40.92869953325337,61.895102687970414,7.028747433264886,22.09034907597536,14.057494866529773,66.86094069529653,21.910020449897758,31.00747091652402,39.804753611995054,43.09406952965235,33.13552361396304,890.4193738837254,21.3,21.3,23.0,GER-Bundesliga,Hoffenheim,"FW,MF",2,17000000.0,32300000.0,2029.0,78.0,78.0,77.0,32.63,12.0,83.0,76.0,72.0,75.0,ST,77.0,83.0,58.641975308642,37.352071005917,76.3560763560765,6.779661016949,0.33053343249878414,0.11355422761651777,2.9107981220657275,1.9248826291079812,0.6612903225806451,0.6572769953051643,3.1455399061032865,1.0328638497652582,1.4553990610328638,2.0187793427230045,1.8779342723004695,0.13183816454150307,0.5991974110964318,1.0328638497652582,0.32863849765258213,1.5492957746478873,0.959637887775898,0.5633802816901409,0.3755868544600939,0.5633802816901409,1.9215351893546184,0.3252190556948392,0.6599762848136044,3.1390113002486633,1.0286394577416786,1.4557498082875127,1.8687677752110352,0.13237959437534905,0.5948755810464614,1.0371055904213784,0.3299881424068022,1.5556583856320674,True,23.0,51.0,64.0,53.0,59.0,34.0,48.9,23.0,True
Ferran Jutglà,6.59795877058059,1.5541915334761145,8.991645194590092,45.0,9.0,32.0,45.0,7.0,2.0,8.0,16.0,10.0,51.0,12.0,30.0,20.0,17.0,21.0,742.0,9.0,3,6.401590950027596,1.5079358330750396,8.724036706655863,43.660714285714285,31.047619047619047,43.660714285714285,1.9404761904761905,15.523809523809524,9.702380952380953,52.56441717791412,12.368098159509202,29.10714285714285,19.404761904761905,17.52147239263804,20.375,719.9166666666666,18.4,18.4,26.0,ESP-La Liga,Celta Vigo,FW,1,6000000.0,12600000.0,2029.0,76.0,79.0,74.0,34.2,377.0,79.0,77.0,67.0,77.0,ST,75.0,75.0,35.416666666667,44.055944055944,77.884615384615,20.0,0.3585847157924234,0.146621306012902,2.4456521739130435,1.7391304347826089,0.7111111111111111,0.5434782608695653,2.7717391304347827,0.6521739130434783,1.6304347826086958,0.923913043478261,1.0869565217391306,0.08446693116718014,0.4886763692712007,0.8695652173913044,0.10869565217391305,1.1413043478260871,2.4020412294194102,20.48913043478261,0.48913043478260876,0.6521739130434783,1.6873706004140787,0.3479125516319346,0.5273033126293997,2.856761803147507,0.6721792477994132,1.5819099378881984,1.0546066252587993,0.08195303440625216,0.47413242970955777,0.8436853002070394,0.10546066252587992,1.1073369565217392,True,63.0,48.0,42.0,59.0,28.0,54.0,48.9,28.0,True
Brenden Aaronson,5.881288753822446,5.662709843367338,13.203591203317046,46.0,4.0,28.0,47.0,3.0,9.0,4.0,34.0,16.0,130.0,50.0,51.0,74.0,24.0,31.0,1277.0,4.0,5,6.2931076599981965,6.059223442902906,14.128131506393949,49.221006564551416,29.96061269146608,50.29102844638949,9.630196936542667,36.38074398249452,17.120350109409188,121.49284253578732,46.72801635991821,54.57111597374179,79.1816192560175,22.429447852760735,33.1706783369803,1366.417943107221,27.2,27.2,24.0,ENG-Premier League,Leeds United,"MF,FW",1,10000000.0,19800000.0,2027.0,80.0,81.0,73.0,35.26,639.0,53.0,75.0,49.0,76.0,RM,76.0,79.0,33.333333333333,41.640378548896,81.137724550898,8.5106382978723,0.2162238512434723,0.1278541033439662,1.6911764705882353,1.0294117647058825,0.5957446808510638,0.5882352941176471,4.779411764705882,1.8382352941176472,1.875,0.8823529411764706,2.7205882352941178,0.20818786188850508,0.48542614718077376,1.25,0.33088235294117646,1.1397058823529411,-1.8812887538224459,23.49264705882353,0.14705882352941177,0.33088235294117646,1.101493113656841,0.23136425220581605,0.6294246363753379,4.46664862263924,1.7179417779381694,2.0062910284463893,2.9110889432359377,0.2227655677537833,0.5194165994997776,1.3375273522975928,0.35405135796112747,1.219510232977217,True,28.0,18.0,74.0,49.0,73.0,75.0,48.8,18.0,False
Marvin Ducksch,8.931332174688578,10.059994157403708,19.355842046439648,71.0,7.0,52.0,72.0,6.0,17.0,11.0,62.0,15.0,65.0,10.0,17.0,11.0,20.0,7.0,1150.0,8.0,8,8.73484286684543,9.838674285940826,18.930013521417976,69.438,50.856,70.416,16.626,60.636,14.67,66.46216768916156,10.224948875255624,16.626,10.758,20.449897750511248,6.846,1124.7,26.9,26.9,30.0,GER-Bundesliga,Werder Bremen,FW,1,,,,,,,,0.0,,,,,,,,40.816326530612,46.478873239437,70.580110497238,11.111111111111,0.33201978344567207,0.12579341091110674,2.639405204460967,1.933085501858736,0.7222222222222222,0.5576208178438662,2.41635687732342,0.3717472118959108,0.6319702602230484,0.7434944237918216,0.4089219330855019,0.37397747797039804,0.719548031466158,2.304832713754647,0.6319702602230484,0.26022304832713755,-1.9313321746885777,0.0,0.29739776951672864,0.5947955390334573,1.890557620817844,0.3247153482098673,0.5453531598513012,2.4707125535004297,0.3801096236154507,0.6180669144981413,0.3999256505576208,0.3657499734550493,0.7037179747739025,2.2541263940520446,0.6180669144981413,0.25449814126394055,True,37.0,54.0,37.0,52.0,88.0,4.0,48.8,4.0,False
Dušan Vlahović,18.82719596941024,2.99136795848608,24.05781565885991,126.0,12.0,99.0,126.0,15.0,4.0,23.0,27.0,17.0,44.0,7.0,36.0,47.0,64.0,12.0,970.0,17.0,5,16.055048140835034,2.549901843889147,20.51919828882268,107.42588141025641,84.40901806526806,107.42588141025641,3.413643648018648,23.010926573426573,14.515406468531468,51.53374233128835,8.212678936605318,30.669361888111887,40.06727127039627,75.06748466257669,10.240930944055943,827.1703817016316,30.6,30.6,25.0,ITA-Serie A,Juventus,FW,2,34500000.0,61200000.0,2028.0,77.0,76.0,82.0,33.55,145.0,87.0,78.0,81.0,86.0,ST,81.0,84.0,46.928635953026,36.8667255075025,70.65259740259751,13.6363636363635,0.6152678421375896,0.1494221902334146,4.117647058823529,3.235294117647059,0.7857142857142857,0.5555555555555556,1.4379084967320261,0.22875816993464052,1.1764705882352942,2.0915032679738563,1.5359477124183005,0.09775712282634248,0.786203126106533,0.8823529411764706,0.13071895424836602,0.39215686274509803,-6.827195969410241,4.738562091503268,0.5555555555555556,0.7189542483660131,2.758464642655819,0.5246747758442821,0.47435968851410026,1.6841092265126911,0.26838820054265744,1.0022667283696693,1.30938795001295,0.08333012561729239,0.6705620355824404,0.7519910644910645,0.11155698196139373,0.3346709458841811,True,64.0,84.0,24.0,43.0,35.0,12.0,48.6,12.0,False
Liam Delap,15.438743876293302,2.9537093117833138,22.22292793355882,104.0,11.0,79.0,104.0,12.0,3.0,14.0,24.0,21.0,93.0,16.0,70.0,82.0,83.0,50.0,1198.0,13.0,2,16.799463884468878,3.497131475377817,24.083259854044677,112.411009894904,84.08490493549957,112.411009894904,3.613300492610837,27.83556445347517,23.865317465060485,85.95705521472394,15.032719836400819,77.52836140731318,90.910723890345,77.65439672801637,56.65220991880885,1308.342501131212,41.1,41.1,22.0,ENG-Premier League,Chelsea,FW,2,17000000.0,35700000.0,2031.0,78.0,76.0,78.0,35.51,261.0,84.0,77.0,73.0,78.0,ST,77.0,83.0,42.828231722742004,36.220196353435995,65.9551176792555,10.2124183006534,0.37563853713609,0.14844946034897405,2.5304136253041363,1.922141119221411,0.7596153846153846,0.510948905109489,2.2627737226277373,0.389294403892944,1.70316301703163,2.019464720194647,1.9951338199513382,0.07186640661273269,0.5407038426656647,0.583941605839416,0.072992700729927,1.2165450121654502,-4.438743876293302,6.350364963503649,0.31630170316301703,0.36496350364963503,2.045861433953761,0.4087460799140846,0.5806646585172868,2.0914125356380517,0.36575960672508073,1.8863348274285445,2.2119397540229926,0.08508835706515369,0.5859673930424495,0.6772643419337023,0.08791485383481355,1.378399268097539,True,49.0,67.0,37.0,49.0,28.0,64.0,48.5,28.0,False
Brian Brobbey,7.111885398626328,1.5084331054240463,9.288086591288447,36.0,7.0,34.0,36.0,7.0,2.0,12.0,15.0,6.0,44.0,9.0,37.0,29.0,65.0,2.0,538.0,7.0,1,7.745460935252282,1.642814673835988,10.115533058218375,39.207126948775056,37.02895322939867,39.207126948775056,2.178173719376392,16.33630289532294,6.534521158129176,40.40081799591002,8.263803680981594,40.29621380846326,31.583518930957684,59.68302658486707,2.178173719376392,585.9287305122494,21.4,21.4,23.0,ENG-Premier League,Sunderland,FW,1,17000000.0,35700000.0,2030.0,84.0,82.0,75.0,35.21,350.0,94.0,78.0,71.0,82.0,ST,77.0,83.0,46.762589928058,38.211382113821,72.0,19.444444444444,0.33233109339375366,0.19755237218406468,1.6822429906542058,1.5887850467289721,0.9444444444444444,0.28037383177570097,2.0560747663551404,0.42056074766355145,1.7289719626168225,3.0373831775700935,1.355140186915888,0.07048752829084329,0.43402273791067514,0.7009345794392524,0.09345794392523366,0.09345794392523366,-0.1118853986263284,16.35514018691589,0.3271028037383178,0.3738317757009346,1.73032491726162,0.3619374268809478,0.3053514559873447,1.8878886913976645,0.38615905051315863,1.8830006452552925,1.4758653706054994,0.07676704083345738,0.47268846066441006,0.7633786399683617,0.10178381866244823,0.10178381866244823,True,77.0,65.0,13.0,60.0,23.0,48.0,48.4,13.0,True
Borja Mayoral,6.100163746625185,1.8768860716372728,8.631499675568193,35.0,8.0,30.0,35.0,9.0,3.0,5.0,13.0,22.0,68.0,10.0,22.0,38.0,33.0,12.0,788.0,9.0,2,7.264233118913058,2.2218073203359374,10.222059540315977,41.64339784331929,35.607869742198105,41.64339784331929,3.5561308291080485,15.440941226879955,26.29557951867457,57.079754601226995,8.384458077709612,26.062772263086483,45.29265157466257,27.717791411042946,14.317646218667429,939.8661715346711,24.200000000000003,24.200000000000003,28.0,ESP-La Liga,Getafe,FW,2,11000000.0,23100000.0,2027.0,65.0,61.0,80.0,31.35,195.0,71.0,77.0,83.0,79.0,ST,77.0,77.0,31.304347826087,36.483288967761,81.155303030303,25.8333333333335,0.2520728820919498,0.17429039276071956,1.446280991735537,1.2396694214876032,0.8571428571428571,0.909090909090909,2.8099173553719003,0.4132231404958677,0.909090909090909,1.3636363636363635,1.5702479338842974,0.0775572756874906,0.35667354031273524,0.5371900826446281,0.12396694214876032,0.4958677685950413,1.899836253374815,8.05785123966942,0.371900826446281,0.4545454545454545,1.4713995761238885,0.3001749222691346,1.0865941949865525,2.3586675455052473,0.3464652098227112,1.076974060458119,1.8715971725067175,0.09181021984859244,0.4223991545585114,0.6380554225983451,0.14694755492182016,0.591638273498654,True,83.0,47.0,64.0,26.0,27.0,22.0,48.3,22.0,True
Ludovic Blas,8.804372894577682,12.616297917440534,27.24707326013595,104.0,9.0,63.0,104.0,10.0,19.0,7.0,95.0,29.0,171.0,59.0,81.0,73.0,18.0,71.0,2459.0,11.0,12,8.307898011809753,11.794725641221634,25.56432555955646,97.71919284651966,59.357343517617466,97.71919284651966,17.739863760718286,89.02613884655638,27.160182142004665,182.40695296523515,62.529652351738235,76.55669720727835,68.8710390540367,19.05521472392638,66.94962451572628,2313.496234140609,42.7,42.7,27.0,FRA-Ligue 1,Rennes,"MF,FW",2,8000000.0,15200000.0,2027.0,72.0,77.0,74.0,33.87,400.0,63.0,80.0,56.0,72.0,CAM,76.0,76.0,25.636363636363498,44.683681513599,82.3312042398065,10.582306830907001,0.20619140268331806,0.08465743167863156,2.4355971896955504,1.4754098360655736,0.6057692307692307,0.6791569086651054,4.004683840749414,1.3817330210772834,1.8969555035128804,0.42154566744730676,1.7096018735362997,0.2954636514623076,0.6381047601905374,2.2248243559718968,0.4449648711943794,1.6627634660421544,0.19562710542231798,9.36768149882904,0.2576112412177986,0.5386416861826697,1.3901017217240623,0.19456435624847196,0.6360698393912099,4.27182559637553,1.464394668658975,1.7928968901001954,1.6129048958790795,0.27622308293259096,0.5986961489357484,2.0849212844626783,0.4154534838575711,1.5679068973238004,True,20.0,21.0,73.0,51.0,86.0,49.0,48.3,20.0,False
Keito Nakamura,9.232945438474417,3.226258029229939,16.374792762100697,85.0,11.0,59.0,84.0,10.0,5.0,7.0,25.0,24.0,116.0,24.0,8.0,43.0,7.0,30.0,1197.0,11.0,2,10.237891880757346,3.5774153657447623,18.15708313076472,94.25170068027212,65.421768707483,93.14285714285714,5.54421768707483,27.72108843537415,26.612244897959183,104.61349693251532,21.644171779141104,8.870748299319727,47.68027210884354,6.312883435582823,33.265306122448976,1327.2857142857142,29.4,29.4,24.0,FRA-Ligue 1,Reims,"MF,FW",1,,,,,,,,0.0,,,,,,,,33.333333333333,31.632653061224,77.903682719547,13.095238095238,0.31404576321341554,0.10862288751146372,2.8911564625850343,2.0068027210884356,0.7023809523809523,0.8163265306122449,3.9455782312925174,0.8163265306122449,0.272108843537415,0.2380952380952381,1.4625850340136055,0.10973666766088229,0.5569657402075067,0.8503401360544218,0.17006802721088435,1.0204081632653061,1.7670545615255833,0.0,0.3741496598639456,0.44217687074829937,2.2252302281456804,0.3482276149917465,0.9051783978897682,3.5582822085889565,0.7361963190184049,0.3017261326299227,1.6217779628858346,0.12168079475322321,0.6175878615906367,0.9428941644685085,0.1885788328937017,1.1314729973622102,True,34.0,62.0,78.0,14.0,51.0,38.0,48.2,14.0,False
Thijs Dallinga,9.422434993088245,1.2591763380914927,11.985805264674127,55.0,5.0,49.0,54.0,5.0,1.0,12.0,22.0,16.0,55.0,17.0,26.0,35.0,60.0,4.0,826.0,5.0,4,8.102248964807814,1.091622443798892,10.333343536726701,47.35209159619845,42.08109144653146,46.466222030981065,0.8858695652173912,18.958523535134326,13.687523385467333,64.16155419222906,19.783231083844584,22.280915587817105,30.032655466586846,70.22085889570553,3.455043777594851,710.5482021252712,21.8,21.8,24.0,ITA-Serie A,Bologna,FW,2,8500000.0,15100000.0,2028.0,71.0,69.0,77.0,34.01,181.0,65.0,79.0,80.0,81.0,ST,75.0,80.0,45.0,34.3881856540085,71.8263655782725,9.18653576437585,0.4322217886737727,0.17131699987433174,2.5229357798165135,2.2477064220183487,0.9074074074074074,0.7339449541284403,2.5229357798165135,0.7798165137614679,1.1926605504587156,2.7522935779816513,1.6055045871559632,0.05776038248126113,0.5498075809483545,1.0091743119266054,0.04587155963302752,0.18348623853211007,-4.422434993088245,8.302752293577981,0.2293577981651376,0.4128440366972477,1.9303252957124521,0.37166279655081713,0.6278680452049236,2.9431905592765624,0.9074876643965405,1.0220603480650048,1.3776447461737085,0.05007442402747211,0.4740065842535184,0.8696570428960699,0.04063621858795372,0.15848824667866288,True,52.0,71.0,57.0,39.0,21.0,19.0,47.9,19.0,True
Frank Magri,9.602074669674039,2.5589388515800238,13.022049967199562,77.0,10.0,67.0,77.0,10.0,4.0,8.0,23.0,17.0,49.0,16.0,50.0,50.0,81.0,14.0,904.0,10.0,2,10.67259575782542,2.838859662995376,14.39219262003423,85.96226950354611,74.67943262411347,85.96226950354611,4.416028368794326,25.964397163120566,18.889503546099288,43.54601226993864,14.282208588957054,55.85929078014184,55.65120567375887,72.33128834355828,15.90695035460993,1011.617304964539,30.700000000000003,30.700000000000003,25.0,FRA-Ligue 1,Toulouse,"FW,MF",2,3100000.0,6400000.0,2030.0,77.0,78.0,74.0,35.35,207.0,69.0,66.0,68.0,70.0,ST,72.0,75.0,38.622222222222,36.3794487556865,73.0453978701225,13.257575757575498,0.3127711618786332,0.12470226843732518,2.50814332247557,2.1824104234527684,0.8701298701298701,0.5537459283387621,1.5960912052117262,0.521172638436482,1.6286644951140063,2.6384364820846904,1.6286644951140063,0.0833530570547239,0.4241710087035688,0.7491856677524429,0.1302931596091205,0.4560260586319218,0.3979253303259611,6.742671009771986,0.3257328990228013,0.3908794788273615,2.4325548086030446,0.34764155562949245,0.6152932751172406,1.418436881756959,0.4652185208129333,1.8195208723173237,1.8127428558227643,0.09247099879463765,0.46880106254183157,0.8457458359322659,0.14384457227343078,0.5181417053618869,True,41.0,76.0,38.0,47.0,30.0,45.0,47.8,30.0,False
Loïs Openda,12.923430389724672,4.363521719351411,20.772240741178393,103.0,10.0,76.0,104.0,8.0,8.0,18.0,37.0,17.0,66.0,15.0,98.0,33.0,29.0,26.0,1293.0,10.0,5,11.786166975526413,4.035126390139005,19.017233662949554,94.29292385057471,69.43893678160919,95.14188218390805,7.406429597701149,33.95833333333333,15.7496408045977,71.77914110429448,16.67484662576687,89.96030890804597,30.38685344827586,31.840490797546018,24.00502873563218,1187.019396551724,35.3,34.7,25.0,ITA-Serie A,Juventus,"FW,MF",2,38500000.0,0.0,,95.0,94.0,84.0,34.91,157.0,79.0,80.0,79.0,83.0,ST,82.0,84.0,34.0970350404315,55.265423242468,69.75717439293601,7.6923076923079,0.3661028439015488,0.12547019795849196,2.917847025495751,2.152974504249292,0.7307692307692307,0.481586402266289,1.869688385269122,0.42492917847025496,2.776203966005666,0.821529745042493,0.934844192634561,0.12361251329607398,0.5884487462090197,1.048158640226629,0.226628895184136,0.7365439093484419,-2.923430389724672,4.447592067988669,0.28328611898017,0.42492917847025496,1.9671086906971442,0.33388575001491255,0.44616546188662043,2.033403430716558,0.47237525852030804,2.548450677281756,0.8608173781381264,0.1143095294656942,0.5387318318116021,0.9619924457034938,0.20981386962326204,0.6800291426524697,True,38.0,57.0,26.0,78.0,43.0,39.0,47.8,26.0,False
Gift Orban,13.997940018773079,2.6780524663627148,18.451287526637316,96.0,9.0,54.0,96.0,9.0,3.0,13.0,22.0,15.0,75.0,7.0,28.0,36.0,39.0,23.0,920.0,11.0,2,16.331426013968226,3.226274795896369,21.74972647561188,114.44069692604738,63.98807809004259,114.44069692604738,3.649253731343284,26.33657176131662,17.1847129853811,64.78527607361964,6.276073619631902,32.573523552667865,42.729489104784086,33.79959100204499,27.128367403230257,1071.9714058046522,32.2,30.1,23.0,GER-Bundesliga,Hoffenheim,FW,2,8500000.0,0.0,,76.0,78.0,81.0,34.68,337.0,67.0,80.0,61.0,75.0,ST,74.0,81.0,34.149277688603505,33.6590038314175,71.83018124507501,22.29946524064155,0.4347186341233875,0.14581187519555291,2.981366459627329,1.6770186335403725,0.5625,0.4658385093167701,2.3291925465838506,0.21739130434782608,0.8695652173913043,1.2111801242236024,1.1180124223602483,0.08316933125350046,0.5730213517589228,0.6832298136645962,0.09316770186335403,0.7142857142857142,-4.997940018773079,10.46583850931677,0.3416149068322981,0.40372670807453415,1.9872073941007014,0.5071871432909386,0.5336867386764317,2.011965095454026,0.19490911862210872,1.0116001103313002,1.3270027672293194,0.10019486943777542,0.6754573439631018,0.8179059553203919,0.1133308612218411,0.842495882087896,True,74.0,63.0,30.0,29.0,41.0,46.0,47.8,29.0,False
Adam Daghim,3.1088089011609554,3.074686413630843,9.786626935005188,27.0,2.0,22.0,27.0,2.0,6.0,5.0,18.0,4.0,45.0,26.0,23.0,18.0,19.0,17.0,740.0,2.0,3,3.355866562180369,3.3190323537869366,10.564372121893015,29.14569536423841,23.748344370860927,29.14569536423841,6.47682119205298,19.430463576158942,4.317880794701987,41.68711656441717,24.085889570552148,24.827814569536425,19.430463576158942,17.60122699386503,18.350993377483444,798.8079470198676,15.2,15.2,19.0,GER-Bundesliga,Wolfsburg,"MF,FW",1,5000000.0,0.0,,88.0,86.0,70.0,35.8,468.0,68.0,65.0,56.0,69.0,LM,72.0,80.0,44.186046511628,44.594594594595,66.750629722922,7.4074074074074,0.20452690139216814,0.11514107041336873,1.7763157894736843,1.4473684210526316,0.8148148148148148,0.2631578947368421,2.960526315789474,1.7105263157894737,1.5131578947368423,1.25,1.1842105263157896,0.202282000896766,0.6438570351977098,1.1842105263157896,0.39473684210526316,1.118421052631579,-1.1088089011609554,30.789473684210527,0.13157894736842105,0.32894736842105265,1.5623910770303242,0.22078069488028745,0.2840711049146044,2.74257345818534,1.5845979980626415,1.6334088532589754,1.27831997211572,0.218357391696509,0.6950244817034879,1.27831997211572,0.4261066573719066,1.2073021958870687,True,18.0,39.0,33.0,66.0,76.0,84.0,47.6,18.0,True
Orri Steinn Óskarsson,12.950409445911646,0.6480291346088052,13.214215893298388,46.0,12.0,41.0,46.0,12.0,2.0,15.0,10.0,7.0,27.0,13.0,13.0,17.0,47.0,5.0,530.0,12.0,0,12.09586245883741,0.6100337470857506,12.343646818247006,43.0063588338877,38.37316028609318,43.0063588338877,1.906432748538012,9.31069153677254,6.495336855149025,29.0920245398773,13.944785276073619,12.126046218396054,15.717439509554556,50.89161554192229,4.677492988978021,491.69487380160444,19.8,19.8,20.0,ESP-La Liga,Real Sociedad,FW,2,6500000.0,15000000.0,2030.0,74.0,73.0,74.0,34.29,199.0,76.0,66.0,74.0,76.0,ST,74.0,80.0,39.644877435575,36.9047619047615,59.289450741064,24.561403508772003,0.6540610831268507,0.28153064012851403,2.323232323232323,2.0707070707070705,0.8913043478260869,0.35353535353535354,1.3636363636363635,0.6565656565656566,0.6565656565656566,2.3737373737373737,0.8585858585858586,0.03272874417216188,0.6673846410756761,0.5050505050505051,0.10101010101010101,0.25252525252525254,-0.9504094459116459,10.05050505050505,0.6060606060606061,0.6060606060606061,1.9380383982875344,0.6109021443857278,0.32804731591661745,1.4692941686806718,0.7042820846501827,0.6124265766866693,0.793810076240129,0.030809785206351043,0.623416505972071,0.4702369463016434,0.09628448224939454,0.2362370196453546,True,85.0,80.0,15.0,35.0,23.0,26.0,47.5,15.0,True
Santiago Giménez,7.488227516412735,2.2332468405365944,10.198568377643824,50.0,5.0,45.0,50.0,5.0,4.0,11.0,10.0,5.0,28.0,13.0,19.0,12.0,13.0,10.0,470.0,5.0,3,6.932962846105816,2.046239816383587,9.411089153974824,46.35483628340771,41.74509853081281,46.35483628340771,3.6657223085794515,9.219475505189791,4.646517575089003,30.261758691206545,13.985685071574643,17.789174146317002,11.254625683197112,14.07157464212679,9.182695682695682,436.22095472095475,17.3,17.3,24.0,ITA-Serie A,Milan,FW,2,27000000.0,47900000.0,2029.0,78.0,77.0,81.0,34.77,127.0,68.0,78.0,80.0,84.0,ST,79.0,84.0,32.487922705314,40.1471157568715,80.72403937758,10.8695652173915,0.43284552117992686,0.1497645503282547,2.890173410404624,2.6011560693641615,0.9,0.2890173410404624,1.6184971098265895,0.7514450867052023,1.0982658959537572,0.7514450867052023,0.6936416184971098,0.12908941274778002,0.5895126229851921,0.5780346820809248,0.23121387283236994,0.5780346820809248,-2.488227516412735,7.341040462427745,0.2890173410404624,0.4624277456647399,2.4130114757695265,0.40074929746276394,0.2685848309300002,1.749234606428124,0.8084211024031586,1.0282759622148556,0.6505563978726654,0.11827975817246167,0.5439935927153078,0.5329176592595255,0.2118914629236677,0.530791657959288,True,56.0,81.0,16.0,41.0,43.0,36.0,47.4,16.0,True
Samuel Essende,7.2271344773471355,2.195381007157266,8.37691430002451,61.0,8.0,51.0,61.0,8.0,2.0,7.0,15.0,14.0,60.0,11.0,48.0,47.0,75.0,19.0,839.0,8.0,2,7.988544659060976,2.4265625681870366,9.259481973524089,67.46203057664684,56.39355120049251,67.46203057664684,2.2076749435665914,16.587666735070798,15.476303098707163,54.24539877300613,9.940695296523517,53.08956494972297,51.95562281961831,67.84049079754601,21.010542786784324,927.5646624256105,22.799999999999997,22.799999999999997,27.0,GER-Bundesliga,Augsburg,"MF,FW",2,,,,,,,33.58,108.0,,,,,,,,39.56658786446,38.4436274509805,67.287075640262,10.895721925133751,0.3169795823397867,0.11847761438273993,2.6754385964912286,2.236842105263158,0.8360655737704918,0.6140350877192983,2.6315789473684212,0.48245614035087725,2.105263157894737,3.2894736842105265,2.0614035087719302,0.09628864066479238,0.36740852193089957,0.6578947368421053,0.08771929824561404,0.8333333333333335,0.7728655226528645,4.736842105263158,0.3508771929824562,0.4385964912280702,2.473401368442654,0.35037476574828846,0.6787852236275073,2.3791841567107954,0.43599540774225953,2.3284896907773236,2.278755386825365,0.10642818281522091,0.40611763041772325,0.7275292427662632,0.09682784840204349,0.9215150345080845,True,32.0,75.0,51.0,53.0,23.0,26.0,47.3,23.0,True
André Silva,10.093296906910837,2.6638588048517704,13.2611899971962,79.0,7.0,60.0,79.0,12.0,3.0,11.0,30.0,18.0,73.0,17.0,43.0,48.0,38.0,15.0,1087.0,12.0,0,8.747948094977392,2.4020569967083514,11.733867454067106,69.82275909878682,52.8069150779896,69.82275909878682,2.803487001733102,26.468714038128248,16.037844020797227,83.46012269938652,19.586912065439677,37.61655805892548,41.984506065857886,42.791411042944794,12.84281802426343,955.1517504332754,26.2,24.7,29.0,GER-Bundesliga,Werder Bremen,FW,2,7500000.0,16500000.0,2030.0,72.0,74.0,75.0,34.73,275.0,77.0,76.0,79.0,77.0,ST,76.0,76.0,39.523809523809504,35.598881466522,75.700196163906,13.31738437001605,0.3852403399584289,0.12776325198621313,3.0152671755725193,2.290076335877863,0.759493670886076,0.6870229007633588,2.786259541984733,0.648854961832061,1.6412213740458015,1.450381679389313,1.83206106870229,0.10167400018518208,0.5061522899693206,1.1450381679389314,0.11450381679389313,0.5725190839694657,-3.0932969069108367,10.49618320610687,0.4580152671755725,0.4580152671755725,2.0155311098469313,0.33389114866325925,0.6121314511754666,3.1855008663887983,0.7475920635663998,1.4357464907986823,1.602462063582362,0.09168156475986074,0.44785753641477505,1.0102562609972614,0.10700332067683596,0.4901838940558561,True,44.0,60.0,55.0,42.0,31.0,41.0,47.2,31.0,False
Cyle Larin,6.501052031293511,1.5815904028713703,6.705597769469023,39.0,6.0,37.0,39.0,7.0,2.0,8.0,8.0,10.0,46.0,12.0,31.0,58.0,66.0,8.0,652.0,7.0,2,6.79276590449258,1.652559203000214,7.006489977073403,40.75000000000001,38.660256410256416,40.75000000000001,2.08974358974359,8.35897435897436,10.448717948717947,44.02453987730061,11.484662576687116,32.39102564102564,60.60256410256411,63.165644171779135,8.35897435897436,681.2564102564103,19.6,19.6,29.0,ESP-La Liga,Mallorca,FW,1,,,,,,,,0.0,,,,,,,,43.421052631579,31.09756097561,69.055374592834,17.948717948718,0.33168632812721993,0.16669364182803875,1.9897959183673468,1.887755102040816,0.9487179487179487,0.5102040816326531,2.346938775510204,0.6122448979591836,1.5816326530612244,3.36734693877551,2.9591836734693877,0.08069338790160052,0.3421223351769909,0.4081632653061224,0.1020408163265306,0.4081632653061224,-0.5010520312935114,0.0,0.3571428571428571,0.4591836734693877,1.9724620617477762,0.3465696890047234,0.5330978545264259,2.246149993739827,0.5859521722799549,1.6526033490319203,3.0919675562532705,0.08431424505103133,0.35747397842211237,0.42647828362114076,0.10661957090528519,0.42647828362114076,True,75.0,72.0,37.0,42.0,14.0,11.0,47.2,11.0,True
Walid Cheddira,5.973041646182537,1.6459182873368263,7.86293521290645,46.0,5.0,41.0,46.0,5.0,2.0,6.0,17.0,8.0,52.0,11.0,61.0,31.0,40.0,18.0,675.0,5.0,2,7.08371389482011,1.988261354555626,9.331263288197135,54.670203535663944,48.80689418314594,54.670203535663944,2.457286432160804,20.27113987202198,9.54923900075919,43.605316973415135,9.186094069529652,73.04387043129316,36.85635009580275,33.52760736196319,21.331839051371965,804.8143414916308,20.799999999999997,18.2,27.0,ESP-La Liga,Espanyol,FW,2,2500000.0,0.0,,79.0,78.0,72.0,34.27,288.0,83.0,67.0,67.0,73.0,ST,72.0,72.0,35.4166666666665,45.1655052264805,70.032844630617,9.90675990675985,0.2871654637587759,0.1298487314387508,2.2115384615384617,1.9711538461538465,0.8913043478260869,0.3846153846153847,2.5000000000000004,0.528846153846154,2.932692307692308,1.9230769230769234,1.4903846153846156,0.07913068689119358,0.3780257313897332,0.8173076923076924,0.09615384615384617,0.8653846153846155,-0.9730416461825371,13.846153846153848,0.24038461538461542,0.33653846153846156,2.346485297266632,0.34056316802019765,0.45909802888265344,2.096409469875728,0.4416391379581564,3.5117245399660177,1.7719399084520557,0.09558948819978973,0.44861842731717005,0.9745740323087492,0.11813877077696174,1.0255691851621138,True,32.0,75.0,27.0,65.0,29.0,50.0,47.2,27.0,True
Dennis Man,7.004470095038414,4.645356995984912,12.554394412785769,49.0,4.0,35.0,49.0,4.0,5.0,9.0,45.0,12.0,72.0,13.0,17.0,31.0,9.0,25.0,1094.0,4.0,4,7.749289313289104,5.139320296462945,13.889363954416831,54.210407239819,38.72171945701357,54.210407239819,5.531674208144796,49.78506787330316,13.27601809954751,65.079754601227,11.750511247443765,18.807692307692307,34.296380090497735,8.134969325153374,27.65837104072398,1210.330316742081,22.2,22.2,25.0,ITA-Serie A,Parma,"MF,FW",1,,,,,,,,0.0,,,,,,,,34.615384615385,35.483870967742,81.526104417671,8.1632653061224,0.3155166709476763,0.14294836928649823,2.2072072072072073,1.5765765765765767,0.7142857142857143,0.5405405405405406,3.2432432432432434,0.5855855855855856,0.7657657657657658,0.40540540540540543,1.3963963963963963,0.2092503151344555,0.5655132618371967,2.027027027027027,0.22522522522522523,1.1261261261261262,-3.004470095038414,0.0,0.1801801801801802,0.3603603603603604,1.7442215971627735,0.3490670861841939,0.5980188333129509,2.9315204775327475,0.5293023084434129,0.8471933471933472,1.5448819860584566,0.23150091425508765,0.6256470249737311,2.242570624923566,0.24917451388039624,1.2458725694019812,True,38.0,51.0,47.0,25.0,82.0,41.0,47.1,25.0,True
Roberto Piccoli,23.98182014701888,2.732120499946177,26.41764370771125,144.0,13.0,125.0,145.0,14.0,3.0,38.0,28.0,20.0,89.0,21.0,94.0,73.0,163.0,23.0,1554.0,14.0,2,25.216111018051503,2.76580308955406,27.67407297027562,150.61794202380588,130.98240926782282,151.70702888349408,3.1351208818030063,28.512336612345763,20.85675931293285,86.15746421267895,20.296523517382415,97.08857692022715,75.93556893117561,156.38650306748465,23.859740497474277,1622.9354991958648,53.300000000000004,53.300000000000004,24.0,ITA-Serie A,Fiorentina,FW,2,8500000.0,15100000.0,2030.0,73.0,66.0,78.0,35.13,371.0,82.0,68.0,76.0,77.0,ST,75.0,80.0,39.510844855714,41.579822616407995,66.759278674775,9.35735996526265,0.44994034046939735,0.16654041768763111,2.7016885553470917,2.345215759849906,0.8620689655172413,0.37523452157598497,1.669793621013133,0.3939962476547842,1.7636022514071292,3.0581613508442773,1.3696060037523452,0.051259296434262226,0.495640594891393,0.5253283302063789,0.05628517823639775,0.4315196998123827,-10.98182014701888,6.960600375234521,0.26266416510318946,0.30018761726078796,2.4574560838240678,0.47309776769327394,0.3913088051206914,1.6164627432022316,0.3807978145850359,1.8215492855577327,1.4246823439244953,0.05189123995410994,0.5192133765530135,0.5349406493873501,0.05882027920831156,0.4476499155248457,True,52.0,84.0,16.0,58.0,18.0,40.0,47.0,16.0,False
Benjamin Šeško,21.831699727103114,3.139570949599147,29.08351274393499,129.0,22.0,98.0,129.0,21.0,5.0,22.0,28.0,16.0,100.0,12.0,26.0,85.0,134.0,49.0,1569.0,24.0,6,20.5192436870568,2.9443290295038755,27.321938806319743,121.17513786459372,92.1024184439572,121.17513786459372,4.683908045977011,26.27861936083981,15.020995282705469,106.51533742331289,12.77914110429448,24.38881137465949,79.78888445950435,142.65030674846628,45.956448076539765,1472.821041791243,44.7,44.7,22.0,ENG-Premier League,Manchester Utd,FW,2,43000000.0,90300000.0,2030.0,86.0,82.0,81.0,36.34,416.0,83.0,77.0,82.0,81.0,ST,80.0,87.0,55.1348055818995,30.2651515151515,68.5869411547205,18.575216972035,0.4884049155951479,0.1692379823806443,2.885906040268456,2.192393736017897,0.7596899224806202,0.35794183445190153,2.237136465324385,0.2684563758389262,0.5816554809843401,2.9977628635346756,1.901565995525727,0.07023648656821357,0.6506378689918342,0.6263982102908277,0.11185682326621924,1.0961968680089484,0.16830027289688587,9.306487695749441,0.5369127516778524,0.6711409395973154,2.060456788455418,0.45904348293191943,0.3360401629240597,2.3828934546602434,0.2858868255994291,0.5456109927216888,1.7849862295191128,0.06586865837816276,0.6112290560697928,0.5878885763051411,0.10478541489881456,1.0281084580881379,True,77.0,70.0,16.0,30.0,27.0,71.0,46.9,16.0,False
Mathys Tel,4.864642482250929,5.921139447018504,11.291438756510615,58.0,5.0,43.0,58.0,5.0,10.0,5.0,44.0,19.0,110.0,35.0,39.0,53.0,20.0,54.0,1240.0,6.0,2,4.5643958009412495,5.553692887308323,10.565967490287356,54.519576477757454,40.271089057195084,54.519576477757454,9.321025942369635,41.62268216244449,17.748084791503437,116.7157464212679,37.48057259713701,36.6189496822495,50.278554017585094,20.965235173824134,51.248792112823196,1168.5444741882127,27.9,25.1,20.0,ENG-Premier League,Tottenham,FW,2,23500000.0,49400000.0,2031.0,86.0,85.0,79.0,36.43,256.0,67.0,74.0,70.0,77.0,ST,77.0,85.0,33.868092691621996,42.0925366193905,77.059470127534,10.062111801242,0.17435994560039172,0.08387314624570567,2.078853046594982,1.5412186379928317,0.7413793103448276,0.6810035842293907,3.9426523297491043,1.2544802867383513,1.3978494623655915,0.7168458781362007,1.899641577060932,0.2122272203232439,0.40471106654159916,1.5770609318996416,0.35842293906810035,1.935483870967742,0.13535751774907112,9.17562724014337,0.21505376344086022,0.28673835125448033,1.4434082099353078,0.16359841580434586,0.6361320713800516,4.183360086783796,1.3433896988221152,1.3125071570698745,1.8020987103077095,0.19905709273506533,0.37870851219667945,1.491852407256075,0.33408695133941346,1.8368742692768172,True,25.0,26.0,72.0,40.0,62.0,83.0,46.9,25.0,False
Igor Jesus,6.437911256216466,2.280350387096405,8.53495698235929,70.0,5.0,60.0,70.0,6.0,5.0,3.0,15.0,19.0,61.0,24.0,40.0,43.0,81.0,11.0,883.0,6.0,4,6.726791889508232,2.3826738019020133,8.91793582131131,73.14102564102565,62.6923076923077,73.14102564102565,5.224358974358975,15.673076923076923,19.852564102564106,58.3803680981595,22.969325153374232,41.7948717948718,44.92948717948718,77.52147239263803,11.493589743589745,922.6217948717948,25.5,25.5,24.0,ENG-Premier League,Nottingham,FW,1,15500000.0,30600000.0,2029.0,70.0,68.0,77.0,34.72,539.0,79.0,75.0,79.0,78.0,ST,77.0,81.0,39.130434782609,39.36170212766,72.707423580786,8.5714285714286,0.25246710808692024,0.09197016080309238,2.7450980392156863,2.3529411764705883,0.8571428571428571,0.7450980392156863,2.392156862745098,0.9411764705882353,1.5686274509803921,3.176470588235294,1.6862745098039216,0.08942550537632961,0.3347041953866388,0.5882352941176471,0.19607843137254902,0.43137254901960786,-1.4379112562164664,21.137254901960784,0.23529411764705882,0.39215686274509803,2.4585218702865763,0.26379576037287183,0.7785319255907492,2.2894261999278234,0.9007578491519307,1.6390145801910512,1.7619406737053798,0.09343818830988287,0.3497229733847573,0.6146304675716441,0.2048768225238814,0.450729009552539,True,20.0,67.0,64.0,48.0,24.0,47.0,46.7,20.0,False
Zian Flemming,8.032457021065056,0.6848367601633072,7.825265257619321,52.0,9.0,42.0,53.0,9.0,0.0,10.0,10.0,3.0,33.0,17.0,26.0,17.0,68.0,4.0,589.0,11.0,0,9.242050548943087,0.7879651193408405,9.003658143472583,59.83058823529412,48.32470588235294,60.98117647058823,0.0,11.505882352941176,3.451764705882353,28.680981595092025,14.775051124744376,29.915294117647058,19.56,59.100204498977504,4.602352941176471,677.6964705882352,19.7,19.7,26.0,ENG-Premier League,Burnley,FW,1,6500000.0,12800000.0,2029.0,70.0,65.0,76.0,34.29,341.0,81.0,72.0,76.0,76.0,ST,75.0,76.0,44.736842105263,37.704918032787,64.981949458484,20.754716981132,0.4077389350794445,0.15447032732817417,2.6395939086294415,2.1319796954314723,0.7924528301886793,0.15228426395939088,1.6751269035532996,0.8629441624365483,1.3197969543147208,3.451776649746193,0.8629441624365483,0.03476328731793438,0.39722158668118385,0.5076142131979695,0.0,0.20304568527918782,0.9675429789349437,17.309644670050762,0.5583756345177665,0.5583756345177665,2.453030755449388,0.4691396217737608,0.17521648253209915,1.4558873906138083,0.7500025951646891,1.5185428486115258,0.9928934010152284,0.03999822940816449,0.45703848444023265,0.5840549417736638,0.0,0.23362197670946552,True,69.0,80.0,11.0,57.0,12.0,34.0,46.7,11.0,True
Artem Dovbyk,15.930101549252868,4.214469010010362,18.751111297868192,75.0,13.0,64.0,75.0,15.0,7.0,14.0,36.0,9.0,31.0,7.0,22.0,44.0,58.0,9.0,873.0,15.0,3,14.3325491893643,3.7734889294760894,16.864066150410153,67.57857950220296,57.59898766546825,67.57857950220296,6.273300665333144,32.235064605528954,8.12644625103392,34.415132924335374,7.862985685071575,19.72713761752077,39.49294957769964,64.66666666666667,8.087771908375815,785.7901284201715,31.299999999999997,31.299999999999997,28.0,ITA-Serie A,Roma,FW,2,26500000.0,45100000.0,2029.0,83.0,80.0,83.0,33.34,58.0,80.0,83.0,82.0,85.0,ST,81.0,81.0,53.482482059941,29.411764705882,73.102909903362,22.0238095238095,0.5089489312860341,0.21240135399003823,2.3961661341853038,2.0447284345047927,0.8533333333333334,0.28753993610223644,0.9904153354632589,0.22364217252396168,0.7028753993610224,1.8530351437699681,1.4057507987220448,0.1346475722048039,0.5990770382705494,1.1501597444089458,0.22364217252396168,0.28753993610223644,-2.9301015492528677,1.8530351437699681,0.47923322683706077,0.5750798722044729,1.8402232480980274,0.45790891978799686,0.25963087064006135,1.099525013557041,0.25121360016203115,0.6302599877802164,1.2617555775622888,0.12055875174045015,0.5387880559236471,1.029874268547251,0.20042494138444553,0.258395268638205,True,91.0,70.0,5.0,36.0,46.0,8.0,46.7,5.0,False
Tijjani Noslin,6.9757321095094085,3.986995516344905,13.742203866131604,54.0,6.0,42.0,54.0,6.0,3.0,6.0,28.0,10.0,54.0,13.0,38.0,31.0,48.0,25.0,987.0,6.0,4,6.548272841902717,3.7359656670120764,12.91140139336025,50.82040229885057,39.42582749978394,50.82040229885057,2.7451927231872784,26.173537291504623,9.288577046063434,57.77096114519428,13.975460122699388,35.62763590009506,29.0014907959554,52.06748466257669,23.59386613084435,925.6793384322875,22.4,22.4,26.0,ITA-Serie A,Lazio,"MF,FW",2,5500000.0,9800000.0,2029.0,78.0,79.0,74.0,34.7,240.0,69.0,77.0,74.0,72.0,ST,74.0,77.0,44.275862068965495,42.5685425685425,79.5044413277235,10.977443609022501,0.31141661203167004,0.12918022425017422,2.410714285714286,1.8750000000000002,0.7777777777777778,0.44642857142857145,2.410714285714286,0.5803571428571429,1.6964285714285716,2.142857142857143,1.3839285714285716,0.17799087126539756,0.6134912440237323,1.25,0.13392857142857142,1.1160714285714286,-0.9757321095094085,10.714285714285715,0.26785714285714285,0.44642857142857145,1.7600815848117832,0.2923336090135142,0.4146686181278319,2.579060765410459,0.6239044697633656,1.5905194598256722,1.2947094105337233,0.16678418156303915,0.5764018479178684,1.168461486227885,0.12255324657086065,1.05329759512698,True,37.0,49.0,28.0,62.0,57.0,52.0,46.4,28.0,True
Elias Saad,3.108835080638528,1.8048034301027656,5.423225903883576,32.0,3.0,19.0,33.0,3.0,1.0,3.0,26.0,18.0,70.0,35.0,36.0,47.0,14.0,31.0,806.0,3.0,2,3.4412815336592755,1.9998398885753423,6.0070077309056815,35.43288770053476,21.03041958041958,36.54425133689839,1.1063348416289591,28.825051419169064,19.949228712464006,63.16155419222905,31.574642126789367,39.88839983545866,52.05305429864253,12.629856850715747,34.37181201151789,893.2698375154257,15.5,15.5,25.0,GER-Bundesliga,Augsburg,"MF,FW",2,,,,,,,32.93,115.0,,,,,,,,35.9801488833745,44.826767916469,79.756969478491,5.769230769231,0.20057000520248566,0.097151096269954,2.064516129032258,1.2258064516129032,0.5757575757575758,1.1612903225806452,4.516129032258065,2.2580645161290325,2.3225806451612905,0.9032258064516129,3.032258064516129,0.11643893097437197,0.3498855421860372,1.6774193548387097,0.06451612903225806,2.0,-0.10883508063852787,7.419354838709677,0.1935483870967742,0.3225806451612903,1.356801263252876,0.22201816346188874,1.2870470137073553,4.074938980143809,2.037073685599314,2.573445150674752,3.3582615676543566,0.12902192829518339,0.3875488858648827,1.8596807367205848,0.07137644139541671,2.217536258807606,True,10.0,22.0,95.0,59.0,46.0,44.0,46.2,10.0,True
Khvicha Kvaratskhelia,10.652869913727045,9.448160573840141,25.93579437583685,115.0,11.0,79.0,115.0,10.0,14.0,9.0,63.0,22.0,100.0,39.0,59.0,43.0,12.0,63.0,2005.0,13.0,7,8.206491334967108,7.400227804058414,20.069338168126038,90.97934768719654,61.32546958855099,90.97934768719654,10.874824303603374,50.138225146946084,16.930567978533094,127.62781186094068,50.51533742331288,48.03459621773575,34.44432021466905,15.431492842535786,48.28973933043701,1559.4503258369537,39.7,29.5,24.0,ITA-Serie A,Napoli,"FW,MF",2,125000000.0,240600000.0,2029.0,86.0,85.0,82.0,34.56,312.0,80.0,85.0,62.0,89.0,CAM,88.0,91.0,40.217391304348,48.115020697812,85.59175796106,11.153846153846,0.2683342547538298,0.09263365142371344,2.896725440806045,1.9899244332493702,0.6869565217391305,0.5541561712846347,2.5188916876574305,0.9823677581863979,1.486146095717884,0.30226700251889166,1.0831234256926952,0.23798893133098592,0.6532945686608778,1.5869017632241813,0.3526448362720403,1.5869017632241813,0.34713008627295494,7.858942065491183,0.327455919395466,0.5037783375314862,1.5447221558828963,0.20671262808481378,0.42646266948446077,3.214806344104299,1.2724266353479314,1.2099394513283563,0.8676151187574067,0.1864037230241414,0.5055248908847868,1.2629275855653925,0.2739250454308154,1.2163662299858187,True,34.0,29.0,45.0,62.0,67.0,47.0,46.0,29.0,False
Romain Faivre,2.3766720965504646,3.2681193463504314,6.562979099340738,30.0,2.0,20.0,30.0,3.0,7.0,2.0,20.0,7.0,69.0,20.0,34.0,10.0,10.0,29.0,827.0,3.0,4,2.4452868253247555,3.4106583562351984,6.730694938370836,31.44912837214556,20.620870121801993,31.44912837214556,7.279443325363806,21.242257949133077,7.279443325363806,65.80981595092024,19.151329243353782,35.490450686195146,10.41399969878951,9.621676891615543,30.542362431521674,866.3020858826408,16.5,16.5,27.0,FRA-Ligue 1,Auxerre,"MF,FW",2,8000000.0,0.0,,68.0,76.0,70.0,33.05,179.0,63.0,79.0,61.0,72.0,RM,76.0,76.0,70.5882352941175,58.2161125319695,84.114684230918,7.8947368421055,0.14404073312427057,0.07922240321834882,1.8181818181818181,1.2121212121212122,0.6666666666666666,0.42424242424242425,4.181818181818182,1.2121212121212122,2.0606060606060606,0.6060606060606061,0.6060606060606061,0.19806783917275342,0.3977563090509538,1.2121212121212122,0.42424242424242425,1.7575757575757576,-0.37667209655046463,10.848484848484848,0.18181818181818182,0.42424242424242425,1.249749704351636,0.14819920153483368,0.4411783833553822,3.988473693995166,1.16068662080932,2.1509364052239484,0.631151496896334,0.20670656704455748,0.4079209053558082,1.2874095726747319,0.4411783833553822,1.8510522685770712,True,10.0,17.0,50.0,94.0,67.0,50.0,46.0,10.0,True
Lucas Beltrán,8.523052738979459,4.933622557669878,22.61418229714036,63.0,4.0,49.0,63.0,5.0,8.0,12.0,42.0,17.0,109.0,45.0,88.0,75.0,57.0,31.0,1593.0,6.0,6,8.487617564276604,4.8625525880791045,22.330410770396178,62.661228264890866,48.70702922678505,62.661228264890866,7.935923048464668,41.13292637809841,16.764335923048463,110.30674846625767,45.4478527607362,86.96348501664816,74.16711061783204,57.76073619631902,30.78486866444691,1573.9721420643727,36.9,36.9,24.0,ESP-La Liga,Valencia,FW,2,8000000.0,0.0,,71.0,76.0,75.0,34.11,344.0,74.0,77.0,71.0,78.0,ST,75.0,79.0,36.038961038961,48.292784796909004,78.50325708226,10.0912778904666,0.2309770389967333,0.13528655141237236,1.7073170731707317,1.3279132791327914,0.7777777777777778,0.46070460704607047,2.9539295392953933,1.2195121951219512,2.3848238482384825,1.5447154471544715,2.032520325203252,0.13370250833793706,0.6128504687571914,1.1382113821138211,0.21680216802168023,0.8401084010840109,-4.523052738979459,9.32249322493225,0.16260162601626016,0.3252032520325203,1.319973691782793,0.23001673615925758,0.4543180466950803,2.9893427768633516,1.231649126307214,2.3567340112912785,2.0099487972312207,0.13177649290187277,0.6051601834795712,1.1147134519809867,0.2150656652700452,0.8342782835893472,True,40.0,31.0,45.0,65.0,58.0,37.0,46.0,31.0,False
Mattéo Tramoni,2.4520444069057703,2.884499185718596,7.110495939850807,28.0,1.0,16.0,28.0,2.0,4.0,3.0,28.0,18.0,66.0,32.0,15.0,18.0,12.0,8.0,691.0,2.0,2,2.982710733773437,3.508756472180083,8.649334613400608,34.059701492537314,19.46268656716418,34.059701492537314,4.865671641791045,34.059701492537314,21.8955223880597,54.25766871165644,26.30674846625767,18.246268656716417,21.8955223880597,9.865030674846626,9.73134328358209,840.544776119403,17.8,17.8,25.0,ITA-Serie A,Pisa,"MF,FW",1,5500000.0,10300000.0,2028.0,89.0,90.0,70.0,35.88,522.0,59.0,74.0,60.0,70.0,CAM,74.0,77.0,60.0,41.666666666667,72.176308539945,7.1428571428571,0.13775530375875114,0.08757301453234893,1.5730337078651684,0.898876404494382,0.5714285714285714,1.0112359550561798,3.7078651685393256,1.797752808988764,0.8426966292134831,0.6741573033707865,1.0112359550561798,0.1620505160516065,0.3994660640365622,1.5730337078651684,0.2247191011235955,0.449438202247191,-1.4520444069057703,29.325842696629213,0.11235955056179775,0.2247191011235955,1.0934093577058528,0.1675680187513167,1.2300855274190843,3.0481836354863168,1.477907217205487,1.0250712728492368,1.2300855274190843,0.19712115012247658,0.4859176749101465,1.9134663759852424,0.2733523394264632,0.5467046788529264,True,9.0,11.0,85.0,55.0,66.0,71.0,45.8,9.0,True
Marco Grüll,8.439142800867558,4.379160261712968,17.434694648720324,68.0,9.0,46.0,68.0,9.0,5.0,6.0,44.0,24.0,122.0,50.0,58.0,69.0,21.0,34.0,1678.0,9.0,2,8.156626179384592,4.229794069940109,16.832378464452937,65.51835937499999,44.414953125,65.51835937499999,4.867078125,42.275578124999996,23.105249999999998,126.6830265848671,52.057259713701434,56.105109375,66.79434375,21.840490797546014,32.770640625,1615.892859375,35.4,35.4,27.0,GER-Bundesliga,Werder Bremen,"FW,MF",2,4600000.0,7800000.0,2027.0,79.0,84.0,74.0,35.05,375.0,72.0,69.0,54.0,73.0,LM,74.0,74.0,30.288461538461497,41.0879547862945,78.6558659461345,15.48837209302325,0.23839386443128693,0.12410504118922878,1.92090395480226,1.2994350282485876,0.6764705882352942,0.6779661016949153,3.446327683615819,1.4124293785310735,1.6384180790960452,0.5932203389830508,1.9491525423728815,0.12370509213878442,0.4925054985514216,1.2429378531073447,0.14124293785310735,0.96045197740113,0.5608571991324425,10.593220338983052,0.2542372881355932,0.3107344632768362,1.25465969279661,0.23041316890916927,0.6526906779661017,3.578616570193986,1.4705440597090802,1.584890095338983,1.8868458686440677,0.11948570819039855,0.47549091707494173,1.1942253707627117,0.13748808262711865,0.925724311440678,True,45.0,23.0,71.0,41.0,46.0,57.0,45.6,23.0,False
Patrick Cutrone,11.315783019177616,3.544628858566284,14.928557195700705,94.0,8.0,73.0,95.0,7.0,7.0,13.0,22.0,29.0,75.0,22.0,44.0,31.0,33.0,13.0,1087.0,8.0,4,10.823853131069704,3.3134712309377305,14.21282702049363,89.45507433742728,68.7508080155139,90.35067873303167,6.690691661279896,20.335488041370397,27.658371040723978,79.2760736196319,23.28834355828221,42.77828054298642,28.81738849385908,34.719836400818,12.485778926955398,1043.063025210084,32.6,32.6,27.0,ITA-Serie A,Parma,FW,2,,,,,,,33.47,172.0,,,,,,,,29.304029304029,48.75581811672,70.30058177117,7.0,0.34710990856373053,0.12038067041678314,2.8834355828220857,2.2392638036809815,0.7684210526315789,0.8895705521472392,2.3006134969325154,0.6748466257668712,1.3496932515337423,1.0122699386503067,0.950920245398773,0.10873094658178785,0.4579312023221075,0.6748466257668712,0.21472392638036808,0.3987730061349693,-3.3157830191776156,5.276073619631902,0.24539877300613497,0.36809815950920244,2.1089204912734325,0.3320200346953897,0.84841628959276,2.4317813993752115,0.7143663668184727,1.3122171945701355,0.8839689722042663,0.10164022180790584,0.43597628897219726,0.6237879767291532,0.20523594053005814,0.38299935358758885,True,21.0,62.0,65.0,55.0,28.0,13.0,45.4,13.0,False
Federico Bonazzoli,6.739463760983199,1.532783793285489,10.240432717371732,75.0,7.0,45.0,75.0,9.0,3.0,5.0,13.0,17.0,86.0,30.0,80.0,34.0,9.0,11.0,1252.0,10.0,1,7.072098238456618,1.608436212267391,10.745861799988791,78.70171673819742,47.22103004291846,78.70171673819742,3.148068669527897,13.641630901287554,17.839055793991417,81.95501022494888,28.588957055214724,83.94849785407725,35.67811158798283,8.576687116564417,11.542918454935622,1313.793991416309,27.9,27.9,28.0,ITA-Serie A,Cremonese,FW,1,2400000.0,4300000.0,2028.0,65.0,68.0,78.0,34.75,394.0,69.0,66.0,68.0,77.0,ST,72.0,72.0,34.615384615385,54.504504504505,84.393757503001,13.333333333333,0.24155784089545518,0.08985951681310932,2.688172043010753,1.6129032258064517,0.6,0.6093189964157706,3.0824372759856633,1.0752688172043012,2.867383512544803,0.3225806451612903,1.2186379928315412,0.05493848721453366,0.367040599188951,0.4659498207885305,0.10752688172043011,0.3942652329749104,0.2605362390168011,14.121863799283155,0.35842293906810035,0.3942652329749104,1.69251003738059,0.25348022360059563,0.6393926807882229,2.9374555636182396,1.0246938012621765,3.0089067331210484,1.2787853615764457,0.057650043450444124,0.385156336917161,0.48894734413217045,0.11283400249203933,0.4137246758041442,True,34.0,35.0,60.0,75.0,20.0,44.0,45.4,20.0,False
Moses Simon,6.746724863536656,13.055024400353432,25.001515351235867,78.0,7.0,53.0,78.0,11.0,21.0,6.0,88.0,39.0,186.0,34.0,70.0,100.0,18.0,94.0,2256.0,11.0,13,7.474026597977669,14.763030322754247,27.942107313339157,86.24552098066948,59.58798915605846,86.24552098066948,23.73721122112211,98.82979726544083,44.323550212164065,167.5746421267894,30.952965235173828,80.16472182932579,110.23249646393211,16.507157464212682,106.81264733616219,2502.263260254597,51.2,51.2,30.0,FRA-Ligue 1,Paris,"MF,FW",2,7500000.0,14300000.0,2028.0,88.0,89.0,67.0,34.93,334.0,66.0,73.0,46.0,73.0,LW,76.0,76.0,21.5277777777775,42.1148317267035,79.899620184482,13.502673796791349,0.1317719699909503,0.0864964726094443,1.5234375,1.03515625,0.6794871794871795,0.76171875,3.6328125,0.6640625,1.3671875,0.3515625,1.953125,0.25498094531940296,0.4883108467038255,1.71875,0.41015625,1.8359375,0.2532751364633441,6.5234375,0.21484375,0.46875,1.1638279132042668,0.14597708199175136,0.8656943400813294,3.2729422290388555,0.6045501022494888,1.565717223229019,2.152978446561174,0.2883404359912939,0.5457442834636553,1.930269477840641,0.4636174066625412,2.0861845182844174,True,23.0,16.0,72.0,37.0,82.0,61.0,45.3,16.0,False
Arnaut Danjuma,8.90060093253851,6.526020562276244,16.444008767604828,72.0,7.0,56.0,72.0,7.0,9.0,12.0,40.0,16.0,108.0,23.0,39.0,26.0,11.0,51.0,1361.0,7.0,2,8.432822914013528,6.333371516793814,15.831330067920629,68.17386641643486,52.71092641621144,68.17386641643486,8.756627232816113,37.4045823698292,15.932727861746928,112.73619631901842,24.194274028629856,37.31900086017181,24.931532558061598,11.257668711656443,48.524715975736456,1288.2839572371727,35.1,32.900000000000006,28.0,ESP-La Liga,Girona,"MF,FW",2,5500000.0,11600000.0,2028.0,84.0,84.0,74.0,35.27,378.0,69.0,74.0,72.0,74.0,LW,75.0,75.0,46.0526315789475,42.506962172198,79.63712900303699,9.72222222222215,0.2535783741463963,0.12361945739636819,2.051282051282051,1.5954415954415955,0.7777777777777778,0.45584045584045585,3.0769230769230766,0.6552706552706552,1.1111111111111112,0.31339031339031337,0.7407407407407407,0.18592651174576194,0.4684902782793398,1.1396011396011396,0.2564102564102564,1.452991452991453,-1.9006009325385094,10.769230769230768,0.19943019943019943,0.2564102564102564,1.5017357953336592,0.24025136507161046,0.45392387070504064,3.2118574449862796,0.689295556371221,1.0632193977256925,0.7103000728792478,0.18043793495139068,0.45103504467010336,1.0656576173740513,0.2494765593394904,1.382470540619272,True,30.0,38.0,39.0,57.0,56.0,71.0,45.2,30.0,False
Shuto Machino,10.554465751163661,3.371901597827673,18.466437759809196,74.0,12.0,57.0,77.0,12.0,5.0,8.0,42.0,9.0,81.0,16.0,36.0,29.0,59.0,13.0,1427.0,14.0,3,11.553286612388334,3.701138437810195,20.263236779823167,81.1341522110681,62.36544015087519,84.42438068483193,5.607798165137615,46.063198632693556,9.721784570653988,74.18609406952966,14.773006134969325,39.55719211048464,31.85517552992947,54.63394683026585,14.356923953401566,1565.4738964304656,33.7,33.7,25.0,GER-Bundesliga,Gladbach,"FW,MF",2,4100000.0,7300000.0,2029.0,81.0,74.0,73.0,35.11,233.0,75.0,67.0,69.0,70.0,ST,73.0,76.0,43.44581440623,40.9042927515835,72.3600456993635,16.553544494721,0.3131888946932837,0.1426279155562657,2.1958456973293767,1.691394658753709,0.7402597402597403,0.2670623145400593,2.403560830860534,0.4747774480712166,1.0682492581602372,1.750741839762611,0.8605341246290801,0.10005642723524251,0.5479655121605103,1.2462908011869436,0.14836795252225518,0.38575667655786344,1.4455342488363385,6.913946587537091,0.4154302670623145,0.5044510385756676,1.8506065326669194,0.34282749591656775,0.28848025432207675,2.201367776543907,0.4383681345688227,1.1738039201924226,0.945257434122536,0.10982606640386335,0.6012829904992038,1.3668604935517374,0.1664035063839055,0.42602148229678233,True,55.0,55.0,15.0,52.0,52.0,39.0,44.9,15.0,False
Santiago Pierotti,8.030224877409637,5.465209469199181,14.667087408713996,64.0,5.0,53.0,65.0,5.0,8.0,10.0,47.0,42.0,261.0,129.0,36.0,111.0,102.0,61.0,2113.0,5.0,4,9.177168630376745,6.247939817356743,16.78733392436517,73.25120725337538,60.57682073519267,74.42386912387899,9.10017739233271,53.70952005518872,48.239775303045235,227.3374233128834,111.98159509202455,41.484921651719716,128.31009165270524,89.12883435582822,70.29545678525672,2431.7312506159456,50.4,50.4,24.0,ITA-Serie A,Lecce,"MF,FW",2,2200000.0,4100000.0,2027.0,69.0,69.0,67.0,35.62,760.0,74.0,77.0,63.0,75.0,CAM,70.0,73.0,40.310559006210994,37.313388056836004,74.298406862745,7.7651515151515,0.15932985867876265,0.12547226370952558,1.2698412698412698,1.0515873015873016,0.8153846153846154,0.8333333333333334,5.178571428571429,2.5595238095238098,0.7142857142857143,2.0238095238095237,2.2023809523809526,0.10843669581744406,0.2910136390617857,0.9325396825396826,0.15873015873015872,1.2103174603174605,-3.030224877409637,15.079365079365079,0.09920634920634921,0.17857142857142858,1.201921046333188,0.18208667917414176,0.9571383988699451,4.510663160969909,2.2218570454766775,0.8231135248357087,2.54583515183939,0.12396705986818934,0.33308202230883277,1.0656650804600936,0.18055907524469664,1.3947511266916015,True,22.0,26.0,94.0,28.0,37.0,81.0,44.7,22.0,False
Félix Lemaréchal,4.985542230308056,3.992255337536335,16.383056219667196,35.0,4.0,25.0,35.0,3.0,7.0,5.0,36.0,14.0,87.0,52.0,18.0,33.0,18.0,36.0,1381.0,4.0,5,4.804952843853191,3.8136684935197644,15.773476488960203,33.49041693564544,24.132693720365957,33.49041693564544,6.6980833871290875,34.6678427531554,13.261914832045946,91.02658486707567,54.562372188139065,17.166106448812414,31.471195156156085,18.74437627811861,34.33221289762483,1322.6156645816175,26.0,26.0,21.0,FRA-Ligue 1,Strasbourg,"MF,FW",2,,,,,,,34.99,133.0,,,,,,,,46.5201465201465,45.9756926738055,79.528872211799,8.0,0.19175162424261755,0.14244406372308732,1.3461538461538463,0.9615384615384616,0.7142857142857143,0.5384615384615384,3.3461538461538463,2.0,0.6923076923076923,0.6923076923076923,1.2692307692307692,0.15354828221293595,0.6301175469102768,1.3846153846153846,0.2692307692307692,1.3846153846153846,-0.9855422303080559,5.115384615384615,0.15384615384615385,0.34615384615384615,0.9281805277063829,0.18480587860973813,0.5100736473863825,3.501022494887526,2.098552776466887,0.6602348634158621,1.2104305829290802,0.14667955744306788,0.6066721726523154,1.3333785674290537,0.2576185918126572,1.3204697268317243,True,38.0,14.0,59.0,51.0,66.0,54.0,44.6,14.0,False
Alieu Fadera,4.15930631570518,4.2342111226171255,13.169950956478715,41.0,3.0,26.0,41.0,3.0,7.0,3.0,31.0,22.0,147.0,100.0,86.0,53.0,19.0,37.0,1487.0,3.0,4,4.10971255044357,3.9352824865430076,12.453160483846915,38.836663336663335,24.914085914085916,38.836663336663335,6.432067932067932,28.903596403596403,20.517482517482517,155.20245398773005,105.47239263803681,82.88411588411589,50.72377622377621,19.84049079754601,34.92857142857143,1418.0674325674327,29.3,29.3,23.0,ITA-Serie A,Sassuolo,FW,2,3000000.0,0.0,,82.0,80.0,64.0,34.1,305.0,67.0,69.0,53.0,63.0,RM,71.0,77.0,39.335664335664,48.8991359255565,77.8681993641265,9.4780219780218,0.14195584695239521,0.1014464955050044,1.3993174061433447,0.8873720136518771,0.6341463414634146,0.7508532423208191,5.017064846416382,3.41296928327645,2.9351535836177476,0.6484641638225256,1.8088737201365188,0.14451232500399747,0.4494863807671916,1.0580204778156996,0.23890784982935154,1.2627986348122866,-1.1593063157051802,10.409556313993173,0.10238907849829351,0.23890784982935154,0.8503100994568572,0.14026322697759624,0.700255376023294,5.297012081492493,3.5997403630729283,2.8288094158401327,1.7311869018353656,0.13430998247587056,0.4250225421108162,0.9864708670169421,0.21952450280095331,1.1921014139444175,True,15.0,8.0,86.0,72.0,45.0,46.0,44.6,8.0,False
Mateo Joseph,5.396834125742316,1.590326721780002,7.219164989888668,33.0,2.0,27.0,33.0,2.0,3.0,8.0,14.0,9.0,65.0,29.0,31.0,36.0,10.0,18.0,650.0,2.0,3,5.615004015931899,1.6546165254264271,7.511003574586295,34.33404255319149,28.091489361702127,34.33404255319149,3.1212765957446806,14.56595744680851,9.363829787234042,62.47443762781187,27.873210633946837,32.253191489361704,37.45531914893617,9.611451942740286,18.727659574468085,676.2765957446808,18.9,18.9,21.0,ESP-La Liga,Mallorca,"MF,FW",1,5500000.0,0.0,,82.0,79.0,73.0,34.69,461.0,73.0,66.0,69.0,70.0,ST,72.0,82.0,19.607843137255,46.428571428571,81.456953642384,6.0606060606061,0.28554677913980514,0.16354042805279745,1.7460317460317463,1.4285714285714286,0.8181818181818182,0.4761904761904762,3.4391534391534395,1.5343915343915344,1.6402116402116402,0.5291005291005292,1.9047619047619049,0.0841442709936509,0.38196640158141104,0.7407407407407408,0.15873015873015875,0.9523809523809524,-3.3968341257423162,24.391534391534393,0.10582010582010583,0.2645502645502646,1.486322188449848,0.2970901595731164,0.4954407294832827,3.3055258004133266,1.4747730494151767,1.7065180682201961,1.9817629179331309,0.08754584790616017,0.3974075965389574,0.7706855791962175,0.1651469098277609,0.9908814589665654,True,39.0,45.0,53.0,47.0,29.0,59.0,44.5,29.0,True
Mohammed Kudus,9.584542420692742,6.3048063749447465,20.94256515800953,101.0,7.0,69.0,101.0,6.0,7.0,10.0,56.0,28.0,233.0,67.0,79.0,147.0,22.0,144.0,2439.0,7.0,8,9.58884473610793,6.266735037474506,20.95995057889637,101.00098386462022,69.07133018496654,101.00098386462022,6.952036599763872,55.576200314836676,27.808146399055488,234.50306748466255,67.50102249488754,79.21472845336481,146.35360094451005,22.224948875255624,143.40279417552142,2426.8701790633604,45.900000000000006,45.900000000000006,24.0,ENG-Premier League,Tottenham,"MF,FW",2,33500000.0,66200000.0,2031.0,89.0,91.0,76.0,34.98,362.0,78.0,81.0,55.0,78.0,LM,81.0,83.0,29.749830966869503,42.811671087533,87.72127133635601,7.1794871794872,0.20881356036367626,0.09489645961081923,2.200435729847494,1.503267973856209,0.6831683168316832,0.6100217864923747,5.076252723311546,1.4596949891067537,1.7211328976034856,0.47930283224400866,3.202614379084967,0.1373596160118681,0.4562650361222119,1.2200435729847494,0.15250544662309368,3.137254901960784,-2.584542420692742,7.886710239651415,0.15250544662309368,0.326797385620915,1.5048220083870705,0.20890729272566294,0.605841969478333,5.108999291604848,1.470610511871188,1.7258110774153552,3.188531610991504,0.136530175108377,0.45664380346179445,1.2108104643755266,0.15146049236958326,3.1242438818196385,True,18.0,29.0,71.0,45.0,52.0,67.0,44.4,18.0,False
Lorenzo Lucca,10.39974382147193,2.0794236846268177,13.17097847536206,81.0,12.0,69.0,80.0,13.0,2.0,9.0,16.0,16.0,55.0,10.0,68.0,38.0,69.0,18.0,884.0,13.0,1,10.379061527899072,2.016730539510184,12.841585132069252,80.8093220338983,68.99872881355932,79.77330508474576,1.8648305084745762,16.16186440677966,15.954661016949151,55.742331288343564,9.65235173824131,67.75550847457626,37.50381355932203,69.01431492842536,17.40508474576271,885.5872881355932,32.0,30.6,24.0,ITA-Serie A,Napoli,FW,2,8000000.0,0.0,,63.0,54.0,80.0,33.96,84.0,81.0,70.0,81.0,79.0,ST,75.0,79.0,44.579124579124496,41.629213483146,71.826371826372,12.56410256410235,0.3249919944209978,0.12839189903051765,2.53125,2.15625,0.8625,0.5,1.71875,0.3125,2.125,2.15625,1.1875,0.06498199014458805,0.4115930773550644,0.5,0.0625,0.5625,1.6002561785280704,2.625,0.40625,0.4375,2.156210275423729,0.324345672746846,0.498583156779661,1.7419478527607364,0.3016359918200409,2.117359639830508,1.1719941737288135,0.06302282935969325,0.4012995353771641,0.5050582627118644,0.05827595338983051,0.5439088983050847,True,49.0,67.0,26.0,68.0,13.0,20.0,44.4,13.0,False
Chidera Ejuke,2.872433037031442,2.5247273864224553,7.903420761227608,43.0,3.0,26.0,43.0,3.0,3.0,3.0,34.0,17.0,124.0,38.0,32.0,43.0,9.0,104.0,1358.0,3.0,2,2.7632134660795313,2.435912476976586,7.612605577065942,41.41927781013396,25.043331391962724,41.41927781013396,2.8954571927781014,32.79935934769947,16.39493302271404,128.68098159509202,39.43762781186094,30.834245777518927,41.438264414676766,9.345603271983641,100.1638322655795,1308.7466511357018,21.1,21.1,27.0,ESP-La Liga,Sevilla,"MF,FW",2,8000000.0,16800000.0,2027.0,89.0,89.0,68.0,36.16,229.0,60.0,76.0,37.0,71.0,LW,76.0,76.0,31.0096153846155,56.8865345181135,84.01761517615199,7.17391304347825,0.13613426715788823,0.06680076830305678,2.037914691943128,1.2322274881516586,0.6046511627906976,0.8056872037914692,5.8767772511848335,1.8009478672985781,1.5165876777251184,0.42654028436018954,2.037914691943128,0.11965532637073246,0.3745697043235833,1.6113744075829384,0.14218009478672985,4.9289099526066344,0.12756696296855807,10.853080568720378,0.14218009478672985,0.23696682464454974,1.1868877436949157,0.13095798417438537,0.7770110437305231,6.098624720146541,1.869081886818054,1.4613386624416551,1.963898787425439,0.11544608895623629,0.3607869941737413,1.554472006999975,0.13722545937336972,4.7471010552407344,True,5.0,13.0,90.0,54.0,45.0,88.0,44.4,5.0,True
Nikola Štulić,4.71001955633983,2.100543244741857,6.266159004531801,33.0,3.0,24.0,33.0,4.0,2.0,4.0,20.0,12.0,39.0,12.0,26.0,18.0,50.0,4.0,549.0,4.0,0,5.523260343045988,2.463226970452681,7.348085739127219,38.69784172661871,28.14388489208633,38.69784172661871,2.345323741007194,23.45323741007194,14.071942446043163,33.25766871165644,10.23312883435583,30.48920863309352,21.107913669064747,42.63803680981596,4.690647482014388,643.7913669064748,19.0,19.0,23.0,ITA-Serie A,Lecce,FW,1,2500000.0,5000000.0,2029.0,56.0,44.0,75.0,32.52,299.0,79.0,66.0,73.0,74.0,ST,70.0,76.0,35.971223021583,40.20618556701,68.789808917197,12.121212121212,0.24789576612314895,0.14272786534363122,1.736842105263158,1.263157894736842,0.7272727272727273,0.631578947368421,2.0526315789473686,0.631578947368421,1.368421052631579,2.6315789473684212,0.9473684210526315,0.11055490761799247,0.329797842343779,1.0526315789473684,0.10526315789473684,0.21052631578947367,-1.7100195563398302,15.736842105263158,0.21052631578947367,0.21052631578947367,1.481257099583491,0.2906979127918941,0.7406285497917454,1.7504036164029706,0.5385857281239911,1.6046951912154483,1.1109428246876183,0.12964352476066743,0.38674135469090626,1.2343809163195758,0.12343809163195757,0.24687618326391514,True,49.0,38.0,52.0,52.0,37.0,25.0,44.2,25.0,True
Moritz Broschinski,4.342191630974412,2.26239719055593,8.05997022241354,37.0,1.0,24.0,35.0,1.0,4.0,10.0,12.0,15.0,58.0,18.0,15.0,28.0,26.0,14.0,572.0,1.0,3,4.666663093508764,2.431455442157912,8.662253711560925,39.76483516483516,25.793406593406598,37.61538461538461,4.298901098901099,12.896703296703295,16.12087912087912,53.96728016359919,16.74846625766871,16.12087912087912,30.09230769230769,24.192229038854805,15.046153846153846,614.7428571428571,15.4,15.4,23.0,GER-Bundesliga,Bochum,"FW,MF",1,,,,,,,,0.0,,,,,,,,40.0,33.333333333333,69.918699186992,2.8571428571429,0.28196049551781893,0.117356530566876,2.4025974025974026,1.5584415584415585,0.6857142857142857,0.974025974025974,3.766233766233766,1.1688311688311688,0.974025974025974,1.6883116883116882,1.8181818181818181,0.1469089084776578,0.523374689767113,0.7792207792207793,0.2597402597402597,0.9090909090909091,-3.342191630974412,0.0,0.06493506493506493,0.2597402597402597,1.6748965320393894,0.3030300710070626,1.046810332524618,3.504368841792155,1.0875627440044617,1.046810332524618,1.9540459540459538,0.15788671702324106,0.5624840072442159,0.8374482660196945,0.27914942200656484,0.977022977022977,True,15.0,42.0,84.0,30.0,52.0,32.0,44.2,15.0,True
Anuar,0.0,0.0,0.0,0.0,0.0,9.0,11.0,2.0,2.0,4.0,7.0,6.0,71.0,38.0,48.0,14.0,25.0,7.0,777.0,2.0,0,0.0,0.0,0.0,0.0,10.282710280373832,12.567757009345796,2.2850467289719627,7.997663551401869,6.855140186915888,62.143149284253575,33.259713701431494,54.8411214953271,15.995327102803738,21.881390593047037,7.997663551401869,887.7406542056075,19.1,19.1,29.0,ESP-La Liga,Valladolid,"MF,FW",1,,,,,,,,0.0,,,,,,,,41.666666666667,57.232704402516,84.497816593886,18.181818181818,0.0,,0.0,0.47120418848167533,0.8181818181818182,0.31413612565445026,3.7172774869109944,1.9895287958115182,2.513089005235602,1.3089005235602094,0.7329842931937173,0.0,0.0,0.36649214659685864,0.10471204188481674,0.36649214659685864,0.0,0.0,0.10471204188481674,0.10471204188481674,0.5383617947839703,0.0,0.35890786318931345,3.25356802535359,1.741346267090654,2.8712629055145076,0.8374516807750648,0.0,0.0,0.4187258403875324,0.11963595439643783,0.4187258403875324,True,80.0,13.0,42.0,87.0,14.0,11.0,44.2,11.0,True
Isaac Romero,12.233524564653635,3.673023857176304,18.51429484691471,95.0,8.0,70.0,95.0,6.0,7.0,21.0,34.0,35.0,120.0,29.0,61.0,93.0,53.0,31.0,1536.0,8.0,2,11.800367670492136,3.5463768691014357,17.852094975110504,91.60087361677344,67.47839254513687,91.60087361677344,6.759231217239371,32.78986604542808,33.729702970297026,124.55010224948876,30.112474437627814,58.83948747815958,89.74967967384973,54.96932515337423,29.92288875946418,1480.945661036692,40.5,40.5,25.0,ESP-La Liga,Sevilla,"FW,MF",2,5500000.0,12000000.0,2028.0,83.0,81.0,73.0,36.11,413.0,74.0,66.0,74.0,74.0,ST,74.0,77.0,38.828397212544004,32.4735612395475,72.787220309811,8.581752484191501,0.3020623349297194,0.12877394278582774,2.345679012345679,1.728395061728395,0.7368421052631579,0.8641975308641975,2.962962962962963,0.7160493827160493,1.5061728395061729,1.308641975308642,2.2962962962962963,0.09069194709077294,0.45714308263986936,0.8395061728395061,0.1728395061728395,0.7654320987654321,-4.233524564653635,10.197530864197532,0.19753086419753085,0.24691358024691357,1.6661331492626388,0.2913671029751145,0.8328321721060994,3.0753111666540436,0.743517887348835,1.4528268513125824,2.216041473428388,0.08756486096546755,0.440792468521247,0.8096263221093353,0.1668945979565277,0.7388367594929427,True,29.0,43.0,71.0,36.0,27.0,66.0,44.0,27.0,False
Hugo Álvarez,4.961812857538462,4.048837125301361,19.471431590616703,39.0,8.0,34.0,39.0,8.0,7.0,6.0,44.0,14.0,122.0,41.0,33.0,26.0,9.0,48.0,2159.0,8.0,5,4.658367585793585,3.8357663542957603,18.25669230657147,36.391169154228855,31.82960199004975,36.391169154228855,6.675817341862118,41.58990760483297,13.29371002132196,130.84662576687117,43.95910020449898,31.09106254442075,24.53109452736318,9.79959100204499,44.717839374555794,2020.2529317697226,32.4,32.4,22.0,ESP-La Liga,Celta Vigo,"FW,MF",2,9000000.0,20700000.0,2028.0,69.0,70.0,73.0,34.18,259.0,57.0,69.0,55.0,75.0,CAM,75.0,81.0,25.0,44.698544698544495,82.387355281154,22.285714285714498,0.15314237214624882,0.1272259707061144,1.2037037037037037,1.0493827160493827,0.8717948717948718,0.4320987654320988,3.7654320987654324,1.2654320987654322,1.0185185185185186,0.2777777777777778,0.8024691358024691,0.12496410880559757,0.6009701108215032,1.3580246913580247,0.2160493827160494,1.4814814814814816,3.0381871424615383,7.993827160493828,0.2469135802469136,0.4012345679012346,0.9823951231496837,0.1437767773393082,0.4102996920161099,4.038476103915777,1.3567623519907093,0.9596006958154554,0.7571325471408389,0.11838785044122717,0.5634781576102306,1.2836391236059561,0.20604374511920118,1.3801802276097468,True,54.0,23.0,48.0,42.0,57.0,46.0,43.7,23.0,False
Gustav Isaksen,10.64466038160026,3.9665175955742598,20.0179589567706,103.0,9.0,69.0,102.0,8.0,4.0,14.0,53.0,23.0,130.0,32.0,103.0,57.0,24.0,71.0,2073.0,9.0,3,9.89450480851821,3.5932186836761395,18.412495524977203,95.3826808400311,63.88427966467894,94.49520352605651,3.5499092558983665,48.44323092213291,21.487868377841153,140.5235173824131,34.51942740286299,96.12752787140263,52.73798720940282,25.985685071574643,65.2454303863106,1912.7354809437386,42.3,42.3,24.0,ITA-Serie A,Lazio,FW,2,10000000.0,17800000.0,2028.0,88.0,84.0,74.0,35.59,461.0,33.0,69.0,55.0,74.0,LM,76.0,79.0,37.475633528265,48.915816326531,82.865935095195,8.9120370370372,0.2516468175319211,0.10334621729708991,2.434988179669031,1.6312056737588654,0.6764705882352942,0.5437352245862884,3.0732860520094563,0.756501182033097,2.434988179669031,0.5673758865248227,1.347517730496454,0.09377110155021891,0.47323780039646807,1.2529550827423168,0.09456264775413713,1.678486997635934,-1.6446603816002607,10.898345153664303,0.2127659574468085,0.28368794326241137,1.510266658739455,0.23391264322738087,0.5079874321002636,3.322068968851374,0.8160621135428603,2.2725183893948615,1.246760926936237,0.08494606817201276,0.43528358215076135,1.1452300454404944,0.08392220463116706,1.542445162796941,True,21.0,32.0,47.0,72.0,34.0,77.0,43.7,21.0,False
Ilyas Chaira,7.220865061506629,2.07834442704916,11.205173783004284,84.0,7.0,49.0,80.0,5.0,3.0,7.0,18.0,16.0,114.0,49.0,41.0,36.0,21.0,34.0,1280.0,6.0,2,7.659442548973408,2.2045779280413,11.885748329477428,89.10195227765726,51.9761388286334,84.8590021691974,3.1822125813449023,19.093275488069413,16.97180043383948,107.4723926380368,46.194274028629856,43.490238611713664,38.186550976138825,19.79754601226994,36.06507592190889,1357.7440347071583,27.2,27.2,24.0,ESP-La Liga,Oviedo,"MF,FW",1,4200000.0,9600000.0,2028.0,80.0,80.0,71.0,34.76,633.0,65.0,66.0,60.0,69.0,CAM,73.0,76.0,38.181818181818,39.74358974359,83.257918552036,7.5,0.2654729802024496,0.08596267930365034,3.088235294117647,1.8014705882352942,0.6125,0.5882352941176471,4.1911764705882355,1.8014705882352942,1.5073529411764706,0.7720588235294118,1.3235294117647058,0.0764097215826897,0.4119549184928046,0.6617647058823529,0.11029411764705882,1.25,-0.220865061506629,23.272058823529413,0.22058823529411764,0.29411764705882354,1.9108874569350516,0.2815971525357871,0.6239632512440986,3.951190905810176,1.6983188981113917,1.5989058313130025,1.4039173152992215,0.08105065911916544,0.43697604152490543,0.7019586576496107,0.11699310960826848,1.3259219088937093,True,10.0,45.0,71.0,50.0,26.0,68.0,43.6,10.0,False
Harry Wilson,9.365454396232963,6.963866292499006,17.764986680820584,121.0,16.0,68.0,121.0,12.0,10.0,3.0,60.0,19.0,137.0,49.0,59.0,29.0,10.0,27.0,1899.0,16.0,8,8.819109056201128,6.570868483888707,16.730448354227967,113.98021753682629,64.04594087820969,113.98021753682629,9.436712020740334,56.52261354852787,17.873327884434023,145.51942740286302,52.05112474437628,55.56592120299861,27.3642946695711,10.633946830265849,25.44005902563325,1789.2624495637797,42.6,42.6,28.0,ENG-Premier League,Fulham,"MF,FW",2,21000000.0,39900000.0,2030.0,77.0,79.0,80.0,35.72,651.0,53.0,82.0,69.0,78.0,RM,80.0,80.0,20.0,56.7722371967655,79.5773216825845,13.387000596303,0.21984634732941227,0.07740044955564432,2.84037558685446,1.596244131455399,0.5619834710743802,0.4460093896713615,3.215962441314554,1.1502347417840375,1.3849765258215962,0.2347417840375587,0.6807511737089201,0.1634710397300236,0.4170184666859292,1.408450704225352,0.2347417840375587,0.6338028169014084,6.634545603767037,15.28169014084507,0.3755868544600939,0.5633802816901409,1.503425842211495,0.20702133934744432,0.4195616874280287,3.415949000067207,1.2218573883656403,1.3043643474882303,0.6423543349664577,0.15424573905842034,0.39273352944197104,1.3268219142846918,0.22151906151972614,0.5971844841697945,True,35.0,25.0,45.0,56.0,53.0,66.0,43.4,25.0,False
Ché Adams,15.36146331205964,5.3926215255633,24.75498780235648,117.0,15.0,88.0,117.0,13.0,11.0,19.0,53.0,20.0,104.0,26.0,55.0,51.0,66.0,24.0,1685.0,15.0,5,16.338825440443557,5.8062855528787605,26.463842388012267,124.65502327246688,93.60973863229503,124.65502327246688,11.800429645542426,56.62572144647332,21.224432509846043,97.2678936605317,24.282208588957054,57.81160042964554,53.852445399212314,62.024539877300626,25.739176512710348,1797.9209308986751,50.5,50.5,29.0,ITA-Serie A,Torino,FW,2,14500000.0,24700000.0,2027.0,82.0,80.0,81.0,33.67,303.0,68.0,72.0,66.0,78.0,ST,78.0,78.0,36.660029865605,43.829401088929,75.1847723570265,12.6916273584905,0.3041873923180127,0.13129455822273198,2.3168316831683167,1.7425742574257426,0.7521367521367521,0.39603960396039606,2.0594059405940595,0.5148514851485149,1.0891089108910892,1.306930693069307,1.00990099009901,0.10678458466461979,0.4901977782644848,1.0495049504950495,0.21782178217821782,0.4752475247524752,-0.3614633120596409,6.0,0.297029702970297,0.39603960396039606,1.8536581907385155,0.3235410978305655,0.42028579227417906,1.9260969041689444,0.48083581364271394,1.144784166923674,1.0663850574101448,0.11497595154215368,0.524036482930936,1.12130141478165,0.23367187416915694,0.5096866636180267,True,52.0,53.0,23.0,50.0,49.0,20.0,43.4,20.0,False
Lorenzo Colombo,13.60044851899147,4.536387652158736,22.810913474299014,122.0,11.0,86.0,122.0,11.0,7.0,17.0,40.0,28.0,127.0,51.0,96.0,101.0,115.0,43.0,1895.0,13.0,3,14.60547089115721,5.000265334327716,24.971045739385552,131.80431064984077,92.48889904469867,131.80431064984077,7.867407713173723,43.66483370680505,30.787180091991978,116.14110429447854,46.39468302658487,103.19184160868028,110.07882710225262,106.92433537832311,47.182819318315836,2061.647703148956,50.6,50.6,23.0,ITA-Serie A,Empoli,"FW,MF",2,4700000.0,9400000.0,2029.0,66.0,62.0,75.0,35.72,408.0,69.0,69.0,74.0,77.0,ST,72.0,79.0,31.22117090479,41.9097178943865,69.430652101953,10.6601731601735,0.2687835675690014,0.11147908622124156,2.411067193675889,1.699604743083004,0.7049180327868853,0.5533596837944664,2.509881422924901,1.007905138339921,1.8972332015810276,2.2727272727272725,1.9960474308300395,0.08965192988456,0.45080856668575126,0.7905138339920948,0.1383399209486166,0.849802371541502,-2.6004485189914703,8.063241106719367,0.25691699604743085,0.31620553359683795,1.8278438546383136,0.2886456697857156,0.6084422943081418,2.2952787409975994,0.9168909689048393,2.0393644586695707,2.175470891348866,0.09881947301042918,0.4934989276558409,0.8629413776048428,0.15548236587299846,0.9324667849469532,True,30.0,46.0,49.0,49.0,32.0,62.0,43.3,30.0,False
Mason Mount,4.684161139652134,1.7120247185230257,11.600921232253313,39.0,4.0,28.0,39.0,3.0,1.0,4.0,22.0,12.0,78.0,39.0,21.0,24.0,11.0,8.0,966.0,4.0,0,4.330572230564727,1.6036083058657002,10.789665548363452,36.182107935821946,25.930657446923448,36.182107935821946,0.9421965317919074,20.502900977796983,11.250002701096644,83.37423312883436,41.88343558282209,19.532526605801955,22.359116201177677,11.805725971370144,7.509394414132137,900.0178272378585,18.200000000000003,18.200000000000003,26.0,ENG-Premier League,Manchester Utd,"MF,FW",2,16500000.0,32600000.0,2028.0,67.0,68.0,75.0,33.58,183.0,56.0,79.0,55.0,77.0,CAM,78.0,79.0,32.051282051282,43.7056737588655,82.77566315541,10.3947368421055,0.25737149118967767,0.12010669588851626,2.1428571428571423,1.5384615384615383,0.717948717948718,0.6593406593406592,4.285714285714285,2.1428571428571423,1.1538461538461537,0.6043956043956042,1.3186813186813184,0.09406729222653987,0.6374132545194127,1.2087912087912085,0.05494505494505494,0.4395604395604395,-0.6841611396521339,10.054945054945053,0.21978021978021975,0.21978021978021975,1.4247613981826068,0.23794352915190806,0.6181320165437716,4.581001820265624,2.301287669385829,1.0732157475715358,1.2285228681965754,0.08811034647613736,0.5928387663935961,1.126533020758076,0.05176904020834656,0.4126040886885789,True,32.0,31.0,75.0,43.0,42.0,24.0,43.3,24.0,True
Pablo Durán,7.400927517563105,5.326718884520233,13.473966289311647,63.0,6.0,48.0,63.0,4.0,7.0,8.0,27.0,25.0,95.0,33.0,30.0,34.0,29.0,19.0,1212.0,6.0,6,7.001354051707212,4.9841900814701745,12.692201618351076,59.61895877754087,45.47085998578535,59.61895877754087,6.559968017057569,25.211709310589907,23.560856432125085,100.92433537832311,35.124744376278116,28.064498933901916,31.82960199004975,30.936605316973417,17.739427860696516,1139.1464108031273,31.3,31.3,24.0,ESP-La Liga,Celta Vigo,"FW,MF",2,6000000.0,13100000.0,2027.0,72.0,71.0,77.0,34.88,366.0,67.0,73.0,68.0,77.0,ST,74.0,78.0,37.6344086021505,35.158374660054,72.912994534386,10.3950103950102,0.2364513583885976,0.11747503996131912,2.012779552715655,1.5335463258785942,0.7619047619047619,0.7987220447284344,3.0351437699680512,1.0543130990415335,0.9584664536741214,0.926517571884984,1.0862619808306708,0.17018271196550264,0.43047815620803986,0.8626198083067093,0.22364217252396165,0.6070287539936102,-1.4009275175631046,11.69329073482428,0.19169329073482427,0.38338658146964855,1.4527431305362732,0.22368543296189175,0.7527430170008015,3.2244196606493003,1.1221963059513775,0.8966293589106044,1.0169201913753914,0.1592392997274816,0.40550164914859665,0.8054859204661312,0.20958364271749422,0.5667548837283232,True,33.0,33.0,73.0,34.0,40.0,48.0,43.3,33.0,False
Paul Wanner,3.487074453383684,1.4708796814084053,7.205643737688661,25.0,2.0,17.0,25.0,2.0,2.0,6.0,20.0,12.0,90.0,40.0,18.0,37.0,12.0,25.0,1024.0,3.0,2,3.919952661389935,1.653471641859104,8.100137443056909,28.10344827586207,19.110344827586207,28.10344827586207,2.2482758620689656,22.48275862068965,13.489655172413794,80.06134969325153,35.58282208588957,20.23448275862069,41.59310344827586,10.674846625766872,28.10344827586207,1151.1172413793104,19.7,19.7,18.0,GER-Bundesliga,Heidenheim,"MF,FW",1,,,,,,,,0.0,,,,,,,,40.0,44.385026737968,77.115987460815,12.0,0.17700885550170986,0.13948297813534738,1.2690355329949239,0.8629441624365483,0.68,0.6091370558375635,4.568527918781726,2.030456852791878,0.9137055837563453,0.6091370558375635,1.8781725888324874,0.07466394321870078,0.3657687176491706,1.015228426395939,0.10152284263959391,1.2690355329949239,-1.4870744533836842,0.0,0.15228426395939088,0.25380710659898476,0.970068265359706,0.19898236859847387,0.6847540696656749,4.064027903210738,1.8062346236492166,1.0271311044985123,2.1113250481358308,0.0839325706527464,0.4111744894952746,1.1412567827761244,0.11412567827761247,1.426570978470156,True,47.0,15.0,79.0,43.0,31.0,47.0,43.2,15.0,True
Matteo Cancellieri,7.726281488314271,2.4621978159993887,12.537208147346973,63.0,7.0,42.0,63.0,5.0,4.0,9.0,29.0,14.0,112.0,68.0,108.0,52.0,63.0,42.0,1494.0,7.0,2,7.837751839644251,2.462218630129515,12.693067254387326,64.11912842059901,42.79145119586296,64.11912842059901,4.0170491273432445,29.633968972204265,14.672107304460244,108.46216768916156,66.78936605316974,110.3656808877397,53.718702865761685,61.2556237218814,44.560708898944185,1533.3713100624864,35.0,35.0,23.0,ITA-Serie A,Parma,"MF,FW",2,6500000.0,11500000.0,2027.0,83.0,79.0,71.0,35.49,470.0,68.0,72.0,64.0,67.0,CAM,74.0,79.0,49.285714285714505,49.734579840963,73.696743467628,11.6962305986698,0.22075089966612202,0.12263938870340113,1.8,1.2,0.6666666666666666,0.4,3.2,1.9428571428571428,3.085714285714286,1.8,1.4857142857142858,0.07034850902855397,0.3582059470670564,0.8285714285714286,0.11428571428571428,1.2,-0.726281488314271,13.428571428571429,0.2,0.2571428571428571,1.2226128913103704,0.2239357668469786,0.41920306584172123,3.0989190768331873,1.9082676015191355,3.1533051682211344,1.5348200818789053,0.07034910371798614,0.3626590644110665,0.8466848277772647,0.11477283220980698,1.2731631113984052,True,32.0,22.0,47.0,83.0,20.0,75.0,43.2,20.0,False
Zuriko Davitashvili,6.510704822838306,5.66711307130754,12.587375964969397,70.0,7.0,39.0,70.0,5.0,9.0,8.0,54.0,24.0,123.0,24.0,40.0,57.0,16.0,48.0,1462.0,9.0,8,6.759521567660152,5.883690640911649,13.068422180191156,72.67515923566879,40.49044585987261,72.67515923566879,9.343949044585989,56.06369426751592,24.917197452229296,118.47239263803682,23.11656441717792,41.52866242038216,59.17834394904458,15.411042944785278,49.83439490445859,1517.872611464968,30.9,30.9,23.0,FRA-Ligue 1,Saint-Étienne,"FW,MF",1,,,,,,,,0.0,,,,,,,,24.615384615385,37.883959044369,83.704572098476,12.857142857143,0.2107024214510779,0.09301006889769009,2.26537216828479,1.2621359223300972,0.5571428571428572,0.7766990291262136,3.9805825242718447,0.7766990291262136,1.2944983818770228,0.5177993527508091,1.8446601941747574,0.18340171751804338,0.4073584454682653,1.7475728155339807,0.29126213592233013,1.5533980582524272,0.4892951771616936,0.0,0.29126213592233013,0.5501618122977346,1.310370416177107,0.21875474328997258,0.8063817945705274,3.834058014175949,0.7481088808148194,1.3439696576175457,1.9151567621050027,0.1904107003531278,0.42292628414858113,1.814359037783687,0.30239317296394785,1.6127635891410548,True,28.0,20.0,75.0,29.0,67.0,50.0,43.2,20.0,False
Abdou Harroui,2.8633879851549864,1.7310461425222456,7.655804647598416,27.0,1.0,16.0,27.0,2.0,2.0,2.0,19.0,11.0,69.0,36.0,4.0,24.0,9.0,17.0,859.0,2.0,2,3.5986467377118565,2.154918835679501,9.501639160755802,33.55050329746615,19.981314358440354,33.55050329746615,2.527131782945736,23.347680203632997,13.380597014925373,56.04907975460123,29.31901840490798,5.007115584866365,29.665509660997337,7.153374233128835,20.961992363762583,1059.1888233252344,15.2,15.2,27.0,ITA-Serie A,Hellas Verona,"MF,FW",2,2000000.0,3600000.0,2028.0,69.0,72.0,65.0,35.06,220.0,66.0,72.0,57.0,71.0,CAM,71.0,71.0,29.7916666666665,38.744680851064004,81.864016767064,7.5,0.1883807884970386,0.10605140685759208,1.7763157894736843,1.0526315789473684,0.5925925925925926,0.7236842105263158,4.5394736842105265,2.368421052631579,0.2631578947368421,0.5921052631578948,1.5789473684210527,0.11388461463962143,0.5036713583946326,1.25,0.13157894736842105,1.118421052631579,-1.8633879851549864,14.473684210526317,0.13157894736842105,0.2631578947368421,1.3145601551605497,0.23675307484946426,0.8803024351924588,3.6874394575395546,1.9288827897965777,0.3294154990043661,1.9516782671708774,0.14177097603154612,0.6251078395234081,1.5360315923442762,0.16625866993064053,1.3790784449843805,True,13.0,23.0,89.0,16.0,65.0,73.0,42.9,13.0,True
Ruben Vargas,5.468194894492626,4.144770339131355,9.881095768883824,58.0,4.0,39.0,58.0,4.0,5.0,3.0,41.0,20.0,112.0,26.0,26.0,24.0,27.0,33.0,1332.0,5.0,7,5.269474208343559,3.9839232576638897,9.502012174765714,55.773150844496215,37.53651718112988,55.773150844496215,4.803610949330227,39.4351776354106,19.25241700640652,116.49284253578732,27.044989775051125,25.014851485148515,23.068724519510774,28.087934560327202,31.75509609784508,1280.8363424577753,28.6,25.2,26.0,ESP-La Liga,Sevilla,"MF,FW",2,15500000.0,32600000.0,2029.0,88.0,88.0,70.0,34.47,331.0,64.0,76.0,66.0,75.0,LW,78.0,78.0,54.700854700855004,45.092180546726,73.35780988107601,9.540889526542351,0.19119562568156034,0.09427922231883838,2.027972027972028,1.3636363636363635,0.6724137931034483,0.6993006993006993,3.916083916083916,0.9090909090909091,0.9090909090909091,0.9440559440559441,0.8391608391608392,0.14492203982976767,0.34549285905188193,1.4335664335664335,0.17482517482517482,1.1538461538461537,-1.4681948944926262,11.573426573426573,0.17482517482517482,0.4195804195804196,1.312465635703842,0.18424734994208247,0.6731614337904378,4.073176312440116,0.9456290131136756,0.8746451568233746,0.8065987594234536,0.1392980160022339,0.3322381879288711,1.3788523648744964,0.16795842480175618,1.1103180453791985,True,16.0,20.0,70.0,60.0,44.0,51.0,42.2,16.0,False
Arnaud Kalimuendo,12.150474922731519,2.893593108281493,18.141915533691645,80.0,12.0,89.0,106.0,23.0,8.0,13.0,41.0,19.0,95.0,30.0,58.0,90.0,34.0,42.0,1533.0,23.0,4,11.655067552470909,2.7790831769054853,17.406640660360132,76.57011609215932,83.64092159314164,99.68647972852295,7.470809073048759,37.81343811394892,18.110205393820326,101.56850715746421,32.14928425357873,54.431927129844624,84.24354706197536,36.396728016359916,38.84576174316842,1434.6643400607254,45.400000000000006,44.3,23.0,GER-Bundesliga,Frankfurt,"FW,MF",2,20500000.0,0.0,,80.0,82.0,81.0,34.68,321.0,72.0,78.0,72.0,80.0,ST,78.0,82.0,24.489337822671,41.1715128529285,83.248299319728,21.184210526316,0.26763160622756643,0.15188093653414397,1.7621145374449336,1.9603524229074887,0.839622641509434,0.41850220264317173,2.0925110132158586,0.6607929515418501,1.277533039647577,0.7488986784140969,1.9823788546255503,0.06373553101941615,0.3996016637377014,0.9030837004405285,0.17621145374449337,0.9251101321585902,-0.15047492273151875,7.070484581497796,0.5066079295154184,0.5947136563876652,1.8423110483070844,0.25671954961389665,0.3989032025070556,2.2371917876093437,0.7081340143960071,1.1989411262080312,1.8555847370479153,0.061213285834922575,0.38340618194625836,0.8328951126420466,0.1645552659261841,0.8556335185719914,True,75.0,52.0,25.0,30.0,26.0,40.0,42.0,25.0,False
Simon Adingra,6.040441820397973,3.5255746338516474,10.899197950959206,56.0,5.0,42.0,55.0,4.0,5.0,6.0,29.0,21.0,107.0,34.0,12.0,27.0,11.0,44.0,1177.0,5.0,4,5.572094791551029,3.2583380854837296,10.056754633995004,51.785957480079894,38.826433856717394,50.85096704030934,4.622815185482668,26.7758321664404,19.32197715496102,116.280163599182,36.70143149284253,11.011337223766233,24.853714273529185,11.887525562372186,40.54000369614819,1085.233671199187,29.0,21.7,23.0,FRA-Ligue 1,Monaco,"MF,FW",2,12000000.0,0.0,,87.0,88.0,71.0,35.81,208.0,48.0,79.0,32.0,70.0,CAM,76.0,82.0,47.2027972027975,38.082679971489995,79.36965252313601,9.84848484848505,0.20829109725510253,0.10786503250710666,1.9310344827586208,1.4482758620689655,0.7636363636363637,0.7241379310344828,3.689655172413793,1.1724137931034482,0.41379310344827586,0.3793103448275862,0.9310344827586207,0.12157153909833267,0.37583441210204155,1.0,0.1724137931034483,1.5172413793103448,-1.040441820397973,7.172413793103448,0.1724137931034483,0.3103448275862069,1.3388425467833585,0.19214119970865617,0.6662750743090007,4.009660813764897,1.2655666032014665,0.379701283578146,0.857024630121696,0.11235648570633551,0.34678464255155184,0.9233045574634621,0.1594074201890575,1.3979311619361445,True,22.0,27.0,73.0,41.0,33.0,72.0,41.9,22.0,False
Juanmi Latasa,4.549709668383002,0.5770094022154808,6.718333991244435,40.0,3.0,38.0,40.0,3.0,0.0,4.0,13.0,5.0,24.0,4.0,36.0,18.0,96.0,8.0,453.0,3.0,0,5.1981495977553465,0.6592467235592759,7.675853555417124,45.700934579439256,43.41588785046729,45.700934579439256,0.0,14.852803738317755,5.712616822429907,21.006134969325156,3.501022494887525,41.13084112149533,20.565420560747665,84.02453987730061,9.14018691588785,517.5630841121496,15.5,15.5,23.0,ESP-La Liga,Valladolid,FW,1,,,,,,,,0.0,,,,,,,,61.538461538462,41.176470588235,60.236220472441,7.5,0.2935296560247098,0.11374274170957506,2.5806451612903225,2.4516129032258065,0.95,0.3225806451612903,1.5483870967741935,0.25806451612903225,2.3225806451612905,6.193548387096774,1.1612903225806452,0.037226413046160055,0.4334409026609313,0.8387096774193549,0.0,0.5161290322580645,-1.5497096683830023,0.0,0.1935483870967742,0.1935483870967742,2.801025022610793,0.33536449017776426,0.36855592402773596,1.3552345141500102,0.2258724190250016,2.6536026529996986,1.3268013264998493,0.04253204668124361,0.495216358414008,0.9582454024721132,0.0,0.5896894784443775,True,19.0,83.0,12.0,74.0,20.0,18.0,41.7,12.0,True
Boulaye Dia,9.597511243075132,6.321963097900152,20.05741713475436,51.0,10.0,46.0,51.0,10.0,10.0,11.0,42.0,15.0,79.0,35.0,38.0,59.0,35.0,22.0,1358.0,10.0,5,8.740876045247184,5.752301326823813,18.243495581239138,46.254472387866215,41.651564255466255,46.254472387866215,9.123055483536426,38.515458905885396,13.47768127214588,86.70961145194275,38.1881390593047,34.88278886872354,54.4301810560885,38.09202453987731,19.938304813758535,1245.0021281652407,38.1,38.1,28.0,ITA-Serie A,Lazio,"FW,MF",2,14500000.0,24700000.0,2027.0,84.0,81.0,78.0,34.92,253.0,73.0,78.0,74.0,81.0,ST,78.0,78.0,27.187028657617,41.181657848324505,83.616826104049,15.70512820512815,0.2519031822329431,0.1881864949622575,1.3385826771653542,1.2073490813648293,0.9019607843137255,0.39370078740157477,2.0734908136482937,0.9186351706036745,0.9973753280839894,0.9186351706036745,1.548556430446194,0.1659307899711326,0.5264413946129753,1.1023622047244095,0.26246719160104987,0.5774278215223096,0.40248875692486763,6.640419947506562,0.26246719160104987,0.39370078740157477,1.0932169095922901,0.22941931877289196,0.3537449152794194,2.2758428202609644,1.0023133611366064,0.915558762958623,1.4286136760128214,0.15097903744944388,0.47883190501939993,1.0109044332253385,0.23945027515843637,0.5233150869752896,True,73.0,33.0,26.0,29.0,54.0,38.0,41.6,26.0,False
Lyle Foster,3.592184547334909,1.145955815911293,5.975080406293273,20.0,3.0,15.0,20.0,3.0,2.0,3.0,10.0,9.0,42.0,16.0,13.0,32.0,28.0,10.0,523.0,3.0,2,4.133125279168872,1.318523279954405,6.874857220417437,23.011764705882356,17.258823529411764,23.011764705882356,2.3011764705882354,11.505882352941176,10.35529411764706,36.50306748466258,13.905930470347649,14.957647058823529,36.818823529411766,24.335378323108387,11.505882352941176,601.7576470588235,15.2,15.2,24.0,ENG-Premier League,Burnley,"FW,MF",1,4000000.0,7900000.0,2028.0,81.0,79.0,74.0,35.57,373.0,77.0,68.0,70.0,73.0,ST,73.0,75.0,28.571428571429,34.545454545455,70.0,15.0,0.2363279307457177,0.17960922736674545,1.3157894736842106,0.986842105263158,0.75,0.5921052631578948,2.763157894736842,1.0526315789473684,0.8552631578947368,1.842105263157895,2.1052631578947367,0.07539182999416402,0.3930973951508732,0.6578947368421053,0.13157894736842105,0.6578947368421053,-0.592184547334909,24.539473684210527,0.19736842105263158,0.32894736842105265,1.1354489164086687,0.27191613678742577,0.6812693498452014,2.40151759767517,0.9148638467333979,0.9840557275541796,2.422291021671827,0.08674495262857929,0.4522932381853577,0.7569659442724459,0.15139318885448919,0.7569659442724459,True,65.0,29.0,58.0,18.0,25.0,71.0,41.6,18.0,True
Vladyslav Vanat,7.2669995576143265,2.104125237092376,8.851113688200712,27.0,6.0,25.0,27.0,8.0,3.0,9.0,12.0,6.0,24.0,5.0,17.0,14.0,17.0,9.0,459.0,9.0,1,7.008999573320327,2.029422565953002,8.536872965542699,26.041420118343197,24.11242603550296,26.041420118343197,2.893491124260355,11.57396449704142,5.78698224852071,24.883435582822088,5.184049079754601,16.39644970414201,13.502958579881655,17.625766871165645,8.680473372781066,442.7041420118344,21.6,21.6,23.0,ESP-La Liga,Girona,FW,1,16000000.0,34800000.0,2030.0,80.0,80.0,81.0,35.6,444.0,69.0,75.0,75.0,81.0,ST,77.0,82.0,33.333333333333,36.904761904762,78.021978021978,33.333333333333,0.33643516470436696,0.26914813176349356,1.25,1.1574074074074074,0.9259259259259259,0.27777777777777773,1.111111111111111,0.23148148148148145,0.787037037037037,0.787037037037037,0.6481481481481481,0.09741320542094334,0.40977378186114405,0.5555555555555555,0.13888888888888887,0.41666666666666663,-1.2669995576143265,20.555555555555554,0.41666666666666663,0.4629629629629629,1.116316020162174,0.3244907209870522,0.2679158448389217,1.1520109066121336,0.24000227221086115,0.7590948937102783,0.6251369712908174,0.0939547484237501,0.3952256002566064,0.5358316896778434,0.13395792241946086,0.40187376725838264,True,94.0,44.0,6.0,33.0,24.0,61.0,41.6,6.0,True
Josué Casimir,5.6887264382094145,4.869107197970152,15.071977602317927,49.0,5.0,37.0,49.0,5.0,6.0,4.0,36.0,13.0,150.0,68.0,78.0,42.0,34.0,32.0,1687.0,5.0,4,6.413358989697328,5.495240085005228,16.99087439196358,55.139105433673876,41.66898509056123,55.139105433673876,6.786749044707175,40.63779207120168,14.625366658034237,133.30470347648262,60.44171779141105,87.83490214524679,47.40386556664851,30.376278118609406,36.09950900855667,1898.018006543029,39.099999999999994,39.099999999999994,23.0,FRA-Ligue 1,Auxerre,"MF,FW",2,2800000.0,5800000.0,2028.0,82.0,80.0,70.0,35.52,377.0,68.0,67.0,63.0,69.0,ST,71.0,76.0,38.6363636363635,54.273914713791996,78.03187755808949,9.68013468013475,0.14549172476238914,0.11609645792264112,1.2531969309462918,0.946291560102302,0.7551020408163265,0.3324808184143223,3.836317135549873,1.7391304347826089,1.9948849104859339,0.8695652173913044,1.0741687979539642,0.12452959585601413,0.38547257294930765,0.9207161125319694,0.15345268542199492,0.8184143222506395,-0.6887264382094145,9.641943734015348,0.1278772378516624,0.23017902813299235,1.0657029434926146,0.16402452659072453,0.37405029815944346,3.4093274546414998,1.5458239844350654,2.2464169346610436,1.2123750784309084,0.14054322468044061,0.4345492171857694,1.0393297204910916,0.17357414436591243,0.9232610999630864,True,23.0,18.0,44.0,76.0,45.0,61.0,41.6,18.0,False
Randal Kolo Muani,6.746623762883246,3.2701738961040974,10.349568052217364,46.0,8.0,42.0,46.0,9.0,4.0,11.0,37.0,20.0,97.0,40.0,37.0,60.0,42.0,46.0,1097.0,9.0,2,6.0791466895643556,3.0087188156777533,9.337549378588758,41.63203463203463,37.86642524142523,41.63203463203463,3.6502664002664003,33.937978687978685,18.482017982017982,104.56441717791412,42.756646216768914,33.59194971694971,55.56139693639694,44.67893660531698,42.55477855477855,1015.7917915417916,35.4,31.4,26.0,ITA-Serie A,Juventus,FW,2,21000000.0,0.0,,90.0,89.0,79.0,35.48,404.0,69.0,78.0,78.0,80.0,ST,79.0,80.0,33.2665999332665,38.326659385997004,71.62118162443801,17.8846153846155,0.19058259217184312,0.14666573397572275,1.2994350282485876,1.1864406779661016,0.9130434782608695,0.5649717514124294,2.7401129943502824,1.1299435028248588,1.0451977401129944,1.1864406779661016,1.6949152542372883,0.09237779367525699,0.2923606794411685,1.0451977401129944,0.11299435028248588,1.2994350282485876,1.253376237116754,11.412429378531074,0.2542372881355932,0.3107344632768362,1.069673029418792,0.1717273076148123,0.5220909034468357,2.953797095421303,1.2078148648804778,0.9489251332471671,1.5695309869038685,0.08499205694004953,0.2637725813160666,0.958699962937251,0.1031148700640226,1.2021123885530665,True,66.0,29.0,50.0,29.0,21.0,70.0,41.5,21.0,False
Joel Roca,4.518066472373903,1.951041013002396,8.29686073306948,48.0,3.0,32.0,48.0,2.0,2.0,5.0,16.0,5.0,63.0,23.0,45.0,30.0,5.0,37.0,803.0,3.0,1,4.3576617455440605,1.8817732847301216,8.002297630120268,46.29585798816568,30.86390532544379,46.29585798816568,1.9289940828402368,15.431952662721894,4.822485207100591,65.31901840490798,23.846625766871167,43.40236686390533,28.93491124260355,5.184049079754601,35.68639053254438,774.491124260355,16.4,16.4,20.0,ESP-La Liga,Girona,"MF,FW",1,6500000.0,15000000.0,2029.0,83.0,85.0,68.0,34.65,336.0,61.0,66.0,58.0,70.0,CAM,73.0,82.0,20.0,49.065420560748,83.246073298429,6.25,0.27549185807157944,0.09412638484112297,2.9268292682926833,1.9512195121951221,0.6666666666666666,0.30487804878048785,3.8414634146341466,1.402439024390244,2.7439024390243905,0.30487804878048785,1.829268292682927,0.11896591542697538,0.5059061422603341,0.9756097560975611,0.12195121951219513,2.25609756097561,-1.5180664723739028,20.48780487804878,0.1829268292682927,0.24390243902439027,1.8819454466734018,0.2657110820453696,0.294053976042719,3.9828669759090234,1.4540625467604371,2.6464857843844714,1.7643238562563142,0.11474227345915376,0.48794497744635784,0.9409727233367009,0.11762159041708761,2.175999422716121,True,9.0,44.0,42.0,58.0,41.0,71.0,41.3,9.0,True
Iker Losada,3.8554303776472807,1.4852566588670015,6.232771480455995,22.0,4.0,14.0,22.0,3.0,3.0,5.0,22.0,10.0,66.0,26.0,9.0,12.0,8.0,10.0,739.0,4.0,1,4.004384070894963,1.475658141997049,6.224648887686008,23.256549420728525,14.592761715896042,23.256549420728525,2.9644870055317813,22.57390929965557,10.260867863479803,63.80981595092025,25.65439672801636,9.80364784469262,11.857948022127125,8.112474437627812,10.488414570504123,760.2122821208642,17.7,14.0,23.0,ESP-La Liga,Celta Vigo,"MF,FW",2,3500000.0,0.0,,72.0,73.0,71.0,34.7,183.0,61.0,67.0,64.0,72.0,CAM,72.0,77.0,23.9583333333335,43.8491295938105,74.14435784479849,16.964285714285502,0.21782092529080682,0.17524683534760366,1.2429378531073447,0.7909604519774012,0.6363636363636364,0.5649717514124294,3.728813559322034,1.4689265536723164,0.5084745762711864,0.4519774011299435,0.6779661016949153,0.08391280558570631,0.3521339819466664,1.2429378531073447,0.16949152542372883,0.5649717514124294,0.1445696223527193,10.338983050847459,0.22598870056497175,0.2824858757062147,0.8244498144574035,0.2262363881861561,0.5797100487841697,3.605074347509619,1.44940094508567,0.5538784093046678,0.6699405662218715,0.08337051649700841,0.35167507840033946,1.2753621073251733,0.16748514155546787,0.5925657949437357,True,65.0,14.0,63.0,34.0,32.0,42.0,41.2,14.0,True
Anastasios Douvikas,0.0,0.0,0.0,0.0,0.0,77.0,83.0,17.0,2.0,19.0,26.0,8.0,44.0,22.0,69.0,59.0,47.0,17.0,914.0,17.0,2,0.0,0.0,0.0,0.0,62.902233960069786,67.9021855010661,1.5876623376623376,20.995057181624343,6.5876138786586536,52.97341513292434,26.241308793456035,57.973371777476245,49.08720197712735,56.75255623721882,13.969058926148476,754.234396200814,39.5,33.1,25.0,ESP-La Liga,Celta Vigo,FW,2,,,,,,,35.08,493.0,,,,,,,,41.654650324441,45.806603035519004,74.55076370170701,19.429590017825,0.0,,0.0,1.9493670886075949,0.927710843373494,0.20253164556962025,1.1139240506329113,0.5569620253164557,1.7468354430379747,1.1898734177215189,1.4936708860759493,0.0,0.0,0.6582278481012658,0.05063291139240506,0.43037974683544306,0.0,12.481012658227849,0.43037974683544306,0.4810126582278481,1.5924616192422731,0.0,0.16677503490275072,1.3410991172892237,0.6643369314798996,1.4676802981639556,1.24271397410449,0.0,0.0,0.5315204349778315,0.040193983231957914,0.3536470614214804,True,85.0,38.0,9.0,63.0,7.0,47.0,41.1,7.0,False
Nick Woltemade,18.146821612492204,8.241136942058802,27.48874539323151,81.0,17.0,48.0,49.0,12.0,9.0,11.0,38.0,11.0,53.0,11.0,38.0,54.0,51.0,32.0,934.0,12.0,5,16.0876964073855,7.267353063354642,24.172897367151478,71.69557442557442,41.03496503496503,41.88986013986014,7.770589410589411,32.56254745254745,9.403846153846152,61.9959100204499,12.770961145194274,32.71561438561439,46.47046953046952,59.65644171779142,27.433176823176822,800.6914985014985,40.1,39.1,23.0,GER-Bundesliga,Stuttgart,"FW,MF",2,32000000.0,63200000.0,2031.0,67.0,64.0,82.0,31.1,13.0,83.0,83.0,80.0,83.0,ST,80.0,85.0,22.3684210526315,44.3548387096775,63.581535606588,12.2448979591835,0.4525391923314764,0.22403483472212596,2.0199501246882794,1.1970074812967582,0.9795918367346939,0.2743142144638404,1.3216957605985038,0.2743142144638404,0.9476309226932668,1.2718204488778055,1.346633416458853,0.20551463695907235,0.6855048726491648,0.9476309226932668,0.22443890274314213,0.798004987531172,-1.1468216124922037,0.32418952618453867,0.29925187032418954,0.4239401496259351,1.0233158362834172,0.4011894365931546,0.23450987914828308,1.5460326688391495,0.318477834044745,0.8158507328083388,1.1588645768196888,0.18123074970959208,0.602815395689563,0.8120336023079164,0.1937802845533519,0.6841191227724893,True,76.0,50.0,7.0,34.0,51.0,17.0,41.0,7.0,False
Anthony Elanga,7.376328129321337,8.35542050935328,17.138541132211685,61.0,6.0,43.0,61.0,5.0,11.0,7.0,65.0,16.0,121.0,33.0,72.0,61.0,37.0,38.0,1947.0,6.0,12,8.383609472827988,9.470051203017844,19.24591656410041,68.05758668515949,47.9708321775312,68.05758668515949,12.544895977808599,73.31608876560333,18.22389736477115,109.34151329243355,31.038854805725975,79.06969486823854,67.80212205270458,34.177914110429455,41.7809015256588,2124.1364216366155,42.5,42.5,23.0,ENG-Premier League,Newcastle,"FW,MF",2,24000000.0,47400000.0,2030.0,92.0,93.0,72.0,35.95,530.0,72.0,77.0,67.0,78.0,RM,79.0,82.0,38.24355971896949,45.487506552507,79.220523563321,6.818181818182,0.17356066186638439,0.12092341195608748,1.4352941176470588,1.011764705882353,0.7049180327868853,0.3764705882352941,2.847058823529412,0.7764705882352941,1.6941176470588235,0.8705882352941177,1.4352941176470588,0.1965981296318419,0.4032597913461573,1.5294117647058822,0.25882352941176473,0.8941176470588236,-1.3763281293213367,12.470588235294118,0.1411764705882353,0.4235294117647059,1.1287254630007342,0.19726139936065853,0.42879758505343885,2.5727414892337306,0.7303259954288465,1.8604634086644363,1.5953440482989312,0.22282473418865514,0.452845095625892,1.7250844415436077,0.29517402300726114,0.9830800358978541,True,21.0,19.0,32.0,61.0,69.0,74.0,40.9,19.0,False
Santiago Castro,16.07380553893745,5.864330703392625,23.636902139522135,126.0,15.0,101.0,126.0,13.0,8.0,16.0,56.0,25.0,115.0,28.0,102.0,109.0,91.0,34.0,1637.0,15.0,6,13.895518557958777,5.056556601961788,20.374626614834753,108.8338789942378,87.30618124672603,108.8338789942378,6.910087555189702,48.37061288632792,21.48348050587443,133.9079754601227,32.674846625766875,88.05939908703135,93.7298791439048,104.97750511247446,29.323654867918876,1412.4953883858414,51.7,51.7,20.0,ITA-Serie A,Bologna,FW,2,21000000.0,39900000.0,2028.0,79.0,80.0,78.0,35.31,384.0,67.0,74.0,78.0,78.0,ST,77.0,84.0,39.8615001556175,40.878361397336,77.404329429366,11.904761904762001,0.31090532957325817,0.1275698852296623,2.437137330754352,1.9535783365570598,0.8015873015873016,0.48355899419729204,2.224371373307543,0.5415860735009671,1.9729206963249515,1.760154738878143,2.108317214700193,0.11342999426291343,0.45719346498108576,1.0831721470019342,0.15473887814313345,0.6576402321083171,-1.0738055389374495,7.427466150870406,0.2901353965183752,0.4061895551257253,1.6887075676349328,0.2687721191094541,0.4155412090111108,2.5900962371397043,0.6320086387962645,1.7032765780857126,1.8129570434024138,0.09780573698185276,0.3940933581205948,0.935601796640772,0.13365739952011027,0.5671886821647751,True,44.0,46.0,29.0,51.0,30.0,47.0,40.8,29.0,False
Rasmus Højlund,18.41621076129377,5.408801399171352,28.120265621691942,92.0,16.0,79.0,92.0,16.0,9.0,16.0,49.0,28.0,68.0,7.0,81.0,95.0,74.0,21.0,1486.0,16.0,5,15.763347279008535,4.66535506540257,24.039809880973397,78.97741169016317,67.77680975764297,78.97741169016317,7.800142562965309,41.97514652304768,24.484856645018215,78.10838445807771,8.10838445807771,69.51964200855377,81.549057500396,85.79754601226995,18.17193093616347,1281.5471566608585,52.900000000000006,52.900000000000006,22.0,ENG-Premier League,Manchester Utd,FW,2,22000000.0,0.0,,85.0,84.0,79.0,35.54,599.0,82.0,73.0,73.0,79.0,ST,78.0,83.0,30.218253968254,35.380722337244,75.4319526627215,16.25,0.3481325285688803,0.2001762039271062,1.7391304347826084,1.493383742911153,0.8586956521739131,0.5293005671077504,1.2854442344045367,0.1323251417769376,1.5311909262759922,1.3988657844990546,1.7958412098298675,0.10224577314123538,0.5315740193136472,0.9262759924385632,0.17013232514177692,0.3969754253308128,-2.416210761293769,11.323251417769375,0.3024574669187145,0.3969754253308128,1.281225137195519,0.2979838805105583,0.46285173242000405,1.4765290067689547,0.15327758899957863,1.3141709264376893,1.5415700850736482,0.08819196720987844,0.4544387501129186,0.7934810306814305,0.14745071007495858,0.3435147624983642,True,78.0,41.0,20.0,32.0,29.0,51.0,40.7,20.0,False
Wilson Odobert,4.576129856519401,2.8081150902435184,9.998453276231885,34.0,1.0,23.0,35.0,1.0,3.0,7.0,26.0,13.0,88.0,24.0,13.0,38.0,9.0,36.0,951.0,1.0,2,4.278549765444686,2.659275777814948,9.393490504043886,31.996572212065814,21.629037172455817,32.9668103073039,2.834443283712022,24.768564464176897,12.155469226081657,93.68916155419224,25.967280163599185,12.384282232088449,35.57244058500914,9.627811860940696,34.01331940454426,891.2727757464959,20.3,20.3,20.0,ENG-Premier League,Tottenham,"FW,MF",2,21000000.0,44100000.0,2029.0,86.0,87.0,69.0,35.6,271.0,43.0,72.0,44.0,76.0,RM,77.0,84.0,31.3725490196075,46.001642036124494,84.84836973725851,3.84615384615385,0.22542511608469956,0.13459205460351178,1.6748768472906403,1.1330049261083743,0.6571428571428571,0.6403940886699507,4.334975369458128,1.1822660098522166,0.6403940886699507,0.44334975369458124,1.8719211822660098,0.1383307926228334,0.49253464414935394,1.2807881773399015,0.14778325123152708,1.773399014778325,-3.576129856519401,13.349753694581281,0.04926108374384236,0.14778325123152708,1.0654698114510255,0.2107659982977678,0.5987915874917072,4.61522963321144,1.2791763627388761,0.6100631641422881,1.752336974630992,0.13099880678891368,0.46273352236669385,1.2201263282845762,0.13962774796610947,1.6755329755933133,True,24.0,17.0,67.0,32.0,50.0,82.0,40.5,17.0,True
Valentín Castellanos,20.96734766382724,4.377021847292781,26.009652686305344,158.0,14.0,91.0,128.0,12.0,13.0,16.0,36.0,18.0,65.0,20.0,60.0,37.0,83.0,24.0,1178.0,12.0,3,20.462124739322775,4.079166370579671,24.84842341454814,153.24191610643896,84.40617571125482,118.80529638812911,13.099665141484113,34.03246338283786,17.276641701387998,69.66257668711657,20.746421267893663,57.93601901791876,34.91994069681245,89.94478527607363,23.38273561514276,1111.8528284041818,49.6,41.9,26.0,ENG-Premier League,West Ham,FW,2,,,,,,,34.96,128.0,,,,,,,,50.746268656716495,49.375,69.24106818016449,9.629629629629651,0.422728783544904,0.1327047320495395,3.185483870967742,1.8346774193548387,0.7109375,0.3629032258064516,1.310483870967742,0.4032258064516129,1.2096774193548387,1.6733870967741935,0.7459677419354839,0.088246408211548,0.5243881589980915,0.7258064516129032,0.2620967741935484,0.48387096774193544,-6.9673476638272405,2.5806451612903225,0.24193548387096772,0.3024193548387097,1.7017374135333632,0.41254283748634624,0.34831938914088706,1.4044874332079953,0.41827462233656576,1.1680648995548137,0.7040310624357349,0.08224125747136433,0.5009762785191157,0.6861383746539891,0.26410615204605065,0.4714261212730395,True,36.0,54.0,12.0,71.0,31.0,33.0,40.5,12.0,False
Takuma Asano,5.196423402056098,1.949492022395134,9.920604828745127,45.0,3.0,41.0,45.0,3.0,3.0,11.0,9.0,4.0,64.0,27.0,25.0,24.0,14.0,8.0,640.0,3.0,1,5.419639413164592,2.032440985224844,10.349250724571068,46.94364429896345,42.76860338243318,46.94364429896345,3.1257228587015824,9.39050736497545,4.175040916530278,61.34151329243353,25.897750511247445,26.077332242225857,25.023567921440264,13.431492842535787,8.350081833060557,667.6108292416803,19.1,19.1,30.0,ESP-La Liga,Mallorca,"MF,FW",2,4100000.0,8600000.0,2028.0,83.0,86.0,69.0,34.62,222.0,73.0,73.0,58.0,75.0,RW,74.0,74.0,23.168103448276,46.046454163578005,73.7667504187605,6.5126050420168,0.27206405246367005,0.11547607560124662,2.3560209424083767,2.1465968586387434,0.9111111111111111,0.20942408376963348,3.3507853403141357,1.413612565445026,1.3089005235602094,0.7329842931937173,1.256544502617801,0.1020676451515777,0.5194033941751375,0.47120418848167533,0.15706806282722513,0.41884816753926696,-2.196423402056098,11.623036649214658,0.15706806282722513,0.20942408376963348,2.239193894368229,0.28375075461594723,0.2185885296612711,3.2115975545776716,1.3559031681281384,1.365305352996118,1.3101344461487048,0.10641052278664105,0.5418455876738778,0.49164960026049476,0.16365041145034462,0.4371770593225422,True,15.0,69.0,32.0,46.0,34.0,38.0,40.3,15.0,True
Mathias Honsak,6.067189423367382,2.5984112806618214,9.822511032223701,60.0,7.0,39.0,60.0,5.0,3.0,5.0,26.0,10.0,122.0,36.0,28.0,36.0,39.0,24.0,1311.0,7.0,2,6.9171385574213655,2.963136827603689,11.219928582321318,68.35235849056605,44.4538223812622,68.35235849056605,3.430741704619389,29.577553675992192,11.416363044892648,107.02044989775051,31.552147239263803,31.913321405335072,41.16890045543266,34.33333333333333,27.416769681197138,1492.1472836694861,27.0,27.0,28.0,GER-Bundesliga,Heidenheim,"MF,FW",2,2400000.0,4300000.0,2027.0,84.0,85.0,70.0,35.44,268.0,71.0,70.0,55.0,70.0,LM,72.0,72.0,45.0,42.297753925661,73.8766404199475,11.8464961067854,0.2247107193839771,0.1011198237227897,2.2222222222222223,1.4444444444444444,0.65,0.37037037037037035,4.518518518518518,1.3333333333333333,1.037037037037037,1.4444444444444444,1.3333333333333333,0.09623745483932672,0.36379670489717414,0.9629629629629629,0.1111111111111111,0.8888888888888888,0.932810576632618,9.925925925925926,0.25925925925925924,0.3333333333333333,1.646437865972674,0.25619031694153205,0.4228282609219499,3.963720366583352,1.1685980458986593,1.181974866864262,1.5247740909419505,0.10974580842976626,0.4155529104563451,1.0954649509626737,0.12706450757849588,1.0154359141184126,True,24.0,35.0,48.0,50.0,35.0,62.0,40.2,24.0,False
Neal Maupay,6.8114913664758205,2.852810406126082,11.440138533711433,36.0,6.0,28.0,36.0,6.0,4.0,10.0,27.0,9.0,41.0,13.0,33.0,34.0,17.0,10.0,749.0,6.0,5,5.657210737579598,2.3094606042634993,9.547836990778679,30.977725118483413,23.307136883189294,30.977725118483413,3.090047393364929,23.466183440200727,7.6978533593532195,48.04294478527608,15.822085889570552,28.473877892389183,28.87376637858935,19.74233128834356,8.470365207694453,638.4174240312238,21.2,21.2,28.0,ESP-La Liga,Sevilla,FW,2,4300000.0,0.0,,69.0,72.0,76.0,34.2,173.0,68.0,74.0,76.0,75.0,ST,74.0,74.0,31.417112299464996,42.535211267605504,83.07806154057951,16.40866873065,0.3212967625696142,0.18920809351321724,1.6981132075471699,1.3207547169811322,0.7777777777777778,0.42452830188679247,1.9339622641509435,0.6132075471698113,1.5566037735849056,0.8018867924528302,1.6037735849056605,0.1345665285908529,0.5396291761184638,1.2735849056603774,0.18867924528301888,0.4716981132075472,-0.8114913664758205,8.160377358490566,0.2830188679245283,0.5188679245283019,1.0993932492070422,0.2668495630933773,0.36310629053552923,2.2661766408149093,0.7463248061118185,1.3431074477542069,1.3619701121976109,0.10893682095582544,0.4503696693763528,1.106895445292487,0.14575695251721363,0.39954552866483267,True,72.0,30.0,23.0,44.0,42.0,24.0,40.1,23.0,True
Ilyas Ansah,3.8260167790576816,1.5223449170589447,6.577519843354821,33.0,5.0,19.0,33.0,3.0,1.0,4.0,16.0,15.0,78.0,17.0,43.0,63.0,17.0,25.0,793.0,5.0,1,4.654035335719419,1.851807622989612,8.001012943782357,40.14179104477612,23.111940298507463,40.14179104477612,1.2164179104477613,19.46268656716418,18.246268656716417,64.12269938650307,13.975460122699388,52.30597014925373,76.63432835820895,13.975460122699388,30.41044776119403,964.6194029850744,21.0,21.0,20.0,GER-Bundesliga,Union Berlin,"MF,FW",1,6500000.0,13000000.0,2030.0,83.0,82.0,74.0,34.34,369.0,80.0,58.0,65.0,75.0,ST,73.0,83.0,24.285714285714,36.681222707424,74.916387959866,15.151515151515,0.18219127519322292,0.11593990239568731,1.5714285714285714,0.9047619047619048,0.5757575757575758,0.7142857142857143,3.7142857142857144,0.8095238095238095,2.0476190476190474,0.8095238095238095,3.0,0.07249261509804499,0.31321523063594386,0.7619047619047619,0.047619047619047616,1.1904761904761905,1.1739832209423184,17.571428571428573,0.23809523809523808,0.2857142857142857,1.1005685856432126,0.22162073027235327,0.8688699360341151,3.0534618755477654,0.6654981010809232,2.4907604832977968,3.649253731343283,0.08818131538045772,0.3810006163705884,0.9267945984363896,0.05792466240227435,1.4481165600568584,True,41.0,16.0,71.0,39.0,23.0,62.0,39.9,16.0,True
Bryan Gil,5.496316803619266,6.552444666624069,18.94140638038516,59.0,3.0,40.0,59.0,3.0,10.0,4.0,42.0,25.0,157.0,65.0,77.0,85.0,5.0,74.0,2093.0,3.0,6,5.075340764851317,6.038978484084929,17.515662681896863,53.83538104196664,36.66116640566702,53.83538104196664,9.26122736397364,38.494224725950374,22.577453834592788,171.7116564417178,71.28629856850716,70.42884168707369,78.24075378099153,5.298568507157464,67.43941480025644,1909.325538377458,36.6,36.6,24.0,ESP-La Liga,Girona,"MF,FW",2,10000000.0,21800000.0,2030.0,84.0,86.0,70.0,33.5,363.0,32.0,76.0,34.0,75.0,CAM,76.0,79.0,20.098039215686498,45.517241379310505,86.72722123320949,4.6875,0.15017259026282145,0.09315791192575026,1.6120218579234973,1.0928961748633879,0.6779661016949152,0.6830601092896175,4.2896174863387975,1.7759562841530054,2.1038251366120218,0.13661202185792348,2.322404371584699,0.17902854280393632,0.5175247644913978,1.1475409836065573,0.27322404371584696,2.021857923497268,-2.4963168036192656,9.918032786885245,0.08196721311475409,0.2459016393442623,1.0016712132695906,0.13867051270085565,0.6168703233495297,4.69157531261524,1.9477130756422723,1.9242852919965487,2.1377255131418447,0.164999412133468,0.4785700186310618,1.0517547739330704,0.2530389990156732,1.8426069617556404,True,9.0,11.0,74.0,49.0,58.0,48.0,39.7,9.0,False
Pedro Neto,9.57060599885881,14.500266651622951,33.70071325451136,105.0,9.0,68.0,105.0,7.0,23.0,6.0,102.0,30.0,165.0,42.0,58.0,55.0,21.0,81.0,2754.0,9.0,12,8.150334013048743,12.347263474478252,28.689380970329815,89.51154743874197,57.95861193989079,89.51154743874197,19.59015925722455,86.8622229236919,25.57600002428164,193.6993865030675,49.27607361963191,49.44812075260951,46.87894386994752,24.631901840490798,68.94922708495842,2345.0573866274926,54.4,54.4,25.0,ENG-Premier League,Chelsea,"MF,FW",2,36500000.0,72100000.0,2031.0,91.0,92.0,77.0,35.44,669.0,65.0,79.0,50.0,79.0,RM,82.0,83.0,27.5898520084565,43.751623184984,87.98557366643101,8.824613117170099,0.1759302573319634,0.0911486285605601,1.9301470588235294,1.25,0.6476190476190476,0.5514705882352942,3.0330882352941178,0.7720588235294118,1.0661764705882353,0.3860294117647059,1.0110294117647058,0.26654901933130426,0.6194984054138118,1.875,0.4227941176470588,1.4889705882352942,-0.5706059988588095,12.29779411764706,0.16544117647058823,0.3860294117647059,1.0654156606597571,0.1498223164163372,0.4701470592698831,3.5606504871887408,0.9058101768314689,0.9089728079523808,0.8617452917269764,0.2269717550455561,0.5273783266604746,1.596732039038454,0.3601132216401572,1.2674490272970298,True,21.0,12.0,46.0,41.0,78.0,72.0,39.7,12.0,False
Henrik Meister,5.431095716543496,1.0261001698672771,7.806203553453088,22.0,3.0,19.0,20.0,2.0,1.0,9.0,5.0,6.0,29.0,5.0,17.0,26.0,33.0,13.0,378.0,2.0,0,6.577699856324619,1.1519288538432428,9.372877943413133,26.249772747265634,23.111940298507463,24.328358208955223,1.2164179104477613,6.082089552238806,7.298507462686567,23.84049079754601,4.110429447852761,20.67910447761194,31.62686567164179,27.12883435582822,15.813432835820896,459.8059701492537,17.5,17.5,21.0,FRA-Ligue 1,Rennes,FW,2,2900000.0,5800000.0,2028.0,72.0,70.0,69.0,35.87,401.0,82.0,64.0,67.0,70.0,ST,69.0,76.0,42.307692307692,31.25,64.102564102564,10.0,0.3103483266596283,0.24686798711561345,1.2571428571428571,1.0857142857142856,0.95,0.34285714285714286,1.6571428571428573,0.2857142857142857,0.9714285714285714,1.8857142857142857,1.4857142857142858,0.05863429542098727,0.4460687744830336,0.2857142857142857,0.05714285714285714,0.7428571428571429,-2.4310957165434957,22.914285714285715,0.11428571428571428,0.11428571428571428,1.320682302771855,0.37586856321854967,0.4170575692963753,1.362313759859772,0.2348816827344435,1.1816631130063966,1.8072494669509596,0.06582450593389959,0.5355930253378933,0.34754797441364604,0.06950959488272922,0.9036247334754798,True,56.0,55.0,16.0,34.0,18.0,77.0,39.6,16.0,True
Javi Puado,11.581855541095138,3.927182560786605,16.551777381449938,86.0,8.0,54.0,86.0,13.0,7.0,18.0,32.0,15.0,138.0,26.0,33.0,38.0,11.0,26.0,1376.0,14.0,4,13.977392830460847,4.752935514351698,20.09039641521785,104.53319664359533,65.44263771688631,104.53319664359533,8.449819853986916,38.56316962169337,17.977600265478337,114.07361963190183,21.374233128834355,40.093178154925575,46.31173556461553,9.059304703476483,31.568016971650707,1667.1819119180811,40.5,40.5,27.0,ESP-La Liga,Espanyol,"MF,FW",2,,,,,,,33.09,171.0,,,,,,,,19.230769230769,38.030095759234,81.725423994975,15.1173708920185,0.2859717417554355,0.13467273884994346,2.123456790123457,1.3333333333333333,0.627906976744186,0.37037037037037035,3.4074074074074074,0.6419753086419753,0.8148148148148148,0.2716049382716049,0.9382716049382716,0.0969674706367063,0.4086858612703688,0.7901234567901234,0.1728395061728395,0.6419753086419753,-3.5818555410951376,4.222222222222222,0.345679012345679,0.4444444444444444,1.61586759794781,0.3451208106286629,0.443891364579712,2.816632583503749,0.527758842687268,0.9899550161710018,1.1434996435707538,0.11735643245312835,0.4960591707461197,0.9521770276961325,0.20863752725893622,0.7794572091765607,True,56.0,43.0,33.0,27.0,46.0,22.0,39.4,22.0,False
Mathias Pereira Lage,0.0,0.0,0.0,0.0,0.0,50.0,79.0,2.0,13.0,13.0,47.0,24.0,143.0,75.0,60.0,41.0,85.0,25.0,1707.0,4.0,9,0.0,0.0,0.0,0.0,52.97408979227161,83.73000893455439,13.498380612016975,49.67003573821755,25.24916238552602,136.13905930470347,71.12474437627812,63.532499441590346,43.51703149430422,80.44989775051124,26.62357605539424,1809.2836162608892,39.9,39.9,28.0,FRA-Ligue 1,Brest,"MF,FW",2,3100000.0,5600000.0,2028.0,84.0,78.0,69.0,34.86,550.0,64.0,68.0,68.0,74.0,RW,73.0,73.0,43.786795626577,47.881188899400996,69.78397747907451,5.10335917312665,0.0,,0.0,1.2531328320802007,0.6329113924050633,0.6015037593984962,3.5839598997493733,1.8796992481203008,1.5037593984962407,2.130325814536341,1.0275689223057645,0.0,0.0,1.1779448621553885,0.32581453634085217,0.6265664160401003,0.0,13.784461152882207,0.10025062656641605,0.32581453634085217,1.3276714233652034,0.0,0.6328110873565419,3.4120064988647485,1.7825750470245143,1.5922932190874775,1.0906524184036146,0.0,0.0,1.2448630510831467,0.33830527849666603,0.6672575452479759,True,7.0,14.0,70.0,71.0,29.0,53.0,39.2,7.0,False
Jørgen Strand Larsen,16.681553062051535,4.045188193209469,23.637788143008947,98.0,17.0,89.0,98.0,16.0,7.0,18.0,31.0,17.0,79.0,19.0,40.0,61.0,147.0,19.0,1622.0,18.0,5,17.587434072397762,4.198900003972938,24.920954016578854,105.16915693551208,95.13822935084617,105.16915693551208,7.242315464278081,32.77450599413216,18.163983717722033,73.69734151329243,17.713701431492844,43.30899897021392,65.41361940661005,135.92433537832312,20.700813142401927,1753.3410583480677,54.3,44.3,25.0,ENG-Premier League,Wolves,FW,2,,,,,,,34.8,434.0,,,,,,,,39.667723376775996,26.3513513513515,64.845756331434,17.50841750841755,0.30721092195306693,0.1702199292046075,1.8047882136279927,1.6390423572744015,0.9081632653061225,0.3130755064456722,1.4548802946593002,0.34990791896869244,0.7366482504604052,2.707182320441989,1.1233885819521179,0.07449702013277108,0.43531838200753126,0.570902394106814,0.1289134438305709,0.34990791896869244,0.31844693794846535,7.992633517495396,0.33149171270718236,0.423572744014733,1.75208525508004,0.3238938134879883,0.33451167067628057,1.3572254422337464,0.32621917921717947,0.7975874580149894,1.2046707073040526,0.07732780854462132,0.4589494294029255,0.603582062507038,0.13337597540106966,0.38123044461145356,True,76.0,59.0,10.0,30.0,19.0,33.0,39.2,10.0,False
Amine Sbai,3.5869993288069963,2.760798776522279,8.644016150385141,34.0,3.0,22.0,34.0,2.0,4.0,4.0,29.0,13.0,74.0,20.0,24.0,43.0,3.0,37.0,1011.0,3.0,1,4.186259359872604,3.222030075702612,10.08812386047335,39.68019093078759,25.675417661097853,39.68019093078759,4.668257756563246,33.84486873508353,15.17183770883055,63.40695296523517,17.137014314928425,28.009546539379475,50.18377088305489,2.570552147239264,43.18138424821002,1179.9021479713604,20.2,20.2,24.0,FRA-Ligue 1,Angers,"MF,FW",1,3000000.0,6200000.0,2027.0,76.0,74.0,65.0,34.23,338.0,56.0,69.0,38.0,71.0,RM,72.0,74.0,20.0,38.028169014085,72.145328719723,8.8235294117647,0.17757422419836616,0.1054999802590293,1.6831683168316833,1.0891089108910892,0.6470588235294118,0.6435643564356436,3.6633663366336635,0.9900990099009901,1.188118811881188,0.1485148514851485,2.128712871287129,0.13667320675852865,0.42792159160322485,1.4356435643564356,0.19801980198019803,1.8316831683168318,-0.5869993288069963,16.73267326732673,0.1485148514851485,0.19801980198019803,1.271060280252369,0.2072405623699309,0.7510810746945817,3.1389580675858997,0.8483670452934864,1.386611214820766,2.484345093220539,0.15950643939121842,0.4994120723006609,1.675488551241759,0.2311018691367944,2.1376922895153476,True,15.0,20.0,68.0,27.0,60.0,64.0,39.0,15.0,True
Cameron Archer,6.166471207514405,0.4734852155670523,7.4672291576862335,29.0,2.0,27.0,29.0,2.0,0.0,10.0,5.0,7.0,35.0,13.0,13.0,26.0,9.0,15.0,452.0,2.0,0,6.217328702009369,0.4773902482727599,7.528814552801171,29.23917525773196,27.222680412371133,29.23917525773196,0.0,5.041237113402062,7.057731958762886,34.713701431492844,12.893660531697344,13.10721649484536,26.21443298969072,8.92638036809816,15.123711340206183,455.7278350515464,16.0,16.0,23.0,ENG-Premier League,Southampton,FW,1,,,,,,,,0.0,,,,,,,,23.076923076923,37.614678899083,82.995951417004,6.8965517241379,0.38540445046965033,0.2126369381901519,1.8125,1.6875,0.9310344827586207,0.4375,2.1875,0.8125,0.8125,0.5625,1.625,0.02959282597294077,0.4667018223553896,0.3125,0.0,0.9375,-4.166471207514405,0.0,0.125,0.125,1.7014175257731958,0.38858304387558557,0.4411082474226804,2.1696063394683027,0.805853783231084,0.819201030927835,1.63840206185567,0.029836890517047493,0.47055090955007317,0.31507731958762886,0.0,0.9452319587628865,True,56.0,65.0,30.0,19.0,18.0,30.0,38.6,18.0,True
Gaetano Oristanio,8.092138422653079,2.9299946054816246,12.317715354263783,67.0,4.0,38.0,68.0,3.0,2.0,10.0,43.0,20.0,114.0,26.0,91.0,98.0,24.0,70.0,1308.0,4.0,3,8.82693354189585,3.1901432934277354,13.433552391218383,73.15301843063679,41.48878309638711,74.25935327226574,2.1685144124168514,46.843836221167635,21.79553230127118,104.58895705521473,23.813905930470348,99.1089584733774,106.83122472935959,21.969325153374236,76.2291689658978,1426.3992284616388,35.2,35.2,22.0,ITA-Serie A,Parma,"FW,MF",2,4900000.0,0.0,,85.0,83.0,73.0,34.79,165.0,60.0,70.0,70.0,75.0,CAM,73.0,79.0,37.8351539225425,43.1332825590255,79.67999458764649,5.492424242424249,0.22989029609809883,0.12077818541273252,1.9034090909090908,1.0795454545454544,0.5588235294117647,0.5681818181818181,3.2386363636363633,0.7386363636363635,2.5852272727272725,0.6818181818181818,2.7840909090909087,0.08323848311027342,0.3499350952915847,1.221590909090909,0.056818181818181816,1.9886363636363635,-4.092138422653079,4.6875,0.11363636363636363,0.19886363636363635,1.1786586106928154,0.250765157440223,0.6191912585588403,2.9712771890686,0.6765314184792712,2.815595411175494,3.0349779752658974,0.09062907083601521,0.3816350111141586,1.3307908017377168,0.061605523080024184,2.165601391076642,True,21.0,21.0,53.0,59.0,34.0,56.0,38.6,21.0,False
Jeremie Boga,7.660908833146095,3.9747515451163054,14.623953092843294,54.0,5.0,39.0,54.0,5.0,5.0,8.0,39.0,8.0,58.0,17.0,24.0,25.0,6.0,47.0,959.0,5.0,2,7.141386680813779,3.7901799895780433,13.733709992045647,51.25921052631579,36.71968201754386,51.25921052631579,4.7863377192982455,37.44174342105263,7.874758771929824,59.23108384458078,17.95910020449898,23.44376096491228,24.292719298245615,6.447852760736197,44.41392543859649,919.5720065789474,26.4,19.2,28.0,ITA-Serie A,Juventus,"MF,FW",2,7500000.0,0.0,,84.0,88.0,68.0,33.52,144.0,64.0,74.0,59.0,71.0,LW,76.0,76.0,35.064935064935,50.242587601078,84.05648947448151,10.00000000000015,0.29018594064947334,0.14186868209529807,2.0454545454545454,1.4772727272727273,0.7222222222222222,0.30303030303030304,2.1969696969696972,0.6439393939393939,0.9090909090909092,0.2272727272727273,0.946969696969697,0.15055877064834491,0.5539376171531551,1.4772727272727273,0.1893939393939394,1.7803030303030305,-2.6609088331460953,5.454545454545455,0.1893939393939394,0.26515151515151514,1.3908970461190857,0.2705070712429462,0.29828631711855397,2.243601660779575,0.680268947140113,0.8880212486709197,0.9201787612971825,0.14356742384765317,0.5202162875774866,1.418247856858054,0.1813006711855396,1.6823456605528975,True,35.0,33.0,19.0,52.0,60.0,40.0,38.5,19.0,False
Dany Mota,4.940644808113575,1.9611132070422173,9.050512425601482,42.0,5.0,36.0,42.0,5.0,3.0,2.0,22.0,11.0,61.0,13.0,36.0,29.0,62.0,13.0,891.0,5.0,2,4.981392394159872,1.9772873365848331,9.125155827049742,42.34639175257732,36.29690721649485,42.34639175257732,3.024742268041237,22.18144329896907,11.090721649484536,60.50102249488753,12.893660531697344,36.29690721649485,29.23917525773196,61.492842535787325,13.10721649484536,898.3484536082474,23.4,23.4,26.0,ITA-Serie A,Monza,"MF,FW",1,,,,,,,,0.0,,,,,,,,46.268656716418,42.253521126761,75.954198473282,11.904761904762,0.21113866701340064,0.11763440019318036,1.794871794871795,1.5384615384615385,0.8571428571428571,0.47008547008547014,2.606837606837607,0.5555555555555556,1.5384615384615385,2.64957264957265,1.2393162393162394,0.08380825671120587,0.3867740352821147,0.9401709401709403,0.12820512820512822,0.5555555555555556,0.05935519188642502,0.0,0.2136752136752137,0.29914529914529914,1.5511498810467885,0.212880016844439,0.47396246365318534,2.5855137818328005,0.5510111338332199,1.5511498810467885,1.2495374041765797,0.08449945882841167,0.389963924232895,0.9479249273063707,0.12926249008723237,0.5601374570446735,True,34.0,41.0,34.0,62.0,27.0,17.0,38.3,17.0,True
Albert Guðmundsson,0.0,0.0,0.0,0.0,0.0,39.0,68.0,8.0,11.0,11.0,47.0,21.0,125.0,17.0,48.0,43.0,7.0,35.0,1875.0,11.0,5,0.0,0.0,0.0,0.0,37.34908483941522,65.12306895360885,10.53204788764821,45.00466213882814,20.11465408081041,130.51533742331287,17.746421267893663,45.9672384022102,41.174997122136524,7.306748466257669,33.521296189708764,1795.5293426959825,39.1,39.1,28.0,ITA-Serie A,Fiorentina,"FW,MF",2,14500000.0,24700000.0,2029.0,87.0,86.0,79.0,35.14,379.0,71.0,80.0,70.0,75.0,CF,78.0,78.0,22.5,43.354430379747,86.7892374407225,17.208672086721002,0.0,,0.0,0.9974424552429667,0.5735294117647058,0.5370843989769821,3.19693094629156,0.43478260869565216,1.227621483375959,0.17902813299232737,1.0997442455242967,0.0,0.0,1.2020460358056266,0.2813299232736573,0.8951406649616368,0.0,9.69309462915601,0.2813299232736573,0.4092071611253197,0.9552195611103637,0.0,0.5144412808391409,3.337988169394191,0.4538726666980476,1.1756326957087007,1.0530689801057935,0.0,0.0,1.1510143769521262,0.2693618385587777,0.8573221531894825,True,71.0,4.0,43.0,41.0,32.0,55.0,38.3,4.0,False
Andrea Pinamonti,17.943907929584384,3.6220212131738667,24.402752825058997,152.0,19.0,126.0,151.0,18.0,6.0,19.0,32.0,18.0,96.0,21.0,76.0,65.0,143.0,16.0,1818.0,19.0,4,19.092440852711405,3.859311926188183,26.00154778671456,161.98333902939163,134.21317498291182,160.9248974709501,6.378503075871496,34.07903280929597,19.163362952836636,90.04907975460124,19.717791411042946,81.04041353383458,69.27221462747778,134.04907975460122,17.08826042378674,1938.7306903622693,60.099999999999994,60.099999999999994,26.0,ITA-Serie A,Sassuolo,FW,2,6500000.0,12200000.0,2027.0,69.0,70.0,78.0,34.02,395.0,68.0,62.0,78.0,74.0,ST,75.0,76.0,40.114533707498495,45.1596516690855,68.574481074481,12.5791139240505,0.29856751962702804,0.11805202585252884,2.5291181364392683,2.096505823627288,0.8344370860927153,0.2995008319467554,1.5973377703826956,0.34941763727121466,1.2645590682196342,2.3793677204658903,1.0815307820299502,0.060266575926353864,0.4060358207164559,0.5324459234608986,0.09983361064891848,0.2662229617304493,1.056092070415616,6.572379367720466,0.31613976705490854,0.38269550748752085,2.2331643091998643,0.31767788440451594,0.31885795262623357,1.4983207945857113,0.32808305176444175,1.3484261819273642,1.1526158839846554,0.06421484070196644,0.43263806633468493,0.5670388154624953,0.10613149876658064,0.284330456302608,True,41.0,66.0,11.0,59.0,16.0,17.0,38.3,11.0,False
Eren Dinkçi,5.189162479713559,3.5644064471125603,13.216162528842688,43.0,3.0,27.0,43.0,3.0,6.0,5.0,34.0,15.0,136.0,46.0,11.0,24.0,10.0,27.0,1251.0,3.0,4,5.824736095525326,3.745700355902078,14.256437193987448,47.50324958351091,29.945590058502194,47.50324958351091,6.173835767695943,35.78077660687304,16.105967416992755,125.0081799591002,42.59100204498978,11.791150091046454,26.03809906628957,9.443762781186095,28.752029173608154,1354.9047402270348,28.700000000000003,25.9,23.0,GER-Bundesliga,Heidenheim,"MF,FW",2,4800000.0,0.0,,85.0,84.0,74.0,35.89,370.0,59.0,75.0,64.0,74.0,CAM,73.0,79.0,29.285714285714498,40.776699029126,74.30068441562699,5.1724137931035,0.18080705504228428,0.1206781972026409,1.4982578397212543,0.940766550522648,0.627906976744186,0.5226480836236933,4.738675958188153,1.602787456445993,0.38327526132404177,0.3484320557491289,0.8362369337979093,0.1241953465892878,0.46049346790392637,1.1846689895470381,0.20905923344947733,0.940766550522648,-2.189162479713559,12.891986062717768,0.10452961672473866,0.2439024390243902,1.0434003504704596,0.20295247719600437,0.5611835336931272,4.355685712860634,1.4840070398951142,0.4108414665869844,0.9072508385466748,0.13051220752272047,0.49673997191593894,1.2467169549433115,0.21511622883957987,1.0018128631919216,True,22.0,14.0,65.0,28.0,52.0,74.0,38.1,14.0,False
Bamba Dieng,0.0,0.0,0.0,0.0,0.0,49.0,60.0,13.0,2.0,12.0,12.0,4.0,34.0,11.0,26.0,31.0,38.0,8.0,554.0,13.0,1,0.0,0.0,0.0,0.0,53.98534066122064,66.16276036097686,2.154185022026432,13.034910825028868,4.418170736923143,31.13701431492843,9.869120654396728,29.43181429365724,34.487874770112484,34.42126789366053,8.836341473846286,616.6929772037124,19.4,19.4,25.0,FRA-Ligue 1,Angers,FW,2,5500000.0,11400000.0,2029.0,80.0,82.0,74.0,33.82,200.0,69.0,69.0,72.0,75.0,ST,74.0,77.0,39.705882352941,36.677206093705,78.5260177369375,21.583850931677,0.0,,0.0,2.525773195876289,0.8166666666666667,0.2061855670103093,1.752577319587629,0.5670103092783506,1.3402061855670104,1.9587628865979383,1.597938144329897,0.0,0.0,0.6185567010309279,0.10309278350515465,0.4123711340206186,0.0,10.309278350515465,0.6701030927835052,0.7216494845360826,2.782749518619621,0.0,0.22774075963521356,1.6050007378829088,0.508717559504986,1.517103829569961,1.7777255036140456,0.0,0.0,0.671902619846849,0.11104046505290886,0.4554815192704271,True,70.0,55.0,9.0,43.0,12.0,28.0,38.0,9.0,True
Ransford Königsdörffer,7.340213228948414,1.2930769845843315,10.459908859804273,65.0,5.0,53.0,65.0,4.0,0.0,11.0,20.0,10.0,53.0,6.0,32.0,25.0,46.0,15.0,805.0,5.0,1,7.906088698140472,1.392763536259335,11.266289498775969,70.01101321585902,57.08590308370044,70.01101321585902,0.0,21.541850220264315,10.770925110132158,49.20654396728017,5.570552147239264,34.46696035242291,26.9273127753304,42.70756646216769,16.15638766519824,867.0594713656387,25.9,25.9,23.0,GER-Bundesliga,Hamburger SV,"FW,MF",1,3200000.0,6400000.0,2029.0,81.0,85.0,70.0,36.1,486.0,64.0,66.0,68.0,69.0,ST,70.0,77.0,39.655172413793,40.458015267176,70.560747663551,7.6923076923077,0.28340591617561445,0.11292635736843715,2.50965250965251,2.0463320463320462,0.8153846153846154,0.3861003861003861,2.0463320463320462,0.23166023166023167,1.2355212355212355,1.776061776061776,0.9652509652509653,0.04992575230055334,0.40385748493452794,0.7722007722007722,0.0,0.5791505791505792,-2.3402132289484143,18.764478764478767,0.19305019305019305,0.23166023166023167,2.204088922150596,0.3052543898895935,0.415865834368037,1.8998665624432498,0.21507923348414146,1.3307706699777186,1.0396645859200928,0.05377465390962683,0.4349918725396127,0.831731668736074,0.0,0.6237987515520556,True,18.0,64.0,19.0,51.0,16.0,72.0,37.7,16.0,False
Amin Sarr,6.41194935888052,3.489425959996879,12.441402991302311,42.0,4.0,30.0,42.0,3.0,3.0,6.0,37.0,15.0,82.0,37.0,42.0,47.0,104.0,24.0,1245.0,4.0,2,8.02566557321803,4.344512851183399,15.524844712997892,52.17395580238343,37.34120097188476,52.17395580238343,3.743549693393497,46.044718269119514,18.67060048594238,66.12269938650307,29.742331288343564,52.03251185930811,58.397489297697554,83.47239263803681,29.854101585097766,1549.4712484091172,33.4,33.4,24.0,ITA-Serie A,Hellas Verona,"FW,MF",2,2900000.0,5400000.0,2029.0,85.0,86.0,68.0,,0.0,71.0,65.0,64.0,68.0,ST,71.0,76.0,38.894230769231,41.605473965287004,73.0751064653505,8.695652173913,0.1919745317030096,0.15266546092572666,1.25748502994012,0.8982035928143713,0.7142857142857143,0.44910179640718567,2.4550898203592815,1.1077844311377245,1.25748502994012,3.1137724550898205,1.407185628742515,0.10447383113763112,0.3724970955479734,1.1077844311377245,0.08982035928143713,0.718562874251497,-2.41194935888052,0.0,0.11976047904191617,0.17964071856287425,1.118000029098346,0.2402893884197015,0.559000014549173,1.9797215385180562,0.8904889607288493,1.557859636506231,1.748427823284358,0.13007523506537125,0.46481570996999677,1.3785843793149555,0.1120823261495059,0.8938353767993343,True,36.0,24.0,41.0,50.0,45.0,28.0,37.7,24.0,False
Brajan Gruda,4.544111154973507,5.34490623138845,12.698620829731226,32.0,4.0,21.0,33.0,4.0,9.0,3.0,40.0,9.0,68.0,24.0,24.0,39.0,8.0,34.0,856.0,4.0,7,4.144775693962005,4.907006017244868,11.616044371111812,29.301561504142768,19.19327597195666,30.20711705969832,8.267739536859995,36.8992245591672,8.238304652644997,74.18813905930472,25.946830265848668,22.08655194391332,35.93479923518165,8.730061349693251,31.171542383683875,786.7528999362651,24.0,16.0,21.0,ENG-Premier League,Brighton,"MF,FW",2,12500000.0,0.0,,76.0,78.0,68.0,33.74,133.0,62.0,65.0,51.0,74.0,CAM,75.0,85.0,35.4166666666665,47.7002164502165,78.3817126269955,11.363636363636552,0.18933796479056278,0.1420034735929221,1.3333333333333333,0.875,0.6363636363636364,0.375,2.8333333333333335,1.0,1.0,0.3333333333333333,1.625,0.22270442630785206,0.5291092012388011,1.6666666666666667,0.375,1.4166666666666667,-0.5441111549735069,5.541666666666667,0.16666666666666666,0.4583333333333333,0.7997198321648608,0.1726989872484169,0.3432626938602082,3.0911724608043634,1.0811179277436944,0.920272997663055,1.4972833014659022,0.20445858405186948,0.4840018487963255,1.5374676899653001,0.34448914736916647,1.298814265986828,True,39.0,10.0,34.0,45.0,70.0,37.0,37.2,10.0,True
Sekou Mara,5.191138656809926,2.2091533560305834,7.708695709705353,52.0,4.0,37.0,52.0,4.0,3.0,3.0,14.0,8.0,46.0,22.0,43.0,40.0,54.0,28.0,820.0,4.0,3,5.487822743451006,2.3074600961380574,8.230933978400527,55.30345232087079,39.42210794811288,55.30345232087079,3.2038383369934396,14.905296468566283,8.635467106788699,43.95910020449898,20.89161554192229,45.69193730989047,42.48809897289703,50.88752556237219,29.672745624923273,865.9746020487498,22.1,22.1,23.0,FRA-Ligue 1,Strasbourg,"FW,MF",2,3300000.0,0.0,,76.0,77.0,70.0,35.13,289.0,73.0,68.0,73.0,69.0,ST,70.0,77.0,42.452574525745,44.2285714285715,71.4845465683445,7.17703349282295,0.23489315189185184,0.09982958955403703,2.352941176470588,1.67420814479638,0.7115384615384616,0.36199095022624433,2.0814479638009047,0.9954751131221719,1.9457013574660633,2.443438914027149,1.8099547511312215,0.09996169031812593,0.3488097606201517,0.6334841628959276,0.13574660633484162,1.2669683257918551,-1.191138656809926,13.076923076923077,0.18099547511312217,0.3167420814479638,1.78380578950737,0.2483177711968781,0.3907451179542398,1.9890995567646597,0.9453219702227281,2.0675084755606545,1.9225384150632139,0.10440995910126956,0.37244045151133603,0.674447804007524,0.14497006049744068,1.3426581730734513,True,13.0,42.0,26.0,63.0,24.0,71.0,36.7,13.0,True
Martin Satriano,5.176907339133322,2.6399495899677277,9.604317327030003,40.0,6.0,31.0,40.0,4.0,5.0,1.0,17.0,9.0,59.0,26.0,32.0,39.0,46.0,26.0,804.0,6.0,1,6.151826591908525,3.162864381519634,11.359912715324588,47.09403536844428,36.45881038430766,47.09403536844428,6.082089552238806,20.054032057825474,10.635224984136618,50.20858895705521,22.226993865030675,38.61283692443512,46.81522608767622,39.23721881390593,31.314329461748557,960.4979722459789,26.5,18.8,24.0,FRA-Ligue 1,Lens,FW,2,8000000.0,17400000.0,2030.0,74.0,69.0,77.0,34.56,285.0,79.0,69.0,73.0,77.0,ST,75.0,79.0,43.4684684684685,42.656537753223,64.479813664596,8.5714285714285,0.19535499392955932,0.12942268347833305,1.509433962264151,1.169811320754717,0.775,0.33962264150943394,2.2264150943396226,0.9811320754716981,1.2075471698113207,1.7358490566037736,1.471698113207547,0.0996207392440652,0.3624270689445284,0.6415094339622641,0.18867924528301888,0.9811320754716981,0.8230926608666778,10.754716981132075,0.22641509433962265,0.2641509433962264,1.3758041654455722,0.2321443996946613,0.4013292446844007,1.8946637342284987,0.8387544854728557,1.4570881858277405,1.766612305195329,0.11935337288753337,0.4286759515216826,0.7567559267103953,0.2295128132920304,1.181672809877304,True,34.0,33.0,25.0,54.0,33.0,52.0,36.7,25.0,False
Giacomo Raspadori,8.571365582756698,3.3904987117275596,14.492626149207354,70.0,9.0,35.0,49.0,5.0,4.0,4.0,32.0,8.0,56.0,20.0,27.0,13.0,8.0,10.0,726.0,6.0,2,7.642611720926956,3.024863311103758,12.920504791314574,62.41973244147157,31.297479694218826,43.81647157190635,3.5629479216435738,28.620401337792647,7.145365504061156,62.68711656441718,22.355828220858896,24.11317486860965,11.603917821309125,8.969325153374234,8.946309125656951,648.8653846153846,23.700000000000003,21.1,25.0,ITA-Serie A,Atalanta,"MF,FW",2,19000000.0,33700000.0,2030.0,80.0,83.0,79.0,31.83,60.0,56.0,80.0,69.0,80.0,CAM,78.0,81.0,30.625,55.142857142857494,77.6836067158645,7.142857142857,0.3616609950530252,0.12244807975366712,2.953586497890295,1.4767932489451474,0.7142857142857143,0.33755274261603374,2.362869198312236,0.8438818565400843,1.1392405063291138,0.33755274261603374,0.5485232067510548,0.14305901737247084,0.6115032130467237,1.350210970464135,0.16877637130801687,0.42194092827004215,0.42863441724330187,2.531645569620253,0.2531645569620253,0.33755274261603374,1.3205687634691485,0.3224730683935424,0.30149221536123016,2.645026015376252,0.9432838911754807,1.0174335387599007,0.4896167857092457,0.1276313633377113,0.5451689785364798,1.2076118707929386,0.1503353553436107,0.3774813977070443,True,30.0,35.0,26.0,56.0,51.0,8.0,36.6,8.0,True
Arthur Atta,5.778392489999533,4.999579049646854,19.33616640418768,83.0,5.0,46.0,83.0,4.0,7.0,5.0,52.0,21.0,168.0,47.0,46.0,88.0,35.0,90.0,2549.0,5.0,4,6.140457320634781,5.297923252727989,20.557942628080355,88.06144067796609,48.856378233719894,88.06144067796609,7.433876003568242,55.10883140053524,22.265276538804635,158.5276073619632,44.48261758691207,48.8200267618198,93.56868867082962,33.0961145194274,95.53166815343442,2701.332404103479,42.3,42.3,22.0,ITA-Serie A,Udinese,"MF,FW",2,9500000.0,19000000.0,2029.0,72.0,70.0,66.0,35.99,490.0,72.0,76.0,60.0,70.0,CAM,74.0,82.0,44.451871657754,44.3439278428,82.7697159762545,4.3859649122807,0.13660502340424427,0.06961918662650039,1.9621749408983453,1.0874704491725768,0.5542168674698795,0.4964539007092199,3.9716312056737593,1.1111111111111112,1.0874704491725768,0.8274231678486998,2.080378250591017,0.11819335814767978,0.45711977314864494,1.2293144208037825,0.16548463356973997,2.127659574468085,-0.7783924899995327,11.583924349881798,0.1182033096926714,0.2127659574468085,1.1549971213645367,0.14516447566512486,0.526365875621859,3.7476975735688702,1.0515985245132877,1.1541377485063782,2.2120257368990455,0.1252464125940423,0.48600337182223063,1.3028092529677362,0.17574174949333907,2.2584318712395848,True,2.0,11.0,55.0,48.0,53.0,87.0,36.5,2.0,False
Jan Thielmann,2.051962135359645,0.9982307981699704,7.126834977418184,27.0,3.0,22.0,28.0,3.0,1.0,3.0,14.0,6.0,61.0,18.0,23.0,16.0,19.0,8.0,727.0,3.0,1,2.13491379615078,1.0385848091598202,7.414941072249983,28.091489361702127,22.88936170212766,29.13191489361702,1.0404255319148936,14.56595744680851,6.242553191489361,58.62985685071575,17.300613496932517,23.929787234042557,16.646808510638298,18.261758691206545,8.323404255319149,756.3893617021276,17.1,17.1,23.0,GER-Bundesliga,Köln,"MF,FW",1,3500000.0,6600000.0,2028.0,81.0,84.0,69.0,35.02,268.0,58.0,62.0,60.0,67.0,RM,72.0,77.0,55.882352941176,46.601941747573,75.12315270936,10.714285714286,0.11999778569354648,0.07599859760591278,1.5789473684210524,1.286549707602339,0.7857142857142857,0.3508771929824561,3.567251461988304,1.0526315789473684,1.3450292397660817,1.111111111111111,0.935672514619883,0.058376070068419314,0.41677397528761306,0.8187134502923976,0.05847953216374269,0.4678362573099415,0.9480378646403551,15.67251461988304,0.17543859649122806,0.23391812865497075,1.3385591638671144,0.12484876000881753,0.36506159014557665,3.428646599457061,1.011731783446346,1.3994027622247107,0.9734975737215378,0.06073595375203626,0.4336222849268995,0.8518103770063455,0.06084359835759611,0.4867487868607689,True,15.0,24.0,37.0,73.0,21.0,53.0,35.4,15.0,True
Carlos Martín,3.629629352129996,3.1670682169497018,6.5066955694928765,35.0,2.0,25.0,35.0,2.0,4.0,2.0,16.0,7.0,74.0,54.0,33.0,24.0,22.0,13.0,879.0,2.0,2,3.7278874696418045,3.322951430337791,6.611191908349356,36.292393389861985,25.82859441728044,36.292393389861985,4.152429287615275,16.775168657547813,7.2253883765550535,71.73824130879345,51.869120654396724,34.795259020857834,25.080027232778367,21.38650306748466,13.37130655443461,916.2603577396794,19.8,19.8,23.0,ESP-La Liga,Rayo Vallecano,"MF,FW",2,3200000.0,0.0,,76.0,74.0,73.0,34.08,102.0,69.0,62.0,63.0,67.0,ST,70.0,77.0,42.857142857143,39.6806282722515,75.503421309873,3.84615384615385,0.18331461374393918,0.10370369577514274,1.7676767676767675,1.2626262626262625,0.7142857142857143,0.35353535353535354,3.7373737373737375,2.727272727272727,1.6666666666666665,1.1111111111111112,1.2121212121212122,0.15995294024998494,0.32862098835822606,0.8080808080808081,0.20202020202020202,0.6565656565656566,-1.6296293521299958,5.151515151515151,0.10101010101010101,0.20202020202020202,1.304474465519214,0.18827714493140427,0.36491860487651784,3.6231435004441135,2.6196525583028647,1.7573363141847391,1.2666680420595133,0.16782582981503993,0.33389858122976546,0.8472307402801925,0.20971865088966035,0.6753185128502328,True,13.0,22.0,47.0,59.0,42.0,26.0,35.3,13.0,True
Gauthier Hein,3.4557200483977795,4.457953127101064,9.394331835210323,44.0,3.0,27.0,44.0,7.0,7.0,2.0,58.0,15.0,99.0,18.0,17.0,36.0,7.0,9.0,1847.0,8.0,7,3.4557200483977795,4.457953127101064,9.394331835210323,44.0,27.0,44.0,7.0,58.0,15.0,99.0,18.0,17.0,36.0,7.0,9.0,1847.0,26.1,26.1,28.0,FRA-Ligue 1,Metz,"MF,FW",1,7500000.0,15000000.0,2028.0,77.0,78.0,74.0,34.08,356.0,46.0,73.0,38.0,75.0,CAM,76.0,76.0,35.0,34.375,89.825783972125,18.181818181818,0.13240306698842066,0.07853909200904044,1.685823754789272,1.0344827586206895,0.6136363636363636,0.5747126436781609,3.7931034482758617,0.689655172413793,0.6513409961685823,0.2681992337164751,1.379310344827586,0.17080280180463844,0.35993608564024226,2.2222222222222223,0.2681992337164751,0.3448275862068965,-0.45572004839777946,13.639846743295019,0.3065134099616858,0.5747126436781609,1.0344827586206895,0.13240306698842066,0.5747126436781609,3.7931034482758617,0.689655172413793,0.6513409961685823,1.379310344827586,0.17080280180463844,0.35993608564024226,2.2222222222222223,0.2681992337164751,0.3448275862068965,True,36.0,9.0,54.0,23.0,63.0,31.0,35.0,9.0,False
Habib Diallo,5.168040789663792,0.7432543095201254,6.45493212621659,38.0,4.0,30.0,38.0,3.0,0.0,5.0,12.0,8.0,39.0,9.0,29.0,26.0,72.0,13.0,545.0,4.0,1,5.168040789663792,0.7432543095201254,6.45493212621659,38.0,30.0,38.0,0.0,12.0,8.0,39.0,9.0,29.0,26.0,72.0,13.0,545.0,21.2,21.2,30.0,FRA-Ligue 1,Metz,FW,1,2300000.0,4600000.0,2028.0,71.0,69.0,71.0,35.34,305.0,81.0,61.0,77.0,72.0,ST,72.0,72.0,49.315068493151,44.347826086957,66.666666666667,10.526315789474,0.24377550894640526,0.13600107341220505,1.7924528301886793,1.4150943396226416,0.7894736842105263,0.37735849056603776,1.839622641509434,0.42452830188679247,1.3679245283018868,3.3962264150943398,1.2264150943396226,0.03505916554340214,0.3044779304819146,0.5660377358490566,0.0,0.6132075471698113,-1.1680407896637917,14.38679245283019,0.18867924528301888,0.2358490566037736,1.4150943396226416,0.24377550894640526,0.37735849056603776,1.839622641509434,0.42452830188679247,1.3679245283018868,1.2264150943396226,0.03505916554340214,0.3044779304819146,0.5660377358490566,0.0,0.6132075471698113,True,37.0,36.0,18.0,64.0,6.0,60.0,34.8,6.0,True
Goduine Koyalipou,9.144817044958472,1.2456885483115911,10.899056028574705,64.0,5.0,42.0,52.0,5.0,3.0,7.0,11.0,3.0,25.0,7.0,7.0,27.0,24.0,21.0,469.0,5.0,1,8.954936009089915,1.2059704047618216,10.744440630522154,63.63844908438805,40.06849333198046,49.63367581469831,2.9748278402498687,10.205881444686096,2.9748278402498687,25.16359918200409,6.746421267893661,6.590354642467983,27.299816039421387,24.805725971370144,21.35016035892165,454.44971523608274,19.9,17.200000000000003,25.0,FRA-Ligue 1,Angers,FW,2,3100000.0,0.0,,75.0,73.0,73.0,33.53,56.0,78.0,68.0,71.0,73.0,ST,72.0,75.0,44.0650406504065,38.7700534759355,63.99782135076249,9.76190476190475,0.45953854497278757,0.14288776632747613,3.2160804020100504,2.1105527638190957,0.8076923076923077,0.15075376884422112,1.256281407035176,0.35175879396984927,0.35175879396984927,1.206030150753769,1.35678391959799,0.06259741448801966,0.5476912577173219,0.5527638190954774,0.15075376884422112,1.0552763819095479,-4.144817044958472,2.814070351758794,0.2512562814070352,0.30150753768844224,2.013492127235199,0.44999678437637763,0.14948883619346076,1.2645024714574922,0.3390161441152594,0.3311736001240193,1.3718500522322306,0.060601527877478474,0.5399216397247314,0.5128583640545777,0.14948883619346076,1.072872379845309,True,39.0,72.0,4.0,32.0,23.0,28.0,34.8,4.0,True
Adrián Liso,2.757198302075267,0.1507773920893669,3.0900558568537235,26.0,3.0,15.0,26.0,1.0,0.0,2.0,4.0,12.0,53.0,28.0,43.0,26.0,36.0,15.0,669.0,3.0,0,3.353905397300511,0.1834083202281105,3.758799288560872,31.62686567164179,18.246268656716417,31.62686567164179,0.0,4.865671641791045,14.597014925373134,43.57055214723926,23.018404907975462,52.30597014925373,31.62686567164179,29.59509202453988,18.246268656716417,813.7835820895522,18.9,18.9,20.0,ESP-La Liga,Getafe,"FW,MF",1,5000000.0,0.0,,83.0,82.0,69.0,34.49,423.0,75.0,63.0,62.0,74.0,LM,72.0,83.0,30.508474576271,43.147208121827,68.978102189781,11.538461538462,0.14588350804631042,0.10604608854135641,1.3756613756613758,0.7936507936507937,0.5769230769230769,0.634920634920635,2.8042328042328046,1.4814814814814816,2.2751322751322753,1.9047619047619049,1.3756613756613758,0.007977639793088197,0.1634950188811494,0.21164021164021166,0.0,0.7936507936507937,0.24280169792473316,22.380952380952383,0.15873015873015875,0.15873015873015875,0.9654110400379057,0.17745531202648207,0.7723288320303247,2.305320219430649,1.2179050215860034,2.7675116481086635,1.6733791360657033,0.009704143927413254,0.19887826923602497,0.2574429440101082,0.0,0.9654110400379057,True,24.0,9.0,68.0,57.0,4.0,55.0,34.6,4.0,True
Rafa Mir,9.31771088205278,2.6447448674589396,14.425982078537345,96.0,8.0,68.0,96.0,8.0,5.0,17.0,13.0,16.0,55.0,28.0,23.0,33.0,31.0,7.0,1008.0,9.0,2,8.310134801142873,2.393682538568951,12.692541039910017,85.75552873941876,60.39745692309896,85.75552873941876,4.563122162224099,11.668705329647505,13.885479181288224,61.47443762781187,30.756646216768914,20.63210607731641,29.26981967142673,34.29652351738241,6.258096165690304,905.5626244324447,28.4,28.4,28.0,ESP-La Liga,Valencia,"FW,MF",2,6000000.0,0.0,,84.0,78.0,76.0,34.7,335.0,84.0,68.0,77.0,72.0,ST,75.0,75.0,33.480392156863,34.6491228070175,76.71875,7.64895330112735,0.3280884113398866,0.09705948835471645,3.3802816901408455,2.3943661971830985,0.7083333333333334,0.5633802816901409,1.9366197183098592,0.9859154929577465,0.8098591549295775,1.091549295774648,1.1619718309859155,0.09312481927672323,0.5079571154414558,0.45774647887323944,0.17605633802816903,0.24647887323943662,-1.3177108820527792,11.795774647887324,0.31690140845070425,0.38732394366197187,2.1266710184189774,0.29261038032193215,0.48892532328479665,2.164592874218728,1.0829805005904547,0.7264826083562117,1.0306274532192512,0.0842845964284842,0.4469204591517612,0.4108699059735037,0.1606733155712711,0.22035549879191213,True,19.0,54.0,38.0,28.0,24.0,35.0,34.0,19.0,False
Hwang Hee-chan,2.6996215488761672,2.166634211316705,7.171300148591399,24.0,3.0,14.0,24.0,3.0,4.0,2.0,18.0,11.0,85.0,16.0,27.0,21.0,9.0,11.0,899.0,4.0,2,2.9837874776841744,2.4395412806919547,7.9399270138048115,26.79110400839373,15.617653059241846,26.79110400839373,4.444202110089961,20.18774651718577,11.93830027007597,77.43149284253579,14.65439672801636,29.715108710435814,22.73407717566596,8.202453987730062,12.315974313637867,990.1164484038316,23.400000000000002,23.400000000000002,29.0,ENG-Premier League,Wolves,"MF,FW",2,4200000.0,8000000.0,2028.0,80.0,85.0,76.0,34.79,267.0,68.0,78.0,68.0,76.0,CF,74.0,74.0,27.5,36.4191037239635,79.49735449735451,25.263157894737,0.11536844225966525,0.11248423120317363,1.0256410256410255,0.5982905982905983,0.5833333333333334,0.47008547008547,3.632478632478632,0.6837606837606837,1.1538461538461537,0.3846153846153846,0.8974358974358974,0.092591205611825,0.3064658183158717,0.7692307692307692,0.17094017094017092,0.47008547008547,0.30037845112383277,11.410256410256409,0.17094017094017092,0.2564102564102564,0.6674210709077711,0.12751228537111856,0.5101837722254687,3.3090381556639223,0.6262562704280495,1.269876440616915,0.9715417596438444,0.10425390088427156,0.3393131202480688,0.8627242101361439,0.18992316709786156,0.5263236886170028,True,52.0,4.0,45.0,36.0,32.0,44.0,33.6,4.0,True
Tim Skarke,2.7940087281167507,2.9028956098482013,8.291639303788543,34.0,1.0,17.0,32.0,1.0,3.0,2.0,26.0,8.0,83.0,21.0,24.0,26.0,17.0,15.0,788.0,1.0,3,3.410162095224881,3.539982391215944,10.113626557280025,41.47985074626865,20.73384328358209,39.03485074626866,3.6553358208955222,31.712014925373133,9.755671641791045,68.02044989775052,17.206543967280165,29.28526119402985,31.742425373134328,13.922290388548058,18.307089552238807,961.6452611940299,19.8,19.8,28.0,GER-Bundesliga,Union Berlin,"MF,FW",2,3100000.0,5600000.0,2030.0,87.0,86.0,73.0,35.73,131.0,68.0,67.0,52.0,73.0,ST,73.0,73.0,20.8333333333335,42.8052325581395,71.0717610035015,3.57142857142855,0.14111155192508842,0.08217672729755149,1.7171717171717171,0.8585858585858586,0.53125,0.40404040404040403,4.191919191919192,1.0606060606060606,1.2121212121212122,0.8585858585858586,1.3131313131313131,0.14661088938627279,0.41876966180750214,1.3131313131313131,0.15151515151515152,0.7575757575757576,-1.7940087281167507,6.616161616161616,0.050505050505050504,0.20202020202020202,1.0471638022011156,0.17223040884974145,0.49271068897934567,3.4353762574621474,0.8690173720848567,1.4790535956580733,1.6031527966229457,0.17878698945535068,0.5107892200646477,1.6016169154228854,0.1846129202472486,0.9246004824363033,True,7.0,10.0,47.0,40.0,59.0,59.0,33.0,7.0,True
Bryan Zaragoza,4.434812248684466,6.633746693842113,13.690720867365599,68.0,1.0,45.0,68.0,2.0,8.0,2.0,54.0,10.0,87.0,23.0,56.0,20.0,3.0,84.0,1496.0,2.0,7,4.5985437171968435,6.831808546623103,13.960834012319884,69.7771666150191,46.10419894638983,69.7771666150191,8.12390248941225,55.65083669042454,9.973879248011569,84.8323108384458,22.56237218813906,57.86281117653135,20.762253382914988,2.916155419222904,86.65846761698171,1531.839685982853,34.5,33.0,23.0,ESP-La Liga,Celta Vigo,"FW,MF",2,16500000.0,0.0,,82.0,85.0,72.0,34.86,217.0,33.0,58.0,42.0,70.0,RM,77.0,83.0,14.5833333333335,46.536271808999004,75.0833599622105,3.1135531135531,0.12854528257056422,0.06521782718653626,1.9710144927536233,1.3043478260869565,0.6617647058823529,0.2898550724637681,2.5217391304347827,0.6666666666666666,1.6231884057971016,0.08695652173913043,0.5797101449275363,0.1922825128649888,0.3968324889091478,1.565217391304348,0.2318840579710145,2.4347826086956523,-3.434812248684466,6.2898550724637685,0.057971014492753624,0.2608695652173913,1.3363535926489805,0.13329112223758965,0.28909794921772664,2.458907560534661,0.6539818025547554,1.6771829326530827,0.6018044458815939,0.19802343613400297,0.40466185542956185,1.6130677301572331,0.2354754344757174,2.5118396410719335,True,5.0,18.0,20.0,58.0,61.0,60.0,32.6,5.0,False
Mamadou Sylla,1.99993778206408,0.9637680817395448,3.720175037160516,22.0,1.0,19.0,22.0,5.0,2.0,3.0,14.0,4.0,35.0,9.0,32.0,20.0,42.0,5.0,477.0,5.0,1,2.284975643526484,1.101127551333265,4.250386899933393,25.13551401869159,21.707943925233646,25.13551401869159,2.2850467289719627,15.995327102803738,4.570093457943925,30.63394683026585,7.877300613496932,36.5607476635514,22.850467289719628,36.760736196319016,5.712616822429907,544.9836448598131,17.6,17.6,30.0,ESP-La Liga,Valladolid,"FW,MF",1,,,,,,,,0.0,,,,,,,,41.176470588235,48.913043478261,65.037593984962,22.727272727273,0.11363282852636818,0.09090626282109454,1.25,1.0795454545454544,0.8636363636363636,0.22727272727272727,1.9886363636363635,0.5113636363636364,1.8181818181818181,2.3863636363636362,1.1363636363636362,0.05475955009883777,0.21137358165684747,0.7954545454545454,0.11363636363636363,0.28409090909090906,-0.99993778206408,0.0,0.28409090909090906,0.3409090909090909,1.2334059048428208,0.12982816156400476,0.2596644010195412,1.7405651608105595,0.44757389849414386,2.0773152081563295,1.298322005097706,0.06256406541666278,0.24149925567803368,0.9088254035683941,0.1298322005097706,0.3245805012744265,True,46.0,27.0,11.0,74.0,17.0,5.0,32.6,5.0,True
Joel Pohjanpalo,4.397692278958857,1.742062452249229,6.818921614438295,38.0,3.0,29.0,38.0,6.0,3.0,6.0,15.0,5.0,20.0,3.0,15.0,11.0,46.0,3.0,521.0,6.0,0,4.768229544148295,1.888843767516348,7.393464899025114,41.20177383592017,31.443458980044344,41.20177383592017,3.252771618625277,16.263858093126384,5.421286031042128,18.445807770961142,2.766871165644172,16.263858093126384,11.926829268292682,42.42535787321064,3.252771618625277,564.8980044345898,17.8,17.8,29.0,ITA-Serie A,Venezia,FW,1,,,,,,,,0.0,,,,,,,,43.809523809524,38.888888888889,61.046511627907,15.789473684211,0.24706136398645262,0.11572874418312781,2.134831460674157,1.6292134831460674,0.7631578947368421,0.28089887640449435,1.1235955056179774,0.16853932584269662,0.8426966292134831,2.5842696629213484,0.6179775280898876,0.0978686770926533,0.3830854839572076,0.8426966292134831,0.16853932584269662,0.16853932584269662,-1.397692278958857,0.0,0.33707865168539325,0.33707865168539325,1.766486459553053,0.2678780642779941,0.3045666309574229,1.036281335447255,0.1554422003170883,0.9136998928722687,0.6700465881063304,0.10611481839979484,0.4153631965744446,0.9136998928722687,0.18273997857445376,0.18273997857445376,True,44.0,46.0,7.0,47.0,29.0,1.0,32.3,1.0,True
Abdoul Ouattara,0.0,0.0,0.0,0.0,0.0,19.0,32.0,3.0,5.0,3.0,9.0,12.0,132.0,29.0,12.0,13.0,7.0,10.0,1452.0,3.0,1,0.0,0.0,0.0,0.0,17.47089464194288,29.421131714266636,4.611735636533624,8.381675311087863,11.44407096587494,143.25971370143148,31.45194274028629,10.974189168132137,12.084489014535983,7.474437627811861,9.223471273067249,1337.543029183269,24.8,24.8,19.0,FRA-Ligue 1,Strasbourg,"MF,FW",2,4000000.0,8400000.0,2029.0,76.0,77.0,61.0,35.35,393.0,64.0,67.0,50.0,64.0,RM,71.0,80.0,34.8484848484845,44.051204819277004,89.00067196632551,13.7037037037037,0.0,,0.0,0.7661290322580645,0.59375,0.48387096774193544,5.32258064516129,1.1693548387096775,0.48387096774193544,0.282258064516129,0.5241935483870968,0.0,0.0,0.3629032258064516,0.20161290322580644,0.4032258064516129,0.0,15.846774193548386,0.12096774193548386,0.16129032258064516,0.7044715581428581,0.0,0.46145447443044113,5.776601358928689,1.268223497592189,0.44250762774726354,0.4872777828441928,0.0,0.0,0.33797077867289765,0.1859570821182913,0.3719141642365826,True,37.0,2.0,57.0,41.0,17.0,54.0,32.2,2.0,True
Akor Adams,12.845878922380507,1.9279713416472077,15.625668522901831,87.0,10.0,43.0,63.0,9.0,1.0,10.0,13.0,19.0,52.0,8.0,12.0,33.0,62.0,17.0,699.0,10.0,4,12.923587051039672,1.9424570752040022,15.693319967138368,86.55446045968057,41.350058433969615,60.64717569146865,0.9588235294117649,12.46470588235294,18.458940397350993,53.76687116564417,8.343558282208589,11.505882352941176,31.641176470588235,63.963190184049076,16.420646669263732,674.4402804830542,36.3,34.8,25.0,FRA-Ligue 1,Montpellier,FW,2,7500000.0,16300000.0,2029.0,77.0,75.0,76.0,34.72,545.0,85.0,69.0,76.0,76.0,ST,75.0,78.0,40.288461538461505,40.5172413793105,68.96981014628051,8.1967213114755,0.3538809620490498,0.14765378071701732,2.396694214876033,1.1845730027548211,0.6825396825396826,0.5234159779614326,1.4325068870523416,0.22038567493112948,0.3305785123966942,1.7079889807162536,0.9090909090909092,0.05311215817209939,0.4304591879587282,0.3581267217630854,0.027548209366391185,0.46831955922865015,-2.845878922380507,15.013774104683197,0.27548209366391185,0.3856749311294766,1.1391200670515047,0.3560216818468229,0.5085107547479613,1.481181023846947,0.2298500904189694,0.3169664560038892,0.8716577540106952,0.05351121419294772,0.432322864108495,0.3433803273375466,0.026413871333657437,0.45235941237641136,True,41.0,35.0,25.0,37.0,11.0,45.0,31.5,11.0,False
Jon Guridi,5.218675612471998,1.6836679391562939,11.24938383884728,39.0,2.0,31.0,39.0,3.0,2.0,6.0,28.0,14.0,150.0,68.0,22.0,24.0,70.0,17.0,1636.0,3.0,1,5.531582245654379,1.7834352931321824,11.81046313746662,41.156765017692166,32.64667979237516,41.156765017692166,2.1589403973509933,29.533945560435626,14.924068235326514,142.62167689161555,64.59713701431494,23.245638914513087,25.46741749390756,66.10633946830265,17.785449739092122,1725.356941250981,36.900000000000006,36.900000000000006,30.0,ESP-La Liga,Alavés,"MF,FW",2,,,,,,,33.28,249.0,,,,,,,,42.621259029928,43.4315684315685,78.9376401718175,6.25,0.14142752337322484,0.13381219519158968,1.0569105691056908,0.8401084010840107,0.7948717948717948,0.37940379403794033,4.0650406504065035,1.8428184281842817,0.5962059620596205,1.8970189701897016,0.6504065040650405,0.04562785742970985,0.3048613506462677,0.7588075880758807,0.054200542005420044,0.4607046070460704,-3.2186756124719977,6.747967479674796,0.08130081300813007,0.10840108401084009,0.8847338697120638,0.14990737793101294,0.4044462936402849,3.865086094623727,1.7505999190871255,0.6299631142144467,0.6901739158240531,0.048331579759679735,0.32006675169286225,0.80037792846709,0.05850786984691038,0.4819905078344748,True,29.0,18.0,50.0,47.0,16.0,18.0,31.3,16.0,False
Martijn Kaars,3.047006232663989,1.339794876985252,6.194270332343876,23.0,2.0,22.0,24.0,3.0,3.0,4.0,10.0,3.0,29.0,7.0,6.0,21.0,13.0,5.0,493.0,3.0,1,3.355824431920474,1.4755848983013249,6.8220680011625126,25.33108108108108,24.22972972972973,26.43243243243243,3.304054054054054,11.013513513513514,3.304054054054054,26.33128834355828,6.355828220858895,6.608108108108108,23.12837837837838,11.803680981595091,5.506756756756757,542.9662162162163,15.0,15.0,26.0,GER-Bundesliga,St Pauli,FW,1,2800000.0,5300000.0,2027.0,82.0,78.0,74.0,34.8,462.0,66.0,73.0,65.0,77.0,RM,72.0,73.0,25.490196078431,29.032258064516,78.851963746224,12.5,0.20313374884426594,0.13247853185495603,1.5333333333333334,1.4666666666666666,0.9166666666666666,0.2,1.9333333333333333,0.4666666666666667,0.4,0.8666666666666667,1.4,0.08931965846568346,0.4129513554895918,0.6666666666666666,0.2,0.3333333333333333,-1.047006232663989,30.8,0.2,0.26666666666666666,1.6153153153153152,0.22372162879469829,0.22027027027027027,1.7554192229038854,0.423721881390593,0.44054054054054054,1.541891891891892,0.09837232655342167,0.45480453341083416,0.7342342342342343,0.22027027027027027,0.36711711711711714,True,43.0,47.0,9.0,11.0,35.0,48.0,30.5,9.0,True
Elif Elmas,3.7008947171270843,1.7521770196035504,8.249431613832712,28.0,1.0,33.0,46.0,5.0,1.0,4.0,33.0,9.0,98.0,34.0,27.0,26.0,4.0,26.0,1506.0,5.0,3,3.0792320875572923,1.4522280721798917,6.849121142623482,23.407439785905442,29.959429081177518,41.93796610169491,0.8288135593220338,29.156788581623548,7.459322033898305,110.48057259713703,38.67075664621677,25.18720785013381,23.5557537912578,4.355828220858896,24.15773416592328,1344.9114005352362,31.6,31.1,25.0,ITA-Serie A,Torino,"MF,FW",2,11500000.0,0.0,,72.0,77.0,70.0,34.51,270.0,64.0,70.0,60.0,75.0,CAM,77.0,77.0,29.090909090909,47.276334776335005,86.5262748849165,12.37816764132535,0.11711692142807228,0.13217481132596728,0.8860759493670886,1.0443037974683544,0.717391304347826,0.28481012658227844,3.10126582278481,1.0759493670886076,0.8544303797468354,0.12658227848101264,0.8227848101265822,0.05544863986087185,0.2610579624630605,1.0443037974683544,0.03164556962025316,0.8227848101265822,-2.7008947171270843,8.544303797468354,0.1582278481012658,0.2531645569620253,0.9480831987714404,0.09744405340371178,0.23605449474361723,3.496220651808134,1.2237581217157205,0.7970635395611965,0.7454352465587911,0.0459565845626548,0.2167443399564393,0.9226831829627705,0.026228277193735248,0.7644852584152937,True,39.0,11.0,35.0,44.0,21.0,39.0,30.2,11.0,False
Samuel Chukwueze,5.124004602432251,5.98281832691282,14.005427883937955,57.0,6.0,19.0,32.0,3.0,5.0,1.0,27.0,9.0,39.0,17.0,13.0,11.0,7.0,27.0,625.0,3.0,6,4.738759667698895,5.53731305017981,12.980515181194708,52.67757470493032,17.23747680890538,29.031539888682747,4.536178107606679,24.495361781076067,8.165120593692022,42.94274028629857,18.73824130879345,11.909880393163064,9.979591836734691,7.715746421267894,24.533967552204633,567.8329846445347,22.6,22.3,26.0,ITA-Serie A,Milan,"MF,FW",2,19000000.0,0.0,,87.0,89.0,75.0,34.67,5.0,58.0,72.0,44.0,77.0,LW,79.0,79.0,20.5882352941175,66.2626262626265,84.13867822318551,4.6875,0.22672586736425887,0.08989481758653071,2.5221238938053094,0.8407079646017699,0.59375,0.3982300884955752,1.725663716814159,0.7522123893805309,0.5752212389380531,0.30973451327433627,0.48672566371681414,0.26472647464216015,0.6197091984043342,1.1946902654867255,0.22123893805309733,1.1946902654867255,0.875995397567749,0.22123893805309733,0.1327433628318584,0.3982300884955752,0.7627202127834238,0.20967963131411038,0.3612885218447797,1.9001212516061314,0.8291257216280288,0.5269858581045603,0.44157486003250845,0.24501385177786766,0.5743590788139251,1.0838655655343392,0.20071584546932206,1.08557378549578,True,13.0,11.0,22.0,44.0,69.0,39.0,30.2,11.0,True
Derek Cornelius,1.2505614198744297,0.1212597880512476,8.20582771860063,9.0,0.0,8.0,9.0,0.0,0.0,1.0,4.0,2.0,67.0,24.0,16.0,2.0,32.0,0.0,1541.0,0.0,0,0.9660735139314314,0.0936746229969353,6.339099138065889,6.952606635071089,6.180094786729858,6.952606635071089,0.0,3.090047393364929,1.5450236966824644,86.73006134969326,31.06748466257669,12.52795046521858,1.5450236966824644,41.42331288343559,0.0,1192.4538889949451,16.400000000000002,16.400000000000002,27.0,FRA-Ligue 1,Marseille,"DF,FW",2,,,,,,,28.06,4.0,,,,,,,,33.3333333333335,77.536231884058,89.739102768056,0.0,0.07625374511429449,0.13895126887493664,0.548780487804878,0.4878048780487804,0.8888888888888888,0.1219512195121951,4.085365853658536,1.4634146341463412,0.9756097560975608,1.9512195121951217,0.1219512195121951,0.007393889515319974,0.5003553486951603,0.2439024390243902,0.0,0.0,-1.2505614198744297,0.2439024390243902,0.0,0.0,0.3768350479713327,0.05890692158118483,0.09420876199283318,5.288418374981296,1.8943588208888222,0.763899418610889,0.09420876199283318,0.005711867255910688,0.38653043524792,0.18841752398566636,0.0,0.0,True,28.0,18.0,43.0,55.0,15.0,2.0,29.9,2.0,True
Johannes Eggestein,4.332561027258635,2.1683141449466348,8.224175401031971,36.0,2.0,28.0,36.0,3.0,5.0,9.0,24.0,10.0,58.0,5.0,12.0,30.0,29.0,7.0,761.0,3.0,4,4.793263217939982,2.3988814861513674,9.098691789829488,39.82805429864253,30.977375565610856,39.82805429864253,5.531674208144796,26.55203619909502,11.063348416289593,52.42535787321064,4.519427402862986,13.27601809954751,33.19004524886878,26.21267893660532,7.744343891402714,841.9208144796379,20.6,20.6,26.0,GER-Bundesliga,St Pauli,FW,1,,,,,,,,0.0,,,,,,,,25.217391304348,30.263157894737,78.388998035363,8.3333333333333,0.21031849646886575,0.12034891742385095,1.7475728155339805,1.3592233009708736,0.7777777777777778,0.48543689320388345,2.815533980582524,0.24271844660194172,0.5825242718446602,1.407766990291262,1.4563106796116503,0.10525796820129295,0.3992318155840762,1.1650485436893203,0.24271844660194172,0.3398058252427184,-2.3325610272586346,0.0,0.14563106796116504,0.3398058252427184,1.5037560954180027,0.23268268048252339,0.5370557483635724,2.5449202851073127,0.21938967975063037,0.6444668980362869,1.6111672450907173,0.11645055758016346,0.4416840674674508,1.2889337960725737,0.2685278741817862,0.3759390238545007,True,24.0,37.0,35.0,12.0,50.0,7.0,29.6,7.0,True
Endrick,8.643455516546965,5.211985297501087,14.533445455133915,73.0,5.0,17.0,24.0,1.0,1.0,5.0,4.0,1.0,7.0,1.0,10.0,3.0,6.0,5.0,148.0,1.0,7,7.489285559918635,4.610768609078851,12.724717954457125,63.31507896077433,13.763245033112582,19.43046357615894,0.8096026490066225,3.23841059602649,0.8096026490066225,8.646216768916156,1.2351738241308794,8.182028236663998,2.428807947019868,7.411042944785276,4.1340149916308855,120.16519903937122,17.6,17.5,19.0,ESP-La Liga,Real Madrid,FW,2,30000000.0,0.0,,87.0,88.0,78.0,31.76,5.0,74.0,79.0,70.0,76.0,ST,78.0,89.0,30.0,70.0,40.1408450704225,2.08333333333335,0.49110542707653204,0.11840350022667075,4.1477272727272725,0.9659090909090908,0.7083333333333334,0.056818181818181816,0.3977272727272727,0.056818181818181816,0.5681818181818181,0.3409090909090909,0.17045454545454544,0.2961355282671072,0.825763946314427,0.22727272727272727,0.056818181818181816,0.28409090909090906,-3.6434555165469646,0.28409090909090906,0.056818181818181816,0.45454545454545453,0.7820025586995785,0.42552758863174056,0.04600015051173991,0.4912623164156907,0.07018033091652723,0.46488796799227255,0.13800045153521975,0.2619754891522074,0.7229953383214275,0.18400060204695964,0.04600015051173991,0.23488721543357302,True,24.0,35.0,1.0,48.0,51.0,4.0,28.8,1.0,True
Sidiki Cherif,3.4971982957795262,0.7993522845208645,7.008465737104416,33.0,4.0,22.0,33.0,4.0,1.0,5.0,7.0,5.0,51.0,13.0,24.0,28.0,20.0,14.0,556.0,4.0,0,4.094717481885813,0.9368081328591994,8.20537631799688,38.6122703153602,25.695246425840537,38.6122703153602,1.1670644391408116,8.209108603471048,5.874979725189425,43.556237218813905,11.067484662576687,28.168176657320945,32.856263178626875,17.09406952965235,16.398388442199412,651.4259100493546,16.5,16.5,18.0,FRA-Ligue 1,Angers,FW,2,,,,,,,34.51,210.0,,,,,,,,24.561403508772003,41.284542969936,65.40350877193,7.142857142857,0.21195141186542582,0.10597570593271291,2.0,1.3333333333333333,0.6666666666666666,0.30303030303030304,3.090909090909091,0.7878787878787878,1.4545454545454546,1.2121212121212122,1.696969696969697,0.04844559300126451,0.42475549921844946,0.42424242424242425,0.06060606060606061,0.8484848484848485,0.5028017042204738,12.727272727272727,0.24242424242424243,0.24242424242424243,1.5572876621721539,0.24816469587186746,0.35605937728420756,2.639771952655388,0.6707566462167689,1.7071622216558149,1.9912886774925378,0.05677625047631511,0.49729553442405333,0.4975217335436999,0.07073117812974616,0.9938417237696613,True,14.0,33.0,25.0,40.0,17.0,50.0,28.0,14.0,True
Fer López,0.0,0.0,0.0,0.0,0.0,19.0,33.0,3.0,6.0,6.0,27.0,10.0,98.0,29.0,26.0,37.0,7.0,40.0,1212.0,3.0,1,0.0,0.0,0.0,0.0,17.681503198294244,30.85936389481165,5.647654584221748,25.385483297796725,9.470682302771856,102.64212678936606,30.478527607361965,24.76279317697228,34.74031627576403,7.345603271983641,37.766879886282865,1152.0636105188344,23.1,20.5,21.0,ESP-La Liga,Celta Vigo,"FW,MF",2,7000000.0,0.0,,67.0,64.0,69.0,34.58,176.0,56.0,75.0,52.0,74.0,CAM,73.0,82.0,25.757575757575502,42.831262939959004,86.384009691096,8.84615384615385,0.0,,0.0,0.8225108225108224,0.5757575757575758,0.4329004329004329,4.242424242424242,1.2554112554112553,1.1255411255411254,0.30303030303030304,1.6017316017316017,0.0,0.0,1.1688311688311688,0.2597402597402597,1.7316017316017316,0.0,7.619047619047619,0.12987012987012986,0.17316017316017315,0.7654330388871967,0.0,0.4099862468732405,4.443382112093769,1.319416779539479,1.0719823886135185,1.5039097954876202,0.0,0.0,1.098938670900291,0.24448721143817087,1.6349298652070503,True,17.0,2.0,49.0,34.0,30.0,53.0,27.6,2.0,True
Antonio Sanabria,4.792860046029091,2.3032739125192165,6.658214060589671,31.0,3.0,26.0,31.0,3.0,3.0,5.0,15.0,1.0,35.0,5.0,28.0,32.0,55.0,13.0,712.0,3.0,2,4.993372201403788,2.4106029466961374,6.933388987064996,32.15227467811159,26.985023718093515,32.15227467811159,3.148068669527897,15.56140049695053,1.0294736842105263,33.79550102249489,4.820040899795501,29.123501242376328,33.1221007454258,52.89161554192229,13.522335667494918,738.8704946916647,25.1,25.1,29.0,ITA-Serie A,Cremonese,FW,2,5500000.0,9900000.0,2028.0,75.0,78.0,79.0,33.43,142.0,62.0,78.0,74.0,80.0,CF,75.0,75.0,36.799719887955,39.0594198817235,80.714285714286,9.429824561403649,0.19095059944339007,0.15460838858158357,1.2350597609561753,1.0358565737051793,0.8387096774193549,0.0398406374501992,1.394422310756972,0.199203187250996,1.1155378486055776,2.191235059760956,1.2749003984063745,0.09176390089717994,0.26526749245377174,0.597609561752988,0.1195219123505976,0.5179282868525896,-1.7928600460290909,5.657370517928286,0.1195219123505976,0.199203187250996,1.0751005465375902,0.19893913153003137,0.04101488781715244,1.3464343036850552,0.1920335019838845,1.1602988542779413,1.3196056073874818,0.09603995803570269,0.2762306369348604,0.6199761154163558,0.12542106253099192,0.5387384728085625,True,50.0,26.0,2.0,39.0,23.0,18.0,26.8,2.0,False
Sheraldo Becker,6.703554993495345,5.328561056405306,15.20565626397729,51.0,5.0,18.0,25.0,2.0,4.0,3.0,10.0,7.0,45.0,5.0,16.0,7.0,7.0,4.0,488.0,2.0,4,7.068780008713165,5.56015915969354,15.979301568465075,52.225827982426495,16.967919905373435,23.330373436971954,3.635687732342008,9.49410273741129,6.564895234876649,46.50306748466258,5.100204498977504,14.745192632646164,6.969778641432917,7.701431492842535,3.635687732342008,460.3565647178101,23.4,21.6,30.0,GER-Bundesliga,Mainz 05,FW,2,3000000.0,5100000.0,2030.0,92.0,90.0,71.0,33.99,53.0,73.0,71.0,65.0,71.0,RW,73.0,73.0,14.5833333333335,40.705128205128,74.08014571948999,4.54545454545455,0.28647670912373274,0.13144225477441854,2.1794871794871797,0.7692307692307693,0.72,0.29914529914529914,1.9230769230769231,0.2136752136752137,0.6837606837606838,0.29914529914529914,0.29914529914529914,0.22771628446176523,0.6498143702554398,0.4273504273504274,0.17094017094017094,0.17094017094017094,-1.7035549934953451,2.264957264957265,0.08547008547008547,0.25641025641025644,0.725124782280916,0.3020846157569729,0.280551078413532,1.9873105762676317,0.2179574572212609,0.6301364372925712,0.29785378809542384,0.23761363930314275,0.6828761354044904,0.4057308862141577,0.15537127061290631,0.15537127061290631,True,24.0,24.0,10.0,28.0,58.0,10.0,26.0,10.0,True
Adam Armstrong,5.219709197059274,3.506750232540071,8.892711356282234,44.0,3.0,34.0,44.0,3.0,6.0,8.0,15.0,5.0,38.0,20.0,8.0,27.0,14.0,16.0,687.0,4.0,4,5.537676181323672,3.7372624299781845,9.349272097756016,46.77985355043839,36.16027555641199,46.77985355043839,6.452312361499181,15.9293669910396,5.4440649388187685,35.940695296523515,18.903885480572598,8.468807206860006,28.431163888621256,12.83640081799591,17.47471818094229,730.5317949706136,26.6,26.6,28.0,ENG-Premier League,Wolves,"FW,MF",2,3100000.0,5900000.0,2029.0,76.0,84.0,74.0,34.21,213.0,63.0,66.0,69.0,75.0,ST,73.0,73.0,37.422360248447504,35.783542976938996,76.0320876540795,9.40170940170935,0.1962296690623787,0.11862975447861986,1.6541353383458646,1.2781954887218046,0.7727272727272727,0.18796992481203006,1.4285714285714286,0.7518796992481203,0.3007518796992481,0.5263157894736842,1.0150375939849623,0.13183271550902523,0.3343124570030915,0.5639097744360902,0.22556390977443608,0.6015037593984962,-2.2197091970592737,8.00751879699248,0.15037593984962405,0.3007518796992481,1.35940885550421,0.20818331508735607,0.2046640954443146,1.3511539585159216,0.7106723864876916,0.31837621078421074,1.0688407476925283,0.14049858759316483,0.35147639465248176,0.5988483831217895,0.24256813389094664,0.6569442925166274,True,27.0,30.0,10.0,26.0,37.0,32.0,25.9,10.0,False
Zito Luvumbo,0.0,0.0,0.0,0.0,0.0,24.0,32.0,2.0,8.0,4.0,26.0,11.0,57.0,11.0,72.0,36.0,7.0,34.0,751.0,2.0,4,0.0,0.0,0.0,0.0,25.846116665876888,34.41282756006255,8.615372221958964,27.878306401933376,11.88263280102355,52.63803680981595,10.143149284253578,77.39236601431077,38.866497654361936,6.470347648261758,36.59100127943894,809.2911766099608,27.1,23.4,23.0,ESP-La Liga,Mallorca,"FW,MF",2,3800000.0,0.0,,86.0,89.0,68.0,35.05,120.0,68.0,60.0,54.0,71.0,LW,71.0,78.0,17.588932806324053,46.006668783741,71.61092200680801,4.3478260869565,0.0,,0.0,0.8856088560885609,0.75,0.4059040590405904,2.103321033210332,0.4059040590405904,2.6568265682656826,0.25830258302583026,1.3284132841328413,0.0,0.0,0.959409594095941,0.2952029520295203,1.2546125461254611,0.0,4.428044280442804,0.07380073800738007,0.22140221402214022,0.95373124228328,0.0,0.4384735350931199,1.9423629819120276,0.3742859514484715,2.855806863996707,1.4341881053270087,0.0,0.0,1.0287197934292758,0.3179104140944267,1.3502214494257911,True,3.0,11.0,23.0,59.0,25.0,55.0,25.8,3.0,False
Jack Harrison,4.293319362215698,4.9827830363065,13.1957534737885,42.0,2.0,33.0,42.0,2.0,7.0,5.0,49.0,12.0,107.0,42.0,35.0,55.0,8.0,35.0,1630.0,2.0,3,4.914124223149127,5.6393403019625605,14.478927245604268,47.1126847496878,37.06824913037861,47.1126847496878,8.130541294455954,55.00457418456547,13.631232685323853,96.58691206543969,37.21472392638037,40.17540275312322,62.41682017617309,7.525562372188139,39.22079531481012,1808.2604605763663,37.0,34.0,28.0,ITA-Serie A,Fiorentina,"FW,MF",2,3100000.0,0.0,,76.0,74.0,66.0,33.61,210.0,62.0,72.0,45.0,72.0,RW,73.0,73.0,18.014705882353,36.4779874213835,77.98575616644399,5.57029177718835,0.11603565843826211,0.10222188957656424,1.135135135135135,0.8918918918918919,0.7857142857142857,0.32432432432432434,2.891891891891892,1.135135135135135,0.9459459459459459,0.21621621621621623,1.4864864864864864,0.13466981179206758,0.35664198577806755,1.3243243243243243,0.1891891891891892,0.9459459459459459,-2.2933193622156978,5.675675675675675,0.05405405405405406,0.13513513513513514,1.0018445710913138,0.13281416819321964,0.368411694197942,2.6104570828497216,1.0058033493616316,1.0858216960303573,1.686941085842516,0.15241460275574487,0.39132235798930454,1.486610113096364,0.21974435930962039,1.060021494994868,True,9.0,17.0,30.0,21.0,53.0,31.0,25.3,9.0,False
Karl Etta Eyong,0.0,0.0,0.0,0.0,0.0,1.0,2.0,1.0,0.0,0.0,0.0,0.0,0.0,0.0,1.0,0.0,1.0,0.0,10.0,1.0,2,0.0,0.0,0.0,0.0,1.0273109243697478,2.054621848739496,0.0,0.0,0.0,0.0,0.0,1.0273109243697478,0.0,0.9734151329243356,0.0,10.273109243697478,18.9,16.099999999999998,21.0,ESP-La Liga,Villarreal,FW,2,12500000.0,30000000.0,2029.0,80.0,78.0,75.0,,0.0,80.0,72.0,78.0,76.0,ST,75.0,84.0,100.0,50.0,0.0,50.0,0.0,,0.0,0.052910052910052914,0.5,0.0,0.0,0.0,0.052910052910052914,0.052910052910052914,0.0,0.0,0.0,0.0,0.0,0.0,0.0,0.0,0.052910052910052914,0.15873015873015875,0.05435507536347872,0.0,0.0,0.0,0.0,0.05435507536347872,0.0,0.0,0.0,0.0,0.0,0.0,True,78.0,0.0,0.0,62.0,0.0,0.0,25.2,0.0,True
Abel Ruiz,3.7060789316892624,0.5706570446491241,6.139902455732226,28.0,3.0,25.0,28.0,4.0,0.0,6.0,10.0,7.0,26.0,7.0,14.0,19.0,13.0,8.0,492.0,4.0,0,3.2469737149261104,0.5082410942952864,5.454839828084122,24.799394620954946,22.097775021808364,24.799394620954946,0.0,8.877484313746098,6.367736239713286,29.36196319018405,7.94478527607362,12.255793666642145,16.598600060958308,14.50920245398773,7.044425993462748,433.4720380043512,17.1,17.1,25.0,ESP-La Liga,Girona,FW,2,3100000.0,6700000.0,2029.0,74.0,71.0,70.0,32.25,41.0,73.0,70.0,70.0,71.0,CAM,72.0,75.0,31.456043956044,41.7410714285715,83.6058700209645,8.695652173913,0.21672976208709135,0.1323599618460451,1.6374269005847952,1.461988304093567,0.8928571428571429,0.4093567251461988,1.5204678362573099,0.4093567251461988,0.8187134502923976,0.7602339181286549,1.111111111111111,0.0333717569970248,0.3590586231422354,0.5847953216374269,0.0,0.4678362573099415,-0.7060789316892624,2.39766081871345,0.23391812865497075,0.23391812865497075,1.2922675451349919,0.18988150379684854,0.372382236240543,1.717073870770997,0.4646073260861766,0.7167130799205932,0.9706783661379127,0.02972170142077698,0.31899648117451,0.5191511294588361,0.0,0.4119547364598098,True,29.0,33.0,17.0,35.0,13.0,10.0,24.8,10.0,True
Irvin Cardona,4.266217227093875,2.1268459521234035,7.547399457544088,24.0,5.0,6.0,10.0,0.0,1.0,2.0,9.0,4.0,19.0,8.0,8.0,4.0,9.0,3.0,260.0,1.0,3,4.4292573759000105,2.208126689147228,7.835835105603097,24.917197452229296,6.229299363057324,10.38216560509554,1.038216560509554,9.343949044585989,4.1528662420382165,18.30061349693252,7.705521472392639,8.305732484076433,4.1528662420382165,8.668711656441719,3.114649681528662,269.9363057324841,18.5,11.8,26.0,FRA-Ligue 1,Saint-Étienne,"FW,MF",1,,,,,,,,0.0,,,,,,,,45.0,37.5,65.492957746479,10.0,0.23060633659966895,0.17775905112891147,1.2972972972972974,0.32432432432432434,0.6,0.21621621621621623,1.027027027027027,0.43243243243243246,0.43243243243243246,0.4864864864864865,0.21621621621621623,0.11496464606072451,0.40796753824562637,0.4864864864864865,0.05405405405405406,0.16216216216216217,0.7337827729061246,0.0,0.05405405405405406,0.21621621621621623,0.3367188844895851,0.2394193176162168,0.22447925632639007,0.9892223511855416,0.4165146741833859,0.44895851265278014,0.22447925632639007,0.11935819941336369,0.4235586543569242,0.5050783267343778,0.05611981408159751,0.16835944224479255,True,57.0,12.0,6.0,41.0,22.0,1.0,24.8,1.0,True
Chemsdine Talbi,2.32377387303859,0.6003798525780439,3.2277513165026903,25.0,4.0,16.0,25.0,2.0,0.0,2.0,12.0,4.0,61.0,11.0,1.0,11.0,1.0,16.0,637.0,4.0,1,2.530791590013074,0.653865808264284,3.5153015451443554,27.227171492204903,17.425389755011135,27.227171492204903,0.0,13.069042316258352,4.356347438752784,56.010224948875255,10.100204498977504,1.089086859688196,11.979955456570156,0.918200408997955,17.425389755011135,693.7483296213809,17.3,17.3,20.0,ENG-Premier League,Sunderland,"MF,FW",1,16500000.0,34700000.0,2030.0,90.0,92.0,69.0,35.63,457.0,55.0,76.0,36.0,73.0,RM,76.0,86.0,7.1428571428571,36.363636363636,81.34328358209,16.0,0.13432218919298208,0.0929509549215436,1.445086705202312,0.9248554913294798,0.64,0.23121387283236994,3.5260115606936413,0.6358381502890174,0.057803468208092484,0.057803468208092484,0.6358381502890174,0.034704037721274214,0.18657522060709192,0.6936416184971098,0.0,0.9248554913294798,1.67622612696141,26.416184971098264,0.23121387283236994,0.2890173410404624,1.0072479627174067,0.14628853121462856,0.25181199067935167,3.2375852571604193,0.5838268496518788,0.06295299766983792,0.692482974368217,0.037795711460363236,0.20319662110661013,0.755435972038055,0.0,1.0072479627174067,True,31.0,10.0,24.0,17.0,15.0,77.0,23.3,10.0,True
Arnaud Nordin,4.182161819189787,2.6165288453921676,7.613842404447496,48.0,4.0,10.0,14.0,0.0,0.0,0.0,6.0,6.0,30.0,12.0,16.0,6.0,3.0,5.0,372.0,0.0,3,4.290181883108458,2.590699679970762,7.694744341472955,48.505539394689606,9.14018691588785,12.961713189329702,0.0,5.980466670792845,5.815015163706134,31.983640081799592,12.793456032719835,15.120653586680696,5.980466670792845,3.114519427402863,4.735544965030637,352.2583647954448,25.4,19.3,27.0,FRA-Ligue 1,Rennes,"FW,MF",2,3200000.0,0.0,,76.0,78.0,71.0,34.27,105.0,67.0,68.0,68.0,71.0,RM,73.0,73.0,20.8333333333335,54.4722719141325,83.6742424242425,0.0,0.16465204012558218,0.08712837123312056,1.8897637795275593,0.3937007874015748,0.7142857142857143,0.2362204724409449,1.1811023622047245,0.4724409448818898,0.6299212598425197,0.11811023622047245,0.2362204724409449,0.10301294666898297,0.2997575749782479,0.2362204724409449,0.0,0.1968503937007874,-0.1821618191897869,4.133858267716536,0.0,0.11811023622047245,0.35984987857826184,0.1689047985475771,0.22893760487032025,1.2591984284173068,0.5036793713669226,0.5953013223102637,0.2354514437320018,0.10199605039254968,0.30294269060917145,0.2354514437320018,0.0,0.18643877815081247,True,6.0,10.0,8.0,43.0,20.0,15.0,16.7,6.0,False
Idrissa Guèye,1.9142106398940089,1.693690698593855,9.138687188737094,29.0,2.0,17.0,20.0,1.0,0.0,3.0,4.0,0.0,6.0,6.0,9.0,6.0,21.0,2.0,173.0,1.0,0,2.0527390414652857,1.816260420202621,9.80003955107991,31.098684210526315,18.230263157894736,21.44736842105263,0.0,4.289473684210526,0.0,5.595092024539878,5.595092024539878,9.651315789473683,6.434210526315789,19.58282208588957,2.144736842105263,185.5197368421053,29.5,4.7,18.0,ITA-Serie A,Udinese,FW,1,,,,,,,33.7,96.0,,,,,,,,51.219512195122,43.589743589744,67.605633802817,5.0,0.06488849626759352,0.06600726344462099,0.9830508474576272,0.576271186440678,0.85,0.0,0.2033898305084746,0.2033898305084746,0.3050847457627119,0.711864406779661,0.2033898305084746,0.05741324402013068,0.30978600639786763,0.13559322033898305,0.0,0.06779661016949153,0.08578936010599114,3.2542372881355934,0.03389830508474576,0.03389830508474576,0.6179750223015165,0.06958437428695884,0.0,0.1896641364250806,0.1896641364250806,0.3271632471008028,0.21810883140053525,0.06156814983737698,0.3322047305450817,0.1454058876003568,0.0,0.0727029438001784,True,3.0,16.0,0.0,52.0,7.0,9.0,15.1,0.0,False
Elye Wahi,0.0,0.0,0.0,0.0,0.0,11.0,16.0,0.0,1.0,8.0,5.0,4.0,13.0,2.0,7.0,11.0,8.0,7.0,214.0,0.0,2,0.0,0.0,0.0,0.0,10.199492287062533,14.345695187986856,1.0561555075593954,4.997133878578814,3.090047393364929,15.08997955010225,1.8936605316973412,6.542157575261278,10.199492287062533,8.269938650306749,5.691226597606789,203.6094295394757,22.400000000000002,16.6,22.0,FRA-Ligue 1,Marseille,FW,2,8500000.0,0.0,,84.0,83.0,73.0,34.58,80.0,71.0,68.0,67.0,74.0,ST,74.0,81.0,31.4285714285715,42.5,76.90728703386901,0.0,0.0,,0.0,0.49107142857142855,0.6875,0.17857142857142855,0.5803571428571428,0.08928571428571427,0.31249999999999994,0.3571428571428571,0.49107142857142855,0.0,0.0,0.2232142857142857,0.04464285714285714,0.31249999999999994,0.0,3.571428571428571,0.0,0.08928571428571427,0.4553344771010059,0.0,0.1379485443466486,0.6736598013438504,0.08453841659363129,0.2920606060384499,0.4553344771010059,0.0,0.0,0.2230863338651256,0.04714979944461586,0.2540726159645888,True,9.0,5.0,2.0,34.0,7.0,19.0,11.6,2.0,True
