player,us_np_xg,us_xa,us_xg_chain,us_shots,us_np_goals,ss_shotsFromInsideTheBox,ss_totalShots,ss_goalsFromInsideTheBox,ss_bigChancesCreated,ss_bigChancesMissed,ss_keyPasses,ss_possessionWonAttThird,ss_ballRecovery,ss_tackles,ss_wasFouled,ss_dispossessed,ss_aerialDuelsWon,ss_successfulDribbles,ss_touches,ss_goals,fb_ast,season_nineties,nineties,age,league,team,pos,seasons,fifa_value_eur,fifa_release_clause_eur,fifa_contract_end,fifa_pace,fifa_acceleration,fifa_finishing,fifa_strength,fifa_composure,fifa_heading_accuracy,fifa_attack_position,fifa_best_position,fifa_overall_rating,fifa_potential,ss_aerialDuelsWonPercentage,ss_groundDuelsWonPercentage,ss_accuratePassesPercentage,ss_goalConversionPercentage,npxg_p90,npxg_per_shot,shots_p90,box_shots_p90,box_share,press_p90,recov_p90,tackles_p90,fouled_p90,aerials_p90,disp_p90,xa_p90,chain_p90,keyp_p90,bcc_p90,dribbles_p90,np_g_minus_xg,goals_p90,ga_p90,is_nine,FINISH,BOX,PRESS,HOLDUP,LINK,RUN,FIT,FLOOR,thin
Jamal Musiala,15.298232819885015,8.386865098029375,33.05999479815364,98.0,14.0,73.0,98.0,14.0,12.0,15.0,58.0,23.0,103.0,47.0,73.0,55.0,9.0,93.0,1930.0,15.0,6,27.6,27.6,22.0,GER-Bundesliga,Bayern Munich,"MF,FW",2,116500000.0,201000000.0,2030.0,80.0,85.0,85.0,61.0,83.0,75.0,88.0,CAM,87.0,91.0,66.6666666666665,51.912972085386,84.2317339230325,13.8235294117645,0.5542837978219208,0.15610441652943893,3.550724637681159,2.644927536231884,0.7448979591836735,0.8333333333333333,3.731884057971014,1.7028985507246377,2.644927536231884,0.32608695652173914,1.9927536231884058,0.303871923841644,1.1978258984838275,2.101449275362319,0.43478260869565216,3.369565217391304,-1.2982328198850155,0.5434782608695652,0.7608695652173912,True,69.0,80.0,86.0,82.0,95.0,71.0,81.2,69.0,False
Bradley Barcola,26.998673629015684,14.717551371082664,55.43402439169586,140.0,25.0,114.0,141.0,22.0,29.0,36.0,89.0,44.0,126.0,57.0,32.0,43.0,24.0,70.0,2459.0,25.0,11,43.599999999999994,43.599999999999994,22.0,FRA-Ligue 1,PSG,FW,2,61500000.0,118400000.0,2028.0,92.0,89.0,80.0,64.0,83.0,69.0,84.0,RM,84.0,88.0,57.142857142857494,37.9332506483255,83.4713171077715,17.66841468334,0.6192356336930204,0.19284766877868345,3.211009174311927,2.6146788990825693,0.8085106382978723,1.0091743119266057,2.889908256880734,1.3073394495412847,0.7339449541284404,0.5504587155963303,0.9862385321100918,0.33755851768538225,1.2714225777911896,2.041284403669725,0.6651376146788992,1.6055045871559634,-1.9986736290156841,0.5733944954128442,0.8256880733944956,True,80.0,85.0,81.0,46.0,96.0,89.0,78.2,46.0,False
Lautaro Martínez,32.11173498257995,11.501739954575896,48.20633790642023,194.0,29.0,166.0,194.0,28.0,21.0,35.0,74.0,50.0,127.0,54.0,89.0,88.0,60.0,38.0,2115.0,29.0,9,52.5,52.5,27.0,ITA-Serie A,Inter,FW,2,99000000.0,163400000.0,2029.0,82.0,84.0,93.0,80.0,88.0,86.0,93.0,ST,88.0,88.0,45.1127819548875,43.73451496093,77.381205673759,15.121483375958999,0.6116520949062847,0.16552440712670075,3.6952380952380954,3.1619047619047618,0.8556701030927835,0.9523809523809523,2.419047619047619,1.0285714285714285,1.6952380952380952,1.1428571428571428,1.6761904761904762,0.21908076103954088,0.9182159601222901,1.4095238095238096,0.4,0.7238095238095238,-3.1117349825799465,0.5523809523809524,0.7238095238095238,True,76.0,91.0,72.0,63.0,83.0,54.0,75.7,54.0,False
Marcus Thuram,24.018760299310088,9.013850331306458,36.981442637741566,139.0,27.0,125.0,139.0,26.0,13.0,25.0,69.0,31.0,110.0,42.0,77.0,59.0,97.0,41.0,1746.0,27.0,10,46.5,46.5,27.0,ITA-Serie A,Inter,FW,2,58500000.0,96500000.0,2028.0,87.0,85.0,85.0,81.0,78.0,84.0,86.0,ST,85.0,85.0,55.546097433211,47.2634440199825,75.3125,19.553014553014997,0.5165324795550557,0.17279683668568407,2.989247311827957,2.6881720430107525,0.8992805755395683,0.6666666666666666,2.3655913978494625,0.9032258064516129,1.6559139784946237,2.086021505376344,1.2688172043010753,0.19384624368400985,0.7952998416718616,1.4838709677419355,0.27956989247311825,0.8817204301075269,2.981239700689912,0.5806451612903226,0.7956989247311828,True,83.0,89.0,55.0,76.0,76.0,67.0,75.3,55.0,False
Luis Díaz,27.21630634739995,16.367909078486264,63.60238518565893,159.0,28.0,130.0,159.0,26.0,25.0,26.0,123.0,50.0,243.0,60.0,69.0,100.0,26.0,114.0,3182.0,28.0,19,53.9,53.9,28.0,ENG-Premier League,Liverpool,"FW,MF",2,80000000.0,132000000.0,2029.0,83.0,86.0,79.0,69.0,82.0,71.0,84.0,LM,87.0,87.0,31.108597285068,42.39578730299,85.945717664283,17.6776568501925,0.5049407485602959,0.17117173803396196,2.9499072356215215,2.411873840445269,0.8176100628930818,0.927643784786642,4.50834879406308,1.1131725417439704,1.280148423005566,0.48237476808905383,1.855287569573284,0.3036717825322127,1.18000714630165,2.282003710575139,0.463821892393321,2.1150278293135436,0.78369365260005,0.5194805194805195,0.8719851576994434,True,74.0,80.0,87.0,38.0,96.0,76.0,74.9,38.0,False
Gonçalo Ramos,21.832282727584243,4.87578393612057,26.304307576268908,113.0,13.0,99.0,113.0,13.0,7.0,32.0,33.0,21.0,48.0,24.0,34.0,25.0,41.0,18.0,949.0,16.0,4,26.4,26.4,24.0,FRA-Ligue 1,PSG,FW,2,30500000.0,58700000.0,2028.0,73.0,73.0,82.0,79.0,75.0,83.0,85.0,ST,80.0,84.0,50.0,44.542940793754,81.95378151260499,14.2633228840125,0.826980406347888,0.1932060418370287,4.28030303030303,3.75,0.8761061946902655,0.7954545454545455,1.8181818181818183,0.9090909090909092,1.2878787878787878,1.5530303030303032,0.946969696969697,0.1846887854591125,0.996375286979883,1.25,0.26515151515151514,0.6818181818181819,-8.832282727584243,0.6060606060606061,0.7575757575757576,True,76.0,96.0,60.0,66.0,77.0,28.0,72.2,28.0,False
Bukayo Saka,16.122279875911772,20.13652891665697,35.57355656847358,138.0,11.0,105.0,138.0,13.0,33.0,16.0,124.0,50.0,187.0,70.0,93.0,72.0,32.0,91.0,2476.0,13.0,15,43.9,43.9,23.0,ENG-Premier League,Arsenal,"FW,MF",2,103500000.0,199200000.0,2030.0,83.0,85.0,82.0,74.0,82.0,49.0,86.0,LM,87.0,89.0,37.820512820512505,52.071183533448,80.497518680206,9.40718940508725,0.3672501110686053,0.11682811504283892,3.143507972665148,2.3917995444191344,0.7608695652173914,1.1389521640091116,4.259681093394078,1.5945330296127562,2.1184510250569475,0.7289293849658315,1.6400911161731209,0.4586908637051702,0.8103315847032706,2.824601366742597,0.7517084282460137,2.072892938496583,-5.122279875911772,0.29612756264236906,0.6378132118451025,True,36.0,68.0,94.0,69.0,94.0,74.0,71.9,36.0,False
Ousmane Dembélé,22.099838135764003,14.00897953659296,42.27774868160486,142.0,28.0,103.0,142.0,29.0,22.0,21.0,104.0,21.0,64.0,17.0,18.0,44.0,6.0,66.0,2348.0,31.0,13,31.0,31.0,28.0,FRA-Ligue 1,PSG,FW,2,122500000.0,226600000.0,2028.0,91.0,93.0,90.0,69.0,88.0,74.0,95.0,CF,90.0,90.0,36.6666666666665,45.553857219924495,83.1505842429575,21.935853379152,0.7128980043794839,0.1556326629279155,4.580645161290323,3.3225806451612905,0.7253521126760564,0.6774193548387096,2.064516129032258,0.5483870967741935,0.5806451612903226,0.1935483870967742,1.4193548387096775,0.45190256569654713,1.3637983445678987,3.3548387096774195,0.7096774193548387,2.129032258064516,5.900161864235997,1.0,1.4193548387096775,True,81.0,85.0,48.0,37.0,98.0,94.0,70.8,37.0,False
Mikel Merino,12.082975510507822,4.455241296440363,19.376477224752307,60.0,11.0,52.0,60.0,11.0,7.0,13.0,30.0,29.0,143.0,72.0,43.0,44.0,88.0,14.0,1402.0,11.0,5,29.1,29.1,29.0,ENG-Premier League,Arsenal,"MF,FW",2,35500000.0,65700000.0,2028.0,53.0,52.0,80.0,78.0,81.0,87.0,81.0,CM,83.0,83.0,45.3593355001805,48.0285898412325,77.937130679066,18.3014354066985,0.4152225261342894,0.20138292517513037,2.0618556701030926,1.7869415807560136,0.8666666666666667,0.9965635738831614,4.914089347079037,2.4742268041237114,1.4776632302405497,3.0240549828178693,1.5120274914089347,0.15310107547905027,0.6658583238746497,1.0309278350515463,0.24054982817869414,0.4810996563573883,-1.082975510507822,0.37800687285223367,0.549828178694158,True,83.0,65.0,97.0,66.0,62.0,9.0,70.4,9.0,False
Abdallah Sima,11.02822651527822,2.459549785591662,13.795841584913433,68.0,8.0,59.0,67.0,9.0,2.0,13.0,23.0,21.0,95.0,22.0,39.0,34.0,62.0,10.0,966.0,9.0,4,21.8,21.8,24.0,FRA-Ligue 1,Lens,"MF,FW",2,4400000.0,8700000.0,2029.0,87.0,84.0,77.0,74.0,71.0,75.0,73.0,ST,73.0,77.0,50.3676470588235,43.605610561056494,74.276510280646,12.79279279279285,0.5058819502421201,0.16217980169526794,3.1192660550458715,2.706422018348624,0.8805970149253731,0.963302752293578,4.3577981651376145,1.0091743119266054,1.7889908256880733,2.8440366972477062,1.5596330275229358,0.11282338466016797,0.6328367699501575,1.055045871559633,0.09174311926605504,0.4587155963302752,-3.02822651527822,0.4128440366972477,0.5963302752293578,True,59.0,88.0,86.0,68.0,46.0,56.0,70.2,46.0,True
Kylian Mbappé,42.55316662415862,16.634746612980962,66.18040846288204,307.0,41.0,219.0,307.0,45.0,23.0,50.0,117.0,37.0,80.0,12.0,76.0,90.0,11.0,161.0,3275.0,56.0,8,61.199999999999996,61.199999999999996,26.0,ESP-La Liga,Real Madrid,FW,2,157000000.0,333600000.0,2029.0,96.0,97.0,94.0,77.0,88.0,78.0,91.0,ST,91.0,92.0,55.0,45.9405117299855,85.87815484717149,18.188973028162998,0.6953131801333109,0.13860966327087498,5.016339869281046,3.5784313725490198,0.7133550488599348,0.6045751633986929,1.3071895424836601,0.19607843137254904,1.2418300653594772,0.17973856209150327,1.4705882352941178,0.2718095851794275,1.0813792232497066,1.911764705882353,0.37581699346405234,2.630718954248366,-1.5531666241586208,0.9150326797385622,1.0457516339869282,True,70.0,84.0,32.0,62.0,93.0,99.0,69.5,32.0,False
Emanuel Emegha,21.876927665434778,3.2642524130642414,26.005462195724256,78.0,18.0,74.0,78.0,17.0,6.0,28.0,21.0,22.0,69.0,6.0,46.0,31.0,32.0,10.0,762.0,18.0,5,30.4,30.4,22.0,FRA-Ligue 1,Strasbourg,FW,2,22000000.0,43500000.0,2028.0,89.0,81.0,79.0,82.0,73.0,77.0,82.0,ST,78.0,83.0,69.8529411764705,38.837803320562,81.70223693220751,23.2401157184185,0.7196357784682493,0.2804734316081382,2.5657894736842106,2.4342105263157894,0.9487179487179487,0.7236842105263158,2.2697368421052633,0.19736842105263158,1.5131578947368423,1.0526315789473684,1.0197368421052633,0.10737672411395531,0.8554428353856663,0.6907894736842105,0.19736842105263158,0.32894736842105265,-3.8769276654347777,0.5921052631578948,0.7565789473684211,True,91.0,91.0,49.0,64.0,53.0,52.0,69.3,49.0,False
João Pedro,20.781502606347203,9.602088684216142,35.19035130739212,120.0,20.0,100.0,120.0,25.0,17.0,19.0,59.0,39.0,131.0,43.0,102.0,93.0,116.0,69.0,2303.0,25.0,11,51.2,51.2,23.0,ENG-Premier League,Brighton,"FW,MF",2,44000000.0,86900000.0,2033.0,79.0,80.0,85.0,75.0,82.0,81.0,84.0,ST,82.0,86.0,47.6214796439515,46.265172735761,74.9626571511555,20.91227047508,0.4058887227802188,0.1731791883862267,2.34375,1.953125,0.8333333333333334,0.76171875,2.55859375,0.83984375,1.9921875,2.265625,1.81640625,0.18754079461359652,0.6873115489725024,1.15234375,0.33203125,1.34765625,-0.7815026063472033,0.48828125,0.703125,True,84.0,65.0,63.0,70.0,69.0,57.0,69.0,57.0,False
Désiré Doué,13.535631889477372,13.848399505019188,38.38691745698452,110.0,13.0,69.0,110.0,11.0,21.0,15.0,84.0,29.0,158.0,80.0,72.0,63.0,9.0,89.0,2863.0,13.0,10,34.2,34.2,20.0,FRA-Ligue 1,PSG,"FW,MF",2,101000000.0,194400000.0,2029.0,83.0,85.0,79.0,83.0,89.0,46.0,83.0,CAM,86.0,91.0,30.5555555555555,48.6277281660515,85.991114617997,11.818181818182001,0.3957787102186366,0.12305119899524884,3.216374269005848,2.0175438596491224,0.6272727272727273,0.8479532163742689,4.619883040935672,2.3391812865497075,2.1052631578947367,0.2631578947368421,1.8421052631578947,0.40492396213506393,1.122424487046331,2.4561403508771926,0.6140350877192982,2.6023391812865495,-0.5356318894773722,0.38011695906432746,0.6725146198830408,True,42.0,56.0,92.0,60.0,97.0,76.0,69.0,42.0,False
Mika Biereth,13.892752133309843,7.101448390632868,25.349751234054565,61.0,14.0,56.0,61.0,15.0,12.0,14.0,43.0,20.0,55.0,16.0,44.0,39.0,34.0,5.0,799.0,15.0,4,25.5,25.5,22.0,FRA-Ligue 1,Monaco,FW,2,21500000.0,45200000.0,2030.0,75.0,69.0,80.0,79.0,77.0,79.0,81.0,ST,77.0,84.0,31.888440860215,39.466463414634,62.6000681314935,20.739348370927498,0.5448138091494056,0.22775003497229251,2.392156862745098,2.196078431372549,0.9180327868852459,0.7843137254901961,2.156862745098039,0.6274509803921569,1.7254901960784315,1.3333333333333333,1.5294117647058822,0.2784881721816811,0.9941078915315515,1.6862745098039216,0.47058823529411764,0.19607843137254902,0.10724786669015707,0.5882352941176471,0.7450980392156863,True,89.0,84.0,58.0,47.0,84.0,16.0,68.3,16.0,False
Said El Mala,11.824968876317143,4.186228644102812,17.244747333228588,74.0,12.0,57.0,75.0,11.0,8.0,17.0,21.0,21.0,63.0,24.0,23.0,42.0,17.0,44.0,859.0,13.0,4,21.7,21.7,18.0,GER-Bundesliga,Köln,"FW,MF",1,16000000.0,32000000.0,2030.0,85.0,83.0,77.0,69.0,68.0,41.0,76.0,CAM,76.0,87.0,44.736842105263,39.393939393939,74.193548387097,17.333333333333,0.5449294413049375,0.15979687670698842,3.4101382488479266,2.6267281105990783,0.76,0.967741935483871,2.903225806451613,1.1059907834101383,1.0599078341013826,0.783410138248848,1.935483870967742,0.19291376240105124,0.7946888171994742,0.967741935483871,0.3686635944700461,2.0276497695852536,0.17503112368285656,0.599078341013825,0.783410138248848,True,67.0,81.0,78.0,39.0,70.0,76.0,68.3,39.0,True
Nicolas Jackson,22.326072512194514,5.562030773609877,29.929658722132444,114.0,18.0,98.0,114.0,17.0,10.0,29.0,46.0,29.0,73.0,30.0,39.0,57.0,29.0,29.0,1278.0,18.0,6,35.9,35.9,24.0,GER-Bundesliga,Bayern Munich,FW,2,24500000.0,0.0,,82.0,81.0,81.0,77.0,77.0,76.0,83.0,ST,79.0,82.0,42.298850574713,36.571003113578,79.1145833333335,17.1052631578945,0.6218961702561147,0.1958427413350396,3.1754874651810585,2.7298050139275767,0.8596491228070176,0.807799442896936,2.033426183844011,0.8356545961002786,1.0863509749303621,0.807799442896936,1.5877437325905293,0.15493121932060938,0.8336952290287589,1.2813370473537604,0.2785515320334262,0.807799442896936,-4.326072512194514,0.5013927576601671,0.6685236768802229,True,81.0,90.0,62.0,37.0,72.0,52.0,67.9,37.0,False
Mateo Retegui,19.252317164093256,5.460668161511421,26.73618371039629,104.0,21.0,96.0,104.0,24.0,6.0,18.0,38.0,17.0,69.0,14.0,34.0,48.0,51.0,12.0,970.0,25.0,8,26.5,26.5,25.0,ITA-Serie A,Atalanta,FW,1,,,,,,,,,,,,,,42.148760330579,38.216560509554,78.057553956835,24.038461538462,0.7265025344940851,0.18511843427012747,3.9245283018867925,3.6226415094339623,0.9230769230769231,0.6415094339622641,2.6037735849056602,0.5283018867924528,1.2830188679245282,1.9245283018867925,1.8113207547169812,0.20606294949099702,1.008912592845143,1.4339622641509433,0.22641509433962265,0.4528301886792453,1.747682835906744,0.9433962264150944,1.2452830188679245,True,88.0,98.0,49.0,42.0,79.0,19.0,67.9,19.0,False
Joaquín Panichelli,10.155420538038015,2.9524750281125307,14.645621437579392,58.0,11.0,56.0,59.0,15.0,5.0,13.0,22.0,18.0,71.0,26.0,44.0,26.0,60.0,11.0,838.0,16.0,1,24.4,24.4,22.0,FRA-Ligue 1,Strasbourg,FW,1,24000000.0,50400000.0,2030.0,69.0,63.0,80.0,86.0,73.0,84.0,78.0,ST,77.0,85.0,43.165467625899,46.428571428571,72.532188841202,27.118644067797,0.4162057597556564,0.17509345755237957,2.377049180327869,2.295081967213115,0.9491525423728814,0.7377049180327869,2.9098360655737707,1.0655737704918034,1.8032786885245902,2.459016393442623,1.0655737704918034,0.12100307492264471,0.6002303867860407,0.9016393442622951,0.20491803278688525,0.45081967213114754,0.8445794619619846,0.6557377049180328,0.6967213114754098,True,84.0,81.0,68.0,73.0,48.0,11.0,67.6,11.0,True
Karim Adeyemi,10.957356538623571,10.825427951291203,27.40781719982624,77.0,14.0,55.0,77.0,13.0,15.0,11.0,44.0,25.0,94.0,25.0,43.0,51.0,16.0,67.0,1326.0,14.0,10,29.200000000000003,29.200000000000003,23.0,GER-Bundesliga,Dortmund,"MF,FW",2,43500000.0,77200000.0,2027.0,96.0,96.0,81.0,67.0,76.0,75.0,82.0,ST,82.0,86.0,42.0833333333335,38.627450980392,75.0438277476265,18.899018232819,0.37525193625423187,0.142303331670436,2.6369863013698627,1.8835616438356162,0.7142857142857143,0.8561643835616437,3.2191780821917804,0.8561643835616437,1.4726027397260273,0.547945205479452,1.7465753424657533,0.3707338339483289,0.938623876706378,1.506849315068493,0.5136986301369862,2.294520547945205,3.0426434613764286,0.4794520547945205,0.821917808219178,True,69.0,53.0,74.0,47.0,88.0,98.0,67.4,47.0,False
Maximilian Beier,17.736896503716707,8.165976824238896,30.077263606712222,92.0,17.0,77.0,92.0,17.0,15.0,19.0,51.0,29.0,118.0,51.0,40.0,58.0,48.0,40.0,1721.0,17.0,11,40.2,40.2,22.0,GER-Bundesliga,Dortmund,"MF,FW",2,31000000.0,55000000.0,2029.0,86.0,86.0,83.0,53.0,76.0,74.0,83.0,ST,80.0,84.0,46.0227272727275,39.738840872526,71.4965098310865,18.5238095238095,0.44121633093822654,0.19279235330126857,2.288557213930348,1.9154228855721391,0.8369565217391305,0.7213930348258706,2.935323383084577,1.2686567164179103,0.9950248756218905,1.1940298507462686,1.4427860696517412,0.2031337518467387,0.748190636982891,1.2686567164179103,0.3731343283582089,0.9950248756218905,-0.7368965037167072,0.42288557213930345,0.6965174129353233,True,84.0,67.0,69.0,43.0,74.0,69.0,67.3,43.0,False
Hugo Ekitike,32.74953697249293,9.988901812583208,48.40409425646067,182.0,25.0,138.0,182.0,26.0,15.0,27.0,65.0,34.0,129.0,27.0,29.0,60.0,83.0,90.0,1900.0,26.0,12,48.5,48.5,23.0,ENG-Premier League,Liverpool,FW,2,74500000.0,143400000.0,2031.0,86.0,85.0,86.0,70.0,84.0,79.0,86.0,ST,85.0,88.0,41.911288581912004,38.5708957365005,76.59615384615401,14.871794871795,0.6752481849998543,0.17994251083787327,3.752577319587629,2.845360824742268,0.7582417582417582,0.7010309278350515,2.6597938144329896,0.5567010309278351,0.5979381443298969,1.711340206185567,1.2371134020618557,0.20595673840377748,0.9980225619888797,1.3402061855670102,0.30927835051546393,1.8556701030927836,-7.749536972492933,0.5360824742268041,0.7835051546391752,True,78.0,84.0,55.0,35.0,79.0,79.0,67.2,35.0,False
Rômulo,15.178863540291786,3.606802409514785,23.735963854938745,63.0,9.0,61.0,63.0,9.0,6.0,22.0,26.0,19.0,71.0,30.0,20.0,35.0,53.0,11.0,943.0,9.0,4,24.3,24.3,23.0,GER-Bundesliga,RB Leipzig,FW,1,21500000.0,38200000.0,2030.0,67.0,68.0,82.0,84.0,80.0,81.0,81.0,ST,78.0,83.0,38.686131386861,42.142857142857,74.910394265233,14.285714285714,0.6246445901354645,0.24093434190939342,2.5925925925925926,2.5102880658436213,0.9682539682539683,0.7818930041152263,2.921810699588477,1.2345679012345678,0.823045267489712,2.1810699588477367,1.4403292181069958,0.14842808269608168,0.9767886360057096,1.0699588477366255,0.24691358024691357,0.45267489711934156,-6.178863540291786,0.37037037037037035,0.5349794238683128,True,82.0,92.0,74.0,37.0,66.0,11.0,67.1,11.0,True
Christian Pulisic,17.41429916024208,12.254061563871801,38.240974420681596,111.0,16.0,86.0,111.0,19.0,17.0,18.0,107.0,26.0,147.0,58.0,60.0,60.0,21.0,71.0,2502.0,19.0,13,45.4,45.4,26.0,ITA-Serie A,Milan,FW,2,59000000.0,100300000.0,2027.0,88.0,90.0,85.0,57.0,83.0,50.0,84.0,RW,85.0,85.0,26.506390748630498,50.866594191644495,84.748093212219,17.056530214425,0.38357487137097096,0.15688557802019892,2.444933920704846,1.894273127753304,0.7747747747747747,0.5726872246696035,3.237885462555066,1.277533039647577,1.3215859030837005,0.4625550660792952,1.3215859030837005,0.2699132503055463,0.8423122119092863,2.356828193832599,0.3744493392070485,1.5638766519823788,-1.4142991602420807,0.41850220264317184,0.7048458149779736,True,74.0,59.0,58.0,52.0,92.0,85.0,67.0,52.0,False
Jonathan David,24.837122462689877,8.936078354716301,36.8660875717178,114.0,16.0,101.0,114.0,22.0,13.0,29.0,69.0,35.0,127.0,41.0,62.0,63.0,34.0,26.0,1869.0,22.0,9,48.2,48.2,25.0,ITA-Serie A,Juventus,FW,2,34500000.0,61200000.0,2030.0,81.0,79.0,84.0,77.0,81.0,77.0,88.0,ST,81.0,84.0,27.8988431530805,41.5473032714415,80.780078362494,18.2759772803205,0.5152929971512422,0.2178694952867533,2.3651452282157677,2.0954356846473026,0.8859649122807017,0.7261410788381742,2.6348547717842323,0.8506224066390041,1.2863070539419086,0.7053941908713692,1.3070539419087137,0.18539581648789005,0.7648565886248505,1.4315352697095436,0.2697095435684647,0.5394190871369294,-8.837122462689877,0.45643153526970953,0.6431535269709543,True,88.0,78.0,62.0,40.0,76.0,43.0,67.0,40.0,False
Breel Embolo,21.413366079330444,7.3483677404001355,33.13048926554621,91.0,15.0,84.0,92.0,14.0,11.0,24.0,47.0,27.0,116.0,41.0,101.0,84.0,60.0,29.0,1483.0,14.0,7,41.3,41.3,28.0,FRA-Ligue 1,Monaco,"FW,MF",2,11000000.0,20900000.0,2029.0,78.0,73.0,73.0,85.0,74.0,74.0,79.0,ST,77.0,77.0,46.7333654773385,42.537350973388996,70.7316833112425,15.638450502152,0.5184834401774926,0.2353117151574774,2.203389830508475,2.033898305084746,0.9130434782608695,0.6537530266343826,2.8087167070217918,0.9927360774818402,2.4455205811138017,1.4527845036319613,2.033898305084746,0.17792657967070546,0.802191023378843,1.1380145278450364,0.26634382566585957,0.7021791767554479,-6.413366079330444,0.33898305084745767,0.5084745762711865,True,73.0,79.0,58.0,66.0,66.0,37.0,66.5,37.0,False
Lukas Nmecha,10.333729260601103,1.8997879680246115,12.422950609587133,50.0,7.0,45.0,50.0,9.0,2.0,12.0,14.0,10.0,46.0,14.0,35.0,21.0,50.0,11.0,616.0,9.0,1,17.2,17.2,26.0,GER-Bundesliga,Wolfsburg,FW,2,9000000.0,17800000.0,2027.0,74.0,75.0,76.0,79.0,71.0,74.0,76.0,ST,76.0,77.0,48.785344484269004,53.0342516753535,65.906084656085,17.5,0.6007982128256456,0.20667458521202206,2.906976744186047,2.616279069767442,0.9,0.5813953488372093,2.674418604651163,0.813953488372093,2.0348837209302326,2.906976744186047,1.2209302325581395,0.11045278883864021,0.7222645703248334,0.813953488372093,0.11627906976744186,0.6395348837209303,-3.3337292606011033,0.5232558139534884,0.5813953488372093,True,76.0,90.0,48.0,83.0,42.0,30.0,66.4,30.0,True
Dango Ouattara,19.62800257280469,11.852694530040026,31.725099529139694,118.0,14.0,93.0,118.0,14.0,22.0,25.0,62.0,35.0,177.0,59.0,58.0,63.0,98.0,62.0,2126.0,14.0,7,47.6,47.6,23.0,ENG-Premier League,Bournemouth,"MF,FW",2,20000000.0,39500000.0,2030.0,85.0,87.0,77.0,65.0,78.0,70.0,75.0,LM,78.0,82.0,45.2081563296515,43.194158397304,64.47568468187049,11.8951612903225,0.41235299522698926,0.16633900485427702,2.4789915966386555,1.953781512605042,0.788135593220339,0.7352941176470588,3.718487394957983,1.2394957983193278,1.218487394957983,2.0588235294117645,1.3235294117647058,0.2490061876058829,0.6664936875869684,1.3025210084033614,0.4621848739495798,1.3025210084033614,-5.628002572804689,0.29411764705882354,0.4411764705882353,True,58.0,64.0,77.0,55.0,75.0,74.0,66.2,55.0,False
Vinicius Júnior,21.232617523521185,15.79449276253581,46.546393409371376,181.0,21.0,130.0,182.0,24.0,20.0,23.0,129.0,43.0,159.0,50.0,151.0,93.0,1.0,169.0,3323.0,27.0,13,56.3,56.3,25.0,ESP-La Liga,Real Madrid,"FW,MF",2,,,,,,,,,,,,,,6.25,48.97309429661,81.1006253858335,14.710915535998,0.3771335261726676,0.11730727913547616,3.2149200710479575,2.3090586145648313,0.7142857142857143,0.763765541740675,2.8241563055062167,0.8880994671403197,2.6820603907637657,0.017761989342806397,1.6518650088809947,0.2805416121231938,0.8267565436833282,2.291296625222025,0.3552397868561279,3.0017761989342806,-0.23261752352118492,0.47957371225577267,0.7104795737122558,True,42.0,65.0,67.0,58.0,90.0,98.0,66.1,42.0,False
Noni Madueke,13.85863721743226,7.132679257541895,25.396486043930054,105.0,9.0,88.0,106.0,9.0,13.0,16.0,56.0,27.0,119.0,46.0,40.0,42.0,21.0,74.0,1812.0,10.0,4,36.1,36.1,23.0,ENG-Premier League,Arsenal,"FW,MF",2,30000000.0,57800000.0,2030.0,88.0,89.0,75.0,67.0,80.0,55.0,79.0,CAM,80.0,84.0,41.060606060606,44.6486189984515,79.897558379944,10.144230769231001,0.3838957677959075,0.1319870211184025,2.9085872576177283,2.4376731301939056,0.8301886792452831,0.7479224376731302,3.296398891966759,1.2742382271468145,1.1080332409972298,0.5817174515235457,1.1634349030470914,0.19758114286819653,0.7035037685299184,1.5512465373961217,0.3601108033240997,2.0498614958448753,-4.8586372174322605,0.27700831024930744,0.38781163434903043,True,38.0,75.0,75.0,54.0,79.0,88.0,66.1,38.0,False
Georges Mikautadze,23.48271982371807,9.470227717421949,36.54475121200085,122.0,21.0,103.0,121.0,23.0,16.0,30.0,49.0,21.0,84.0,13.0,68.0,50.0,25.0,49.0,1491.0,24.0,12,41.5,39.5,24.0,FRA-Ligue 1,Lyon,"FW,MF",2,25500000.0,55500000.0,2031.0,83.0,84.0,82.0,73.0,80.0,72.0,81.0,ST,79.0,83.0,25.2642706131075,45.5325381879055,77.04440389294399,19.8214285714285,0.5658486704510378,0.192481310030476,2.9397590361445785,2.4819277108433737,0.8512396694214877,0.5060240963855421,2.0240963855421685,0.3132530120481928,1.6385542168674698,0.6024096385542169,1.2048192771084338,0.2281982582511313,0.8805964147470083,1.180722891566265,0.3855421686746988,1.180722891566265,-2.482719823718071,0.5783132530120482,0.8674698795180723,True,85.0,84.0,27.0,54.0,80.0,64.0,65.4,27.0,False
Gaëtan Laborde,9.478462118655443,5.10445948690176,14.99045941233635,74.0,7.0,61.0,74.0,9.0,9.0,7.0,27.0,15.0,49.0,19.0,18.0,18.0,49.0,18.0,792.0,11.0,4,20.3,20.3,30.0,FRA-Ligue 1,Nice,FW,1,,,,,,,,,,,,,,50.515463917526,41.860465116279,73.290598290598,14.864864864865,0.4669193161899233,0.12808732592777625,3.645320197044335,3.0049261083743843,0.8243243243243243,0.7389162561576355,2.413793103448276,0.9359605911330049,0.8866995073891625,2.413793103448276,0.8866995073891625,0.2514512062513182,0.7384462764697709,1.3300492610837438,0.44334975369458124,0.8866995073891625,-2.478462118655443,0.541871921182266,0.7389162561576355,True,50.0,85.0,62.0,53.0,80.0,51.0,65.2,50.0,True
Bryan Mbeumo,22.374356464482844,15.46749840117991,46.69325399026275,159.0,26.0,120.0,158.0,29.0,23.0,22.0,117.0,52.0,247.0,74.0,72.0,76.0,50.0,70.0,3241.0,31.0,10,66.9,66.9,25.0,ENG-Premier League,Manchester Utd,"MF,FW",2,64500000.0,127400000.0,2030.0,90.0,90.0,87.0,73.0,83.0,63.0,84.0,RW,85.0,86.0,24.0612648221345,46.607187735612,76.460599701806,19.2989524576955,0.3344447902015372,0.14071922304706191,2.3766816143497755,1.7937219730941703,0.759493670886076,0.7772795216741405,3.6920777279521673,1.1061285500747384,1.0762331838565022,0.7473841554559043,1.1360239162929744,0.23120326459162793,0.6979559639800111,1.748878923766816,0.34379671150971597,1.046337817638266,3.625643535517156,0.46337817638266066,0.6128550074738415,True,72.0,52.0,77.0,43.0,81.0,79.0,65.2,43.0,False
Amine Gouiri,17.92793482169509,8.549418894574046,28.80007223971188,119.0,21.0,89.0,120.0,18.0,14.0,16.0,67.0,31.0,109.0,26.0,35.0,58.0,18.0,44.0,1685.0,21.0,6,37.8,26.299999999999997,25.0,FRA-Ligue 1,Marseille,FW,2,23500000.0,46400000.0,2029.0,77.0,79.0,85.0,71.0,79.0,68.0,83.0,CAM,79.0,82.0,33.3333333333335,38.131165022661,83.9278008938205,18.453145057766,0.4742839899919336,0.15065491446802595,3.1481481481481484,2.354497354497355,0.7416666666666667,0.8201058201058201,2.8835978835978837,0.6878306878306879,0.925925925925926,0.4761904761904762,1.5343915343915344,0.22617510303105945,0.7619066730082509,1.7724867724867726,0.3703703703703704,1.1640211640211642,3.0720651783049107,0.5555555555555556,0.7142857142857143,True,75.0,73.0,68.0,28.0,86.0,50.0,64.6,28.0,False
Rafael Leão,16.750723335891962,12.522758186794817,35.71293139550835,130.0,15.0,100.0,129.0,14.0,20.0,18.0,81.0,25.0,109.0,22.0,86.0,61.0,54.0,85.0,2179.0,17.0,11,46.400000000000006,46.400000000000006,26.0,ITA-Serie A,Milan,FW,2,49500000.0,87900000.0,2028.0,93.0,93.0,82.0,79.0,83.0,72.0,76.0,RM,84.0,85.0,51.454545454545496,47.758620689655004,80.35988875071851,13.203463203463,0.36100696844594743,0.1288517179683997,2.8017241379310343,2.155172413793103,0.7751937984496124,0.5387931034482758,2.3491379310344827,0.4741379310344827,1.8534482758620687,1.1637931034482758,1.314655172413793,0.2698870298878193,0.7696752455928523,1.7456896551724135,0.43103448275862066,1.8318965517241377,-1.750723335891962,0.36637931034482757,0.6034482758620688,True,53.0,64.0,35.0,78.0,88.0,95.0,64.5,35.0,False
Martial Godo,8.613017499446869,2.3427590243518353,15.37150352820754,41.0,10.0,35.0,41.0,8.0,2.0,8.0,25.0,21.0,76.0,16.0,32.0,30.0,4.0,25.0,789.0,10.0,1,17.900000000000002,17.900000000000002,22.0,ENG-Premier League,Fulham,"FW,MF",2,9500000.0,20000000.0,2030.0,85.0,88.0,63.0,53.0,72.0,53.0,67.0,RM,74.0,82.0,25.0,33.684210526316,77.2108843537415,12.1951219512195,0.48117416198027196,0.21007359754748461,2.2905027932960893,1.9553072625698322,0.8536585365853658,1.1731843575418992,4.245810055865921,0.8938547486033519,1.7877094972067038,0.22346368715083798,1.6759776536312847,0.13088039242189023,0.8587432138663429,1.3966480446927372,0.11173184357541899,1.3966480446927372,1.386982500553131,0.5586592178770949,0.6145251396648044,True,57.0,71.0,87.0,36.0,62.0,76.0,64.4,36.0,True
Richarlison,14.169177551753819,4.232449141331017,14.709606500342488,78.0,15.0,73.0,78.0,14.0,6.0,16.0,24.0,17.0,72.0,32.0,46.0,38.0,79.0,13.0,920.0,15.0,5,27.4,27.4,28.0,ENG-Premier League,Tottenham,FW,2,18000000.0,34200000.0,2027.0,76.0,77.0,79.0,74.0,79.0,82.0,80.0,ST,79.0,79.0,35.093711683307,41.2080961416825,62.3225552050475,20.781099324976,0.5171232683121832,0.1816561224583823,2.8467153284671536,2.664233576642336,0.9358974358974359,0.6204379562043796,2.6277372262773726,1.1678832116788322,1.6788321167883213,2.883211678832117,1.3868613138686132,0.15446894676390574,0.5368469525672441,0.8759124087591241,0.21897810218978103,0.4744525547445256,0.830822448246181,0.5474452554744526,0.7299270072992701,True,80.0,91.0,56.0,52.0,46.0,30.0,64.0,30.0,False
Gabriel Martinelli,14.570523500442505,7.833323763683438,26.850995793938637,85.0,9.0,76.0,84.0,9.0,11.0,15.0,53.0,35.0,130.0,35.0,35.0,64.0,25.0,55.0,1603.0,9.0,8,37.4,37.4,24.0,ENG-Premier League,Arsenal,"FW,MF",2,35000000.0,67400000.0,2027.0,90.0,92.0,79.0,63.0,79.0,72.0,80.0,RM,81.0,84.0,30.563186813187002,41.285474234503496,75.698421975453,8.996865203761999,0.38958618985140386,0.1714179235346177,2.272727272727273,2.0320855614973263,0.9047619047619048,0.9358288770053477,3.4759358288770055,0.9358288770053477,0.9358288770053477,0.6684491978609626,1.7112299465240641,0.20944715945677644,0.7179410640090544,1.4171122994652408,0.29411764705882354,1.4705882352941178,-5.570523500442505,0.24064171122994654,0.4545454545454546,True,54.0,71.0,79.0,29.0,76.0,88.0,63.9,29.0,False
Sofiane Diop,12.209749690257013,6.692585168406367,25.88157485704869,76.0,12.0,45.0,76.0,13.0,12.0,6.0,60.0,26.0,184.0,45.0,65.0,54.0,12.0,42.0,2086.0,14.0,6,35.5,35.5,25.0,FRA-Ligue 1,Nice,"MF,FW",2,,,,,,,,,,,,,,28.1524926686215,45.532950022114505,79.50891321327899,21.043771043771,0.3439366109931553,0.16065460118759228,2.140845070422535,1.267605633802817,0.5921052631578947,0.7323943661971831,5.183098591549296,1.267605633802817,1.8309859154929577,0.3380281690140845,1.5211267605633803,0.1885235258706019,0.7290584466774279,1.6901408450704225,0.3380281690140845,1.1830985915492958,-0.20974969025701284,0.39436619718309857,0.5633802816901409,True,78.0,32.0,81.0,55.0,79.0,67.0,63.7,32.0,False
Jonathan Burkardt,24.10156414285302,3.8941311230883002,29.922014988027513,113.0,25.0,100.0,113.0,29.0,5.0,17.0,30.0,27.0,95.0,23.0,39.0,52.0,32.0,22.0,1255.0,31.0,3,38.2,38.2,25.0,GER-Bundesliga,Frankfurt,FW,2,42000000.0,74600000.0,2030.0,83.0,82.0,86.0,76.0,77.0,74.0,85.0,ST,82.0,85.0,19.722222222222,41.641791044776,73.971548831576,28.3536585365855,0.6309309985040058,0.21328817825533647,2.9581151832460733,2.6178010471204187,0.8849557522123894,0.706806282722513,2.486910994764398,0.6020942408376962,1.0209424083769634,0.8376963350785339,1.3612565445026177,0.10194060531644764,0.7832988216761129,0.7853403141361256,0.13089005235602094,0.5759162303664921,0.8984358571469784,0.8115183246073298,0.8900523560209423,True,95.0,90.0,54.0,30.0,45.0,49.0,63.3,30.0,False
Ibrahim Mbaye,6.027116872370243,3.1900684256106615,13.368348557502031,36.0,4.0,30.0,36.0,3.0,5.0,10.0,23.0,14.0,51.0,18.0,16.0,28.0,7.0,26.0,1021.0,4.0,3,15.0,15.0,17.0,FRA-Ligue 1,PSG,FW,2,8500000.0,17400000.0,2028.0,89.0,91.0,63.0,48.0,70.0,39.0,71.0,RW,74.0,85.0,34.523809523809504,34.875301689461,88.31603657029899,10.41666666666665,0.40180779149134954,0.16741991312139565,2.4,2.0,0.8333333333333334,0.9333333333333333,3.4,1.2,1.0666666666666667,0.4666666666666667,1.8666666666666667,0.2126712283740441,0.8912232371668021,1.5333333333333334,0.3333333333333333,1.7333333333333334,-2.027116872370243,0.26666666666666666,0.4666666666666667,True,44.0,67.0,83.0,26.0,86.0,89.0,63.1,26.0,True
Kevin Schade,20.539518816396594,8.279779859818518,33.142742689698935,112.0,19.0,107.0,112.0,19.0,15.0,24.0,52.0,28.0,177.0,80.0,81.0,81.0,177.0,50.0,2067.0,19.0,5,56.0,56.0,23.0,ENG-Premier League,Brentford,"MF,FW",2,25000000.0,49400000.0,2028.0,92.0,93.0,78.0,73.0,78.0,80.0,79.0,ST,79.0,83.0,51.615096905814,43.633806681759,66.0138248847925,17.017543859649,0.3667771217213677,0.18338856086068386,2.0,1.9107142857142858,0.9553571428571429,0.5,3.1607142857142856,1.4285714285714286,1.4464285714285714,3.1607142857142856,1.4464285714285714,0.14785321178247354,0.591834690887481,0.9285714285714286,0.26785714285714285,0.8928571428571429,-1.539518816396594,0.3392857142857143,0.42857142857142855,True,74.0,68.0,51.0,63.0,51.0,80.0,63.1,51.0,False
Serhou Guirassy,39.28177251294255,5.856756405904889,48.01158122345806,173.0,34.0,156.0,174.0,36.0,8.0,42.0,45.0,25.0,99.0,9.0,89.0,61.0,209.0,23.0,1999.0,38.0,5,54.9,54.9,29.0,GER-Bundesliga,Dortmund,FW,2,54000000.0,91800000.0,2028.0,72.0,73.0,85.0,85.0,87.0,86.0,88.0,ST,85.0,85.0,55.120726885218005,43.0050505050505,74.265588752197,21.785714285714,0.7155149820208115,0.2270622688609396,3.1511839708561022,2.841530054644809,0.896551724137931,0.4553734061930783,1.8032786885245902,0.1639344262295082,1.621129326047359,3.806921675774135,1.1111111111111112,0.10668044455200162,0.8745278911376696,0.819672131147541,0.14571948998178508,0.41894353369763204,-5.281772512942553,0.6921675774134791,0.7832422586520947,True,94.0,94.0,20.0,71.0,49.0,18.0,63.0,18.0,False
Francesco Esposito,9.864515269175172,2.056677933782339,13.50071531161666,57.0,7.0,52.0,57.0,7.0,2.0,13.0,22.0,10.0,31.0,9.0,50.0,22.0,42.0,4.0,651.0,7.0,3,17.5,17.5,20.0,ITA-Serie A,Inter,FW,1,16500000.0,30500000.0,2027.0,64.0,60.0,79.0,85.0,65.0,79.0,78.0,ST,76.0,84.0,52.5,49.206349206349,73.150684931507,12.280701754386,0.5636865868100098,0.1730616713890381,3.257142857142857,2.9714285714285715,0.9122807017543859,0.5714285714285714,1.7714285714285714,0.5142857142857142,2.857142857142857,2.4,1.2571428571428571,0.11752445335899081,0.7714694463780948,1.2571428571428571,0.11428571428571428,0.22857142857142856,-2.864515269175172,0.4,0.5714285714285714,True,63.0,92.0,35.0,87.0,55.0,3.0,62.7,3.0,True
Deniz Undav,30.27484510652721,10.241854149848223,50.35445249825717,199.0,28.0,152.0,197.0,25.0,16.0,34.0,67.0,34.0,102.0,29.0,45.0,57.0,59.0,19.0,1884.0,28.0,10,44.099999999999994,44.099999999999994,29.0,GER-Bundesliga,Stuttgart,"FW,MF",2,31000000.0,52700000.0,2027.0,67.0,68.0,85.0,84.0,84.0,75.0,87.0,ST,82.0,82.0,39.285714285714505,35.6439393939395,73.709770723104,13.7868852459015,0.6865044241842906,0.15213490003280006,4.512471655328799,3.44671201814059,0.7715736040609137,0.7709750566893425,2.3129251700680276,0.6575963718820863,1.0204081632653061,1.3378684807256238,1.2925170068027212,0.2322415906995062,1.1418243196883713,1.5192743764172338,0.36281179138322,0.43083900226757377,-2.2748451065272093,0.634920634920635,0.8616780045351475,True,67.0,87.0,59.0,35.0,84.0,10.0,62.6,10.0,False
Iván Romero,8.850742192938924,2.88573707267642,14.721420374698935,59.0,7.0,45.0,59.0,7.0,5.0,12.0,25.0,18.0,92.0,33.0,77.0,55.0,30.0,37.0,1110.0,7.0,1,25.1,25.1,24.0,ESP-La Liga,Levante,"FW,MF",1,,,,,,,,,,,,,,46.153846153846,49.0,73.220973782772,11.864406779661,0.3526192108740607,0.1500125795413377,2.3505976095617527,1.792828685258964,0.7627118644067796,0.7171314741035856,3.6653386454183265,1.3147410358565736,3.0677290836653386,1.195219123505976,2.191235059760956,0.1149696044891004,0.5865107719003559,0.99601593625498,0.199203187250996,1.4741035856573705,-1.8507421929389238,0.2788844621513944,0.3187250996015936,True,54.0,53.0,74.0,76.0,47.0,80.0,62.5,47.0,False
Christoph Baumgartner,22.42838181555271,6.0616371827200055,31.872716402634975,120.0,15.0,102.0,120.0,15.0,8.0,27.0,57.0,27.0,199.0,98.0,62.0,63.0,101.0,30.0,2611.0,15.0,9,48.8,48.8,25.0,GER-Bundesliga,RB Leipzig,"MF,FW",2,32500000.0,57700000.0,2028.0,74.0,81.0,84.0,55.0,78.0,75.0,83.0,CAM,81.0,83.0,50.7158418923125,42.594630954565,73.1562881562885,10.58879392212705,0.4595979880236212,0.1869031817962726,2.459016393442623,2.0901639344262297,0.85,0.5532786885245902,4.077868852459017,2.0081967213114753,1.2704918032786885,2.069672131147541,1.2909836065573772,0.12421387669508209,0.653129434480225,1.168032786885246,0.1639344262295082,0.6147540983606558,-7.4283818155527115,0.3073770491803279,0.49180327868852464,True,67.0,74.0,65.0,59.0,54.0,35.0,62.5,35.0,False
Christopher Nkunku,11.16193139180541,3.6273519303649664,15.491001418791711,54.0,5.0,46.0,54.0,9.0,4.0,14.0,30.0,18.0,61.0,17.0,33.0,27.0,30.0,19.0,1036.0,10.0,5,25.299999999999997,25.299999999999997,27.0,ENG-Premier League,Chelsea,"MF,FW",2,27500000.0,46800000.0,2030.0,77.0,77.0,80.0,63.0,78.0,65.0,81.0,CAM,81.0,81.0,38.125802310655004,45.027904616946,89.455077086656,18.0689655172415,0.4411830589646408,0.20670243318158169,2.1343873517786562,1.8181818181818183,0.8518518518518519,0.7114624505928855,2.4110671936758896,0.6719367588932808,1.3043478260869568,1.1857707509881423,1.0671936758893281,0.14337359408557182,0.6122925461973009,1.1857707509881423,0.158102766798419,0.7509881422924902,-6.16193139180541,0.3952569169960475,0.5928853754940712,True,83.0,66.0,55.0,57.0,60.0,39.0,62.4,39.0,False
Erling Haaland,46.660578202456236,9.088914449326694,55.58059837669134,234.0,43.0,212.0,234.0,45.0,14.0,51.0,54.0,27.0,75.0,26.0,38.0,50.0,130.0,30.0,1474.0,49.0,11,63.199999999999996,63.199999999999996,25.0,ENG-Premier League,Manchester City,FW,2,172500000.0,332100000.0,2034.0,88.0,82.0,96.0,93.0,86.0,85.0,95.0,ST,91.0,93.0,57.321092278719505,39.837398373983504,66.54583333333349,20.8994708994705,0.7383002880135481,0.1994041803523771,3.7025316455696204,3.3544303797468356,0.905982905982906,0.4272151898734178,1.1867088607594938,0.41139240506329117,0.6012658227848102,2.056962025316456,0.7911392405063292,0.14381193748934643,0.879439847732458,0.8544303797468356,0.22151898734177217,0.4746835443037975,-3.660578202456236,0.7753164556962026,0.949367088607595,True,91.0,96.0,18.0,49.0,56.0,56.0,62.2,18.0,False
Yoane Wissa,23.969242131337523,3.6190131716430187,32.08085858821869,103.0,19.0,89.0,103.0,20.0,4.0,23.0,32.0,23.0,95.0,27.0,53.0,41.0,45.0,16.0,1182.0,20.0,5,38.3,38.3,28.0,ENG-Premier League,Newcastle,FW,2,26500000.0,50400000.0,2029.0,85.0,83.0,84.0,68.0,74.0,81.0,84.0,ST,81.0,81.0,44.155844155844,34.835025380710505,74.64428274031249,14.40170940170935,0.6258287762751312,0.23271108865376236,2.689295039164491,2.3237597911227157,0.8640776699029126,0.6005221932114883,2.480417754569191,0.7049608355091385,1.3838120104438643,1.174934725848564,1.0704960835509139,0.0944912055259274,0.8376203286741173,0.8355091383812011,0.10443864229765014,0.41775456919060056,-4.9692421313375235,0.5221932114882507,0.6527415143603134,True,83.0,85.0,47.0,50.0,44.0,49.0,62.1,44.0,False
Nicolas Pépé,13.599425131455064,13.584846401587129,35.4195064548403,104.0,10.0,75.0,101.0,10.0,22.0,11.0,90.0,25.0,163.0,53.0,68.0,63.0,34.0,86.0,2395.0,11.0,14,43.3,43.3,30.0,ESP-La Liga,Villarreal,"FW,MF",2,25000000.0,52500000.0,2028.0,87.0,87.0,79.0,76.0,81.0,63.0,80.0,RW,81.0,81.0,44.459644322845506,47.430229345123,82.9279168825415,10.29657477025915,0.31407448340542876,0.13076370318706793,2.401847575057737,1.7321016166281757,0.7425742574257426,0.5773672055427252,3.7644341801385686,1.2240184757505774,1.5704387990762125,0.7852193995381063,1.4549653579676676,0.31373779218446024,0.8180024585413466,2.0785219399538106,0.5080831408775982,1.9861431870669748,-3.599425131455064,0.2540415704387991,0.5773672055427252,True,42.0,47.0,62.0,67.0,92.0,84.0,62.0,42.0,False
Charles De Ketelaere,14.001394435763359,17.343129597604275,41.64267209172249,94.0,10.0,77.0,94.0,10.0,30.0,13.0,103.0,35.0,200.0,37.0,75.0,106.0,79.0,92.0,2866.0,10.0,12,47.2,47.2,24.0,ITA-Serie A,Atalanta,"MF,FW",2,43500000.0,77200000.0,2028.0,71.0,72.0,78.0,69.0,73.0,75.0,82.0,CAM,82.0,86.0,47.9376108811355,42.83373623422,78.9174549066035,10.5525362318839,0.29663971262210503,0.14895100463578043,1.9915254237288134,1.6313559322033897,0.8191489361702128,0.7415254237288135,4.23728813559322,0.7838983050847457,1.5889830508474576,1.673728813559322,2.2457627118644066,0.36743918638992107,0.882260001943273,2.182203389830508,0.635593220338983,1.9491525423728813,-4.001394435763359,0.211864406779661,0.4661016949152542,True,50.0,47.0,74.0,58.0,93.0,43.0,61.5,43.0,False
Brahim Díaz,8.051312699913979,6.93565227277577,25.370969254523516,43.0,5.0,35.0,43.0,5.0,11.0,8.0,53.0,17.0,113.0,40.0,71.0,59.0,5.0,49.0,1705.0,5.0,8,29.4,29.4,25.0,ESP-La Liga,Real Madrid,"FW,MF",2,,,,,,,,,,,,,,18.8235294117645,52.786978122548504,89.4925290308105,10.47619047619035,0.27385417346646185,0.18723983023055765,1.4625850340136055,1.1904761904761905,0.813953488372093,0.5782312925170068,3.8435374149659864,1.3605442176870748,2.414965986394558,0.17006802721088435,2.0068027210884356,0.23590653989033233,0.8629581379089631,1.8027210884353742,0.3741496598639456,1.6666666666666667,-3.0513126999139786,0.17006802721088435,0.44217687074829937,True,61.0,34.0,64.0,58.0,90.0,85.0,61.2,34.0,False
Pavel Šulc,8.200931411236525,3.44930923357606,14.770196340978146,44.0,10.0,38.0,44.0,10.0,5.0,5.0,22.0,8.0,42.0,24.0,15.0,13.0,16.0,15.0,640.0,11.0,3,17.4,17.4,24.0,FRA-Ligue 1,Lyon,"FW,MF",1,19000000.0,37500000.0,2029.0,74.0,74.0,81.0,68.0,78.0,57.0,84.0,CAM,78.0,81.0,25.806451612903,41.860465116279,74.473684210526,25.0,0.47131789719750145,0.1863848048008301,2.528735632183908,2.1839080459770117,0.8636363636363636,0.4597701149425288,2.4137931034482762,1.3793103448275863,0.8620689655172414,0.9195402298850576,0.7471264367816093,0.19823616284919884,0.848861858676905,1.264367816091954,0.2873563218390805,0.8620689655172414,1.7990685887634754,0.632183908045977,0.8045977011494253,True,86.0,78.0,42.0,35.0,75.0,33.0,60.9,33.0,True
Viktor Gyökeres,11.58792421594262,2.6537387324497104,14.77520313858986,55.0,11.0,51.0,55.0,13.0,4.0,13.0,20.0,20.0,55.0,7.0,31.0,25.0,30.0,7.0,652.0,14.0,1,24.7,24.7,27.0,ENG-Premier League,Arsenal,FW,1,73500000.0,136000000.0,2030.0,86.0,83.0,88.0,91.0,85.0,81.0,87.0,ST,86.0,86.0,30.927835051546,32.116788321168,62.382445141066,25.454545454545,0.4691467293903895,0.21068953119895673,2.2267206477732793,2.064777327935223,0.9272727272727272,0.8097165991902834,2.2267206477732793,0.2834008097165992,1.2550607287449393,1.2145748987854252,1.0121457489878543,0.10743881507893564,0.5981863618862292,0.8097165991902834,0.16194331983805668,0.2834008097165992,-0.5879242159426195,0.5668016194331984,0.6072874493927126,True,94.0,79.0,56.0,35.0,38.0,48.0,60.9,35.0,True
Folarin Balogun,16.971927544102073,5.320335051044822,22.385374180972576,108.0,14.0,98.0,108.0,15.0,11.0,16.0,30.0,22.0,63.0,6.0,46.0,40.0,29.0,18.0,960.0,17.0,4,31.6,31.6,24.0,FRA-Ligue 1,Monaco,FW,2,25500000.0,50400000.0,2028.0,84.0,82.0,82.0,74.0,77.0,75.0,81.0,ST,79.0,83.0,25.123287671233,32.993197278912,72.169575018786,14.8931713447845,0.5370863146867745,0.15714747726020437,3.4177215189873418,3.10126582278481,0.9074074074074074,0.6962025316455696,1.9936708860759493,0.18987341772151897,1.4556962025316456,0.9177215189873418,1.2658227848101264,0.16836503326091207,0.7083979171193853,0.9493670886075949,0.3481012658227848,0.5696202531645569,-2.9719275441020727,0.5379746835443038,0.6645569620253164,True,69.0,92.0,44.0,34.0,63.0,51.0,60.6,34.0,False
Malick Fofana,7.09745760820806,5.211243499070406,18.47632286697626,50.0,7.0,42.0,50.0,7.0,9.0,8.0,36.0,16.0,83.0,33.0,58.0,23.0,2.0,31.0,1277.0,7.0,5,26.0,26.0,20.0,FRA-Ligue 1,Lyon,"MF,FW",2,31000000.0,65099999.99999999,2028.0,86.0,87.0,74.0,36.0,77.0,32.0,74.0,RM,78.0,86.0,7.142857142857,55.3688141923435,82.102318925424,13.3276740237695,0.27297913877723307,0.1419491521641612,1.9230769230769231,1.6153846153846154,0.84,0.6153846153846154,3.1923076923076925,1.2692307692307692,2.230769230769231,0.07692307692307693,0.8846153846153846,0.20043244227193868,0.71062780257601,1.3846153846153846,0.34615384615384615,1.1923076923076923,-0.09745760820806026,0.2692307692307692,0.46153846153846156,True,50.0,46.0,62.0,67.0,79.0,73.0,60.5,46.0,False
Lucas Boyé,8.873975029215217,2.709607819095254,12.193470728583634,63.0,8.0,48.0,63.0,10.0,5.0,8.0,28.0,21.0,64.0,36.0,39.0,70.0,32.0,37.0,969.0,11.0,1,21.8,21.8,29.0,ESP-La Liga,Alavés,FW,1,10500000.0,23100000.0,2029.0,69.0,68.0,78.0,86.0,72.0,79.0,77.0,ST,77.0,77.0,29.906542056075,39.160839160839,73.141486810552,17.460317460317,0.4070630747346429,0.14085674649547963,2.8899082568807337,2.2018348623853212,0.7619047619047619,0.963302752293578,2.935779816513761,1.6513761467889907,1.7889908256880733,1.4678899082568806,3.2110091743119265,0.12429393665574559,0.5593335196597997,1.2844036697247705,0.2293577981651376,1.6972477064220184,-0.8739750292152166,0.5045871559633027,0.5504587155963303,True,61.0,68.0,83.0,40.0,54.0,36.0,60.4,36.0,True
Ermedin Demirović,23.5812497548759,4.510555172339082,31.20213949121535,107.0,26.0,99.0,107.0,26.0,9.0,27.0,35.0,16.0,72.0,26.0,53.0,52.0,65.0,12.0,1129.0,27.0,4,37.2,37.2,27.0,GER-Bundesliga,Stuttgart,FW,2,23000000.0,39100000.0,2028.0,72.0,68.0,84.0,77.0,73.0,71.0,83.0,ST,80.0,80.0,38.3453436807095,38.0094043887145,72.3340720221605,25.9977827051,0.6339045633031155,0.22038551172781212,2.876344086021505,2.661290322580645,0.9252336448598131,0.4301075268817204,1.9354838709677418,0.6989247311827956,1.4247311827956988,1.747311827956989,1.3978494623655913,0.12125148312739466,0.8387671906240685,0.9408602150537634,0.24193548387096772,0.3225806451612903,2.4187502451241016,0.7258064516129031,0.8333333333333333,True,94.0,93.0,26.0,45.0,57.0,13.0,60.1,13.0,False
Rodrygo,7.572723723948002,6.886424321681261,22.17786697484553,81.0,7.0,62.0,81.0,6.0,12.0,4.0,66.0,17.0,109.0,34.0,60.0,24.0,7.0,67.0,1974.0,7.0,8,29.0,29.0,24.0,ESP-La Liga,Real Madrid,"MF,FW",2,57500000.0,122200000.0,2028.0,87.0,88.0,79.0,59.0,83.0,67.0,83.0,CAM,84.0,87.0,15.217391304348,57.042729268704505,90.824915824916,7.407407407407351,0.261128404274069,0.09349041634503706,2.793103448275862,2.1379310344827585,0.7654320987654321,0.5862068965517241,3.7586206896551726,1.1724137931034482,2.0689655172413794,0.2413793103448276,0.8275862068965517,0.2374629076441814,0.7647540336153631,2.2758620689655173,0.41379310344827586,2.310344827586207,-0.5727237239480019,0.2413793103448276,0.5172413793103449,True,22.0,54.0,62.0,68.0,90.0,87.0,60.1,22.0,False
Ragnar Ache,11.002535559237003,2.971193479374051,12.966331753879786,52.0,7.0,44.0,52.0,7.0,6.0,13.0,28.0,7.0,34.0,13.0,29.0,24.0,128.0,9.0,622.0,7.0,4,19.1,19.1,27.0,GER-Bundesliga,Köln,FW,1,5000000.0,9400000.0,2029.0,80.0,79.0,74.0,86.0,69.0,79.0,75.0,ST,74.0,75.0,55.172413793103,47.115384615385,60.983606557377,13.461538461538,0.5760489821590054,0.2115872222930193,2.7225130890052354,2.3036649214659684,0.8461538461538461,0.36649214659685864,1.7801047120418847,0.6806282722513088,1.5183246073298429,6.701570680628271,1.256544502617801,0.15555986803005503,0.6788655368523447,1.4659685863874345,0.31413612565445026,0.47120418848167533,-4.002535559237003,0.36649214659685864,0.5759162303664921,True,68.0,82.0,20.0,73.0,66.0,38.0,60.0,20.0,True
Amine Adli,6.384001225233078,2.1955463867634535,11.52044546790421,39.0,5.0,30.0,40.0,5.0,2.0,8.0,27.0,13.0,91.0,51.0,31.0,15.0,52.0,23.0,1176.0,5.0,1,20.7,20.7,25.0,GER-Bundesliga,Leverkusen,"MF,FW",2,14000000.0,27700000.0,2030.0,84.0,87.0,77.0,67.0,71.0,74.0,78.0,ST,77.0,80.0,48.7647690655205,50.579268292683,79.156132324073,12.5,0.30840585629145306,0.16369233910854047,1.884057971014493,1.4492753623188406,0.75,0.6280193236714976,4.396135265700483,2.4637681159420293,1.497584541062802,2.5120772946859904,0.7246376811594203,0.10606504283881418,0.556543259319044,1.3043478260869565,0.0966183574879227,1.1111111111111112,-1.384001225233078,0.24154589371980678,0.2898550724637681,True,58.0,39.0,75.0,78.0,47.0,68.0,59.9,39.0,True
Evanilson,24.783185126259923,4.9843045538291335,31.33692217618227,145.0,16.0,128.0,143.0,16.0,5.0,24.0,57.0,43.0,147.0,29.0,90.0,63.0,89.0,23.0,1469.0,16.0,2,56.3,56.3,25.0,ENG-Premier League,Bournemouth,FW,2,21500000.0,42500000.0,2029.0,76.0,75.0,81.0,78.0,78.0,77.0,82.0,ST,79.0,80.0,37.803030303030496,47.7379235760635,74.0566959921795,11.135029354207301,0.4401986700934267,0.1709185181121374,2.575488454706927,2.273534635879219,0.8951048951048951,0.763765541740675,2.61101243339254,0.5150976909413855,1.5985790408525755,1.5808170515097693,1.119005328596803,0.08853116436641445,0.5566060777297028,1.0124333925399644,0.08880994671403197,0.40852575488454707,-8.783185126259923,0.28419182948490235,0.3197158081705151,True,62.0,80.0,60.0,65.0,35.0,25.0,59.5,25.0,False
Rémy Labeau Lascary,8.345596989616752,3.8098766580224037,13.337660057470202,48.0,7.0,36.0,48.0,6.0,6.0,11.0,20.0,13.0,65.0,32.0,27.0,18.0,17.0,32.0,789.0,7.0,2,20.4,20.4,22.0,FRA-Ligue 1,Lens,"MF,FW",2,6000000.0,0.0,,76.0,75.0,73.0,62.0,71.0,70.0,74.0,ST,73.0,80.0,36.826923076922995,41.448269955464,79.517931998137,14.4957983193275,0.40909789164788,0.173866603950349,2.3529411764705883,1.7647058823529413,0.75,0.6372549019607844,3.186274509803922,1.5686274509803924,1.323529411764706,0.8333333333333334,0.8823529411764707,0.18675865970698058,0.6538068655622649,0.9803921568627452,0.29411764705882354,1.5686274509803924,-1.3455969896167517,0.3431372549019608,0.44117647058823534,True,61.0,56.0,66.0,52.0,67.0,49.0,59.3,49.0,True
Wesley Saïd,14.250200141221285,6.864204525947571,24.75948702543974,77.0,14.0,68.0,77.0,15.0,13.0,16.0,36.0,16.0,77.0,37.0,17.0,28.0,25.0,35.0,1363.0,15.0,2,32.2,32.2,30.0,FRA-Ligue 1,Lens,FW,2,10000000.0,19000000.0,2030.0,74.0,74.0,77.0,59.0,80.0,69.0,80.0,LW,77.0,77.0,36.811201445348004,40.5075187969925,81.543565249502,18.8235294117645,0.44255279941681,0.18506753430157513,2.391304347826087,2.111801242236025,0.8831168831168831,0.49689440993788814,2.391304347826087,1.1490683229813663,0.5279503105590062,0.7763975155279502,0.8695652173913043,0.21317405360085623,0.7689281684919173,1.1180124223602483,0.40372670807453415,1.0869565217391304,-0.25020014122128487,0.4658385093167701,0.5279503105590062,True,76.0,76.0,41.0,35.0,78.0,37.0,59.2,35.0,False
Amad Diallo,10.475873640738428,10.403144674375653,30.946167511865497,101.0,10.0,70.0,100.0,9.0,14.0,7.0,90.0,39.0,222.0,76.0,66.0,60.0,23.0,80.0,2734.0,10.0,9,47.1,47.1,23.0,ENG-Premier League,Manchester Utd,"MF,FW",2,,,,,,,,,,,,,,40.3125,50.4421853045705,86.945477813931,10.3974307507027,0.22241769937873518,0.10372152119542997,2.1443736730360934,1.4861995753715498,0.7,0.8280254777070063,4.713375796178344,1.613588110403397,1.4012738853503184,0.4883227176220807,1.2738853503184713,0.2208735599655128,0.6570311573644478,1.910828025477707,0.29723991507430997,1.6985138004246283,-0.47587364073842764,0.21231422505307854,0.4033970276008492,True,23.0,30.0,90.0,65.0,83.0,87.0,59.0,23.0,False
Oliver Burke,11.210717422887683,3.7746430188417435,16.938291124999523,69.0,11.0,58.0,68.0,10.0,5.0,11.0,36.0,21.0,83.0,23.0,10.0,33.0,70.0,18.0,1069.0,11.0,2,28.6,28.6,28.0,GER-Bundesliga,Werder Bremen,FW,2,3100000.0,5600000.0,2029.0,93.0,90.0,74.0,80.0,69.0,75.0,74.0,ST,73.0,73.0,54.985337243401496,36.6666666666665,67.565049892636,16.233766233765998,0.3919831266743945,0.16247416554909686,2.4125874125874125,2.027972027972028,0.8529411764705882,0.7342657342657343,2.902097902097902,0.8041958041958042,0.34965034965034963,2.4475524475524475,1.1538461538461537,0.13198052513432668,0.5922479414335498,1.2587412587412588,0.17482517482517482,0.6293706293706294,-0.21071742288768291,0.3846153846153846,0.45454545454545453,True,63.0,68.0,64.0,39.0,51.0,74.0,59.0,39.0,False
Alexander Isak,22.557620959356427,6.294814123772085,30.462515680119395,116.0,22.0,99.0,116.0,23.0,12.0,23.0,44.0,22.0,68.0,19.0,15.0,62.0,35.0,43.0,1311.0,26.0,7,38.4,38.4,25.0,ENG-Premier League,Liverpool,FW,2,96500000.0,185800000.0,2031.0,83.0,86.0,90.0,79.0,88.0,82.0,89.0,ST,87.0,88.0,31.079875055779,31.1002874480995,69.7758358662615,20.439691027926003,0.5874380458165737,0.19446224964962439,3.0208333333333335,2.578125,0.853448275862069,0.5729166666666667,1.7708333333333335,0.4947916666666667,0.390625,0.9114583333333334,1.6145833333333335,0.16392745113989804,0.7932946791697759,1.1458333333333335,0.3125,1.1197916666666667,-0.5576209593564272,0.6770833333333334,0.859375,True,90.0,86.0,35.0,13.0,66.0,65.0,58.9,13.0,False
James Maddison,6.439575411379337,6.016693122684956,16.198553681373596,41.0,9.0,25.0,41.0,7.0,6.0,6.0,41.0,15.0,80.0,32.0,65.0,26.0,5.0,33.0,1637.0,9.0,7,20.5,20.5,28.0,ENG-Premier League,Tottenham,"FW,MF",2,36500000.0,69400000.0,2028.0,67.0,70.0,80.0,56.0,87.0,35.0,83.0,CM,83.0,83.0,19.230769230769,43.5574229691875,90.6713164777685,11.5384615384615,0.3141256298233823,0.15706281491169116,2.0,1.2195121951219512,0.6097560975609756,0.7317073170731707,3.902439024390244,1.5609756097560976,3.1707317073170733,0.24390243902439024,1.2682926829268293,0.2934972254968271,0.7901733503109072,2.0,0.2926829268292683,1.6097560975609757,2.5604245886206627,0.43902439024390244,0.7804878048780488,True,58.0,29.0,79.0,58.0,89.0,36.0,58.9,29.0,True
Tim Kleindienst,14.125822767615318,6.164368532598019,22.16408023238182,75.0,15.0,66.0,75.0,16.0,11.0,14.0,29.0,20.0,76.0,32.0,25.0,43.0,152.0,14.0,1252.0,16.0,7,30.5,30.5,29.0,GER-Bundesliga,Gladbach,FW,2,21000000.0,35700000.0,2029.0,67.0,59.0,83.0,87.0,85.0,91.0,85.0,ST,80.0,80.0,51.8817204301075,39.977973568281996,61.0013717421125,10.6666666666665,0.46314173008574816,0.18834430356820425,2.459016393442623,2.1639344262295084,0.88,0.6557377049180327,2.4918032786885247,1.0491803278688525,0.819672131147541,4.983606557377049,1.4098360655737705,0.2021104436917383,0.7266911551600597,0.9508196721311475,0.36065573770491804,0.45901639344262296,0.8741772323846817,0.5245901639344263,0.7540983606557377,True,67.0,78.0,56.0,44.0,65.0,9.0,58.7,9.0,False
Kaoru Mitoma,15.011877369135618,8.492365324869752,32.693657882511616,89.0,13.0,73.0,89.0,11.0,12.0,20.0,68.0,26.0,161.0,63.0,45.0,46.0,42.0,80.0,2404.0,13.0,5,48.0,48.0,28.0,ENG-Premier League,Brighton,"MF,FW",2,26000000.0,49400000.0,2027.0,85.0,86.0,79.0,60.0,84.0,52.0,78.0,RW,81.0,81.0,45.8333333333335,40.949245770481,81.595349019301,13.4594298245615,0.3127474451903254,0.1686727794284901,1.8541666666666667,1.5208333333333333,0.8202247191011236,0.5416666666666666,3.3541666666666665,1.3125,0.9375,0.875,0.9583333333333334,0.17692427760145316,0.6811178725523254,1.4166666666666667,0.25,1.6666666666666667,-2.011877369135618,0.2708333333333333,0.375,True,66.0,47.0,56.0,49.0,73.0,77.0,58.6,47.0,False
Moise Kean,34.22186485864222,2.3850396880880003,34.142204800620675,203.0,24.0,159.0,203.0,25.0,4.0,40.0,22.0,29.0,86.0,13.0,96.0,83.0,79.0,69.0,1437.0,27.0,4,52.6,52.6,25.0,ITA-Serie A,Fiorentina,FW,2,48500000.0,86100000.0,2029.0,86.0,84.0,88.0,72.0,77.0,83.0,86.0,ST,83.0,86.0,48.623930189629,43.2637292777155,72.04767063922,13.1292517006802,0.6506057957916772,0.16858061506720307,3.859315589353612,3.0228136882129277,0.7832512315270936,0.5513307984790874,1.6349809885931559,0.24714828897338403,1.8250950570342206,1.5019011406844105,1.5779467680608366,0.045342959849581754,0.6490913460194044,0.4182509505703422,0.07604562737642585,1.311787072243346,-10.22186485864222,0.5133079847908745,0.5893536121673003,True,71.0,87.0,28.0,67.0,26.0,72.0,58.5,26.0,False
Riccardo Orsolini,14.39628323353827,6.361444059759378,26.390092654153705,157.0,18.0,111.0,157.0,22.0,9.0,13.0,56.0,23.0,131.0,37.0,90.0,53.0,52.0,65.0,2001.0,25.0,5,44.4,44.4,28.0,ITA-Serie A,Bologna,"MF,FW",2,36500000.0,62100000.0,2027.0,79.0,81.0,81.0,71.0,76.0,61.0,81.0,RM,83.0,83.0,55.7282003710575,52.1741699161055,70.643587578572,16.09756097561,0.32424061336797905,0.09169607155119917,3.536036036036036,2.5,0.7070063694267515,0.5180180180180181,2.9504504504504507,0.8333333333333334,2.027027027027027,1.1711711711711712,1.1936936936936937,0.1432757671116977,0.594371456174633,1.2612612612612613,0.20270270270270271,1.463963963963964,3.60371676646173,0.5630630630630631,0.6756756756756757,True,44.0,63.0,43.0,85.0,56.0,59.0,58.2,43.0,False
Jonathan Rowe,9.018070075660944,6.949171744287014,17.934825357049704,84.0,6.0,54.0,84.0,5.0,13.0,13.0,39.0,18.0,87.0,36.0,76.0,43.0,24.0,69.0,1314.0,6.0,5,27.5,26.8,22.0,FRA-Ligue 1,Marseille,"MF,FW",2,11500000.0,21900000.0,2029.0,84.0,85.0,72.0,64.0,72.0,64.0,75.0,ST,75.0,82.0,36.363636363636,52.4428274428275,83.514110575966,7.29166666666665,0.3279298209331252,0.10735797709120172,3.0545454545454547,1.9636363636363636,0.6428571428571429,0.6545454545454545,3.1636363636363636,1.309090909090909,2.7636363636363637,0.8727272727272727,1.5636363636363637,0.2526971543377096,0.6521754675290802,1.4181818181818182,0.4727272727272727,2.5090909090909093,-3.018070075660944,0.21818181818181817,0.4,True,17.0,50.0,65.0,72.0,84.0,78.0,58.1,17.0,False
Fisnik Asllani,9.504826286807656,5.401737725362182,19.754683665931225,73.0,10.0,53.0,73.0,8.0,8.0,8.0,36.0,26.0,76.0,17.0,37.0,31.0,24.0,17.0,1050.0,10.0,7,25.9,25.9,22.0,GER-Bundesliga,Hoffenheim,"FW,MF",1,26000000.0,46200000.0,2029.0,67.0,67.0,82.0,77.0,75.0,76.0,81.0,ST,79.0,83.0,26.373626373626,42.944785276074,68.558282208589,13.698630136986,0.36698170991535356,0.13020309981928296,2.8185328185328187,2.0463320463320462,0.726027397260274,1.0038610038610039,2.9343629343629347,0.6563706563706564,1.4285714285714286,0.9266409266409267,1.196911196911197,0.208561302137536,0.7627290990707037,1.38996138996139,0.3088803088803089,0.6563706563706564,0.4951737131923437,0.3861003861003861,0.6563706563706564,True,55.0,60.0,73.0,46.0,73.0,17.0,58.1,17.0,False
Tim Lemperle,8.654297707602382,2.5754604805260897,13.365150267258286,53.0,7.0,44.0,53.0,7.0,2.0,9.0,27.0,22.0,61.0,21.0,16.0,21.0,37.0,15.0,884.0,8.0,2,21.6,21.6,23.0,GER-Bundesliga,Hoffenheim,FW,1,11000000.0,19500000.0,2029.0,75.0,77.0,79.0,75.0,74.0,69.0,76.0,ST,76.0,80.0,43.023255813953,30.057803468208,70.233463035019,15.094339622642,0.40066193090751767,0.16328863599249777,2.4537037037037037,2.0370370370370368,0.8301886792452831,1.0185185185185184,2.824074074074074,0.9722222222222222,0.7407407407407407,1.7129629629629628,0.9722222222222222,0.11923428150583748,0.6187569568175132,1.25,0.09259259259259259,0.6944444444444444,-1.6542977076023817,0.37037037037037035,0.4629629629629629,True,67.0,68.0,77.0,34.0,47.0,34.0,58.0,34.0,True
Jeremy Doku,5.894390602596104,12.19983974378556,29.40918998233974,68.0,8.0,48.0,68.0,5.0,21.0,4.0,92.0,33.0,151.0,54.0,94.0,108.0,4.0,191.0,2528.0,8.0,11,36.6,36.6,23.0,ENG-Premier League,Manchester City,"MF,FW",2,49500000.0,95300000.0,2028.0,92.0,95.0,73.0,76.0,85.0,40.0,81.0,CAM,83.0,86.0,16.6666666666665,54.8878205128205,83.66506291635801,11.58267020336,0.16104892356819955,0.08668221474406035,1.8579234972677594,1.3114754098360655,0.7058823529411765,0.9016393442622951,4.1256830601092895,1.4754098360655736,2.5683060109289615,0.1092896174863388,2.9508196721311473,0.3333289547482393,0.8035297809382442,2.513661202185792,0.5737704918032787,5.218579234972677,2.105609397403896,0.2185792349726776,0.5191256830601093,True,22.0,21.0,89.0,58.0,94.0,98.0,57.8,21.0,False
Ademola Lookman,16.90042705833912,11.168441377580166,30.941473424434662,109.0,16.0,83.0,103.0,17.0,14.0,15.0,73.0,14.0,94.0,37.0,30.0,65.0,20.0,44.0,1670.0,19.0,5,40.7,33.8,27.0,ITA-Serie A,Atalanta,"FW,MF",2,39500000.0,83000000.0,2030.0,86.0,89.0,84.0,63.0,80.0,71.0,85.0,CF,83.0,83.0,40.625,40.3333333333335,81.0461836770665,18.670150987223998,0.4152439080673002,0.15504978952604695,2.6781326781326777,2.039312039312039,0.8058252427184466,0.34398034398034394,2.3095823095823094,0.9090909090909091,0.7371007371007371,0.49140049140049136,1.597051597051597,0.27440887905602374,0.7602327622711219,1.7936117936117935,0.34398034398034394,1.081081081081081,-0.900427058339119,0.4668304668304668,0.5896805896805897,True,76.0,68.0,25.0,34.0,86.0,73.0,57.8,25.0,False
Dejan Kulusevski,5.52329240180552,6.502650566399097,16.012717846781015,47.0,7.0,38.0,47.0,7.0,9.0,5.0,66.0,27.0,121.0,45.0,38.0,74.0,10.0,38.0,1424.0,7.0,4,26.5,26.5,24.0,ENG-Premier League,Tottenham,"MF,FW",1,47500000.0,93800000.0,2028.0,74.0,77.0,82.0,78.0,85.0,52.0,83.0,CAM,83.0,86.0,38.461538461538,35.380116959064,81.242078580482,14.893617021277,0.20842612837001961,0.11751685961288341,1.7735849056603774,1.4339622641509433,0.8085106382978723,1.0188679245283019,4.566037735849057,1.6981132075471699,1.4339622641509433,0.37735849056603776,2.792452830188679,0.24538304024147536,0.6042535036521138,2.490566037735849,0.33962264150943394,1.4339622641509433,1.47670759819448,0.2641509433962264,0.41509433962264153,True,51.0,34.0,95.0,36.0,82.0,45.0,57.6,34.0,False
Mikel Oyarzabal,18.14873036928475,8.858953930437565,34.40441262163222,122.0,13.0,98.0,122.0,20.0,17.0,27.0,57.0,37.0,141.0,54.0,64.0,74.0,72.0,45.0,2073.0,24.0,7,55.1,55.1,28.0,ESP-La Liga,Real Sociedad,FW,2,,,,,,,,,,,,,,32.831275033378,47.5332068311195,75.5598455598455,19.958787165146,0.3293780466294873,0.1487600849941373,2.2141560798548094,1.778584392014519,0.8032786885245902,0.6715063520871143,2.558983666061706,0.9800362976406534,1.161524500907441,1.306715063520871,1.3430127041742286,0.16077956316583603,0.6243995031149223,1.0344827586206897,0.308529945553539,0.8166969147005444,-5.148730369284749,0.4355716878402904,0.5626134301270417,True,72.0,53.0,58.0,49.0,62.0,46.0,57.6,46.0,False
Alexander Sørloth,33.6391639187932,2.528296507894993,37.4410529686138,147.0,32.0,136.0,147.0,33.0,4.0,38.0,23.0,18.0,75.0,23.0,29.0,61.0,192.0,24.0,1392.0,33.0,2,39.4,39.4,29.0,ESP-La Liga,Atlético Madrid,FW,2,36500000.0,76700000.0,2028.0,77.0,72.0,84.0,90.0,83.0,86.0,84.0,ST,83.0,83.0,62.07845262411951,32.318399304045,66.758620689655,22.2170513775135,0.8537858862637868,0.22883784978770885,3.730964467005076,3.451776649746193,0.9251700680272109,0.4568527918781726,1.9035532994923858,0.583756345177665,0.7360406091370558,4.873096446700508,1.5482233502538072,0.06416996212931454,0.9502805321983199,0.583756345177665,0.10152284263959391,0.6091370558375635,-1.6391639187932014,0.8375634517766498,0.8883248730964467,True,94.0,98.0,26.0,36.0,34.0,32.0,57.5,26.0,False
Jonathan Ikone,7.061513680964708,3.032117278315127,13.497572872787714,50.0,5.0,42.0,50.0,5.0,7.0,9.0,19.0,16.0,89.0,37.0,32.0,38.0,9.0,33.0,1037.0,5.0,1,21.9,18.2,27.0,ITA-Serie A,Como,"MF,FW",2,6000000.0,11400000.0,2027.0,80.0,82.0,64.0,50.0,76.0,39.0,72.0,RW,75.0,75.0,32.887700534759,46.609109109109,83.239946636173,10.0,0.3224435470760141,0.14123027361929416,2.2831050228310503,1.9178082191780823,0.84,0.7305936073059361,4.06392694063927,1.6894977168949772,1.4611872146118723,0.4109589041095891,1.7351598173515983,0.1384528437586816,0.6163275284377951,0.8675799086757991,0.31963470319634707,1.5068493150684932,-2.0615136809647083,0.22831050228310504,0.27397260273972607,True,34.0,58.0,81.0,51.0,59.0,61.0,57.4,34.0,True
Mohamed Amoura,18.546773119829595,8.281053001061082,30.98853289335966,136.0,15.0,93.0,135.0,18.0,11.0,21.0,60.0,34.0,152.0,67.0,31.0,35.0,45.0,53.0,2088.0,18.0,12,48.7,48.7,25.0,GER-Bundesliga,Wolfsburg,"FW,MF",2,28500000.0,50600000.0,2029.0,90.0,94.0,83.0,45.0,79.0,63.0,85.0,CAM,80.0,83.0,32.7825159914715,41.4363354037265,71.194418615396,13.333333333333,0.38083723038664463,0.1363733317634529,2.792607802874743,1.9096509240246407,0.6888888888888889,0.6981519507186857,3.121149897330595,1.3757700205338808,0.6365503080082136,0.9240246406570841,0.7186858316221766,0.170042156079283,0.6363148438061532,1.2320328542094454,0.22587268993839835,1.0882956878850103,-3.546773119829595,0.36960985626283366,0.6160164271047227,True,58.0,53.0,69.0,35.0,62.0,82.0,57.2,35.0,False
Jorge de Frutos,18.39760907366872,7.478993365075439,30.115911828354,115.0,15.0,98.0,115.0,16.0,12.0,23.0,63.0,35.0,180.0,68.0,72.0,73.0,34.0,60.0,1971.0,16.0,4,55.099999999999994,55.099999999999994,28.0,ESP-La Liga,Rayo Vallecano,"FW,MF",2,,,,,,,,,,,,,,37.377450980392,41.066842389835,74.9503424732285,13.705738705739,0.33389490151848855,0.15997920933624973,2.087114337568058,1.7785843920145192,0.8521739130434782,0.6352087114337569,3.266787658802178,1.2341197822141563,1.3067150635208713,0.6170598911070782,1.32486388384755,0.13573490680717676,0.5465682727468967,1.1433756805807624,0.21778584392014522,1.088929219600726,-3.3976090736687183,0.29038112522686027,0.3629764065335754,True,64.0,57.0,64.0,46.0,52.0,61.0,57.2,46.0,False
Leandro Trossard,15.495272054336965,12.031402107328176,32.5242274813354,125.0,14.0,90.0,125.0,12.0,21.0,17.0,77.0,32.0,184.0,58.0,85.0,91.0,12.0,63.0,2604.0,14.0,13,50.5,50.5,30.0,ENG-Premier League,Arsenal,"FW,MF",2,35000000.0,64800000.0,2027.0,80.0,87.0,83.0,55.0,84.0,65.0,83.0,LW,83.0,83.0,25.7894736842105,46.5925770601805,78.7769020985845,11.215932914046,0.3068370703829102,0.12396217643469572,2.4752475247524752,1.7821782178217822,0.72,0.6336633663366337,3.6435643564356437,1.1485148514851484,1.683168316831683,0.2376237623762376,1.801980198019802,0.23824558628372627,0.6440441085412951,1.5247524752475248,0.4158415841584158,1.2475247524752475,-1.495272054336965,0.27722772277227725,0.5346534653465347,True,45.0,46.0,65.0,51.0,81.0,63.0,57.0,45.0,False
Matias Fernandez-Pardo,12.734380466863513,7.462456257082522,25.336734913289547,91.0,10.0,70.0,91.0,11.0,11.0,18.0,52.0,24.0,87.0,32.0,61.0,46.0,5.0,56.0,1542.0,12.0,7,38.1,38.1,20.0,FRA-Ligue 1,Lille,"MF,FW",2,16500000.0,34700000.0,2029.0,92.0,90.0,71.0,73.0,76.0,51.0,70.0,RM,76.0,84.0,10.22727272727265,46.3098204313085,80.1744986092815,14.5780051150895,0.33423570779169326,0.13993824688861004,2.388451443569554,1.837270341207349,0.7692307692307693,0.6299212598425197,2.283464566929134,0.8398950131233596,1.601049868766404,0.13123359580052493,1.2073490813648293,0.19586499362421317,0.6650061657031376,1.3648293963254592,0.2887139107611548,1.4698162729658792,-2.734380466863513,0.31496062992125984,0.4986876640419947,True,49.0,54.0,49.0,51.0,74.0,88.0,56.9,49.0,False
Giovanni Simeone,13.447973367758095,2.8556667892262335,17.705806088633835,91.0,12.0,73.0,92.0,11.0,3.0,16.0,31.0,24.0,103.0,18.0,57.0,59.0,43.0,28.0,1058.0,12.0,1,29.5,29.5,30.0,ITA-Serie A,Napoli,FW,2,7500000.0,0.0,,71.0,73.0,78.0,71.0,75.0,76.0,80.0,ST,76.0,76.0,26.115123194562,42.1519112695585,72.2400261608895,10.808179162609349,0.4558635039917998,0.14777992711822083,3.0847457627118646,2.4745762711864407,0.7934782608695652,0.8135593220338984,3.4915254237288136,0.6101694915254238,1.9322033898305084,1.4576271186440677,2.0,0.09680226404156723,0.6001968165638588,1.0508474576271187,0.1016949152542373,0.9491525423728814,-1.4479733677580953,0.4067796610169492,0.4406779661016949,True,51.0,78.0,71.0,45.0,40.0,31.0,56.8,31.0,False
Patrik Schick,28.683081859722733,4.085145927965641,31.860096774995327,140.0,32.0,127.0,141.0,34.0,6.0,25.0,25.0,13.0,52.0,15.0,43.0,46.0,108.0,20.0,1332.0,37.0,3,40.8,40.8,29.0,GER-Bundesliga,Leverkusen,FW,2,54000000.0,91800000.0,2030.0,72.0,72.0,86.0,85.0,85.0,88.0,87.0,ST,85.0,85.0,50.730837789660995,37.018821526530004,79.4457220944575,26.328502415459,0.7030167122481062,0.20487915614087668,3.431372549019608,3.1127450980392157,0.900709219858156,0.3186274509803922,1.2745098039215688,0.36764705882352944,1.053921568627451,2.647058823529412,1.1274509803921569,0.10012612568543239,0.7808847248773365,0.6127450980392157,0.14705882352941177,0.4901960784313726,3.3169181402772665,0.9068627450980393,0.9803921568627452,True,93.0,95.0,10.0,48.0,45.0,21.0,56.5,10.0,False
Kai Havertz,16.72613048925996,4.405855203047395,20.539365377277136,71.0,11.0,62.0,71.0,10.0,5.0,21.0,28.0,10.0,55.0,24.0,31.0,31.0,82.0,12.0,1107.0,11.0,6,27.3,27.3,26.0,ENG-Premier League,Arsenal,"FW,MF",2,38000000.0,73200000.0,2028.0,72.0,71.0,80.0,75.0,78.0,81.0,84.0,ST,82.0,84.0,42.6518883415435,39.285714285714,76.968352451723,14.0461215932915,0.6126787725003647,0.2355793026656332,2.600732600732601,2.271062271062271,0.8732394366197183,0.3663003663003663,2.0146520146520146,0.8791208791208791,1.1355311355311355,3.0036630036630036,1.1355311355311355,0.16138663747426354,0.7523577061273676,1.0256410256410255,0.18315018315018314,0.43956043956043955,-5.726130489259958,0.40293040293040294,0.6227106227106227,True,79.0,84.0,24.0,47.0,61.0,18.0,56.4,18.0,False
Ollie Watkins,35.93784612324089,6.692425791174173,40.64644593372941,167.0,30.0,153.0,167.0,31.0,11.0,46.0,48.0,27.0,92.0,32.0,65.0,93.0,88.0,36.0,1671.0,32.0,11,60.4,60.4,29.0,ENG-Premier League,Aston Villa,FW,2,30500000.0,58000000.0,2028.0,77.0,77.0,84.0,76.0,77.0,84.0,85.0,ST,82.0,82.0,39.989759344598,37.322557749387,73.42183250111651,19.162363740677,0.5949974523715379,0.21519668337269993,2.7649006622516556,2.533112582781457,0.9161676646706587,0.4470198675496689,1.5231788079470199,0.5298013245033113,1.076158940397351,1.456953642384106,1.5397350993377483,0.11080175150950618,0.6729544028763148,0.794701986754967,0.18211920529801326,0.5960264900662252,-5.937846123240888,0.5298013245033113,0.7119205298013245,True,89.0,90.0,23.0,36.0,47.0,35.0,56.4,23.0,False
Keinan Davis,9.914743635803461,6.778708007186651,18.928485959768295,79.0,8.0,71.0,79.0,12.0,8.0,8.0,51.0,25.0,109.0,20.0,59.0,65.0,97.0,47.0,1196.0,12.0,5,34.7,34.7,27.0,ITA-Serie A,Udinese,FW,2,4600000.0,8300000.000000001,2027.0,68.0,66.0,76.0,81.0,73.0,74.0,75.0,ST,74.0,74.0,45.583479626721,41.928439884241,77.26527265272651,13.44827586206895,0.28572748229981154,0.12550308399751217,2.276657060518732,2.0461095100864553,0.8987341772151899,0.7204610951008645,3.141210374639769,0.5763688760806917,1.7002881844380402,2.795389048991354,1.8731988472622476,0.19535181576906774,0.5454895089270402,1.4697406340057635,0.23054755043227665,1.3544668587896251,-1.914743635803461,0.34582132564841495,0.48991354466858783,True,44.0,62.0,60.0,58.0,66.0,31.0,56.1,31.0,False
M'Bala Nzola,14.95495918020606,2.4542331555858254,19.270295165479183,86.0,8.0,75.0,86.0,9.0,2.0,19.0,40.0,25.0,107.0,13.0,39.0,85.0,81.0,33.0,1154.0,10.0,1,33.2,27.9,28.0,ITA-Serie A,Pisa,FW,2,3100000.0,0.0,,83.0,81.0,73.0,92.0,69.0,71.0,71.0,ST,73.0,73.0,52.281052281052496,31.8651105375375,77.1865815344075,11.5111838516095,0.45045057771705,0.17389487418844257,2.5903614457831323,2.259036144578313,0.872093023255814,0.753012048192771,3.22289156626506,0.39156626506024095,1.1746987951807228,2.439759036144578,2.5602409638554215,0.0739226854092116,0.5804305772734694,1.2048192771084336,0.06024096385542168,0.9939759036144578,-6.95495918020606,0.3012048192771084,0.33132530120481923,True,54.0,79.0,62.0,38.0,38.0,57.0,56.0,38.0,False
Omar Marmoush,12.703840959817171,8.563992083072662,21.76031967252493,107.0,16.0,74.0,107.0,16.0,14.0,11.0,47.0,16.0,71.0,25.0,76.0,52.0,10.0,56.0,1135.0,18.0,12,37.0,23.900000000000002,26.0,ENG-Premier League,Manchester City,"FW,MF",2,39500000.0,73100000.0,2029.0,89.0,87.0,83.0,67.0,82.0,69.0,83.0,LW,83.0,83.0,33.333333333333,53.067075996293,83.31443688586549,14.7402597402595,0.34334705296803164,0.11872748560576796,2.891891891891892,2.0,0.6915887850467289,0.43243243243243246,1.9189189189189189,0.6756756756756757,2.054054054054054,0.2702702702702703,1.4054054054054055,0.23145924548845034,0.5881167479060792,1.2702702702702702,0.3783783783783784,1.5135135135135136,3.296159040182829,0.4864864864864865,0.8108108108108109,True,52.0,54.0,26.0,68.0,76.0,83.0,55.9,26.0,False
Noah Okafor,8.526762707158923,3.0234501250088215,14.537953482940795,48.0,9.0,38.0,49.0,8.0,5.0,9.0,27.0,12.0,72.0,28.0,20.0,42.0,16.0,53.0,928.0,9.0,1,22.3,21.9,25.0,ITA-Serie A,Milan,"FW,MF",2,10000000.0,19800000.0,2029.0,88.0,87.0,78.0,79.0,76.0,63.0,76.0,CAM,76.0,79.0,36.931818181818,40.8333333333335,78.10240963855401,15.00000000000005,0.3823660406797723,0.17764088973247757,2.1524663677130045,1.704035874439462,0.7755102040816326,0.5381165919282511,3.2286995515695067,1.2556053811659191,0.8968609865470851,0.7174887892376681,1.8834080717488788,0.13558072309456598,0.6519261651542957,1.210762331838565,0.22421524663677128,2.3766816143497755,0.47323729284107685,0.40358744394618834,0.44843049327354256,True,70.0,55.0,53.0,30.0,61.0,87.0,55.9,30.0,True
Dominic Solanke,15.241229880601168,3.0587939582765102,21.006265353411436,80.0,11.0,75.0,80.0,12.0,7.0,15.0,20.0,22.0,72.0,40.0,45.0,64.0,66.0,30.0,1091.0,12.0,3,35.6,35.6,27.0,ENG-Premier League,Tottenham,FW,2,23000000.0,43700000.0,2030.0,71.0,68.0,81.0,84.0,78.0,83.0,83.0,ST,80.0,80.0,37.8887697257545,43.51068827813,72.7193674471975,15.0,0.4281244348483474,0.1905153735075146,2.2471910112359548,2.1067415730337076,0.9375,0.6179775280898876,2.0224719101123596,1.1235955056179774,1.2640449438202246,1.8539325842696628,1.797752808988764,0.08592117860327275,0.5900636335227931,0.5617977528089887,0.19662921348314605,0.8426966292134831,-4.241229880601168,0.33707865168539325,0.42134831460674155,True,76.0,78.0,50.0,45.0,34.0,25.0,55.8,25.0,False
Tammy Abraham,8.268648373894393,2.6209846297279,12.001561899669467,37.0,4.0,33.0,37.0,5.0,6.0,13.0,19.0,2.0,18.0,21.0,12.0,14.0,42.0,5.0,474.0,5.0,4,16.3,16.3,27.0,ENG-Premier League,Aston Villa,FW,2,11500000.0,21900000.0,2030.0,76.0,74.0,76.0,81.0,80.0,78.0,79.0,ST,77.0,77.0,48.069738480697,46.7105263157895,63.1818181818185,16.468253968254,0.5072790413432143,0.22347698307822686,2.2699386503067482,2.0245398773006134,0.8918918918918919,0.12269938650306748,1.1042944785276072,1.2883435582822085,0.7361963190184049,2.576687116564417,0.8588957055214723,0.1607966030507914,0.7362921410840163,1.165644171779141,0.36809815950920244,0.3067484662576687,-4.268648373894393,0.3067484662576687,0.5521472392638036,True,77.0,76.0,17.0,58.0,65.0,22.0,55.7,17.0,True
Ansgar Knauff,8.939077816903591,8.310043331235647,23.542605210095644,64.0,8.0,49.0,65.0,8.0,11.0,8.0,45.0,18.0,124.0,54.0,40.0,32.0,32.0,37.0,1466.0,8.0,6,32.4,32.4,23.0,GER-Bundesliga,Frankfurt,"MF,FW",2,15000000.0,26600000.0,2028.0,89.0,88.0,75.0,55.0,71.0,48.0,73.0,RM,77.0,81.0,33.621453900709,44.4505494505495,69.56999372253651,12.380952380952,0.27589746348467875,0.1396730908891186,1.9753086419753088,1.5123456790123457,0.7538461538461538,0.5555555555555556,3.8271604938271606,1.6666666666666667,1.234567901234568,0.9876543209876544,0.9876543209876544,0.2564828188652978,0.7266236175955446,1.3888888888888888,0.3395061728395062,1.1419753086419753,-0.9390778169035912,0.2469135802469136,0.4320987654320988,True,47.0,38.0,63.0,51.0,77.0,79.0,55.7,38.0,False
Álvaro Rodríguez,13.482805619947612,4.499548209831119,17.582416084595025,99.0,9.0,85.0,101.0,8.0,8.0,18.0,38.0,19.0,84.0,34.0,68.0,65.0,238.0,55.0,1536.0,9.0,5,34.0,34.0,21.0,ESP-La Liga,Getafe,FW,2,5000000.0,12000000.0,2029.0,80.0,78.0,71.0,79.0,61.0,77.0,69.0,ST,72.0,83.0,55.7625534188035,43.5168195718655,56.0151415351335,8.60526315789475,0.3965531064690474,0.1361899557570466,2.911764705882353,2.5,0.8415841584158416,0.5588235294117647,2.4705882352941178,1.0,2.0,7.0,1.911764705882353,0.132339653230327,0.5171298848410302,1.1176470588235294,0.23529411764705882,1.6176470588235294,-4.482805619947612,0.2647058823529412,0.4117647058823529,True,32.0,77.0,47.0,69.0,46.0,59.0,55.6,32.0,False
Lucas Stassin,8.409047394990921,3.849006508477032,12.509913020767272,44.0,12.0,36.0,44.0,11.0,7.0,2.0,18.0,8.0,37.0,16.0,26.0,20.0,17.0,21.0,754.0,12.0,4,21.0,21.0,19.0,FRA-Ligue 1,Saint-Étienne,FW,1,,,,,,,,,,,,,,34.69387755102,42.567567567568,76.545842217484,27.272727272727,0.400430828332901,0.19111471352252093,2.0952380952380953,1.7142857142857142,0.8181818181818182,0.38095238095238093,1.7619047619047619,0.7619047619047619,1.2380952380952381,0.8095238095238095,0.9523809523809523,0.183286024213192,0.5957101438460606,0.8571428571428571,0.3333333333333333,1.0,3.590952605009079,0.5714285714285714,0.7619047619047619,True,91.0,59.0,22.0,49.0,60.0,57.0,55.6,22.0,True
Williot Swedberg,10.604115275666118,4.3347863629460335,18.096103586256504,55.0,9.0,45.0,55.0,8.0,7.0,11.0,26.0,14.0,77.0,51.0,66.0,34.0,10.0,20.0,1133.0,9.0,10,29.1,29.1,21.0,ESP-La Liga,Celta Vigo,"FW,MF",2,11500000.0,26500000.0,2029.0,74.0,75.0,72.0,56.0,77.0,60.0,72.0,CAM,75.0,82.0,23.641304347826,47.2520395019325,76.93340494092351,17.1195652173915,0.3644025867926501,0.19280209592120215,1.8900343642611683,1.5463917525773194,0.8181818181818182,0.4810996563573883,2.6460481099656357,1.7525773195876289,2.268041237113402,0.3436426116838488,1.1683848797250858,0.1489617306854307,0.6218592297682647,0.8934707903780068,0.24054982817869414,0.6872852233676976,-1.6041152756661177,0.30927835051546393,0.6529209621993127,True,70.0,52.0,48.0,62.0,57.0,31.0,55.5,31.0,False
Brennan Johnson,13.756037529557942,4.229735616594553,21.717198653146625,77.0,13.0,69.0,77.0,13.0,5.0,11.0,38.0,26.0,119.0,68.0,41.0,29.0,23.0,28.0,1618.0,13.0,4,43.4,36.6,24.0,ENG-Premier League,Crystal Palace,"MF,FW",2,24000000.0,47400000.0,2030.0,86.0,87.0,81.0,52.0,78.0,58.0,82.0,RM,79.0,82.0,37.962962962963,47.437304075235,70.900230146432,14.5330112721415,0.3169593900819802,0.17864983804620704,1.7741935483870968,1.5898617511520738,0.8961038961038961,0.599078341013825,2.741935483870968,1.566820276497696,0.9447004608294931,0.5299539170506913,0.6682027649769585,0.09745934600448279,0.5003962823305674,0.8755760368663594,0.1152073732718894,0.6451612903225806,-0.7560375295579416,0.2995391705069125,0.391705069124424,True,73.0,53.0,59.0,54.0,32.0,63.0,55.5,32.0,False
Sergio Camello,7.825776964426041,3.9012207817286253,12.808636520057917,59.0,8.0,43.0,59.0,7.0,7.0,9.0,36.0,16.0,81.0,20.0,24.0,45.0,15.0,30.0,837.0,8.0,3,21.7,21.7,24.0,ESP-La Liga,Rayo Vallecano,"FW,MF",2,4700000.0,10200000.0,2027.0,76.0,76.0,73.0,58.0,75.0,75.0,75.0,CAM,73.0,78.0,29.1505791505795,43.58010410642,81.1418936069915,13.9467592592595,0.3606348831532738,0.13264028753264476,2.71889400921659,1.9815668202764978,0.7288135593220338,0.7373271889400922,3.7327188940092166,0.9216589861751152,1.1059907834101383,0.6912442396313364,2.0737327188940093,0.17977975952666478,0.5902597474681068,1.6589861751152075,0.3225806451612903,1.3824884792626728,0.17422303557395935,0.3686635944700461,0.5069124423963134,True,46.0,57.0,73.0,33.0,72.0,47.0,55.4,33.0,True
Khvicha Kvaratskhelia,10.652869913727045,9.448160573840141,25.93579437583685,115.0,11.0,79.0,115.0,10.0,14.0,9.0,63.0,22.0,100.0,39.0,59.0,43.0,12.0,63.0,2005.0,13.0,7,39.7,29.5,24.0,ITA-Serie A,Napoli,"FW,MF",2,125000000.0,240600000.0,2029.0,86.0,85.0,82.0,80.0,85.0,62.0,89.0,CAM,88.0,91.0,40.217391304348,48.115020697812,85.59175796106,11.153846153846,0.2683342547538298,0.09263365142371344,2.896725440806045,1.9899244332493702,0.6869565217391305,0.5541561712846347,2.5188916876574305,0.9823677581863979,1.486146095717884,0.30226700251889166,1.0831234256926952,0.23798893133098592,0.6532945686608778,1.5869017632241813,0.3526448362720403,1.5869017632241813,0.34713008627295494,0.327455919395466,0.5037783375314862,True,34.0,46.0,46.0,67.0,83.0,77.0,55.3,34.0,False
Domenico Berardi,4.499643106944859,5.058273881673813,13.033610694110394,40.0,6.0,29.0,40.0,8.0,8.0,4.0,33.0,13.0,78.0,26.0,34.0,18.0,13.0,11.0,1023.0,8.0,4,21.8,21.8,30.0,ITA-Serie A,Sassuolo,FW,1,29500000.0,53100000.0,2029.0,82.0,84.0,80.0,61.0,78.0,62.0,83.0,RW,82.0,82.0,40.625,45.751633986928,76.970633693972,20.0,0.20640564710756235,0.11249107767362147,1.8348623853211008,1.3302752293577982,0.725,0.5963302752293578,3.5779816513761467,1.1926605504587156,1.5596330275229358,0.5963302752293578,0.8256880733944953,0.2320309120033859,0.5978720501885502,1.5137614678899083,0.36697247706422015,0.5045871559633027,1.500356893055141,0.36697247706422015,0.5504587155963303,True,54.0,27.0,62.0,68.0,76.0,48.0,55.1,27.0,True
Hugo Duro,18.801358252763748,3.187305051833391,21.78787235915661,84.0,19.0,83.0,85.0,21.0,4.0,20.0,31.0,25.0,85.0,29.0,88.0,44.0,106.0,10.0,1392.0,21.0,2,46.1,46.1,25.0,ESP-La Liga,Valencia,FW,2,13500000.0,29400000.0,2028.0,73.0,74.0,80.0,76.0,79.0,81.0,80.0,ST,77.0,79.0,34.1098484848485,46.9079939668175,70.406945594467,25.1133786848075,0.40783857381266264,0.22382569348528272,1.822125813449024,1.8004338394793926,0.9764705882352941,0.5422993492407809,1.843817787418655,0.6290672451193058,1.9088937093275486,2.299349240780911,0.9544468546637743,0.06913893821764405,0.47262196006847307,0.6724511930585683,0.08676789587852494,0.21691973969631237,0.19864174723625183,0.455531453362256,0.4989154013015184,True,91.0,69.0,34.0,68.0,21.0,17.0,54.9,17.0,False
Alexis Saelemaekers,6.669963735155761,7.788266032002866,30.627100109122694,68.0,10.0,38.0,68.0,7.0,11.0,6.0,78.0,31.0,239.0,107.0,96.0,32.0,19.0,72.0,3154.0,10.0,6,47.4,46.4,26.0,ITA-Serie A,Roma,"MF,FW",2,23000000.0,39100000.0,2031.0,80.0,83.0,68.0,54.0,75.0,60.0,75.0,RM,80.0,80.0,60.2272727272725,57.588325652842,85.1124365830245,17.48837209302325,0.14071653449695698,0.09808770198758472,1.4345991561181435,0.8016877637130801,0.5588235294117647,0.6540084388185654,5.042194092827004,2.257383966244726,2.0253164556962027,0.4008438818565401,0.6751054852320675,0.1643094099578664,0.646141352513137,1.6455696202531647,0.2320675105485232,1.518987341772152,3.3300362648442388,0.2109704641350211,0.33755274261603374,True,34.0,5.0,78.0,92.0,73.0,63.0,54.7,5.0,False
Julián Álvarez,17.850954642053694,12.72399190440774,42.61423349380493,126.0,19.0,77.0,128.0,21.0,19.0,15.0,89.0,30.0,126.0,46.0,27.0,73.0,18.0,60.0,2406.0,25.0,8,49.0,49.0,25.0,ESP-La Liga,Atlético Madrid,FW,2,91000000.0,197900000.0,2030.0,86.0,87.0,86.0,72.0,86.0,77.0,88.0,CAM,86.0,89.0,24.861111111111,40.204497489265506,80.9847335846445,18.893893893894,0.364305196776606,0.14167424319090233,2.5714285714285716,1.5714285714285714,0.6015625,0.6122448979591837,2.5714285714285716,0.9387755102040817,0.5510204081632653,0.3673469387755102,1.489795918367347,0.2596733041715865,0.8696782345674476,1.816326530612245,0.3877551020408163,1.2244897959183674,1.1490453579463065,0.5102040816326531,0.673469387755102,True,72.0,41.0,52.0,20.0,89.0,74.0,54.5,20.0,False
Rodrigo Muniz,11.383613789454103,1.742494654841721,12.524309318512678,72.0,9.0,66.0,71.0,8.0,2.0,11.0,15.0,10.0,29.0,18.0,49.0,36.0,145.0,11.0,703.0,9.0,2,21.799999999999997,21.799999999999997,24.0,ENG-Premier League,Fulham,FW,2,11500000.0,22700000.0,2030.0,68.0,68.0,78.0,78.0,71.0,77.0,78.0,ST,76.0,81.0,52.299843014128996,46.3721210296555,54.06926406926401,11.8189102564105,0.5221841187822983,0.15810574707575142,3.3027522935779823,3.027522935779817,0.9295774647887324,0.4587155963302753,1.3302752293577984,0.8256880733944956,2.247706422018349,6.651376146788992,1.6513761467889911,0.07993094746980373,0.5745096017666367,0.6880733944954129,0.09174311926605505,0.5045871559633028,-2.3836137894541025,0.4128440366972478,0.5045871559633028,True,56.0,93.0,27.0,76.0,25.0,15.0,54.4,15.0,True
Jonas Wind,6.205839099362493,5.027541554532945,12.17202040180564,49.0,9.0,45.0,49.0,10.0,9.0,7.0,39.0,18.0,72.0,10.0,54.0,32.0,120.0,8.0,1092.0,10.0,3,27.1,27.1,26.0,GER-Bundesliga,Wolfsburg,FW,2,9000000.0,16000000.0,2028.0,57.0,66.0,79.0,82.0,77.0,79.0,78.0,ST,76.0,77.0,45.708955223881,58.1039755351685,67.4978484135635,16.8055555555555,0.2289977527440034,0.12664977753801004,1.8081180811808117,1.6605166051660516,0.9183673469387755,0.6642066420664207,2.6568265682656826,0.36900369003690037,1.9926199261992619,4.428044280442804,1.1808118081180812,0.1855181385436511,0.4491520443470715,1.4391143911439113,0.33210332103321033,0.2952029520295203,2.7941609006375074,0.36900369003690037,0.4797047970479705,True,55.0,48.0,50.0,82.0,59.0,5.0,54.4,5.0,False
Bazoumana Touré,6.972928463481367,8.974227411672473,20.09973612241447,67.0,5.0,53.0,67.0,5.0,13.0,5.0,59.0,25.0,154.0,46.0,32.0,50.0,53.0,60.0,1593.0,5.0,12,32.4,32.4,19.0,GER-Bundesliga,Hoffenheim,"MF,FW",2,23000000.0,43700000.0,2029.0,91.0,90.0,68.0,50.0,58.0,50.0,72.0,LM,77.0,86.0,43.9851097178685,42.253898345435005,74.124360864819,5.2083333333335,0.2152138414654743,0.1040735591564383,2.0679012345679015,1.6358024691358026,0.7910447761194029,0.7716049382716049,4.753086419753086,1.4197530864197532,0.9876543209876544,1.6358024691358026,1.5432098765432098,0.27698232752075536,0.6203622260004467,1.8209876543209877,0.4012345679012346,1.8518518518518519,-1.9729284634813666,0.154320987654321,0.5246913580246914,True,10.0,39.0,86.0,44.0,81.0,91.0,54.0,10.0,False
Nikola Krstović,25.583267961628735,6.80242636334151,33.41808384563774,236.0,19.0,160.0,236.0,18.0,10.0,23.0,51.0,47.0,138.0,33.0,82.0,63.0,154.0,34.0,2042.0,21.0,10,53.9,53.9,25.0,ITA-Serie A,Atalanta,FW,2,10000000.0,17800000.0,2030.0,66.0,65.0,80.0,81.0,70.0,79.0,83.0,ST,76.0,79.0,43.9606597684665,40.877506452253,70.23333333333349,9.065103590651,0.47464319038272235,0.1084036778035116,4.37847866419295,2.9684601113172544,0.6779661016949152,0.8719851576994434,2.560296846011132,0.6122448979591837,1.5213358070500929,2.857142857142857,1.1688311688311688,0.12620457074845104,0.6200015555776947,0.9461966604823748,0.1855287569573284,0.6307977736549165,-6.583267961628735,0.38961038961038963,0.575139146567718,True,31.0,76.0,65.0,58.0,48.0,15.0,54.0,15.0,False
Tanguy Coulibaly,4.956881604157388,1.4983827639371157,6.335359319113195,30.0,3.0,23.0,30.0,3.0,1.0,4.0,18.0,11.0,75.0,36.0,21.0,34.0,22.0,32.0,690.0,3.0,0,16.5,16.5,23.0,FRA-Ligue 1,Montpellier,"MF,FW",1,,,,,,,,,,,,,,48.888888888889,42.512077294686,82.122905027933,10.0,0.30041706691862957,0.16522938680524626,1.8181818181818181,1.393939393939394,0.7666666666666667,0.6666666666666666,4.545454545454546,2.1818181818181817,1.2727272727272727,1.3333333333333333,2.0606060606060606,0.09081107660224944,0.38396117085534515,1.0909090909090908,0.06060606060606061,1.9393939393939394,-1.9568816041573882,0.18181818181818182,0.18181818181818182,True,52.0,39.0,79.0,51.0,31.0,91.0,53.9,31.0,True
Kamory Doumbia,8.748540473170578,6.698069767095149,19.928745521232486,65.0,8.0,40.0,65.0,7.0,15.0,8.0,53.0,37.0,200.0,102.0,43.0,56.0,21.0,36.0,2072.0,8.0,6,34.099999999999994,34.099999999999994,22.0,FRA-Ligue 1,Brest,"MF,FW",2,9000000.0,19800000.0,2029.0,68.0,69.0,69.0,48.0,74.0,68.0,73.0,CAM,75.0,81.0,30.0986842105265,49.195575666164004,84.0366887905605,12.632135306554002,0.25655543909591144,0.13459293035647044,1.9061583577712613,1.1730205278592378,0.6153846153846154,1.0850439882697949,5.865102639296189,2.991202346041056,1.2609970674486806,0.6158357771260998,1.6422287390029329,0.19642433334589882,0.5844206897722137,1.55425219941349,0.43988269794721413,1.055718475073314,-0.7485404731705785,0.23460410557184755,0.4105571847507332,True,41.0,22.0,99.0,47.0,76.0,27.0,53.8,22.0,False
Igor Matanović,8.874484336003661,2.2806024756282564,11.86471299920231,62.0,11.0,52.0,64.0,12.0,4.0,6.0,23.0,9.0,59.0,25.0,33.0,33.0,94.0,15.0,824.0,12.0,2,21.0,21.0,22.0,GER-Bundesliga,Frankfurt,FW,2,6000000.0,10700000.0,2029.0,65.0,61.0,78.0,84.0,69.0,79.0,80.0,ST,74.0,78.0,47.091346153846004,41.233766233766,69.2893081761005,14.74358974358965,0.42259449219065054,0.1431368441290913,2.9523809523809526,2.4761904761904763,0.8125,0.42857142857142855,2.8095238095238093,1.1904761904761905,1.5714285714285714,4.476190476190476,1.5714285714285714,0.10860011788705982,0.5649863332953481,1.0952380952380953,0.19047619047619047,0.7142857142857143,2.125515663996339,0.5714285714285714,0.6666666666666666,True,59.0,77.0,40.0,58.0,44.0,16.0,53.7,16.0,True
Beto,20.214485632255673,2.3905384223908186,20.412733213976026,92.0,17.0,85.0,92.0,16.0,3.0,22.0,24.0,18.0,66.0,29.0,35.0,67.0,191.0,33.0,1162.0,17.0,1,34.4,34.4,27.0,ENG-Premier League,Everton,FW,2,8000000.0,15200000.0,2027.0,74.0,73.0,77.0,91.0,72.0,77.0,76.0,ST,76.0,76.0,46.486928104575,34.947312961012,60.365675990675996,18.6283815851925,0.5876303962865022,0.21972266991582254,2.674418604651163,2.4709302325581395,0.9239130434782609,0.5232558139534884,1.9186046511627908,0.8430232558139535,1.0174418604651163,5.552325581395349,1.9476744186046513,0.0694923959997331,0.593393407383024,0.6976744186046512,0.0872093023255814,0.9593023255813954,-3.2144856322556734,0.49418604651162795,0.5232558139534884,True,81.0,89.0,35.0,35.0,25.0,34.0,53.6,25.0,False
Fábio Silva,9.152693441137671,5.247438309714198,17.028862731531262,72.0,10.0,66.0,72.0,11.0,11.0,9.0,33.0,16.0,74.0,19.0,53.0,45.0,66.0,33.0,1220.0,12.0,9,29.799999999999997,29.799999999999997,23.0,GER-Bundesliga,Dortmund,"FW,MF",2,28500000.0,54200000.0,2030.0,81.0,79.0,77.0,74.0,76.0,80.0,81.0,ST,79.0,85.0,39.111635220126004,38.8693675072345,70.476489987421,14.5519077196095,0.3071373637965662,0.12712074223802322,2.4161073825503356,2.214765100671141,0.9166666666666666,0.5369127516778524,2.4832214765100673,0.6375838926174497,1.7785234899328861,2.214765100671141,1.5100671140939599,0.1760885338830268,0.57143834669568,1.1073825503355705,0.3691275167785235,1.1073825503355705,0.8473065588623285,0.4026845637583893,0.7046979865771813,True,48.0,69.0,38.0,52.0,60.0,54.0,53.6,38.0,False
Thierno Barry,23.4656231533736,4.670212930068374,29.315282377414412,111.0,18.0,100.0,110.0,19.0,9.0,25.0,36.0,21.0,71.0,17.0,59.0,50.0,232.0,27.0,1392.0,19.0,4,47.1,47.1,22.0,ENG-Premier League,Everton,FW,2,17000000.0,35700000.0,2029.0,80.0,77.0,76.0,79.0,74.0,74.0,77.0,ST,76.0,84.0,56.220657276995496,32.0402298850575,61.423317579711,18.1652046783625,0.4982085595196093,0.21140201039075315,2.356687898089172,2.1231422505307855,0.9090909090909091,0.445859872611465,1.5074309978768576,0.3609341825902335,1.2526539278131634,4.925690021231422,1.0615711252653928,0.0991552639080334,0.6224051460172911,0.7643312101910827,0.19108280254777069,0.5732484076433121,-5.465623153373599,0.4033970276008492,0.4883227176220807,True,78.0,80.0,20.0,52.0,39.0,38.0,53.5,20.0,False
Romain Del Castillo,3.575660875067115,11.004465617239475,18.367994915694,55.0,6.0,35.0,54.0,14.0,19.0,7.0,94.0,39.0,233.0,90.0,60.0,55.0,38.0,48.0,2642.0,15.0,7,43.2,43.2,29.0,FRA-Ligue 1,Brest,"FW,MF",2,7500000.0,15000000.0,2027.0,82.0,79.0,68.0,61.0,76.0,63.0,74.0,RM,76.0,76.0,44.193548387096996,47.9649947753395,75.507548421882,27.922077922078,0.08276992766359062,0.06501201591031118,1.2731481481481481,0.8101851851851851,0.6481481481481481,0.9027777777777777,5.393518518518518,2.083333333333333,1.3888888888888888,0.8796296296296295,1.2731481481481481,0.25473300039906194,0.4251850674929166,2.1759259259259256,0.43981481481481477,1.111111111111111,2.424339124932885,0.3472222222222222,0.5092592592592592,True,36.0,6.0,95.0,66.0,72.0,56.0,53.4,6.0,False
Junior Adamu,8.108775089494884,3.299277584068477,10.604301981627941,45.0,3.0,38.0,43.0,2.0,6.0,14.0,21.0,13.0,66.0,20.0,31.0,27.0,76.0,15.0,780.0,3.0,3,22.2,22.2,24.0,GER-Bundesliga,Freiburg,FW,2,,,,,,,,,,,,,,38.609625668449,43.7061711079945,61.611527006359495,9.9206349206348,0.36526013916643624,0.1801950019887752,2.027027027027027,1.7117117117117118,0.8837209302325582,0.5855855855855856,2.9729729729729732,0.9009009009009009,1.3963963963963963,3.4234234234234235,1.2162162162162162,0.14861610739047196,0.47767126043369107,0.9459459459459459,0.2702702702702703,0.6756756756756757,-5.108775089494884,0.13513513513513514,0.2702702702702703,True,57.0,60.0,52.0,56.0,45.0,38.0,53.4,38.0,True
Oumar Diakité,5.367392040789127,1.737616403028369,10.243458840996029,27.0,4.0,26.0,27.0,4.0,2.0,7.0,11.0,12.0,59.0,20.0,25.0,38.0,25.0,20.0,655.0,4.0,1,18.1,18.1,20.0,FRA-Ligue 1,Reims,FW,1,,,,,,,,,,,,,,29.411764705882,37.790697674419,83.673469387755,14.814814814815,0.29654099672868106,0.19879229780700472,1.4917127071823204,1.43646408839779,0.9629629629629629,0.6629834254143646,3.2596685082872927,1.1049723756906076,1.3812154696132595,1.3812154696132595,2.0994475138121547,0.09600090624466126,0.565936952541217,0.6077348066298343,0.11049723756906077,1.1049723756906076,-1.3673920407891273,0.22099447513812154,0.2762430939226519,True,78.0,49.0,65.0,31.0,37.0,61.0,53.2,31.0,True
Anthony Gordon,14.146863978356123,8.53946940228343,26.2324458360672,107.0,8.0,71.0,107.0,12.0,11.0,19.0,78.0,18.0,154.0,51.0,111.0,64.0,16.0,71.0,2338.0,12.0,7,46.9,46.9,24.0,ENG-Premier League,Newcastle,FW,2,41500000.0,82000000.0,2030.0,91.0,89.0,78.0,61.0,80.0,59.0,80.0,RM,82.0,85.0,36.764705882353,51.713084169948004,81.3911675469155,11.334745762712,0.30163889079650585,0.13221368204071143,2.281449893390192,1.5138592750533049,0.6635514018691588,0.3837953091684435,3.283582089552239,1.0874200426439233,2.366737739872068,0.3411513859275053,1.3646055437100213,0.18207823885465738,0.5593272033276588,1.6631130063965884,0.2345415778251599,1.5138592750533049,-6.146863978356123,0.255863539445629,0.4051172707889126,True,44.0,36.0,40.0,72.0,69.0,87.0,53.2,36.0,False
Afonso Moreira,3.1612205244600773,5.9273083889856935,13.23570010252297,40.0,4.0,25.0,40.0,4.0,10.0,1.0,33.0,14.0,83.0,33.0,57.0,35.0,9.0,24.0,1064.0,4.0,7,19.1,19.1,20.0,FRA-Ligue 1,Lyon,"MF,FW",1,12500000.0,26300000.0,2029.0,91.0,90.0,68.0,61.0,68.0,46.0,72.0,RM,75.0,84.0,22.5,49.130434782609,80.847145488029,10.0,0.16550892798220299,0.07903051311150193,2.094240837696335,1.3089005235602094,0.625,0.7329842931937173,4.345549738219895,1.7277486910994764,2.9842931937172774,0.47120418848167533,1.832460732984293,0.3103302821458478,0.6929685917551293,1.7277486910994764,0.5235602094240838,1.256544502617801,0.8387794755399227,0.20942408376963348,0.5759162303664921,True,12.0,19.0,83.0,61.0,88.0,85.0,53.1,12.0,True
Mattia Zaccagni,10.976146953180432,8.004563387483358,25.52999915368855,82.0,9.0,61.0,82.0,10.0,11.0,13.0,90.0,20.0,184.0,75.0,180.0,67.0,35.0,67.0,2892.0,11.0,6,53.2,53.2,30.0,ITA-Serie A,Lazio,FW,2,35000000.0,59500000.0,2029.0,88.0,90.0,79.0,59.0,83.0,66.0,80.0,LW,83.0,83.0,44.642857142857494,57.2723287953795,83.71383100505349,12.745098039215849,0.20631855175151187,0.13385545064854185,1.5413533834586466,1.1466165413533833,0.7439024390243902,0.37593984962406013,3.4586466165413534,1.4097744360902256,3.3834586466165413,0.6578947368421052,1.2593984962406015,0.15046171780983755,0.4798872021370028,1.6917293233082706,0.20676691729323307,1.2593984962406015,-1.9761469531804323,0.20676691729323307,0.31954887218045114,True,51.0,22.0,44.0,86.0,61.0,81.0,53.1,22.0,False
Tiago Tomás,11.097560185939074,3.8658226877450943,17.37831139191985,77.0,11.0,54.0,77.0,10.0,6.0,9.0,31.0,13.0,110.0,48.0,77.0,52.0,19.0,42.0,1429.0,11.0,4,32.2,32.2,23.0,GER-Bundesliga,Stuttgart,"MF,FW",2,12000000.0,22800000.0,2029.0,86.0,85.0,78.0,66.0,74.0,67.0,77.0,ST,76.0,82.0,26.84331797235,49.956312800349494,75.583990863787,14.285714285714,0.34464472627139975,0.144124158258949,2.391304347826087,1.6770186335403725,0.7012987012987013,0.40372670807453415,3.416149068322981,1.4906832298136645,2.391304347826087,0.5900621118012421,1.6149068322981366,0.12005660520947496,0.5396991115503059,0.9627329192546583,0.18633540372670807,1.3043478260869563,-0.09756018593907356,0.3416149068322981,0.4658385093167701,True,58.0,46.0,46.0,62.0,46.0,73.0,52.9,46.0,False
Iliman Ndiaye,10.19399249739945,6.365733444690705,26.972875125706196,80.0,11.0,58.0,80.0,15.0,10.0,6.0,48.0,42.0,350.0,123.0,89.0,108.0,19.0,141.0,2822.0,15.0,3,57.9,57.9,25.0,ENG-Premier League,Everton,"MF,FW",2,36500000.0,72100000.0,2029.0,86.0,87.0,79.0,66.0,86.0,59.0,80.0,RM,82.0,83.0,26.516942474389502,50.928951623770004,84.451295001315,19.1389063482085,0.17606204658720984,0.1274249062174931,1.381692573402418,1.001727115716753,0.725,0.7253886010362695,6.0449050086355784,2.1243523316062176,1.53713298791019,0.3281519861830743,1.8652849740932642,0.10994358280985675,0.4658527655562383,0.8290155440414508,0.17271157167530224,2.435233160621762,0.8060075026005507,0.2590673575129534,0.31088082901554404,True,59.0,17.0,85.0,52.0,42.0,84.0,52.9,17.0,False
Ilan Kebbal,3.161576475948096,5.013933707028627,13.746420331299303,50.0,6.0,30.0,50.0,7.0,7.0,4.0,61.0,24.0,132.0,32.0,61.0,46.0,2.0,32.0,1948.0,9.0,4,24.7,24.7,27.0,FRA-Ligue 1,Paris,"MF,FW",1,11500000.0,21900000.0,2028.0,76.0,83.0,72.0,40.0,80.0,32.0,73.0,RW,77.0,77.0,12.5,51.239669421488,86.083916083916,18.0,0.12799904760923467,0.06323152951896192,2.0242914979757085,1.2145748987854252,0.6,0.9716599190283401,5.34412955465587,1.2955465587044535,2.4696356275303644,0.08097165991902834,1.8623481781376519,0.20299326749103755,0.556535236084992,2.4696356275303644,0.2834008097165992,1.2955465587044535,2.838423524051904,0.3643724696356275,0.5263157894736842,True,32.0,13.0,93.0,58.0,77.0,53.0,52.9,13.0,True
Eli Junior Kroupi,7.326783983036876,1.81576990429312,11.65668847411871,52.0,11.0,33.0,52.0,11.0,3.0,3.0,22.0,20.0,61.0,9.0,12.0,20.0,8.0,15.0,742.0,13.0,0,18.6,18.6,19.0,ENG-Premier League,Bournemouth,"MF,FW",1,30500000.0,64099999.99999999,2030.0,80.0,81.0,81.0,59.0,79.0,72.0,81.0,ST,78.0,86.0,26.666666666667,32.142857142857,76.017130620985,25.0,0.39391311736757395,0.1408996919814784,2.7956989247311825,1.7741935483870965,0.6346153846153846,1.075268817204301,3.279569892473118,0.48387096774193544,0.6451612903225806,0.4301075268817204,1.075268817204301,0.09762203786522149,0.6267036814042316,1.182795698924731,0.16129032258064516,0.8064516129032258,3.6732160169631243,0.6989247311827956,0.6989247311827956,True,72.0,49.0,74.0,20.0,49.0,48.0,52.8,20.0,True
Loïs Openda,12.923430389724672,4.363521719351411,20.772240741178393,103.0,10.0,76.0,104.0,8.0,8.0,18.0,37.0,17.0,66.0,15.0,98.0,33.0,29.0,26.0,1293.0,10.0,5,35.3,34.7,25.0,ITA-Serie A,Juventus,"FW,MF",2,38500000.0,0.0,,95.0,94.0,84.0,79.0,80.0,79.0,83.0,ST,82.0,84.0,34.0970350404315,55.265423242468,69.75717439293601,7.6923076923079,0.3661028439015488,0.12547019795849196,2.917847025495751,2.152974504249292,0.7307692307692307,0.481586402266289,1.869688385269122,0.42492917847025496,2.776203966005666,0.821529745042493,0.934844192634561,0.12361251329607398,0.5884487462090197,1.048158640226629,0.226628895184136,0.7365439093484419,-2.923430389724672,0.28328611898017,0.42492917847025496,True,38.0,62.0,26.0,79.0,49.0,79.0,52.8,26.0,False
Dušan Vlahović,18.82719596941024,2.99136795848608,24.05781565885991,126.0,12.0,99.0,126.0,15.0,4.0,23.0,27.0,17.0,44.0,7.0,36.0,47.0,64.0,12.0,970.0,17.0,5,30.6,30.6,25.0,ITA-Serie A,Juventus,FW,2,34500000.0,61200000.0,2028.0,77.0,76.0,82.0,87.0,78.0,81.0,86.0,ST,81.0,84.0,46.928635953026,36.8667255075025,70.65259740259751,13.6363636363635,0.6152678421375896,0.1494221902334146,4.117647058823529,3.235294117647059,0.7857142857142857,0.5555555555555556,1.4379084967320261,0.22875816993464052,1.1764705882352942,2.0915032679738563,1.5359477124183005,0.09775712282634248,0.786203126106533,0.8823529411764706,0.13071895424836602,0.39215686274509803,-6.827195969410241,0.5555555555555556,0.7189542483660131,True,64.0,87.0,28.0,44.0,44.0,28.0,52.7,28.0,False
Jarrod Bowen,16.56736015714705,16.065295724198222,29.837376050651073,166.0,20.0,118.0,166.0,19.0,27.0,13.0,97.0,57.0,288.0,91.0,100.0,154.0,45.0,97.0,3027.0,22.0,19,70.8,70.8,28.0,ENG-Premier League,West Ham,"MF,FW",2,36500000.0,69400000.0,2030.0,76.0,78.0,84.0,66.0,80.0,82.0,83.0,RM,83.0,83.0,28.3333333333335,43.220621792501504,76.456674473068,13.167466899461498,0.23400226210659675,0.09980337444064488,2.344632768361582,1.6666666666666667,0.7108433734939759,0.8050847457627119,4.067796610169491,1.2853107344632768,1.4124293785310735,0.635593220338983,2.1751412429378534,0.22691095655647206,0.42143186512219033,1.3700564971751412,0.38135593220338987,1.3700564971751412,3.43263984285295,0.3107344632768362,0.5790960451977402,True,42.0,36.0,84.0,39.0,66.0,49.0,52.6,36.0,False
Anton Kade,6.7122930232435465,3.0941985473036766,10.916635751724243,48.0,6.0,38.0,48.0,6.0,4.0,5.0,26.0,8.0,76.0,31.0,18.0,24.0,36.0,24.0,854.0,6.0,0,19.4,19.4,21.0,GER-Bundesliga,Augsburg,"MF,FW",1,6000000.0,12000000.0,2029.0,76.0,77.0,72.0,69.0,60.0,57.0,70.0,RM,73.0,80.0,41.860465116279,47.402597402597,73.214285714286,12.5,0.34599448573420344,0.13983943798424056,2.4742268041237114,1.9587628865979383,0.7916666666666666,0.4123711340206186,3.9175257731958766,1.597938144329897,0.9278350515463918,1.8556701030927836,1.2371134020618557,0.15949477047957097,0.5627131830785693,1.3402061855670104,0.2061855670103093,1.2371134020618557,-0.7122930232435465,0.30927835051546393,0.30927835051546393,True,44.0,59.0,51.0,52.0,59.0,46.0,52.5,44.0,True
Nicolò Cambiaghi,3.645070924423635,5.101891458034515,11.146918517537415,38.0,4.0,29.0,38.0,4.0,8.0,3.0,31.0,19.0,98.0,46.0,105.0,32.0,9.0,26.0,1129.0,4.0,7,23.799999999999997,23.799999999999997,24.0,ITA-Serie A,Bologna,"MF,FW",2,9500000.0,16900000.0,2029.0,75.0,75.0,73.0,61.0,70.0,63.0,77.0,CAM,76.0,78.0,30.30303030303,61.617520447697,84.174704062855,9.82142857142855,0.1531542405220015,0.09592291906377987,1.596638655462185,1.2184873949579833,0.7631578947368421,0.7983193277310925,4.11764705882353,1.9327731092436977,4.411764705882353,0.3781512605042017,1.3445378151260505,0.2143651873123746,0.46835792090493344,1.3025210084033616,0.33613445378151263,1.092436974789916,0.354929075576365,0.16806722689075632,0.4621848739495799,True,20.0,23.0,87.0,74.0,69.0,40.0,52.5,20.0,True
Jean-Philippe Mateta,27.24303856678307,5.102404439821839,33.773381577804685,132.0,20.0,106.0,133.0,24.0,9.0,39.0,38.0,33.0,125.0,28.0,47.0,86.0,131.0,34.0,1519.0,26.0,2,54.0,54.0,28.0,ENG-Premier League,Crystal Palace,FW,2,31000000.0,58900000.0,2027.0,75.0,69.0,84.0,88.0,81.0,79.0,85.0,ST,82.0,82.0,39.016480595428,35.824482695477,65.15873015873001,19.5238095238095,0.5045007141996865,0.20638665580896265,2.4444444444444446,1.962962962962963,0.7969924812030075,0.6111111111111112,2.314814814814815,0.5185185185185185,0.8703703703703703,2.425925925925926,1.5925925925925926,0.09448897110781183,0.6254329921815682,0.7037037037037037,0.16666666666666666,0.6296296296296297,-7.243038566783071,0.48148148148148145,0.5185185185185185,True,88.0,69.0,43.0,29.0,36.0,27.0,52.1,27.0,False
Jack Grealish,4.3560916455462575,6.473878641612828,16.02786721009761,41.0,3.0,31.0,41.0,2.0,7.0,4.0,64.0,23.0,113.0,30.0,83.0,46.0,5.0,36.0,1502.0,3.0,7,26.1,26.1,29.0,ENG-Premier League,Manchester City,"MF,FW",2,30000000.0,0.0,,72.0,75.0,76.0,67.0,86.0,48.0,78.0,LM,82.0,82.0,14.945652173913,57.0195627157655,87.5690455615985,7.1794871794872,0.16690006304774932,0.10624613769625019,1.5708812260536398,1.1877394636015326,0.7560975609756098,0.8812260536398467,4.329501915708812,1.1494252873563218,3.18007662835249,0.19157088122605362,1.7624521072796935,0.24804132726485928,0.6140945291225138,2.4521072796934864,0.2681992337164751,1.379310344827586,-1.3560916455462575,0.11494252873563218,0.38314176245210724,True,21.0,21.0,86.0,63.0,82.0,41.0,52.1,21.0,False
Issa Soumaré,16.167380928061903,7.092116344720125,22.680806905031204,120.0,12.0,87.0,120.0,11.0,12.0,24.0,57.0,31.0,193.0,61.0,134.0,75.0,223.0,42.0,2214.0,13.0,9,53.9,53.9,24.0,FRA-Ligue 1,Le Havre,"MF,FW",2,4200000.0,8700000.0,2029.0,83.0,83.0,68.0,62.0,70.0,82.0,70.0,ST,73.0,76.0,60.337378194520994,47.0400260443435,67.507188709452,11.008758683177,0.2999514086838943,0.13472817440051585,2.226345083487941,1.614100185528757,0.725,0.575139146567718,3.580705009276438,1.1317254174397031,2.4860853432282006,4.137291280148423,1.391465677179963,0.13157915296326764,0.42079419118796296,1.0575139146567718,0.22263450834879406,0.7792207792207793,-4.1673809280619025,0.24118738404452691,0.40816326530612246,True,35.0,41.0,59.0,83.0,41.0,55.0,52.1,35.0,False
Harvey Barnes,15.745595548301935,7.457871490158141,26.574008064344525,121.0,16.0,90.0,121.0,14.0,12.0,15.0,50.0,18.0,122.0,29.0,45.0,47.0,14.0,37.0,1825.0,16.0,5,41.3,41.3,27.0,ENG-Premier League,Newcastle,"FW,MF",2,22500000.0,42800000.0,2028.0,83.0,80.0,82.0,71.0,77.0,46.0,81.0,LW,80.0,80.0,31.126482213439,40.2067669172935,81.4002745024645,13.1773399014775,0.38124928688382415,0.1301288888289416,2.9297820823244556,2.179176755447942,0.743801652892562,0.43583535108958843,2.953995157384988,0.7021791767554479,1.089588377723971,0.33898305084745767,1.1380145278450364,0.18057800218300585,0.643438451921175,1.2106537530266344,0.2905569007263923,0.8958837772397095,0.2544044516980648,0.38740920096852305,0.5084745762711865,True,53.0,64.0,36.0,38.0,70.0,55.0,52.0,36.0,False
Joshua Zirkzee,9.065019574016333,3.2259928341954947,15.743468226864936,53.0,5.0,45.0,53.0,4.0,6.0,12.0,23.0,15.0,76.0,23.0,19.0,43.0,43.0,16.0,1037.0,5.0,2,22.6,22.6,24.0,ENG-Premier League,Manchester Utd,"FW,MF",2,16000000.0,31600000.0,2029.0,70.0,73.0,77.0,84.0,79.0,73.0,78.0,CAM,77.0,82.0,34.165834165834,37.7158555729985,73.1922398589065,9.357142857143,0.40110706079718284,0.17103810517011947,2.3451327433628317,1.9911504424778759,0.8490566037735849,0.663716814159292,3.3628318584070795,1.0176991150442478,0.8407079646017699,1.902654867256637,1.902654867256637,0.14274304576086258,0.6966136383568555,1.0176991150442478,0.2654867256637168,0.7079646017699115,-4.065019574016333,0.22123893805309733,0.30973451327433627,True,52.0,67.0,65.0,23.0,59.0,25.0,51.8,23.0,True
Federico Viñas,8.392383448779583,3.027751691639424,8.796410974115133,60.0,7.0,49.0,57.0,9.0,5.0,10.0,27.0,7.0,89.0,50.0,69.0,55.0,93.0,49.0,1058.0,9.0,1,27.1,27.1,27.0,ESP-La Liga,Oviedo,"FW,MF",1,6500000.0,14800000.0,2027.0,77.0,75.0,72.0,86.0,75.0,80.0,74.0,ST,75.0,76.0,46.733668341709,56.610169491525,71.953578336557,15.789473684211,0.3096820460804274,0.13987305747965972,2.214022140221402,1.8081180811808117,0.8596491228070176,0.25830258302583026,3.284132841328413,1.8450184501845017,2.5461254612546123,3.431734317343173,2.029520295202952,0.11172515467304146,0.32459081085295693,0.9963099630996309,0.18450184501845018,1.8081180811808117,-1.392383448779583,0.33210332103321033,0.36900369003690037,True,51.0,56.0,38.0,78.0,32.0,54.0,51.7,32.0,False
Justin Njinmah,11.289273528382182,2.995932658202946,19.782031200826168,93.0,8.0,73.0,93.0,8.0,4.0,12.0,28.0,19.0,69.0,29.0,42.0,20.0,33.0,32.0,1181.0,8.0,2,32.2,32.2,24.0,GER-Bundesliga,Werder Bremen,"FW,MF",2,3600000.0,6400000.0,2027.0,88.0,90.0,69.0,62.0,60.0,56.0,71.0,ST,72.0,77.0,44.590643274853505,52.74926686217,71.075058392778,8.8709677419355,0.3505985567820553,0.12139003793959335,2.8881987577639747,2.2670807453416146,0.7849462365591398,0.5900621118012421,2.142857142857143,0.9006211180124223,1.3043478260869563,1.0248447204968942,0.6211180124223602,0.0930413869007126,0.6143487950567132,0.8695652173913043,0.12422360248447203,0.9937888198757763,-3.289273528382182,0.24844720496894407,0.3105590062111801,True,23.0,66.0,45.0,72.0,37.0,76.0,51.5,23.0,False
Ange-Yoan Bonny,11.170304954051971,6.941067229025066,21.17668684571981,85.0,9.0,68.0,86.0,11.0,14.0,9.0,47.0,19.0,97.0,51.0,71.0,111.0,36.0,53.0,1560.0,11.0,8,40.8,40.8,21.0,ITA-Serie A,Inter,FW,2,,,,,,,,,,,,,,31.4912280701755,45.562829605383,78.19705939279049,16.051136363636502,0.2737819841679405,0.13141535240061142,2.0833333333333335,1.6666666666666667,0.7906976744186046,0.46568627450980393,2.377450980392157,1.25,1.7401960784313726,0.8823529411764707,2.7205882352941178,0.17012419678983007,0.5190364422970543,1.1519607843137256,0.3431372549019608,1.2990196078431373,-2.1703049540519714,0.26960784313725494,0.46568627450980393,True,55.0,44.0,41.0,52.0,61.0,73.0,51.4,41.0,False
Julian Brandt,9.6841040244326,14.32506886869669,36.77153498865664,82.0,12.0,52.0,82.0,11.0,24.0,8.0,94.0,44.0,183.0,40.0,14.0,55.0,34.0,37.0,2540.0,12.0,14,43.400000000000006,43.400000000000006,29.0,GER-Bundesliga,Dortmund,"MF,FW",2,30000000.0,51000000.0,2030.0,74.0,67.0,76.0,72.0,85.0,54.0,82.0,CAM,82.0,82.0,40.4941860465115,38.461820045391505,81.75620156686051,15.015015015015,0.22313603742932253,0.11809882956625121,1.889400921658986,1.1981566820276497,0.6341463414634146,1.0138248847926266,4.216589861751151,0.9216589861751151,0.32258064516129026,0.7834101382488479,1.2672811059907831,0.33007071126029236,0.8472703914437013,2.1658986175115205,0.5529953917050691,0.8525345622119814,2.3158959755674005,0.27649769585253453,0.5990783410138248,True,44.0,21.0,86.0,31.0,93.0,29.0,51.3,21.0,False
Mohamed Ali Cho,8.571184772998095,7.964834610931575,22.228876339271665,69.0,7.0,52.0,67.0,5.0,16.0,13.0,53.0,24.0,138.0,28.0,73.0,51.0,29.0,38.0,1589.0,7.0,7,36.5,36.5,21.0,FRA-Ligue 1,Nice,"FW,MF",2,11500000.0,24200000.0,2028.0,80.0,82.0,70.0,62.0,65.0,65.0,75.0,LM,75.0,82.0,27.536231884058,45.5150589262335,78.02508607968551,10.61827956989265,0.23482698008213956,0.12422006917388542,1.8904109589041096,1.4246575342465753,0.7761194029850746,0.6575342465753424,3.780821917808219,0.7671232876712328,2.0,0.7945205479452054,1.3972602739726028,0.2182146468748377,0.6090103106649771,1.452054794520548,0.4383561643835616,1.0410958904109588,-1.5711847729980946,0.1917808219178082,0.3835616438356164,True,30.0,34.0,64.0,57.0,77.0,53.0,51.2,30.0,False
Artem Dovbyk,15.930101549252868,4.214469010010362,18.751111297868192,75.0,13.0,64.0,75.0,15.0,7.0,14.0,36.0,9.0,31.0,7.0,22.0,44.0,58.0,9.0,873.0,15.0,3,31.299999999999997,31.299999999999997,28.0,ITA-Serie A,Roma,FW,2,26500000.0,45100000.0,2029.0,83.0,80.0,83.0,80.0,83.0,82.0,85.0,ST,81.0,81.0,53.482482059941,29.411764705882,73.102909903362,22.0238095238095,0.5089489312860341,0.21240135399003823,2.3961661341853038,2.0447284345047927,0.8533333333333334,0.28753993610223644,0.9904153354632589,0.22364217252396168,0.7028753993610224,1.8530351437699681,1.4057507987220448,0.1346475722048039,0.5990770382705494,1.1501597444089458,0.22364217252396168,0.28753993610223644,-2.9301015492528677,0.47923322683706077,0.5750798722044729,True,91.0,75.0,6.0,35.0,54.0,39.0,51.2,6.0,False
Gorka Guruzeta,17.77210331056267,4.952907676808536,25.297293609008193,143.0,16.0,123.0,143.0,16.0,9.0,19.0,41.0,37.0,120.0,35.0,51.0,35.0,114.0,18.0,1623.0,17.0,5,46.7,46.7,28.0,ESP-La Liga,Athletic Club,FW,2,,,,,,,,,,,,,,37.561705310396505,34.891304347826,70.6206896551725,11.8845843422115,0.3805589573996289,0.12428044273120749,3.062098501070664,2.633832976445396,0.8601398601398601,0.7922912205567452,2.569593147751606,0.7494646680942184,1.0920770877944326,2.4411134903640255,0.7494646680942184,0.10605798023144616,0.5416979359530661,0.8779443254817987,0.19271948608137043,0.38543897216274087,-1.7721033105626702,0.3640256959314775,0.4710920770877944,True,38.0,79.0,64.0,40.0,40.0,12.0,51.1,12.0,False
Georginio Rutter,8.610311209224164,7.731052542105317,21.042343497276306,92.0,8.0,64.0,92.0,8.0,14.0,8.0,44.0,34.0,126.0,71.0,79.0,96.0,44.0,55.0,1664.0,8.0,6,38.2,38.2,23.0,ENG-Premier League,Brighton,"MF,FW",2,16500000.0,34700000.0,2029.0,77.0,76.0,76.0,76.0,77.0,73.0,77.0,CAM,77.0,83.0,36.361111111111,43.58939533873,69.050032003414,8.57142857142855,0.22540081699539696,0.09359033923069744,2.408376963350785,1.6753926701570678,0.6956521739130435,0.8900523560209423,3.2984293193717273,1.8586387434554972,2.068062827225131,1.1518324607329842,2.513089005235602,0.20238357440066274,0.5508466884103744,1.1518324607329842,0.36649214659685864,1.4397905759162302,-0.6103112092241645,0.20942408376963348,0.36649214659685864,True,20.0,35.0,85.0,55.0,62.0,51.0,51.1,20.0,False
Thijs Dallinga,9.422434993088245,1.2591763380914927,11.985805264674127,55.0,5.0,49.0,54.0,5.0,1.0,12.0,22.0,16.0,55.0,17.0,26.0,35.0,60.0,4.0,826.0,5.0,4,21.8,21.8,24.0,ITA-Serie A,Bologna,FW,2,8500000.0,15100000.0,2028.0,71.0,69.0,77.0,65.0,79.0,80.0,81.0,ST,75.0,80.0,45.0,34.3881856540085,71.8263655782725,9.18653576437585,0.4322217886737727,0.17131699987433174,2.5229357798165135,2.2477064220183487,0.9074074074074074,0.7339449541284403,2.5229357798165135,0.7798165137614679,1.1926605504587156,2.7522935779816513,1.6055045871559632,0.05776038248126113,0.5498075809483545,1.0091743119266054,0.04587155963302752,0.18348623853211007,-4.422434993088245,0.2293577981651376,0.4128440366972477,True,52.0,80.0,61.0,39.0,28.0,10.0,51.1,10.0,True
Lassine Sinayoko,16.93793450295925,10.375458463095129,29.759921930730343,154.0,13.0,112.0,153.0,14.0,13.0,20.0,77.0,37.0,167.0,75.0,86.0,94.0,66.0,60.0,2441.0,17.0,12,56.3,56.3,25.0,FRA-Ligue 1,Auxerre,"FW,MF",2,7500000.0,15600000.0,2029.0,75.0,72.0,78.0,80.0,72.0,68.0,76.0,ST,75.0,78.0,28.8642052565705,46.864313292885,77.55268433232999,10.6200997861727,0.300851412130715,0.10998658768155357,2.7353463587921847,1.9893428063943162,0.7320261437908496,0.6571936056838367,2.966252220248668,1.3321492007104796,1.52753108348135,1.1722912966252221,1.6696269982238012,0.1842887826482261,0.5285954161763826,1.3676731793960923,0.23090586145648315,1.0657193605683837,-3.9379345029592514,0.3019538188277087,0.5150976909413855,True,32.0,51.0,65.0,50.0,63.0,37.0,51.0,32.0,False
Crysencio Summerville,7.513069646432997,5.39447972457856,15.442818496376276,68.0,6.0,54.0,68.0,6.0,7.0,9.0,45.0,19.0,158.0,58.0,90.0,55.0,11.0,64.0,1638.0,6.0,3,36.099999999999994,36.099999999999994,23.0,ENG-Premier League,West Ham,"MF,FW",2,21000000.0,41500000.0,2029.0,89.0,91.0,78.0,46.0,77.0,50.0,78.0,CAM,78.0,83.0,29.5031055900625,51.130747831779004,81.00319086234549,8.2010582010582,0.20811827275437667,0.11048631832989701,1.883656509695291,1.4958448753462605,0.7941176470588235,0.5263157894736843,4.376731301939059,1.6066481994459836,2.4930747922437675,0.30470914127423826,1.5235457063711915,0.1494315713179657,0.42777890571679444,1.2465373961218837,0.19390581717451527,1.772853185595568,-1.5130696464329967,0.1662049861495845,0.24930747922437677,True,26.0,35.0,62.0,66.0,53.0,90.0,50.9,26.0,False
Emersonn,7.415036683902144,1.878817074000836,8.169102063402534,51.0,7.0,41.0,52.0,6.0,1.0,9.0,18.0,11.0,34.0,20.0,10.0,16.0,62.0,10.0,540.0,6.0,2,16.7,16.7,21.0,FRA-Ligue 1,Toulouse,FW,1,5000000.0,11000000.0,2029.0,81.0,78.0,71.0,78.0,70.0,65.0,71.0,ST,72.0,81.0,43.971631205674,32.520325203252,75.20325203252,11.538461538462,0.4440141726887512,0.145392876154944,3.0538922155688626,2.4550898203592815,0.7884615384615384,0.6586826347305389,2.035928143712575,1.1976047904191618,0.5988023952095809,3.712574850299401,0.9580838323353293,0.1125040164072357,0.48916778822769663,1.0778443113772456,0.059880239520958084,0.5988023952095809,-0.41503668390214443,0.3592814371257485,0.47904191616766467,True,44.0,77.0,55.0,34.0,38.0,43.0,50.7,34.0,True
Randy Nteka,6.007423131726682,0.8940387405455112,8.526375001296401,29.0,6.0,25.0,29.0,5.0,1.0,8.0,13.0,12.0,38.0,20.0,22.0,24.0,61.0,9.0,587.0,6.0,0,16.7,16.7,27.0,ESP-La Liga,Rayo Vallecano,FW,2,1700000.0,3600000.0,2028.0,71.0,65.0,66.0,88.0,65.0,72.0,67.0,ST,70.0,70.0,50.6144393241165,36.879699248120005,72.58796249621949,20.913461538461497,0.35972593603153785,0.20715252178367868,1.7365269461077846,1.4970059880239521,0.8620689655172413,0.718562874251497,2.2754491017964074,1.1976047904191618,1.3173652694610778,3.6526946107784433,1.437125748502994,0.05353525392488091,0.5105613773231378,0.7784431137724551,0.059880239520958084,0.5389221556886228,-0.007423131726682186,0.3592814371257485,0.3592814371257485,True,73.0,52.0,62.0,50.0,23.0,17.0,50.6,17.0,True
Yann Gboho,11.045353254303336,8.625206284224989,28.71624126750976,108.0,13.0,72.0,107.0,9.0,9.0,8.0,87.0,49.0,254.0,57.0,130.0,117.0,7.0,127.0,2513.0,13.0,7,54.8,54.8,24.0,FRA-Ligue 1,Toulouse,"MF,FW",2,10000000.0,20800000.0,2027.0,79.0,81.0,73.0,61.0,75.0,53.0,75.0,CAM,76.0,79.0,13.8257575757575,48.791493674834,79.947114932519,12.017543859648999,0.2015575411369222,0.10227178939169755,1.9708029197080292,1.3138686131386863,0.6728971962616822,0.8941605839416059,4.635036496350366,1.0401459854014599,2.372262773722628,0.12773722627737227,2.135036496350365,0.1573942752595801,0.5240190012319299,1.5875912408759125,0.1642335766423358,2.317518248175183,1.9546467456966639,0.2372262773722628,0.36496350364963503,True,28.0,23.0,86.0,54.0,60.0,65.0,50.6,23.0,False
Dominic Calvert-Lewin,23.45000484958291,2.284765638411045,25.705306943506002,123.0,13.0,116.0,124.0,17.0,3.0,36.0,27.0,29.0,81.0,19.0,61.0,62.0,214.0,18.0,1489.0,17.0,2,48.099999999999994,48.099999999999994,28.0,ENG-Premier League,Everton,FW,2,11000000.0,20900000.0,2028.0,73.0,68.0,76.0,84.0,74.0,84.0,81.0,ST,77.0,77.0,45.4833920950085,36.933539229079,60.976719087264996,12.4594594594595,0.48752608834891714,0.19065044593156838,2.5571725571725574,2.4116424116424118,0.9354838709677419,0.6029106029106029,1.6839916839916842,0.39501039501039503,1.2681912681912684,4.4490644490644495,1.288981288981289,0.047500325122890756,0.5344138657693557,0.5613305613305614,0.06237006237006238,0.37422037422037424,-10.45000484958291,0.35343035343035345,0.39501039501039503,True,64.0,86.0,36.0,48.0,18.0,15.0,50.0,15.0,False
Diego López,10.404101319611073,8.01228721998632,25.150693275034428,72.0,12.0,54.0,72.0,11.0,15.0,10.0,55.0,33.0,184.0,53.0,66.0,45.0,39.0,36.0,2173.0,12.0,6,50.0,50.0,23.0,ESP-La Liga,Valencia,"MF,FW",2,16000000.0,34800000.0,2029.0,83.0,84.0,76.0,60.0,66.0,59.0,76.0,LW,77.0,82.0,27.123287671233,43.6591315661085,76.1612364243945,16.233766233765998,0.20808202639222145,0.14450140721682045,1.44,1.08,0.75,0.66,3.68,1.06,1.32,0.78,0.9,0.1602457443997264,0.5030138655006886,1.1,0.3,0.72,1.5958986803889275,0.24,0.36,True,59.0,22.0,67.0,49.0,56.0,55.0,49.9,22.0,False
Jeff Ekhator,4.515214305371046,2.243360203690827,7.192193451337516,30.0,4.0,26.0,30.0,4.0,3.0,5.0,21.0,16.0,64.0,19.0,32.0,26.0,42.0,16.0,645.0,4.0,1,19.1,19.1,18.0,ITA-Serie A,Genoa,"FW,MF",2,2200000.0,4400000.0,2029.0,69.0,69.0,68.0,56.0,58.0,65.0,67.0,ST,67.0,78.0,39.880952380951996,42.931547619048004,65.09119834252101,12.5,0.23639865473146837,0.1505071435123682,1.5706806282722512,1.3612565445026177,0.8666666666666667,0.8376963350785339,3.3507853403141357,0.9947643979057591,1.6753926701570678,2.1989528795811517,1.3612565445026177,0.11745341380580245,0.37655463096007935,1.0994764397905759,0.15706806282722513,0.8376963350785339,-0.5152143053710461,0.20942408376963348,0.2617801047120419,True,46.0,40.0,77.0,60.0,33.0,24.0,49.9,24.0,True
André Silva,10.093296906910837,2.6638588048517704,13.2611899971962,79.0,7.0,60.0,79.0,12.0,3.0,11.0,30.0,18.0,73.0,17.0,43.0,48.0,38.0,15.0,1087.0,12.0,0,26.2,24.7,29.0,GER-Bundesliga,Werder Bremen,FW,2,7500000.0,16500000.0,2030.0,72.0,74.0,75.0,77.0,76.0,79.0,77.0,ST,76.0,76.0,39.523809523809504,35.598881466522,75.700196163906,13.31738437001605,0.3852403399584289,0.12776325198621313,3.0152671755725193,2.290076335877863,0.759493670886076,0.6870229007633588,2.786259541984733,0.648854961832061,1.6412213740458015,1.450381679389313,1.83206106870229,0.10167400018518208,0.5061522899693206,1.1450381679389314,0.11450381679389313,0.5725190839694657,-3.0932969069108367,0.4580152671755725,0.4580152671755725,True,44.0,68.0,56.0,44.0,40.0,24.0,49.7,24.0,False
Ferran Jutglà,6.59795877058059,1.5541915334761145,8.991645194590092,45.0,9.0,32.0,45.0,7.0,2.0,8.0,16.0,10.0,51.0,12.0,30.0,20.0,17.0,21.0,742.0,9.0,3,18.4,18.4,26.0,ESP-La Liga,Celta Vigo,FW,1,6000000.0,12600000.0,2029.0,76.0,79.0,74.0,79.0,77.0,67.0,77.0,ST,75.0,75.0,35.416666666667,44.055944055944,77.884615384615,20.0,0.3585847157924234,0.146621306012902,2.4456521739130435,1.7391304347826089,0.7111111111111111,0.5434782608695653,2.7717391304347827,0.6521739130434783,1.6304347826086958,0.923913043478261,1.0869565217391306,0.08446693116718014,0.4886763692712007,0.8695652173913044,0.10869565217391305,1.1413043478260871,2.4020412294194102,0.48913043478260876,0.6521739130434783,True,63.0,49.0,42.0,60.0,32.0,47.0,49.4,32.0,True
Ludovic Blas,8.804372894577682,12.616297917440534,27.24707326013595,104.0,9.0,63.0,104.0,10.0,19.0,7.0,95.0,29.0,171.0,59.0,81.0,73.0,18.0,71.0,2459.0,11.0,12,42.7,42.7,27.0,FRA-Ligue 1,Rennes,"MF,FW",2,8000000.0,15200000.0,2027.0,72.0,77.0,74.0,63.0,80.0,56.0,72.0,CAM,76.0,76.0,25.636363636363498,44.683681513599,82.3312042398065,10.582306830907001,0.20619140268331806,0.08465743167863156,2.4355971896955504,1.4754098360655736,0.6057692307692307,0.6791569086651054,4.004683840749414,1.3817330210772834,1.8969555035128804,0.42154566744730676,1.7096018735362997,0.2954636514623076,0.6381047601905374,2.2248243559718968,0.4449648711943794,1.6627634660421544,0.19562710542231798,0.2576112412177986,0.5386416861826697,True,20.0,24.0,75.0,51.0,87.0,46.0,49.3,20.0,False
Umar Sadiq,9.937382891774178,2.6081899544224143,13.901222299784422,55.0,9.0,40.0,54.0,8.0,4.0,12.0,17.0,11.0,51.0,20.0,38.0,64.0,59.0,31.0,883.0,9.0,2,23.5,19.299999999999997,28.0,ESP-La Liga,Valencia,FW,2,7500000.0,15800000.0,2028.0,81.0,79.0,76.0,88.0,67.0,78.0,75.0,ST,76.0,76.0,42.763157894737,33.870381586917006,68.5689530312435,16.896551724138,0.42286735709677353,0.18067968894134867,2.3404255319148937,1.702127659574468,0.7407407407407407,0.46808510638297873,2.1702127659574466,0.851063829787234,1.6170212765957446,2.5106382978723403,2.723404255319149,0.11098680657116657,0.5915413744589115,0.723404255319149,0.1702127659574468,1.3191489361702127,-0.9373828917741776,0.3829787234042553,0.46808510638297873,True,71.0,55.0,34.0,42.0,39.0,59.0,49.2,34.0,True
Adam Hložek,7.040362112224102,2.8081529047340155,12.762904856353998,62.0,8.0,41.0,62.0,7.0,7.0,6.0,22.0,14.0,67.0,22.0,31.0,40.0,43.0,33.0,890.0,8.0,4,21.3,21.3,23.0,GER-Bundesliga,Hoffenheim,"FW,MF",2,17000000.0,32300000.0,2029.0,78.0,78.0,77.0,83.0,76.0,72.0,75.0,ST,77.0,83.0,58.641975308642,37.352071005917,76.3560763560765,6.779661016949,0.33053343249878414,0.11355422761651777,2.9107981220657275,1.9248826291079812,0.6612903225806451,0.6572769953051643,3.1455399061032865,1.0328638497652582,1.4553990610328638,2.0187793427230045,1.8779342723004695,0.13183816454150307,0.5991974110964318,1.0328638497652582,0.32863849765258213,1.5492957746478873,0.959637887775898,0.3755868544600939,0.5633802816901409,True,23.0,49.0,62.0,52.0,57.0,56.0,49.2,23.0,True
Santiago Giménez,7.488227516412735,2.2332468405365944,10.198568377643824,50.0,5.0,45.0,50.0,5.0,4.0,11.0,10.0,5.0,28.0,13.0,19.0,12.0,13.0,10.0,470.0,5.0,3,17.3,17.3,24.0,ITA-Serie A,Milan,FW,2,27000000.0,47900000.0,2029.0,78.0,77.0,81.0,68.0,78.0,80.0,84.0,ST,79.0,84.0,32.487922705314,40.1471157568715,80.72403937758,10.8695652173915,0.43284552117992686,0.1497645503282547,2.890173410404624,2.6011560693641615,0.9,0.2890173410404624,1.6184971098265895,0.7514450867052023,1.0982658959537572,0.7514450867052023,0.6936416184971098,0.12908941274778002,0.5895126229851921,0.5780346820809248,0.23121387283236994,0.5780346820809248,-2.488227516412735,0.2890173410404624,0.4624277456647399,True,56.0,85.0,15.0,42.0,48.0,37.0,49.1,15.0,True
Toni Martínez,0.0,0.0,0.0,0.0,0.0,104.0,139.0,14.0,6.0,14.0,35.0,33.0,115.0,40.0,50.0,47.0,258.0,26.0,1553.0,18.0,3,41.4,41.4,28.0,ESP-La Liga,Alavés,FW,2,11000000.0,24200000.0,2028.0,78.0,74.0,78.0,83.0,69.0,76.0,77.0,ST,77.0,77.0,54.3096269153895,47.430441898527,59.3847357100955,11.8747078073865,0.0,,0.0,2.5120772946859904,0.7482014388489209,0.7971014492753623,2.7777777777777777,0.9661835748792271,1.2077294685990339,6.231884057971015,1.1352657004830917,0.0,0.0,0.8454106280193237,0.14492753623188406,0.6280193236714976,0.0,0.43478260869565216,0.5072463768115942,True,48.0,47.0,69.0,67.0,11.0,36.0,49.0,11.0,False
Esteban Lepaul,20.019486765377223,4.5347989816218615,25.130308160558343,128.0,27.0,109.0,128.0,30.0,4.0,14.0,30.0,21.0,102.0,18.0,33.0,28.0,78.0,15.0,1350.0,30.0,5,47.900000000000006,46.0,25.0,FRA-Ligue 1,Angers,FW,2,23500000.0,46400000.0,2029.0,76.0,77.0,83.0,71.0,80.0,76.0,83.0,ST,79.0,82.0,43.506411868242,36.206896551724,73.6840759118115,23.044575273339,0.4179433562709232,0.15640224035450956,2.6722338204592897,2.275574112734864,0.8515625,0.43841336116910223,2.1294363256784967,0.3757828810020876,0.6889352818371607,1.6283924843423798,0.5845511482254696,0.09467221255995534,0.5246410889469382,0.626304801670146,0.0835073068893528,0.313152400835073,6.9805132346227765,0.626304801670146,0.7306889352818371,True,80.0,76.0,24.0,39.0,28.0,25.0,48.9,24.0,False
Dženan Pejčinović,8.291429496370256,1.645487703382969,9.861923123709856,51.0,8.0,41.0,50.0,7.0,3.0,6.0,13.0,9.0,32.0,10.0,7.0,8.0,51.0,4.0,606.0,8.0,0,16.2,16.2,20.0,GER-Bundesliga,Wolfsburg,FW,1,4700000.0,8900000.0,2029.0,67.0,67.0,76.0,68.0,68.0,72.0,74.0,ST,72.0,79.0,36.95652173913,33.870967741935,67.801047120419,16.0,0.5118166355784108,0.1625770489484364,3.1481481481481484,2.5308641975308643,0.82,0.5555555555555556,1.9753086419753088,0.617283950617284,0.4320987654320988,3.1481481481481484,0.4938271604938272,0.10157331502364006,0.6087606866487566,0.8024691358024691,0.1851851851851852,0.2469135802469136,-0.29142949637025595,0.4938271604938272,0.4938271604938272,True,64.0,83.0,36.0,29.0,39.0,6.0,48.5,6.0,True
Mathys Tel,4.864642482250929,5.921139447018504,11.291438756510615,58.0,5.0,43.0,58.0,5.0,10.0,5.0,44.0,19.0,110.0,35.0,39.0,53.0,20.0,54.0,1240.0,6.0,2,27.9,25.1,20.0,ENG-Premier League,Tottenham,FW,2,23500000.0,49400000.0,2031.0,86.0,85.0,79.0,67.0,74.0,70.0,77.0,ST,77.0,85.0,33.868092691621996,42.0925366193905,77.059470127534,10.062111801242,0.17435994560039172,0.08387314624570567,2.078853046594982,1.5412186379928317,0.7413793103448276,0.6810035842293907,3.9426523297491043,1.2544802867383513,1.3978494623655915,0.7168458781362007,1.899641577060932,0.2122272203232439,0.40471106654159916,1.5770609318996416,0.35842293906810035,1.935483870967742,0.13535751774907112,0.21505376344086022,0.28673835125448033,True,25.0,29.0,73.0,42.0,65.0,79.0,48.3,25.0,False
Marvin Ducksch,8.931332174688578,10.059994157403708,19.355842046439648,71.0,7.0,52.0,72.0,6.0,17.0,11.0,62.0,15.0,65.0,10.0,17.0,11.0,20.0,7.0,1150.0,8.0,8,26.9,26.9,30.0,GER-Bundesliga,Werder Bremen,FW,1,,,,,,,,,,,,,,40.816326530612,46.478873239437,70.580110497238,11.111111111111,0.33201978344567207,0.12579341091110674,2.639405204460967,1.933085501858736,0.7222222222222222,0.5576208178438662,2.41635687732342,0.3717472118959108,0.6319702602230484,0.7434944237918216,0.4089219330855019,0.37397747797039804,0.719548031466158,2.304832713754647,0.6319702602230484,0.26022304832713755,-1.9313321746885777,0.29739776951672864,0.5947955390334573,True,37.0,52.0,37.0,52.0,86.0,6.0,48.2,6.0,False
Elias Saad,3.108835080638528,1.8048034301027656,5.423225903883576,32.0,3.0,19.0,33.0,3.0,1.0,3.0,26.0,18.0,70.0,35.0,36.0,47.0,14.0,31.0,806.0,3.0,2,15.5,15.5,25.0,GER-Bundesliga,Augsburg,"MF,FW",2,,,,,,,,,,,,,,35.9801488833745,44.826767916469,79.756969478491,5.769230769231,0.20057000520248566,0.097151096269954,2.064516129032258,1.2258064516129032,0.5757575757575758,1.1612903225806452,4.516129032258065,2.2580645161290325,2.3225806451612905,0.9032258064516129,3.032258064516129,0.11643893097437197,0.3498855421860372,1.6774193548387097,0.06451612903225806,2.0,-0.10883508063852787,0.1935483870967742,0.3225806451612903,True,10.0,17.0,97.0,58.0,42.0,92.0,48.1,10.0,True
Tijjani Noslin,6.9757321095094085,3.986995516344905,13.742203866131604,54.0,6.0,42.0,54.0,6.0,3.0,6.0,28.0,10.0,54.0,13.0,38.0,31.0,48.0,25.0,987.0,6.0,4,22.4,22.4,26.0,ITA-Serie A,Lazio,"MF,FW",2,5500000.0,9800000.0,2029.0,78.0,79.0,74.0,69.0,77.0,74.0,72.0,ST,74.0,77.0,44.275862068965495,42.5685425685425,79.5044413277235,10.977443609022501,0.31141661203167004,0.12918022425017422,2.410714285714286,1.8750000000000002,0.7777777777777778,0.44642857142857145,2.410714285714286,0.5803571428571429,1.6964285714285716,2.142857142857143,1.3839285714285716,0.17799087126539756,0.6134912440237323,1.25,0.13392857142857142,1.1160714285714286,-0.9757321095094085,0.26785714285714285,0.44642857142857145,True,37.0,52.0,30.0,63.0,61.0,50.0,48.1,30.0,True
Sirlord Conteh,4.916845285333693,2.8863904494792223,8.768560986034572,23.0,3.0,20.0,23.0,3.0,2.0,5.0,22.0,2.0,34.0,16.0,21.0,10.0,25.0,9.0,560.0,3.0,2,16.8,16.8,29.0,GER-Bundesliga,Heidenheim,"MF,FW",2,1400000.0,2500000.0,2027.0,95.0,94.0,68.0,60.0,60.0,58.0,71.0,RW,69.0,69.0,39.5299145299145,50.8440913604765,71.5928515928515,13.84615384615385,0.2926693622222436,0.21377588197103012,1.369047619047619,1.1904761904761905,0.8695652173913043,0.11904761904761904,2.0238095238095237,0.9523809523809523,1.25,1.4880952380952381,0.5952380952380952,0.17180895532614418,0.5219381539306293,1.3095238095238095,0.11904761904761904,0.5357142857142857,-1.916845285333693,0.17857142857142858,0.2976190476190476,True,64.0,39.0,16.0,65.0,52.0,73.0,47.9,16.0,True
Benedict Hollerbach,12.059562921524048,4.27213828265667,17.230121972039342,98.0,10.0,70.0,92.0,7.0,6.0,11.0,30.0,27.0,139.0,56.0,56.0,124.0,46.0,52.0,1642.0,9.0,4,37.9,37.9,24.0,GER-Bundesliga,Mainz 05,"FW,MF",2,8000000.0,14200000.0,2029.0,85.0,87.0,78.0,71.0,70.0,63.0,72.0,ST,75.0,79.0,29.4705469845725,35.5483565107455,72.3451707801635,7.987012987012751,0.3181942723357269,0.12305676450534743,2.5857519788918206,1.8469656992084433,0.7608695652173914,0.712401055408971,3.66754617414248,1.4775725593667546,1.4775725593667546,1.2137203166226913,3.271767810026385,0.11272132671917334,0.45462063250763435,0.79155672823219,0.158311345646438,1.3720316622691293,-2.059562921524048,0.237467018469657,0.34300791556728233,True,31.0,52.0,75.0,30.0,34.0,75.0,47.8,30.0,False
Orri Steinn Óskarsson,12.950409445911646,0.6480291346088052,13.214215893298388,46.0,12.0,41.0,46.0,12.0,2.0,15.0,10.0,7.0,27.0,13.0,13.0,17.0,47.0,5.0,530.0,12.0,0,19.8,19.8,20.0,ESP-La Liga,Real Sociedad,FW,2,6500000.0,15000000.0,2030.0,74.0,73.0,74.0,76.0,66.0,74.0,76.0,ST,74.0,80.0,39.644877435575,36.9047619047615,59.289450741064,24.561403508772003,0.6540610831268507,0.28153064012851403,2.323232323232323,2.0707070707070705,0.8913043478260869,0.35353535353535354,1.3636363636363635,0.6565656565656566,0.6565656565656566,2.3737373737373737,0.8585858585858586,0.03272874417216188,0.6673846410756761,0.5050505050505051,0.10101010101010101,0.25252525252525254,-0.9504094459116459,0.6060606060606061,0.6060606060606061,True,85.0,81.0,16.0,36.0,24.0,17.0,47.6,16.0,True
Benjamin Šeško,21.831699727103114,3.139570949599147,29.08351274393499,129.0,22.0,98.0,129.0,21.0,5.0,22.0,28.0,16.0,100.0,12.0,26.0,85.0,134.0,49.0,1569.0,24.0,6,44.7,44.7,22.0,ENG-Premier League,Manchester Utd,FW,2,43000000.0,90300000.0,2030.0,86.0,82.0,81.0,83.0,77.0,82.0,81.0,ST,80.0,87.0,55.1348055818995,30.2651515151515,68.5869411547205,18.575216972035,0.4884049155951479,0.1692379823806443,2.885906040268456,2.192393736017897,0.7596899224806202,0.35794183445190153,2.237136465324385,0.2684563758389262,0.5816554809843401,2.9977628635346756,1.901565995525727,0.07023648656821357,0.6506378689918342,0.6263982102908277,0.11185682326621924,1.0961968680089484,0.16830027289688587,0.5369127516778524,0.6711409395973154,True,77.0,72.0,17.0,29.0,30.0,66.0,47.4,17.0,False
Phillip Tietz,16.703679435886443,3.402162378653884,23.016828753054142,102.0,12.0,85.0,104.0,13.0,5.0,23.0,44.0,21.0,104.0,19.0,37.0,50.0,173.0,27.0,1556.0,13.0,4,38.8,36.599999999999994,28.0,GER-Bundesliga,Mainz 05,FW,2,3300000.0,5600000.0,2028.0,59.0,64.0,73.0,84.0,72.0,78.0,76.0,ST,73.0,73.0,47.27078506304,34.0928093645485,60.363467309074,12.5,0.4305072019558362,0.1637615630969259,2.6288659793814433,2.1907216494845363,0.8173076923076923,0.5412371134020619,2.680412371134021,0.4896907216494846,0.9536082474226805,4.458762886597938,1.288659793814433,0.0876845973879867,0.5932172359034573,1.1340206185567012,0.1288659793814433,0.6958762886597939,-4.703679435886443,0.3350515463917526,0.43814432989690727,True,54.0,73.0,39.0,40.0,36.0,16.0,47.3,16.0,False
Andrej Ilic,15.265192305669188,5.095585748553276,17.641160069033504,98.0,11.0,94.0,100.0,11.0,7.0,18.0,36.0,13.0,66.0,6.0,40.0,45.0,223.0,8.0,1128.0,12.0,10,35.5,35.5,25.0,GER-Bundesliga,Union Berlin,FW,2,5500000.0,10300000.0,2027.0,71.0,70.0,73.0,84.0,67.0,79.0,77.0,ST,74.0,76.0,47.039199332777,27.155887230514,56.6335094041565,15.9722222222222,0.4300054170611039,0.1557672684251958,2.76056338028169,2.647887323943662,0.94,0.36619718309859156,1.8591549295774648,0.16901408450704225,1.1267605633802817,6.28169014084507,1.267605633802817,0.1435376267198106,0.496934086451648,1.0140845070422535,0.19718309859154928,0.22535211267605634,-4.2651923056691885,0.3380281690140845,0.6197183098591549,True,59.0,87.0,13.0,42.0,43.0,11.0,47.1,11.0,False
Patrick Cutrone,11.315783019177616,3.544628858566284,14.928557195700705,94.0,8.0,73.0,95.0,7.0,7.0,13.0,22.0,29.0,75.0,22.0,44.0,31.0,33.0,13.0,1087.0,8.0,4,32.6,32.6,27.0,ITA-Serie A,Parma,FW,2,,,,,,,,,,,,,,29.304029304029,48.75581811672,70.30058177117,7.0,0.34710990856373053,0.12038067041678314,2.8834355828220857,2.2392638036809815,0.7684210526315789,0.8895705521472392,2.3006134969325154,0.6748466257668712,1.3496932515337423,1.0122699386503067,0.950920245398773,0.10873094658178785,0.4579312023221075,0.6748466257668712,0.21472392638036808,0.3987730061349693,-3.3157830191776156,0.24539877300613497,0.36809815950920244,True,21.0,65.0,64.0,56.0,34.0,13.0,47.0,13.0,False
Alieu Fadera,4.15930631570518,4.2342111226171255,13.169950956478715,41.0,3.0,26.0,41.0,3.0,7.0,3.0,31.0,22.0,147.0,100.0,86.0,53.0,19.0,37.0,1487.0,3.0,4,29.3,29.3,23.0,ITA-Serie A,Sassuolo,FW,2,3000000.0,0.0,,82.0,80.0,64.0,67.0,69.0,53.0,63.0,RM,71.0,77.0,39.335664335664,48.8991359255565,77.8681993641265,9.4780219780218,0.14195584695239521,0.1014464955050044,1.3993174061433447,0.8873720136518771,0.6341463414634146,0.7508532423208191,5.017064846416382,3.41296928327645,2.9351535836177476,0.6484641638225256,1.8088737201365188,0.14451232500399747,0.4494863807671916,1.0580204778156996,0.23890784982935154,1.2627986348122866,-1.1593063157051802,0.10238907849829351,0.23890784982935154,True,15.0,9.0,88.0,72.0,50.0,60.0,46.9,9.0,False
Félix Lemaréchal,4.985542230308056,3.992255337536335,16.383056219667196,35.0,4.0,25.0,35.0,3.0,7.0,5.0,36.0,14.0,87.0,52.0,18.0,33.0,18.0,36.0,1381.0,4.0,5,26.0,26.0,21.0,FRA-Ligue 1,Strasbourg,"MF,FW",2,,,,,,,,,,,,,,46.5201465201465,45.9756926738055,79.528872211799,8.0,0.19175162424261755,0.14244406372308732,1.3461538461538463,0.9615384615384616,0.7142857142857143,0.5384615384615384,3.3461538461538463,2.0,0.6923076923076923,0.6923076923076923,1.2692307692307692,0.15354828221293595,0.6301175469102768,1.3846153846153846,0.2692307692307692,1.3846153846153846,-0.9855422303080559,0.15384615384615385,0.34615384615384615,True,38.0,16.0,59.0,51.0,68.0,76.0,46.9,16.0,False
Sebastiano Esposito,9.69878981122747,7.936825801152736,21.28775025298819,118.0,13.0,70.0,118.0,14.0,14.0,3.0,107.0,39.0,199.0,113.0,112.0,81.0,48.0,46.0,2861.0,15.0,5,55.599999999999994,55.599999999999994,23.0,ITA-Serie A,Empoli,"FW,MF",2,11500000.0,0.0,,75.0,76.0,77.0,61.0,71.0,65.0,77.0,CAM,75.0,82.0,37.693631669535506,49.4235687319865,69.6808368869935,12.6977279263735,0.17443866566955885,0.08219313399345314,2.1223021582733814,1.2589928057553958,0.5932203389830508,0.7014388489208634,3.5791366906474824,2.0323741007194247,2.0143884892086334,0.8633093525179857,1.4568345323741008,0.14274866548835857,0.38287320598899627,1.9244604316546765,0.2517985611510792,0.827338129496403,3.3012101887725294,0.26978417266187055,0.3597122302158274,True,30.0,17.0,76.0,68.0,51.0,36.0,46.8,17.0,False
Marco Grüll,8.439142800867558,4.379160261712968,17.434694648720324,68.0,9.0,46.0,68.0,9.0,5.0,6.0,44.0,24.0,122.0,50.0,58.0,69.0,21.0,34.0,1678.0,9.0,2,35.4,35.4,27.0,GER-Bundesliga,Werder Bremen,"FW,MF",2,4600000.0,7800000.0,2027.0,79.0,84.0,74.0,72.0,69.0,54.0,73.0,LM,74.0,74.0,30.288461538461497,41.0879547862945,78.6558659461345,15.48837209302325,0.23839386443128693,0.12410504118922878,1.92090395480226,1.2994350282485876,0.6764705882352942,0.6779661016949153,3.446327683615819,1.4124293785310735,1.6384180790960452,0.5932203389830508,1.9491525423728815,0.12370509213878442,0.4925054985514216,1.2429378531073447,0.14124293785310735,0.96045197740113,0.5608571991324425,0.2542372881355932,0.3107344632768362,True,45.0,27.0,71.0,42.0,48.0,54.0,46.8,27.0,False
Phil Harres,6.069004004821181,1.687046148814261,8.803555831313133,37.0,8.0,33.0,37.0,6.0,2.0,9.0,10.0,9.0,40.0,10.0,20.0,24.0,54.0,5.0,528.0,8.0,1,17.2,17.2,22.0,GER-Bundesliga,Holstein Kiel,FW,1,,,,,,,,,,,,,,43.548387096774,32.710280373832,56.420233463035,21.621621621622,0.35284907004774313,0.16402713526543733,2.1511627906976747,1.9186046511627908,0.8918918918918919,0.5232558139534884,2.3255813953488373,0.5813953488372093,1.1627906976744187,3.1395348837209305,1.3953488372093024,0.09808407841943378,0.5118346413554148,0.5813953488372093,0.11627906976744186,0.29069767441860467,1.9309959951788187,0.46511627906976744,0.5232558139534884,True,80.0,64.0,34.0,39.0,26.0,8.0,46.8,8.0,True
Keito Nakamura,9.232945438474417,3.226258029229939,16.374792762100697,85.0,11.0,59.0,84.0,10.0,5.0,7.0,25.0,24.0,116.0,24.0,8.0,43.0,7.0,30.0,1197.0,11.0,2,29.4,29.4,24.0,FRA-Ligue 1,Reims,"MF,FW",1,,,,,,,,,,,,,,33.333333333333,31.632653061224,77.903682719547,13.095238095238,0.31404576321341554,0.10862288751146372,2.8911564625850343,2.0068027210884356,0.7023809523809523,0.8163265306122449,3.9455782312925174,0.8163265306122449,0.272108843537415,0.2380952380952381,1.4625850340136055,0.10973666766088229,0.5569657402075067,0.8503401360544218,0.17006802721088435,1.0204081632653061,1.7670545615255833,0.3741496598639456,0.44217687074829937,True,34.0,52.0,78.0,16.0,43.0,57.0,46.5,16.0,False
Mohammed Kudus,9.584542420692742,6.3048063749447465,20.94256515800953,101.0,7.0,69.0,101.0,6.0,7.0,10.0,56.0,28.0,233.0,67.0,79.0,147.0,22.0,144.0,2439.0,7.0,8,45.900000000000006,45.900000000000006,24.0,ENG-Premier League,Tottenham,"MF,FW",2,33500000.0,66200000.0,2031.0,89.0,91.0,76.0,78.0,81.0,55.0,78.0,LM,81.0,83.0,29.749830966869503,42.811671087533,87.72127133635601,7.1794871794872,0.20881356036367626,0.09489645961081923,2.200435729847494,1.503267973856209,0.6831683168316832,0.6100217864923747,5.076252723311546,1.4596949891067537,1.7211328976034856,0.47930283224400866,3.202614379084967,0.1373596160118681,0.4562650361222119,1.2200435729847494,0.15250544662309368,3.137254901960784,-2.584542420692742,0.15250544662309368,0.326797385620915,True,18.0,29.0,72.0,45.0,51.0,93.0,46.3,18.0,False
Marvin Pieringer,12.276366731151938,7.3004549611359835,19.575819078832865,92.0,7.0,71.0,92.0,11.0,12.0,16.0,46.0,19.0,107.0,43.0,73.0,43.0,139.0,32.0,1625.0,11.0,5,42.8,42.8,25.0,GER-Bundesliga,Heidenheim,"FW,MF",2,3700000.0,6900000.0,2027.0,65.0,63.0,73.0,83.0,75.0,76.0,75.0,ST,73.0,74.0,42.8067806780675,46.982683605987,67.40050267197,12.0833333333335,0.28683099839140047,0.1334387688168689,2.149532710280374,1.6588785046728973,0.7717391304347826,0.44392523364485986,2.5,1.0046728971962617,1.705607476635514,3.2476635514018692,1.0046728971962617,0.17057137759663513,0.45737895044002025,1.074766355140187,0.28037383177570097,0.7476635514018692,-5.276366731151938,0.25700934579439255,0.3738317757009346,True,41.0,44.0,36.0,73.0,51.0,17.0,46.2,17.0,False
Daniel Mosquera,8.264279957860708,2.847558567300439,12.100528923794625,73.0,5.0,63.0,73.0,4.0,4.0,7.0,18.0,13.0,75.0,16.0,23.0,32.0,98.0,23.0,793.0,5.0,3,21.9,21.9,25.0,ITA-Serie A,Hellas Verona,FW,2,2500000.0,4700000.0,2028.0,69.0,64.0,77.0,82.0,70.0,73.0,70.0,ST,71.0,74.0,38.0655770380705,31.462858675248,71.4342502782635,4.3859649122807,0.37736438163747527,0.11320931449124258,3.3333333333333335,2.8767123287671237,0.863013698630137,0.5936073059360731,3.4246575342465757,0.7305936073059361,1.0502283105022832,4.474885844748859,1.4611872146118723,0.13002550535618443,0.5525355672965583,0.8219178082191781,0.18264840182648404,1.0502283105022832,-3.2642799578607082,0.22831050228310504,0.36529680365296807,True,21.0,81.0,54.0,30.0,43.0,25.0,46.0,21.0,True
Brian Brobbey,7.111885398626328,1.5084331054240463,9.288086591288447,36.0,7.0,34.0,36.0,7.0,2.0,12.0,15.0,6.0,44.0,9.0,37.0,29.0,65.0,2.0,538.0,7.0,1,21.4,21.4,23.0,ENG-Premier League,Sunderland,FW,1,17000000.0,35700000.0,2030.0,84.0,82.0,75.0,94.0,78.0,71.0,82.0,ST,77.0,83.0,46.762589928058,38.211382113821,72.0,19.444444444444,0.33233109339375366,0.19755237218406468,1.6822429906542058,1.5887850467289721,0.9444444444444444,0.28037383177570097,2.0560747663551404,0.42056074766355145,1.7289719626168225,3.0373831775700935,1.355140186915888,0.07048752829084329,0.43402273791067514,0.7009345794392524,0.09345794392523366,0.09345794392523366,-0.1118853986263284,0.3271028037383178,0.3738317757009346,True,77.0,57.0,13.0,60.0,21.0,41.0,45.8,13.0,True
Arnaut Danjuma,8.90060093253851,6.526020562276244,16.444008767604828,72.0,7.0,56.0,72.0,7.0,9.0,12.0,40.0,16.0,108.0,23.0,39.0,26.0,11.0,51.0,1361.0,7.0,2,35.1,32.900000000000006,28.0,ESP-La Liga,Girona,"MF,FW",2,5500000.0,11600000.0,2028.0,84.0,84.0,74.0,69.0,74.0,72.0,74.0,LW,75.0,75.0,46.0526315789475,42.506962172198,79.63712900303699,9.72222222222215,0.2535783741463963,0.12361945739636819,2.051282051282051,1.5954415954415955,0.7777777777777778,0.45584045584045585,3.0769230769230766,0.6552706552706552,1.1111111111111112,0.31339031339031337,0.7407407407407407,0.18592651174576194,0.4684902782793398,1.1396011396011396,0.2564102564102564,1.452991452991453,-1.9006009325385094,0.19943019943019943,0.2564102564102564,True,30.0,40.0,38.0,58.0,58.0,70.0,45.8,30.0,False
Rasmus Højlund,18.41621076129377,5.408801399171352,28.120265621691942,92.0,16.0,79.0,92.0,16.0,9.0,16.0,49.0,28.0,68.0,7.0,81.0,95.0,74.0,21.0,1486.0,16.0,5,52.900000000000006,52.900000000000006,22.0,ENG-Premier League,Manchester Utd,FW,2,22000000.0,0.0,,85.0,84.0,79.0,82.0,73.0,73.0,79.0,ST,78.0,83.0,30.218253968254,35.380722337244,75.4319526627215,16.25,0.3481325285688803,0.2001762039271062,1.7391304347826084,1.493383742911153,0.8586956521739131,0.5293005671077504,1.2854442344045367,0.1323251417769376,1.5311909262759922,1.3988657844990546,1.7958412098298675,0.10224577314123538,0.5315740193136472,0.9262759924385632,0.17013232514177692,0.3969754253308128,-2.416210761293769,0.3024574669187145,0.3969754253308128,True,78.0,51.0,24.0,35.0,40.0,49.0,45.8,24.0,False
Lucas Beltrán,8.523052738979459,4.933622557669878,22.61418229714036,63.0,4.0,49.0,63.0,5.0,8.0,12.0,42.0,17.0,109.0,45.0,88.0,75.0,57.0,31.0,1593.0,6.0,6,36.9,36.9,24.0,ESP-La Liga,Valencia,FW,2,8000000.0,0.0,,71.0,76.0,75.0,74.0,77.0,71.0,78.0,ST,75.0,79.0,36.038961038961,48.292784796909004,78.50325708226,10.0912778904666,0.2309770389967333,0.13528655141237236,1.7073170731707317,1.3279132791327914,0.7777777777777778,0.46070460704607047,2.9539295392953933,1.2195121951219512,2.3848238482384825,1.5447154471544715,2.032520325203252,0.13370250833793706,0.6128504687571914,1.1382113821138211,0.21680216802168023,0.8401084010840109,-4.523052738979459,0.16260162601626016,0.3252032520325203,True,40.0,33.0,45.0,64.0,57.0,31.0,45.7,31.0,False
Mostafa Mohamed,9.619936542585492,1.5962680112570524,10.181349443271756,77.0,9.0,64.0,78.0,8.0,2.0,8.0,15.0,12.0,80.0,28.0,63.0,43.0,109.0,15.0,941.0,9.0,0,26.700000000000003,26.700000000000003,27.0,FRA-Ligue 1,Nantes,FW,2,2000000.0,4000000.0,2027.0,70.0,68.0,68.0,84.0,63.0,76.0,77.0,ST,71.0,71.0,51.150793650794,43.3867276887875,64.0530720105705,11.5282392026575,0.36029724878597347,0.1249342408127986,2.883895131086142,2.3970037453183517,0.8205128205128205,0.44943820224719094,2.99625468164794,1.048689138576779,2.3595505617977524,4.082397003745318,1.6104868913857677,0.059785318773672366,0.38132394918620804,0.5617977528089887,0.07490636704119849,0.5617977528089887,-0.6199365425854921,0.33707865168539325,0.33707865168539325,True,30.0,72.0,42.0,72.0,12.0,17.0,45.6,12.0,False
Gustav Isaksen,10.64466038160026,3.9665175955742598,20.0179589567706,103.0,9.0,69.0,102.0,8.0,4.0,14.0,53.0,23.0,130.0,32.0,103.0,57.0,24.0,71.0,2073.0,9.0,3,42.3,42.3,24.0,ITA-Serie A,Lazio,FW,2,10000000.0,17800000.0,2028.0,88.0,84.0,74.0,33.0,69.0,55.0,74.0,LM,76.0,79.0,37.475633528265,48.915816326531,82.865935095195,8.9120370370372,0.2516468175319211,0.10334621729708991,2.434988179669031,1.6312056737588654,0.6764705882352942,0.5437352245862884,3.0732860520094563,0.756501182033097,2.434988179669031,0.5673758865248227,1.347517730496454,0.09377110155021891,0.47323780039646807,1.2529550827423168,0.09456264775413713,1.678486997635934,-1.6446603816002607,0.2127659574468085,0.28368794326241137,True,21.0,35.0,47.0,72.0,41.0,80.0,45.6,21.0,False
Mateo Pellegrino,14.027169016189873,2.5729516511783004,16.463557980023324,95.0,11.0,78.0,95.0,11.0,5.0,15.0,27.0,29.0,106.0,20.0,87.0,82.0,171.0,28.0,1326.0,12.0,2,41.400000000000006,41.400000000000006,24.0,ITA-Serie A,Parma,FW,2,2200000.0,4400000.0,2029.0,55.0,55.0,70.0,84.0,59.0,72.0,67.0,ST,69.0,75.0,49.40074002574,34.729586426299,58.8541666666665,12.982565379826,0.3388205076374365,0.14765441069673552,2.294685990338164,1.8840579710144925,0.8210526315789474,0.7004830917874395,2.5603864734299515,0.48309178743961345,2.1014492753623184,4.130434782608695,1.9806763285024152,0.062148590608171496,0.39767048260925897,0.6521739130434782,0.12077294685990336,0.6763285024154588,-3.027169016189873,0.28985507246376807,0.3381642512077294,True,48.0,58.0,53.0,56.0,16.0,14.0,45.5,14.0,False
Christantus Uche,4.982478495687246,4.914129167795181,12.75658101029694,56.0,5.0,44.0,56.0,5.0,8.0,3.0,33.0,25.0,117.0,37.0,76.0,75.0,101.0,38.0,1258.0,5.0,7,32.5,30.6,22.0,ESP-La Liga,Getafe,FW,2,12000000.0,0.0,,70.0,67.0,74.0,86.0,68.0,79.0,78.0,ST,76.0,82.0,49.034090909091,39.752567693744496,65.140931876079,12.3333333333335,0.15330703063653064,0.0889728302801294,1.7230769230769232,1.353846153846154,0.7857142857142857,0.7692307692307693,3.6,1.1384615384615384,2.3384615384615386,3.1076923076923078,2.3076923076923075,0.1512039743936979,0.39251018493221357,1.0153846153846153,0.24615384615384617,1.1692307692307693,0.017521504312753677,0.15384615384615385,0.36923076923076925,True,26.0,28.0,76.0,61.0,42.0,30.0,45.4,26.0,False
Santiago Castro,16.07380553893745,5.864330703392625,23.636902139522135,126.0,15.0,101.0,126.0,13.0,8.0,16.0,56.0,25.0,115.0,28.0,102.0,109.0,91.0,34.0,1637.0,15.0,6,51.7,51.7,20.0,ITA-Serie A,Bologna,FW,2,21000000.0,39900000.0,2028.0,79.0,80.0,78.0,67.0,74.0,78.0,78.0,ST,77.0,84.0,39.8615001556175,40.878361397336,77.404329429366,11.904761904762001,0.31090532957325817,0.1275698852296623,2.437137330754352,1.9535783365570598,0.8015873015873016,0.48355899419729204,2.224371373307543,0.5415860735009671,1.9729206963249515,1.760154738878143,2.108317214700193,0.11342999426291343,0.45719346498108576,1.0831721470019342,0.15473887814313345,0.6576402321083171,-1.0738055389374495,0.2901353965183752,0.4061895551257253,True,44.0,56.0,31.0,53.0,42.0,44.0,45.4,31.0,False
Chidera Ejuke,2.872433037031442,2.5247273864224553,7.903420761227608,43.0,3.0,26.0,43.0,3.0,3.0,3.0,34.0,17.0,124.0,38.0,32.0,43.0,9.0,104.0,1358.0,3.0,2,21.1,21.1,27.0,ESP-La Liga,Sevilla,"MF,FW",2,8000000.0,16800000.0,2027.0,89.0,89.0,68.0,60.0,76.0,37.0,71.0,LW,76.0,76.0,31.0096153846155,56.8865345181135,84.01761517615199,7.17391304347825,0.13613426715788823,0.06680076830305678,2.037914691943128,1.2322274881516586,0.6046511627906976,0.8056872037914692,5.8767772511848335,1.8009478672985781,1.5165876777251184,0.42654028436018954,2.037914691943128,0.11965532637073246,0.3745697043235833,1.6113744075829384,0.14218009478672985,4.9289099526066344,0.12756696296855807,0.14218009478672985,0.23696682464454974,True,5.0,14.0,90.0,54.0,48.0,92.0,45.3,5.0,True
Igor Thiago,0.0,0.0,0.0,0.0,0.0,82.0,86.0,22.0,6.0,20.0,26.0,16.0,105.0,43.0,29.0,44.0,119.0,32.0,1308.0,22.0,1,38.4,38.4,24.0,ENG-Premier League,Brentford,FW,2,37500000.0,74100000.0,2031.0,74.0,72.0,85.0,87.0,83.0,82.0,84.0,ST,81.0,85.0,46.1670631773725,50.0,71.6402116402115,13.095238095238,0.0,,0.0,2.135416666666667,0.9534883720930233,0.4166666666666667,2.734375,1.1197916666666667,0.7552083333333334,3.0989583333333335,1.1458333333333335,0.0,0.0,0.6770833333333334,0.15625,0.8333333333333334,0.0,0.5729166666666667,0.5989583333333334,True,67.0,52.0,37.0,57.0,12.0,31.0,45.1,12.0,False
Samuel Essende,7.2271344773471355,2.195381007157266,8.37691430002451,61.0,8.0,51.0,61.0,8.0,2.0,7.0,15.0,14.0,60.0,11.0,48.0,47.0,75.0,19.0,839.0,8.0,2,22.799999999999997,22.799999999999997,27.0,GER-Bundesliga,Augsburg,"MF,FW",2,,,,,,,,,,,,,,39.56658786446,38.4436274509805,67.287075640262,10.895721925133751,0.3169795823397867,0.11847761438273993,2.6754385964912286,2.236842105263158,0.8360655737704918,0.6140350877192983,2.6315789473684212,0.48245614035087725,2.105263157894737,3.2894736842105265,2.0614035087719302,0.09628864066479238,0.36740852193089957,0.6578947368421053,0.08771929824561404,0.8333333333333335,0.7728655226528645,0.3508771929824562,0.4385964912280702,True,32.0,66.0,46.0,52.0,19.0,47.0,45.0,19.0,True
Mason Mount,4.684161139652134,1.7120247185230257,11.600921232253313,39.0,4.0,28.0,39.0,3.0,1.0,4.0,22.0,12.0,78.0,39.0,21.0,24.0,11.0,8.0,966.0,4.0,0,18.200000000000003,18.200000000000003,26.0,ENG-Premier League,Manchester Utd,"MF,FW",2,16500000.0,32600000.0,2028.0,67.0,68.0,75.0,56.0,79.0,55.0,77.0,CAM,78.0,79.0,32.051282051282,43.7056737588655,82.77566315541,10.3947368421055,0.25737149118967767,0.12010669588851626,2.1428571428571423,1.5384615384615383,0.717948717948718,0.6593406593406592,4.285714285714285,2.1428571428571423,1.1538461538461537,0.6043956043956042,1.3186813186813184,0.09406729222653987,0.6374132545194127,1.2087912087912085,0.05494505494505494,0.4395604395604395,-0.6841611396521339,0.21978021978021975,0.21978021978021975,True,32.0,36.0,78.0,44.0,47.0,10.0,45.0,10.0,True
Neal Maupay,6.8114913664758205,2.852810406126082,11.440138533711433,36.0,6.0,28.0,36.0,6.0,4.0,10.0,27.0,9.0,41.0,13.0,33.0,34.0,17.0,10.0,749.0,6.0,5,21.2,21.2,28.0,ESP-La Liga,Sevilla,FW,2,4300000.0,0.0,,69.0,72.0,76.0,68.0,74.0,76.0,75.0,ST,74.0,74.0,31.417112299464996,42.535211267605504,83.07806154057951,16.40866873065,0.3212967625696142,0.18920809351321724,1.6981132075471699,1.3207547169811322,0.7777777777777778,0.42452830188679247,1.9339622641509435,0.6132075471698113,1.5566037735849056,0.8018867924528302,1.6037735849056605,0.1345665285908529,0.5396291761184638,1.2735849056603774,0.18867924528301888,0.4716981132075472,-0.8114913664758205,0.2830188679245283,0.5188679245283019,True,72.0,41.0,24.0,47.0,57.0,17.0,45.0,17.0,True
Ruben Vargas,5.468194894492626,4.144770339131355,9.881095768883824,58.0,4.0,39.0,58.0,4.0,5.0,3.0,41.0,20.0,112.0,26.0,26.0,24.0,27.0,33.0,1332.0,5.0,7,28.6,25.2,26.0,ESP-La Liga,Sevilla,"MF,FW",2,15500000.0,32600000.0,2029.0,88.0,88.0,70.0,64.0,76.0,66.0,75.0,LW,78.0,78.0,54.700854700855004,45.092180546726,73.35780988107601,9.540889526542351,0.19119562568156034,0.09427922231883838,2.027972027972028,1.3636363636363635,0.6724137931034483,0.6993006993006993,3.916083916083916,0.9090909090909091,0.9090909090909091,0.9440559440559441,0.8391608391608392,0.14492203982976767,0.34549285905188193,1.4335664335664335,0.17482517482517482,1.1538461538461537,-1.4681948944926262,0.17482517482517482,0.4195804195804196,True,16.0,23.0,69.0,60.0,46.0,78.0,44.9,16.0,False
Adam Daghim,3.1088089011609554,3.074686413630843,9.786626935005188,27.0,2.0,22.0,27.0,2.0,6.0,5.0,18.0,4.0,45.0,26.0,23.0,18.0,19.0,17.0,740.0,2.0,3,15.2,15.2,19.0,GER-Bundesliga,Wolfsburg,"MF,FW",1,5000000.0,0.0,,88.0,86.0,70.0,68.0,65.0,56.0,69.0,LM,72.0,80.0,44.186046511628,44.594594594595,66.750629722922,7.4074074074074,0.20452690139216814,0.11514107041336873,1.7763157894736843,1.4473684210526316,0.8148148148148148,0.2631578947368421,2.960526315789474,1.7105263157894737,1.5131578947368423,1.25,1.1842105263157896,0.202282000896766,0.6438570351977098,1.1842105263157896,0.39473684210526316,1.118421052631579,-1.1088089011609554,0.13157894736842105,0.32894736842105265,True,18.0,34.0,35.0,65.0,68.0,75.0,44.9,18.0,True
Cyle Larin,6.501052031293511,1.5815904028713703,6.705597769469023,39.0,6.0,37.0,39.0,7.0,2.0,8.0,8.0,10.0,46.0,12.0,31.0,58.0,66.0,8.0,652.0,7.0,2,19.6,19.6,29.0,ESP-La Liga,Mallorca,FW,1,,,,,,,,,,,,,,43.421052631579,31.09756097561,69.055374592834,17.948717948718,0.33168632812721993,0.16669364182803875,1.9897959183673468,1.887755102040816,0.9487179487179487,0.5102040816326531,2.346938775510204,0.6122448979591836,1.5816326530612244,3.36734693877551,2.9591836734693877,0.08069338790160052,0.3421223351769909,0.4081632653061224,0.1020408163265306,0.4081632653061224,-0.5010520312935114,0.3571428571428571,0.4591836734693877,True,75.0,64.0,34.0,41.0,14.0,14.0,44.8,14.0,True
Dennis Man,7.004470095038414,4.645356995984912,12.554394412785769,49.0,4.0,35.0,49.0,4.0,5.0,9.0,45.0,12.0,72.0,13.0,17.0,31.0,9.0,25.0,1094.0,4.0,4,22.2,22.2,25.0,ITA-Serie A,Parma,"MF,FW",1,,,,,,,,,,,,,,34.615384615385,35.483870967742,81.526104417671,8.1632653061224,0.3155166709476763,0.14294836928649823,2.2072072072072073,1.5765765765765767,0.7142857142857143,0.5405405405405406,3.2432432432432434,0.5855855855855856,0.7657657657657658,0.40540540540540543,1.3963963963963963,0.2092503151344555,0.5655132618371967,2.027027027027027,0.22522522522522523,1.1261261261261262,-3.004470095038414,0.1801801801801802,0.3603603603603604,True,38.0,41.0,45.0,25.0,73.0,64.0,44.8,25.0,True
Simon Adingra,6.040441820397973,3.5255746338516474,10.899197950959206,56.0,5.0,42.0,55.0,4.0,5.0,6.0,29.0,21.0,107.0,34.0,12.0,27.0,11.0,44.0,1177.0,5.0,4,29.0,21.7,23.0,FRA-Ligue 1,Monaco,"MF,FW",2,12000000.0,0.0,,87.0,88.0,71.0,48.0,79.0,32.0,70.0,CAM,76.0,82.0,47.2027972027975,38.082679971489995,79.36965252313601,9.84848484848505,0.20829109725510253,0.10786503250710666,1.9310344827586208,1.4482758620689655,0.7636363636363637,0.7241379310344828,3.689655172413793,1.1724137931034482,0.41379310344827586,0.3793103448275862,0.9310344827586207,0.12157153909833267,0.37583441210204155,1.0,0.1724137931034483,1.5172413793103448,-1.040441820397973,0.1724137931034483,0.3103448275862069,True,22.0,32.0,74.0,41.0,39.0,82.0,44.8,22.0,False
Brenden Aaronson,5.881288753822446,5.662709843367338,13.203591203317046,46.0,4.0,28.0,47.0,3.0,9.0,4.0,34.0,16.0,130.0,50.0,51.0,74.0,24.0,31.0,1277.0,4.0,5,27.2,27.2,24.0,ENG-Premier League,Leeds United,"MF,FW",1,10000000.0,19800000.0,2027.0,80.0,81.0,73.0,53.0,75.0,49.0,76.0,RM,76.0,79.0,33.333333333333,41.640378548896,81.137724550898,8.5106382978723,0.2162238512434723,0.1278541033439662,1.6911764705882353,1.0294117647058825,0.5957446808510638,0.5882352941176471,4.779411764705882,1.8382352941176472,1.875,0.8823529411764706,2.7205882352941178,0.20818786188850508,0.48542614718077376,1.25,0.33088235294117646,1.1397058823529411,-1.8812887538224459,0.14705882352941177,0.33088235294117646,True,28.0,15.0,71.0,47.0,66.0,55.0,44.8,15.0,False
Zuriko Davitashvili,6.510704822838306,5.66711307130754,12.587375964969397,70.0,7.0,39.0,70.0,5.0,9.0,8.0,54.0,24.0,123.0,24.0,40.0,57.0,16.0,48.0,1462.0,9.0,8,30.9,30.9,23.0,FRA-Ligue 1,Saint-Étienne,"FW,MF",1,,,,,,,,,,,,,,24.615384615385,37.883959044369,83.704572098476,12.857142857143,0.2107024214510779,0.09301006889769009,2.26537216828479,1.2621359223300972,0.5571428571428572,0.7766990291262136,3.9805825242718447,0.7766990291262136,1.2944983818770228,0.5177993527508091,1.8446601941747574,0.18340171751804338,0.4073584454682653,1.7475728155339807,0.29126213592233013,1.5533980582524272,0.4892951771616936,0.29126213592233013,0.5501618122977346,True,28.0,19.0,75.0,28.0,65.0,82.0,44.8,19.0,False
Boulaye Dia,9.597511243075132,6.321963097900152,20.05741713475436,51.0,10.0,46.0,51.0,10.0,10.0,11.0,42.0,15.0,79.0,35.0,38.0,59.0,35.0,22.0,1358.0,10.0,5,38.1,38.1,28.0,ITA-Serie A,Lazio,"FW,MF",2,14500000.0,24700000.0,2027.0,84.0,81.0,78.0,73.0,78.0,74.0,81.0,ST,78.0,78.0,27.187028657617,41.181657848324505,83.616826104049,15.70512820512815,0.2519031822329431,0.1881864949622575,1.3385826771653542,1.2073490813648293,0.9019607843137255,0.39370078740157477,2.0734908136482937,0.9186351706036745,0.9973753280839894,0.9186351706036745,1.548556430446194,0.1659307899711326,0.5264413946129753,1.1023622047244095,0.26246719160104987,0.5774278215223096,0.40248875692486763,0.26246719160104987,0.39370078740157477,True,73.0,38.0,27.0,29.0,60.0,51.0,44.7,27.0,False
Matthis Abline,16.346957633271813,8.288829321041703,28.28746550064534,158.0,14.0,106.0,159.0,13.0,13.0,14.0,57.0,37.0,154.0,31.0,95.0,111.0,98.0,86.0,1999.0,15.0,6,58.5,58.5,22.0,FRA-Ligue 1,Nantes,"FW,MF",2,12000000.0,26400000.0,2028.0,87.0,83.0,75.0,69.0,77.0,68.0,78.0,ST,76.0,82.0,46.468253968254004,40.773747116796,69.572959723157,9.6104928457869,0.2794351732183216,0.10346175717260642,2.700854700854701,1.811965811965812,0.6666666666666666,0.6324786324786325,2.6324786324786325,0.5299145299145299,1.623931623931624,1.6752136752136753,1.8974358974358974,0.14168939010327697,0.48354641881445026,0.9743589743589743,0.2222222222222222,1.4700854700854702,-2.3469576332718134,0.2564102564102564,0.358974358974359,True,24.0,41.0,48.0,55.0,44.0,75.0,44.7,24.0,False
Tolu Arokodare,6.665390497073531,1.1596579402685163,5.404460851103067,46.0,3.0,40.0,47.0,3.0,1.0,11.0,12.0,8.0,26.0,7.0,17.0,22.0,99.0,18.0,599.0,3.0,1,15.8,15.8,24.0,ENG-Premier League,Wolves,FW,1,10500000.0,20700000.0,2029.0,74.0,71.0,77.0,89.0,70.0,78.0,76.0,ST,76.0,79.0,51.832460732984,44.68085106383,60.37037037037,6.3829787234043,0.42186015804262855,0.144899793414642,2.911392405063291,2.531645569620253,0.851063829787234,0.5063291139240506,1.6455696202531644,0.4430379746835443,1.0759493670886076,6.265822784810126,1.3924050632911391,0.07339607216889343,0.34205448424702956,0.7594936708860759,0.06329113924050632,1.1392405063291138,-3.665390497073531,0.18987341772151897,0.2531645569620253,True,38.0,80.0,26.0,57.0,14.0,37.0,44.6,14.0,True
Borja Mayoral,6.100163746625185,1.8768860716372728,8.631499675568193,35.0,8.0,30.0,35.0,9.0,3.0,5.0,13.0,22.0,68.0,10.0,22.0,38.0,33.0,12.0,788.0,9.0,2,24.200000000000003,24.200000000000003,28.0,ESP-La Liga,Getafe,FW,2,11000000.0,23100000.0,2027.0,65.0,61.0,80.0,71.0,77.0,83.0,79.0,ST,77.0,77.0,31.304347826087,36.483288967761,81.155303030303,25.8333333333335,0.2520728820919498,0.17429039276071956,1.446280991735537,1.2396694214876032,0.8571428571428571,0.909090909090909,2.8099173553719003,0.4132231404958677,0.909090909090909,1.3636363636363635,1.5702479338842974,0.0775572756874906,0.35667354031273524,0.5371900826446281,0.12396694214876032,0.4958677685950413,1.899836253374815,0.371900826446281,0.4545454545454545,True,83.0,37.0,66.0,24.0,22.0,10.0,44.6,10.0,True
Hugo Álvarez,4.961812857538462,4.048837125301361,19.471431590616703,39.0,8.0,34.0,39.0,8.0,7.0,6.0,44.0,14.0,122.0,41.0,33.0,26.0,9.0,48.0,2159.0,8.0,5,32.4,32.4,22.0,ESP-La Liga,Celta Vigo,"FW,MF",2,9000000.0,20700000.0,2028.0,69.0,70.0,73.0,57.0,69.0,55.0,75.0,CAM,75.0,81.0,25.0,44.698544698544495,82.387355281154,22.285714285714498,0.15314237214624882,0.1272259707061144,1.2037037037037037,1.0493827160493827,0.8717948717948718,0.4320987654320988,3.7654320987654324,1.2654320987654322,1.0185185185185186,0.2777777777777778,0.8024691358024691,0.12496410880559757,0.6009701108215032,1.3580246913580247,0.2160493827160494,1.4814814814814816,3.0381871424615383,0.2469135802469136,0.4012345679012346,True,54.0,26.0,49.0,43.0,61.0,36.0,44.6,26.0,False
Bryan Gil,5.496316803619266,6.552444666624069,18.94140638038516,59.0,3.0,40.0,59.0,3.0,10.0,4.0,42.0,25.0,157.0,65.0,77.0,85.0,5.0,74.0,2093.0,3.0,6,36.6,36.6,24.0,ESP-La Liga,Girona,"MF,FW",2,10000000.0,21800000.0,2030.0,84.0,86.0,70.0,32.0,76.0,34.0,75.0,CAM,76.0,79.0,20.098039215686498,45.517241379310505,86.72722123320949,4.6875,0.15017259026282145,0.09315791192575026,1.6120218579234973,1.0928961748633879,0.6779661016949152,0.6830601092896175,4.2896174863387975,1.7759562841530054,2.1038251366120218,0.13661202185792348,2.322404371584699,0.17902854280393632,0.5175247644913978,1.1475409836065573,0.27322404371584696,2.021857923497268,-2.4963168036192656,0.08196721311475409,0.2459016393442623,True,9.0,15.0,79.0,49.0,63.0,78.0,44.4,9.0,False
Arnaud Kalimuendo,12.150474922731519,2.893593108281493,18.141915533691645,80.0,12.0,89.0,106.0,23.0,8.0,13.0,41.0,19.0,95.0,30.0,58.0,90.0,34.0,42.0,1533.0,23.0,4,45.400000000000006,44.3,23.0,GER-Bundesliga,Frankfurt,"FW,MF",2,20500000.0,0.0,,80.0,82.0,81.0,72.0,78.0,72.0,80.0,ST,78.0,82.0,24.489337822671,41.1715128529285,83.248299319728,21.184210526316,0.26763160622756643,0.15188093653414397,1.7621145374449336,1.9603524229074887,0.839622641509434,0.41850220264317173,2.0925110132158586,0.6607929515418501,1.277533039647577,0.7488986784140969,1.9823788546255503,0.06373553101941615,0.3996016637377014,0.9030837004405285,0.17621145374449337,0.9251101321585902,-0.15047492273151875,0.5066079295154184,0.5947136563876652,True,75.0,54.0,26.0,31.0,31.0,52.0,44.4,26.0,False
Anuar,0.0,0.0,0.0,0.0,0.0,9.0,11.0,2.0,2.0,4.0,7.0,6.0,71.0,38.0,48.0,14.0,25.0,7.0,777.0,2.0,0,19.1,19.1,29.0,ESP-La Liga,Valladolid,"MF,FW",1,,,,,,,,,,,,,,41.666666666667,57.232704402516,84.497816593886,18.181818181818,0.0,,0.0,0.47120418848167533,0.8181818181818182,0.31413612565445026,3.7172774869109944,1.9895287958115182,2.513089005235602,1.3089005235602094,0.7329842931937173,0.0,0.0,0.36649214659685864,0.10471204188481674,0.36649214659685864,0.0,0.10471204188481674,0.10471204188481674,True,80.0,13.0,44.0,86.0,13.0,11.0,44.3,11.0,True
Lorenzo Lucca,10.39974382147193,2.0794236846268177,13.17097847536206,81.0,12.0,69.0,80.0,13.0,2.0,9.0,16.0,16.0,55.0,10.0,68.0,38.0,69.0,18.0,884.0,13.0,1,32.0,30.6,24.0,ITA-Serie A,Napoli,FW,2,8000000.0,0.0,,63.0,54.0,80.0,81.0,70.0,81.0,79.0,ST,75.0,79.0,44.579124579124496,41.629213483146,71.826371826372,12.56410256410235,0.3249919944209978,0.12839189903051765,2.53125,2.15625,0.8625,0.5,1.71875,0.3125,2.125,2.15625,1.1875,0.06498199014458805,0.4115930773550644,0.5,0.0625,0.5625,1.6002561785280704,0.40625,0.4375,True,49.0,67.0,25.0,69.0,16.0,11.0,44.2,11.0,False
Isaac Romero,12.233524564653635,3.673023857176304,18.51429484691471,95.0,8.0,70.0,95.0,6.0,7.0,21.0,34.0,35.0,120.0,29.0,61.0,93.0,53.0,31.0,1536.0,8.0,2,40.5,40.5,25.0,ESP-La Liga,Sevilla,"FW,MF",2,5500000.0,12000000.0,2028.0,83.0,81.0,73.0,74.0,66.0,74.0,74.0,ST,74.0,77.0,38.828397212544004,32.4735612395475,72.787220309811,8.581752484191501,0.3020623349297194,0.12877394278582774,2.345679012345679,1.728395061728395,0.7368421052631579,0.8641975308641975,2.962962962962963,0.7160493827160493,1.5061728395061729,1.308641975308642,2.2962962962962963,0.09069194709077294,0.45714308263986936,0.8395061728395061,0.1728395061728395,0.7654320987654321,-4.233524564653635,0.19753086419753085,0.24691358024691357,True,29.0,45.0,71.0,36.0,31.0,53.0,44.2,29.0,False
Romain Faivre,2.3766720965504646,3.2681193463504314,6.562979099340738,30.0,2.0,20.0,30.0,3.0,7.0,2.0,20.0,7.0,69.0,20.0,34.0,10.0,10.0,29.0,827.0,3.0,4,16.5,16.5,27.0,FRA-Ligue 1,Auxerre,"MF,FW",2,8000000.0,0.0,,68.0,76.0,70.0,63.0,79.0,61.0,72.0,RM,76.0,76.0,70.5882352941175,58.2161125319695,84.114684230918,7.8947368421055,0.14404073312427057,0.07922240321834882,1.8181818181818181,1.2121212121212122,0.6666666666666666,0.42424242424242425,4.181818181818182,1.2121212121212122,2.0606060606060606,0.6060606060606061,0.6060606060606061,0.19806783917275342,0.3977563090509538,1.2121212121212122,0.42424242424242425,1.7575757575757576,-0.37667209655046463,0.18181818181818182,0.42424242424242425,True,10.0,16.0,49.0,93.0,63.0,42.0,44.2,10.0,True
Nick Woltemade,18.146821612492204,8.241136942058802,27.48874539323151,81.0,17.0,48.0,49.0,12.0,9.0,11.0,38.0,11.0,53.0,11.0,38.0,54.0,51.0,32.0,934.0,12.0,5,40.1,39.1,23.0,GER-Bundesliga,Stuttgart,"FW,MF",2,32000000.0,63200000.0,2031.0,67.0,64.0,82.0,83.0,83.0,80.0,83.0,ST,80.0,85.0,22.3684210526315,44.3548387096775,63.581535606588,12.2448979591835,0.4525391923314764,0.22403483472212596,2.0199501246882794,1.1970074812967582,0.9795918367346939,0.2743142144638404,1.3216957605985038,0.2743142144638404,0.9476309226932668,1.2718204488778055,1.346633416458853,0.20551463695907235,0.6855048726491648,0.9476309226932668,0.22443890274314213,0.798004987531172,-1.1468216124922037,0.29925187032418954,0.4239401496259351,True,76.0,57.0,7.0,34.0,60.0,19.0,44.1,7.0,False
Roberto Piccoli,23.98182014701888,2.732120499946177,26.41764370771125,144.0,13.0,125.0,145.0,14.0,3.0,38.0,28.0,20.0,89.0,21.0,94.0,73.0,163.0,23.0,1554.0,14.0,2,53.300000000000004,53.300000000000004,24.0,ITA-Serie A,Fiorentina,FW,2,8500000.0,15100000.0,2030.0,73.0,66.0,78.0,82.0,68.0,76.0,77.0,ST,75.0,80.0,39.510844855714,41.579822616407995,66.759278674775,9.35735996526265,0.44994034046939735,0.16654041768763111,2.7016885553470917,2.345215759849906,0.8620689655172413,0.37523452157598497,1.669793621013133,0.3939962476547842,1.7636022514071292,3.0581613508442773,1.3696060037523452,0.051259296434262226,0.495640594891393,0.5253283302063789,0.05628517823639775,0.4315196998123827,-10.98182014701888,0.26266416510318946,0.30018761726078796,True,52.0,80.0,15.0,58.0,16.0,17.0,44.0,15.0,False
Moses Simon,6.746724863536656,13.055024400353432,25.001515351235867,78.0,7.0,53.0,78.0,11.0,21.0,6.0,88.0,39.0,186.0,34.0,70.0,100.0,18.0,94.0,2256.0,11.0,13,51.2,51.2,30.0,FRA-Ligue 1,Paris,"MF,FW",2,7500000.0,14300000.0,2028.0,88.0,89.0,67.0,66.0,73.0,46.0,73.0,LW,76.0,76.0,21.5277777777775,42.1148317267035,79.899620184482,13.502673796791349,0.1317719699909503,0.0864964726094443,1.5234375,1.03515625,0.6794871794871795,0.76171875,3.6328125,0.6640625,1.3671875,0.3515625,1.953125,0.25498094531940296,0.4883108467038255,1.71875,0.41015625,1.8359375,0.2532751364633441,0.21484375,0.46875,True,23.0,12.0,69.0,34.0,75.0,87.0,44.0,12.0,False
Roberto Férnandez,11.798724672291428,4.0503013441339135,17.42388929054141,80.0,12.0,69.0,80.0,12.0,7.0,9.0,26.0,23.0,90.0,16.0,71.0,51.0,95.0,20.0,1243.0,13.0,3,43.1,43.1,23.0,ESP-La Liga,Espanyol,FW,2,,,,,,,,,,,,,,36.388888888889,38.875575455635,71.27143284730849,20.217917675545,0.2737523125821677,0.14748405840364284,1.8561484918793503,1.6009280742459395,0.8625,0.5336426914153132,2.088167053364269,0.37122969837587005,1.6473317865429233,2.2041763341067284,1.1832946635730859,0.09397450914463837,0.40426657286639,0.6032482598607889,0.16241299303944315,0.46403712296983757,0.20127532770857215,0.30162412993039445,0.37122969837587005,True,71.0,47.0,31.0,52.0,25.0,21.0,43.9,21.0,False
Randal Kolo Muani,6.746623762883246,3.2701738961040974,10.349568052217364,46.0,8.0,42.0,46.0,9.0,4.0,11.0,37.0,20.0,97.0,40.0,37.0,60.0,42.0,46.0,1097.0,9.0,2,35.4,31.4,26.0,ITA-Serie A,Juventus,FW,2,21000000.0,0.0,,90.0,89.0,79.0,69.0,78.0,78.0,80.0,ST,79.0,80.0,33.2665999332665,38.326659385997004,71.62118162443801,17.8846153846155,0.19058259217184312,0.14666573397572275,1.2994350282485876,1.1864406779661016,0.9130434782608695,0.5649717514124294,2.7401129943502824,1.1299435028248588,1.0451977401129944,1.1864406779661016,1.6949152542372883,0.09237779367525699,0.2923606794411685,1.0451977401129944,0.11299435028248588,1.2994350282485876,1.253376237116754,0.2542372881355932,0.3107344632768362,True,66.0,32.0,51.0,29.0,24.0,84.0,43.8,24.0,False
Pedro Neto,9.57060599885881,14.500266651622951,33.70071325451136,105.0,9.0,68.0,105.0,7.0,23.0,6.0,102.0,30.0,165.0,42.0,58.0,55.0,21.0,81.0,2754.0,9.0,12,54.4,54.4,25.0,ENG-Premier League,Chelsea,"MF,FW",2,36500000.0,72100000.0,2031.0,91.0,92.0,77.0,65.0,79.0,50.0,79.0,RM,82.0,83.0,27.5898520084565,43.751623184984,87.98557366643101,8.824613117170099,0.1759302573319634,0.0911486285605601,1.9301470588235294,1.25,0.6476190476190476,0.5514705882352942,3.0330882352941178,0.7720588235294118,1.0661764705882353,0.3860294117647059,1.0110294117647058,0.26654901933130426,0.6194984054138118,1.875,0.4227941176470588,1.4889705882352942,-0.5706059988588095,0.16544117647058823,0.3860294117647059,True,21.0,18.0,47.0,42.0,86.0,89.0,43.8,18.0,False
Moritz Broschinski,4.342191630974412,2.26239719055593,8.05997022241354,37.0,1.0,24.0,35.0,1.0,4.0,10.0,12.0,15.0,58.0,18.0,15.0,28.0,26.0,14.0,572.0,1.0,3,15.4,15.4,23.0,GER-Bundesliga,Bochum,"FW,MF",1,,,,,,,,,,,,,,40.0,33.333333333333,69.918699186992,2.8571428571429,0.28196049551781893,0.117356530566876,2.4025974025974026,1.5584415584415585,0.6857142857142857,0.974025974025974,3.766233766233766,1.1688311688311688,0.974025974025974,1.6883116883116882,1.8181818181818181,0.1469089084776578,0.523374689767113,0.7792207792207793,0.2597402597402597,0.9090909090909091,-3.342191630974412,0.06493506493506493,0.2597402597402597,True,15.0,36.0,86.0,28.0,46.0,53.0,43.5,15.0,True
Mattéo Tramoni,2.4520444069057703,2.884499185718596,7.110495939850807,28.0,1.0,16.0,28.0,2.0,4.0,3.0,28.0,18.0,66.0,32.0,15.0,18.0,12.0,8.0,691.0,2.0,2,17.8,17.8,25.0,ITA-Serie A,Pisa,"MF,FW",1,5500000.0,10300000.0,2028.0,89.0,90.0,70.0,59.0,74.0,60.0,70.0,CAM,74.0,77.0,60.0,41.666666666667,72.176308539945,7.1428571428571,0.13775530375875114,0.08757301453234893,1.5730337078651684,0.898876404494382,0.5714285714285714,1.0112359550561798,3.7078651685393256,1.797752808988764,0.8426966292134831,0.6741573033707865,1.0112359550561798,0.1620505160516065,0.3994660640365622,1.5730337078651684,0.2247191011235955,0.449438202247191,-1.4520444069057703,0.11235955056179775,0.2247191011235955,True,9.0,7.0,91.0,53.0,53.0,64.0,43.3,7.0,True
Pablo Durán,7.400927517563105,5.326718884520233,13.473966289311647,63.0,6.0,48.0,63.0,4.0,7.0,8.0,27.0,25.0,95.0,33.0,30.0,34.0,29.0,19.0,1212.0,6.0,6,31.3,31.3,24.0,ESP-La Liga,Celta Vigo,"FW,MF",2,6000000.0,13100000.0,2027.0,72.0,71.0,77.0,67.0,73.0,68.0,77.0,ST,74.0,78.0,37.6344086021505,35.158374660054,72.912994534386,10.3950103950102,0.2364513583885976,0.11747503996131912,2.012779552715655,1.5335463258785942,0.7619047619047619,0.7987220447284344,3.0351437699680512,1.0543130990415335,0.9584664536741214,0.926517571884984,1.0862619808306708,0.17018271196550264,0.43047815620803986,0.8626198083067093,0.22364217252396165,0.6070287539936102,-1.4009275175631046,0.19169329073482427,0.38338658146964855,True,33.0,37.0,73.0,34.0,46.0,23.0,43.3,23.0,False
Harry Wilson,9.365454396232963,6.963866292499006,17.764986680820584,121.0,16.0,68.0,121.0,12.0,10.0,3.0,60.0,19.0,137.0,49.0,59.0,29.0,10.0,27.0,1899.0,16.0,8,42.6,42.6,28.0,ENG-Premier League,Fulham,"MF,FW",2,21000000.0,39900000.0,2030.0,77.0,79.0,80.0,53.0,82.0,69.0,78.0,RM,80.0,80.0,20.0,56.7722371967655,79.5773216825845,13.387000596303,0.21984634732941227,0.07740044955564432,2.84037558685446,1.596244131455399,0.5619834710743802,0.4460093896713615,3.215962441314554,1.1502347417840375,1.3849765258215962,0.2347417840375587,0.6807511737089201,0.1634710397300236,0.4170184666859292,1.408450704225352,0.2347417840375587,0.6338028169014084,6.634545603767037,0.3755868544600939,0.5633802816901409,True,35.0,28.0,45.0,58.0,57.0,39.0,43.2,28.0,False
Liam Delap,15.438743876293302,2.9537093117833138,22.22292793355882,104.0,11.0,79.0,104.0,12.0,3.0,14.0,24.0,21.0,93.0,16.0,70.0,82.0,83.0,50.0,1198.0,13.0,2,41.1,41.1,22.0,ENG-Premier League,Chelsea,FW,2,17000000.0,35700000.0,2031.0,78.0,76.0,78.0,84.0,77.0,73.0,78.0,ST,77.0,83.0,42.828231722742004,36.220196353435995,65.9551176792555,10.2124183006534,0.37563853713609,0.14844946034897405,2.5304136253041363,1.922141119221411,0.7596153846153846,0.510948905109489,2.2627737226277373,0.389294403892944,1.70316301703163,2.019464720194647,1.9951338199513382,0.07186640661273269,0.5407038426656647,0.583941605839416,0.072992700729927,1.2165450121654502,-4.438743876293302,0.31630170316301703,0.36496350364963503,True,49.0,58.0,30.0,48.0,22.0,49.0,42.9,22.0,False
Igor Jesus,6.437911256216466,2.280350387096405,8.53495698235929,70.0,5.0,60.0,70.0,6.0,5.0,3.0,15.0,19.0,61.0,24.0,40.0,43.0,81.0,11.0,883.0,6.0,4,25.5,25.5,24.0,ENG-Premier League,Nottingham,FW,1,15500000.0,30600000.0,2029.0,70.0,68.0,77.0,79.0,75.0,79.0,78.0,ST,77.0,81.0,39.130434782609,39.36170212766,72.707423580786,8.5714285714286,0.25246710808692024,0.09197016080309238,2.7450980392156863,2.3529411764705883,0.8571428571428571,0.7450980392156863,2.392156862745098,0.9411764705882353,1.5686274509803921,3.176470588235294,1.6862745098039216,0.08942550537632961,0.3347041953866388,0.5882352941176471,0.19607843137254902,0.43137254901960786,-1.4379112562164664,0.23529411764705882,0.39215686274509803,True,20.0,63.0,62.0,47.0,23.0,14.0,42.8,14.0,False
Mateo Joseph,5.396834125742316,1.590326721780002,7.219164989888668,33.0,2.0,27.0,33.0,2.0,3.0,8.0,14.0,9.0,65.0,29.0,31.0,36.0,10.0,18.0,650.0,2.0,3,18.9,18.9,21.0,ESP-La Liga,Mallorca,"MF,FW",1,5500000.0,0.0,,82.0,79.0,73.0,73.0,66.0,69.0,70.0,ST,72.0,82.0,19.607843137255,46.428571428571,81.456953642384,6.0606060606061,0.28554677913980514,0.16354042805279745,1.7460317460317463,1.4285714285714286,0.8181818181818182,0.4761904761904762,3.4391534391534395,1.5343915343915344,1.6402116402116402,0.5291005291005292,1.9047619047619049,0.0841442709936509,0.38196640158141104,0.7407407407407408,0.15873015873015875,0.9523809523809524,-3.3968341257423162,0.10582010582010583,0.2645502645502646,True,39.0,41.0,53.0,46.0,28.0,53.0,42.8,28.0,True
Frank Magri,9.602074669674039,2.5589388515800238,13.022049967199562,77.0,10.0,67.0,77.0,10.0,4.0,8.0,23.0,17.0,49.0,16.0,50.0,50.0,81.0,14.0,904.0,10.0,2,30.700000000000003,30.700000000000003,25.0,FRA-Ligue 1,Toulouse,"FW,MF",2,3100000.0,6400000.0,2030.0,77.0,78.0,74.0,69.0,66.0,68.0,70.0,ST,72.0,75.0,38.622222222222,36.3794487556865,73.0453978701225,13.257575757575498,0.3127711618786332,0.12470226843732518,2.50814332247557,2.1824104234527684,0.8701298701298701,0.5537459283387621,1.5960912052117262,0.521172638436482,1.6286644951140063,2.6384364820846904,1.6286644951140063,0.0833530570547239,0.4241710087035688,0.7491856677524429,0.1302931596091205,0.4560260586319218,0.3979253303259611,0.3257328990228013,0.3908794788273615,True,41.0,67.0,32.0,45.0,25.0,32.0,42.6,25.0,False
Jeremie Boga,7.660908833146095,3.9747515451163054,14.623953092843294,54.0,5.0,39.0,54.0,5.0,5.0,8.0,39.0,8.0,58.0,17.0,24.0,25.0,6.0,47.0,959.0,5.0,2,26.4,19.2,28.0,ITA-Serie A,Juventus,"MF,FW",2,7500000.0,0.0,,84.0,88.0,68.0,64.0,74.0,59.0,71.0,LW,76.0,76.0,35.064935064935,50.242587601078,84.05648947448151,10.00000000000015,0.29018594064947334,0.14186868209529807,2.0454545454545454,1.4772727272727273,0.7222222222222222,0.30303030303030304,2.1969696969696972,0.6439393939393939,0.9090909090909092,0.2272727272727273,0.946969696969697,0.15055877064834491,0.5539376171531551,1.4772727272727273,0.1893939393939394,1.7803030303030305,-2.6609088331460953,0.1893939393939394,0.26515151515151514,True,35.0,37.0,18.0,52.0,63.0,79.0,42.4,18.0,False
Ché Adams,15.36146331205964,5.3926215255633,24.75498780235648,117.0,15.0,88.0,117.0,13.0,11.0,19.0,53.0,20.0,104.0,26.0,55.0,51.0,66.0,24.0,1685.0,15.0,5,50.5,50.5,29.0,ITA-Serie A,Torino,FW,2,14500000.0,24700000.0,2027.0,82.0,80.0,81.0,68.0,72.0,66.0,78.0,ST,78.0,78.0,36.660029865605,43.829401088929,75.1847723570265,12.6916273584905,0.3041873923180127,0.13129455822273198,2.3168316831683167,1.7425742574257426,0.7521367521367521,0.39603960396039606,2.0594059405940595,0.5148514851485149,1.0891089108910892,1.306930693069307,1.00990099009901,0.10678458466461979,0.4901977782644848,1.0495049504950495,0.21782178217821782,0.4752475247524752,-0.3614633120596409,0.297029702970297,0.39603960396039606,True,52.0,47.0,22.0,49.0,43.0,44.0,42.4,22.0,False
Joel Roca,4.518066472373903,1.951041013002396,8.29686073306948,48.0,3.0,32.0,48.0,2.0,2.0,5.0,16.0,5.0,63.0,23.0,45.0,30.0,5.0,37.0,803.0,3.0,1,16.4,16.4,20.0,ESP-La Liga,Girona,"MF,FW",1,6500000.0,15000000.0,2029.0,83.0,85.0,68.0,61.0,66.0,58.0,70.0,CAM,73.0,82.0,20.0,49.065420560748,83.246073298429,6.25,0.27549185807157944,0.09412638484112297,2.9268292682926833,1.9512195121951221,0.6666666666666666,0.30487804878048785,3.8414634146341466,1.402439024390244,2.7439024390243905,0.30487804878048785,1.829268292682927,0.11896591542697538,0.5059061422603341,0.9756097560975611,0.12195121951219513,2.25609756097561,-1.5180664723739028,0.1829268292682927,0.24390243902439027,True,9.0,44.0,42.0,59.0,44.0,75.0,42.2,9.0,True
Walid Cheddira,5.973041646182537,1.6459182873368263,7.86293521290645,46.0,5.0,41.0,46.0,5.0,2.0,6.0,17.0,8.0,52.0,11.0,61.0,31.0,40.0,18.0,675.0,5.0,2,20.799999999999997,18.2,27.0,ESP-La Liga,Espanyol,FW,2,2500000.0,0.0,,79.0,78.0,72.0,83.0,67.0,67.0,73.0,ST,72.0,72.0,35.4166666666665,45.1655052264805,70.032844630617,9.90675990675985,0.2871654637587759,0.1298487314387508,2.2115384615384617,1.9711538461538465,0.8913043478260869,0.3846153846153847,2.5000000000000004,0.528846153846154,2.932692307692308,1.9230769230769234,1.4903846153846156,0.07913068689119358,0.3780257313897332,0.8173076923076924,0.09615384615384617,0.8653846153846155,-0.9730416461825371,0.24038461538461542,0.33653846153846156,True,32.0,60.0,25.0,66.0,20.0,46.0,42.1,20.0,True
Wilson Odobert,4.576129856519401,2.8081150902435184,9.998453276231885,34.0,1.0,23.0,35.0,1.0,3.0,7.0,26.0,13.0,88.0,24.0,13.0,38.0,9.0,36.0,951.0,1.0,2,20.3,20.3,20.0,ENG-Premier League,Tottenham,"FW,MF",2,21000000.0,44100000.0,2029.0,86.0,87.0,69.0,43.0,72.0,44.0,76.0,RM,77.0,84.0,31.3725490196075,46.001642036124494,84.84836973725851,3.84615384615385,0.22542511608469956,0.13459205460351178,1.6748768472906403,1.1330049261083743,0.6571428571428571,0.6403940886699507,4.334975369458128,1.1822660098522166,0.6403940886699507,0.44334975369458124,1.8719211822660098,0.1383307926228334,0.49253464414935394,1.2807881773399015,0.14778325123152708,1.773399014778325,-3.576129856519401,0.04926108374384236,0.14778325123152708,True,24.0,20.0,70.0,31.0,54.0,81.0,42.1,20.0,True
Matteo Cancellieri,7.726281488314271,2.4621978159993887,12.537208147346973,63.0,7.0,42.0,63.0,5.0,4.0,9.0,29.0,14.0,112.0,68.0,108.0,52.0,63.0,42.0,1494.0,7.0,2,35.0,35.0,23.0,ITA-Serie A,Parma,"MF,FW",2,6500000.0,11500000.0,2027.0,83.0,79.0,71.0,68.0,72.0,64.0,67.0,CAM,74.0,79.0,49.285714285714505,49.734579840963,73.696743467628,11.6962305986698,0.22075089966612202,0.12263938870340113,1.8,1.2,0.6666666666666666,0.4,3.2,1.9428571428571428,3.085714285714286,1.8,1.4857142857142858,0.07034850902855397,0.3582059470670564,0.8285714285714286,0.11428571428571428,1.2,-0.726281488314271,0.2,0.2571428571428571,True,32.0,22.0,46.0,83.0,21.0,59.0,42.0,21.0,False
Casper Tengstedt,4.810324747115374,1.2589485691860318,7.137801101431251,38.0,5.0,33.0,38.0,6.0,2.0,6.0,12.0,11.0,37.0,7.0,9.0,6.0,20.0,9.0,483.0,6.0,1,16.9,16.9,24.0,ITA-Serie A,Hellas Verona,FW,1,,,,,,,,,,,,,,24.691358024691,43.859649122807,69.395017793594,15.789473684211,0.28463460042102806,0.1265874933451414,2.248520710059172,1.9526627218934913,0.868421052631579,0.6508875739644971,2.1893491124260356,0.4142011834319527,0.5325443786982249,1.183431952662722,0.3550295857988166,0.07449399817668828,0.42235509475924565,0.7100591715976332,0.1183431952662722,0.5325443786982249,0.1896752528846264,0.3550295857988166,0.4142011834319527,True,51.0,57.0,44.0,35.0,22.0,27.0,42.0,22.0,True
Zian Flemming,8.032457021065056,0.6848367601633072,7.825265257619321,52.0,9.0,42.0,53.0,9.0,0.0,10.0,10.0,3.0,33.0,17.0,26.0,17.0,68.0,4.0,589.0,11.0,0,19.7,19.7,26.0,ENG-Premier League,Burnley,FW,1,6500000.0,12800000.0,2029.0,70.0,65.0,76.0,81.0,72.0,76.0,76.0,ST,75.0,76.0,44.736842105263,37.704918032787,64.981949458484,20.754716981132,0.4077389350794445,0.15447032732817417,2.6395939086294415,2.1319796954314723,0.7924528301886793,0.15228426395939088,1.6751269035532996,0.8629441624365483,1.3197969543147208,3.451776649746193,0.8629441624365483,0.03476328731793438,0.39722158668118385,0.5076142131979695,0.0,0.20304568527918782,0.9675429789349437,0.5583756345177665,0.5583756345177665,True,69.0,69.0,14.0,54.0,9.0,8.0,42.0,8.0,True
Paul Wanner,3.487074453383684,1.4708796814084053,7.205643737688661,25.0,2.0,17.0,25.0,2.0,2.0,6.0,20.0,12.0,90.0,40.0,18.0,37.0,12.0,25.0,1024.0,3.0,2,19.7,19.7,18.0,GER-Bundesliga,Heidenheim,"MF,FW",1,,,,,,,,,,,,,,40.0,44.385026737968,77.115987460815,12.0,0.17700885550170986,0.13948297813534738,1.2690355329949239,0.8629441624365483,0.68,0.6091370558375635,4.568527918781726,2.030456852791878,0.9137055837563453,0.6091370558375635,1.8781725888324874,0.07466394321870078,0.3657687176491706,1.015228426395939,0.10152284263959391,1.2690355329949239,-1.4870744533836842,0.15228426395939088,0.25380710659898476,True,47.0,12.0,73.0,40.0,26.0,72.0,41.8,12.0,True
Giacomo Raspadori,8.571365582756698,3.3904987117275596,14.492626149207354,70.0,9.0,35.0,49.0,5.0,4.0,4.0,32.0,8.0,56.0,20.0,27.0,13.0,8.0,10.0,726.0,6.0,2,23.700000000000003,21.1,25.0,ITA-Serie A,Atalanta,"MF,FW",2,19000000.0,33700000.0,2030.0,80.0,83.0,79.0,56.0,80.0,69.0,80.0,CAM,78.0,81.0,30.625,55.142857142857494,77.6836067158645,7.142857142857,0.3616609950530252,0.12244807975366712,2.953586497890295,1.4767932489451474,0.7142857142857143,0.33755274261603374,2.362869198312236,0.8438818565400843,1.1392405063291138,0.33755274261603374,0.5485232067510548,0.14305901737247084,0.6115032130467237,1.350210970464135,0.16877637130801687,0.42194092827004215,0.42863441724330187,0.2531645569620253,0.33755274261603374,True,30.0,43.0,24.0,58.0,59.0,40.0,41.8,24.0,True
Federico Bonazzoli,6.739463760983199,1.532783793285489,10.240432717371732,75.0,7.0,45.0,75.0,9.0,3.0,5.0,13.0,17.0,86.0,30.0,80.0,34.0,9.0,11.0,1252.0,10.0,1,27.9,27.9,28.0,ITA-Serie A,Cremonese,FW,1,2400000.0,4300000.0,2028.0,65.0,68.0,78.0,69.0,66.0,68.0,77.0,ST,72.0,72.0,34.615384615385,54.504504504505,84.393757503001,13.333333333333,0.24155784089545518,0.08985951681310932,2.688172043010753,1.6129032258064517,0.6,0.6093189964157706,3.0824372759856633,1.0752688172043012,2.867383512544803,0.3225806451612903,1.2186379928315412,0.05493848721453366,0.367040599188951,0.4659498207885305,0.10752688172043011,0.3942652329749104,0.2605362390168011,0.35842293906810035,0.3942652329749104,True,34.0,31.0,58.0,76.0,20.0,8.0,41.8,8.0,False
Gift Orban,13.997940018773079,2.6780524663627148,18.451287526637316,96.0,9.0,54.0,96.0,9.0,3.0,13.0,22.0,15.0,75.0,7.0,28.0,36.0,39.0,23.0,920.0,11.0,2,32.2,30.1,23.0,GER-Bundesliga,Hoffenheim,FW,2,8500000.0,0.0,,76.0,78.0,81.0,67.0,80.0,61.0,75.0,ST,74.0,81.0,34.149277688603505,33.6590038314175,71.83018124507501,22.29946524064155,0.4347186341233875,0.14581187519555291,2.981366459627329,1.6770186335403725,0.5625,0.4658385093167701,2.3291925465838506,0.21739130434782608,0.8695652173913043,1.2111801242236024,1.1180124223602483,0.08316933125350046,0.5730213517589228,0.6832298136645962,0.09316770186335403,0.7142857142857142,-4.997940018773079,0.3416149068322981,0.40372670807453415,True,74.0,48.0,27.0,29.0,29.0,37.0,41.4,27.0,False
Valentín Castellanos,20.96734766382724,4.377021847292781,26.009652686305344,158.0,14.0,91.0,128.0,12.0,13.0,16.0,36.0,18.0,65.0,20.0,60.0,37.0,83.0,24.0,1178.0,12.0,3,49.6,41.9,26.0,ENG-Premier League,West Ham,FW,2,,,,,,,,,,,,,,50.746268656716495,49.375,69.24106818016449,9.629629629629651,0.422728783544904,0.1327047320495395,3.185483870967742,1.8346774193548387,0.7109375,0.3629032258064516,1.310483870967742,0.4032258064516129,1.2096774193548387,1.6733870967741935,0.7459677419354839,0.088246408211548,0.5243881589980915,0.7258064516129032,0.2620967741935484,0.48387096774193544,-6.9673476638272405,0.24193548387096772,0.3024193548387097,True,36.0,56.0,13.0,71.0,34.0,25.0,41.0,13.0,False
Anastasios Douvikas,0.0,0.0,0.0,0.0,0.0,77.0,83.0,17.0,2.0,19.0,26.0,8.0,44.0,22.0,69.0,59.0,47.0,17.0,914.0,17.0,2,39.5,33.1,25.0,ESP-La Liga,Celta Vigo,FW,2,,,,,,,,,,,,,,41.654650324441,45.806603035519004,74.55076370170701,19.429590017825,0.0,,0.0,1.9493670886075949,0.927710843373494,0.20253164556962025,1.1139240506329113,0.5569620253164557,1.7468354430379747,1.1898734177215189,1.4936708860759493,0.0,0.0,0.6582278481012658,0.05063291139240506,0.43037974683544306,0.0,0.43037974683544306,0.4810126582278481,True,85.0,45.0,8.0,65.0,9.0,17.0,41.0,8.0,False
Shuto Machino,10.554465751163661,3.371901597827673,18.466437759809196,74.0,12.0,57.0,77.0,12.0,5.0,8.0,42.0,9.0,81.0,16.0,36.0,29.0,59.0,13.0,1427.0,14.0,3,33.7,33.7,25.0,GER-Bundesliga,Gladbach,"FW,MF",2,4100000.0,7300000.0,2029.0,81.0,74.0,73.0,75.0,67.0,69.0,70.0,ST,73.0,76.0,43.44581440623,40.9042927515835,72.3600456993635,16.553544494721,0.3131888946932837,0.1426279155562657,2.1958456973293767,1.691394658753709,0.7402597402597403,0.2670623145400593,2.403560830860534,0.4747774480712166,1.0682492581602372,1.750741839762611,0.8605341246290801,0.10005642723524251,0.5479655121605103,1.2462908011869436,0.14836795252225518,0.38575667655786344,1.4455342488363385,0.4154302670623145,0.5044510385756676,True,55.0,46.0,16.0,50.0,43.0,32.0,40.9,16.0,False
Ilyas Chaira,7.220865061506629,2.07834442704916,11.205173783004284,84.0,7.0,49.0,80.0,5.0,3.0,7.0,18.0,16.0,114.0,49.0,41.0,36.0,21.0,34.0,1280.0,6.0,2,27.2,27.2,24.0,ESP-La Liga,Oviedo,"MF,FW",1,4200000.0,9600000.0,2028.0,80.0,80.0,71.0,65.0,66.0,60.0,69.0,CAM,73.0,76.0,38.181818181818,39.74358974359,83.257918552036,7.5,0.2654729802024496,0.08596267930365034,3.088235294117647,1.8014705882352942,0.6125,0.5882352941176471,4.1911764705882355,1.8014705882352942,1.5073529411764706,0.7720588235294118,1.3235294117647058,0.0764097215826897,0.4119549184928046,0.6617647058823529,0.11029411764705882,1.25,-0.220865061506629,0.22058823529411764,0.29411764705882354,True,10.0,38.0,69.0,50.0,27.0,56.0,40.9,10.0,False
Vladyslav Vanat,7.2669995576143265,2.104125237092376,8.851113688200712,27.0,6.0,25.0,27.0,8.0,3.0,9.0,12.0,6.0,24.0,5.0,17.0,14.0,17.0,9.0,459.0,9.0,1,21.6,21.6,23.0,ESP-La Liga,Girona,FW,1,16000000.0,34800000.0,2030.0,80.0,80.0,81.0,69.0,75.0,75.0,81.0,ST,77.0,82.0,33.333333333333,36.904761904762,78.021978021978,33.333333333333,0.33643516470436696,0.26914813176349356,1.25,1.1574074074074074,0.9259259259259259,0.27777777777777773,1.111111111111111,0.23148148148148145,0.787037037037037,0.787037037037037,0.6481481481481481,0.09741320542094334,0.40977378186114405,0.5555555555555555,0.13888888888888887,0.41666666666666663,-1.2669995576143265,0.41666666666666663,0.4629629629629629,True,94.0,46.0,6.0,33.0,27.0,37.0,40.8,6.0,True
Takuma Asano,5.196423402056098,1.949492022395134,9.920604828745127,45.0,3.0,41.0,45.0,3.0,3.0,11.0,9.0,4.0,64.0,27.0,25.0,24.0,14.0,8.0,640.0,3.0,1,19.1,19.1,30.0,ESP-La Liga,Mallorca,"MF,FW",2,4100000.0,8600000.0,2028.0,83.0,86.0,69.0,73.0,73.0,58.0,75.0,RW,74.0,74.0,23.168103448276,46.046454163578005,73.7667504187605,6.5126050420168,0.27206405246367005,0.11547607560124662,2.3560209424083767,2.1465968586387434,0.9111111111111111,0.20942408376963348,3.3507853403141357,1.413612565445026,1.3089005235602094,0.7329842931937173,1.256544502617801,0.1020676451515777,0.5194033941751375,0.47120418848167533,0.15706806282722513,0.41884816753926696,-2.196423402056098,0.15706806282722513,0.20942408376963348,True,15.0,64.0,35.0,47.0,32.0,48.0,40.4,15.0,True
Cameron Archer,6.166471207514405,0.4734852155670523,7.4672291576862335,29.0,2.0,27.0,29.0,2.0,0.0,10.0,5.0,7.0,35.0,13.0,13.0,26.0,9.0,15.0,452.0,2.0,0,16.0,16.0,23.0,ENG-Premier League,Southampton,FW,1,,,,,,,,,,,,,,23.076923076923,37.614678899083,82.995951417004,6.8965517241379,0.38540445046965033,0.2126369381901519,1.8125,1.6875,0.9310344827586207,0.4375,2.1875,0.8125,0.8125,0.5625,1.625,0.02959282597294077,0.4667018223553896,0.3125,0.0,0.9375,-4.166471207514405,0.125,0.125,True,56.0,64.0,30.0,18.0,19.0,54.0,40.0,18.0,True
Iker Losada,3.8554303776472807,1.4852566588670015,6.232771480455995,22.0,4.0,14.0,22.0,3.0,3.0,5.0,22.0,10.0,66.0,26.0,9.0,12.0,8.0,10.0,739.0,4.0,1,17.7,14.0,23.0,ESP-La Liga,Celta Vigo,"MF,FW",2,3500000.0,0.0,,72.0,73.0,71.0,61.0,67.0,64.0,72.0,CAM,72.0,77.0,23.9583333333335,43.8491295938105,74.14435784479849,16.964285714285502,0.21782092529080682,0.17524683534760366,1.2429378531073447,0.7909604519774012,0.6363636363636364,0.5649717514124294,3.728813559322034,1.4689265536723164,0.5084745762711864,0.4519774011299435,0.6779661016949153,0.08391280558570631,0.3521339819466664,1.2429378531073447,0.16949152542372883,0.5649717514124294,0.1445696223527193,0.22598870056497175,0.2824858757062147,True,65.0,13.0,63.0,33.0,32.0,23.0,39.5,13.0,True
Josué Casimir,5.6887264382094145,4.869107197970152,15.071977602317927,49.0,5.0,37.0,49.0,5.0,6.0,4.0,36.0,13.0,150.0,68.0,78.0,42.0,34.0,32.0,1687.0,5.0,4,39.099999999999994,39.099999999999994,23.0,FRA-Ligue 1,Auxerre,"MF,FW",2,2800000.0,5800000.0,2028.0,82.0,80.0,70.0,68.0,67.0,63.0,69.0,ST,71.0,76.0,38.6363636363635,54.273914713791996,78.03187755808949,9.68013468013475,0.14549172476238914,0.11609645792264112,1.2531969309462918,0.946291560102302,0.7551020408163265,0.3324808184143223,3.836317135549873,1.7391304347826089,1.9948849104859339,0.8695652173913044,1.0741687979539642,0.12452959585601413,0.38547257294930765,0.9207161125319694,0.15345268542199492,0.8184143222506395,-0.6887264382094145,0.1278772378516624,0.23017902813299235,True,23.0,16.0,45.0,76.0,37.0,51.0,39.5,16.0,False
Juanmi Latasa,4.549709668383002,0.5770094022154808,6.718333991244435,40.0,3.0,38.0,40.0,3.0,0.0,4.0,13.0,5.0,24.0,4.0,36.0,18.0,96.0,8.0,453.0,3.0,0,15.5,15.5,23.0,ESP-La Liga,Valladolid,FW,1,,,,,,,,,,,,,,61.538461538462,41.176470588235,60.236220472441,7.5,0.2935296560247098,0.11374274170957506,2.5806451612903225,2.4516129032258065,0.95,0.3225806451612903,1.5483870967741935,0.25806451612903225,2.3225806451612905,6.193548387096774,1.1612903225806452,0.037226413046160055,0.4334409026609313,0.8387096774193549,0.0,0.5161290322580645,-1.5497096683830023,0.1935483870967742,0.1935483870967742,True,19.0,73.0,10.0,75.0,16.0,26.0,39.2,10.0,True
Dany Mota,4.940644808113575,1.9611132070422173,9.050512425601482,42.0,5.0,36.0,42.0,5.0,3.0,2.0,22.0,11.0,61.0,13.0,36.0,29.0,62.0,13.0,891.0,5.0,2,23.4,23.4,26.0,ITA-Serie A,Monza,"MF,FW",1,,,,,,,,,,,,,,46.268656716418,42.253521126761,75.954198473282,11.904761904762,0.21113866701340064,0.11763440019318036,1.794871794871795,1.5384615384615385,0.8571428571428571,0.47008547008547014,2.606837606837607,0.5555555555555556,1.5384615384615385,2.64957264957265,1.2393162393162394,0.08380825671120587,0.3867740352821147,0.9401709401709403,0.12820512820512822,0.5555555555555556,0.05935519188642502,0.2136752136752137,0.29914529914529914,True,34.0,40.0,34.0,63.0,27.0,28.0,39.1,27.0,True
Albert Guðmundsson,0.0,0.0,0.0,0.0,0.0,39.0,68.0,8.0,11.0,11.0,47.0,21.0,125.0,17.0,48.0,43.0,7.0,35.0,1875.0,11.0,5,39.1,39.1,28.0,ITA-Serie A,Fiorentina,"FW,MF",2,14500000.0,24700000.0,2029.0,87.0,86.0,79.0,71.0,80.0,70.0,75.0,CF,78.0,78.0,22.5,43.354430379747,86.7892374407225,17.208672086721002,0.0,,0.0,0.9974424552429667,0.5735294117647058,0.5370843989769821,3.19693094629156,0.43478260869565216,1.227621483375959,0.17902813299232737,1.0997442455242967,0.0,0.0,1.2020460358056266,0.2813299232736573,0.8951406649616368,0.0,0.2813299232736573,0.4092071611253197,True,71.0,5.0,41.0,41.0,32.0,69.0,39.1,5.0,False
Anthony Elanga,7.376328129321337,8.35542050935328,17.138541132211685,61.0,6.0,43.0,61.0,5.0,11.0,7.0,65.0,16.0,121.0,33.0,72.0,61.0,37.0,38.0,1947.0,6.0,12,42.5,42.5,23.0,ENG-Premier League,Newcastle,"FW,MF",2,24000000.0,47400000.0,2030.0,92.0,93.0,72.0,72.0,77.0,67.0,78.0,RM,79.0,82.0,38.24355971896949,45.487506552507,79.220523563321,6.818181818182,0.17356066186638439,0.12092341195608748,1.4352941176470588,1.011764705882353,0.7049180327868853,0.3764705882352941,2.847058823529412,0.7764705882352941,1.6941176470588235,0.8705882352941177,1.4352941176470588,0.1965981296318419,0.4032597913461573,1.5294117647058822,0.25882352941176473,0.8941176470588236,-1.3763281293213367,0.1411764705882353,0.4235294117647059,True,21.0,15.0,31.0,61.0,61.0,80.0,39.0,15.0,False
Brajan Gruda,4.544111154973507,5.34490623138845,12.698620829731226,32.0,4.0,21.0,33.0,4.0,9.0,3.0,40.0,9.0,68.0,24.0,24.0,39.0,8.0,34.0,856.0,4.0,7,24.0,16.0,21.0,ENG-Premier League,Brighton,"MF,FW",2,12500000.0,0.0,,76.0,78.0,68.0,62.0,65.0,51.0,74.0,CAM,75.0,85.0,35.4166666666665,47.7002164502165,78.3817126269955,11.363636363636552,0.18933796479056278,0.1420034735929221,1.3333333333333333,0.875,0.6363636363636364,0.375,2.8333333333333335,1.0,1.0,0.3333333333333333,1.625,0.22270442630785206,0.5291092012388011,1.6666666666666667,0.375,1.4166666666666667,-0.5441111549735069,0.16666666666666666,0.4583333333333333,True,39.0,11.0,34.0,44.0,74.0,50.0,38.8,11.0,True
Santiago Pierotti,8.030224877409637,5.465209469199181,14.667087408713996,64.0,5.0,53.0,65.0,5.0,8.0,10.0,47.0,42.0,261.0,129.0,36.0,111.0,102.0,61.0,2113.0,5.0,4,50.4,50.4,24.0,ITA-Serie A,Lecce,"MF,FW",2,2200000.0,4100000.0,2027.0,69.0,69.0,67.0,74.0,77.0,63.0,75.0,CAM,70.0,73.0,40.310559006210994,37.313388056836004,74.298406862745,7.7651515151515,0.15932985867876265,0.12547226370952558,1.2698412698412698,1.0515873015873016,0.8153846153846154,0.8333333333333334,5.178571428571429,2.5595238095238098,0.7142857142857143,2.0238095238095237,2.2023809523809526,0.10843669581744406,0.2910136390617857,0.9325396825396826,0.15873015873015872,1.2103174603174605,-3.030224877409637,0.09920634920634921,0.17857142857142858,True,22.0,22.0,93.0,25.0,30.0,31.0,38.6,22.0,False
Bamba Dieng,0.0,0.0,0.0,0.0,0.0,49.0,60.0,13.0,2.0,12.0,12.0,4.0,34.0,11.0,26.0,31.0,38.0,8.0,554.0,13.0,1,19.4,19.4,25.0,FRA-Ligue 1,Angers,FW,2,5500000.0,11400000.0,2029.0,80.0,82.0,74.0,69.0,69.0,72.0,75.0,ST,74.0,77.0,39.705882352941,36.677206093705,78.5260177369375,21.583850931677,0.0,,0.0,2.525773195876289,0.8166666666666667,0.2061855670103093,1.752577319587629,0.5670103092783506,1.3402061855670104,1.9587628865979383,1.597938144329897,0.0,0.0,0.6185567010309279,0.10309278350515465,0.4123711340206186,0.0,0.6701030927835052,0.7216494845360826,True,70.0,52.0,10.0,41.0,12.0,38.0,37.9,10.0,True
Gaetano Oristanio,8.092138422653079,2.9299946054816246,12.317715354263783,67.0,4.0,38.0,68.0,3.0,2.0,10.0,43.0,20.0,114.0,26.0,91.0,98.0,24.0,70.0,1308.0,4.0,3,35.2,35.2,22.0,ITA-Serie A,Parma,"FW,MF",2,4900000.0,0.0,,85.0,83.0,73.0,60.0,70.0,70.0,75.0,CAM,73.0,79.0,37.8351539225425,43.1332825590255,79.67999458764649,5.492424242424249,0.22989029609809883,0.12077818541273252,1.9034090909090908,1.0795454545454544,0.5588235294117647,0.5681818181818181,3.2386363636363633,0.7386363636363635,2.5852272727272725,0.6818181818181818,2.7840909090909087,0.08323848311027342,0.3499350952915847,1.221590909090909,0.056818181818181816,1.9886363636363635,-4.092138422653079,0.11363636363636363,0.19886363636363635,True,21.0,17.0,50.0,59.0,29.0,76.0,37.8,17.0,False
Rafa Mir,9.31771088205278,2.6447448674589396,14.425982078537345,96.0,8.0,68.0,96.0,8.0,5.0,17.0,13.0,16.0,55.0,28.0,23.0,33.0,31.0,7.0,1008.0,9.0,2,28.4,28.4,28.0,ESP-La Liga,Valencia,"FW,MF",2,6000000.0,0.0,,84.0,78.0,76.0,84.0,68.0,77.0,72.0,ST,75.0,75.0,33.480392156863,34.6491228070175,76.71875,7.64895330112735,0.3280884113398866,0.09705948835471645,3.3802816901408455,2.3943661971830985,0.7083333333333334,0.5633802816901409,1.9366197183098592,0.9859154929577465,0.8098591549295775,1.091549295774648,1.1619718309859155,0.09312481927672323,0.5079571154414558,0.45774647887323944,0.17605633802816903,0.24647887323943662,-1.3177108820527792,0.31690140845070425,0.38732394366197187,True,19.0,61.0,42.0,27.0,31.0,38.0,37.4,19.0,False
Lorenzo Colombo,13.60044851899147,4.536387652158736,22.810913474299014,122.0,11.0,86.0,122.0,11.0,7.0,17.0,40.0,28.0,127.0,51.0,96.0,101.0,115.0,43.0,1895.0,13.0,3,50.6,50.6,23.0,ITA-Serie A,Empoli,"FW,MF",2,4700000.0,9400000.0,2029.0,66.0,62.0,75.0,69.0,69.0,74.0,77.0,ST,72.0,79.0,31.22117090479,41.9097178943865,69.430652101953,10.6601731601735,0.2687835675690014,0.11147908622124156,2.411067193675889,1.699604743083004,0.7049180327868853,0.5533596837944664,2.509881422924901,1.007905138339921,1.8972332015810276,2.2727272727272725,1.9960474308300395,0.08965192988456,0.45080856668575126,0.7905138339920948,0.1383399209486166,0.849802371541502,-2.6004485189914703,0.25691699604743085,0.31620553359683795,True,30.0,39.0,46.0,48.0,27.0,20.0,37.3,20.0,False
Mathias Pereira Lage,0.0,0.0,0.0,0.0,0.0,50.0,79.0,2.0,13.0,13.0,47.0,24.0,143.0,75.0,60.0,41.0,85.0,25.0,1707.0,4.0,9,39.9,39.9,28.0,FRA-Ligue 1,Brest,"MF,FW",2,3100000.0,5600000.0,2028.0,84.0,78.0,69.0,64.0,68.0,68.0,74.0,RW,73.0,73.0,43.786795626577,47.881188899400996,69.78397747907451,5.10335917312665,0.0,,0.0,1.2531328320802007,0.6329113924050633,0.6015037593984962,3.5839598997493733,1.8796992481203008,1.5037593984962407,2.130325814536341,1.0275689223057645,0.0,0.0,1.1779448621553885,0.32581453634085217,0.6265664160401003,0.0,0.10025062656641605,0.32581453634085217,True,7.0,13.0,67.0,70.0,25.0,49.0,37.3,7.0,False
Nikola Štulić,4.71001955633983,2.100543244741857,6.266159004531801,33.0,3.0,24.0,33.0,4.0,2.0,4.0,20.0,12.0,39.0,12.0,26.0,18.0,50.0,4.0,549.0,4.0,0,19.0,19.0,23.0,ITA-Serie A,Lecce,FW,1,2500000.0,5000000.0,2029.0,56.0,44.0,75.0,79.0,66.0,73.0,74.0,ST,70.0,76.0,35.971223021583,40.20618556701,68.789808917197,12.121212121212,0.24789576612314895,0.14272786534363122,1.736842105263158,1.263157894736842,0.7272727272727273,0.631578947368421,2.0526315789473686,0.631578947368421,1.368421052631579,2.6315789473684212,0.9473684210526315,0.11055490761799247,0.329797842343779,1.0526315789473684,0.10526315789473684,0.21052631578947367,-1.7100195563398302,0.21052631578947367,0.21052631578947367,True,49.0,29.0,44.0,49.0,28.0,2.0,37.2,2.0,True
Mathias Honsak,6.067189423367382,2.5984112806618214,9.822511032223701,60.0,7.0,39.0,60.0,5.0,3.0,5.0,26.0,10.0,122.0,36.0,28.0,36.0,39.0,24.0,1311.0,7.0,2,27.0,27.0,28.0,GER-Bundesliga,Heidenheim,"MF,FW",2,2400000.0,4300000.0,2027.0,84.0,85.0,70.0,71.0,70.0,55.0,70.0,LM,72.0,72.0,45.0,42.297753925661,73.8766404199475,11.8464961067854,0.2247107193839771,0.1011198237227897,2.2222222222222223,1.4444444444444444,0.65,0.37037037037037035,4.518518518518518,1.3333333333333333,1.037037037037037,1.4444444444444444,1.3333333333333333,0.09623745483932672,0.36379670489717414,0.9629629629629629,0.1111111111111111,0.8888888888888888,0.932810576632618,0.25925925925925924,0.3333333333333333,True,24.0,27.0,48.0,49.0,27.0,62.0,37.1,24.0,False
Jørgen Strand Larsen,16.681553062051535,4.045188193209469,23.637788143008947,98.0,17.0,89.0,98.0,16.0,7.0,18.0,31.0,17.0,79.0,19.0,40.0,61.0,147.0,19.0,1622.0,18.0,5,54.3,44.3,25.0,ENG-Premier League,Wolves,FW,2,,,,,,,,,,,,,,39.667723376775996,26.3513513513515,64.845756331434,17.50841750841755,0.30721092195306693,0.1702199292046075,1.8047882136279927,1.6390423572744015,0.9081632653061225,0.3130755064456722,1.4548802946593002,0.34990791896869244,0.7366482504604052,2.707182320441989,1.1233885819521179,0.07449702013277108,0.43531838200753126,0.570902394106814,0.1289134438305709,0.34990791896869244,0.31844693794846535,0.33149171270718236,0.423572744014733,True,76.0,54.0,10.0,30.0,20.0,11.0,36.7,10.0,False
Ilyas Ansah,3.8260167790576816,1.5223449170589447,6.577519843354821,33.0,5.0,19.0,33.0,3.0,1.0,4.0,16.0,15.0,78.0,17.0,43.0,63.0,17.0,25.0,793.0,5.0,1,21.0,21.0,20.0,GER-Bundesliga,Union Berlin,"MF,FW",1,6500000.0,13000000.0,2030.0,83.0,82.0,74.0,80.0,58.0,65.0,75.0,ST,73.0,83.0,24.285714285714,36.681222707424,74.916387959866,15.151515151515,0.18219127519322292,0.11593990239568731,1.5714285714285714,0.9047619047619048,0.5757575757575758,0.7142857142857143,3.7142857142857144,0.8095238095238095,2.0476190476190474,0.8095238095238095,3.0,0.07249261509804499,0.31321523063594386,0.7619047619047619,0.047619047619047616,1.1904761904761905,1.1739832209423184,0.23809523809523808,0.2857142857142857,True,41.0,10.0,68.0,37.0,17.0,62.0,36.7,10.0,True
Lyle Foster,3.592184547334909,1.145955815911293,5.975080406293273,20.0,3.0,15.0,20.0,3.0,2.0,3.0,10.0,9.0,42.0,16.0,13.0,32.0,28.0,10.0,523.0,3.0,2,15.2,15.2,24.0,ENG-Premier League,Burnley,"FW,MF",1,4000000.0,7900000.0,2028.0,81.0,79.0,74.0,77.0,68.0,70.0,73.0,ST,73.0,75.0,28.571428571429,34.545454545455,70.0,15.0,0.2363279307457177,0.17960922736674545,1.3157894736842106,0.986842105263158,0.75,0.5921052631578948,2.763157894736842,1.0526315789473684,0.8552631578947368,1.842105263157895,2.1052631578947367,0.07539182999416402,0.3930973951508732,0.6578947368421053,0.13157894736842105,0.6578947368421053,-0.592184547334909,0.19736842105263158,0.32894736842105265,True,65.0,23.0,53.0,16.0,20.0,46.0,36.5,16.0,True
Andrea Pinamonti,17.943907929584384,3.6220212131738667,24.402752825058997,152.0,19.0,126.0,151.0,18.0,6.0,19.0,32.0,18.0,96.0,21.0,76.0,65.0,143.0,16.0,1818.0,19.0,4,60.099999999999994,60.099999999999994,26.0,ITA-Serie A,Sassuolo,FW,2,6500000.0,12200000.0,2027.0,69.0,70.0,78.0,68.0,62.0,78.0,74.0,ST,75.0,76.0,40.114533707498495,45.1596516690855,68.574481074481,12.5791139240505,0.29856751962702804,0.11805202585252884,2.5291181364392683,2.096505823627288,0.8344370860927153,0.2995008319467554,1.5973377703826956,0.34941763727121466,1.2645590682196342,2.3793677204658903,1.0815307820299502,0.060266575926353864,0.4060358207164559,0.5324459234608986,0.09983361064891848,0.2662229617304493,1.056092070415616,0.31613976705490854,0.38269550748752085,True,41.0,60.0,10.0,58.0,15.0,10.0,36.0,10.0,False
Eren Dinkçi,5.189162479713559,3.5644064471125603,13.216162528842688,43.0,3.0,27.0,43.0,3.0,6.0,5.0,34.0,15.0,136.0,46.0,11.0,24.0,10.0,27.0,1251.0,3.0,4,28.700000000000003,25.9,23.0,GER-Bundesliga,Heidenheim,"MF,FW",2,4800000.0,0.0,,85.0,84.0,74.0,59.0,75.0,64.0,74.0,CAM,73.0,79.0,29.285714285714498,40.776699029126,74.30068441562699,5.1724137931035,0.18080705504228428,0.1206781972026409,1.4982578397212543,0.940766550522648,0.627906976744186,0.5226480836236933,4.738675958188153,1.602787456445993,0.38327526132404177,0.3484320557491289,0.8362369337979093,0.1241953465892878,0.46049346790392637,1.1846689895470381,0.20905923344947733,0.940766550522648,-2.189162479713559,0.10452961672473866,0.2439024390243902,True,22.0,12.0,62.0,29.0,47.0,64.0,35.8,12.0,False
Goduine Koyalipou,9.144817044958472,1.2456885483115911,10.899056028574705,64.0,5.0,42.0,52.0,5.0,3.0,7.0,11.0,3.0,25.0,7.0,7.0,27.0,24.0,21.0,469.0,5.0,1,19.9,17.200000000000003,25.0,FRA-Ligue 1,Angers,FW,2,3100000.0,0.0,,75.0,73.0,73.0,78.0,68.0,71.0,73.0,ST,72.0,75.0,44.0650406504065,38.7700534759355,63.99782135076249,9.76190476190475,0.45953854497278757,0.14288776632747613,3.2160804020100504,2.1105527638190957,0.8076923076923077,0.15075376884422112,1.256281407035176,0.35175879396984927,0.35175879396984927,1.206030150753769,1.35678391959799,0.06259741448801966,0.5476912577173219,0.5527638190954774,0.15075376884422112,1.0552763819095479,-4.144817044958472,0.2512562814070352,0.30150753768844224,True,39.0,72.0,4.0,33.0,23.0,38.0,35.7,4.0,True
Gauthier Hein,3.4557200483977795,4.457953127101064,9.394331835210323,44.0,3.0,27.0,44.0,7.0,7.0,2.0,58.0,15.0,99.0,18.0,17.0,36.0,7.0,9.0,1847.0,8.0,7,26.1,26.1,28.0,FRA-Ligue 1,Metz,"MF,FW",1,7500000.0,15000000.0,2028.0,77.0,78.0,74.0,46.0,73.0,38.0,75.0,CAM,76.0,76.0,35.0,34.375,89.825783972125,18.181818181818,0.13240306698842066,0.07853909200904044,1.685823754789272,1.0344827586206895,0.6136363636363636,0.5747126436781609,3.7931034482758617,0.689655172413793,0.6513409961685823,0.2681992337164751,1.379310344827586,0.17080280180463844,0.35993608564024226,2.2222222222222223,0.2681992337164751,0.3448275862068965,-0.45572004839777946,0.3065134099616858,0.5747126436781609,True,36.0,10.0,55.0,23.0,63.0,29.0,35.3,10.0,False
Javi Puado,11.581855541095138,3.927182560786605,16.551777381449938,86.0,8.0,54.0,86.0,13.0,7.0,18.0,32.0,15.0,138.0,26.0,33.0,38.0,11.0,26.0,1376.0,14.0,4,40.5,40.5,27.0,ESP-La Liga,Espanyol,"MF,FW",2,,,,,,,,,,,,,,19.230769230769,38.030095759234,81.725423994975,15.1173708920185,0.2859717417554355,0.13467273884994346,2.123456790123457,1.3333333333333333,0.627906976744186,0.37037037037037035,3.4074074074074074,0.6419753086419753,0.8148148148148148,0.2716049382716049,0.9382716049382716,0.0969674706367063,0.4086858612703688,0.7901234567901234,0.1728395061728395,0.6419753086419753,-3.5818555410951376,0.345679012345679,0.4444444444444444,True,56.0,29.0,33.0,25.0,34.0,36.0,35.2,25.0,False
Carlos Martín,3.629629352129996,3.1670682169497018,6.5066955694928765,35.0,2.0,25.0,35.0,2.0,4.0,2.0,16.0,7.0,74.0,54.0,33.0,24.0,22.0,13.0,879.0,2.0,2,19.8,19.8,23.0,ESP-La Liga,Rayo Vallecano,"MF,FW",2,3200000.0,0.0,,76.0,74.0,73.0,69.0,62.0,63.0,67.0,ST,70.0,77.0,42.857142857143,39.6806282722515,75.503421309873,3.84615384615385,0.18331461374393918,0.10370369577514274,1.7676767676767675,1.2626262626262625,0.7142857142857143,0.35353535353535354,3.7373737373737375,2.727272727272727,1.6666666666666665,1.1111111111111112,1.2121212121212122,0.15995294024998494,0.32862098835822606,0.8080808080808081,0.20202020202020202,0.6565656565656566,-1.6296293521299958,0.10101010101010101,0.20202020202020202,True,13.0,22.0,47.0,58.0,39.0,32.0,35.1,13.0,True
Jan Thielmann,2.051962135359645,0.9982307981699704,7.126834977418184,27.0,3.0,22.0,28.0,3.0,1.0,3.0,14.0,6.0,61.0,18.0,23.0,16.0,19.0,8.0,727.0,3.0,1,17.1,17.1,23.0,GER-Bundesliga,Köln,"MF,FW",1,3500000.0,6600000.0,2028.0,81.0,84.0,69.0,58.0,62.0,60.0,67.0,RM,72.0,77.0,55.882352941176,46.601941747573,75.12315270936,10.714285714286,0.11999778569354648,0.07599859760591278,1.5789473684210524,1.286549707602339,0.7857142857142857,0.3508771929824561,3.567251461988304,1.0526315789473684,1.3450292397660817,1.111111111111111,0.935672514619883,0.058376070068419314,0.41677397528761306,0.8187134502923976,0.05847953216374269,0.4678362573099415,0.9480378646403551,0.17543859649122806,0.23391812865497075,True,15.0,24.0,38.0,73.0,21.0,45.0,35.0,15.0,True
Amin Sarr,6.41194935888052,3.489425959996879,12.441402991302311,42.0,4.0,30.0,42.0,3.0,3.0,6.0,37.0,15.0,82.0,37.0,42.0,47.0,104.0,24.0,1245.0,4.0,2,33.4,33.4,24.0,ITA-Serie A,Hellas Verona,"FW,MF",2,2900000.0,5400000.0,2029.0,85.0,86.0,68.0,71.0,65.0,64.0,68.0,ST,71.0,76.0,38.894230769231,41.605473965287004,73.0751064653505,8.695652173913,0.1919745317030096,0.15266546092572666,1.25748502994012,0.8982035928143713,0.7142857142857143,0.44910179640718567,2.4550898203592815,1.1077844311377245,1.25748502994012,3.1137724550898205,1.407185628742515,0.10447383113763112,0.3724970955479734,1.1077844311377245,0.08982035928143713,0.718562874251497,-2.41194935888052,0.11976047904191617,0.17964071856287425,True,36.0,16.0,38.0,46.0,30.0,62.0,34.7,16.0,False
Abdou Harroui,2.8633879851549864,1.7310461425222456,7.655804647598416,27.0,1.0,16.0,27.0,2.0,2.0,2.0,19.0,11.0,69.0,36.0,4.0,24.0,9.0,17.0,859.0,2.0,2,15.2,15.2,27.0,ITA-Serie A,Hellas Verona,"MF,FW",2,2000000.0,3600000.0,2028.0,69.0,72.0,65.0,66.0,72.0,57.0,71.0,CAM,71.0,71.0,29.7916666666665,38.744680851064004,81.864016767064,7.5,0.1883807884970386,0.10605140685759208,1.7763157894736843,1.0526315789473684,0.5925925925925926,0.7236842105263158,4.5394736842105265,2.368421052631579,0.2631578947368421,0.5921052631578948,1.5789473684210527,0.11388461463962143,0.5036713583946326,1.25,0.13157894736842105,1.118421052631579,-1.8633879851549864,0.13157894736842105,0.2631578947368421,True,13.0,13.0,84.0,18.0,48.0,31.0,34.6,13.0,True
Samuel Chukwueze,5.124004602432251,5.98281832691282,14.005427883937955,57.0,6.0,19.0,32.0,3.0,5.0,1.0,27.0,9.0,39.0,17.0,13.0,11.0,7.0,27.0,625.0,3.0,6,22.6,22.3,26.0,ITA-Serie A,Milan,"MF,FW",2,19000000.0,0.0,,87.0,89.0,75.0,58.0,72.0,44.0,77.0,LW,79.0,79.0,20.5882352941175,66.2626262626265,84.13867822318551,4.6875,0.22672586736425887,0.08989481758653071,2.5221238938053094,0.8407079646017699,0.59375,0.3982300884955752,1.725663716814159,0.7522123893805309,0.5752212389380531,0.30973451327433627,0.48672566371681414,0.26472647464216015,0.6197091984043342,1.1946902654867255,0.22123893805309733,1.1946902654867255,0.875995397567749,0.1327433628318584,0.3982300884955752,True,13.0,14.0,23.0,44.0,73.0,78.0,34.4,13.0,True
Ransford Königsdörffer,7.340213228948414,1.2930769845843315,10.459908859804273,65.0,5.0,53.0,65.0,4.0,0.0,11.0,20.0,10.0,53.0,6.0,32.0,25.0,46.0,15.0,805.0,5.0,1,25.9,25.9,23.0,GER-Bundesliga,Hamburger SV,"FW,MF",1,3200000.0,6400000.0,2029.0,81.0,85.0,70.0,64.0,66.0,68.0,69.0,ST,70.0,77.0,39.655172413793,40.458015267176,70.560747663551,7.6923076923077,0.28340591617561445,0.11292635736843715,2.50965250965251,2.0463320463320462,0.8153846153846154,0.3861003861003861,2.0463320463320462,0.23166023166023167,1.2355212355212355,1.776061776061776,0.9652509652509653,0.04992575230055334,0.40385748493452794,0.7722007722007722,0.0,0.5791505791505792,-2.3402132289484143,0.19305019305019305,0.23166023166023167,True,18.0,57.0,18.0,49.0,15.0,50.0,34.0,15.0,False
Amine Sbai,3.5869993288069963,2.760798776522279,8.644016150385141,34.0,3.0,22.0,34.0,2.0,4.0,4.0,29.0,13.0,74.0,20.0,24.0,43.0,3.0,37.0,1011.0,3.0,1,20.2,20.2,24.0,FRA-Ligue 1,Angers,"MF,FW",1,3000000.0,6200000.0,2027.0,76.0,74.0,65.0,56.0,69.0,38.0,71.0,RM,72.0,74.0,20.0,38.028169014085,72.145328719723,8.8235294117647,0.17757422419836616,0.1054999802590293,1.6831683168316833,1.0891089108910892,0.6470588235294118,0.6435643564356436,3.6633663366336635,0.9900990099009901,1.188118811881188,0.1485148514851485,2.128712871287129,0.13667320675852865,0.42792159160322485,1.4356435643564356,0.19801980198019803,1.8316831683168318,-0.5869993288069963,0.1485148514851485,0.19801980198019803,True,15.0,15.0,64.0,22.0,50.0,50.0,33.8,15.0,True
Sekou Mara,5.191138656809926,2.2091533560305834,7.708695709705353,52.0,4.0,37.0,52.0,4.0,3.0,3.0,14.0,8.0,46.0,22.0,43.0,40.0,54.0,28.0,820.0,4.0,3,22.1,22.1,23.0,FRA-Ligue 1,Strasbourg,"FW,MF",2,3300000.0,0.0,,76.0,77.0,70.0,73.0,68.0,73.0,69.0,ST,70.0,77.0,42.452574525745,44.2285714285715,71.4845465683445,7.17703349282295,0.23489315189185184,0.09982958955403703,2.352941176470588,1.67420814479638,0.7115384615384616,0.36199095022624433,2.0814479638009047,0.9954751131221719,1.9457013574660633,2.443438914027149,1.8099547511312215,0.09996169031812593,0.3488097606201517,0.6334841628959276,0.13574660633484162,1.2669683257918551,-1.191138656809926,0.18099547511312217,0.3167420814479638,True,13.0,37.0,26.0,63.0,23.0,47.0,33.8,13.0,True
Endrick,8.643455516546965,5.211985297501087,14.533445455133915,73.0,5.0,17.0,24.0,1.0,1.0,5.0,4.0,1.0,7.0,1.0,10.0,3.0,6.0,5.0,148.0,1.0,7,17.6,17.5,19.0,ESP-La Liga,Real Madrid,FW,2,30000000.0,0.0,,87.0,88.0,78.0,74.0,79.0,70.0,76.0,ST,78.0,89.0,30.0,70.0,40.1408450704225,2.08333333333335,0.49110542707653204,0.11840350022667075,4.1477272727272725,0.9659090909090908,0.7083333333333334,0.056818181818181816,0.3977272727272727,0.056818181818181816,0.5681818181818181,0.3409090909090909,0.17045454545454544,0.2961355282671072,0.825763946314427,0.22727272727272727,0.056818181818181816,0.28409090909090906,-3.6434555165469646,0.056818181818181816,0.45454545454545453,True,24.0,39.0,1.0,48.0,52.0,56.0,33.5,1.0,True
Bryan Zaragoza,4.434812248684466,6.633746693842113,13.690720867365599,68.0,1.0,45.0,68.0,2.0,8.0,2.0,54.0,10.0,87.0,23.0,56.0,20.0,3.0,84.0,1496.0,2.0,7,34.5,33.0,23.0,ESP-La Liga,Celta Vigo,"FW,MF",2,16500000.0,0.0,,82.0,85.0,72.0,33.0,58.0,42.0,70.0,RM,77.0,83.0,14.5833333333335,46.536271808999004,75.0833599622105,3.1135531135531,0.12854528257056422,0.06521782718653626,1.9710144927536233,1.3043478260869565,0.6617647058823529,0.2898550724637681,2.5217391304347827,0.6666666666666666,1.6231884057971016,0.08695652173913043,0.5797101449275363,0.1922825128649888,0.3968324889091478,1.565217391304348,0.2318840579710145,2.4347826086956523,-3.434812248684466,0.057971014492753624,0.2608695652173913,True,5.0,17.0,22.0,57.0,58.0,74.0,33.2,5.0,False
Adrián Liso,2.757198302075267,0.1507773920893669,3.0900558568537235,26.0,3.0,15.0,26.0,1.0,0.0,2.0,4.0,12.0,53.0,28.0,43.0,26.0,36.0,15.0,669.0,3.0,0,18.9,18.9,20.0,ESP-La Liga,Getafe,"FW,MF",1,5000000.0,0.0,,83.0,82.0,69.0,75.0,63.0,62.0,74.0,LM,72.0,83.0,30.508474576271,43.147208121827,68.978102189781,11.538461538462,0.14588350804631042,0.10604608854135641,1.3756613756613758,0.7936507936507937,0.5769230769230769,0.634920634920635,2.8042328042328046,1.4814814814814816,2.2751322751322753,1.9047619047619049,1.3756613756613758,0.007977639793088197,0.1634950188811494,0.21164021164021166,0.0,0.7936507936507937,0.24280169792473316,0.15873015873015875,0.15873015873015875,True,24.0,6.0,62.0,58.0,4.0,54.0,32.9,4.0,True
Hwang Hee-chan,2.6996215488761672,2.166634211316705,7.171300148591399,24.0,3.0,14.0,24.0,3.0,4.0,2.0,18.0,11.0,85.0,16.0,27.0,21.0,9.0,11.0,899.0,4.0,2,23.400000000000002,23.400000000000002,29.0,ENG-Premier League,Wolves,"MF,FW",2,4200000.0,8000000.0,2028.0,80.0,85.0,76.0,68.0,78.0,68.0,76.0,CF,74.0,74.0,27.5,36.4191037239635,79.49735449735451,25.263157894737,0.11536844225966525,0.11248423120317363,1.0256410256410255,0.5982905982905983,0.5833333333333334,0.47008547008547,3.632478632478632,0.6837606837606837,1.1538461538461537,0.3846153846153846,0.8974358974358974,0.092591205611825,0.3064658183158717,0.7692307692307692,0.17094017094017092,0.47008547008547,0.30037845112383277,0.17094017094017092,0.2564102564102564,True,52.0,4.0,44.0,34.0,27.0,44.0,32.3,4.0,True
Habib Diallo,5.168040789663792,0.7432543095201254,6.45493212621659,38.0,4.0,30.0,38.0,3.0,0.0,5.0,12.0,8.0,39.0,9.0,29.0,26.0,72.0,13.0,545.0,4.0,1,21.2,21.2,30.0,FRA-Ligue 1,Metz,FW,1,2300000.0,4600000.0,2028.0,71.0,69.0,71.0,81.0,61.0,77.0,72.0,ST,72.0,72.0,49.315068493151,44.347826086957,66.666666666667,10.526315789474,0.24377550894640526,0.13600107341220505,1.7924528301886793,1.4150943396226416,0.7894736842105263,0.37735849056603776,1.839622641509434,0.42452830188679247,1.3679245283018868,3.3962264150943398,1.2264150943396226,0.03505916554340214,0.3044779304819146,0.5660377358490566,0.0,0.6132075471698113,-1.1680407896637917,0.18867924528301888,0.2358490566037736,True,37.0,36.0,17.0,65.0,7.0,21.0,32.2,7.0,True
Arthur Atta,5.778392489999533,4.999579049646854,19.33616640418768,83.0,5.0,46.0,83.0,4.0,7.0,5.0,52.0,21.0,168.0,47.0,46.0,88.0,35.0,90.0,2549.0,5.0,4,42.3,42.3,22.0,ITA-Serie A,Udinese,"MF,FW",2,9500000.0,19000000.0,2029.0,72.0,70.0,66.0,72.0,76.0,60.0,70.0,CAM,74.0,82.0,44.451871657754,44.3439278428,82.7697159762545,4.3859649122807,0.13660502340424427,0.06961918662650039,1.9621749408983453,1.0874704491725768,0.5542168674698795,0.4964539007092199,3.9716312056737593,1.1111111111111112,1.0874704491725768,0.8274231678486998,2.080378250591017,0.11819335814767978,0.45711977314864494,1.2293144208037825,0.16548463356973997,2.127659574468085,-0.7783924899995327,0.1182033096926714,0.2127659574468085,True,2.0,10.0,53.0,46.0,48.0,44.0,31.7,2.0,False
Mamadou Sylla,1.99993778206408,0.9637680817395448,3.720175037160516,22.0,1.0,19.0,22.0,5.0,2.0,3.0,14.0,4.0,35.0,9.0,32.0,20.0,42.0,5.0,477.0,5.0,1,17.6,17.6,30.0,ESP-La Liga,Valladolid,"FW,MF",1,,,,,,,,,,,,,,41.176470588235,48.913043478261,65.037593984962,22.727272727273,0.11363282852636818,0.09090626282109454,1.25,1.0795454545454544,0.8636363636363636,0.22727272727272727,1.9886363636363635,0.5113636363636364,1.8181818181818181,2.3863636363636362,1.1363636363636362,0.05475955009883777,0.21137358165684747,0.7954545454545454,0.11363636363636363,0.28409090909090906,-0.99993778206408,0.28409090909090906,0.3409090909090909,True,46.0,23.0,12.0,74.0,14.0,7.0,31.6,7.0,True
Henrik Meister,5.431095716543496,1.0261001698672771,7.806203553453088,22.0,3.0,19.0,20.0,2.0,1.0,9.0,5.0,6.0,29.0,5.0,17.0,26.0,33.0,13.0,378.0,2.0,0,17.5,17.5,21.0,FRA-Ligue 1,Rennes,FW,2,2900000.0,5800000.0,2028.0,72.0,70.0,69.0,82.0,64.0,67.0,70.0,ST,69.0,76.0,42.307692307692,31.25,64.102564102564,10.0,0.3103483266596283,0.24686798711561345,1.2571428571428571,1.0857142857142856,0.95,0.34285714285714286,1.6571428571428573,0.2857142857142857,0.9714285714285714,1.8857142857142857,1.4857142857142858,0.05863429542098727,0.4460687744830336,0.2857142857142857,0.05714285714285714,0.7428571428571429,-2.4310957165434957,0.11428571428571428,0.11428571428571428,True,56.0,43.0,12.0,32.0,13.0,26.0,31.5,12.0,True
Jon Guridi,5.218675612471998,1.6836679391562939,11.24938383884728,39.0,2.0,31.0,39.0,3.0,2.0,6.0,28.0,14.0,150.0,68.0,22.0,24.0,70.0,17.0,1636.0,3.0,1,36.900000000000006,36.900000000000006,30.0,ESP-La Liga,Alavés,"MF,FW",2,,,,,,,,,,,,,,42.621259029928,43.4315684315685,78.9376401718175,6.25,0.14142752337322484,0.13381219519158968,1.0569105691056908,0.8401084010840107,0.7948717948717948,0.37940379403794033,4.0650406504065035,1.8428184281842817,0.5962059620596205,1.8970189701897016,0.6504065040650405,0.04562785742970985,0.3048613506462677,0.7588075880758807,0.054200542005420044,0.4607046070460704,-3.2186756124719977,0.08130081300813007,0.10840108401084009,True,29.0,17.0,50.0,47.0,16.0,21.0,31.3,16.0,False
Martin Satriano,5.176907339133322,2.6399495899677277,9.604317327030003,40.0,6.0,31.0,40.0,4.0,5.0,1.0,17.0,9.0,59.0,26.0,32.0,39.0,46.0,26.0,804.0,6.0,1,26.5,18.8,24.0,FRA-Ligue 1,Lens,FW,2,8000000.0,17400000.0,2030.0,74.0,69.0,77.0,79.0,69.0,73.0,77.0,ST,75.0,79.0,43.4684684684685,42.656537753223,64.479813664596,8.5714285714285,0.19535499392955932,0.12942268347833305,1.509433962264151,1.169811320754717,0.775,0.33962264150943394,2.2264150943396226,0.9811320754716981,1.2075471698113207,1.7358490566037736,1.471698113207547,0.0996207392440652,0.3624270689445284,0.6415094339622641,0.18867924528301888,0.9811320754716981,0.8230926608666778,0.22641509433962265,0.2641509433962264,True,34.0,24.0,25.0,50.0,24.0,32.0,31.2,24.0,False
Derek Cornelius,1.2505614198744297,0.1212597880512476,8.20582771860063,9.0,0.0,8.0,9.0,0.0,0.0,1.0,4.0,2.0,67.0,24.0,16.0,2.0,32.0,0.0,1541.0,0.0,0,16.400000000000002,16.400000000000002,27.0,FRA-Ligue 1,Marseille,"DF,FW",2,,,,,,,,,,,,,,33.3333333333335,77.536231884058,89.739102768056,0.0,0.07625374511429449,0.13895126887493664,0.548780487804878,0.4878048780487804,0.8888888888888888,0.1219512195121951,4.085365853658536,1.4634146341463412,0.9756097560975608,1.9512195121951217,0.1219512195121951,0.007393889515319974,0.5003553486951603,0.2439024390243902,0.0,0.0,-1.2505614198744297,0.0,0.0,True,28.0,19.0,39.0,58.0,21.0,0.0,30.6,0.0,True
Abdoul Ouattara,0.0,0.0,0.0,0.0,0.0,19.0,32.0,3.0,5.0,3.0,9.0,12.0,132.0,29.0,12.0,13.0,7.0,10.0,1452.0,3.0,1,24.8,24.8,19.0,FRA-Ligue 1,Strasbourg,"MF,FW",2,4000000.0,8400000.0,2029.0,76.0,77.0,61.0,64.0,67.0,50.0,64.0,RM,71.0,80.0,34.8484848484845,44.051204819277004,89.00067196632551,13.7037037037037,0.0,,0.0,0.7661290322580645,0.59375,0.48387096774193544,5.32258064516129,1.1693548387096775,0.48387096774193544,0.282258064516129,0.5241935483870968,0.0,0.0,0.3629032258064516,0.20161290322580644,0.4032258064516129,0.0,0.12096774193548386,0.16129032258064516,True,37.0,2.0,57.0,41.0,18.0,26.0,30.4,2.0,True
Elif Elmas,3.7008947171270843,1.7521770196035504,8.249431613832712,28.0,1.0,33.0,46.0,5.0,1.0,4.0,33.0,9.0,98.0,34.0,27.0,26.0,4.0,26.0,1506.0,5.0,3,31.6,31.1,25.0,ITA-Serie A,Torino,"MF,FW",2,11500000.0,0.0,,72.0,77.0,70.0,64.0,70.0,60.0,75.0,CAM,77.0,77.0,29.090909090909,47.276334776335005,86.5262748849165,12.37816764132535,0.11711692142807228,0.13217481132596728,0.8860759493670886,1.0443037974683544,0.717391304347826,0.28481012658227844,3.10126582278481,1.0759493670886076,0.8544303797468354,0.12658227848101264,0.8227848101265822,0.05544863986087185,0.2610579624630605,1.0443037974683544,0.03164556962025316,0.8227848101265822,-2.7008947171270843,0.1582278481012658,0.2531645569620253,True,39.0,14.0,32.0,45.0,23.0,32.0,30.3,14.0,False
Akor Adams,12.845878922380507,1.9279713416472077,15.625668522901831,87.0,10.0,43.0,63.0,9.0,1.0,10.0,13.0,19.0,52.0,8.0,12.0,33.0,62.0,17.0,699.0,10.0,4,36.3,34.8,25.0,FRA-Ligue 1,Montpellier,FW,2,7500000.0,16300000.0,2029.0,77.0,75.0,76.0,85.0,69.0,76.0,76.0,ST,75.0,78.0,40.288461538461505,40.5172413793105,68.96981014628051,8.1967213114755,0.3538809620490498,0.14765378071701732,2.396694214876033,1.1845730027548211,0.6825396825396826,0.5234159779614326,1.4325068870523416,0.22038567493112948,0.3305785123966942,1.7079889807162536,0.9090909090909092,0.05311215817209939,0.4304591879587282,0.3581267217630854,0.027548209366391185,0.46831955922865015,-2.845878922380507,0.27548209366391185,0.3856749311294766,True,41.0,33.0,24.0,37.0,13.0,31.0,30.2,13.0,False
Tim Skarke,2.7940087281167507,2.9028956098482013,8.291639303788543,34.0,1.0,17.0,32.0,1.0,3.0,2.0,26.0,8.0,83.0,21.0,24.0,26.0,17.0,15.0,788.0,1.0,3,19.8,19.8,28.0,GER-Bundesliga,Union Berlin,"MF,FW",2,3100000.0,5600000.0,2030.0,87.0,86.0,73.0,68.0,67.0,52.0,73.0,ST,73.0,73.0,20.8333333333335,42.8052325581395,71.0717610035015,3.57142857142855,0.14111155192508842,0.08217672729755149,1.7171717171717171,0.8585858585858586,0.53125,0.40404040404040403,4.191919191919192,1.0606060606060606,1.2121212121212122,0.8585858585858586,1.3131313131313131,0.14661088938627279,0.41876966180750214,1.3131313131313131,0.15151515151515152,0.7575757575757576,-1.7940087281167507,0.050505050505050504,0.20202020202020202,True,7.0,6.0,46.0,37.0,46.0,66.0,30.0,6.0,True
Joel Pohjanpalo,4.397692278958857,1.742062452249229,6.818921614438295,38.0,3.0,29.0,38.0,6.0,3.0,6.0,15.0,5.0,20.0,3.0,15.0,11.0,46.0,3.0,521.0,6.0,0,17.8,17.8,29.0,ITA-Serie A,Venezia,FW,1,,,,,,,,,,,,,,43.809523809524,38.888888888889,61.046511627907,15.789473684211,0.24706136398645262,0.11572874418312781,2.134831460674157,1.6292134831460674,0.7631578947368421,0.28089887640449435,1.1235955056179774,0.16853932584269662,0.8426966292134831,2.5842696629213484,0.6179775280898876,0.0978686770926533,0.3830854839572076,0.8426966292134831,0.16853932584269662,0.16853932584269662,-1.397692278958857,0.33707865168539325,0.33707865168539325,True,44.0,40.0,5.0,45.0,26.0,2.0,29.9,2.0,True
Sheraldo Becker,6.703554993495345,5.328561056405306,15.20565626397729,51.0,5.0,18.0,25.0,2.0,4.0,3.0,10.0,7.0,45.0,5.0,16.0,7.0,7.0,4.0,488.0,2.0,4,23.4,21.6,30.0,GER-Bundesliga,Mainz 05,FW,2,3000000.0,5100000.0,2030.0,92.0,90.0,71.0,73.0,71.0,65.0,71.0,RW,73.0,73.0,14.5833333333335,40.705128205128,74.08014571948999,4.54545454545455,0.28647670912373274,0.13144225477441854,2.1794871794871797,0.7692307692307693,0.72,0.29914529914529914,1.9230769230769231,0.2136752136752137,0.6837606837606838,0.29914529914529914,0.29914529914529914,0.22771628446176523,0.6498143702554398,0.4273504273504274,0.17094017094017094,0.17094017094017094,-1.7035549934953451,0.08547008547008547,0.25641025641025644,True,24.0,22.0,10.0,28.0,55.0,61.0,28.7,10.0,True
Abel Ruiz,3.7060789316892624,0.5706570446491241,6.139902455732226,28.0,3.0,25.0,28.0,4.0,0.0,6.0,10.0,7.0,26.0,7.0,14.0,19.0,13.0,8.0,492.0,4.0,0,17.1,17.1,25.0,ESP-La Liga,Girona,FW,2,3100000.0,6700000.0,2029.0,74.0,71.0,70.0,73.0,70.0,70.0,71.0,CAM,72.0,75.0,31.456043956044,41.7410714285715,83.6058700209645,8.695652173913,0.21672976208709135,0.1323599618460451,1.6374269005847952,1.461988304093567,0.8928571428571429,0.4093567251461988,1.5204678362573099,0.4093567251461988,0.8187134502923976,0.7602339181286549,1.111111111111111,0.0333717569970248,0.3590586231422354,0.5847953216374269,0.0,0.4678362573099415,-0.7060789316892624,0.23391812865497075,0.23391812865497075,True,29.0,41.0,18.0,35.0,16.0,22.0,28.1,16.0,True
Martijn Kaars,3.047006232663989,1.339794876985252,6.194270332343876,23.0,2.0,22.0,24.0,3.0,3.0,4.0,10.0,3.0,29.0,7.0,6.0,21.0,13.0,5.0,493.0,3.0,1,15.0,15.0,26.0,GER-Bundesliga,St Pauli,FW,1,2800000.0,5300000.0,2027.0,82.0,78.0,74.0,66.0,73.0,65.0,77.0,RM,72.0,73.0,25.490196078431,29.032258064516,78.851963746224,12.5,0.20313374884426594,0.13247853185495603,1.5333333333333334,1.4666666666666666,0.9166666666666666,0.2,1.9333333333333333,0.4666666666666667,0.4,0.8666666666666667,1.4,0.08931965846568346,0.4129513554895918,0.6666666666666666,0.2,0.3333333333333333,-1.047006232663989,0.2,0.26666666666666666,True,43.0,40.0,10.0,12.0,31.0,36.0,27.9,10.0,True
Antonio Sanabria,4.792860046029091,2.3032739125192165,6.658214060589671,31.0,3.0,26.0,31.0,3.0,3.0,5.0,15.0,1.0,35.0,5.0,28.0,32.0,55.0,13.0,712.0,3.0,2,25.1,25.1,29.0,ITA-Serie A,Cremonese,FW,2,5500000.0,9900000.0,2028.0,75.0,78.0,79.0,62.0,78.0,74.0,80.0,CF,75.0,75.0,36.799719887955,39.0594198817235,80.714285714286,9.429824561403649,0.19095059944339007,0.15460838858158357,1.2350597609561753,1.0358565737051793,0.8387096774193549,0.0398406374501992,1.394422310756972,0.199203187250996,1.1155378486055776,2.191235059760956,1.2749003984063745,0.09176390089717994,0.26526749245377174,0.597609561752988,0.1195219123505976,0.5179282868525896,-1.7928600460290909,0.1195219123505976,0.199203187250996,True,50.0,25.0,3.0,39.0,22.0,31.0,27.6,3.0,False
Johannes Eggestein,4.332561027258635,2.1683141449466348,8.224175401031971,36.0,2.0,28.0,36.0,3.0,5.0,9.0,24.0,10.0,58.0,5.0,12.0,30.0,29.0,7.0,761.0,3.0,4,20.6,20.6,26.0,GER-Bundesliga,St Pauli,FW,1,,,,,,,,,,,,,,25.217391304348,30.263157894737,78.388998035363,8.3333333333333,0.21031849646886575,0.12034891742385095,1.7475728155339805,1.3592233009708736,0.7777777777777778,0.48543689320388345,2.815533980582524,0.24271844660194172,0.5825242718446602,1.407766990291262,1.4563106796116503,0.10525796820129295,0.3992318155840762,1.1650485436893203,0.24271844660194172,0.3398058252427184,-2.3325610272586346,0.14563106796116504,0.3398058252427184,True,24.0,31.0,33.0,13.0,43.0,10.0,27.2,10.0,True
Karl Etta Eyong,0.0,0.0,0.0,0.0,0.0,1.0,2.0,1.0,0.0,0.0,0.0,0.0,0.0,0.0,1.0,0.0,1.0,0.0,10.0,1.0,2,18.9,16.099999999999998,21.0,ESP-La Liga,Villarreal,FW,2,12500000.0,30000000.0,2029.0,80.0,78.0,75.0,80.0,72.0,78.0,76.0,ST,75.0,84.0,100.0,50.0,0.0,50.0,0.0,,0.0,0.052910052910052914,0.5,0.0,0.0,0.0,0.052910052910052914,0.052910052910052914,0.0,0.0,0.0,0.0,0.0,0.0,0.0,0.052910052910052914,0.15873015873015875,True,78.0,0.0,0.0,62.0,0.0,29.0,27.2,0.0,True
Fer López,0.0,0.0,0.0,0.0,0.0,19.0,33.0,3.0,6.0,6.0,27.0,10.0,98.0,29.0,26.0,37.0,7.0,40.0,1212.0,3.0,1,23.1,20.5,21.0,ESP-La Liga,Celta Vigo,"FW,MF",2,7000000.0,0.0,,67.0,64.0,69.0,56.0,75.0,52.0,74.0,CAM,73.0,82.0,25.757575757575502,42.831262939959004,86.384009691096,8.84615384615385,0.0,,0.0,0.8225108225108224,0.5757575757575758,0.4329004329004329,4.242424242424242,1.2554112554112553,1.1255411255411254,0.30303030303030304,1.6017316017316017,0.0,0.0,1.1688311688311688,0.2597402597402597,1.7316017316017316,0.0,0.12987012987012986,0.17316017316017315,True,17.0,3.0,52.0,34.0,31.0,33.0,27.2,3.0,True
Zito Luvumbo,0.0,0.0,0.0,0.0,0.0,24.0,32.0,2.0,8.0,4.0,26.0,11.0,57.0,11.0,72.0,36.0,7.0,34.0,751.0,2.0,4,27.1,23.4,23.0,ESP-La Liga,Mallorca,"FW,MF",2,3800000.0,0.0,,86.0,89.0,68.0,68.0,60.0,54.0,71.0,LW,71.0,78.0,17.588932806324053,46.006668783741,71.61092200680801,4.3478260869565,0.0,,0.0,0.8856088560885609,0.75,0.4059040590405904,2.103321033210332,0.4059040590405904,2.6568265682656826,0.25830258302583026,1.3284132841328413,0.0,0.0,0.959409594095941,0.2952029520295203,1.2546125461254611,0.0,0.07380073800738007,0.22140221402214022,True,3.0,11.0,21.0,60.0,22.0,76.0,26.6,3.0,False
Sidiki Cherif,3.4971982957795262,0.7993522845208645,7.008465737104416,33.0,4.0,22.0,33.0,4.0,1.0,5.0,7.0,5.0,51.0,13.0,24.0,28.0,20.0,14.0,556.0,4.0,0,16.5,16.5,18.0,FRA-Ligue 1,Angers,FW,2,,,,,,,,,,,,,,24.561403508772003,41.284542969936,65.40350877193,7.142857142857,0.21195141186542582,0.10597570593271291,2.0,1.3333333333333333,0.6666666666666666,0.30303030303030304,3.090909090909091,0.7878787878787878,1.4545454545454546,1.2121212121212122,1.696969696969697,0.04844559300126451,0.42475549921844946,0.42424242424242425,0.06060606060606061,0.8484848484848485,0.5028017042204738,0.24242424242424243,0.24242424242424243,True,14.0,25.0,29.0,37.0,13.0,49.0,25.9,13.0,True
Adam Armstrong,5.219709197059274,3.506750232540071,8.892711356282234,44.0,3.0,34.0,44.0,3.0,6.0,8.0,15.0,5.0,38.0,20.0,8.0,27.0,14.0,16.0,687.0,4.0,4,26.6,26.6,28.0,ENG-Premier League,Wolves,"FW,MF",2,3100000.0,5900000.0,2029.0,76.0,84.0,74.0,63.0,66.0,69.0,75.0,ST,73.0,73.0,37.422360248447504,35.783542976938996,76.0320876540795,9.40170940170935,0.1962296690623787,0.11862975447861986,1.6541353383458646,1.2781954887218046,0.7727272727272727,0.18796992481203006,1.4285714285714286,0.7518796992481203,0.3007518796992481,0.5263157894736842,1.0150375939849623,0.13183271550902523,0.3343124570030915,0.5639097744360902,0.22556390977443608,0.6015037593984962,-2.2197091970592737,0.15037593984962405,0.3007518796992481,True,27.0,28.0,11.0,27.0,33.0,40.0,25.8,11.0,False
Irvin Cardona,4.266217227093875,2.1268459521234035,7.547399457544088,24.0,5.0,6.0,10.0,0.0,1.0,2.0,9.0,4.0,19.0,8.0,8.0,4.0,9.0,3.0,260.0,1.0,3,18.5,11.8,26.0,FRA-Ligue 1,Saint-Étienne,"FW,MF",1,,,,,,,,,,,,,,45.0,37.5,65.492957746479,10.0,0.23060633659966895,0.17775905112891147,1.2972972972972974,0.32432432432432434,0.6,0.21621621621621623,1.027027027027027,0.43243243243243246,0.43243243243243246,0.4864864864864865,0.21621621621621623,0.11496464606072451,0.40796753824562637,0.4864864864864865,0.05405405405405406,0.16216216216216217,0.7337827729061246,0.05405405405405406,0.21621621621621623,True,57.0,12.0,6.0,40.0,22.0,1.0,24.7,1.0,True
Jack Harrison,4.293319362215698,4.9827830363065,13.1957534737885,42.0,2.0,33.0,42.0,2.0,7.0,5.0,49.0,12.0,107.0,42.0,35.0,55.0,8.0,35.0,1630.0,2.0,3,37.0,34.0,28.0,ITA-Serie A,Fiorentina,"FW,MF",2,3100000.0,0.0,,76.0,74.0,66.0,62.0,72.0,45.0,72.0,RW,73.0,73.0,18.014705882353,36.4779874213835,77.98575616644399,5.57029177718835,0.11603565843826211,0.10222188957656424,1.135135135135135,0.8918918918918919,0.7857142857142857,0.32432432432432434,2.891891891891892,1.135135135135135,0.9459459459459459,0.21621621621621623,1.4864864864864864,0.13466981179206758,0.35664198577806755,1.3243243243243243,0.1891891891891892,0.9459459459459459,-2.2933193622156978,0.05405405405405406,0.13513513513513514,True,9.0,15.0,33.0,19.0,46.0,38.0,24.5,9.0,False
Chemsdine Talbi,2.32377387303859,0.6003798525780439,3.2277513165026903,25.0,4.0,16.0,25.0,2.0,0.0,2.0,12.0,4.0,61.0,11.0,1.0,11.0,1.0,16.0,637.0,4.0,1,17.3,17.3,20.0,ENG-Premier League,Sunderland,"MF,FW",1,16500000.0,34700000.0,2030.0,90.0,92.0,69.0,55.0,76.0,36.0,73.0,RM,76.0,86.0,7.1428571428571,36.363636363636,81.34328358209,16.0,0.13432218919298208,0.0929509549215436,1.445086705202312,0.9248554913294798,0.64,0.23121387283236994,3.5260115606936413,0.6358381502890174,0.057803468208092484,0.057803468208092484,0.6358381502890174,0.034704037721274214,0.18657522060709192,0.6936416184971098,0.0,0.9248554913294798,1.67622612696141,0.23121387283236994,0.2890173410404624,True,31.0,9.0,27.0,18.0,14.0,79.0,23.8,9.0,True
Arnaud Nordin,4.182161819189787,2.6165288453921676,7.613842404447496,48.0,4.0,10.0,14.0,0.0,0.0,0.0,6.0,6.0,30.0,12.0,16.0,6.0,3.0,5.0,372.0,0.0,3,25.4,19.3,27.0,FRA-Ligue 1,Rennes,"FW,MF",2,3200000.0,0.0,,76.0,78.0,71.0,67.0,68.0,68.0,71.0,RM,73.0,73.0,20.8333333333335,54.4722719141325,83.6742424242425,0.0,0.16465204012558218,0.08712837123312056,1.8897637795275593,0.3937007874015748,0.7142857142857143,0.2362204724409449,1.1811023622047245,0.4724409448818898,0.6299212598425197,0.11811023622047245,0.2362204724409449,0.10301294666898297,0.2997575749782479,0.2362204724409449,0.0,0.1968503937007874,-0.1821618191897869,0.0,0.11811023622047245,True,6.0,10.0,7.0,44.0,21.0,24.0,17.4,6.0,False
Idrissa Guèye,1.9142106398940089,1.693690698593855,9.138687188737094,29.0,2.0,17.0,20.0,1.0,0.0,3.0,4.0,0.0,6.0,6.0,9.0,6.0,21.0,2.0,173.0,1.0,0,29.5,4.7,18.0,ITA-Serie A,Udinese,FW,1,,,,,,,,,,,,,,51.219512195122,43.589743589744,67.605633802817,5.0,0.06488849626759352,0.06600726344462099,0.9830508474576272,0.576271186440678,0.85,0.0,0.2033898305084746,0.2033898305084746,0.3050847457627119,0.711864406779661,0.2033898305084746,0.05741324402013068,0.30978600639786763,0.13559322033898305,0.0,0.06779661016949153,0.08578936010599114,0.03389830508474576,0.03389830508474576,True,3.0,16.0,1.0,52.0,7.0,1.0,14.7,1.0,False
Elye Wahi,0.0,0.0,0.0,0.0,0.0,11.0,16.0,0.0,1.0,8.0,5.0,4.0,13.0,2.0,7.0,11.0,8.0,7.0,214.0,0.0,2,22.400000000000002,16.6,22.0,FRA-Ligue 1,Marseille,FW,2,8500000.0,0.0,,84.0,83.0,73.0,71.0,68.0,67.0,74.0,ST,74.0,81.0,31.4285714285715,42.5,76.90728703386901,0.0,0.0,,0.0,0.49107142857142855,0.6875,0.17857142857142855,0.5803571428571428,0.08928571428571427,0.31249999999999994,0.3571428571428571,0.49107142857142855,0.0,0.0,0.2232142857142857,0.04464285714285714,0.31249999999999994,0.0,0.0,0.08928571428571427,True,9.0,5.0,2.0,35.0,6.0,45.0,13.5,2.0,True
