season,competition,date,team,player,xg,x,y,situation,body_part,outcome,minute,source
2425,La Liga,2024-08-17 19:30:00,Barcelona,Ferrán Torres,0.2973440587520599,87.5,62.4000015258789,Open Play,Left Foot,saved,56,understat
2425,La Liga,2024-08-17 19:30:00,Barcelona,Iñigo Martínez,0.042281400412321,91.1999969482422,50.0,From Corner,,blocked,70,understat
2425,La Liga,2024-08-17 19:30:00,Barcelona,Lamine Yamal,0.0858810395002365,85.19999694824219,45.70000076293945,Open Play,Left Foot,blocked,5,understat
2425,La Liga,2024-08-17 19:30:00,Barcelona,Lamine Yamal,0.068770483136177,79.5,48.700000762939446,Open Play,Right Foot,missed,36,understat
2425,La Liga,2024-08-17 19:30:00,Barcelona,Lamine Yamal,0.0262617710977792,92.90000152587892,29.70000076293945,Open Play,Right Foot,missed,49,understat
2425,La Liga,2024-08-17 19:30:00,Barcelona,Lamine Yamal,0.4330646693706512,89.9000015258789,46.09999847412109,Open Play,Right Foot,saved,45,understat
2425,La Liga,2024-08-17 19:30:00,Barcelona,Marc Casadó,0.1116766706109047,89.4000015258789,53.29999923706055,Open Play,Right Foot,blocked,46,understat
2425,La Liga,2024-08-17 19:30:00,Barcelona,Marc Casadó,0.0135470628738403,76.19999694824219,34.200000762939446,From Corner,Right Foot,blocked,71,understat
2425,La Liga,2024-08-17 19:30:00,Barcelona,Marc Casadó,0.3763372600078583,90.80000305175781,49.0,Open Play,Left Foot,missed,90,understat
2425,La Liga,2024-08-17 19:30:00,Barcelona,Pau Cubarsí,0.0543228015303611,87.5,52.79999923706055,Set Piece,,missed,27,understat
2425,La Liga,2024-08-17 19:30:00,Barcelona,Pedri,0.0279299672693014,74.69999694824219,39.29999923706054,Open Play,Right Foot,missed,84,understat
2425,La Liga,2024-08-17 19:30:00,Barcelona,Raphinha,0.0170136447995901,75.80000305175781,28.29999923706054,Open Play,Left Foot,saved,18,understat
2425,La Liga,2024-08-17 19:30:00,Barcelona,Raphinha,0.0499978177249431,72.69999694824219,37.9000015258789,Direct Freekick,Left Foot,blocked,38,understat
2425,La Liga,2024-08-17 19:30:00,Barcelona,Robert Lewandowski,0.9050849676132202,97.5,51.59999847412109,Open Play,Right Foot,goal,50,understat
2425,La Liga,2024-08-17 19:30:00,Barcelona,Robert Lewandowski,0.7432776093482971,88.5,50.0,,Right Foot,goal,48,understat
2425,La Liga,2024-08-17 19:30:00,Barcelona,Robert Lewandowski,0.1240544021129608,88.0999984741211,46.599998474121094,Open Play,Left Foot,blocked,69,understat
2425,La Liga,2024-08-17 19:30:00,Barcelona,Robert Lewandowski,0.1158380135893821,88.5999984741211,59.299999237060554,Open Play,Left Foot,missed,93,understat
2425,La Liga,2024-08-17 19:30:00,Barcelona,Álex Balde,0.0193252712488174,72.30000305175781,29.89999961853027,From Corner,Left Foot,saved,6,understat
2425,La Liga,2024-08-17 19:30:00,Valencia,Hugo Duro,0.2800687551498413,90.5,48.099998474121094,From Corner,,missed,14,understat
2425,La Liga,2024-08-17 19:30:00,Valencia,Hugo Duro,0.5927295684814453,96.0999984741211,47.0,Open Play,,goal,43,understat
2425,La Liga,2024-08-17 19:30:00,Valencia,Hugo Duro,0.5904216170310974,93.3000030517578,51.900001525878906,Open Play,Left Foot,blocked,47,understat
2425,La Liga,2024-08-17 19:30:00,Valencia,Hugo Duro,0.0544906742870807,91.0,51.5,Set Piece,,missed,52,understat
2425,La Liga,2024-08-17 19:30:00,Valencia,Pepelu,0.0186321269720792,76.4000015258789,68.69999694824219,Open Play,Right Foot,missed,53,understat
2425,La Liga,2024-08-17 19:30:00,Valencia,Rafa Mir,0.0157161019742488,75.5999984741211,29.5,Open Play,Left Foot,blocked,16,understat
2425,La Liga,2024-08-24 17:00:00,Athletic Club,Alex Berenguer,0.0418743453919887,81.5,28.89999961853027,Open Play,Right Foot,blocked,7,understat
2425,La Liga,2024-08-24 17:00:00,Athletic Club,Beñat Prados,0.0176524426788091,71.80000305175781,48.099998474121094,Open Play,Right Foot,blocked,48,understat
2425,La Liga,2024-08-24 17:00:00,Athletic Club,Beñat Prados,0.0250563398003578,87.4000015258789,63.29999923706055,From Corner,Right Foot,saved,73,understat
2425,La Liga,2024-08-24 17:00:00,Athletic Club,Dani Vivian,0.0468125455081462,92.6999969482422,56.70000076293945,From Corner,,missed,17,understat
2425,La Liga,2024-08-24 17:00:00,Athletic Club,Nico Williams,0.0604924969375133,86.69999694824219,70.9000015258789,Open Play,Right Foot,missed,8,understat
2425,La Liga,2024-08-24 17:00:00,Athletic Club,Nico Williams,0.0562185682356357,85.30000305175781,70.9000015258789,Open Play,Right Foot,blocked,20,understat
2425,La Liga,2024-08-24 17:00:00,Athletic Club,Nico Williams,0.0501319468021392,88.80000305175781,68.4000015258789,Open Play,Right Foot,missed,65,understat
2425,La Liga,2024-08-24 17:00:00,Athletic Club,Oihan Sancet,0.7432776093482971,88.5,50.0,,Right Foot,goal,41,understat
2425,La Liga,2024-08-24 17:00:00,Athletic Club,Yeray Álvarez,0.058336291462183,91.1999969482422,50.0999984741211,Set Piece,,missed,84,understat
2425,La Liga,2024-08-24 17:00:00,Barcelona,Ferrán Torres,0.018958443775773,72.4000015258789,53.400001525878906,Open Play,Right Foot,saved,10,understat
2425,La Liga,2024-08-24 17:00:00,Barcelona,Lamine Yamal,0.0173272341489791,76.0,47.0,Set Piece,Left Foot,goal,23,understat
2425,La Liga,2024-08-24 17:00:00,Barcelona,Lamine Yamal,0.0266361404210329,79.5,38.900001525878906,Set Piece,Left Foot,missed,61,understat
2425,La Liga,2024-08-24 17:00:00,Barcelona,Raphinha,0.4130957126617431,88.30000305175781,53.900001525878906,Open Play,Left Foot,saved,19,understat
2425,La Liga,2024-08-24 17:00:00,Barcelona,Raphinha,0.0294706039130687,88.69999694824219,33.70000076293945,Open Play,Left Foot,missed,21,understat
2425,La Liga,2024-08-24 17:00:00,Barcelona,Raphinha,0.0379478260874748,87.0,28.10000038146972,From Corner,Left Foot,blocked,27,understat
2425,La Liga,2024-08-24 17:00:00,Barcelona,Raphinha,0.101958267390728,86.9000015258789,48.29999923706055,Open Play,Left Foot,blocked,48,understat
2425,La Liga,2024-08-24 17:00:00,Barcelona,Robert Lewandowski,0.5010791420936584,93.8000030517578,66.4000015258789,Open Play,Right Foot,post,36,understat
2425,La Liga,2024-08-24 17:00:00,Barcelona,Robert Lewandowski,0.4488051831722259,92.4000015258789,48.29999923706055,Set Piece,,post,56,understat
2425,La Liga,2024-08-24 17:00:00,Barcelona,Robert Lewandowski,0.3765912652015686,91.59999847412108,47.29999923706054,Open Play,Right Foot,saved,63,understat
2425,La Liga,2024-08-24 17:00:00,Barcelona,Robert Lewandowski,0.020850770175457,75.0,58.900001525878906,Open Play,Right Foot,blocked,68,understat
2425,La Liga,2024-08-24 17:00:00,Barcelona,Robert Lewandowski,0.0352673158049583,98.90000152587892,59.599998474121094,Open Play,,missed,70,understat
2425,La Liga,2024-08-24 17:00:00,Barcelona,Robert Lewandowski,0.3877777755260467,88.5,45.70000076293945,Open Play,Left Foot,goal,74,understat
2425,La Liga,2024-08-27 19:30:00,Barcelona,Dani Olmo,0.0110369473695755,70.19999694824219,44.0,Open Play,Right Foot,post,57,understat
2425,La Liga,2024-08-27 19:30:00,Barcelona,Dani Olmo,0.014485727995634,77.5999984741211,29.60000038146972,Open Play,Right Foot,blocked,78,understat
2425,La Liga,2024-08-27 19:30:00,Barcelona,Dani Olmo,0.0872543454170227,89.80000305175781,37.0,Open Play,Left Foot,goal,81,understat
2425,La Liga,2024-08-27 19:30:00,Barcelona,Ferrán Torres,0.0667605549097061,89.5999984741211,38.79999923706054,Open Play,Right Foot,missed,22,understat
2425,La Liga,2024-08-27 19:30:00,Barcelona,Ferrán Torres,0.0308404024690389,73.5999984741211,51.59999847412109,From Corner,Right Foot,blocked,35,understat
2425,La Liga,2024-08-27 19:30:00,Barcelona,Iñigo Martínez,0.0670447424054145,91.4000015258789,43.79999923706055,From Corner,Left Foot,saved,18,understat
2425,La Liga,2024-08-27 19:30:00,Barcelona,Jules Koundé,0.0270587094128131,81.5,31.0,Open Play,Right Foot,missed,18,understat
2425,La Liga,2024-08-27 19:30:00,Barcelona,Jules Koundé,0.0590536072850227,94.09999847412108,32.79999923706054,Open Play,Right Foot,blocked,47,understat
2425,La Liga,2024-08-27 19:30:00,Barcelona,Lamine Yamal,0.0962572246789932,86.80000305175781,41.29999923706055,Open Play,Left Foot,blocked,10,understat
2425,La Liga,2024-08-27 19:30:00,Barcelona,Lamine Yamal,0.0240620039403438,80.4000015258789,32.29999923706054,Open Play,Left Foot,saved,36,understat
2425,La Liga,2024-08-27 19:30:00,Barcelona,Lamine Yamal,0.0316043384373188,86.80000305175781,29.10000038146972,Open Play,Left Foot,blocked,58,understat
2425,La Liga,2024-08-27 19:30:00,Barcelona,Lamine Yamal,0.0433554649353027,79.0999984741211,47.9000015258789,From Corner,Left Foot,blocked,79,understat
2425,La Liga,2024-08-27 19:30:00,Barcelona,Lamine Yamal,0.0424920357763767,80.30000305175781,34.9000015258789,Open Play,Left Foot,blocked,93,understat
2425,La Liga,2024-08-27 19:30:00,Barcelona,Marc Bernal,0.0327208340167999,80.19999694824219,65.5,Open Play,Left Foot,blocked,56,understat
2425,La Liga,2024-08-27 19:30:00,Barcelona,Marc Bernal,0.0233426429331302,74.30000305175781,39.79999923706054,Open Play,Left Foot,saved,92,understat
2425,La Liga,2024-08-27 19:30:00,Barcelona,Pau Cubarsí,0.0166172832250595,96.0999984741211,60.599998474121094,From Corner,,blocked,80,understat
2425,La Liga,2024-08-27 19:30:00,Barcelona,Pedri,0.0146727906540036,71.9000015258789,50.59999847412109,Open Play,Right Foot,blocked,35,understat
2425,La Liga,2024-08-27 19:30:00,Barcelona,Pedri,0.1384546011686325,89.69999694824219,56.099998474121094,Open Play,Left Foot,goal,59,understat
2425,La Liga,2024-08-27 19:30:00,Barcelona,Raphinha,0.03413026034832,93.40000152587892,66.30000305175781,Open Play,Left Foot,blocked,46,understat
2425,La Liga,2024-08-27 19:30:00,Barcelona,Raphinha,0.0655864924192428,74.0999984741211,53.79999923706055,Direct Freekick,Left Foot,missed,52,understat
2425,La Liga,2024-08-27 19:30:00,Barcelona,Raphinha,0.535180926322937,93.90000152587892,50.29999923706055,Open Play,,missed,94,understat
2425,La Liga,2024-08-27 19:30:00,Barcelona,Robert Lewandowski,0.0567049831151962,84.0,67.80000305175781,Open Play,Right Foot,missed,53,understat
2425,La Liga,2024-08-27 19:30:00,Rayo Vallecano,Adrián Embarba,0.0249685905873775,86.5,24.29999923706054,Open Play,Left Foot,saved,78,understat
2425,La Liga,2024-08-27 19:30:00,Rayo Vallecano,Adrián Embarba,0.0521898157894611,87.5,34.200000762939446,Open Play,Left Foot,blocked,100,understat
2425,La Liga,2024-08-27 19:30:00,Rayo Vallecano,Alfonso Espino,0.0502657741308212,85.4000015258789,70.80000305175781,Open Play,Left Foot,saved,42,understat
2425,La Liga,2024-08-27 19:30:00,Rayo Vallecano,Gerard Gumbau,0.0484448932111263,89.4000015258789,69.4000015258789,Open Play,Left Foot,missed,97,understat
2425,La Liga,2024-08-27 19:30:00,Rayo Vallecano,Isi Palazón,0.0476927086710929,78.4000015258789,62.20000076293945,Open Play,Left Foot,missed,7,understat
2425,La Liga,2024-08-27 19:30:00,Rayo Vallecano,Unai López,0.1132662892341613,90.6999969482422,39.70000076293945,Open Play,Right Foot,goal,8,understat
2425,La Liga,2024-08-27 19:30:00,Rayo Vallecano,Álvaro García,0.0471941865980625,84.30000305175781,38.79999923706054,From Corner,Right Foot,saved,6,understat
2425,La Liga,2024-08-27 19:30:00,Rayo Vallecano,Álvaro García,0.008451085537672,65.5999984741211,91.4000015258789,Open Play,Left Foot,missed,32,understat
2425,La Liga,2024-08-31 15:00:00,Barcelona,Dani Olmo,0.3461118936538696,96.0999984741211,38.0,Open Play,Right Foot,post,3,understat
2425,La Liga,2024-08-31 15:00:00,Barcelona,Dani Olmo,0.021934650838375,72.5999984741211,36.4000015258789,Open Play,Right Foot,saved,38,understat
2425,La Liga,2024-08-31 15:00:00,Barcelona,Dani Olmo,0.1239202842116355,85.30000305175781,51.5,Open Play,Right Foot,post,40,understat
2425,La Liga,2024-08-31 15:00:00,Barcelona,Dani Olmo,0.1315528154373169,91.4000015258789,61.79999923706055,Open Play,Left Foot,blocked,49,understat
2425,La Liga,2024-08-31 15:00:00,Barcelona,Dani Olmo,0.0251557901501655,81.80000305175781,73.5,Open Play,Right Foot,missed,54,understat
2425,La Liga,2024-08-31 15:00:00,Barcelona,Dani Olmo,0.4376397430896759,94.1999969482422,61.70000076293945,Open Play,Right Foot,goal,81,understat
2425,La Liga,2024-08-31 15:00:00,Barcelona,Fermín López,0.0216809753328561,80.4000015258789,77.0,From Corner,Right Foot,missed,91,understat
2425,La Liga,2024-08-31 15:00:00,Barcelona,Ferrán Torres,0.4119284749031067,91.4000015258789,54.79999923706055,Open Play,Right Foot,goal,84,understat
2425,La Liga,2024-08-31 15:00:00,Barcelona,Iñigo Martínez,0.0585529692471027,90.5,56.49999999999999,Set Piece,Left Foot,blocked,15,understat
2425,La Liga,2024-08-31 15:00:00,Barcelona,Jules Koundé,0.0957972481846809,90.59999847412108,48.599998474121094,From Corner,Right Foot,goal,46,understat
2425,La Liga,2024-08-31 15:00:00,Barcelona,Pau Cubarsí,0.0634263232350349,92.09999847412108,48.79999923706055,From Corner,,missed,46,understat
2425,La Liga,2024-08-31 15:00:00,Barcelona,Raphinha,0.1175016239285469,90.0,55.79999923706055,Open Play,Left Foot,blocked,3,understat
2425,La Liga,2024-08-31 15:00:00,Barcelona,Raphinha,0.0267905425280332,76.19999694824219,52.79999923706055,Open Play,Left Foot,saved,9,understat
2425,La Liga,2024-08-31 15:00:00,Barcelona,Raphinha,0.3083865940570831,91.1999969482422,43.09999847412109,Open Play,Left Foot,goal,19,understat
2425,La Liga,2024-08-31 15:00:00,Barcelona,Raphinha,0.4759334921836853,90.80000305175781,61.0999984741211,Open Play,Left Foot,saved,54,understat
2425,La Liga,2024-08-31 15:00:00,Barcelona,Raphinha,0.6885185241699219,96.8000030517578,53.79999923706055,Open Play,Left Foot,goal,63,understat
2425,La Liga,2024-08-31 15:00:00,Barcelona,Raphinha,0.6527318358421326,90.9000015258789,53.400001525878906,Open Play,Left Foot,goal,71,understat
2425,La Liga,2024-08-31 15:00:00,Barcelona,Robert Lewandowski,0.0829405784606933,97.0,60.29999923706054,Open Play,Left Foot,missed,3,understat
2425,La Liga,2024-08-31 15:00:00,Barcelona,Robert Lewandowski,0.0563793703913688,81.5999984741211,53.400001525878906,Open Play,Right Foot,saved,13,understat
2425,La Liga,2024-08-31 15:00:00,Barcelona,Robert Lewandowski,0.1193411648273468,94.8000030517578,52.400001525878906,Set Piece,,blocked,16,understat
2425,La Liga,2024-08-31 15:00:00,Barcelona,Robert Lewandowski,0.3572301864624023,86.9000015258789,57.599998474121094,Open Play,Left Foot,goal,23,understat
2425,La Liga,2024-08-31 15:00:00,Barcelona,Robert Lewandowski,0.1399091184139251,80.30000305175781,49.0,Direct Freekick,Right Foot,blocked,45,understat
2425,La Liga,2024-08-31 15:00:00,Barcelona,Robert Lewandowski,0.2526031136512756,93.90000152587892,33.29999923706054,Open Play,Right Foot,post,56,understat
2425,La Liga,2024-08-31 15:00:00,Real Valladolid,Kike Pérez,0.0989784598350524,87.0999984741211,45.79999923706054,Open Play,Right Foot,missed,25,understat
2425,La Liga,2024-08-31 15:00:00,Real Valladolid,Raul Moro,0.2911761701107025,95.0,64.5999984741211,Open Play,Right Foot,saved,36,understat
2425,La Liga,2024-08-31 15:00:00,Real Valladolid,Raul Moro,0.0131497057154774,75.5999984741211,74.5,Open Play,Right Foot,blocked,78,understat
2425,La Liga,2024-08-31 15:00:00,Real Valladolid,Raul Moro,0.0191882364451885,78.69999694824219,65.5999984741211,Open Play,Right Foot,missed,78,understat
2425,La Liga,2024-09-15 14:15:00,Barcelona,Dani Olmo,0.1235633343458175,96.5,29.799999237060547,Open Play,Right Foot,goal,46,understat
2425,La Liga,2024-09-15 14:15:00,Barcelona,Hector Fort,0.0180027838796377,72.5,38.5,Open Play,Right Foot,missed,65,understat
2425,La Liga,2024-09-15 14:15:00,Barcelona,Iñigo Martínez,0.0351174846291542,80.5999984741211,55.50000000000001,From Corner,Left Foot,blocked,11,understat
2425,La Liga,2024-09-15 14:15:00,Barcelona,Jules Koundé,0.0275516510009765,88.80000305175781,27.39999961853027,Open Play,Right Foot,missed,25,understat
2425,La Liga,2024-09-15 14:15:00,Barcelona,Lamine Yamal,0.072391852736473,86.80000305175781,37.70000076293945,Open Play,Left Foot,saved,5,understat
2425,La Liga,2024-09-15 14:15:00,Barcelona,Lamine Yamal,0.4145822823047638,90.1999969482422,57.29999923706055,Open Play,Left Foot,goal,29,understat
2425,La Liga,2024-09-15 14:15:00,Barcelona,Lamine Yamal,0.065223105251789,84.4000015258789,45.400001525878906,Set Piece,Left Foot,goal,36,understat
2425,La Liga,2024-09-15 14:15:00,Barcelona,Lamine Yamal,0.1019189357757568,84.69999694824219,36.0,Open Play,Left Foot,saved,57,understat
2425,La Liga,2024-09-15 14:15:00,Barcelona,Lamine Yamal,0.0419332087039947,80.69999694824219,33.29999923706054,Open Play,Left Foot,missed,71,understat
2425,La Liga,2024-09-15 14:15:00,Barcelona,Marc Casadó,0.0160370431840419,73.5999984741211,44.20000076293945,From Corner,Right Foot,missed,58,understat
2425,La Liga,2024-09-15 14:15:00,Barcelona,Pau Victor,0.0887601599097251,92.6999969482422,66.0,Open Play,Right Foot,blocked,69,understat
2425,La Liga,2024-09-15 14:15:00,Barcelona,Pau Victor,0.0887742936611175,82.5999984741211,60.90000152587891,Open Play,Right Foot,missed,82,understat
2425,La Liga,2024-09-15 14:15:00,Barcelona,Pau Victor,0.1355976462364196,87.9000015258789,35.700000762939446,Open Play,Right Foot,saved,93,understat
2425,La Liga,2024-09-15 14:15:00,Barcelona,Pedri,0.5723431706428528,95.5999984741211,57.900001525878906,Open Play,Left Foot,goal,63,understat
2425,La Liga,2024-09-15 14:15:00,Barcelona,Raphinha,0.0107010118663311,48.200000762939446,59.099998474121094,Open Play,Left Foot,missed,41,understat
2425,La Liga,2024-09-15 14:15:00,Barcelona,Robert Lewandowski,0.0411420501768589,87.9000015258789,51.59999847412109,From Corner,,saved,15,understat
2425,La Liga,2024-09-15 14:15:00,Barcelona,Robert Lewandowski,0.5311776995658875,91.1999969482422,52.09999847412109,Open Play,Left Foot,saved,55,understat
2425,La Liga,2024-09-15 14:15:00,Barcelona,Robert Lewandowski,0.1075811609625816,82.0,55.400001525878906,Open Play,Right Foot,missed,59,understat
2425,La Liga,2024-09-15 14:15:00,Barcelona,Álex Balde,0.037704300135374,90.80000305175781,75.69999694824219,Open Play,Left Foot,missed,22,understat
2425,La Liga,2024-09-15 14:15:00,Barcelona,Álex Balde,0.0634935945272445,90.1999969482422,65.69999694824219,Open Play,Left Foot,missed,29,understat
2425,La Liga,2024-09-15 14:15:00,Girona,Abel Ruiz,0.0811097845435142,93.1999969482422,57.20000076293945,Open Play,Right Foot,missed,49,understat
2425,La Liga,2024-09-15 14:15:00,Girona,Alejandro Francés,0.0184939838945865,78.80000305175781,30.0,Open Play,Right Foot,blocked,41,understat
2425,La Liga,2024-09-15 14:15:00,Girona,Bryan Gil Salvatierra,0.023484906181693,84.4000015258789,25.20000076293945,Open Play,Left Foot,saved,34,understat
2425,La Liga,2024-09-15 14:15:00,Girona,Bryan Gil Salvatierra,0.3202249407768249,91.9000015258789,49.79999923706055,Open Play,Left Foot,saved,43,understat
2425,La Liga,2024-09-15 14:15:00,Girona,Cristhian Stuani,0.492555171251297,92.59999847412108,47.4000015258789,Open Play,Right Foot,goal,79,understat
2425,La Liga,2024-09-15 14:15:00,Girona,Cristhian Stuani,0.0577910952270031,88.80000305175781,42.9000015258789,Open Play,Right Foot,missed,88,understat
2425,La Liga,2024-09-15 14:15:00,Girona,Donny van de Beek,0.0468229763209819,89.80000305175781,62.70000076293945,Open Play,Right Foot,blocked,88,understat
2425,La Liga,2024-09-15 14:15:00,Girona,Miguel Gutiérrez,0.0365502499043941,79.19999694824219,40.5,Open Play,Left Foot,saved,16,understat
2425,La Liga,2024-09-15 14:15:00,Girona,Viktor Tsygankov,0.0186434797942638,85.69999694824219,24.29999923706054,Open Play,Left Foot,missed,62,understat
2425,La Liga,2024-09-22 16:30:00,Barcelona,Eric Garcia,0.0163489487022161,91.09999847412108,59.299999237060554,From Corner,,blocked,34,understat
2425,La Liga,2024-09-22 16:30:00,Barcelona,Eric Garcia,0.2388002574443817,97.5999984741211,58.799999237060554,From Corner,,saved,34,understat
2425,La Liga,2024-09-22 16:30:00,Barcelona,Jules Koundé,0.0437976904213428,82.80000305175781,28.499999999999996,Open Play,Right Foot,blocked,60,understat
2425,La Liga,2024-09-22 16:30:00,Barcelona,Lamine Yamal,0.0254195854067802,85.19999694824219,23.29999923706054,Open Play,Left Foot,post,16,understat
2425,La Liga,2024-09-22 16:30:00,Barcelona,Lamine Yamal,0.1239221319556236,90.4000015258789,40.200000762939446,Open Play,Left Foot,blocked,72,understat
2425,La Liga,2024-09-22 16:30:00,Barcelona,Pablo Torre,0.0415216758847236,80.19999694824219,37.0,Open Play,Left Foot,goal,57,understat
2425,La Liga,2024-09-22 16:30:00,Barcelona,Pedri,0.0592831671237945,88.19999694824219,40.4000015258789,From Corner,Left Foot,missed,17,understat
2425,La Liga,2024-09-22 16:30:00,Barcelona,Raphinha,0.0859944224357605,89.4000015258789,59.0,Open Play,,saved,4,understat
2425,La Liga,2024-09-22 16:30:00,Barcelona,Raphinha,0.498858243227005,91.6999969482422,52.09999847412109,Open Play,Right Foot,blocked,16,understat
2425,La Liga,2024-09-22 16:30:00,Barcelona,Raphinha,0.0459878705441951,78.0,37.0,Open Play,Left Foot,missed,62,understat
2425,La Liga,2024-09-22 16:30:00,Barcelona,Raphinha,0.4034579992294311,86.30000305175781,43.70000076293945,Open Play,Left Foot,saved,66,understat
2425,La Liga,2024-09-22 16:30:00,Barcelona,Raphinha,0.0661450996994972,84.19999694824219,65.4000015258789,Open Play,Left Foot,goal,74,understat
2425,La Liga,2024-09-22 16:30:00,Barcelona,Raphinha,0.4411676228046417,85.69999694824219,56.900001525878906,Open Play,Left Foot,goal,82,understat
2425,La Liga,2024-09-22 16:30:00,Barcelona,Robert Lewandowski,0.437705934047699,90.6999969482422,44.0,Open Play,Right Foot,goal,19,understat
2425,La Liga,2024-09-22 16:30:00,Barcelona,Robert Lewandowski,0.4319226443767547,95.19999694824219,56.29999923706055,Open Play,Right Foot,saved,28,understat
2425,La Liga,2024-09-22 16:30:00,Barcelona,Robert Lewandowski,0.6604969501495361,96.0,51.0,From Corner,Right Foot,goal,34,understat
2425,La Liga,2024-09-22 16:30:00,Barcelona,Robert Lewandowski,0.7432776093482971,88.5,50.0,,Right Foot,post,66,understat
2425,La Liga,2024-09-22 16:30:00,Villarreal,Ayoze Pérez,0.4979294538497925,90.80000305175781,43.0,Open Play,Right Foot,goal,37,understat
2425,La Liga,2024-09-22 16:30:00,Villarreal,Ayoze Pérez,0.4831338822841644,91.09999847412108,47.700000762939446,Open Play,Right Foot,missed,49,understat
2425,La Liga,2024-09-22 16:30:00,Villarreal,Daniel Parejo,0.0689506754279136,83.0999984741211,52.79999923706055,Open Play,Right Foot,missed,23,understat
2425,La Liga,2024-09-22 16:30:00,Villarreal,Logan Costa,0.1009248718619346,92.30000305175781,54.599998474121094,From Corner,,missed,48,understat
2425,La Liga,2024-09-22 16:30:00,Villarreal,Nicolas Pepe,0.2164663523435592,90.09999847412108,54.29999923706055,Open Play,,missed,5,understat
2425,La Liga,2024-09-22 16:30:00,Villarreal,Nicolas Pepe,0.1000832319259643,91.4000015258789,34.79999923706054,Open Play,Right Foot,saved,12,understat
2425,La Liga,2024-09-22 16:30:00,Villarreal,Nicolas Pepe,0.52866530418396,82.4000015258789,57.900001525878906,Open Play,Left Foot,saved,42,understat
2425,La Liga,2024-09-22 16:30:00,Villarreal,Nicolas Pepe,0.0472439527511596,86.80000305175781,30.70000076293945,Open Play,Right Foot,saved,50,understat
2425,La Liga,2024-09-22 16:30:00,Villarreal,Sergi Cardona,0.0602435730397701,86.0999984741211,59.400001525878906,Open Play,Left Foot,missed,31,understat
2425,La Liga,2024-09-22 16:30:00,Villarreal,Thierno Barry,0.1111866384744644,85.4000015258789,28.799999237060547,Open Play,Right Foot,missed,92,understat
2425,La Liga,2024-09-22 16:30:00,Villarreal,Yeremi Pino,0.0772925987839698,86.0,41.29999923706055,Open Play,Right Foot,blocked,49,understat
2425,La Liga,2024-09-22 16:30:00,Villarreal,Yeremi Pino,0.0562526918947696,90.1999969482422,43.0,From Corner,,post,51,understat
2425,La Liga,2024-09-22 16:30:00,Villarreal,Álex Baena,0.0529802255332469,92.59999847412108,68.69999694824219,Open Play,Left Foot,blocked,12,understat
2425,La Liga,2024-09-25 19:00:00,Barcelona,Eric Garcia,0.5537927746772766,96.0999984741211,49.5,Set Piece,Left Foot,missed,77,understat
2425,La Liga,2024-09-25 19:00:00,Barcelona,Lamine Yamal,0.0296248085796833,78.19999694824219,29.39999961853027,Open Play,Left Foot,missed,40,understat
2425,La Liga,2024-09-25 19:00:00,Barcelona,Lamine Yamal,0.0301097277551889,78.30000305175781,32.70000076293945,Open Play,Left Foot,saved,58,understat
2425,La Liga,2024-09-25 19:00:00,Barcelona,Lamine Yamal,0.0433875881135463,81.69999694824219,51.20000076293946,From Corner,Left Foot,missed,70,understat
2425,La Liga,2024-09-25 19:00:00,Barcelona,Marc Casadó,0.0631099641323089,80.19999694824219,47.200000762939446,Open Play,Right Foot,blocked,38,understat
2425,La Liga,2024-09-25 19:00:00,Barcelona,Marc Casadó,0.0278876367956399,80.0,60.5,From Corner,Left Foot,missed,55,understat
2425,La Liga,2024-09-25 19:00:00,Barcelona,Raphinha,0.0742484852671623,92.09999847412108,67.9000015258789,Open Play,Left Foot,missed,28,understat
2425,La Liga,2024-09-25 19:00:00,Barcelona,Raphinha,0.0441122651100158,70.19999694824219,48.5,Direct Freekick,Left Foot,blocked,54,understat
2425,La Liga,2024-09-25 19:00:00,Barcelona,Raphinha,0.0555500797927379,75.5999984741211,31.79999923706054,Direct Freekick,Left Foot,saved,70,understat
2425,La Liga,2024-09-25 19:00:00,Barcelona,Raphinha,0.4043972492218017,92.30000305175781,52.09999847412109,Open Play,,missed,81,understat
2425,La Liga,2024-09-25 19:00:00,Barcelona,Robert Lewandowski,0.0815580487251281,86.0,55.50000000000001,Open Play,Right Foot,blocked,4,understat
2425,La Liga,2024-09-25 19:00:00,Barcelona,Robert Lewandowski,0.618407130241394,96.0999984741211,48.200000762939446,Open Play,Right Foot,goal,18,understat
2425,La Liga,2024-09-25 19:00:00,Barcelona,Robert Lewandowski,0.0898808687925338,91.6999969482422,65.4000015258789,Open Play,Left Foot,saved,32,understat
2425,La Liga,2024-09-25 19:00:00,Barcelona,Robert Lewandowski,0.053520705550909,80.4000015258789,51.0,Open Play,Right Foot,blocked,67,understat
2425,La Liga,2024-09-25 19:00:00,Barcelona,Álex Balde,0.0384039841592311,76.9000015258789,54.50000000000001,Open Play,Left Foot,blocked,20,understat
2425,La Liga,2024-09-25 19:00:00,Getafe,Bertug Yildirim,0.0775785595178604,88.4000015258789,34.4000015258789,Open Play,Right Foot,blocked,88,understat
2425,La Liga,2024-09-25 19:00:00,Getafe,Borja Mayoral,0.2740881443023681,87.80000305175781,48.29999923706055,Open Play,Right Foot,missed,93,understat
2425,La Liga,2024-09-25 19:00:00,Getafe,Carles Pérez,0.4398387670516968,93.0,49.5,Open Play,,saved,7,understat
2425,La Liga,2024-09-25 19:00:00,Getafe,Carles Pérez,0.0713128000497818,89.9000015258789,34.200000762939446,Open Play,Right Foot,blocked,11,understat
2425,La Liga,2024-09-25 19:00:00,Getafe,Juan Iglesias,0.0092378426343202,48.200000762939446,73.80000305175781,Open Play,Right Foot,missed,21,understat
2425,La Liga,2024-09-25 19:00:00,Getafe,Luis Milla,0.0148359611630439,73.19999694824219,69.5999984741211,Open Play,Right Foot,blocked,10,understat
2425,La Liga,2024-09-25 19:00:00,Getafe,Omar Alderete,0.0429587699472904,88.30000305175781,53.79999923706055,From Corner,,missed,86,understat
2425,La Liga,2024-09-28 19:00:00,Barcelona,Eric Garcia,0.0391711443662643,86.0999984741211,49.9000015258789,From Corner,,saved,43,understat
2425,La Liga,2024-09-28 19:00:00,Barcelona,Ferrán Torres,0.0874828770756721,89.9000015258789,33.900001525878906,Open Play,Right Foot,saved,65,understat
2425,La Liga,2024-09-28 19:00:00,Barcelona,Ferrán Torres,0.2353534549474716,94.59999847412108,58.70000076293945,From Corner,,post,95,understat
2425,La Liga,2024-09-28 19:00:00,Barcelona,Jules Koundé,0.0529595203697681,87.9000015258789,44.5,Open Play,,saved,46,understat
2425,La Liga,2024-09-28 19:00:00,Barcelona,Lamine Yamal,0.020485745742917,79.80000305175781,21.79999923706054,From Corner,Left Foot,blocked,80,understat
2425,La Liga,2024-09-28 19:00:00,Barcelona,Lamine Yamal,0.0396330170333385,79.80000305175781,39.70000076293945,Open Play,Left Foot,goal,88,understat
2425,La Liga,2024-09-28 19:00:00,Barcelona,Lamine Yamal,0.0314985439181327,77.9000015258789,40.599998474121094,From Corner,Left Foot,blocked,90,understat
2425,La Liga,2024-09-28 19:00:00,Barcelona,Marc Casadó,0.0126110315322875,71.30000305175781,62.29999923706055,Open Play,Right Foot,missed,86,understat
2425,La Liga,2024-09-28 19:00:00,Barcelona,Pau Victor,0.0198858398944139,78.0,70.19999694824219,Open Play,Right Foot,goal,52,understat
2425,La Liga,2024-09-28 19:00:00,Barcelona,Raphinha,0.0238091982901096,84.19999694824219,25.79999923706054,Open Play,Left Foot,missed,96,understat
2425,La Liga,2024-09-28 19:00:00,Barcelona,Robert Lewandowski,0.0706240013241767,78.0999984741211,67.80000305175781,Direct Freekick,Right Foot,missed,51,understat
2425,La Liga,2024-09-28 19:00:00,Barcelona,Robert Lewandowski,0.118299126625061,91.4000015258789,48.5,Open Play,Right Foot,saved,52,understat
2425,La Liga,2024-09-28 19:00:00,Osasuna,Abel Bretones,0.0386169329285621,76.4000015258789,48.0,Open Play,Left Foot,goal,84,understat
2425,La Liga,2024-09-28 19:00:00,Osasuna,Ante Budimir,0.4489103555679321,93.1999969482422,52.400001525878906,Open Play,,goal,17,understat
2425,La Liga,2024-09-28 19:00:00,Osasuna,Ante Budimir,0.1075535342097282,86.69999694824219,47.29999923706054,Open Play,Left Foot,missed,62,understat
2425,La Liga,2024-09-28 19:00:00,Osasuna,Ante Budimir,0.7432776093482971,88.5,50.0,,Left Foot,goal,71,understat
2425,La Liga,2024-09-28 19:00:00,Osasuna,Bryan Zaragoza,0.8410021662712097,92.30000305175781,58.70000076293945,Open Play,Right Foot,goal,27,understat
2425,La Liga,2024-09-28 19:00:00,Osasuna,Jesús Areso,0.0444806851446628,84.4000015258789,31.600000381469727,Open Play,Right Foot,missed,14,understat
2425,La Liga,2024-09-28 19:00:00,Osasuna,Juan Cruz,0.0587539002299308,89.9000015258789,72.0,Open Play,Left Foot,missed,59,understat
2425,La Liga,2024-09-28 19:00:00,Osasuna,Pablo Ibáñez,0.050652552396059,90.5,40.4000015258789,Open Play,,missed,21,understat
2425,La Liga,2024-09-28 19:00:00,Osasuna,Pablo Ibáñez,0.0261295326054096,87.5,23.70000076293945,Open Play,Right Foot,missed,44,understat
2425,La Liga,2024-09-28 19:00:00,Osasuna,Raul García,0.1334033757448196,91.0,38.79999923706054,Open Play,Right Foot,saved,82,understat
2425,La Liga,2024-09-28 19:00:00,Osasuna,Rubén García,0.0078875534236431,61.5,30.899999618530273,Open Play,Left Foot,blocked,25,understat
2425,La Liga,2024-10-06 14:15:00,Alaves,Abdelkabir Abqar,0.1069496423006057,91.9000015258789,47.599998474121094,From Corner,,blocked,39,understat
2425,La Liga,2024-10-06 14:15:00,Alaves,Ander Guevara,0.0368802435696125,78.9000015258789,56.99999999999999,Open Play,Left Foot,blocked,46,understat
2425,La Liga,2024-10-06 14:15:00,Alaves,Antonio Blanco,0.0135856634005904,86.0999984741211,45.20000076293945,From Corner,,missed,36,understat
2425,La Liga,2024-10-06 14:15:00,Alaves,Antonio Blanco,0.0588319487869739,81.0,51.59999847412109,Open Play,Right Foot,missed,67,understat
2425,La Liga,2024-10-06 14:15:00,Alaves,Antonio Martínez,0.0299448259174823,86.80000305175781,26.5,Open Play,Right Foot,missed,22,understat
2425,La Liga,2024-10-06 14:15:00,Alaves,Antonio Martínez,0.0795398652553558,89.0,56.79999923706055,From Corner,Right Foot,blocked,49,understat
2425,La Liga,2024-10-06 14:15:00,Alaves,Carlos Vicente,0.0418339557945728,85.0999984741211,34.9000015258789,Open Play,Right Foot,missed,74,understat
2425,La Liga,2024-10-06 14:15:00,Alaves,Kike García,0.3157688975334167,87.4000015258789,44.79999923706054,Open Play,Right Foot,saved,77,understat
2425,La Liga,2024-10-06 14:15:00,Alaves,Manuel Sánchez,0.0514783151447773,84.4000015258789,58.5,From Corner,Left Foot,missed,36,understat
2425,La Liga,2024-10-06 14:15:00,Alaves,Stoichkov,0.0512109324336051,80.5999984741211,49.0,Open Play,Left Foot,blocked,47,understat
2425,La Liga,2024-10-06 14:15:00,Alaves,Tomás Conechny,0.0088045261800289,75.30000305175781,75.5999984741211,Open Play,Left Foot,saved,70,understat
2425,La Liga,2024-10-06 14:15:00,Barcelona,Anssumane Fati,0.1032779738306999,87.4000015258789,55.099998474121094,Open Play,Right Foot,saved,73,understat
2425,La Liga,2024-10-06 14:15:00,Barcelona,Anssumane Fati,0.1250892877578735,87.0999984741211,42.099998474121094,Open Play,Right Foot,saved,74,understat
2425,La Liga,2024-10-06 14:15:00,Barcelona,Eric Garcia,0.0167867634445428,88.80000305175781,44.70000076293945,From Corner,,blocked,52,understat
2425,La Liga,2024-10-06 14:15:00,Barcelona,Lamine Yamal,0.060543805360794,89.4000015258789,27.0,Open Play,Left Foot,blocked,48,understat
2425,La Liga,2024-10-06 14:15:00,Barcelona,Pedri,0.0798494294285774,80.80000305175781,51.900001525878906,Open Play,Left Foot,saved,38,understat
2425,La Liga,2024-10-06 14:15:00,Barcelona,Raphinha,0.329270452260971,85.5999984741211,54.79999923706055,Open Play,Right Foot,saved,23,understat
2425,La Liga,2024-10-06 14:15:00,Barcelona,Raphinha,0.0366779267787933,76.5,46.0,Open Play,Left Foot,blocked,73,understat
2425,La Liga,2024-10-06 14:15:00,Barcelona,Raphinha,0.0301010273396968,68.69999694824219,70.5,Direct Freekick,Left Foot,blocked,81,understat
2425,La Liga,2024-10-06 14:15:00,Barcelona,Robert Lewandowski,0.4770280718803406,93.90000152587892,51.0,Set Piece,,goal,6,understat
2425,La Liga,2024-10-06 14:15:00,Barcelona,Robert Lewandowski,0.7049187421798706,93.8000030517578,49.70000076293945,Open Play,Right Foot,goal,21,understat
2425,La Liga,2024-10-06 14:15:00,Barcelona,Robert Lewandowski,0.0952156707644462,92.0,65.19999694824219,Open Play,Right Foot,saved,23,understat
2425,La Liga,2024-10-06 14:15:00,Barcelona,Robert Lewandowski,0.2952169477939605,90.0,37.70000076293945,Open Play,Right Foot,goal,31,understat
2425,La Liga,2024-10-06 14:15:00,Barcelona,Robert Lewandowski,0.1277651339769363,86.4000015258789,55.70000076293945,Open Play,Right Foot,saved,74,understat
2425,La Liga,2024-10-06 14:15:00,Barcelona,Robert Lewandowski,0.0157194230705499,73.69999694824219,49.9000015258789,Open Play,Right Foot,blocked,79,understat
2425,La Liga,2024-10-20 19:00:00,Barcelona,Anssumane Fati,0.0857184901833534,85.4000015258789,42.4000015258789,Open Play,Right Foot,missed,16,understat
2425,La Liga,2024-10-20 19:00:00,Barcelona,Anssumane Fati,0.3757958710193634,92.6999969482422,46.20000076293945,Open Play,,saved,71,understat
2425,La Liga,2024-10-20 19:00:00,Barcelona,Lamine Yamal,0.0187023244798183,74.9000015258789,40.29999923706054,Open Play,Left Foot,missed,4,understat
2425,La Liga,2024-10-20 19:00:00,Barcelona,Lamine Yamal,0.3865382671356201,89.30000305175781,53.200000762939446,Open Play,Left Foot,missed,35,understat
2425,La Liga,2024-10-20 19:00:00,Barcelona,Lamine Yamal,0.2782838046550751,88.0,38.0,Open Play,Left Foot,missed,45,understat
2425,La Liga,2024-10-20 19:00:00,Barcelona,Lamine Yamal,0.0271725617349147,80.4000015258789,62.4000015258789,From Corner,Left Foot,saved,46,understat
2425,La Liga,2024-10-20 19:00:00,Barcelona,Lamine Yamal,0.1361780166625976,87.0,35.79999923706055,Open Play,Left Foot,blocked,50,understat
2425,La Liga,2024-10-20 19:00:00,Barcelona,Lamine Yamal,0.1004175916314125,87.30000305175781,65.30000305175781,Open Play,Left Foot,missed,74,understat
2425,La Liga,2024-10-20 19:00:00,Barcelona,Marc Casadó,0.0367372334003448,76.5,54.400001525878906,Open Play,Left Foot,blocked,41,understat
2425,La Liga,2024-10-20 19:00:00,Barcelona,Pablo Torre,0.1033305674791336,88.9000015258789,42.9000015258789,Open Play,Right Foot,goal,81,understat
2425,La Liga,2024-10-20 19:00:00,Barcelona,Pablo Torre,0.0341471955180168,78.5,85.5999984741211,Direct Freekick,Right Foot,goal,87,understat
2425,La Liga,2024-10-20 19:00:00,Barcelona,Pau Victor,0.4491171538829803,92.09999847412108,47.700000762939446,Open Play,Right Foot,saved,85,understat
2425,La Liga,2024-10-20 19:00:00,Barcelona,Pedri,0.0956672802567482,80.9000015258789,47.4000015258789,Open Play,Right Foot,goal,27,understat
2425,La Liga,2024-10-20 19:00:00,Barcelona,Raphinha,0.0265822187066078,80.69999694824219,63.70000076293946,From Corner,Left Foot,missed,38,understat
2425,La Liga,2024-10-20 19:00:00,Barcelona,Raphinha,0.097223937511444,85.0,39.0,Open Play,Left Foot,missed,49,understat
2425,La Liga,2024-10-20 19:00:00,Barcelona,Robert Lewandowski,0.7432776093482971,88.5,50.0,,Right Foot,goal,23,understat
2425,La Liga,2024-10-20 19:00:00,Barcelona,Robert Lewandowski,0.6310033798217773,89.9000015258789,51.5,Open Play,Left Foot,saved,35,understat
2425,La Liga,2024-10-20 19:00:00,Barcelona,Robert Lewandowski,0.5247745513916016,92.59999847412108,47.9000015258789,From Corner,Right Foot,goal,38,understat
2425,La Liga,2024-10-20 19:00:00,Barcelona,Robert Lewandowski,0.036552645266056,81.19999694824219,45.29999923706054,Open Play,Right Foot,blocked,60,understat
2425,La Liga,2024-10-20 19:00:00,Barcelona,Álex Balde,0.0555624552071094,83.4000015258789,68.5,Open Play,Right Foot,blocked,60,understat
2425,La Liga,2024-10-20 19:00:00,Barcelona,Álex Balde,0.1023866161704063,92.30000305175781,65.5999984741211,Open Play,Left Foot,missed,85,understat
2425,La Liga,2024-10-20 19:00:00,Sevilla,Dodi Lukebakio,0.0750088393688201,84.30000305175781,37.20000076293945,Open Play,Left Foot,missed,8,understat
2425,La Liga,2024-10-20 19:00:00,Sevilla,Dodi Lukebakio,0.0429930053651332,80.5,40.5,Open Play,Left Foot,blocked,18,understat
2425,La Liga,2024-10-20 19:00:00,Sevilla,Isaac Romero,0.0707277581095695,93.40000152587892,67.9000015258789,Set Piece,Left Foot,blocked,47,understat
2425,La Liga,2024-10-20 19:00:00,Sevilla,Isaac Romero,0.0660103932023048,94.90000152587892,68.30000305175781,Open Play,Left Foot,blocked,53,understat
2425,La Liga,2024-10-20 19:00:00,Sevilla,Lucien Agoume,0.0580198876559734,90.9000015258789,42.70000076293945,From Corner,Right Foot,missed,62,understat
2425,La Liga,2024-10-20 19:00:00,Sevilla,Stanis Idumbo Muzambo,0.2500867545604706,90.09999847412108,56.49999999999999,Open Play,Right Foot,goal,86,understat
2425,La Liga,2024-10-20 19:00:00,Sevilla,Suso,0.0368052758276462,79.69999694824219,44.20000076293945,Open Play,Left Foot,blocked,62,understat
2425,La Liga,2024-10-26 19:00:00,Barcelona,Dani Olmo,0.0368157103657722,80.9000015258789,37.4000015258789,From Corner,Right Foot,missed,88,understat
2425,La Liga,2024-10-26 19:00:00,Barcelona,Fermín López,0.0256648771464824,75.4000015258789,53.0,Open Play,Right Foot,blocked,42,understat
2425,La Liga,2024-10-26 19:00:00,Barcelona,Iñigo Martínez,0.0206209924072027,91.80000305175781,41.5,From Corner,,missed,28,understat
2425,La Liga,2024-10-26 19:00:00,Barcelona,Lamine Yamal,0.2455168813467025,84.4000015258789,48.4000015258789,Open Play,Left Foot,saved,12,understat
2425,La Liga,2024-10-26 19:00:00,Barcelona,Lamine Yamal,0.021195650100708,77.80000305175781,35.79999923706055,Open Play,Left Foot,missed,36,understat
2425,La Liga,2024-10-26 19:00:00,Barcelona,Lamine Yamal,0.0108285155147314,58.299999237060554,22.29999923706054,Open Play,Left Foot,saved,50,understat
2425,La Liga,2024-10-26 19:00:00,Barcelona,Lamine Yamal,0.0984910279512405,90.0,35.200000762939446,Open Play,Right Foot,goal,76,understat
2425,La Liga,2024-10-26 19:00:00,Barcelona,Pedri,0.0164497066289186,74.9000015258789,67.69999694824219,Open Play,Right Foot,saved,27,understat
2425,La Liga,2024-10-26 19:00:00,Barcelona,Raphinha,0.0456744879484176,80.5999984741211,50.70000076293945,Open Play,Left Foot,missed,20,understat
2425,La Liga,2024-10-26 19:00:00,Barcelona,Raphinha,0.0082690259441733,61.5,92.59999847412108,Open Play,Left Foot,missed,54,understat
2425,La Liga,2024-10-26 19:00:00,Barcelona,Raphinha,0.4310062229633331,88.0999984741211,45.09999847412109,Open Play,Right Foot,goal,83,understat
2425,La Liga,2024-10-26 19:00:00,Barcelona,Robert Lewandowski,0.3272037208080292,81.69999694824219,46.700000762939446,Open Play,Right Foot,goal,53,understat
2425,La Liga,2024-10-26 19:00:00,Barcelona,Robert Lewandowski,0.3550093173980713,91.4000015258789,53.200000762939446,Open Play,,goal,55,understat
2425,La Liga,2024-10-26 19:00:00,Barcelona,Robert Lewandowski,0.4902399480342865,90.30000305175781,46.0,Open Play,Right Foot,post,65,understat
2425,La Liga,2024-10-26 19:00:00,Barcelona,Robert Lewandowski,0.3826700747013092,92.6999969482422,40.099998474121094,Open Play,Right Foot,missed,68,understat
2425,La Liga,2024-10-26 19:00:00,Real Madrid,Eder Militão,0.0081562856212258,43.20000076293945,24.79999923706054,Open Play,Right Foot,missed,76,understat
2425,La Liga,2024-10-26 19:00:00,Real Madrid,Federico Valverde,0.017331613227725,73.80000305175781,55.00000000000001,Open Play,Right Foot,saved,83,understat
2425,La Liga,2024-10-26 19:00:00,Real Madrid,Jude Bellingham,0.4312012791633606,92.4000015258789,53.0,Set Piece,Right Foot,missed,69,understat
2425,La Liga,2024-10-26 19:00:00,Real Madrid,Kylian Mbappe-Lottin,0.0382683388888835,79.5999984741211,69.5,From Corner,Right Foot,saved,60,understat
2425,La Liga,2024-10-26 19:00:00,Real Madrid,Kylian Mbappe-Lottin,0.2900232672691345,86.0999984741211,61.0,Open Play,Right Foot,saved,63,understat
2425,La Liga,2024-10-26 19:00:00,Real Madrid,Kylian Mbappe-Lottin,0.2709662914276123,86.0999984741211,40.9000015258789,Open Play,Right Foot,saved,70,understat
2425,La Liga,2024-10-26 19:00:00,Real Madrid,Luka Modric,0.0114837381988763,76.0,60.0,Open Play,Right Foot,missed,63,understat
2425,La Liga,2024-10-26 19:00:00,Real Madrid,Vinícius Júnior,0.3043843507766723,90.80000305175781,63.0,Open Play,Right Foot,missed,21,understat
2425,La Liga,2024-10-26 19:00:00,Real Madrid,Vinícius Júnior,0.0351092815399169,86.4000015258789,72.0999984741211,Open Play,Right Foot,blocked,51,understat
2425,La Liga,2024-11-03 15:15:00,Barcelona,Anssumane Fati,0.0667094737291336,91.80000305175781,28.799999237060547,Open Play,Right Foot,blocked,90,understat
2425,La Liga,2024-11-03 15:15:00,Barcelona,Dani Olmo,0.5726586580276489,94.90000152587892,49.29999923706055,Open Play,,missed,7,understat
2425,La Liga,2024-11-03 15:15:00,Barcelona,Dani Olmo,0.0346313528716564,78.0999984741211,48.9000015258789,Open Play,Right Foot,saved,9,understat
2425,La Liga,2024-11-03 15:15:00,Barcelona,Dani Olmo,0.4504460394382477,92.0,43.09999847412109,Open Play,Right Foot,goal,11,understat
2425,La Liga,2024-11-03 15:15:00,Barcelona,Dani Olmo,0.0809013918042182,81.0999984741211,48.4000015258789,Open Play,Right Foot,goal,30,understat
2425,La Liga,2024-11-03 15:15:00,Barcelona,Fermín López,0.0166787914931774,71.5999984741211,56.400001525878906,Open Play,Right Foot,saved,77,understat
2425,La Liga,2024-11-03 15:15:00,Barcelona,Hector Fort,0.0643517673015594,87.30000305175781,56.00000000000001,From Corner,Right Foot,blocked,64,understat
2425,La Liga,2024-11-03 15:15:00,Barcelona,Lamine Yamal,0.0279776398092508,80.5999984741211,31.5,Open Play,Left Foot,saved,8,understat
2425,La Liga,2024-11-03 15:15:00,Barcelona,Lamine Yamal,0.0430963225662708,82.5,42.70000076293945,From Corner,Left Foot,missed,49,understat
2425,La Liga,2024-11-03 15:15:00,Barcelona,Lamine Yamal,0.0506728030741214,82.0999984741211,32.09999847412109,Open Play,Left Foot,saved,67,understat
2425,La Liga,2024-11-03 15:15:00,Barcelona,Lamine Yamal,0.0969323515892028,88.0,38.5,Open Play,Left Foot,missed,83,understat
2425,La Liga,2024-11-03 15:15:00,Barcelona,Raphinha,0.3085829019546509,87.0999984741211,49.9000015258789,Open Play,Left Foot,goal,22,understat
2425,La Liga,2024-11-03 15:15:00,Barcelona,Robert Lewandowski,0.0902435854077339,78.69999694824219,59.70000076293945,Open Play,Right Foot,saved,37,understat
2425,La Liga,2024-11-03 15:15:00,Barcelona,Robert Lewandowski,0.0400958657264709,75.4000015258789,47.4000015258789,Open Play,Right Foot,saved,63,understat
2425,La Liga,2024-11-03 15:15:00,Espanyol,Javi Puado,0.0284440107643604,84.69999694824219,45.400001525878906,Open Play,Right Foot,missed,17,understat
2425,La Liga,2024-11-03 15:15:00,Espanyol,Javi Puado,0.0703567042946815,89.0,47.4000015258789,Open Play,Right Foot,missed,41,understat
2425,La Liga,2024-11-03 15:15:00,Espanyol,Javi Puado,0.1158942580223083,91.80000305175781,62.4000015258789,Open Play,Left Foot,saved,59,understat
2425,La Liga,2024-11-03 15:15:00,Espanyol,Javi Puado,0.2922390103340149,95.90000152587892,38.70000076293945,Open Play,Right Foot,goal,62,understat
2425,La Liga,2024-11-03 15:15:00,Espanyol,Jofre Carreras,0.0406996384263038,87.69999694824219,35.200000762939446,Open Play,Left Foot,saved,86,understat
2425,La Liga,2024-11-03 15:15:00,Espanyol,Rafael Bauza,0.0118920831009745,78.0999984741211,74.0,Open Play,Right Foot,blocked,37,understat
2425,La Liga,2024-11-03 15:15:00,Espanyol,Tejero,0.0791655629873275,76.0999984741211,43.4000015258789,Direct Freekick,Right Foot,missed,52,understat
2425,La Liga,2024-11-03 15:15:00,Espanyol,Walid Cheddira,0.0648330152034759,94.90000152587892,39.900001525878906,Open Play,Left Foot,blocked,71,understat
2425,La Liga,2024-11-03 15:15:00,Espanyol,Álvaro Aguado,0.0569959506392478,86.69999694824219,38.900001525878906,Open Play,Right Foot,blocked,17,understat
2425,La Liga,2024-11-03 15:15:00,Espanyol,Álvaro Aguado,0.0268382746726274,77.19999694824219,57.29999923706055,Open Play,Right Foot,blocked,38,understat
2425,La Liga,2024-11-10 20:00:00,Barcelona,Dani Olmo,0.0600155964493751,84.80000305175781,64.0999984741211,Open Play,Right Foot,blocked,58,understat
2425,La Liga,2024-11-10 20:00:00,Barcelona,Dani Olmo,0.0184096116572618,75.19999694824219,73.19999694824219,From Corner,Right Foot,missed,80,understat
2425,La Liga,2024-11-10 20:00:00,Barcelona,Fermín López,0.0123343169689178,96.5999984741211,35.099998474121094,From Corner,,missed,37,understat
2425,La Liga,2024-11-10 20:00:00,Barcelona,Fermín López,0.0634644776582717,85.0999984741211,48.5,Open Play,Right Foot,missed,58,understat
2425,La Liga,2024-11-10 20:00:00,Barcelona,Frenkie de Jong,0.0249318443238735,76.69999694824219,61.29999923706054,Open Play,Right Foot,blocked,12,understat
2425,La Liga,2024-11-10 20:00:00,Barcelona,Iñigo Martínez,0.0415476635098457,90.6999969482422,49.70000076293945,From Corner,,blocked,37,understat
2425,La Liga,2024-11-10 20:00:00,Barcelona,Marc Casadó,0.0741619616746902,86.9000015258789,47.599998474121094,From Corner,Right Foot,blocked,37,understat
2425,La Liga,2024-11-10 20:00:00,Barcelona,Pau Cubarsí,0.0849572271108627,93.0,47.9000015258789,Set Piece,,missed,17,understat
2425,La Liga,2024-11-10 20:00:00,Barcelona,Pau Cubarsí,0.0845473036170005,95.19999694824219,43.0,From Corner,,missed,49,understat
2425,La Liga,2024-11-10 20:00:00,Barcelona,Pedri,0.0304388795047998,77.30000305175781,44.29999923706054,Open Play,Right Foot,blocked,36,understat
2425,La Liga,2024-11-10 20:00:00,Barcelona,Raphinha,0.019293550401926,73.0999984741211,54.599998474121094,Open Play,Left Foot,blocked,43,understat
2425,La Liga,2024-11-10 20:00:00,Real Sociedad,Ander Barrenetxea,0.2938011288642883,96.8000030517578,64.5,Open Play,Left Foot,missed,71,understat
2425,La Liga,2024-11-10 20:00:00,Real Sociedad,Brais Méndez,0.0880391225218772,79.4000015258789,34.700000762939446,Direct Freekick,Left Foot,saved,28,understat
2425,La Liga,2024-11-10 20:00:00,Real Sociedad,Brais Méndez,0.1214176192879676,93.0,38.0,Open Play,Right Foot,blocked,67,understat
2425,La Liga,2024-11-10 20:00:00,Real Sociedad,Igor Zubeldia,0.0642612501978874,85.5999984741211,53.400001525878906,From Corner,Right Foot,saved,76,understat
2425,La Liga,2024-11-10 20:00:00,Real Sociedad,Luka Sucic,0.0133809670805931,70.19999694824219,61.5,Open Play,Left Foot,blocked,50,understat
2425,La Liga,2024-11-10 20:00:00,Real Sociedad,Mikel Oyarzabal,0.1025595366954803,92.09999847412108,47.599998474121094,Open Play,Left Foot,blocked,19,understat
2425,La Liga,2024-11-10 20:00:00,Real Sociedad,Mikel Oyarzabal,0.4975697100162506,88.9000015258789,44.59999847412109,Open Play,Right Foot,missed,45,understat
2425,La Liga,2024-11-10 20:00:00,Real Sociedad,Mikel Oyarzabal,0.0862219110131263,83.9000015258789,51.09999847412109,Open Play,Left Foot,saved,50,understat
2425,La Liga,2024-11-10 20:00:00,Real Sociedad,Orri Óskarsson,0.0512196384370327,91.80000305175781,71.30000305175781,Open Play,Left Foot,missed,73,understat
2425,La Liga,2024-11-10 20:00:00,Real Sociedad,Sheraldo Becker,0.3055017590522766,85.9000015258789,57.70000076293945,Open Play,Right Foot,goal,32,understat
2425,La Liga,2024-11-10 20:00:00,Real Sociedad,Sheraldo Becker,0.0273441020399332,72.19999694824219,53.400001525878906,Open Play,Right Foot,saved,45,understat
2425,La Liga,2024-11-10 20:00:00,Real Sociedad,Sheraldo Becker,0.1335793286561966,92.4000015258789,59.099998474121094,Open Play,Left Foot,missed,52,understat
2425,La Liga,2024-11-10 20:00:00,Real Sociedad,Takefusa Kubo,0.0623994879424572,86.0999984741211,33.20000076293945,Open Play,Left Foot,saved,29,understat
2425,La Liga,2024-11-10 20:00:00,Real Sociedad,Takefusa Kubo,0.0390374436974525,87.0,38.5,From Corner,Left Foot,blocked,72,understat
2425,La Liga,2024-11-23 20:00:00,Barcelona,Dani Olmo,0.0677088350057601,81.9000015258789,62.0,Open Play,Right Foot,saved,43,understat
2425,La Liga,2024-11-23 20:00:00,Barcelona,Fermín López,0.4771159887313843,95.0,45.400001525878906,Open Play,,missed,88,understat
2425,La Liga,2024-11-23 20:00:00,Barcelona,Marc Casadó,0.0210472904145717,73.4000015258789,40.9000015258789,Open Play,Right Foot,missed,24,understat
2425,La Liga,2024-11-23 20:00:00,Barcelona,Raphinha,0.0657875761389732,84.69999694824219,38.900001525878906,Open Play,Left Foot,blocked,11,understat
2425,La Liga,2024-11-23 20:00:00,Barcelona,Raphinha,0.3110570013523102,88.4000015258789,43.09999847412109,Open Play,Left Foot,goal,14,understat
2425,La Liga,2024-11-23 20:00:00,Barcelona,Raphinha,0.073220208287239,81.19999694824219,50.0999984741211,Open Play,Left Foot,saved,21,understat
2425,La Liga,2024-11-23 20:00:00,Barcelona,Raphinha,0.0396331213414669,78.80000305175781,38.59999847412109,Open Play,Left Foot,missed,58,understat
2425,La Liga,2024-11-23 20:00:00,Barcelona,Raphinha,0.2946988046169281,91.1999969482422,37.0,Open Play,Right Foot,post,76,understat
2425,La Liga,2024-11-23 20:00:00,Barcelona,Robert Lewandowski,0.5875533819198608,89.30000305175781,54.0,Open Play,Right Foot,goal,60,understat
2425,La Liga,2024-11-23 20:00:00,Celta Vigo,Alfon,0.2403561323881149,90.09999847412108,64.4000015258789,Open Play,Right Foot,saved,63,understat
2425,La Liga,2024-11-23 20:00:00,Celta Vigo,Alfon,0.3460077345371246,90.59999847412108,53.700000762939446,Open Play,Right Foot,goal,83,understat
2425,La Liga,2024-11-23 20:00:00,Celta Vigo,Borja Iglesias,0.3004381954669952,84.19999694824219,50.0,Open Play,Right Foot,saved,78,understat
2425,La Liga,2024-11-23 20:00:00,Celta Vigo,Borja Iglesias,0.3843103349208832,92.90000152587892,44.29999923706054,Open Play,Right Foot,saved,91,understat
2425,La Liga,2024-11-23 20:00:00,Celta Vigo,Hugo Álvarez,0.0929676964879036,89.0,40.9000015258789,Open Play,Right Foot,blocked,18,understat
2425,La Liga,2024-11-23 20:00:00,Celta Vigo,Hugo Álvarez,0.235226422548294,90.0,35.79999923706055,Open Play,Right Foot,saved,65,understat
2425,La Liga,2024-11-23 20:00:00,Celta Vigo,Hugo Álvarez,0.4124320745468139,95.69999694824219,38.70000076293945,Open Play,Right Foot,goal,85,understat
2425,La Liga,2024-11-23 20:00:00,Celta Vigo,Iago Aspas,0.454549491405487,90.1999969482422,53.0,Open Play,Left Foot,missed,3,understat
2425,La Liga,2024-11-23 20:00:00,Celta Vigo,Iago Aspas,0.0070733609609305,60.79999923706054,83.0,Open Play,Left Foot,missed,52,understat
2425,La Liga,2024-11-23 20:00:00,Celta Vigo,Ilaix Moriba,0.0180632174015045,71.80000305175781,53.599998474121094,From Corner,Right Foot,saved,18,understat
2425,La Liga,2024-11-23 20:00:00,Celta Vigo,Jonathan Bamba,0.1033070236444473,92.30000305175781,59.099998474121094,Open Play,Right Foot,missed,22,understat
2425,La Liga,2024-11-23 20:00:00,Celta Vigo,Jonathan Bamba,0.0375356972217559,90.9000015258789,74.0,Open Play,Left Foot,missed,35,understat
2425,La Liga,2024-11-23 20:00:00,Celta Vigo,Marcos Alonso,0.0432570539414882,70.4000015258789,42.79999923706055,Direct Freekick,Left Foot,saved,68,understat
2425,La Liga,2024-11-23 20:00:00,Celta Vigo,Marcos Alonso,0.0604098960757255,74.0999984741211,40.29999923706054,Direct Freekick,Left Foot,blocked,90,understat
2425,La Liga,2024-11-23 20:00:00,Celta Vigo,Óscar Mingueza,0.0243156608194112,78.0,56.49999999999999,From Corner,Right Foot,blocked,18,understat
2425,La Liga,2024-11-30 13:00:00,Barcelona,Fermín López,0.1081872284412384,89.4000015258789,43.09999847412109,Open Play,Right Foot,saved,5,understat
2425,La Liga,2024-11-30 13:00:00,Barcelona,Fermín López,0.0637448281049728,85.9000015258789,37.09999847412109,Open Play,Right Foot,missed,21,understat
2425,La Liga,2024-11-30 13:00:00,Barcelona,Fermín López,0.0169231928884983,79.4000015258789,53.0,Open Play,Right Foot,blocked,27,understat
2425,La Liga,2024-11-30 13:00:00,Barcelona,Ferrán Torres,0.0926441177725792,85.30000305175781,48.099998474121094,Open Play,Right Foot,blocked,59,understat
2425,La Liga,2024-11-30 13:00:00,Barcelona,Ferrán Torres,0.0487344712018966,81.30000305175781,48.9000015258789,Open Play,Right Foot,blocked,60,understat
2425,La Liga,2024-11-30 13:00:00,Barcelona,Ferrán Torres,0.0450915358960628,80.30000305175781,52.79999923706055,Open Play,Left Foot,saved,65,understat
2425,La Liga,2024-11-30 13:00:00,Barcelona,Iñigo Martínez,0.0173116363584995,70.4000015258789,55.79999923706055,Open Play,Left Foot,missed,47,understat
2425,La Liga,2024-11-30 13:00:00,Barcelona,Jules Koundé,0.0257534682750701,80.4000015258789,30.299999237060547,Open Play,Right Foot,blocked,19,understat
2425,La Liga,2024-11-30 13:00:00,Barcelona,Jules Koundé,0.0612287521362304,87.5,34.700000762939446,Open Play,Right Foot,missed,41,understat
2425,La Liga,2024-11-30 13:00:00,Barcelona,Lamine Yamal,0.1114460378885269,96.0,41.5,Open Play,,blocked,57,understat
2425,La Liga,2024-11-30 13:00:00,Barcelona,Lamine Yamal,0.0599905364215374,91.4000015258789,32.09999847412109,Open Play,Left Foot,saved,69,understat
2425,La Liga,2024-11-30 13:00:00,Barcelona,Lamine Yamal,0.0582859441637992,86.69999694824219,38.29999923706054,Open Play,Left Foot,missed,71,understat
2425,La Liga,2024-11-30 13:00:00,Barcelona,Lamine Yamal,0.0263070110231637,86.19999694824219,26.200000762939453,Open Play,Left Foot,saved,95,understat
2425,La Liga,2024-11-30 13:00:00,Barcelona,Pau Cubarsí,0.0781211629509925,90.0,51.70000076293946,Set Piece,Right Foot,blocked,16,understat
2425,La Liga,2024-11-30 13:00:00,Barcelona,Pau Cubarsí,0.47874516248703,95.8000030517578,43.59999847412109,Set Piece,Right Foot,missed,28,understat
2425,La Liga,2024-11-30 13:00:00,Barcelona,Pedri,0.029172595590353,78.0999984741211,60.79999923706054,Open Play,Right Foot,blocked,27,understat
2425,La Liga,2024-11-30 13:00:00,Barcelona,Pedri,0.0661209225654602,81.9000015258789,49.79999923706055,Open Play,Right Foot,saved,43,understat
2425,La Liga,2024-11-30 13:00:00,Barcelona,Pedri,0.0724919363856315,88.0,54.200000762939446,Open Play,Left Foot,blocked,77,understat
2425,La Liga,2024-11-30 13:00:00,Barcelona,Raphinha,0.1801239103078842,87.5,45.400001525878906,Open Play,Left Foot,post,46,understat
2425,La Liga,2024-11-30 13:00:00,Barcelona,Raphinha,0.0274861920624971,78.0999984741211,43.70000076293945,Open Play,Left Foot,goal,60,understat
2425,La Liga,2024-11-30 13:00:00,Barcelona,Raphinha,0.0599401965737342,81.5999984741211,47.5,Open Play,Right Foot,saved,70,understat
2425,La Liga,2024-11-30 13:00:00,Barcelona,Raphinha,0.0764667466282844,77.4000015258789,36.29999923706055,Direct Freekick,Left Foot,saved,81,understat
2425,La Liga,2024-11-30 13:00:00,Barcelona,Raphinha,0.0584323741495609,77.0,29.799999237060547,Direct Freekick,Left Foot,blocked,84,understat
2425,La Liga,2024-11-30 13:00:00,Barcelona,Robert Lewandowski,0.0788828283548355,94.90000152587892,37.09999847412109,Open Play,Left Foot,blocked,57,understat
2425,La Liga,2024-11-30 13:00:00,Barcelona,Robert Lewandowski,0.0893791988492012,89.5,53.0,Open Play,,missed,96,understat
2425,La Liga,2024-11-30 13:00:00,Barcelona,Robert Lewandowski,0.1115814745426178,89.5,48.200000762939446,Open Play,Right Foot,blocked,96,understat
2425,La Liga,2024-11-30 13:00:00,Barcelona,Robert Lewandowski,0.0497368872165679,95.90000152587892,58.099998474121094,Open Play,,blocked,97,understat
2425,La Liga,2024-11-30 13:00:00,Las Palmas,Fabio Silva,0.041025023907423,87.5,27.0,Open Play,Right Foot,saved,30,understat
2425,La Liga,2024-11-30 13:00:00,Las Palmas,Fabio Silva,0.0675893053412437,85.4000015258789,45.79999923706054,Open Play,Right Foot,goal,66,understat
2425,La Liga,2024-11-30 13:00:00,Las Palmas,Javi Muñoz,0.0398793779313564,90.59999847412108,71.4000015258789,Open Play,Left Foot,missed,35,understat
2425,La Liga,2024-11-30 13:00:00,Las Palmas,Sandro Ramírez,0.0324860215187072,83.0999984741211,31.100000381469727,Open Play,Right Foot,goal,48,understat
2425,La Liga,2024-11-30 13:00:00,Las Palmas,Scott McKenna,0.4182053208351135,92.30000305175781,47.9000015258789,Set Piece,Left Foot,blocked,10,understat
2425,La Liga,2024-12-03 18:00:00,Barcelona,Dani Olmo,0.0308365691453218,75.69999694824219,41.700000762939446,Open Play,Right Foot,blocked,40,understat
2425,La Liga,2024-12-03 18:00:00,Barcelona,Dani Olmo,0.0185348633676767,87.0,52.09999847412109,Set Piece,,missed,59,understat
2425,La Liga,2024-12-03 18:00:00,Barcelona,Ferrán Torres,0.3799549341201782,87.0,50.0999984741211,Open Play,Right Foot,goal,11,understat
2425,La Liga,2024-12-03 18:00:00,Barcelona,Ferrán Torres,0.3114591836929321,89.0,55.50000000000001,Open Play,Right Foot,saved,18,understat
2425,La Liga,2024-12-03 18:00:00,Barcelona,Ferrán Torres,0.1143840178847312,98.3000030517578,37.5,Open Play,Right Foot,missed,36,understat
2425,La Liga,2024-12-03 18:00:00,Barcelona,Ferrán Torres,0.0813395902514457,86.69999694824219,62.0999984741211,Open Play,Left Foot,missed,48,understat
2425,La Liga,2024-12-03 18:00:00,Barcelona,Ferrán Torres,0.0888300314545631,86.19999694824219,61.0,Open Play,Right Foot,blocked,59,understat
2425,La Liga,2024-12-03 18:00:00,Barcelona,Frenkie de Jong,0.5202943682670593,89.80000305175781,45.79999923706054,Open Play,Left Foot,goal,78,understat
2425,La Liga,2024-12-03 18:00:00,Barcelona,Lamine Yamal,0.3735881745815277,85.4000015258789,47.9000015258789,Open Play,Left Foot,missed,20,understat
2425,La Liga,2024-12-03 18:00:00,Barcelona,Lamine Yamal,0.1136956289410591,91.5,37.0,Open Play,Right Foot,missed,47,understat
2425,La Liga,2024-12-03 18:00:00,Barcelona,Lamine Yamal,0.0427053794264793,80.0999984741211,40.4000015258789,From Corner,Right Foot,missed,46,understat
2425,La Liga,2024-12-03 18:00:00,Barcelona,Lamine Yamal,0.1115258038043975,88.9000015258789,60.599998474121094,Open Play,Left Foot,blocked,76,understat
2425,La Liga,2024-12-03 18:00:00,Barcelona,Lamine Yamal,0.0189875271171331,72.9000015258789,46.599998474121094,From Corner,Left Foot,blocked,77,understat
2425,La Liga,2024-12-03 18:00:00,Barcelona,Lamine Yamal,0.3284488916397095,87.69999694824219,47.0,Open Play,Left Foot,saved,86,understat
2425,La Liga,2024-12-03 18:00:00,Barcelona,Pau Victor,0.0122689371928572,67.30000305175781,51.4000015258789,Open Play,Right Foot,missed,81,understat
2425,La Liga,2024-12-03 18:00:00,Barcelona,Pau Victor,0.9417272210121156,96.8000030517578,49.20000076293945,Open Play,Left Foot,goal,83,understat
2425,La Liga,2024-12-03 18:00:00,Barcelona,Raphinha,0.5501202344894409,87.80000305175781,47.0,Open Play,Right Foot,saved,46,understat
2425,La Liga,2024-12-03 18:00:00,Barcelona,Raphinha,0.1366877257823944,80.30000305175781,46.29999923706054,Direct Freekick,Left Foot,saved,52,understat
2425,La Liga,2024-12-03 18:00:00,Barcelona,Raphinha,0.7432776093482971,88.5,50.0,,Left Foot,goal,55,understat
2425,La Liga,2024-12-03 18:00:00,Barcelona,Raphinha,0.4620689451694488,92.90000152587892,47.599998474121094,Open Play,Left Foot,goal,73,understat
2425,La Liga,2024-12-03 18:00:00,Mallorca,Antonio Sánchez,0.0363370962440967,92.4000015258789,62.70000076293945,Open Play,,missed,23,understat
2425,La Liga,2024-12-03 18:00:00,Mallorca,Dani Rodríguez,0.018566021695733,77.0999984741211,27.200000762939453,Open Play,Left Foot,missed,71,understat
2425,La Liga,2024-12-03 18:00:00,Mallorca,Samú Costa,0.0580325052142143,84.5,56.400001525878906,Open Play,Right Foot,blocked,33,understat
2425,La Liga,2024-12-03 18:00:00,Mallorca,Samú Costa,0.0415899083018302,92.09999847412108,44.0,Open Play,,blocked,70,understat
2425,La Liga,2024-12-03 18:00:00,Mallorca,Sergi Darder,0.0269971005618572,83.5999984741211,71.69999694824219,Open Play,Right Foot,blocked,33,understat
2425,La Liga,2024-12-03 18:00:00,Mallorca,Vedat Muriqi,0.7417718172073364,94.5,55.29999923706055,Open Play,Left Foot,goal,42,understat
2425,La Liga,2024-12-07 15:15:00,Barcelona,Dani Olmo,0.0179549232125282,72.69999694824219,53.700000762939446,Open Play,Right Foot,missed,24,understat
2425,La Liga,2024-12-07 15:15:00,Barcelona,Ferrán Torres,0.4082649350166321,88.5,45.09999847412109,Open Play,Right Foot,goal,81,understat
2425,La Liga,2024-12-07 15:15:00,Barcelona,Jules Koundé,0.0567883849143981,92.59999847412108,57.799999237060554,Open Play,,missed,62,understat
2425,La Liga,2024-12-07 15:15:00,Barcelona,Lamine Yamal,0.0378611199557781,85.5999984741211,31.20000076293945,Open Play,Left Foot,saved,7,understat
2425,La Liga,2024-12-07 15:15:00,Barcelona,Lamine Yamal,0.2719776332378387,95.5,38.900001525878906,Open Play,Left Foot,missed,14,understat
2425,La Liga,2024-12-07 15:15:00,Barcelona,Marc Casadó,0.0130016608163714,76.80000305175781,48.79999923706055,Set Piece,Left Foot,missed,80,understat
2425,La Liga,2024-12-07 15:15:00,Barcelona,Raphinha,0.0668526142835617,90.59999847412108,57.799999237060554,Open Play,Left Foot,blocked,42,understat
2425,La Liga,2024-12-07 15:15:00,Barcelona,Robert Lewandowski,0.0595389306545257,91.59999847412108,52.70000076293946,Open Play,,missed,13,understat
2425,La Liga,2024-12-07 15:15:00,Barcelona,Robert Lewandowski,0.6089249849319458,94.5,49.20000076293945,Open Play,Left Foot,goal,38,understat
2425,La Liga,2024-12-07 15:15:00,Real Betis,Abdessamad Ezzalzouli,0.2975631952285766,86.5,57.29999923706055,Open Play,Right Foot,saved,2,understat
2425,La Liga,2024-12-07 15:15:00,Real Betis,Abdessamad Ezzalzouli,0.396102100610733,92.5,54.50000000000001,Open Play,,missed,50,understat
2425,La Liga,2024-12-07 15:15:00,Real Betis,Abdessamad Ezzalzouli,0.126103401184082,94.90000152587892,49.5,Set Piece,,missed,55,understat
2425,La Liga,2024-12-07 15:15:00,Real Betis,Assane Diao,0.0701229199767112,88.9000015258789,44.09999847412109,Open Play,Right Foot,goal,93,understat
2425,La Liga,2024-12-07 15:15:00,Real Betis,Diego Llorente,0.0550886839628219,97.0,41.599998474121094,From Corner,,blocked,1,understat
2425,La Liga,2024-12-07 15:15:00,Real Betis,Ezequiel Ávila,0.0715423002839088,89.0,46.599998474121094,Set Piece,Left Foot,saved,53,understat
2425,La Liga,2024-12-07 15:15:00,Real Betis,Ezequiel Ávila,0.0394471250474453,81.0999984741211,36.0,Open Play,Right Foot,saved,88,understat
2425,La Liga,2024-12-07 15:15:00,Real Betis,Giovani Lo Celso,0.0183855928480625,74.0,35.79999923706055,Open Play,Left Foot,missed,58,understat
2425,La Liga,2024-12-07 15:15:00,Real Betis,Giovani Lo Celso,0.7432776093482971,88.5,50.0,,Left Foot,goal,67,understat
2425,La Liga,2024-12-07 15:15:00,Real Betis,Marc Bartra,0.0138944834470748,32.400001525878906,50.20000076293945,Direct Freekick,Right Foot,missed,48,understat
2425,La Liga,2024-12-07 15:15:00,Real Betis,Sergi Altimira,0.9041929841041564,98.5,52.5,Set Piece,,missed,50,understat
2425,La Liga,2024-12-07 15:15:00,Real Betis,Vitor Roque,0.0268544517457485,80.69999694824219,69.9000015258789,Open Play,Left Foot,missed,9,understat
2425,La Liga,2024-12-15 20:00:00,Barcelona,Dani Olmo,0.0416963137686252,87.30000305175781,46.9000015258789,Open Play,,missed,19,understat
2425,La Liga,2024-12-15 20:00:00,Barcelona,Dani Olmo,0.0330287627875804,89.69999694824219,39.0,Open Play,,missed,32,understat
2425,La Liga,2024-12-15 20:00:00,Barcelona,Fermín López,0.0140792969614267,72.4000015258789,40.4000015258789,Open Play,Right Foot,blocked,88,understat
2425,La Liga,2024-12-15 20:00:00,Barcelona,Fermín López,0.0512195117771625,89.0,36.70000076293945,Open Play,Right Foot,blocked,92,understat
2425,La Liga,2024-12-15 20:00:00,Barcelona,Jules Koundé,0.078912153840065,86.0,46.599998474121094,Open Play,Left Foot,missed,51,understat
2425,La Liga,2024-12-15 20:00:00,Barcelona,Jules Koundé,0.3523202240467071,92.6999969482422,33.70000076293945,Open Play,Right Foot,missed,78,understat
2425,La Liga,2024-12-15 20:00:00,Barcelona,Lamine Yamal,0.0242936741560697,73.4000015258789,44.0,From Corner,Left Foot,missed,38,understat
2425,La Liga,2024-12-15 20:00:00,Barcelona,Lamine Yamal,0.0783987641334533,93.09999847412108,32.20000076293945,Open Play,Right Foot,missed,50,understat
2425,La Liga,2024-12-15 20:00:00,Barcelona,Lamine Yamal,0.0151734128594398,76.0,27.60000038146972,Open Play,Left Foot,missed,68,understat
2425,La Liga,2024-12-15 20:00:00,Barcelona,Pau Victor,0.0513913333415985,89.80000305175781,51.59999847412109,Open Play,,missed,86,understat
2425,La Liga,2024-12-15 20:00:00,Barcelona,Raphinha,0.071759283542633,89.9000015258789,59.599998474121094,Open Play,Left Foot,saved,32,understat
2425,La Liga,2024-12-15 20:00:00,Barcelona,Raphinha,0.0348724275827407,79.5999984741211,59.70000076293945,Open Play,Left Foot,blocked,47,understat
2425,La Liga,2024-12-15 20:00:00,Barcelona,Raphinha,0.0389864519238472,84.4000015258789,34.0,Open Play,Left Foot,blocked,83,understat
2425,La Liga,2024-12-15 20:00:00,Barcelona,Raphinha,0.0987549573183059,78.9000015258789,60.599998474121094,Direct Freekick,Left Foot,missed,94,understat
2425,La Liga,2024-12-15 20:00:00,Barcelona,Robert Lewandowski,0.6398786306381226,95.8000030517578,52.70000076293946,Open Play,Right Foot,saved,9,understat
2425,La Liga,2024-12-15 20:00:00,Barcelona,Robert Lewandowski,0.0411400236189365,90.80000305175781,54.0,Open Play,,missed,22,understat
2425,La Liga,2024-12-15 20:00:00,Barcelona,Robert Lewandowski,0.2456811815500259,86.80000305175781,46.20000076293945,Open Play,Right Foot,saved,33,understat
2425,La Liga,2024-12-15 20:00:00,Barcelona,Robert Lewandowski,0.0987088158726692,87.0,48.4000015258789,Open Play,Left Foot,blocked,34,understat
2425,La Liga,2024-12-15 20:00:00,Barcelona,Robert Lewandowski,0.0889512151479721,85.9000015258789,52.599998474121094,Open Play,Right Foot,blocked,43,understat
2425,La Liga,2024-12-15 20:00:00,Barcelona,Robert Lewandowski,0.0667253658175468,90.6999969482422,50.59999847412109,Open Play,,missed,57,understat
2425,La Liga,2024-12-15 20:00:00,Leganes,Adrià Alti,0.0122852837666869,70.9000015258789,66.9000015258789,From Corner,Right Foot,saved,53,understat
2425,La Liga,2024-12-15 20:00:00,Leganes,Diego García,0.0568992644548416,85.0999984741211,28.60000038146972,Open Play,Right Foot,missed,82,understat
2425,La Liga,2024-12-15 20:00:00,Leganes,Munir,0.297568142414093,91.80000305175781,38.79999923706054,Open Play,Left Foot,saved,2,understat
2425,La Liga,2024-12-15 20:00:00,Leganes,Raba,0.0739839822053909,82.69999694824219,38.5,Open Play,Left Foot,blocked,92,understat
2425,La Liga,2024-12-15 20:00:00,Leganes,Sergio González,0.3016161620616913,91.59999847412108,45.79999923706054,From Corner,,goal,3,understat
2425,La Liga,2024-12-15 20:00:00,Leganes,Yvan Neyou,0.0300075821578502,79.19999694824219,69.30000305175781,Open Play,Right Foot,saved,91,understat
2425,La Liga,2024-12-21 20:00:00,Atletico Madrid,Alexander Sørloth,0.3771040141582489,88.5,56.70000076293945,Open Play,Left Foot,goal,95,understat
2425,La Liga,2024-12-21 20:00:00,Atletico Madrid,Clement Lenglet,0.0160300508141517,43.70000076293945,73.80000305175781,Direct Freekick,Left Foot,saved,52,understat
2425,La Liga,2024-12-21 20:00:00,Atletico Madrid,Julián Álvarez,0.0074365860782563,67.5,70.0999984741211,Open Play,Right Foot,missed,84,understat
2425,La Liga,2024-12-21 20:00:00,Atletico Madrid,Pablo Barrios Rivas,0.2753969430923462,88.19999694824219,62.29999923706055,Open Play,Left Foot,saved,76,understat
2425,La Liga,2024-12-21 20:00:00,Atletico Madrid,Rodrigo de Paul,0.0347480662167072,79.30000305175781,58.099998474121094,Open Play,Right Foot,goal,59,understat
2425,La Liga,2024-12-21 20:00:00,Barcelona,Dani Olmo,0.0656524524092674,92.6999969482422,65.0999984741211,Open Play,Right Foot,missed,79,understat
2425,La Liga,2024-12-21 20:00:00,Barcelona,Eric Garcia,0.0857909843325614,88.80000305175781,52.20000076293946,From Corner,Left Foot,saved,83,understat
2425,La Liga,2024-12-21 20:00:00,Barcelona,Fermín López,0.3706658780574798,89.5999984741211,60.70000076293945,Open Play,Right Foot,saved,47,understat
2425,La Liga,2024-12-21 20:00:00,Barcelona,Gavi,0.2736309468746185,91.30000305175781,42.79999923706055,From Corner,,missed,24,understat
2425,La Liga,2024-12-21 20:00:00,Barcelona,Iñigo Martínez,0.034548882395029,90.0,32.70000076293945,From Corner,Left Foot,saved,21,understat
2425,La Liga,2024-12-21 20:00:00,Barcelona,Iñigo Martínez,0.0141240302473306,86.80000305175781,49.29999923706055,From Corner,,missed,68,understat
2425,La Liga,2024-12-21 20:00:00,Barcelona,Pedri,0.4137428104877472,89.0,55.79999923706055,Open Play,Right Foot,goal,29,understat
2425,La Liga,2024-12-21 20:00:00,Barcelona,Pedri,0.0663593038916587,85.80000305175781,33.09999847412109,Open Play,Left Foot,missed,54,understat
2425,La Liga,2024-12-21 20:00:00,Barcelona,Pedri,0.3714673519134521,90.80000305175781,39.5,Open Play,Right Foot,saved,87,understat
2425,La Liga,2024-12-21 20:00:00,Barcelona,Raphinha,0.0797876939177513,89.5,34.0,Open Play,Left Foot,blocked,3,understat
2425,La Liga,2024-12-21 20:00:00,Barcelona,Raphinha,0.0362546034157276,80.30000305175781,34.9000015258789,Open Play,Left Foot,blocked,42,understat
2425,La Liga,2024-12-21 20:00:00,Barcelona,Raphinha,0.4341290593147278,80.9000015258789,37.4000015258789,Open Play,Left Foot,post,56,understat
2425,La Liga,2024-12-21 20:00:00,Barcelona,Raphinha,0.0166402179747819,73.5999984741211,45.09999847412109,Open Play,Left Foot,blocked,80,understat
2425,La Liga,2024-12-21 20:00:00,Barcelona,Raphinha,0.2435381859540939,95.0999984741211,32.79999923706054,Open Play,Right Foot,saved,85,understat
2425,La Liga,2024-12-21 20:00:00,Barcelona,Robert Lewandowski,0.0164068918675184,89.5999984741211,60.20000076293945,Open Play,,missed,5,understat
2425,La Liga,2024-12-21 20:00:00,Barcelona,Robert Lewandowski,0.1003346741199493,79.5999984741211,62.4000015258789,Direct Freekick,Right Foot,blocked,53,understat
2425,La Liga,2024-12-21 20:00:00,Barcelona,Robert Lewandowski,0.1569651514291763,90.59999847412108,57.900001525878906,Open Play,Left Foot,blocked,56,understat
2425,La Liga,2024-12-21 20:00:00,Barcelona,Robert Lewandowski,0.6033554077148438,93.6999969482422,49.70000076293945,Open Play,Left Foot,saved,75,understat
2425,La Liga,2024-12-21 20:00:00,Barcelona,Robert Lewandowski,0.0589848719537258,82.69999694824219,46.79999923706054,Open Play,Right Foot,blocked,82,understat
2425,La Liga,2025-01-18 20:00:00,Barcelona,Frenkie de Jong,0.0291117168962955,76.9000015258789,56.79999923706055,Open Play,Right Foot,saved,79,understat
2425,La Liga,2025-01-18 20:00:00,Barcelona,Gavi,0.1018724218010902,89.0,53.400001525878906,Open Play,Left Foot,blocked,17,understat
2425,La Liga,2025-01-18 20:00:00,Barcelona,Jules Koundé,0.4451122879981994,93.8000030517578,51.5,Open Play,Left Foot,saved,8,understat
2425,La Liga,2025-01-18 20:00:00,Barcelona,Jules Koundé,0.5574266910552979,95.69999694824219,52.70000076293946,Open Play,Left Foot,saved,8,understat
2425,La Liga,2025-01-18 20:00:00,Barcelona,Jules Koundé,0.6507195234298706,97.5,53.900001525878906,Open Play,Left Foot,goal,8,understat
2425,La Liga,2025-01-18 20:00:00,Barcelona,Lamine Yamal,0.0121966693550348,71.5,47.79999923706055,Open Play,Left Foot,blocked,3,understat
2425,La Liga,2025-01-18 20:00:00,Barcelona,Lamine Yamal,0.1433527320623397,89.0999984741211,47.599998474121094,Open Play,Left Foot,blocked,46,understat
2425,La Liga,2025-01-18 20:00:00,Barcelona,Lamine Yamal,0.0256756152957677,76.5,48.099998474121094,Open Play,Left Foot,blocked,52,understat
2425,La Liga,2025-01-18 20:00:00,Barcelona,Lamine Yamal,0.0140887619927525,71.5,45.5,From Corner,Left Foot,blocked,57,understat
2425,La Liga,2025-01-18 20:00:00,Barcelona,Lamine Yamal,0.0235222708433866,78.5999984741211,30.39999961853027,Open Play,Left Foot,missed,62,understat
2425,La Liga,2025-01-18 20:00:00,Barcelona,Lamine Yamal,0.0247908849269151,80.5,27.60000038146972,Open Play,Left Foot,saved,68,understat
2425,La Liga,2025-01-18 20:00:00,Barcelona,Lamine Yamal,0.0254835616797208,78.19999694824219,36.0,From Corner,Left Foot,blocked,89,understat
2425,La Liga,2025-01-18 20:00:00,Barcelona,Raphinha,0.3726375102996826,97.3000030517578,57.599998474121094,Open Play,,missed,32,understat
2425,La Liga,2025-01-18 20:00:00,Barcelona,Raphinha,0.02413846924901,78.80000305175781,68.30000305175781,Open Play,Left Foot,blocked,58,understat
2425,La Liga,2025-01-18 20:00:00,Barcelona,Raphinha,0.0388670600950717,93.6999969482422,71.80000305175781,Open Play,Left Foot,blocked,60,understat
2425,La Liga,2025-01-18 20:00:00,Barcelona,Raphinha,0.0811923220753669,78.19999694824219,64.30000305175781,Direct Freekick,Left Foot,blocked,76,understat
2425,La Liga,2025-01-18 20:00:00,Barcelona,Raphinha,0.3256427347660064,97.0999984741211,58.5,Open Play,Left Foot,missed,82,understat
2425,La Liga,2025-01-18 20:00:00,Barcelona,Robert Lewandowski,0.4401074051856994,95.5,43.4000015258789,Set Piece,,missed,40,understat
2425,La Liga,2025-01-18 20:00:00,Barcelona,Robert Lewandowski,0.1134144887328147,95.19999694824219,49.4000015258789,From Corner,,missed,80,understat
2425,La Liga,2025-01-18 20:00:00,Barcelona,Álex Balde,0.0134998057037591,72.80000305175781,66.0,From Corner,Left Foot,missed,14,understat
2425,La Liga,2025-01-18 20:00:00,Barcelona,Álex Balde,0.0409761704504489,95.40000152587892,73.80000305175781,Open Play,Left Foot,missed,92,understat
2425,La Liga,2025-01-18 20:00:00,Getafe,Christantus Uche,0.0371482297778129,84.9000015258789,71.80000305175781,Open Play,Left Foot,missed,59,understat
2425,La Liga,2025-01-18 20:00:00,Getafe,Christantus Uche,0.0566556900739669,77.80000305175781,53.700000762939446,Open Play,Right Foot,missed,87,understat
2425,La Liga,2025-01-18 20:00:00,Getafe,Christantus Uche,0.0123296007513999,59.599998474121094,38.20000076293945,Open Play,Right Foot,saved,97,understat
2425,La Liga,2025-01-18 20:00:00,Getafe,Coba da Costa,0.0859141945838928,85.30000305175781,61.29999923706054,Open Play,Right Foot,blocked,3,understat
2425,La Liga,2025-01-18 20:00:00,Getafe,Coba da Costa,0.0566551834344863,90.1999969482422,64.5999984741211,Open Play,Right Foot,saved,33,understat
2425,La Liga,2025-01-18 20:00:00,Getafe,Diego Rico,0.0062295543029904,54.29999923706055,98.5999984741211,Open Play,Left Foot,missed,97,understat
2425,La Liga,2025-01-18 20:00:00,Getafe,Djené Dakonam,0.0965965762734413,87.0999984741211,43.0,Open Play,Left Foot,missed,66,understat
2425,La Liga,2025-01-18 20:00:00,Getafe,Mauro Arambarri,0.0448010042309761,86.19999694824219,53.900001525878906,Set Piece,,missed,33,understat
2425,La Liga,2025-01-18 20:00:00,Getafe,Mauro Arambarri,0.7033964395523071,96.3000030517578,49.4000015258789,Open Play,Left Foot,goal,33,understat
2425,La Liga,2025-01-18 20:00:00,Getafe,Mauro Arambarri,0.1093306839466095,87.5,43.70000076293945,Open Play,Right Foot,saved,46,understat
2425,La Liga,2025-01-26 20:00:00,Barcelona,Eric Garcia,0.0840702578425407,95.3000030517578,53.0,From Corner,,missed,29,understat
2425,La Liga,2025-01-26 20:00:00,Barcelona,Fermín López,0.4448206424713135,86.0,51.59999847412109,Open Play,Right Foot,goal,23,understat
2425,La Liga,2025-01-26 20:00:00,Barcelona,Fermín López,0.3495764136314392,85.9000015258789,56.70000076293945,Open Play,Right Foot,goal,48,understat
2425,La Liga,2025-01-26 20:00:00,Barcelona,Ferrán Torres,0.337130457162857,90.30000305175781,54.79999923706055,Open Play,Right Foot,goal,7,understat
2425,La Liga,2025-01-26 20:00:00,Barcelona,Ferrán Torres,0.4881086051464081,95.19999694824219,57.599998474121094,Open Play,Left Foot,missed,26,understat
2425,La Liga,2025-01-26 20:00:00,Barcelona,Ferrán Torres,0.1509483903646469,86.0999984741211,51.29999923706055,Open Play,Right Foot,blocked,40,understat
2425,La Liga,2025-01-26 20:00:00,Barcelona,Ferrán Torres,0.4581151008605957,91.4000015258789,57.20000076293945,Open Play,Left Foot,missed,53,understat
2425,La Liga,2025-01-26 20:00:00,Barcelona,Ferrán Torres,0.3837512135505676,86.4000015258789,51.5,Open Play,Right Foot,saved,71,understat
2425,La Liga,2025-01-26 20:00:00,Barcelona,Ferrán Torres,0.0911913141608238,87.80000305175781,37.0,Open Play,Right Foot,saved,74,understat
2425,La Liga,2025-01-26 20:00:00,Barcelona,Frenkie de Jong,0.3728076219558716,92.0,46.400001525878906,Open Play,Right Foot,goal,2,understat
2425,La Liga,2025-01-26 20:00:00,Barcelona,Lamine Yamal,0.0250786487013101,74.30000305175781,51.5,From Corner,Left Foot,blocked,5,understat
2425,La Liga,2025-01-26 20:00:00,Barcelona,Lamine Yamal,0.055410373955965,79.0999984741211,40.099998474121094,Open Play,Left Foot,blocked,31,understat
2425,La Liga,2025-01-26 20:00:00,Barcelona,Lamine Yamal,0.0262195654213428,81.69999694824219,34.599998474121094,From Corner,Left Foot,saved,57,understat
2425,La Liga,2025-01-26 20:00:00,Barcelona,Marc Casadó,0.0196873731911182,80.19999694824219,52.400001525878906,From Corner,Right Foot,blocked,18,understat
2425,La Liga,2025-01-26 20:00:00,Barcelona,Marc Casadó,0.03652910515666,79.30000305175781,62.5999984741211,Open Play,Right Foot,missed,51,understat
2425,La Liga,2025-01-26 20:00:00,Barcelona,Pablo Torre,0.0223187804222106,73.80000305175781,60.79999923706054,Open Play,Right Foot,saved,87,understat
2425,La Liga,2025-01-26 20:00:00,Barcelona,Raphinha,0.0570096224546432,88.30000305175781,69.30000305175781,Open Play,Left Foot,blocked,4,understat
2425,La Liga,2025-01-26 20:00:00,Barcelona,Raphinha,0.4578369855880737,90.4000015258789,32.400001525878906,Open Play,Right Foot,goal,13,understat
2425,La Liga,2025-01-26 20:00:00,Barcelona,Raphinha,0.4358291625976562,91.1999969482422,35.79999923706055,Open Play,Right Foot,post,48,understat
2425,La Liga,2025-01-26 20:00:00,Barcelona,Robert Lewandowski,0.0889629125595092,89.5999984741211,33.900001525878906,Open Play,Right Foot,goal,65,understat
2425,La Liga,2025-01-26 20:00:00,Barcelona,Robert Lewandowski,0.0801103040575981,87.4000015258789,67.30000305175781,Open Play,Left Foot,missed,81,understat
2425,La Liga,2025-01-26 20:00:00,Barcelona,Álex Balde,0.0482674911618232,87.0999984741211,65.0999984741211,Open Play,Left Foot,saved,31,understat
2425,La Liga,2025-01-26 20:00:00,Valencia,André Almeida,0.049102209508419,90.1999969482422,54.599998474121094,Open Play,,missed,46,understat
2425,La Liga,2025-01-26 20:00:00,Valencia,André Almeida,0.0715571343898773,90.59999847412108,28.60000038146972,Open Play,Right Foot,saved,57,understat
2425,La Liga,2025-01-26 20:00:00,Valencia,César Tárrega,0.0,3.90000009536743,60.29999923706054,Open Play,Right Foot,own_goal,74,understat
2425,La Liga,2025-01-26 20:00:00,Valencia,Diego López,0.1207859367132186,90.5,46.400001525878906,Open Play,Right Foot,blocked,46,understat
2425,La Liga,2025-01-26 20:00:00,Valencia,Hugo Duro,0.3724552690982818,91.59999847412108,56.29999923706055,Open Play,Left Foot,goal,58,understat
2425,La Liga,2025-01-26 20:00:00,Valencia,Luis Rioja,0.0186027269810438,85.9000015258789,31.600000381469727,Open Play,Left Foot,missed,45,understat
2425,La Liga,2025-01-26 20:00:00,Valencia,Pepelu,0.0527176707983017,72.30000305175781,43.5,Direct Freekick,Right Foot,blocked,10,understat
2425,La Liga,2025-01-26 20:00:00,Valencia,Yarek Gasiorowski,0.6180559992790222,96.40000152587892,47.700000762939446,From Corner,Right Foot,missed,77,understat
2425,La Liga,2025-02-02 13:00:00,Alaves,Antonio Martínez,0.048198115080595,92.59999847412108,29.5,Open Play,Right Foot,blocked,85,understat
2425,La Liga,2025-02-02 13:00:00,Alaves,Antonio Martínez,0.0508044026792049,85.4000015258789,46.400001525878906,Open Play,Right Foot,missed,86,understat
2425,La Liga,2025-02-02 13:00:00,Alaves,Carlos Martín,0.0272754244506359,71.4000015258789,64.0999984741211,Open Play,Right Foot,blocked,78,understat
2425,La Liga,2025-02-02 13:00:00,Barcelona,Fermín López,0.0835438445210456,82.80000305175781,46.599998474121094,Open Play,Left Foot,blocked,63,understat
2425,La Liga,2025-02-02 13:00:00,Barcelona,Fermín López,0.0881824344396591,85.5999984741211,39.5,Open Play,Right Foot,blocked,73,understat
2425,La Liga,2025-02-02 13:00:00,Barcelona,Ferrán Torres,0.0313725396990776,81.19999694824219,72.30000305175781,Open Play,Right Foot,saved,73,understat
2425,La Liga,2025-02-02 13:00:00,Barcelona,Lamine Yamal,0.0292572546750307,85.5,26.60000038146972,Open Play,Left Foot,saved,60,understat
2425,La Liga,2025-02-02 13:00:00,Barcelona,Lamine Yamal,0.0263101831078529,89.0999984741211,28.89999961853027,From Corner,Left Foot,blocked,60,understat
2425,La Liga,2025-02-02 13:00:00,Barcelona,Pedri,0.0567645207047462,81.30000305175781,46.20000076293945,Open Play,Right Foot,saved,42,understat
2425,La Liga,2025-02-02 13:00:00,Barcelona,Raphinha,0.0385345816612243,83.5999984741211,67.5,Open Play,Left Foot,missed,4,understat
2425,La Liga,2025-02-02 13:00:00,Barcelona,Robert Lewandowski,0.0746299996972084,85.9000015258789,49.099998474121094,Open Play,Left Foot,missed,29,understat
2425,La Liga,2025-02-02 13:00:00,Barcelona,Robert Lewandowski,0.1842897683382034,91.09999847412108,47.4000015258789,From Corner,,missed,56,understat
2425,La Liga,2025-02-02 13:00:00,Barcelona,Robert Lewandowski,0.5744619369506836,96.0999984741211,55.70000076293945,From Corner,Left Foot,goal,60,understat
2425,La Liga,2025-02-02 13:00:00,Barcelona,Álex Balde,0.0130243944004178,70.30000305175781,57.29999923706055,From Corner,Left Foot,blocked,56,understat
2425,La Liga,2025-02-09 20:00:00,Barcelona,Eric Garcia,0.5237098932266235,97.0,54.900001525878906,Set Piece,,goal,88,understat
2425,La Liga,2025-02-09 20:00:00,Barcelona,Fermín López,0.4842763245105743,94.5,48.9000015258789,Open Play,,goal,45,understat
2425,La Liga,2025-02-09 20:00:00,Barcelona,Jules Koundé,0.0657731518149375,85.0,37.70000076293945,Open Play,Left Foot,missed,41,understat
2425,La Liga,2025-02-09 20:00:00,Barcelona,Lamine Yamal,0.0561758242547512,89.5999984741211,33.0,Open Play,Left Foot,saved,6,understat
2425,La Liga,2025-02-09 20:00:00,Barcelona,Lamine Yamal,0.019870126619935,78.30000305175781,31.0,Open Play,Left Foot,missed,35,understat
2425,La Liga,2025-02-09 20:00:00,Barcelona,Lamine Yamal,0.0634534955024719,89.9000015258789,36.200000762939446,Open Play,Left Foot,missed,46,understat
2425,La Liga,2025-02-09 20:00:00,Barcelona,Lamine Yamal,0.0494672618806362,94.09999847412108,31.29999923706055,Open Play,Right Foot,missed,48,understat
2425,La Liga,2025-02-09 20:00:00,Barcelona,Raphinha,0.026250934228301,76.5,59.70000076293945,Open Play,Right Foot,saved,14,understat
2425,La Liga,2025-02-09 20:00:00,Barcelona,Raphinha,0.0371170230209827,78.5,41.0,Open Play,Right Foot,goal,54,understat
2425,La Liga,2025-02-09 20:00:00,Barcelona,Robert Lewandowski,0.6058962941169739,96.90000152587892,52.79999923706055,From Corner,Left Foot,goal,6,understat
2425,La Liga,2025-02-09 20:00:00,Sevilla,Dodi Lukebakio,0.0922099277377128,90.80000305175781,47.5,Open Play,Left Foot,saved,44,understat
2425,La Liga,2025-02-09 20:00:00,Sevilla,Kike Salas,0.0954797938466072,91.80000305175781,45.70000076293945,From Corner,,blocked,78,understat
2425,La Liga,2025-02-09 20:00:00,Sevilla,Loic Bade,0.0100466199219226,71.30000305175781,34.0,Open Play,Right Foot,saved,77,understat
2425,La Liga,2025-02-09 20:00:00,Sevilla,Loic Bade,0.1055353432893753,88.0999984741211,51.900001525878906,From Corner,Right Foot,blocked,78,understat
2425,La Liga,2025-02-09 20:00:00,Sevilla,Nemanja Gudelj,0.0118525084108114,71.0999984741211,46.700000762939446,Open Play,Right Foot,blocked,28,understat
2425,La Liga,2025-02-09 20:00:00,Sevilla,Ruben Vargas,0.5424429774284363,95.90000152587892,56.00000000000001,Open Play,Right Foot,goal,7,understat
2425,La Liga,2025-02-09 20:00:00,Sevilla,Ruben Vargas,0.0525017417967319,88.0999984741211,65.4000015258789,Open Play,Right Foot,blocked,28,understat
2425,La Liga,2025-02-09 20:00:00,Sevilla,Suso,0.0220587458461523,86.19999694824219,24.5,Open Play,Left Foot,saved,84,understat
2425,La Liga,2025-02-17 20:00:00,Barcelona,Lamine Yamal,0.0523684658110141,87.4000015258789,32.5,Open Play,Left Foot,blocked,11,understat
2425,La Liga,2025-02-17 20:00:00,Barcelona,Lamine Yamal,0.3813776671886444,90.30000305175781,37.0,Open Play,Left Foot,saved,29,understat
2425,La Liga,2025-02-17 20:00:00,Barcelona,Lamine Yamal,0.4097001552581787,97.5,40.9000015258789,Open Play,Left Foot,missed,29,understat
2425,La Liga,2025-02-17 20:00:00,Barcelona,Lamine Yamal,0.0722605660557746,86.0999984741211,35.0,Open Play,Left Foot,blocked,59,understat
2425,La Liga,2025-02-17 20:00:00,Barcelona,Raphinha,0.0530642792582511,90.6999969482422,47.099998474121094,Open Play,,missed,7,understat
2425,La Liga,2025-02-17 20:00:00,Barcelona,Raphinha,0.0984100475907325,93.6999969482422,63.59999847412109,Open Play,Left Foot,missed,19,understat
2425,La Liga,2025-02-17 20:00:00,Barcelona,Raphinha,0.3315786719322204,88.69999694824219,64.80000305175781,Open Play,Left Foot,saved,22,understat
2425,La Liga,2025-02-17 20:00:00,Barcelona,Raphinha,0.0869889259338378,94.8000030517578,70.9000015258789,Open Play,Left Foot,saved,70,understat
2425,La Liga,2025-02-17 20:00:00,Barcelona,Raphinha,0.4276757538318634,89.19999694824219,42.5,Open Play,Left Foot,missed,71,understat
2425,La Liga,2025-02-17 20:00:00,Barcelona,Raphinha,0.0227004364132881,95.0999984741211,65.80000305175781,Open Play,,saved,81,understat
2425,La Liga,2025-02-17 20:00:00,Barcelona,Robert Lewandowski,0.1063084527850151,94.0,51.29999923706055,Open Play,,missed,3,understat
2425,La Liga,2025-02-17 20:00:00,Barcelona,Robert Lewandowski,0.7432776093482971,88.5,50.0,,Right Foot,goal,27,understat
2425,La Liga,2025-02-17 20:00:00,Barcelona,Robert Lewandowski,0.1001089885830879,87.5,60.29999923706054,Open Play,Right Foot,missed,52,understat
2425,La Liga,2025-02-17 20:00:00,Barcelona,Robert Lewandowski,0.098180316388607,87.19999694824219,62.4000015258789,Open Play,Right Foot,blocked,77,understat
2425,La Liga,2025-02-17 20:00:00,Rayo Vallecano,Abdul Mumin,0.0157044660300016,97.40000152587892,60.099998474121094,From Corner,,missed,13,understat
2425,La Liga,2025-02-17 20:00:00,Rayo Vallecano,Jorge De Frutos,0.0765422582626342,89.80000305175781,35.599998474121094,Open Play,Right Foot,saved,66,understat
2425,La Liga,2025-02-17 20:00:00,Rayo Vallecano,Jorge De Frutos,0.316085934638977,89.80000305175781,48.29999923706055,Open Play,,missed,90,understat
2425,La Liga,2025-02-17 20:00:00,Rayo Vallecano,Pedro Díaz,0.0410571433603763,84.19999694824219,33.59999847412109,From Corner,Right Foot,missed,44,understat
2425,La Liga,2025-02-17 20:00:00,Rayo Vallecano,Pedro Díaz,0.0129228495061397,73.69999694824219,61.20000076293945,From Corner,Left Foot,missed,47,understat
2425,La Liga,2025-02-17 20:00:00,Rayo Vallecano,Randy Nteka,0.1158157661557197,90.4000015258789,54.599998474121094,Open Play,Left Foot,saved,36,understat
2425,La Liga,2025-02-17 20:00:00,Rayo Vallecano,Sergi Guardiola,0.0860509276390075,96.40000152587892,41.099998474121094,From Corner,,missed,94,understat
2425,La Liga,2025-02-17 20:00:00,Rayo Vallecano,Álvaro García,0.6581528186798096,96.69999694824219,45.79999923706054,Open Play,Left Foot,saved,36,understat
2425,La Liga,2025-02-17 20:00:00,Rayo Vallecano,Álvaro García,0.063298262655735,87.0,47.200000762939446,Open Play,Left Foot,saved,76,understat
2425,La Liga,2025-02-22 20:00:00,Barcelona,Dani Olmo,0.431362897157669,89.0,49.099998474121094,Open Play,Left Foot,goal,61,understat
2425,La Liga,2025-02-22 20:00:00,Barcelona,Eric Garcia,0.0783832967281341,89.19999694824219,56.20000076293945,Set Piece,Right Foot,saved,1,understat
2425,La Liga,2025-02-22 20:00:00,Barcelona,Fermín López,0.0354083962738513,91.1999969482422,75.4000015258789,Open Play,Left Foot,missed,44,understat
2425,La Liga,2025-02-22 20:00:00,Barcelona,Ferrán Torres,0.2978986501693725,94.3000030517578,66.4000015258789,Open Play,Left Foot,goal,94,understat
2425,La Liga,2025-02-22 20:00:00,Barcelona,Lamine Yamal,0.0511882826685905,90.59999847412108,70.0999984741211,Open Play,Left Foot,missed,31,understat
2425,La Liga,2025-02-22 20:00:00,Barcelona,Lamine Yamal,0.0366100370883941,87.0,28.39999961853027,Open Play,Left Foot,blocked,52,understat
2425,La Liga,2025-02-22 20:00:00,Barcelona,Lamine Yamal,0.1003326773643493,96.0999984741211,40.700000762939446,Open Play,Left Foot,missed,68,understat
2425,La Liga,2025-02-22 20:00:00,Barcelona,Raphinha,0.0457256510853767,81.5999984741211,17.29999923706054,Direct Freekick,Left Foot,saved,27,understat
2425,La Liga,2025-02-22 20:00:00,Barcelona,Raphinha,0.0783354341983795,75.5999984741211,52.400001525878906,Direct Freekick,Left Foot,blocked,43,understat
2425,La Liga,2025-02-22 20:00:00,Barcelona,Raphinha,0.0655623823404312,92.0,50.9000015258789,Open Play,,missed,60,understat
2425,La Liga,2025-02-22 20:00:00,Barcelona,Robert Lewandowski,0.1247944310307502,91.4000015258789,52.29999923706055,Open Play,,missed,3,understat
2425,La Liga,2025-02-22 20:00:00,Barcelona,Robert Lewandowski,0.06990397721529,77.19999694824219,65.80000305175781,Direct Freekick,Right Foot,missed,5,understat
2425,La Liga,2025-02-22 20:00:00,Barcelona,Robert Lewandowski,0.1392569988965988,96.5,58.099998474121094,Open Play,,saved,70,understat
2425,La Liga,2025-02-22 20:00:00,Barcelona,Robert Lewandowski,0.0982476770877838,85.5999984741211,41.5,Open Play,Left Foot,missed,72,understat
2425,La Liga,2025-02-22 20:00:00,Barcelona,Álex Balde,0.0118529051542282,69.69999694824219,64.4000015258789,Open Play,Left Foot,missed,33,understat
2425,La Liga,2025-02-22 20:00:00,Las Palmas,Alberto Moleiro,0.0377066172659397,85.5,69.69999694824219,Open Play,Right Foot,missed,24,understat
2425,La Liga,2025-02-22 20:00:00,Las Palmas,Dário Essugo,0.0419551096856594,84.9000015258789,32.5,Open Play,Right Foot,blocked,49,understat
2425,La Liga,2025-02-22 20:00:00,Las Palmas,Javi Muñoz,0.0648799836635589,86.0999984741211,30.5,Open Play,Left Foot,missed,50,understat
2425,La Liga,2025-02-22 20:00:00,Las Palmas,Mika Mármol,0.1068196892738342,94.59999847412108,55.00000000000001,From Corner,Left Foot,blocked,13,understat
2425,La Liga,2025-02-22 20:00:00,Las Palmas,Sandro Ramírez,0.0621626302599906,88.69999694824219,29.299999237060547,Open Play,Right Foot,saved,13,understat
2425,La Liga,2025-02-22 20:00:00,Las Palmas,Sandro Ramírez,0.0192266646772623,72.69999694824219,55.50000000000001,Open Play,Right Foot,missed,67,understat
2425,La Liga,2025-02-22 20:00:00,Las Palmas,Sandro Ramírez,0.0431711450219154,80.5999984741211,53.79999923706055,Open Play,Left Foot,missed,86,understat
2425,La Liga,2025-02-22 20:00:00,Las Palmas,Sandro Ramírez,0.0180309619754552,86.80000305175781,32.0,Set Piece,Right Foot,blocked,91,understat
2425,La Liga,2025-02-22 20:00:00,Las Palmas,Stefan Bajcetic,0.0198459047824144,77.80000305175781,69.4000015258789,Open Play,Right Foot,saved,1,understat
2425,La Liga,2025-02-22 20:00:00,Las Palmas,Viti Rozada,0.0172101762145757,74.4000015258789,45.20000076293945,From Corner,Right Foot,missed,9,understat
2425,La Liga,2025-03-02 15:15:00,Barcelona,Dani Olmo,0.1139237284660339,88.0,47.200000762939446,Open Play,Left Foot,blocked,20,understat
2425,La Liga,2025-03-02 15:15:00,Barcelona,Dani Olmo,0.0328056961297988,80.9000015258789,41.29999923706055,From Corner,Right Foot,missed,28,understat
2425,La Liga,2025-03-02 15:15:00,Barcelona,Dani Olmo,0.0577155612409114,84.9000015258789,51.29999923706055,From Corner,Right Foot,blocked,43,understat
2425,La Liga,2025-03-02 15:15:00,Barcelona,Dani Olmo,0.0733033269643783,86.9000015258789,35.79999923706055,Open Play,Right Foot,saved,45,understat
2425,La Liga,2025-03-02 15:15:00,Barcelona,Dani Olmo,0.0961638987064361,89.4000015258789,69.19999694824219,From Corner,Left Foot,saved,63,understat
2425,La Liga,2025-03-02 15:15:00,Barcelona,Ferrán Torres,0.1181788519024849,84.80000305175781,49.59999847412109,Open Play,Right Foot,missed,66,understat
2425,La Liga,2025-03-02 15:15:00,Barcelona,Ferrán Torres,0.0928069502115249,94.5,31.600000381469727,Open Play,Right Foot,blocked,78,understat
2425,La Liga,2025-03-02 15:15:00,Barcelona,Ferrán Torres,0.0415204800665378,75.5,76.0,Direct Freekick,Right Foot,saved,83,understat
2425,La Liga,2025-03-02 15:15:00,Barcelona,Ferrán Torres,0.1892690658569336,94.59999847412108,39.5,From Corner,Left Foot,missed,85,understat
2425,La Liga,2025-03-02 15:15:00,Barcelona,Gerard Martín,0.0325276367366313,89.4000015258789,75.0999984741211,Open Play,Left Foot,missed,21,understat
2425,La Liga,2025-03-02 15:15:00,Barcelona,Gerard Martín,0.3027685284614563,91.09999847412108,61.70000076293945,Open Play,Left Foot,goal,24,understat
2425,La Liga,2025-03-02 15:15:00,Barcelona,Gerard Martín,0.1047249510884285,90.09999847412108,62.5999984741211,Open Play,Left Foot,blocked,62,understat
2425,La Liga,2025-03-02 15:15:00,Barcelona,Hector Fort,0.0401288457214832,81.9000015258789,29.39999961853027,Open Play,Right Foot,blocked,89,understat
2425,La Liga,2025-03-02 15:15:00,Barcelona,Lamine Yamal,0.0740349143743515,83.9000015258789,37.09999847412109,Open Play,Left Foot,blocked,46,understat
2425,La Liga,2025-03-02 15:15:00,Barcelona,Lamine Yamal,0.0198669079691171,79.19999694824219,31.0,Open Play,Left Foot,blocked,64,understat
2425,La Liga,2025-03-02 15:15:00,Barcelona,Lamine Yamal,0.0554637946188449,86.30000305175781,27.89999961853027,Open Play,Left Foot,blocked,82,understat
2425,La Liga,2025-03-02 15:15:00,Barcelona,Lamine Yamal,0.0640124902129173,86.5999984741211,29.89999961853027,Open Play,Left Foot,blocked,88,understat
2425,La Liga,2025-03-02 15:15:00,Barcelona,Lamine Yamal,0.0397699251770973,81.30000305175781,26.60000038146972,Open Play,Left Foot,saved,90,understat
2425,La Liga,2025-03-02 15:15:00,Barcelona,Marc Casadó,0.0895652323961258,89.5,52.400001525878906,From Corner,Left Foot,goal,28,understat
2425,La Liga,2025-03-02 15:15:00,Barcelona,Pedri,0.0639636218547821,86.9000015258789,31.29999923706055,Open Play,Right Foot,blocked,26,understat
2425,La Liga,2025-03-02 15:15:00,Barcelona,Pedri,0.0887775346636772,81.80000305175781,48.5,Open Play,Right Foot,saved,38,understat
2425,La Liga,2025-03-02 15:15:00,Barcelona,Pedri,0.0307677295058965,78.5999984741211,65.19999694824219,Open Play,Right Foot,post,54,understat
2425,La Liga,2025-03-02 15:15:00,Barcelona,Raphinha,0.0307857897132635,74.5,48.79999923706055,Open Play,Left Foot,blocked,43,understat
2425,La Liga,2025-03-02 15:15:00,Barcelona,Raphinha,0.0498711466789245,76.9000015258789,26.0,Direct Freekick,Left Foot,missed,49,understat
2425,La Liga,2025-03-02 15:15:00,Barcelona,Robert Lewandowski,0.101502925157547,88.69999694824219,40.5,Open Play,Right Foot,blocked,36,understat
2425,La Liga,2025-03-02 15:15:00,Barcelona,Robert Lewandowski,0.0917109698057174,87.5,41.0,Open Play,Right Foot,blocked,37,understat
2425,La Liga,2025-03-02 15:15:00,Barcelona,Robert Lewandowski,0.0377200916409492,93.09999847412108,43.0,From Corner,,saved,55,understat
2425,La Liga,2025-03-02 15:15:00,Barcelona,Robert Lewandowski,0.4008683264255523,86.9000015258789,50.20000076293945,Open Play,Right Foot,goal,60,understat
2425,La Liga,2025-03-02 15:15:00,Barcelona,Robert Lewandowski,0.1026956960558891,84.80000305175781,37.4000015258789,Open Play,Right Foot,blocked,62,understat
2425,La Liga,2025-03-02 15:15:00,Barcelona,Robert Lewandowski,0.4276860952377319,95.3000030517578,52.29999923706055,From Corner,,missed,79,understat
2425,La Liga,2025-03-02 15:15:00,Barcelona,Robert Lewandowski,0.0336383320391178,77.30000305175781,59.099998474121094,Open Play,Right Foot,missed,87,understat
2425,La Liga,2025-03-02 15:15:00,Barcelona,Ronald Araújo,0.5448049902915955,96.19999694824219,50.20000076293945,From Corner,,goal,55,understat
2425,La Liga,2025-03-02 15:15:00,Barcelona,Ronald Araújo,0.0236525125801563,72.80000305175781,38.79999923706054,Open Play,Right Foot,missed,59,understat
2425,La Liga,2025-03-16 20:00:00,Atletico Madrid,Alexander Sørloth,0.5008910894393921,90.59999847412108,50.0,Open Play,Left Foot,goal,69,understat
2425,La Liga,2025-03-16 20:00:00,Atletico Madrid,Alexander Sørloth,0.0291440449655056,78.5,62.79999923706055,Open Play,Left Foot,missed,90,understat
2425,La Liga,2025-03-16 20:00:00,Atletico Madrid,Clement Lenglet,0.0571820065379142,92.59999847412108,52.79999923706055,From Corner,,missed,67,understat
2425,La Liga,2025-03-16 20:00:00,Atletico Madrid,Giuliano Simeone,0.0308798793703317,88.4000015258789,26.200000762939453,Open Play,Right Foot,missed,1,understat
2425,La Liga,2025-03-16 20:00:00,Atletico Madrid,Julián Álvarez,0.4226571917533874,88.69999694824219,49.79999923706055,Open Play,Right Foot,goal,44,understat
2425,La Liga,2025-03-16 20:00:00,Atletico Madrid,Rodrigo de Paul,0.0173953026533126,73.19999694824219,43.79999923706055,Open Play,Right Foot,missed,9,understat
2425,La Liga,2025-03-16 20:00:00,Atletico Madrid,Samuel Lino,0.0361971780657768,78.0,34.79999923706054,From Corner,Left Foot,blocked,21,understat
2425,La Liga,2025-03-16 20:00:00,Barcelona,Ferrán Torres,0.3555070459842682,92.4000015258789,45.79999923706054,Open Play,,goal,77,understat
2425,La Liga,2025-03-16 20:00:00,Barcelona,Ferrán Torres,0.0767862498760223,81.9000015258789,45.70000076293945,Open Play,Right Foot,goal,97,understat
2425,La Liga,2025-03-16 20:00:00,Barcelona,Jules Koundé,0.0236121099442243,78.0,32.5,Open Play,Right Foot,blocked,12,understat
2425,La Liga,2025-03-16 20:00:00,Barcelona,Lamine Yamal,0.3660627901554107,87.80000305175781,38.0,Open Play,Left Foot,post,4,understat
2425,La Liga,2025-03-16 20:00:00,Barcelona,Lamine Yamal,0.0490727238357067,81.80000305175781,45.20000076293945,Open Play,Left Foot,missed,49,understat
2425,La Liga,2025-03-16 20:00:00,Barcelona,Lamine Yamal,0.027373731136322,85.5999984741211,27.79999923706054,Open Play,Left Foot,saved,75,understat
2425,La Liga,2025-03-16 20:00:00,Barcelona,Lamine Yamal,0.0240307059139013,78.69999694824219,31.399999618530273,Open Play,Left Foot,goal,91,understat
2425,La Liga,2025-03-16 20:00:00,Barcelona,Raphinha,0.0186344571411609,75.19999694824219,53.599998474121094,From Corner,Left Foot,missed,52,understat
2425,La Liga,2025-03-16 20:00:00,Barcelona,Robert Lewandowski,0.3178388476371765,90.9000015258789,57.599998474121094,Open Play,,saved,13,understat
2425,La Liga,2025-03-16 20:00:00,Barcelona,Robert Lewandowski,0.3034908473491668,89.30000305175781,61.79999923706055,Open Play,Left Foot,post,43,understat
2425,La Liga,2025-03-16 20:00:00,Barcelona,Robert Lewandowski,0.4953234195709228,95.0999984741211,49.9000015258789,Open Play,,missed,58,understat
2425,La Liga,2025-03-16 20:00:00,Barcelona,Robert Lewandowski,0.0574778094887733,86.19999694824219,52.599998474121094,Open Play,Left Foot,goal,71,understat
2425,La Liga,2025-03-16 20:00:00,Barcelona,Robert Lewandowski,0.046941477805376,81.0999984741211,52.79999923706055,Open Play,Left Foot,missed,86,understat
2425,La Liga,2025-03-27 20:00:00,Barcelona,Dani Olmo,0.1266769766807556,91.5,57.900001525878906,Open Play,Right Foot,missed,8,understat
2425,La Liga,2025-03-27 20:00:00,Barcelona,Dani Olmo,0.7432776093482971,88.5,50.0,,Right Foot,goal,20,understat
2425,La Liga,2025-03-27 20:00:00,Barcelona,Fermín López,0.1118582412600517,89.0,37.20000076293945,Open Play,Right Foot,blocked,35,understat
2425,La Liga,2025-03-27 20:00:00,Barcelona,Ferrán Torres,0.6156385540962219,96.5999984741211,52.09999847412109,Open Play,Right Foot,goal,10,understat
2425,La Liga,2025-03-27 20:00:00,Barcelona,Ferrán Torres,0.3994438350200653,94.8000030517578,43.59999847412109,Open Play,Right Foot,saved,13,understat
2425,La Liga,2025-03-27 20:00:00,Barcelona,Ferrán Torres,0.7394212484359741,96.40000152587892,46.400001525878906,Open Play,Right Foot,blocked,28,understat
2425,La Liga,2025-03-27 20:00:00,Barcelona,Ferrán Torres,0.0862984731793403,76.5,53.400001525878906,Direct Freekick,Right Foot,post,38,understat
2425,La Liga,2025-03-27 20:00:00,Barcelona,Lamine Yamal,0.0646915361285209,81.30000305175781,35.200000762939446,Open Play,Left Foot,missed,30,understat
2425,La Liga,2025-03-27 20:00:00,Barcelona,Lamine Yamal,0.0296085197478532,77.4000015258789,31.29999923706055,Open Play,Left Foot,missed,45,understat
2425,La Liga,2025-03-27 20:00:00,Barcelona,Lamine Yamal,0.0362826026976108,77.5,46.79999923706054,From Corner,Left Foot,missed,56,understat
2425,La Liga,2025-03-27 20:00:00,Barcelona,Lamine Yamal,0.0814264714717865,87.80000305175781,33.79999923706054,Open Play,Left Foot,blocked,65,understat
2425,La Liga,2025-03-27 20:00:00,Barcelona,Pablo Torre,0.0526355393230915,78.4000015258789,52.09999847412109,Open Play,Right Foot,missed,47,understat
2425,La Liga,2025-03-27 20:00:00,Barcelona,Pablo Torre,0.0415194779634475,82.69999694824219,64.80000305175781,Open Play,Left Foot,missed,78,understat
2425,La Liga,2025-03-27 20:00:00,Barcelona,Pau Victor,0.5786738991737366,93.6999969482422,55.599998474121094,Open Play,Right Foot,saved,85,understat
2425,La Liga,2025-03-27 20:00:00,Barcelona,Pau Victor,0.1045427173376083,85.5,55.599998474121094,Open Play,Left Foot,blocked,89,understat
2425,La Liga,2025-03-27 20:00:00,Barcelona,Pedri,0.041568037122488,84.5,29.799999237060547,Open Play,Left Foot,missed,45,understat
2425,La Liga,2025-03-27 20:00:00,Barcelona,Robert Lewandowski,0.1406351625919342,91.09999847412108,29.70000076293945,Open Play,Right Foot,blocked,70,understat
2425,La Liga,2025-03-27 20:00:00,Barcelona,Robert Lewandowski,0.573408842086792,91.6999969482422,55.400001525878906,Open Play,,goal,76,understat
2425,La Liga,2025-03-27 20:00:00,Barcelona,Robert Lewandowski,0.0694603323936462,81.5999984741211,39.09999847412109,Open Play,Right Foot,missed,84,understat
2425,La Liga,2025-03-27 20:00:00,Osasuna,Alejandro Catena,0.0242836028337478,98.90000152587892,60.599998474121094,From Corner,,missed,74,understat
2425,La Liga,2025-03-27 20:00:00,Osasuna,Ante Budimir,0.0512057282030582,89.9000015258789,47.200000762939446,Open Play,,missed,88,understat
2425,La Liga,2025-03-27 20:00:00,Osasuna,Jorge Herrando,0.4105397164821625,92.30000305175781,53.0,Set Piece,,missed,47,understat
2425,La Liga,2025-03-27 20:00:00,Osasuna,Moi Gómez,0.0475308969616889,94.3000030517578,66.9000015258789,Open Play,Left Foot,blocked,61,understat
2425,La Liga,2025-03-30 15:15:00,Barcelona,Eric Garcia,0.0298536922782659,77.4000015258789,47.9000015258789,Open Play,Right Foot,post,59,understat
2425,La Liga,2025-03-30 15:15:00,Barcelona,Fermín López,0.0854056403040885,89.0,54.0,Open Play,Left Foot,blocked,3,understat
2425,La Liga,2025-03-30 15:15:00,Barcelona,Fermín López,0.0289442539215087,76.5999984741211,49.5,Open Play,Right Foot,saved,6,understat
2425,La Liga,2025-03-30 15:15:00,Barcelona,Fermín López,0.0390926524996757,76.0999984741211,47.599998474121094,Open Play,Right Foot,missed,32,understat
2425,La Liga,2025-03-30 15:15:00,Barcelona,Fermín López,0.1042395532131195,81.0999984741211,48.9000015258789,Open Play,Left Foot,missed,49,understat
2425,La Liga,2025-03-30 15:15:00,Barcelona,Ferrán Torres,0.1123209372162818,85.5,54.50000000000001,Open Play,Left Foot,goal,85,understat
2425,La Liga,2025-03-30 15:15:00,Barcelona,Lamine Yamal,0.0753398761153221,86.4000015258789,60.5,Open Play,Left Foot,missed,12,understat
2425,La Liga,2025-03-30 15:15:00,Barcelona,Lamine Yamal,0.1074016839265823,95.0999984741211,35.599998474121094,Open Play,Left Foot,saved,14,understat
2425,La Liga,2025-03-30 15:15:00,Barcelona,Lamine Yamal,0.0273129604756832,84.80000305175781,25.60000038146973,Open Play,Left Foot,blocked,29,understat
2425,La Liga,2025-03-30 15:15:00,Barcelona,Lamine Yamal,0.0729270428419113,88.9000015258789,33.09999847412109,Open Play,Left Foot,blocked,40,understat
2425,La Liga,2025-03-30 15:15:00,Barcelona,Lamine Yamal,0.0653289556503295,83.9000015258789,35.79999923706055,Open Play,Left Foot,missed,46,understat
2425,La Liga,2025-03-30 15:15:00,Barcelona,Lamine Yamal,0.1001847609877586,81.19999694824219,37.79999923706054,Open Play,Left Foot,post,89,understat
2425,La Liga,2025-03-30 15:15:00,Barcelona,Lamine Yamal,0.1183213964104652,88.5999984741211,38.5,Open Play,Left Foot,blocked,94,understat
2425,La Liga,2025-03-30 15:15:00,Barcelona,Robert Lewandowski,0.3318562507629394,88.0999984741211,59.70000076293945,Open Play,Left Foot,saved,7,understat
2425,La Liga,2025-03-30 15:15:00,Barcelona,Robert Lewandowski,0.1158926114439964,89.80000305175781,55.70000076293945,Open Play,Left Foot,blocked,23,understat
2425,La Liga,2025-03-30 15:15:00,Barcelona,Robert Lewandowski,0.6503589749336243,97.0,52.70000076293946,Open Play,Left Foot,goal,60,understat
2425,La Liga,2025-03-30 15:15:00,Barcelona,Robert Lewandowski,0.0460310503840446,77.4000015258789,48.9000015258789,Open Play,Right Foot,saved,65,understat
2425,La Liga,2025-03-30 15:15:00,Barcelona,Robert Lewandowski,0.4199003279209137,90.0,60.29999923706054,Open Play,Right Foot,goal,76,understat
2425,La Liga,2025-03-30 15:15:00,Barcelona,Robert Lewandowski,0.0688319355249404,94.0,54.0,From Corner,,missed,93,understat
2425,La Liga,2025-03-30 15:15:00,Barcelona,Ronald Araújo,0.0514828190207481,95.5,57.70000076293945,From Corner,,saved,21,understat
2425,La Liga,2025-03-30 15:15:00,Barcelona,Álex Balde,0.1023007780313491,86.5999984741211,44.900001525878906,Open Play,Right Foot,saved,92,understat
2425,La Liga,2025-03-30 15:15:00,Girona,Arnaut Danjuma Groeneveld,0.3302465677261352,85.0,61.90000152587891,Open Play,Right Foot,goal,52,understat
2425,La Liga,2025-03-30 15:15:00,Girona,Ladislav Krejcí,0.0,5.0,53.200000762939446,Set Piece,,own_goal,42,understat
2425,La Liga,2025-03-30 15:15:00,Girona,Ladislav Krejcí,0.0640949681401252,92.30000305175781,41.5,From Corner,,saved,64,understat
2425,La Liga,2025-03-30 15:15:00,Girona,Viktor Tsygankov,0.0451032631099224,87.0,42.099998474121094,Open Play,Right Foot,missed,5,understat
2425,La Liga,2025-03-30 15:15:00,Girona,Yangel Herrera,0.0514026023447513,86.5,44.20000076293945,Open Play,Right Foot,blocked,44,understat
2425,La Liga,2025-04-05 19:00:00,Barcelona,Ferrán Torres,0.5684655904769897,94.8000030517578,55.099998474121094,Open Play,Left Foot,missed,28,understat
2425,La Liga,2025-04-05 19:00:00,Barcelona,Gavi,0.2841140329837799,92.09999847412108,35.599998474121094,Open Play,Right Foot,goal,6,understat
2425,La Liga,2025-04-05 19:00:00,Barcelona,Gavi,0.0386968180537223,81.0999984741211,56.79999923706055,Set Piece,Left Foot,blocked,61,understat
2425,La Liga,2025-04-05 19:00:00,Barcelona,Jules Koundé,0.076880820095539,88.80000305175781,37.59999847412109,Open Play,Left Foot,saved,54,understat
2425,La Liga,2025-04-05 19:00:00,Barcelona,Lamine Yamal,0.1008284911513328,87.5999984741211,43.29999923706055,Open Play,Left Foot,saved,37,understat
2425,La Liga,2025-04-05 19:00:00,Barcelona,Lamine Yamal,0.1266491413116455,89.80000305175781,43.79999923706055,Open Play,Left Foot,blocked,37,understat
2425,La Liga,2025-04-05 19:00:00,Barcelona,Lamine Yamal,0.0213199108839035,77.19999694824219,58.5,From Corner,Left Foot,missed,62,understat
2425,La Liga,2025-04-05 19:00:00,Barcelona,Lamine Yamal,0.0618461519479751,89.19999694824219,34.200000762939446,Open Play,Right Foot,blocked,85,understat
2425,La Liga,2025-04-05 19:00:00,Barcelona,Pedri,0.0297562573105096,79.9000015258789,36.099998474121094,Open Play,Right Foot,saved,5,understat
2425,La Liga,2025-04-05 19:00:00,Barcelona,Raphinha,0.0304698776453733,81.0,23.60000038146972,From Corner,Left Foot,missed,65,understat
2425,La Liga,2025-04-05 19:00:00,Barcelona,Raphinha,0.0220488049089908,87.9000015258789,53.0,Open Play,,missed,75,understat
2425,La Liga,2025-04-05 19:00:00,Barcelona,Raphinha,0.0647748932242393,75.0,60.79999923706054,Direct Freekick,Left Foot,saved,79,understat
2425,La Liga,2025-04-05 19:00:00,Barcelona,Robert Lewandowski,0.0425925776362419,89.0999984741211,64.19999694824219,From Corner,Right Foot,missed,34,understat
2425,La Liga,2025-04-05 19:00:00,Real Betis,Antony,0.0354370027780532,86.9000015258789,25.5,Open Play,Left Foot,missed,45,understat
2425,La Liga,2025-04-05 19:00:00,Real Betis,Juan Camilo Hernández,0.0214650072157382,77.69999694824219,69.80000305175781,Open Play,Right Foot,missed,13,understat
2425,La Liga,2025-04-05 19:00:00,Real Betis,Juan Camilo Hernández,0.0919884443283081,85.0,37.20000076293945,Open Play,Right Foot,blocked,24,understat
2425,La Liga,2025-04-05 19:00:00,Real Betis,Marc Bartra,0.0072121205739676,52.29999923706055,22.0,Open Play,Right Foot,missed,30,understat
2425,La Liga,2025-04-05 19:00:00,Real Betis,Natan,0.0790747553110122,94.40000152587892,47.200000762939446,From Corner,,goal,16,understat
2425,La Liga,2025-04-05 19:00:00,Real Betis,Natan,0.0147615494206547,71.80000305175781,62.9000015258789,Open Play,Left Foot,saved,88,understat
2425,La Liga,2025-04-12 19:00:00,Barcelona,Fermín López,0.046330489218235,91.0,38.900001525878906,Open Play,,missed,43,understat
2425,La Liga,2025-04-12 19:00:00,Barcelona,Fermín López,0.4615097045898437,91.4000015258789,47.700000762939446,Open Play,Right Foot,missed,57,understat
2425,La Liga,2025-04-12 19:00:00,Barcelona,Ferrán Torres,0.0854328051209449,93.40000152587892,64.30000305175781,Open Play,Left Foot,saved,76,understat
2425,La Liga,2025-04-12 19:00:00,Barcelona,Jules Koundé,0.0430762208998203,90.30000305175781,27.89999961853027,Open Play,Right Foot,missed,21,understat
2425,La Liga,2025-04-12 19:00:00,Barcelona,Lamine Yamal,0.0516921430826187,87.0,65.69999694824219,Open Play,Left Foot,missed,30,understat
2425,La Liga,2025-04-12 19:00:00,Barcelona,Lamine Yamal,0.0285850577056407,74.9000015258789,39.79999923706054,Open Play,Left Foot,missed,55,understat
2425,La Liga,2025-04-12 19:00:00,Barcelona,Lamine Yamal,0.061586420983076,98.0999984741211,32.09999847412109,Open Play,Left Foot,saved,68,understat
2425,La Liga,2025-04-12 19:00:00,Barcelona,Raphinha,0.0328027158975601,90.1999969482422,29.799999237060547,From Corner,Left Foot,missed,26,understat
2425,La Liga,2025-04-12 19:00:00,Barcelona,Raphinha,0.0567382387816906,90.5,53.599998474121094,Open Play,,saved,74,understat
2425,La Liga,2025-04-12 19:00:00,Barcelona,Robert Lewandowski,0.0533860474824905,77.19999694824219,72.9000015258789,Direct Freekick,Right Foot,missed,4,understat
2425,La Liga,2025-04-12 19:00:00,Barcelona,Robert Lewandowski,0.0316099189221859,94.09999847412108,62.5,From Corner,,blocked,26,understat
2425,La Liga,2025-04-12 19:00:00,Barcelona,Robert Lewandowski,0.1482972353696823,93.0,49.70000076293945,Open Play,,missed,62,understat
2425,La Liga,2025-04-12 19:00:00,Leganes,Adrià Alti,0.0846324786543846,85.4000015258789,56.599998474121094,Open Play,Right Foot,saved,11,understat
2425,La Liga,2025-04-12 19:00:00,Leganes,Diego García,0.3462545275688171,90.5,53.29999923706055,Open Play,Right Foot,missed,75,understat
2425,La Liga,2025-04-12 19:00:00,Leganes,Jorge Sáenz,0.0,9.60000038146972,44.29999923706054,Open Play,Right Foot,own_goal,47,understat
2425,La Liga,2025-04-12 19:00:00,Leganes,Munir,0.0422349274158477,79.80000305175781,50.29999923706055,Open Play,Left Foot,blocked,91,understat
2425,La Liga,2025-04-12 19:00:00,Leganes,Raba,0.0425937660038471,82.5,59.900001525878906,Open Play,Left Foot,missed,42,understat
2425,La Liga,2025-04-12 19:00:00,Leganes,Sergio González,0.0374564193189144,87.69999694824219,52.79999923706055,From Corner,,missed,61,understat
2425,La Liga,2025-04-12 19:00:00,Leganes,Yan Diomande,0.0456274300813674,86.69999694824219,68.80000305175781,Open Play,Right Foot,blocked,39,understat
2425,La Liga,2025-04-19 14:15:00,Barcelona,Dani Olmo,0.2959471642971039,89.19999694824219,58.099998474121094,Open Play,Left Foot,goal,63,understat
2425,La Liga,2025-04-19 14:15:00,Barcelona,Dani Olmo,0.3124482631683349,91.30000305175781,57.900001525878906,Open Play,Right Foot,missed,72,understat
2425,La Liga,2025-04-19 14:15:00,Barcelona,Fermín López,0.0452131479978561,77.19999694824219,51.70000076293946,Open Play,Right Foot,saved,51,understat
2425,La Liga,2025-04-19 14:15:00,Barcelona,Ferrán Torres,0.0425285138189792,80.69999694824219,39.29999923706054,Open Play,Right Foot,goal,11,understat
2425,La Liga,2025-04-19 14:15:00,Barcelona,Ferrán Torres,0.0219632852822542,74.9000015258789,39.5,Open Play,Right Foot,missed,28,understat
2425,La Liga,2025-04-19 14:15:00,Barcelona,Ferrán Torres,0.0481888726353645,80.4000015258789,52.400001525878906,Open Play,Right Foot,missed,44,understat
2425,La Liga,2025-04-19 14:15:00,Barcelona,Gavi,0.0737295299768447,91.0,44.59999847412109,From Corner,,missed,83,understat
2425,La Liga,2025-04-19 14:15:00,Barcelona,Gerard Martín,0.0333519726991653,78.80000305175781,57.29999923706055,Open Play,Left Foot,missed,56,understat
2425,La Liga,2025-04-19 14:15:00,Barcelona,Iñigo Martínez,0.050986036658287,95.8000030517578,60.79999923706054,From Corner,,missed,8,understat
2425,La Liga,2025-04-19 14:15:00,Barcelona,Raphinha,0.0469228960573673,80.19999694824219,46.700000762939446,Open Play,Left Foot,saved,26,understat
2425,La Liga,2025-04-19 14:15:00,Barcelona,Raphinha,0.0858100950717926,76.69999694824219,44.20000076293945,Direct Freekick,Left Foot,missed,38,understat
2425,La Liga,2025-04-19 14:15:00,Barcelona,Raphinha,0.0433190762996673,79.9000015258789,38.29999923706054,Open Play,Left Foot,blocked,56,understat
2425,La Liga,2025-04-19 14:15:00,Barcelona,Raphinha,0.0285499691963195,92.1999969482422,69.4000015258789,Open Play,Left Foot,missed,65,understat
2425,La Liga,2025-04-19 14:15:00,Barcelona,Raphinha,0.491421490907669,95.5,52.599998474121094,Open Play,,goal,67,understat
2425,La Liga,2025-04-19 14:15:00,Barcelona,Raphinha,0.0897518172860145,86.4000015258789,63.70000076293946,Open Play,Left Foot,blocked,68,understat
2425,La Liga,2025-04-19 14:15:00,Barcelona,Raphinha,0.7432776093482971,88.5,50.0,,Left Foot,goal,97,understat
2425,La Liga,2025-04-19 14:15:00,Barcelona,Robert Lewandowski,0.055723886936903,86.0,55.79999923706055,Open Play,Right Foot,missed,1,understat
2425,La Liga,2025-04-19 14:15:00,Barcelona,Robert Lewandowski,0.0581767857074737,86.4000015258789,33.29999923706054,Open Play,Right Foot,missed,41,understat
2425,La Liga,2025-04-19 14:15:00,Celta Vigo,Alfon,0.0936505869030952,91.6999969482422,69.69999694824219,Open Play,Right Foot,blocked,63,understat
2425,La Liga,2025-04-19 14:15:00,Celta Vigo,Borja Iglesias,0.4049184322357178,88.0999984741211,57.49999999999999,Open Play,Left Foot,goal,14,understat
2425,La Liga,2025-04-19 14:15:00,Celta Vigo,Borja Iglesias,0.4617419242858886,90.80000305175781,51.5,Open Play,Left Foot,saved,22,understat
2425,La Liga,2025-04-19 14:15:00,Celta Vigo,Borja Iglesias,0.0264081805944442,88.5,23.10000038146972,Open Play,Right Foot,saved,40,understat
2425,La Liga,2025-04-19 14:15:00,Celta Vigo,Borja Iglesias,0.0332694351673126,89.9000015258789,31.399999618530273,Open Play,Right Foot,goal,51,understat
2425,La Liga,2025-04-19 14:15:00,Celta Vigo,Borja Iglesias,0.0866282507777214,86.9000015258789,66.30000305175781,Open Play,Right Foot,saved,58,understat
2425,La Liga,2025-04-19 14:15:00,Celta Vigo,Borja Iglesias,0.3303093314170837,86.9000015258789,45.70000076293945,Open Play,Right Foot,goal,61,understat
2425,La Liga,2025-04-19 14:15:00,Celta Vigo,Iker Losada,0.4593186676502228,89.9000015258789,41.9000015258789,Open Play,Left Foot,saved,42,understat
2425,La Liga,2025-04-19 14:15:00,Celta Vigo,Ilaix Moriba,0.081593245267868,86.9000015258789,28.499999999999996,Open Play,Right Foot,saved,42,understat
2425,La Liga,2025-04-19 14:15:00,Celta Vigo,Ilaix Moriba,0.1531893461942672,87.80000305175781,45.400001525878906,Open Play,Right Foot,missed,58,understat
2425,La Liga,2025-04-19 14:15:00,Celta Vigo,Óscar Mingueza,0.4247074723243713,97.0999984741211,58.20000076293945,Open Play,,missed,89,understat
2425,La Liga,2025-04-22 19:30:00,Barcelona,Anssumane Fati,0.0388592816889286,89.9000015258789,72.80000305175781,Open Play,Right Foot,blocked,0,understat
2425,La Liga,2025-04-22 19:30:00,Barcelona,Anssumane Fati,0.0219486113637685,77.0,65.19999694824219,Open Play,Left Foot,missed,37,understat
2425,La Liga,2025-04-22 19:30:00,Barcelona,Anssumane Fati,0.0925729572772979,91.09999847412108,62.4000015258789,Open Play,Left Foot,missed,43,understat
2425,La Liga,2025-04-22 19:30:00,Barcelona,Anssumane Fati,0.033998753875494,75.9000015258789,51.70000076293946,Open Play,Right Foot,saved,49,understat
2425,La Liga,2025-04-22 19:30:00,Barcelona,Dani Olmo,0.3843507766723633,92.0,39.70000076293945,Open Play,Right Foot,saved,25,understat
2425,La Liga,2025-04-22 19:30:00,Barcelona,Dani Olmo,0.0633398965001106,88.30000305175781,35.4000015258789,Open Play,Right Foot,missed,30,understat
2425,La Liga,2025-04-22 19:30:00,Barcelona,Dani Olmo,0.0298341084271669,86.30000305175781,72.30000305175781,From Corner,Right Foot,blocked,37,understat
2425,La Liga,2025-04-22 19:30:00,Barcelona,Dani Olmo,0.0991559922695159,88.69999694824219,40.099998474121094,Open Play,Left Foot,goal,45,understat
2425,La Liga,2025-04-22 19:30:00,Barcelona,Eric Garcia,0.1327595710754394,91.6999969482422,46.700000762939446,From Corner,Right Foot,saved,84,understat
2425,La Liga,2025-04-22 19:30:00,Barcelona,Eric Garcia,0.0575868934392929,89.9000015258789,36.4000015258789,From Corner,Right Foot,blocked,85,understat
2425,La Liga,2025-04-22 19:30:00,Barcelona,Fermín López,0.0169167798012495,82.30000305175781,63.0,From Corner,Right Foot,missed,83,understat
2425,La Liga,2025-04-22 19:30:00,Barcelona,Fermín López,0.0364891663193702,76.80000305175781,58.599998474121094,Open Play,Right Foot,saved,84,understat
2425,La Liga,2025-04-22 19:30:00,Barcelona,Fermín López,0.0295311119407415,79.0999984741211,53.400001525878906,From Corner,Right Foot,missed,85,understat
2425,La Liga,2025-04-22 19:30:00,Barcelona,Fermín López,0.0746001079678535,96.3000030517578,67.80000305175781,Open Play,Left Foot,saved,91,understat
2425,La Liga,2025-04-22 19:30:00,Barcelona,Ferrán Torres,0.0674429610371589,95.0999984741211,34.79999923706054,Open Play,Right Foot,missed,7,understat
2425,La Liga,2025-04-22 19:30:00,Barcelona,Ferrán Torres,0.04559326171875,80.9000015258789,44.79999923706054,Open Play,Right Foot,saved,11,understat
2425,La Liga,2025-04-22 19:30:00,Barcelona,Ferrán Torres,0.0677407011389732,93.3000030517578,51.900001525878906,From Corner,,missed,19,understat
2425,La Liga,2025-04-22 19:30:00,Barcelona,Ferrán Torres,0.034076802432537,86.19999694824219,30.100000381469723,Open Play,Right Foot,missed,34,understat
2425,La Liga,2025-04-22 19:30:00,Barcelona,Gavi,0.0333579145371913,79.9000015258789,52.599998474121094,From Corner,Right Foot,blocked,26,understat
2425,La Liga,2025-04-22 19:30:00,Barcelona,Gavi,0.0477097444236278,81.0999984741211,56.70000076293945,Open Play,Right Foot,blocked,28,understat
2425,La Liga,2025-04-22 19:30:00,Barcelona,Gavi,0.0247831251472234,89.30000305175781,52.599998474121094,From Corner,,blocked,40,understat
2425,La Liga,2025-04-22 19:30:00,Barcelona,Hector Fort,0.0374046042561531,89.5999984741211,71.80000305175781,Open Play,Left Foot,blocked,40,understat
2425,La Liga,2025-04-22 19:30:00,Barcelona,Iñigo Martínez,0.0916349291801452,86.69999694824219,48.29999923706055,From Corner,Left Foot,blocked,37,understat
2425,La Liga,2025-04-22 19:30:00,Barcelona,Iñigo Martínez,0.0154361221939325,94.90000152587892,38.59999847412109,Set Piece,,blocked,67,understat
2425,La Liga,2025-04-22 19:30:00,Barcelona,Lamine Yamal,0.0461326353251934,80.19999694824219,36.79999923706055,Open Play,Left Foot,missed,6,understat
2425,La Liga,2025-04-22 19:30:00,Barcelona,Lamine Yamal,0.0549368448555469,80.9000015258789,44.5,Open Play,Right Foot,missed,8,understat
2425,La Liga,2025-04-22 19:30:00,Barcelona,Lamine Yamal,0.2760783731937408,92.4000015258789,31.399999618530273,Open Play,Right Foot,saved,11,understat
2425,La Liga,2025-04-22 19:30:00,Barcelona,Lamine Yamal,0.0200743414461612,81.19999694824219,25.5,From Corner,Left Foot,saved,29,understat
2425,La Liga,2025-04-22 19:30:00,Barcelona,Lamine Yamal,0.0193388797342777,77.9000015258789,30.100000381469723,Open Play,Left Foot,missed,32,understat
2425,La Liga,2025-04-22 19:30:00,Barcelona,Lamine Yamal,0.0593074224889278,98.90000152587892,34.9000015258789,Open Play,Left Foot,blocked,40,understat
2425,La Liga,2025-04-22 19:30:00,Barcelona,Lamine Yamal,0.0573616288602352,86.69999694824219,35.29999923706055,Open Play,Left Foot,blocked,44,understat
2425,La Liga,2025-04-22 19:30:00,Barcelona,Lamine Yamal,0.0544874183833599,84.69999694824219,27.200000762939453,Open Play,Left Foot,missed,52,understat
2425,La Liga,2025-04-22 19:30:00,Barcelona,Lamine Yamal,0.3567619919776916,84.5999984741211,51.09999847412109,Open Play,Left Foot,saved,78,understat
2425,La Liga,2025-04-22 19:30:00,Barcelona,Lamine Yamal,0.0152563462033867,70.4000015258789,42.4000015258789,From Corner,Left Foot,saved,84,understat
2425,La Liga,2025-04-22 19:30:00,Barcelona,Pau Victor,0.0718176066875457,87.69999694824219,29.799999237060547,Open Play,Right Foot,blocked,79,understat
2425,La Liga,2025-04-22 19:30:00,Barcelona,Pau Victor,0.0828119441866874,85.5,38.70000076293945,Open Play,Right Foot,saved,83,understat
2425,La Liga,2025-04-22 19:30:00,Barcelona,Pedri,0.0697664692997932,85.0999984741211,47.099998474121094,Open Play,Right Foot,blocked,40,understat
2425,La Liga,2025-04-22 19:30:00,Barcelona,Pedri,0.0537770763039588,78.0999984741211,52.900001525878906,Open Play,Right Foot,missed,64,understat
2425,La Liga,2025-04-22 19:30:00,Barcelona,Raphinha,0.112685389816761,84.9000015258789,46.400001525878906,Open Play,Left Foot,blocked,89,understat
2425,La Liga,2025-04-22 19:30:00,Barcelona,Ronald Araújo,0.5464470386505127,95.19999694824219,56.00000000000001,From Corner,Right Foot,missed,29,understat
2425,La Liga,2025-04-22 19:30:00,Mallorca,Cyle Larin,0.0125044919550418,86.19999694824219,54.79999923706055,Open Play,,blocked,70,understat
2425,La Liga,2025-04-22 19:30:00,Mallorca,Cyle Larin,0.0211747214198112,86.30000305175781,54.79999923706055,Open Play,,missed,71,understat
2425,La Liga,2025-04-22 19:30:00,Mallorca,Raíllo,0.2691825628280639,91.80000305175781,54.599998474121094,Set Piece,,missed,54,understat
2425,La Liga,2025-04-22 19:30:00,Mallorca,Raíllo,0.0237168110907077,90.30000305175781,54.0,From Corner,,missed,68,understat
2425,La Liga,2025-05-03 19:00:00,Barcelona,Anssumane Fati,0.0469764620065689,91.30000305175781,69.30000305175781,Open Play,Right Foot,blocked,18,understat
2425,La Liga,2025-05-03 19:00:00,Barcelona,Anssumane Fati,0.0908204689621925,85.80000305175781,61.40000152587891,Open Play,Right Foot,saved,29,understat
2425,La Liga,2025-05-03 19:00:00,Barcelona,Anssumane Fati,0.0200741626322269,76.80000305175781,68.4000015258789,Open Play,Right Foot,blocked,47,understat
2425,La Liga,2025-05-03 19:00:00,Barcelona,Dani Olmo,0.0672496035695076,74.30000305175781,46.599998474121094,Direct Freekick,Right Foot,saved,87,understat
2425,La Liga,2025-05-03 19:00:00,Barcelona,Daniel Rodríguez,0.0220538191497325,80.69999694824219,26.700000762939453,Open Play,Left Foot,missed,21,understat
2425,La Liga,2025-05-03 19:00:00,Barcelona,Daniel Rodríguez,0.0192664545029401,84.80000305175781,25.5,Open Play,Left Foot,missed,26,understat
2425,La Liga,2025-05-03 19:00:00,Barcelona,Fermín López,0.0611650310456752,82.5,45.400001525878906,Open Play,Right Foot,blocked,19,understat
2425,La Liga,2025-05-03 19:00:00,Barcelona,Fermín López,0.0728255361318588,86.0999984741211,60.70000076293945,Open Play,Right Foot,blocked,39,understat
2425,La Liga,2025-05-03 19:00:00,Barcelona,Fermín López,0.068126730620861,86.80000305175781,51.0,Open Play,Left Foot,goal,59,understat
2425,La Liga,2025-05-03 19:00:00,Barcelona,Gavi,0.042900338768959,92.80000305175781,60.90000152587891,From Corner,,missed,18,understat
2425,La Liga,2025-05-03 19:00:00,Barcelona,Gerard Martín,0.0869329571723938,95.3000030517578,53.0,From Corner,,missed,46,understat
2425,La Liga,2025-05-03 19:00:00,Barcelona,Hector Fort,0.0115701323375105,79.0,28.200000762939446,Open Play,Right Foot,blocked,24,understat
2425,La Liga,2025-05-03 19:00:00,Barcelona,Hector Fort,0.0980354025959968,91.4000015258789,36.0,Open Play,Right Foot,post,68,understat
2425,La Liga,2025-05-03 19:00:00,Barcelona,Lamine Yamal,0.0128762982785701,75.19999694824219,37.20000076293945,Set Piece,Left Foot,blocked,37,understat
2425,La Liga,2025-05-03 19:00:00,Barcelona,Lamine Yamal,0.0287607889622449,79.5,42.5,From Corner,Right Foot,missed,43,understat
2425,La Liga,2025-05-03 19:00:00,Barcelona,Lamine Yamal,0.0601634308695793,87.5,34.200000762939446,From Corner,Right Foot,missed,43,understat
2425,La Liga,2025-05-03 19:00:00,Barcelona,Lamine Yamal,0.3511287271976471,98.5999984741211,41.29999923706055,Open Play,Right Foot,blocked,79,understat
2425,La Liga,2025-05-03 19:00:00,Barcelona,Lamine Yamal,0.1309837698936462,89.80000305175781,39.70000076293945,Open Play,Left Foot,blocked,94,understat
2425,La Liga,2025-05-03 19:00:00,Barcelona,Pau Victor,0.0771075263619422,89.9000015258789,55.20000076293945,Open Play,Right Foot,saved,9,understat
2425,La Liga,2025-05-03 19:00:00,Barcelona,Pau Victor,0.2647400200366974,89.69999694824219,52.20000076293946,Open Play,,saved,14,understat
2425,La Liga,2025-05-03 19:00:00,Barcelona,Raphinha,0.0450523309409618,94.5,58.099998474121094,Open Play,,missed,46,understat
2425,La Liga,2025-05-03 19:00:00,Barcelona,Raphinha,0.3922859132289886,85.30000305175781,48.200000762939446,Open Play,Right Foot,goal,53,understat
2425,La Liga,2025-05-03 19:00:00,Barcelona,Raphinha,0.0837434753775596,78.30000305175781,63.70000076293946,Direct Freekick,Left Foot,missed,90,understat
2425,La Liga,2025-05-03 19:00:00,Barcelona,Raphinha,0.0585668832063674,74.0999984741211,38.79999923706054,Direct Freekick,Left Foot,missed,95,understat
2425,La Liga,2025-05-03 19:00:00,Real Valladolid,Cenk Özkacar,0.0461509227752685,91.80000305175781,53.0,From Corner,,missed,73,understat
2425,La Liga,2025-05-03 19:00:00,Real Valladolid,Iván Sánchez,0.0279875677078962,90.0,23.29999923706054,From Corner,Left Foot,goal,5,understat
2425,La Liga,2025-05-03 19:00:00,Real Valladolid,Juan Latasa,0.1287560313940048,94.90000152587892,42.29999923706055,Set Piece,,saved,66,understat
2425,La Liga,2025-05-03 19:00:00,Real Valladolid,Juan Latasa,0.2613145709037781,91.1999969482422,37.29999923706055,Open Play,Right Foot,saved,73,understat
2425,La Liga,2025-05-03 19:00:00,Real Valladolid,Raul Moro,0.281402975320816,90.09999847412108,65.19999694824219,Open Play,Right Foot,saved,10,understat
2425,La Liga,2025-05-11 14:15:00,Barcelona,Dani Olmo,0.03665691614151,77.9000015258789,62.29999923706055,Open Play,Right Foot,missed,53,understat
2425,La Liga,2025-05-11 14:15:00,Barcelona,Eric Garcia,0.4853295981884002,96.0999984741211,51.0,From Corner,,goal,18,understat
2425,La Liga,2025-05-11 14:15:00,Barcelona,Ferrán Torres,0.57903653383255,95.40000152587892,48.700000762939446,Open Play,Right Foot,missed,21,understat
2425,La Liga,2025-05-11 14:15:00,Barcelona,Ferrán Torres,0.1362212747335434,91.4000015258789,56.99999999999999,Open Play,Right Foot,blocked,48,understat
2425,La Liga,2025-05-11 14:15:00,Barcelona,Ferrán Torres,0.0536965206265449,77.9000015258789,50.0,Open Play,Right Foot,blocked,65,understat
2425,La Liga,2025-05-11 14:15:00,Barcelona,Ferrán Torres,0.1469366401433944,92.5,47.4000015258789,Open Play,Right Foot,blocked,78,understat
2425,La Liga,2025-05-11 14:15:00,Barcelona,Gavi,0.105963110923767,85.80000305175781,55.20000076293945,Open Play,Right Foot,blocked,90,understat
2425,La Liga,2025-05-11 14:15:00,Barcelona,Gerard Martín,0.0123603316023945,72.5999984741211,62.20000076293945,From Corner,Left Foot,saved,18,understat
2425,La Liga,2025-05-11 14:15:00,Barcelona,Iñigo Martínez,0.0243989210575819,90.30000305175781,62.0,From Corner,,missed,17,understat
2425,La Liga,2025-05-11 14:15:00,Barcelona,Lamine Yamal,0.0154197495430707,74.5999984741211,47.0,Open Play,Left Foot,saved,16,understat
2425,La Liga,2025-05-11 14:15:00,Barcelona,Lamine Yamal,0.0293604619801044,81.5,32.29999923706054,Open Play,Left Foot,saved,23,understat
2425,La Liga,2025-05-11 14:15:00,Barcelona,Lamine Yamal,0.0515333712100982,87.9000015258789,30.600000381469727,Open Play,Left Foot,goal,31,understat
2425,La Liga,2025-05-11 14:15:00,Barcelona,Lamine Yamal,0.1286089420318603,87.0,51.29999923706055,Open Play,Right Foot,blocked,48,understat
2425,La Liga,2025-05-11 14:15:00,Barcelona,Lamine Yamal,0.0397242791950702,79.0999984741211,36.200000762939446,Open Play,Left Foot,missed,48,understat
2425,La Liga,2025-05-11 14:15:00,Barcelona,Lamine Yamal,0.0248481146991252,77.4000015258789,47.29999923706054,Open Play,Left Foot,saved,72,understat
2425,La Liga,2025-05-11 14:15:00,Barcelona,Lamine Yamal,0.0317348875105381,90.59999847412108,25.79999923706054,Open Play,Left Foot,saved,78,understat
2425,La Liga,2025-05-11 14:15:00,Barcelona,Pau Cubarsí,0.0749554634094238,89.19999694824219,55.50000000000001,Set Piece,Left Foot,missed,37,understat
2425,La Liga,2025-05-11 14:15:00,Barcelona,Raphinha,0.2522407472133636,86.9000015258789,61.70000076293945,Open Play,Left Foot,goal,33,understat
2425,La Liga,2025-05-11 14:15:00,Barcelona,Raphinha,0.3308574557304382,91.0,50.59999847412109,Open Play,,missed,41,understat
2425,La Liga,2025-05-11 14:15:00,Barcelona,Raphinha,0.5730738639831543,92.0,51.20000076293946,Open Play,Left Foot,goal,44,understat
2425,La Liga,2025-05-11 14:15:00,Barcelona,Raphinha,0.642787516117096,96.90000152587892,55.29999923706055,Open Play,Left Foot,missed,73,understat
2425,La Liga,2025-05-11 14:15:00,Barcelona,Raphinha,0.0302355848252773,75.4000015258789,57.599998474121094,Open Play,Left Foot,missed,87,understat
2425,La Liga,2025-05-11 14:15:00,Barcelona,Raphinha,0.3225257992744446,89.30000305175781,37.29999923706055,Open Play,Right Foot,missed,97,understat
2425,La Liga,2025-05-11 14:15:00,Real Madrid,Aurelien Tchouameni,0.0370111986994743,90.9000015258789,51.09999847412109,From Corner,,missed,91,understat
2425,La Liga,2025-05-11 14:15:00,Real Madrid,Brahim Diaz,0.0773703828454017,89.69999694824219,36.29999923706055,Open Play,Right Foot,blocked,74,understat
2425,La Liga,2025-05-11 14:15:00,Real Madrid,Kylian Mbappe-Lottin,0.7432776093482971,88.5,50.0,,Right Foot,goal,4,understat
2425,La Liga,2025-05-11 14:15:00,Real Madrid,Kylian Mbappe-Lottin,0.3740031123161316,85.9000015258789,57.099998474121094,Open Play,Right Foot,goal,13,understat
2425,La Liga,2025-05-11 14:15:00,Real Madrid,Kylian Mbappe-Lottin,0.1121649667620658,90.9000015258789,71.4000015258789,Open Play,Right Foot,missed,55,understat
2425,La Liga,2025-05-11 14:15:00,Real Madrid,Kylian Mbappe-Lottin,0.5992851257324219,92.30000305175781,54.29999923706055,Open Play,Left Foot,goal,69,understat
2425,La Liga,2025-05-11 14:15:00,Real Madrid,Kylian Mbappe-Lottin,0.2606764435768127,81.9000015258789,65.80000305175781,Open Play,Right Foot,saved,90,understat
2425,La Liga,2025-05-11 14:15:00,Real Madrid,Vinícius Júnior,0.0223176591098308,81.5999984741211,74.0,Open Play,Right Foot,saved,85,understat
2425,La Liga,2025-05-11 14:15:00,Real Madrid,Víctor Muñoz,0.3354948461055755,86.69999694824219,45.5,Open Play,Right Foot,missed,88,understat
2425,La Liga,2025-05-15 19:30:00,Barcelona,Dani Olmo,0.0786963105201721,82.0999984741211,50.5,Open Play,Right Foot,blocked,53,understat
2425,La Liga,2025-05-15 19:30:00,Barcelona,Fermín López,0.0857515558600425,83.9000015258789,44.0,Open Play,Right Foot,goal,95,understat
2425,La Liga,2025-05-15 19:30:00,Barcelona,Frenkie de Jong,0.0771745070815086,91.0,56.99999999999999,From Corner,,blocked,49,understat
2425,La Liga,2025-05-15 19:30:00,Barcelona,Lamine Yamal,0.0557638518512249,82.0999984741211,33.400001525878906,Open Play,Left Foot,missed,35,understat
2425,La Liga,2025-05-15 19:30:00,Barcelona,Lamine Yamal,0.0636377558112144,89.9000015258789,32.09999847412109,Open Play,Left Foot,blocked,38,understat
2425,La Liga,2025-05-15 19:30:00,Barcelona,Lamine Yamal,0.0173595566302537,79.30000305175781,59.099998474121094,From Corner,Left Foot,blocked,45,understat
2425,La Liga,2025-05-15 19:30:00,Barcelona,Lamine Yamal,0.0230808649212121,77.80000305175781,36.4000015258789,Open Play,Left Foot,goal,52,understat
2425,La Liga,2025-05-15 19:30:00,Barcelona,Lamine Yamal,0.1038995832204818,87.4000015258789,39.29999923706054,Open Play,Left Foot,saved,85,understat
2425,La Liga,2025-05-15 19:30:00,Barcelona,Pedri,0.0208457726985216,74.9000015258789,35.200000762939446,Open Play,Right Foot,missed,30,understat
2425,La Liga,2025-05-15 19:30:00,Barcelona,Raphinha,0.04022017121315,80.0999984741211,50.70000076293945,Open Play,Right Foot,saved,22,understat
2425,La Liga,2025-05-15 19:30:00,Barcelona,Robert Lewandowski,0.0802361220121383,85.5,45.900001525878906,Open Play,Right Foot,missed,12,understat
2425,La Liga,2025-05-15 19:30:00,Barcelona,Robert Lewandowski,0.0892111137509346,96.3000030517578,41.599998474121094,Open Play,Right Foot,missed,43,understat
2425,La Liga,2025-05-15 19:30:00,Espanyol,Carlos Romero,0.0324997901916503,77.5,59.900001525878906,From Corner,Right Foot,blocked,72,understat
2425,La Liga,2025-05-15 19:30:00,Espanyol,Javi Puado,0.2331034243106842,89.80000305175781,41.5,Set Piece,Left Foot,missed,11,understat
2425,La Liga,2025-05-15 19:30:00,Espanyol,Javi Puado,0.5312668681144714,85.30000305175781,48.099998474121094,Open Play,Right Foot,saved,15,understat
2425,La Liga,2025-05-15 19:30:00,Espanyol,Javi Puado,0.0158493183553218,76.30000305175781,66.69999694824219,Open Play,Right Foot,missed,60,understat
2425,La Liga,2025-05-15 19:30:00,Espanyol,Jofre Carreras,0.0594784505665302,85.80000305175781,54.599998474121094,Open Play,Left Foot,missed,75,understat
2425,La Liga,2025-05-15 19:30:00,Espanyol,Leandro Cabrera,0.0352056846022605,89.0,41.5,From Corner,,blocked,73,understat
2425,La Liga,2025-05-15 19:30:00,Espanyol,Marash Kumbulla,0.021291334182024,91.09999847412108,56.400001525878906,From Corner,,blocked,72,understat
2425,La Liga,2025-05-15 19:30:00,Espanyol,Urko Gonzalez,0.5478948950767517,85.9000015258789,46.400001525878906,Open Play,Right Foot,missed,3,understat
2425,La Liga,2025-05-15 19:30:00,Espanyol,Walid Cheddira,0.0394168347120285,89.80000305175781,70.9000015258789,Open Play,Right Foot,missed,88,understat
2425,La Liga,2025-05-18 17:00:00,Barcelona,Eric Garcia,0.0125073986127972,86.5,44.79999923706054,From Corner,,saved,33,understat
2425,La Liga,2025-05-18 17:00:00,Barcelona,Fermín López,0.3766061663627624,95.8000030517578,42.099998474121094,Open Play,Right Foot,saved,8,understat
2425,La Liga,2025-05-18 17:00:00,Barcelona,Fermín López,0.0661568194627761,84.4000015258789,44.0,Open Play,Left Foot,blocked,9,understat
2425,La Liga,2025-05-18 17:00:00,Barcelona,Fermín López,0.0527664497494697,91.6999969482422,31.5,Open Play,Right Foot,blocked,12,understat
2425,La Liga,2025-05-18 17:00:00,Barcelona,Fermín López,0.0197938773781061,83.0999984741211,75.0,Open Play,Right Foot,missed,42,understat
2425,La Liga,2025-05-18 17:00:00,Barcelona,Fermín López,0.0347920581698417,78.80000305175781,43.09999847412109,Open Play,Left Foot,goal,49,understat
2425,La Liga,2025-05-18 17:00:00,Barcelona,Fermín López,0.0354780554771423,76.0999984741211,51.59999847412109,From Corner,Right Foot,saved,62,understat
2425,La Liga,2025-05-18 17:00:00,Barcelona,Gavi,0.0333586186170578,79.4000015258789,60.599998474121094,Open Play,Right Foot,blocked,68,understat
2425,La Liga,2025-05-18 17:00:00,Barcelona,Gerard Martín,0.0709559842944145,89.69999694824219,62.5,Open Play,Left Foot,blocked,8,understat
2425,La Liga,2025-05-18 17:00:00,Barcelona,Lamine Yamal,0.0200274679809808,78.69999694824219,26.5,Open Play,Left Foot,blocked,12,understat
2425,La Liga,2025-05-18 17:00:00,Barcelona,Lamine Yamal,0.0290878377854824,76.4000015258789,58.900001525878906,From Corner,Left Foot,blocked,33,understat
2425,La Liga,2025-05-18 17:00:00,Barcelona,Lamine Yamal,0.0258346013724803,80.4000015258789,33.20000076293945,Open Play,Left Foot,goal,37,understat
2425,La Liga,2025-05-18 17:00:00,Barcelona,Lamine Yamal,0.0500851720571517,92.5,28.200000762939446,Open Play,Left Foot,saved,48,understat
2425,La Liga,2025-05-18 17:00:00,Barcelona,Lamine Yamal,0.0137982591986656,75.19999694824219,29.89999961853027,Open Play,Left Foot,saved,65,understat
2425,La Liga,2025-05-18 17:00:00,Barcelona,Lamine Yamal,0.019583286717534,76.5999984741211,28.70000076293945,Open Play,Left Foot,saved,75,understat
2425,La Liga,2025-05-18 17:00:00,Barcelona,Lamine Yamal,0.0268797408789396,77.4000015258789,40.099998474121094,Open Play,Left Foot,missed,85,understat
2425,La Liga,2025-05-18 17:00:00,Barcelona,Lamine Yamal,0.0162433795630931,73.69999694824219,25.399999618530273,Open Play,Left Foot,blocked,92,understat
2425,La Liga,2025-05-18 17:00:00,Barcelona,Lamine Yamal,0.0495931282639503,85.0,34.4000015258789,Open Play,Left Foot,blocked,94,understat
2425,La Liga,2025-05-18 17:00:00,Barcelona,Raphinha,0.0166915543377399,70.9000015258789,59.099998474121094,Open Play,Left Foot,missed,27,understat
2425,La Liga,2025-05-18 17:00:00,Barcelona,Raphinha,0.0210972148925066,76.69999694824219,43.9000015258789,From Corner,Left Foot,blocked,33,understat
2425,La Liga,2025-05-18 17:00:00,Barcelona,Raphinha,0.0531023517251014,87.80000305175781,68.0,Open Play,Right Foot,missed,69,understat
2425,La Liga,2025-05-18 17:00:00,Barcelona,Raphinha,0.0379261709749698,89.80000305175781,71.0999984741211,Open Play,Left Foot,missed,75,understat
2425,La Liga,2025-05-18 17:00:00,Barcelona,Raphinha,0.0511750541627407,76.0999984741211,28.29999923706054,Direct Freekick,Left Foot,missed,90,understat
2425,La Liga,2025-05-18 17:00:00,Barcelona,Robert Lewandowski,0.4638543128967285,94.69999694824219,52.5,Open Play,,saved,21,understat
2425,La Liga,2025-05-18 17:00:00,Villarreal,Ayoze Pérez,0.3072712421417236,86.9000015258789,60.29999923706054,Open Play,Left Foot,goal,3,understat
2425,La Liga,2025-05-18 17:00:00,Villarreal,Nicolas Pepe,0.1528467684984207,91.1999969482422,43.70000076293945,Open Play,Left Foot,missed,23,understat
2425,La Liga,2025-05-18 17:00:00,Villarreal,Santiago Comesaña,0.3654752969741821,91.4000015258789,61.70000076293945,Open Play,Left Foot,goal,49,understat
2425,La Liga,2025-05-18 17:00:00,Villarreal,Santiago Comesaña,0.1107921972870826,88.0,37.20000076293945,Open Play,Right Foot,missed,75,understat
2425,La Liga,2025-05-18 17:00:00,Villarreal,Tajon Buchanan,0.405082494020462,92.90000152587892,39.70000076293945,Open Play,Right Foot,goal,79,understat
2425,La Liga,2025-05-18 17:00:00,Villarreal,Yeremi Pino,0.138821467757225,91.6999969482422,53.700000762939446,Open Play,,missed,6,understat
2425,La Liga,2025-05-18 17:00:00,Villarreal,Álex Baena,0.4815365672111511,91.9000015258789,57.400001525878906,Set Piece,Right Foot,missed,86,understat
2425,La Liga,2025-05-25 19:00:00,Athletic Club,Aitor Paredes,0.0540785528719425,91.9000015258789,44.900001525878906,Set Piece,,missed,71,understat
2425,La Liga,2025-05-25 19:00:00,Athletic Club,Beñat Prados,0.0839031934738159,92.90000152587892,51.5,Open Play,,missed,65,understat
2425,La Liga,2025-05-25 19:00:00,Athletic Club,Inigo Ruiz de Galarreta,0.021198870614171,74.0999984741211,47.79999923706055,Open Play,Right Foot,missed,8,understat
2425,La Liga,2025-05-25 19:00:00,Athletic Club,Maroan Sannadi,0.3011261224746704,88.0,46.400001525878906,Open Play,Left Foot,missed,43,understat
2425,La Liga,2025-05-25 19:00:00,Athletic Club,Maroan Sannadi,0.0162748135626316,86.4000015258789,40.599998474121094,Open Play,,missed,82,understat
2425,La Liga,2025-05-25 19:00:00,Athletic Club,Mikel Jauregizar,0.0361389815807342,81.5,41.29999923706055,From Corner,Right Foot,saved,84,understat
2425,La Liga,2025-05-25 19:00:00,Athletic Club,Nico Williams,0.0253206919878721,82.0999984741211,71.5999984741211,Open Play,Right Foot,missed,7,understat
2425,La Liga,2025-05-25 19:00:00,Athletic Club,Nico Williams,0.0872078314423561,89.5,45.0,Open Play,Right Foot,missed,55,understat
2425,La Liga,2025-05-25 19:00:00,Athletic Club,Nico Williams,0.0355336219072341,96.8000030517578,67.80000305175781,Open Play,Left Foot,blocked,65,understat
2425,La Liga,2025-05-25 19:00:00,Athletic Club,Unai Gómez,0.0900236144661903,87.5999984741211,58.400001525878906,Open Play,Left Foot,missed,14,understat
2425,La Liga,2025-05-25 19:00:00,Barcelona,Andreas Christensen,0.0332164540886879,89.19999694824219,60.79999923706054,From Corner,,missed,73,understat
2425,La Liga,2025-05-25 19:00:00,Barcelona,Dani Olmo,0.7432776093482971,88.5,50.0,,Right Foot,goal,93,understat
2425,La Liga,2025-05-25 19:00:00,Barcelona,Fermín López,0.0753910690546035,81.80000305175781,56.00000000000001,Open Play,Left Foot,missed,41,understat
2425,La Liga,2025-05-25 19:00:00,Barcelona,Lamine Yamal,0.0738290846347808,78.30000305175781,48.29999923706055,Open Play,Left Foot,blocked,34,understat
2425,La Liga,2025-05-25 19:00:00,Barcelona,Lamine Yamal,0.0666545405983924,81.5,41.099998474121094,Open Play,Left Foot,missed,53,understat
2425,La Liga,2025-05-25 19:00:00,Barcelona,Lamine Yamal,0.1235461086034774,85.4000015258789,54.599998474121094,Open Play,Left Foot,missed,67,understat
2425,La Liga,2025-05-25 19:00:00,Barcelona,Lamine Yamal,0.0629623532295227,90.59999847412108,31.29999923706055,Open Play,Left Foot,saved,72,understat
2425,La Liga,2025-05-25 19:00:00,Barcelona,Raphinha,0.0195193793624639,80.0,50.5,From Corner,Left Foot,missed,34,understat
2425,La Liga,2025-05-25 19:00:00,Barcelona,Robert Lewandowski,0.3491111695766449,87.5,54.200000762939446,Open Play,Right Foot,goal,13,understat
2425,La Liga,2025-05-25 19:00:00,Barcelona,Robert Lewandowski,0.8536909222602844,99.0,52.29999923706055,From Corner,,goal,16,understat
2425,La Liga,2025-05-25 19:00:00,Barcelona,Robert Lewandowski,0.4521712958812713,92.90000152587892,44.5,Open Play,Right Foot,missed,47,understat
2425,La Liga,2025-05-25 19:00:00,Barcelona,Robert Lewandowski,0.4696452617645263,87.0,47.9000015258789,Open Play,Right Foot,blocked,58,understat
2425,La Liga,2025-05-25 19:00:00,Barcelona,Robert Lewandowski,0.0424162410199642,90.1999969482422,42.29999923706055,From Corner,,blocked,73,understat
2526,La Liga,2025-08-16 17:30:00,Barcelona,Dani Olmo,0.0483197793364524,91.6999969482422,45.20000076293945,Open Play,,saved,57,understat
2526,La Liga,2025-08-16 17:30:00,Barcelona,Dani Olmo,0.1186047494411468,92.30000305175781,48.5,Open Play,Left Foot,blocked,57,understat
2526,La Liga,2025-08-16 17:30:00,Barcelona,Dani Olmo,0.1393640488386154,90.0,42.70000076293945,Open Play,Right Foot,post,68,understat
2526,La Liga,2025-08-16 17:30:00,Barcelona,Dani Olmo,0.0743751749396324,81.0999984741211,43.59999847412109,Open Play,Right Foot,blocked,79,understat
2526,La Liga,2025-08-16 17:30:00,Barcelona,Dani Olmo,0.0314332135021686,75.0,53.29999923706055,From Corner,Right Foot,blocked,79,understat
2526,La Liga,2025-08-16 17:30:00,Barcelona,Eric Garcia,0.022545225918293,88.9000015258789,49.9000015258789,Open Play,,saved,70,understat
2526,La Liga,2025-08-16 17:30:00,Barcelona,Ferrán Torres,0.0648402944207191,80.9000015258789,44.900001525878906,Open Play,Right Foot,goal,22,understat
2526,La Liga,2025-08-16 17:30:00,Barcelona,Ferrán Torres,0.0727735608816146,83.0999984741211,49.9000015258789,Open Play,Left Foot,blocked,45,understat
2526,La Liga,2025-08-16 17:30:00,Barcelona,Ferrán Torres,0.143880009651184,90.4000015258789,52.599998474121094,Open Play,Right Foot,blocked,49,understat
2526,La Liga,2025-08-16 17:30:00,Barcelona,Lamine Yamal,0.0290903598070144,77.80000305175781,33.59999847412109,Open Play,Left Foot,blocked,22,understat
2526,La Liga,2025-08-16 17:30:00,Barcelona,Lamine Yamal,0.0709968581795692,79.30000305175781,29.799999237060547,Direct Freekick,Left Foot,missed,34,understat
2526,La Liga,2025-08-16 17:30:00,Barcelona,Lamine Yamal,0.0437102764844894,79.30000305175781,34.200000762939446,Open Play,Left Foot,missed,46,understat
2526,La Liga,2025-08-16 17:30:00,Barcelona,Lamine Yamal,0.0541110374033451,80.19999694824219,37.59999847412109,Open Play,Left Foot,missed,50,understat
2526,La Liga,2025-08-16 17:30:00,Barcelona,Lamine Yamal,0.0611754022538661,85.19999694824219,31.20000076293945,Open Play,Left Foot,missed,48,understat
2526,La Liga,2025-08-16 17:30:00,Barcelona,Lamine Yamal,0.0301682241261005,77.30000305175781,29.70000076293945,Open Play,Left Foot,blocked,69,understat
2526,La Liga,2025-08-16 17:30:00,Barcelona,Lamine Yamal,0.0429749898612499,78.80000305175781,36.4000015258789,Open Play,Left Foot,saved,87,understat
2526,La Liga,2025-08-16 17:30:00,Barcelona,Lamine Yamal,0.0364695265889167,78.19999694824219,45.09999847412109,From Corner,Left Foot,saved,88,understat
2526,La Liga,2025-08-16 17:30:00,Barcelona,Lamine Yamal,0.0776894688606262,81.69999694824219,44.900001525878906,Open Play,Left Foot,goal,93,understat
2526,La Liga,2025-08-16 17:30:00,Barcelona,Pedri,0.1248087584972381,85.9000015258789,53.29999923706055,Open Play,Right Foot,missed,57,understat
2526,La Liga,2025-08-16 17:30:00,Barcelona,Pedri,0.0433421544730663,77.30000305175781,51.0,Open Play,Left Foot,saved,83,understat
2526,La Liga,2025-08-16 17:30:00,Barcelona,Raphinha,0.5027597546577454,94.90000152587892,54.200000762939446,Open Play,,goal,6,understat
2526,La Liga,2025-08-16 17:30:00,Barcelona,Raphinha,0.0831293910741806,81.19999694824219,48.099998474121094,Open Play,Left Foot,post,58,understat
2526,La Liga,2025-08-16 17:30:00,Barcelona,Raphinha,0.0699886679649353,85.5,34.29999923706054,Open Play,Left Foot,missed,70,understat
2526,La Liga,2025-08-16 17:30:00,Barcelona,Ronald Araújo,0.0377520993351936,90.09999847412108,66.30000305175781,From Corner,Right Foot,missed,84,understat
2526,La Liga,2025-08-16 17:30:00,Mallorca,Antonio Sánchez,0.0372027568519115,86.80000305175781,55.400001525878906,From Corner,,missed,49,understat
2526,La Liga,2025-08-16 17:30:00,Mallorca,Dani Rodríguez,0.0234660059213638,75.80000305175781,55.400001525878906,Open Play,Right Foot,blocked,81,understat
2526,La Liga,2025-08-16 17:30:00,Mallorca,Raíllo,0.0127639127895236,86.69999694824219,54.0,Set Piece,,missed,56,understat
2526,La Liga,2025-08-16 17:30:00,Mallorca,Vedat Muriqi,0.455783873796463,89.5,44.59999847412109,Open Play,Left Foot,saved,20,understat
2526,La Liga,2025-08-23 19:30:00,Barcelona,Dani Olmo,0.0379598811268806,78.69999694824219,53.599998474121094,Open Play,Right Foot,saved,71,understat
2526,La Liga,2025-08-23 19:30:00,Barcelona,Dani Olmo,0.0544249527156353,87.4000015258789,31.600000381469727,Open Play,Right Foot,missed,77,understat
2526,La Liga,2025-08-23 19:30:00,Barcelona,Eric Garcia,0.1100676283240318,92.59999847412108,50.70000076293945,Open Play,,saved,56,understat
2526,La Liga,2025-08-23 19:30:00,Barcelona,Ferrán Torres,0.1048848330974578,91.6999969482422,60.099998474121094,Open Play,Left Foot,saved,27,understat
2526,La Liga,2025-08-23 19:30:00,Barcelona,Ferrán Torres,0.3984136879444122,88.9000015258789,46.20000076293945,Open Play,Right Foot,post,36,understat
2526,La Liga,2025-08-23 19:30:00,Barcelona,Ferrán Torres,0.3345003128051758,93.1999969482422,50.0,From Corner,Right Foot,goal,51,understat
2526,La Liga,2025-08-23 19:30:00,Barcelona,Ferrán Torres,0.549759030342102,94.5,47.29999923706054,Open Play,,saved,69,understat
2526,La Liga,2025-08-23 19:30:00,Barcelona,Ferrán Torres,0.1140261441469192,94.5,49.5,Open Play,,blocked,71,understat
2526,La Liga,2025-08-23 19:30:00,Barcelona,Jules Koundé,0.0730869621038436,90.59999847412108,34.599998474121094,Open Play,Right Foot,missed,86,understat
2526,La Liga,2025-08-23 19:30:00,Barcelona,Lamine Yamal,0.0237666759639978,80.30000305175781,26.399999618530266,Open Play,Left Foot,missed,3,understat
2526,La Liga,2025-08-23 19:30:00,Barcelona,Lamine Yamal,0.0378282442688941,86.19999694824219,31.29999923706055,Open Play,Left Foot,blocked,23,understat
2526,La Liga,2025-08-23 19:30:00,Barcelona,Lamine Yamal,0.0440099835395813,88.69999694824219,29.20000076293945,Open Play,Left Foot,blocked,24,understat
2526,La Liga,2025-08-23 19:30:00,Barcelona,Lamine Yamal,0.0294145662337541,79.9000015258789,40.9000015258789,Open Play,Left Foot,saved,39,understat
2526,La Liga,2025-08-23 19:30:00,Barcelona,Lamine Yamal,0.0196050181984901,77.4000015258789,25.0,From Corner,Left Foot,saved,47,understat
2526,La Liga,2025-08-23 19:30:00,Barcelona,Lamine Yamal,0.0641668140888214,86.5999984741211,29.70000076293945,Open Play,Left Foot,blocked,53,understat
2526,La Liga,2025-08-23 19:30:00,Barcelona,Lamine Yamal,0.0651794150471687,88.19999694824219,33.400001525878906,Open Play,Left Foot,missed,70,understat
2526,La Liga,2025-08-23 19:30:00,Barcelona,Lamine Yamal,0.0322547331452369,81.9000015258789,32.70000076293945,Open Play,Left Foot,blocked,72,understat
2526,La Liga,2025-08-23 19:30:00,Barcelona,Marcus Rashford,0.0550166629254817,98.3000030517578,66.9000015258789,From Corner,Right Foot,saved,4,understat
2526,La Liga,2025-08-23 19:30:00,Barcelona,Pau Cubarsí,0.0639750435948371,84.30000305175781,46.400001525878906,Set Piece,Right Foot,blocked,89,understat
2526,La Liga,2025-08-23 19:30:00,Barcelona,Pedri,0.0324111655354499,80.80000305175781,64.5999984741211,Open Play,Left Foot,saved,35,understat
2526,La Liga,2025-08-23 19:30:00,Barcelona,Pedri,0.0211191121488809,72.30000305175781,40.0,From Corner,Right Foot,goal,48,understat
2526,La Liga,2025-08-23 19:30:00,Barcelona,Raphinha,0.0328577049076557,75.9000015258789,62.4000015258789,From Corner,Left Foot,missed,4,understat
2526,La Liga,2025-08-23 19:30:00,Barcelona,Raphinha,0.0579047091305255,89.9000015258789,42.70000076293945,Open Play,,missed,44,understat
2526,La Liga,2025-08-23 19:30:00,Barcelona,Raphinha,0.0277068503201007,85.80000305175781,74.0999984741211,Open Play,Left Foot,missed,83,understat
2526,La Liga,2025-08-23 19:30:00,Barcelona,Raphinha,0.0519298315048217,73.5999984741211,35.79999923706055,Direct Freekick,Left Foot,blocked,89,understat
2526,La Liga,2025-08-23 19:30:00,Barcelona,Álex Balde,0.048336561769247,82.19999694824219,62.4000015258789,Open Play,Left Foot,blocked,12,understat
2526,La Liga,2025-08-23 19:30:00,Levante,Adrián De la Fuente,0.264945238828659,87.19999694824219,54.200000762939446,Set Piece,,missed,41,understat
2526,La Liga,2025-08-23 19:30:00,Levante,Iván Romero,0.5942041873931885,91.9000015258789,44.5,Open Play,Right Foot,goal,14,understat
2526,La Liga,2025-08-23 19:30:00,Levante,Morales,0.1343123763799667,87.19999694824219,62.0,Open Play,Right Foot,blocked,48,understat
2526,La Liga,2025-08-23 19:30:00,Levante,Morales,0.7432776093482971,88.5,50.0,,Right Foot,goal,51,understat
2526,La Liga,2025-08-23 19:30:00,Levante,Morales,0.2547170519828796,95.5999984741211,64.9000015258789,Open Play,Left Foot,saved,52,understat
2526,La Liga,2025-08-23 19:30:00,Levante,Roger Brugué,0.1166941598057746,85.5999984741211,55.20000076293945,Open Play,Left Foot,blocked,48,understat
2526,La Liga,2025-08-23 19:30:00,Levante,Roger Brugué,0.100552998483181,92.90000152587892,34.700000762939446,Open Play,Right Foot,saved,46,understat
2526,La Liga,2025-08-23 19:30:00,Levante,Roger Brugué,0.4950870275497436,92.59999847412108,56.599998474121094,Open Play,Right Foot,saved,52,understat
2526,La Liga,2025-08-23 19:30:00,Levante,Unai Elgezabal,0.0,6.09999990463256,51.4000015258789,Open Play,,own_goal,90,understat
2526,La Liga,2025-08-31 19:30:00,Barcelona,Andreas Christensen,0.0486254282295703,87.9000015258789,44.59999847412109,From Corner,Right Foot,blocked,90,understat
2526,La Liga,2025-08-31 19:30:00,Barcelona,Dani Olmo,0.0157371032983064,68.19999694824219,56.00000000000001,Set Piece,Right Foot,saved,25,understat
2526,La Liga,2025-08-31 19:30:00,Barcelona,Dani Olmo,0.4478521347045898,89.0999984741211,52.70000076293946,Open Play,Right Foot,missed,48,understat
2526,La Liga,2025-08-31 19:30:00,Barcelona,Dani Olmo,0.0729855895042419,81.19999694824219,51.79999923706055,Open Play,Right Foot,missed,47,understat
2526,La Liga,2025-08-31 19:30:00,Barcelona,Eric Garcia,0.2663609385490417,95.90000152587892,45.400001525878906,From Corner,,missed,77,understat
2526,La Liga,2025-08-31 19:30:00,Barcelona,Eric Garcia,0.2609586417675018,90.30000305175781,49.59999847412109,From Corner,,missed,90,understat
2526,La Liga,2025-08-31 19:30:00,Barcelona,Lamine Yamal,0.0611220933496952,88.19999694824219,34.599998474121094,Open Play,Left Foot,saved,3,understat
2526,La Liga,2025-08-31 19:30:00,Barcelona,Lamine Yamal,0.7432776093482971,88.5,50.0,,Left Foot,goal,39,understat
2526,La Liga,2025-08-31 19:30:00,Barcelona,Lamine Yamal,0.0386956483125686,89.30000305175781,27.60000038146972,Open Play,Left Foot,blocked,90,understat
2526,La Liga,2025-08-31 19:30:00,Barcelona,Marcus Rashford,0.0097624203190207,59.900001525878906,80.5,Open Play,Right Foot,missed,88,understat
2526,La Liga,2025-08-31 19:30:00,Barcelona,Pedri,0.0193324889987707,76.30000305175781,41.099998474121094,From Corner,Right Foot,blocked,49,understat
2526,La Liga,2025-08-31 19:30:00,Barcelona,Raphinha,0.3730334639549255,88.5,39.900001525878906,Open Play,Right Foot,missed,6,understat
2526,La Liga,2025-08-31 19:30:00,Rayo Vallecano,Andrei Ratiu,0.4986157417297363,90.59999847412108,49.4000015258789,Open Play,Right Foot,saved,11,understat
2526,La Liga,2025-08-31 19:30:00,Rayo Vallecano,Andrei Ratiu,0.0160335432738065,73.4000015258789,46.400001525878906,From Corner,Right Foot,missed,62,understat
2526,La Liga,2025-08-31 19:30:00,Rayo Vallecano,Florian Lejeune,0.0350984632968902,83.4000015258789,90.0,Direct Freekick,Right Foot,missed,95,understat
2526,La Liga,2025-08-31 19:30:00,Rayo Vallecano,Fran Pérez,0.2093437165021896,93.59999847412108,58.299999237060554,From Corner,Right Foot,goal,66,understat
2526,La Liga,2025-08-31 19:30:00,Rayo Vallecano,Fran Pérez,0.0374482572078704,88.80000305175781,28.29999923706054,Open Play,Right Foot,saved,89,understat
2526,La Liga,2025-08-31 19:30:00,Rayo Vallecano,Isi Palazón,0.0899846479296684,91.4000015258789,44.900001525878906,Open Play,Left Foot,missed,41,understat
2526,La Liga,2025-08-31 19:30:00,Rayo Vallecano,Jorge De Frutos,0.094330295920372,90.9000015258789,38.59999847412109,Open Play,Right Foot,blocked,12,understat
2526,La Liga,2025-08-31 19:30:00,Rayo Vallecano,Jorge De Frutos,0.3598006665706634,86.9000015258789,46.700000762939446,Open Play,Right Foot,saved,72,understat
2526,La Liga,2025-08-31 19:30:00,Rayo Vallecano,Luiz Felipe,0.0872097387909889,90.6999969482422,50.9000015258789,From Corner,,saved,33,understat
2526,La Liga,2025-08-31 19:30:00,Rayo Vallecano,Pedro Díaz,0.0443607419729232,87.19999694824219,37.5,Open Play,Right Foot,blocked,62,understat
2526,La Liga,2025-08-31 19:30:00,Rayo Vallecano,Sergio Camello,0.4398606121540069,90.4000015258789,47.099998474121094,Open Play,Right Foot,saved,89,understat
2526,La Liga,2025-08-31 19:30:00,Rayo Vallecano,Álvaro García,0.0226650275290012,77.80000305175781,69.0999984741211,Open Play,Left Foot,blocked,65,understat
2526,La Liga,2025-09-14 19:00:00,Barcelona,Dani Olmo,0.0444483458995819,79.30000305175781,32.70000076293945,Open Play,Right Foot,missed,80,understat
2526,La Liga,2025-09-14 19:00:00,Barcelona,Eric Garcia,0.1157117262482643,95.0999984741211,42.9000015258789,From Corner,,missed,4,understat
2526,La Liga,2025-09-14 19:00:00,Barcelona,Fermín López,0.0379399247467517,92.30000305175781,71.80000305175781,Open Play,Left Foot,saved,14,understat
2526,La Liga,2025-09-14 19:00:00,Barcelona,Fermín López,0.047549944370985,93.90000152587892,69.0999984741211,Open Play,Right Foot,goal,28,understat
2526,La Liga,2025-09-14 19:00:00,Barcelona,Fermín López,0.0851690545678138,84.69999694824219,59.79999923706054,Open Play,Right Foot,missed,47,understat
2526,La Liga,2025-09-14 19:00:00,Barcelona,Fermín López,0.0258257035166025,69.80000305175781,49.5,Open Play,Left Foot,goal,55,understat
2526,La Liga,2025-09-14 19:00:00,Barcelona,Fermín López,0.0512041673064231,87.69999694824219,70.30000305175781,Open Play,Right Foot,saved,73,understat
2526,La Liga,2025-09-14 19:00:00,Barcelona,Ferrán Torres,0.4286417663097381,88.0999984741211,49.70000076293945,Open Play,Right Foot,missed,9,understat
2526,La Liga,2025-09-14 19:00:00,Barcelona,Ferrán Torres,0.0930953919887542,84.80000305175781,48.5,Open Play,Right Foot,blocked,18,understat
2526,La Liga,2025-09-14 19:00:00,Barcelona,Ferrán Torres,0.0327827595174312,79.30000305175781,34.0,Open Play,Right Foot,missed,41,understat
2526,La Liga,2025-09-14 19:00:00,Barcelona,Ferrán Torres,0.3582256138324737,88.9000015258789,41.79999923706055,Open Play,Right Foot,post,47,understat
2526,La Liga,2025-09-14 19:00:00,Barcelona,Ferrán Torres,0.1239733025431633,91.09999847412108,59.400001525878906,Open Play,Left Foot,saved,52,understat
2526,La Liga,2025-09-14 19:00:00,Barcelona,Marc Casadó,0.0147654833272099,72.0999984741211,51.09999847412109,From Corner,Right Foot,blocked,38,understat
2526,La Liga,2025-09-14 19:00:00,Barcelona,Marcus Rashford,0.0441703796386718,92.80000305175781,70.0,Open Play,Left Foot,missed,2,understat
2526,La Liga,2025-09-14 19:00:00,Barcelona,Marcus Rashford,0.0262495931237936,79.0,58.5,From Corner,Right Foot,missed,4,understat
2526,La Liga,2025-09-14 19:00:00,Barcelona,Pedri,0.0183258093893528,73.30000305175781,52.400001525878906,Open Play,Right Foot,missed,78,understat
2526,La Liga,2025-09-14 19:00:00,Barcelona,Raphinha,0.6176091432571411,96.5,46.29999923706054,Open Play,Right Foot,goal,52,understat
2526,La Liga,2025-09-14 19:00:00,Barcelona,Raphinha,0.0637731477618217,85.0,37.70000076293945,Open Play,Left Foot,goal,65,understat
2526,La Liga,2025-09-14 19:00:00,Barcelona,Raphinha,0.0970604419708252,85.5999984741211,41.9000015258789,Open Play,Left Foot,missed,69,understat
2526,La Liga,2025-09-14 19:00:00,Barcelona,Raphinha,0.1300145834684372,86.69999694824219,43.79999923706055,Open Play,Right Foot,blocked,73,understat
2526,La Liga,2025-09-14 19:00:00,Barcelona,Robert Lewandowski,0.484068751335144,86.5999984741211,46.400001525878906,Open Play,Right Foot,goal,75,understat
2526,La Liga,2025-09-14 19:00:00,Barcelona,Robert Lewandowski,0.5099553465843201,88.4000015258789,56.400001525878906,Open Play,Right Foot,goal,85,understat
2526,La Liga,2025-09-14 19:00:00,Barcelona,Roony Bardghji,0.0209140665829181,71.80000305175781,40.29999923706054,Open Play,Left Foot,blocked,6,understat
2526,La Liga,2025-09-14 19:00:00,Barcelona,Roony Bardghji,0.0192592516541481,75.30000305175781,32.29999923706054,Open Play,Left Foot,saved,13,understat
2526,La Liga,2025-09-14 19:00:00,Valencia,Largie Ramazani,0.0343992672860622,90.80000305175781,27.0,Open Play,Right Foot,missed,79,understat
2526,La Liga,2025-09-14 19:00:00,Valencia,Luis Rioja,0.0905512347817421,89.9000015258789,64.0,Open Play,Left Foot,saved,70,understat
2526,La Liga,2025-09-21 19:00:00,Barcelona,Dani Olmo,0.0764046236872673,81.5999984741211,55.70000076293945,Open Play,Right Foot,missed,40,understat
2526,La Liga,2025-09-21 19:00:00,Barcelona,Dani Olmo,0.040363859385252,69.4000015258789,54.200000762939446,Direct Freekick,Right Foot,missed,59,understat
2526,La Liga,2025-09-21 19:00:00,Barcelona,Dani Olmo,0.4145561456680298,85.0,54.200000762939446,Open Play,Right Foot,goal,61,understat
2526,La Liga,2025-09-21 19:00:00,Barcelona,Dani Olmo,0.0646548196673393,80.4000015258789,25.899999618530273,Direct Freekick,Right Foot,blocked,69,understat
2526,La Liga,2025-09-21 19:00:00,Barcelona,Fermín López,0.0885798931121826,98.90000152587892,68.9000015258789,Open Play,Right Foot,missed,71,understat
2526,La Liga,2025-09-21 19:00:00,Barcelona,Ferrán Torres,0.1101943403482437,87.0999984741211,54.79999923706055,Open Play,Right Foot,blocked,7,understat
2526,La Liga,2025-09-21 19:00:00,Barcelona,Ferrán Torres,0.388178288936615,88.19999694824219,42.70000076293945,Open Play,Right Foot,goal,14,understat
2526,La Liga,2025-09-21 19:00:00,Barcelona,Ferrán Torres,0.3711265325546264,79.19999694824219,57.49999999999999,Open Play,Right Foot,goal,33,understat
2526,La Liga,2025-09-21 19:00:00,Barcelona,Ferrán Torres,0.419912189245224,87.0,40.4000015258789,Open Play,Right Foot,post,42,understat
2526,La Liga,2025-09-21 19:00:00,Barcelona,Marc Casadó,0.0222505200654268,81.80000305175781,25.79999923706054,Open Play,Right Foot,missed,88,understat
2526,La Liga,2025-09-21 19:00:00,Barcelona,Marcus Rashford,0.0651146098971366,86.0,32.400001525878906,Open Play,Left Foot,saved,67,understat
2526,La Liga,2025-09-21 19:00:00,Barcelona,Marcus Rashford,0.1178669184446334,89.30000305175781,58.5,Open Play,Right Foot,saved,91,understat
2526,La Liga,2025-09-21 19:00:00,Barcelona,Raphinha,0.0207553077489137,75.19999694824219,41.700000762939446,Set Piece,Left Foot,missed,3,understat
2526,La Liga,2025-09-21 19:00:00,Barcelona,Robert Lewandowski,0.6410817503929138,96.0,55.20000076293945,Open Play,Right Foot,missed,27,understat
2526,La Liga,2025-09-21 19:00:00,Barcelona,Robert Lewandowski,0.0724032148718833,85.0999984741211,34.200000762939446,Open Play,Right Foot,saved,40,understat
2526,La Liga,2025-09-21 19:00:00,Barcelona,Roony Bardghji,0.0508466809988021,84.4000015258789,28.200000762939446,Open Play,Left Foot,saved,92,understat
2526,La Liga,2025-09-21 19:00:00,Getafe,Davinchi,0.0752173736691474,86.5,53.79999923706055,Open Play,Left Foot,saved,87,understat
2526,La Liga,2025-09-21 19:00:00,Getafe,Domingos Duarte,0.0953278914093971,91.09999847412108,49.29999923706055,From Corner,,saved,50,understat
2526,La Liga,2025-09-21 19:00:00,Getafe,Javi Muñoz,0.0454039648175239,84.69999694824219,36.4000015258789,Open Play,Right Foot,missed,47,understat
2526,La Liga,2025-09-25 19:30:00,Barcelona,Dani Olmo,0.0213508196175098,73.5,36.4000015258789,Open Play,Right Foot,missed,2,understat
2526,La Liga,2025-09-25 19:30:00,Barcelona,Dani Olmo,0.0841597467660904,90.5,44.79999923706054,Open Play,Right Foot,missed,54,understat
2526,La Liga,2025-09-25 19:30:00,Barcelona,Eric Garcia,0.9449723958969116,98.6999969482422,46.599998474121094,From Corner,Left Foot,goal,55,understat
2526,La Liga,2025-09-25 19:30:00,Barcelona,Ferrán Torres,0.0625630617141723,92.59999847412108,66.69999694824219,Open Play,Left Foot,blocked,24,understat
2526,La Liga,2025-09-25 19:30:00,Barcelona,Ferrán Torres,0.0910570919513702,85.19999694824219,55.50000000000001,Open Play,Right Foot,blocked,29,understat
2526,La Liga,2025-09-25 19:30:00,Barcelona,Ferrán Torres,0.1054349839687347,96.5,56.900001525878906,From Corner,Right Foot,saved,55,understat
2526,La Liga,2025-09-25 19:30:00,Barcelona,Ferrán Torres,0.0590887367725372,90.9000015258789,48.700000762939446,Open Play,,saved,57,understat
2526,La Liga,2025-09-25 19:30:00,Barcelona,Ferrán Torres,0.0673857703804969,79.19999694824219,28.799999237060547,Direct Freekick,Right Foot,blocked,80,understat
2526,La Liga,2025-09-25 19:30:00,Barcelona,Ferrán Torres,0.0199434645473957,81.30000305175781,31.899999618530273,Set Piece,Right Foot,missed,80,understat
2526,La Liga,2025-09-25 19:30:00,Barcelona,Marc Casadó,0.0448463223874568,82.0,47.5,Set Piece,Right Foot,blocked,13,understat
2526,La Liga,2025-09-25 19:30:00,Barcelona,Marc Casadó,0.0234829206019639,75.4000015258789,41.29999923706055,Open Play,Right Foot,blocked,41,understat
2526,La Liga,2025-09-25 19:30:00,Barcelona,Marcus Rashford,0.0522320978343486,80.30000305175781,50.5,Open Play,Right Foot,blocked,7,understat
2526,La Liga,2025-09-25 19:30:00,Barcelona,Marcus Rashford,0.0717453062534332,89.9000015258789,61.70000076293945,Open Play,Right Foot,saved,9,understat
2526,La Liga,2025-09-25 19:30:00,Barcelona,Marcus Rashford,0.0227914918214082,80.0,73.0,Open Play,Right Foot,saved,21,understat
2526,La Liga,2025-09-25 19:30:00,Barcelona,Marcus Rashford,0.014630596153438,75.4000015258789,53.0,From Corner,Left Foot,blocked,22,understat
2526,La Liga,2025-09-25 19:30:00,Barcelona,Raphinha,0.0308493506163358,75.19999694824219,52.5,From Corner,Left Foot,post,31,understat
2526,La Liga,2025-09-25 19:30:00,Barcelona,Raphinha,0.0904331281781196,90.4000015258789,61.79999923706055,Open Play,Left Foot,saved,56,understat
2526,La Liga,2025-09-25 19:30:00,Barcelona,Raphinha,0.0661976411938667,91.4000015258789,62.79999923706055,Open Play,Left Foot,blocked,61,understat
2526,La Liga,2025-09-25 19:30:00,Barcelona,Robert Lewandowski,0.042561013251543,89.9000015258789,45.79999923706054,Open Play,,goal,69,understat
2526,La Liga,2025-09-25 19:30:00,Barcelona,Robert Lewandowski,0.0497655384242534,95.3000030517578,26.700000762939453,Open Play,Right Foot,saved,77,understat
2526,La Liga,2025-09-25 19:30:00,Barcelona,Ronald Araújo,0.0532724447548389,94.5,70.80000305175781,From Corner,Right Foot,saved,31,understat
2526,La Liga,2025-09-25 19:30:00,Barcelona,Ronald Araújo,0.1538662612438202,92.4000015258789,51.0,From Corner,,goal,87,understat
2526,La Liga,2025-09-25 19:30:00,Real Oviedo,Alberto Reina,0.0095638912171125,65.9000015258789,33.79999923706054,Open Play,Right Foot,goal,32,understat
2526,La Liga,2025-09-25 19:30:00,Real Oviedo,Alberto Reina,0.0218957141041755,76.9000015258789,45.0,From Corner,Left Foot,saved,61,understat
2526,La Liga,2025-09-25 19:30:00,Real Oviedo,David Carmo,0.0725038051605224,93.6999969482422,51.900001525878906,From Corner,,missed,5,understat
2526,La Liga,2025-09-25 19:30:00,Real Oviedo,Leander Dendoncker,0.0838630422949791,96.0,55.00000000000001,From Corner,,blocked,6,understat
2526,La Liga,2025-09-25 19:30:00,Real Oviedo,Lucas Ahijado,0.2860616445541382,96.0,37.0,Open Play,Right Foot,saved,89,understat
2526,La Liga,2025-09-25 19:30:00,Real Oviedo,Salomón Rondón,0.5695468783378601,95.0999984741211,43.9000015258789,Open Play,Right Foot,blocked,23,understat
2526,La Liga,2025-09-25 19:30:00,Real Oviedo,Salomón Rondón,0.406707227230072,88.0,55.79999923706055,Open Play,Right Foot,blocked,76,understat
2526,La Liga,2025-09-28 16:30:00,Barcelona,Andreas Christensen,0.0776658654212951,89.5,52.0,From Corner,,blocked,10,understat
2526,La Liga,2025-09-28 16:30:00,Barcelona,Dani Olmo,0.0322709120810031,76.4000015258789,39.900001525878906,Open Play,Right Foot,saved,69,understat
2526,La Liga,2025-09-28 16:30:00,Barcelona,Dani Olmo,0.0433680824935436,74.0,71.5,Direct Freekick,Right Foot,blocked,92,understat
2526,La Liga,2025-09-28 16:30:00,Barcelona,Eric Garcia,0.0485102459788322,84.0,48.29999923706055,From Corner,Right Foot,blocked,93,understat
2526,La Liga,2025-09-28 16:30:00,Barcelona,Gerard Martín,0.0165059138089418,75.4000015258789,67.69999694824219,Open Play,Left Foot,missed,46,understat
2526,La Liga,2025-09-28 16:30:00,Barcelona,Jules Koundé,0.1346657425165176,94.8000030517578,52.79999923706055,From Corner,,goal,42,understat
2526,La Liga,2025-09-28 16:30:00,Barcelona,Marcus Rashford,0.055902425199747,85.19999694824219,53.200000762939446,From Corner,Right Foot,saved,9,understat
2526,La Liga,2025-09-28 16:30:00,Barcelona,Marcus Rashford,0.0690005272626876,90.0,60.599998474121094,Open Play,Left Foot,blocked,36,understat
2526,La Liga,2025-09-28 16:30:00,Barcelona,Marcus Rashford,0.0243519693613052,76.0,41.29999923706055,Open Play,Right Foot,missed,46,understat
2526,La Liga,2025-09-28 16:30:00,Barcelona,Marcus Rashford,0.0335594713687896,77.4000015258789,61.5,Open Play,Right Foot,saved,69,understat
2526,La Liga,2025-09-28 16:30:00,Barcelona,Marcus Rashford,0.0177436079829931,78.69999694824219,74.9000015258789,Open Play,Right Foot,blocked,70,understat
2526,La Liga,2025-09-28 16:30:00,Barcelona,Marcus Rashford,0.0491786748170852,86.9000015258789,70.4000015258789,Open Play,Right Foot,missed,76,understat
2526,La Liga,2025-09-28 16:30:00,Barcelona,Pedri,0.5562636852264404,94.59999847412108,48.5,Open Play,Right Foot,blocked,38,understat
2526,La Liga,2025-09-28 16:30:00,Barcelona,Pedri,0.0740102082490921,86.0,63.20000076293945,Open Play,Right Foot,saved,50,understat
2526,La Liga,2025-09-28 16:30:00,Barcelona,Robert Lewandowski,0.5610629320144653,94.8000030517578,49.9000015258789,Open Play,,goal,58,understat
2526,La Liga,2025-09-28 16:30:00,Barcelona,Robert Lewandowski,0.1099259704351425,85.0,50.5,Open Play,Right Foot,missed,59,understat
2526,La Liga,2025-09-28 16:30:00,Barcelona,Robert Lewandowski,0.1200847700238227,97.69999694824219,64.5999984741211,Open Play,Left Foot,blocked,67,understat
2526,La Liga,2025-09-28 16:30:00,Barcelona,Robert Lewandowski,0.6307694315910339,91.9000015258789,51.5,Open Play,Right Foot,post,83,understat
2526,La Liga,2025-09-28 16:30:00,Barcelona,Robert Lewandowski,0.7057263851165771,95.19999694824219,48.5,Open Play,Right Foot,blocked,84,understat
2526,La Liga,2025-09-28 16:30:00,Barcelona,Ronald Araújo,0.0158752612769603,70.9000015258789,35.4000015258789,Open Play,Right Foot,saved,21,understat
2526,La Liga,2025-09-28 16:30:00,Barcelona,Roony Bardghji,0.0272963959723711,79.4000015258789,32.29999923706054,Open Play,Left Foot,saved,23,understat
2526,La Liga,2025-09-28 16:30:00,Barcelona,Roony Bardghji,0.0515197478234767,90.0,31.5,Open Play,Left Foot,saved,41,understat
2526,La Liga,2025-09-28 16:30:00,Real Sociedad,Aihen Muñoz,0.0300766937434673,79.4000015258789,38.5,Open Play,Left Foot,missed,63,understat
2526,La Liga,2025-09-28 16:30:00,Real Sociedad,Mikel Oyarzabal,0.0366057977080345,86.0999984741211,44.59999847412109,Set Piece,,missed,8,understat
2526,La Liga,2025-09-28 16:30:00,Real Sociedad,Mikel Oyarzabal,0.0141354436054825,71.0,43.79999923706055,Open Play,Left Foot,blocked,20,understat
2526,La Liga,2025-09-28 16:30:00,Real Sociedad,Mikel Oyarzabal,0.1048522219061851,86.19999694824219,57.29999923706055,Open Play,Left Foot,saved,61,understat
2526,La Liga,2025-09-28 16:30:00,Real Sociedad,Mikel Oyarzabal,0.0857345908880233,86.80000305175781,42.70000076293945,Open Play,Left Foot,blocked,63,understat
2526,La Liga,2025-09-28 16:30:00,Real Sociedad,Takefusa Kubo,0.1156645789742469,84.19999694824219,47.0,Open Play,Left Foot,post,83,understat
2526,La Liga,2025-09-28 16:30:00,Real Sociedad,Álvaro Odriozola,0.5725881457328796,93.0,47.9000015258789,Open Play,Right Foot,goal,30,understat
2526,La Liga,2025-10-05 14:15:00,Barcelona,Dani Olmo,0.0252761673182249,75.5,49.59999847412109,Open Play,Right Foot,blocked,14,understat
2526,La Liga,2025-10-05 14:15:00,Barcelona,Eric Garcia,0.0319252647459507,90.5,50.29999923706055,From Corner,,saved,63,understat
2526,La Liga,2025-10-05 14:15:00,Barcelona,Jules Koundé,0.0367511361837387,90.30000305175781,49.0,From Corner,,saved,31,understat
2526,La Liga,2025-10-05 14:15:00,Barcelona,Marcus Rashford,0.2481856495141983,88.5999984741211,65.0999984741211,Open Play,Left Foot,saved,42,understat
2526,La Liga,2025-10-05 14:15:00,Barcelona,Marcus Rashford,0.2518668472766876,92.0,59.299999237060554,Open Play,Left Foot,goal,51,understat
2526,La Liga,2025-10-05 14:15:00,Barcelona,Marcus Rashford,0.037182729691267,87.80000305175781,64.5999984741211,Open Play,Right Foot,blocked,67,understat
2526,La Liga,2025-10-05 14:15:00,Barcelona,Pau Cubarsí,0.0809215158224105,84.30000305175781,55.20000076293945,Open Play,Right Foot,blocked,70,understat
2526,La Liga,2025-10-05 14:15:00,Barcelona,Pedri,0.0376361533999443,92.4000015258789,28.29999923706054,Open Play,Right Foot,saved,63,understat
2526,La Liga,2025-10-05 14:15:00,Barcelona,Pedri,0.050001636147499,80.19999694824219,51.09999847412109,Open Play,Right Foot,blocked,71,understat
2526,La Liga,2025-10-05 14:15:00,Barcelona,Robert Lewandowski,0.0350215025246143,85.0,68.4000015258789,Open Play,Left Foot,missed,49,understat
2526,La Liga,2025-10-05 14:15:00,Barcelona,Robert Lewandowski,0.0324729867279529,86.4000015258789,30.299999237060547,Open Play,Right Foot,missed,45,understat
2526,La Liga,2025-10-05 14:15:00,Barcelona,Robert Lewandowski,0.0948513820767402,86.80000305175781,38.0,Open Play,Right Foot,blocked,67,understat
2526,La Liga,2025-10-05 14:15:00,Barcelona,Robert Lewandowski,0.7432776093482971,88.5,50.0,,Right Foot,missed,75,understat
2526,La Liga,2025-10-05 14:15:00,Barcelona,Roony Bardghji,0.0176367685198783,77.5,24.89999961853027,Open Play,Left Foot,missed,78,understat
2526,La Liga,2025-10-05 14:15:00,Barcelona,Roony Bardghji,0.4012141227722168,87.0999984741211,51.20000076293946,Open Play,Left Foot,saved,80,understat
2526,La Liga,2025-10-05 14:15:00,Barcelona,Roony Bardghji,0.3136355876922607,91.9000015258789,33.09999847412109,Open Play,Right Foot,saved,89,understat
2526,La Liga,2025-10-05 14:15:00,Barcelona,Roony Bardghji,0.0444401986896991,88.80000305175781,68.19999694824219,Open Play,Right Foot,saved,100,understat
2526,La Liga,2025-10-05 14:15:00,Sevilla,Akor Adams,0.4245925545692444,89.9000015258789,47.9000015258789,Open Play,Right Foot,goal,95,understat
2526,La Liga,2025-10-05 14:15:00,Sevilla,Akor Adams,0.0702097937464714,92.4000015258789,32.20000076293945,Open Play,Right Foot,blocked,97,understat
2526,La Liga,2025-10-05 14:15:00,Sevilla,Alexis Sánchez,0.7432776093482971,88.5,50.0,,Right Foot,goal,12,understat
2526,La Liga,2025-10-05 14:15:00,Sevilla,Alexis Sánchez,0.0120567586272954,70.30000305175781,32.5,Open Play,Right Foot,missed,52,understat
2526,La Liga,2025-10-05 14:15:00,Sevilla,Isaac Romero,0.0976950004696846,86.19999694824219,42.200000762939446,Open Play,Left Foot,missed,24,understat
2526,La Liga,2025-10-05 14:15:00,Sevilla,Isaac Romero,0.3817590773105621,86.4000015258789,46.09999847412109,Open Play,Left Foot,saved,26,understat
2526,La Liga,2025-10-05 14:15:00,Sevilla,Isaac Romero,0.3351053297519684,85.4000015258789,48.599998474121094,Open Play,Left Foot,missed,34,understat
2526,La Liga,2025-10-05 14:15:00,Sevilla,Isaac Romero,0.5430456399917603,89.9000015258789,44.5,Open Play,Right Foot,goal,36,understat
2526,La Liga,2025-10-05 14:15:00,Sevilla,Isaac Romero,0.0288555119186639,89.0999984741211,40.5,From Corner,,missed,54,understat
2526,La Liga,2025-10-05 14:15:00,Sevilla,José Ángel Carmona,0.080501489341259,84.69999694824219,41.200000762939446,Open Play,Left Foot,missed,21,understat
2526,La Liga,2025-10-05 14:15:00,Sevilla,José Ángel Carmona,0.0661711767315864,88.0999984741211,29.799999237060547,Open Play,Right Foot,goal,89,understat
2526,La Liga,2025-10-05 14:15:00,Sevilla,Marcão,0.1015581339597702,88.5,44.4000015258789,From Corner,Left Foot,blocked,54,understat
2526,La Liga,2025-10-05 14:15:00,Sevilla,Marcão,0.012241082265973,86.19999694824219,40.0,From Corner,,missed,62,understat
2526,La Liga,2025-10-18 14:15:00,Barcelona,Eric Garcia,0.0312009863555431,76.69999694824219,53.099998474121094,Open Play,Right Foot,missed,33,understat
2526,La Liga,2025-10-18 14:15:00,Barcelona,Fermín López,0.0208930615335702,72.80000305175781,46.599998474121094,Open Play,Right Foot,saved,47,understat
2526,La Liga,2025-10-18 14:15:00,Barcelona,Fermín López,0.053303450345993,86.9000015258789,66.5999984741211,Open Play,Right Foot,missed,51,understat
2526,La Liga,2025-10-18 14:15:00,Barcelona,Fermín López,0.0313083715736866,80.19999694824219,59.299999237060554,Open Play,Right Foot,post,51,understat
2526,La Liga,2025-10-18 14:15:00,Barcelona,Fermín López,0.0243012309074401,77.5999984741211,62.0,Open Play,Right Foot,saved,55,understat
2526,La Liga,2025-10-18 14:15:00,Barcelona,Fermín López,0.0990255773067474,89.80000305175781,64.80000305175781,Open Play,Left Foot,missed,67,understat
2526,La Liga,2025-10-18 14:15:00,Barcelona,Frenkie de Jong,0.0881161764264106,86.4000015258789,50.9000015258789,Open Play,Right Foot,saved,25,understat
2526,La Liga,2025-10-18 14:15:00,Barcelona,Frenkie de Jong,0.0912399962544441,88.0,38.900001525878906,Open Play,Right Foot,missed,59,understat
2526,La Liga,2025-10-18 14:15:00,Barcelona,Lamine Yamal,0.0483720786869525,86.5999984741211,32.20000076293945,Open Play,Left Foot,missed,4,understat
2526,La Liga,2025-10-18 14:15:00,Barcelona,Lamine Yamal,0.0597157105803489,84.5999984741211,39.5,Open Play,Left Foot,blocked,11,understat
2526,La Liga,2025-10-18 14:15:00,Barcelona,Lamine Yamal,0.0768846124410629,91.30000305175781,40.599998474121094,Open Play,Left Foot,blocked,36,understat
2526,La Liga,2025-10-18 14:15:00,Barcelona,Lamine Yamal,0.0189652685075998,77.9000015258789,34.599998474121094,From Corner,Left Foot,missed,37,understat
2526,La Liga,2025-10-18 14:15:00,Barcelona,Lamine Yamal,0.0207606125622987,78.5,30.5,Open Play,Left Foot,saved,53,understat
2526,La Liga,2025-10-18 14:15:00,Barcelona,Lamine Yamal,0.0219823196530342,81.5999984741211,22.20000076293945,Open Play,Left Foot,missed,61,understat
2526,La Liga,2025-10-18 14:15:00,Barcelona,Marcus Rashford,0.0520740300416946,89.9000015258789,86.5999984741211,Direct Freekick,Right Foot,saved,2,understat
2526,La Liga,2025-10-18 14:15:00,Barcelona,Marcus Rashford,0.0390459410846233,72.80000305175781,71.80000305175781,Direct Freekick,Right Foot,post,29,understat
2526,La Liga,2025-10-18 14:15:00,Barcelona,Marcus Rashford,0.0167213734239339,72.5,70.0999984741211,Open Play,Right Foot,blocked,42,understat
2526,La Liga,2025-10-18 14:15:00,Barcelona,Marcus Rashford,0.0943560376763343,79.69999694824219,64.30000305175781,Direct Freekick,Right Foot,missed,58,understat
2526,La Liga,2025-10-18 14:15:00,Barcelona,Marcus Rashford,0.5585616827011108,95.5,54.50000000000001,Open Play,Left Foot,missed,64,understat
2526,La Liga,2025-10-18 14:15:00,Barcelona,Marcus Rashford,0.0632494986057281,87.5,66.19999694824219,Open Play,Right Foot,saved,65,understat
2526,La Liga,2025-10-18 14:15:00,Barcelona,Marcus Rashford,0.0224120020866394,86.69999694824219,79.9000015258789,From Corner,Right Foot,saved,65,understat
2526,La Liga,2025-10-18 14:15:00,Barcelona,Marcus Rashford,0.0978805124759674,89.5999984741211,61.40000152587891,Open Play,Right Foot,blocked,89,understat
2526,La Liga,2025-10-18 14:15:00,Barcelona,Pau Cubarsí,0.1104341521859169,95.69999694824219,42.5,From Corner,,blocked,54,understat
2526,La Liga,2025-10-18 14:15:00,Barcelona,Pedri,0.1013686954975128,86.30000305175781,55.099998474121094,Open Play,Left Foot,goal,12,understat
2526,La Liga,2025-10-18 14:15:00,Barcelona,Pedri,0.0462350659072399,80.9000015258789,54.200000762939446,Open Play,Left Foot,blocked,53,understat
2526,La Liga,2025-10-18 14:15:00,Barcelona,Ronald Araújo,0.491376519203186,91.4000015258789,45.5,Open Play,Right Foot,goal,92,understat
2526,La Liga,2025-10-18 14:15:00,Barcelona,Álex Balde,0.041467547416687,86.0,70.5999984741211,Open Play,Right Foot,missed,56,understat
2526,La Liga,2025-10-18 14:15:00,Girona,Axel Witsel,0.0843455865979194,89.0999984741211,55.29999923706055,From Corner,Right Foot,goal,19,understat
2526,La Liga,2025-10-18 14:15:00,Girona,Axel Witsel,0.0976384952664375,85.9000015258789,53.200000762939446,Open Play,Right Foot,missed,40,understat
2526,La Liga,2025-10-18 14:15:00,Girona,Bryan Gil Salvatierra,0.5097411274909973,86.80000305175781,39.5,Open Play,Left Foot,missed,38,understat
2526,La Liga,2025-10-18 14:15:00,Girona,Bryan Gil Salvatierra,0.0770397931337356,91.30000305175781,64.80000305175781,Open Play,Left Foot,blocked,48,understat
2526,La Liga,2025-10-18 14:15:00,Girona,Jhon Solis,0.0386039577424526,85.69999694824219,39.5,From Corner,Left Foot,missed,72,understat
2526,La Liga,2025-10-18 14:15:00,Girona,Joel Roca,0.0259730592370033,78.5,64.5999984741211,Open Play,Right Foot,blocked,45,understat
2526,La Liga,2025-10-18 14:15:00,Girona,Joel Roca,0.0333750694990158,88.30000305175781,71.5999984741211,Open Play,Right Foot,blocked,47,understat
2526,La Liga,2025-10-18 14:15:00,Girona,Joel Roca,0.0526988990604877,87.80000305175781,69.9000015258789,Open Play,Right Foot,saved,66,understat
2526,La Liga,2025-10-18 14:15:00,Girona,Portu,0.5700864195823669,87.69999694824219,45.400001525878906,Open Play,Right Foot,saved,23,understat
2526,La Liga,2025-10-18 14:15:00,Girona,Viktor Tsygankov,0.0960906594991684,86.69999694824219,56.79999923706055,Open Play,Left Foot,missed,85,understat
2526,La Liga,2025-10-18 14:15:00,Girona,Vladyslav Vanat,0.1081605106592178,86.80000305175781,62.79999923706055,Open Play,Left Foot,saved,22,understat
2526,La Liga,2025-10-26 15:15:00,Barcelona,Eric Garcia,0.0324290134012699,77.5,45.0,Open Play,Right Foot,blocked,62,understat
2526,La Liga,2025-10-26 15:15:00,Barcelona,Fermín López,0.4798868298530578,90.6999969482422,52.0,Open Play,Right Foot,goal,37,understat
2526,La Liga,2025-10-26 15:15:00,Barcelona,Fermín López,0.0735969766974449,96.5999984741211,56.49999999999999,From Corner,,blocked,40,understat
2526,La Liga,2025-10-26 15:15:00,Barcelona,Fermín López,0.0558046847581863,81.30000305175781,46.9000015258789,Open Play,Right Foot,saved,46,understat
2526,La Liga,2025-10-26 15:15:00,Barcelona,Fermín López,0.0492537021636962,82.19999694824219,48.0,Open Play,Right Foot,saved,52,understat
2526,La Liga,2025-10-26 15:15:00,Barcelona,Ferrán Torres,0.082155205309391,86.5,50.0999984741211,Open Play,Right Foot,saved,33,understat
2526,La Liga,2025-10-26 15:15:00,Barcelona,Ferrán Torres,0.0448218211531639,80.5,51.4000015258789,Open Play,Right Foot,saved,49,understat
2526,La Liga,2025-10-26 15:15:00,Barcelona,Jules Koundé,0.122412621974945,92.80000305175781,51.09999847412109,From Corner,,missed,70,understat
2526,La Liga,2025-10-26 15:15:00,Barcelona,Lamine Yamal,0.0257996879518032,80.5,30.100000381469723,Open Play,Left Foot,missed,8,understat
2526,La Liga,2025-10-26 15:15:00,Barcelona,Lamine Yamal,0.0174639038741588,77.80000305175781,26.399999618530266,Open Play,Left Foot,missed,63,understat
2526,La Liga,2025-10-26 15:15:00,Barcelona,Marc Casadó,0.0465198308229446,85.80000305175781,33.59999847412109,Open Play,Right Foot,blocked,94,understat
2526,La Liga,2025-10-26 15:15:00,Barcelona,Marcus Rashford,0.0493936538696289,88.80000305175781,67.80000305175781,Open Play,Right Foot,blocked,0,understat
2526,La Liga,2025-10-26 15:15:00,Barcelona,Marcus Rashford,0.0185020621865987,73.30000305175781,61.20000076293945,Open Play,Right Foot,blocked,54,understat
2526,La Liga,2025-10-26 15:15:00,Barcelona,Pau Cubarsí,0.0155659914016723,69.69999694824219,46.599998474121094,Open Play,Right Foot,missed,19,understat
2526,La Liga,2025-10-26 15:15:00,Barcelona,Ronald Araújo,0.010736770927906,65.0999984741211,31.5,Open Play,Right Foot,missed,82,understat
2526,La Liga,2025-10-26 15:15:00,Real Madrid,Arda Güler,0.0389142893254756,88.69999694824219,25.0,From Corner,Left Foot,blocked,31,understat
2526,La Liga,2025-10-26 15:15:00,Real Madrid,Aurelien Tchouameni,0.0590790882706642,89.0999984741211,51.0,From Corner,,missed,47,understat
2526,La Liga,2025-10-26 15:15:00,Real Madrid,Aurelien Tchouameni,0.0154902394860982,72.80000305175781,62.79999923706055,Open Play,Right Foot,blocked,66,understat
2526,La Liga,2025-10-26 15:15:00,Real Madrid,Aurelien Tchouameni,0.1247462779283523,90.30000305175781,33.09999847412109,Open Play,Right Foot,blocked,79,understat
2526,La Liga,2025-10-26 15:15:00,Real Madrid,Dean Huijsen,0.2776578664779663,91.80000305175781,45.59999847412109,From Corner,Right Foot,saved,29,understat
2526,La Liga,2025-10-26 15:15:00,Real Madrid,Eder Militão,0.0567495375871658,92.0,50.5,From Corner,,missed,39,understat
2526,La Liga,2025-10-26 15:15:00,Real Madrid,Eder Militão,0.0738071128726005,90.9000015258789,55.20000076293945,From Corner,,missed,51,understat
2526,La Liga,2025-10-26 15:15:00,Real Madrid,Federico Valverde,0.015984907746315,74.30000305175781,39.5,From Corner,Left Foot,missed,25,understat
2526,La Liga,2025-10-26 15:15:00,Real Madrid,Jude Bellingham,0.0446720123291015,79.4000015258789,35.79999923706055,Open Play,Left Foot,blocked,24,understat
2526,La Liga,2025-10-26 15:15:00,Real Madrid,Jude Bellingham,0.0765924230217933,82.19999694824219,48.29999923706055,Open Play,Left Foot,saved,36,understat
2526,La Liga,2025-10-26 15:15:00,Real Madrid,Jude Bellingham,0.661574125289917,97.40000152587892,51.4000015258789,Set Piece,Right Foot,goal,42,understat
2526,La Liga,2025-10-26 15:15:00,Real Madrid,Jude Bellingham,0.1499450504779815,93.0,54.099998474121094,Open Play,Right Foot,saved,45,understat
2526,La Liga,2025-10-26 15:15:00,Real Madrid,Jude Bellingham,0.0597977600991725,80.4000015258789,54.29999923706055,Open Play,Right Foot,blocked,66,understat
2526,La Liga,2025-10-26 15:15:00,Real Madrid,Kylian Mbappe-Lottin,0.3787125051021576,88.0,41.5,Open Play,Right Foot,goal,21,understat
2526,La Liga,2025-10-26 15:15:00,Real Madrid,Kylian Mbappe-Lottin,0.0263365749269723,90.30000305175781,28.89999961853027,Set Piece,Right Foot,saved,28,understat
2526,La Liga,2025-10-26 15:15:00,Real Madrid,Kylian Mbappe-Lottin,0.7432776093482971,88.5,50.0,,Right Foot,saved,51,understat
2526,La Liga,2025-10-26 15:15:00,Real Madrid,Kylian Mbappe-Lottin,0.0927577465772628,85.4000015258789,61.70000076293945,Open Play,Right Foot,blocked,79,understat
2526,La Liga,2025-10-26 15:15:00,Real Madrid,Kylian Mbappe-Lottin,0.0584241151809692,84.5,65.80000305175781,Open Play,Left Foot,missed,87,understat
2526,La Liga,2025-10-26 15:15:00,Real Madrid,Rodrygo,0.0832519382238388,84.30000305175781,63.4000015258789,Open Play,Right Foot,saved,94,understat
2526,La Liga,2025-10-26 15:15:00,Real Madrid,Rodrygo,0.0655636489391326,74.19999694824219,55.00000000000001,Direct Freekick,Right Foot,saved,97,understat
2526,La Liga,2025-10-26 15:15:00,Real Madrid,Vinícius Júnior,0.1155371069908142,88.30000305175781,58.299999237060554,Open Play,Right Foot,saved,34,understat
2526,La Liga,2025-10-26 15:15:00,Real Madrid,Vinícius Júnior,0.1536251604557037,91.6999969482422,66.4000015258789,Open Play,Right Foot,blocked,51,understat
2526,La Liga,2025-10-26 15:15:00,Real Madrid,Vinícius Júnior,0.041649043560028,85.9000015258789,73.0,Open Play,Right Foot,missed,65,understat
2526,La Liga,2025-11-02 17:30:00,Barcelona,Fermín López,0.0336020700633525,76.5,49.9000015258789,From Corner,Right Foot,missed,24,understat
2526,La Liga,2025-11-02 17:30:00,Barcelona,Fermín López,0.0157225988805294,75.69999694824219,29.10000038146972,Open Play,Right Foot,missed,32,understat
2526,La Liga,2025-11-02 17:30:00,Barcelona,Ferrán Torres,0.5982621312141418,93.3000030517578,47.200000762939446,Open Play,Right Foot,goal,11,understat
2526,La Liga,2025-11-02 17:30:00,Barcelona,Ferrán Torres,0.036544669419527,79.0,53.79999923706055,From Corner,Right Foot,saved,38,understat
2526,La Liga,2025-11-02 17:30:00,Barcelona,Ferrán Torres,0.4102748930454254,86.9000015258789,55.79999923706055,Open Play,Left Foot,saved,45,understat
2526,La Liga,2025-11-02 17:30:00,Barcelona,Lamine Yamal,0.3746053874492645,87.4000015258789,43.4000015258789,Open Play,Left Foot,goal,8,understat
2526,La Liga,2025-11-02 17:30:00,Barcelona,Lamine Yamal,0.0468095615506172,81.5999984741211,37.79999923706054,From Corner,Left Foot,blocked,38,understat
2526,La Liga,2025-11-02 17:30:00,Barcelona,Lamine Yamal,0.1041251495480537,85.5,40.0,Open Play,Left Foot,missed,47,understat
2526,La Liga,2025-11-02 17:30:00,Barcelona,Lamine Yamal,0.431375503540039,86.69999694824219,46.79999923706054,Open Play,Left Foot,missed,77,understat
2526,La Liga,2025-11-02 17:30:00,Barcelona,Marc Casadó,0.0931579172611236,91.4000015258789,44.0,From Corner,Right Foot,blocked,38,understat
2526,La Liga,2025-11-02 17:30:00,Barcelona,Marcus Rashford,0.0650199502706527,80.30000305175781,64.5999984741211,Open Play,Right Foot,missed,34,understat
2526,La Liga,2025-11-02 17:30:00,Barcelona,Marcus Rashford,0.0712883323431015,88.5,64.80000305175781,Open Play,Right Foot,blocked,37,understat
2526,La Liga,2025-11-02 17:30:00,Barcelona,Marcus Rashford,0.2208073735237121,92.09999847412108,68.30000305175781,Open Play,Right Foot,missed,45,understat
2526,La Liga,2025-11-02 17:30:00,Barcelona,Marcus Rashford,0.0405407696962356,80.5999984741211,61.0999984741211,Open Play,Right Foot,blocked,53,understat
2526,La Liga,2025-11-02 17:30:00,Barcelona,Marcus Rashford,0.0975115299224853,88.0,60.599998474121094,Open Play,Right Foot,blocked,55,understat
2526,La Liga,2025-11-02 17:30:00,Barcelona,Marcus Rashford,0.079866237938404,92.59999847412108,67.19999694824219,Open Play,Left Foot,goal,60,understat
2526,La Liga,2025-11-02 17:30:00,Barcelona,Robert Lewandowski,0.0921468287706375,94.1999969482422,31.70000076293945,Open Play,Right Foot,blocked,85,understat
2526,La Liga,2025-11-02 17:30:00,Elche,Adrià Pedrosa,0.0202886275947093,80.80000305175781,27.700000762939446,Open Play,Left Foot,blocked,67,understat
2526,La Liga,2025-11-02 17:30:00,Elche,Hector Fort,0.039372481405735,86.0,70.9000015258789,Open Play,Right Foot,blocked,72,understat
2526,La Liga,2025-11-02 17:30:00,Elche,Hector Fort,0.0195180531591177,75.9000015258789,74.0999984741211,From Corner,Right Foot,missed,72,understat
2526,La Liga,2025-11-02 17:30:00,Elche,John Donald,0.0296346489340066,88.0999984741211,42.099998474121094,Open Play,,missed,87,understat
2526,La Liga,2025-11-02 17:30:00,Elche,Rafa Mir,0.0381779000163078,86.5999984741211,68.5,Open Play,Right Foot,goal,41,understat
2526,La Liga,2025-11-02 17:30:00,Elche,Rafa Mir,0.039842065423727,88.0,70.80000305175781,Open Play,Right Foot,post,54,understat
2526,La Liga,2025-11-02 17:30:00,Elche,Rafa Mir,0.2633984684944153,93.6999969482422,31.0,Open Play,Right Foot,saved,67,understat
2526,La Liga,2025-11-02 17:30:00,Elche,Rafa Mir,0.0526807643473148,86.80000305175781,52.09999847412109,Open Play,Right Foot,saved,76,understat
2526,La Liga,2025-11-02 17:30:00,Elche,Rafa Mir,0.046166393905878,93.09999847412108,37.20000076293945,Open Play,Right Foot,missed,77,understat
2526,La Liga,2025-11-09 20:00:00,Barcelona,Dani Olmo,0.0536752492189407,81.5999984741211,53.0,Open Play,Left Foot,saved,43,understat
2526,La Liga,2025-11-09 20:00:00,Barcelona,Dani Olmo,0.0222228821367025,79.80000305175781,65.69999694824219,From Corner,Right Foot,blocked,67,understat
2526,La Liga,2025-11-09 20:00:00,Barcelona,Dani Olmo,0.0861879289150238,84.19999694824219,55.20000076293945,Open Play,Right Foot,blocked,74,understat
2526,La Liga,2025-11-09 20:00:00,Barcelona,Fermín López,0.0334055684506893,79.69999694824219,38.5,Open Play,Right Foot,blocked,6,understat
2526,La Liga,2025-11-09 20:00:00,Barcelona,Fermín López,0.1139044091105461,87.4000015258789,48.5,Open Play,Right Foot,blocked,24,understat
2526,La Liga,2025-11-09 20:00:00,Barcelona,Fermín López,0.0886417403817176,89.5999984741211,49.59999847412109,From Corner,Left Foot,missed,31,understat
2526,La Liga,2025-11-09 20:00:00,Barcelona,Frenkie de Jong,0.0473473779857158,76.80000305175781,46.9000015258789,Open Play,Left Foot,blocked,29,understat
2526,La Liga,2025-11-09 20:00:00,Barcelona,Lamine Yamal,0.0842460095882415,88.0,33.0,Open Play,Right Foot,saved,24,understat
2526,La Liga,2025-11-09 20:00:00,Barcelona,Lamine Yamal,0.069645419716835,90.5,36.0,Open Play,Right Foot,goal,48,understat
2526,La Liga,2025-11-09 20:00:00,Barcelona,Lamine Yamal,0.0748834758996963,85.9000015258789,36.9000015258789,Open Play,Left Foot,missed,65,understat
2526,La Liga,2025-11-09 20:00:00,Barcelona,Lamine Yamal,0.4353628158569336,87.19999694824219,54.200000762939446,Open Play,Left Foot,post,87,understat
2526,La Liga,2025-11-09 20:00:00,Barcelona,Marcus Rashford,0.0580082386732101,85.80000305175781,82.0999984741211,Direct Freekick,Right Foot,blocked,3,understat
2526,La Liga,2025-11-09 20:00:00,Barcelona,Marcus Rashford,0.3031068444252014,85.5,53.599998474121094,Open Play,Right Foot,saved,10,understat
2526,La Liga,2025-11-09 20:00:00,Barcelona,Marcus Rashford,0.0841554999351501,87.5,58.799999237060554,Open Play,Right Foot,post,24,understat
2526,La Liga,2025-11-09 20:00:00,Barcelona,Marcus Rashford,0.0365486815571785,79.0999984741211,63.70000076293946,Open Play,Right Foot,blocked,72,understat
2526,La Liga,2025-11-09 20:00:00,Barcelona,Robert Lewandowski,0.0293146576732397,81.0,62.4000015258789,Set Piece,Right Foot,saved,3,understat
2526,La Liga,2025-11-09 20:00:00,Barcelona,Robert Lewandowski,0.7432776093482971,88.5,50.0,,Right Foot,goal,9,understat
2526,La Liga,2025-11-09 20:00:00,Barcelona,Robert Lewandowski,0.4100992977619171,96.40000152587892,40.700000762939446,Open Play,Right Foot,saved,24,understat
2526,La Liga,2025-11-09 20:00:00,Barcelona,Robert Lewandowski,0.565281093120575,95.0999984741211,52.20000076293946,Open Play,Right Foot,goal,36,understat
2526,La Liga,2025-11-09 20:00:00,Barcelona,Robert Lewandowski,0.1033021211624145,87.0,46.09999847412109,Open Play,Left Foot,blocked,66,understat
2526,La Liga,2025-11-09 20:00:00,Barcelona,Robert Lewandowski,0.07362050563097,92.6999969482422,58.099998474121094,From Corner,,goal,72,understat
2526,La Liga,2025-11-09 20:00:00,Celta Vigo,Borja Iglesias,0.0185490678995847,63.09999847412109,39.20000076293945,Open Play,Right Foot,saved,15,understat
2526,La Liga,2025-11-09 20:00:00,Celta Vigo,Borja Iglesias,0.0497197844088077,81.0,42.70000076293945,Open Play,Right Foot,goal,42,understat
2526,La Liga,2025-11-09 20:00:00,Celta Vigo,Ferrán Jutglà,0.0192907731980085,73.5999984741211,53.700000762939446,Open Play,Right Foot,missed,12,understat
2526,La Liga,2025-11-09 20:00:00,Celta Vigo,Miguel Román,0.0586428642272949,82.19999694824219,51.70000076293946,Open Play,Right Foot,blocked,95,understat
2526,La Liga,2025-11-09 20:00:00,Celta Vigo,Sergio Carreira,0.3660508990287781,85.9000015258789,44.29999923706054,Open Play,Right Foot,goal,10,understat
2526,La Liga,2025-11-22 15:15:00,Athletic Club,Aymeric Laporte,0.0552322715520858,92.80000305175781,45.59999847412109,From Corner,,missed,13,understat
2526,La Liga,2025-11-22 15:15:00,Athletic Club,Dani Vivian,0.0758208706974983,90.0,40.29999923706054,From Corner,Right Foot,missed,62,understat
2526,La Liga,2025-11-22 15:15:00,Athletic Club,Dani Vivian,0.3261570632457733,90.80000305175781,46.700000762939446,Set Piece,,saved,79,understat
2526,La Liga,2025-11-22 15:15:00,Athletic Club,Gorka Guruzeta,0.0642376467585563,88.80000305175781,60.0,Open Play,Right Foot,blocked,62,understat
2526,La Liga,2025-11-22 15:15:00,Athletic Club,Gorka Guruzeta,0.0157390255481004,93.3000030517578,38.79999923706054,From Corner,,missed,83,understat
2526,La Liga,2025-11-22 15:15:00,Athletic Club,Nico Williams,0.0481533668935298,91.30000305175781,69.69999694824219,Open Play,Right Foot,missed,11,understat
2526,La Liga,2025-11-22 15:15:00,Athletic Club,Nico Williams,0.0825545340776443,87.9000015258789,60.5,Open Play,Left Foot,missed,40,understat
2526,La Liga,2025-11-22 15:15:00,Athletic Club,Nico Williams,0.0588989071547985,86.80000305175781,58.20000076293945,Open Play,Left Foot,missed,41,understat
2526,La Liga,2025-11-22 15:15:00,Athletic Club,Unai Gómez,0.0897695422172546,85.0,39.09999847412109,Open Play,Left Foot,blocked,8,understat
2526,La Liga,2025-11-22 15:15:00,Athletic Club,Unai Gómez,0.0132426302880048,93.1999969482422,64.5999984741211,From Corner,,blocked,13,understat
2526,La Liga,2025-11-22 15:15:00,Athletic Club,Unai Gómez,0.0763365924358367,90.6999969482422,58.5,Open Play,Right Foot,saved,35,understat
2526,La Liga,2025-11-22 15:15:00,Athletic Club,Unai Gómez,0.093817226588726,86.5999984741211,63.70000076293946,Open Play,Left Foot,missed,38,understat
2526,La Liga,2025-11-22 15:15:00,Athletic Club,Yuri,0.046185914427042,90.30000305175781,71.5,Open Play,Left Foot,missed,74,understat
2526,La Liga,2025-11-22 15:15:00,Barcelona,Dani Olmo,0.0475222282111644,80.5999984741211,64.19999694824219,Open Play,Right Foot,blocked,7,understat
2526,La Liga,2025-11-22 15:15:00,Barcelona,Dani Olmo,0.0711098313331604,82.4000015258789,54.29999923706055,Open Play,Right Foot,missed,19,understat
2526,La Liga,2025-11-22 15:15:00,Barcelona,Dani Olmo,0.0890091657638549,90.6999969482422,34.79999923706054,Open Play,Right Foot,blocked,60,understat
2526,La Liga,2025-11-22 15:15:00,Barcelona,Dani Olmo,0.0987197160720825,88.0,36.099998474121094,Open Play,Right Foot,missed,64,understat
2526,La Liga,2025-11-22 15:15:00,Barcelona,Fermín López,0.0996029749512672,88.5999984741211,56.29999923706055,Open Play,Left Foot,saved,19,understat
2526,La Liga,2025-11-22 15:15:00,Barcelona,Fermín López,0.5277730822563171,89.30000305175781,47.599998474121094,Open Play,Right Foot,goal,47,understat
2526,La Liga,2025-11-22 15:15:00,Barcelona,Ferrán Torres,0.0450703389942646,81.19999694824219,63.59999847412109,Open Play,Right Foot,missed,31,understat
2526,La Liga,2025-11-22 15:15:00,Barcelona,Ferrán Torres,0.3823167383670807,85.0,57.29999923706055,Open Play,Left Foot,goal,47,understat
2526,La Liga,2025-11-22 15:15:00,Barcelona,Ferrán Torres,0.2939310669898987,84.69999694824219,50.70000076293945,Open Play,Right Foot,goal,89,understat
2526,La Liga,2025-11-22 15:15:00,Barcelona,Jules Koundé,0.0807619765400886,89.80000305175781,54.200000762939446,From Corner,Left Foot,blocked,70,understat
2526,La Liga,2025-11-22 15:15:00,Barcelona,Lamine Yamal,0.0621635057032108,92.6999969482422,29.799999237060547,Open Play,Right Foot,saved,7,understat
2526,La Liga,2025-11-22 15:15:00,Barcelona,Lamine Yamal,0.0351080037653446,75.9000015258789,46.700000762939446,From Corner,Left Foot,blocked,64,understat
2526,La Liga,2025-11-22 15:15:00,Barcelona,Lamine Yamal,0.0501634255051612,86.80000305175781,25.79999923706054,Open Play,Left Foot,blocked,71,understat
2526,La Liga,2025-11-22 15:15:00,Barcelona,Lamine Yamal,0.1041955947875976,91.4000015258789,33.70000076293945,Open Play,Left Foot,saved,83,understat
2526,La Liga,2025-11-22 15:15:00,Barcelona,Lamine Yamal,0.0648188516497612,86.5999984741211,31.20000076293945,Open Play,Left Foot,missed,87,understat
2526,La Liga,2025-11-22 15:15:00,Barcelona,Raphinha,0.0480524636805057,78.0,51.20000076293946,Open Play,Left Foot,missed,81,understat
2526,La Liga,2025-11-22 15:15:00,Barcelona,Robert Lewandowski,0.0621079094707965,87.0999984741211,63.4000015258789,Open Play,Left Foot,blocked,1,understat
2526,La Liga,2025-11-22 15:15:00,Barcelona,Robert Lewandowski,0.0576901100575923,86.9000015258789,67.19999694824219,Open Play,Left Foot,goal,3,understat
2526,La Liga,2025-11-22 15:15:00,Barcelona,Robert Lewandowski,0.1161873713135719,89.9000015258789,56.599998474121094,Open Play,Left Foot,blocked,47,understat
2526,La Liga,2025-11-29 15:15:00,Alaves,Abderrahmane Rebbach,0.1053743809461593,93.40000152587892,69.9000015258789,Open Play,Left Foot,missed,1,understat
2526,La Liga,2025-11-29 15:15:00,Alaves,Abderrahmane Rebbach,0.0205762721598148,77.19999694824219,60.099998474121094,From Corner,Right Foot,missed,24,understat
2526,La Liga,2025-11-29 15:15:00,Alaves,Jon Pacheco Dozagarat,0.0704185739159584,90.1999969482422,51.0,From Corner,Right Foot,missed,77,understat
2526,La Liga,2025-11-29 15:15:00,Alaves,Jonny,0.3628093600273132,96.8000030517578,39.400001525878906,Open Play,Right Foot,saved,23,understat
2526,La Liga,2025-11-29 15:15:00,Alaves,Lucas Boyé,0.4645302891731262,92.5,57.900001525878906,Open Play,Left Foot,missed,45,understat
2526,La Liga,2025-11-29 15:15:00,Alaves,Lucas Boyé,0.0862486734986305,91.80000305175781,43.79999923706055,Open Play,Right Foot,blocked,77,understat
2526,La Liga,2025-11-29 15:15:00,Alaves,Pablo Ibáñez,0.7171374559402466,97.0999984741211,46.79999923706054,From Corner,Right Foot,goal,0,understat
2526,La Liga,2025-11-29 15:15:00,Alaves,Pablo Ibáñez,0.1082040667533874,91.9000015258789,43.5,Set Piece,,missed,36,understat
2526,La Liga,2025-11-29 15:15:00,Alaves,Victor Parada,0.555954098701477,94.5,53.0,From Corner,Right Foot,blocked,0,understat
2526,La Liga,2025-11-29 15:15:00,Barcelona,Dani Olmo,0.3908447921276092,88.30000305175781,54.900001525878906,Open Play,Right Foot,goal,25,understat
2526,La Liga,2025-11-29 15:15:00,Barcelona,Dani Olmo,0.0997245088219642,87.4000015258789,46.700000762939446,Open Play,Right Foot,missed,70,understat
2526,La Liga,2025-11-29 15:15:00,Barcelona,Dani Olmo,0.4028827250003814,86.19999694824219,54.900001525878906,Open Play,Left Foot,goal,92,understat
2526,La Liga,2025-11-29 15:15:00,Barcelona,Eric Garcia,0.1102740690112114,92.5,45.5,From Corner,,missed,6,understat
2526,La Liga,2025-11-29 15:15:00,Barcelona,Lamine Yamal,0.363338440656662,91.9000015258789,45.70000076293945,Open Play,Left Foot,goal,7,understat
2526,La Liga,2025-11-29 15:15:00,Barcelona,Lamine Yamal,0.5534599423408508,97.0999984741211,42.099998474121094,Open Play,Right Foot,post,43,understat
2526,La Liga,2025-11-29 15:15:00,Barcelona,Lamine Yamal,0.0326294042170047,76.5,38.5,From Corner,Left Foot,missed,64,understat
2526,La Liga,2025-11-29 15:15:00,Barcelona,Lamine Yamal,0.0203982144594192,77.80000305175781,19.10000038146972,From Corner,Left Foot,missed,68,understat
2526,La Liga,2025-11-29 15:15:00,Barcelona,Lamine Yamal,0.0493306219577789,81.5,37.09999847412109,Open Play,Left Foot,blocked,72,understat
2526,La Liga,2025-11-29 15:15:00,Barcelona,Lamine Yamal,0.1032864451408386,84.4000015258789,48.5,Open Play,Left Foot,blocked,73,understat
2526,La Liga,2025-11-29 15:15:00,Barcelona,Lamine Yamal,0.1008583530783653,85.5999984741211,46.09999847412109,Open Play,Left Foot,missed,73,understat
2526,La Liga,2025-11-29 15:15:00,Barcelona,Marc Bernal,0.0342363603413105,77.19999694824219,41.0,Open Play,Left Foot,blocked,27,understat
2526,La Liga,2025-11-29 15:15:00,Barcelona,Marc Casadó,0.0335810035467147,76.9000015258789,43.59999847412109,Open Play,Left Foot,blocked,73,understat
2526,La Liga,2025-11-29 15:15:00,Barcelona,Raphinha,0.0705401897430419,87.80000305175781,63.20000076293945,Open Play,Left Foot,blocked,6,understat
2526,La Liga,2025-11-29 15:15:00,Barcelona,Raphinha,0.0235848519951105,77.69999694824219,43.79999923706055,From Corner,Left Foot,blocked,6,understat
2526,La Liga,2025-11-29 15:15:00,Barcelona,Raphinha,0.021826634183526,75.0,52.5,Set Piece,Left Foot,saved,49,understat
2526,La Liga,2025-11-29 15:15:00,Barcelona,Robert Lewandowski,0.0992881655693054,96.5999984741211,47.0,From Corner,,saved,56,understat
2526,La Liga,2025-11-29 15:15:00,Barcelona,Robert Lewandowski,0.0112974401563405,88.0999984741211,37.9000015258789,From Corner,,saved,56,understat
2526,La Liga,2025-12-02 20:00:00,Atletico Madrid,Antoine Griezmann,0.4161052703857422,90.5,60.099998474121094,Open Play,Left Foot,missed,92,understat
2526,La Liga,2025-12-02 20:00:00,Atletico Madrid,David Hancko,0.0176968369632959,87.9000015258789,54.700000762939446,Open Play,,missed,90,understat
2526,La Liga,2025-12-02 20:00:00,Atletico Madrid,Giuliano Simeone,0.1011755317449569,87.19999694824219,43.20000076293945,Open Play,Right Foot,missed,52,understat
2526,La Liga,2025-12-02 20:00:00,Atletico Madrid,Julián Álvarez,0.0462034195661544,90.5,28.200000762939446,Open Play,Right Foot,saved,51,understat
2526,La Liga,2025-12-02 20:00:00,Atletico Madrid,Nahuel Molina,0.0149084506556391,76.5,28.70000076293945,Open Play,Right Foot,blocked,89,understat
2526,La Liga,2025-12-02 20:00:00,Atletico Madrid,Thiago Almada,0.3578666150569916,87.9000015258789,46.20000076293945,Open Play,Right Foot,missed,78,understat
2526,La Liga,2025-12-02 20:00:00,Atletico Madrid,Álex Baena,0.3962227702140808,88.0,59.900001525878906,Open Play,Right Foot,goal,18,understat
2526,La Liga,2025-12-02 20:00:00,Barcelona,Dani Olmo,0.0151986852288246,71.69999694824219,57.29999923706055,Open Play,Right Foot,missed,57,understat
2526,La Liga,2025-12-02 20:00:00,Barcelona,Dani Olmo,0.4068246185779571,87.80000305175781,54.900001525878906,Open Play,Left Foot,goal,64,understat
2526,La Liga,2025-12-02 20:00:00,Barcelona,Ferrán Torres,0.5775237679481506,95.69999694824219,52.400001525878906,Open Play,Right Foot,goal,95,understat
2526,La Liga,2025-12-02 20:00:00,Barcelona,Lamine Yamal,0.0240982957184314,81.30000305175781,27.39999961853027,Open Play,Left Foot,missed,14,understat
2526,La Liga,2025-12-02 20:00:00,Barcelona,Lamine Yamal,0.0383402518928051,84.0,34.0,Open Play,Left Foot,blocked,28,understat
2526,La Liga,2025-12-02 20:00:00,Barcelona,Lamine Yamal,0.072803147137165,87.0,32.400001525878906,Open Play,Left Foot,missed,68,understat
2526,La Liga,2025-12-02 20:00:00,Barcelona,Marcus Rashford,0.0556738078594207,90.09999847412108,73.19999694824219,Open Play,Left Foot,saved,92,understat
2526,La Liga,2025-12-02 20:00:00,Barcelona,Marcus Rashford,0.025073055177927,80.0,72.69999694824219,Open Play,Right Foot,missed,93,understat
2526,La Liga,2025-12-02 20:00:00,Barcelona,Raphinha,0.0375251621007919,81.80000305175781,65.4000015258789,Open Play,Left Foot,missed,8,understat
2526,La Liga,2025-12-02 20:00:00,Barcelona,Raphinha,0.0955590605735778,85.5999984741211,45.900001525878906,Open Play,Right Foot,blocked,11,understat
2526,La Liga,2025-12-02 20:00:00,Barcelona,Raphinha,0.5326295495033264,91.4000015258789,35.599998474121094,Open Play,Right Foot,goal,25,understat
2526,La Liga,2025-12-02 20:00:00,Barcelona,Raphinha,0.2991495728492737,91.5,64.5,Open Play,Left Foot,missed,52,understat
2526,La Liga,2025-12-02 20:00:00,Barcelona,Robert Lewandowski,0.0515413023531436,80.5999984741211,47.29999923706054,Open Play,Right Foot,blocked,8,understat
2526,La Liga,2025-12-02 20:00:00,Barcelona,Robert Lewandowski,0.0455670803785324,79.0999984741211,46.20000076293945,Open Play,Right Foot,blocked,32,understat
2526,La Liga,2025-12-02 20:00:00,Barcelona,Robert Lewandowski,0.7432776093482971,88.5,50.0,,Right Foot,missed,35,understat
2526,La Liga,2025-12-02 20:00:00,Barcelona,Robert Lewandowski,0.335980474948883,91.6999969482422,46.79999923706054,Open Play,,saved,37,understat
2526,La Liga,2025-12-02 20:00:00,Barcelona,Álex Balde,0.0215105395764112,78.30000305175781,71.5,Open Play,Left Foot,missed,22,understat
2526,La Liga,2025-12-02 20:00:00,Barcelona,Álex Balde,0.0531680323183536,94.90000152587892,68.5,Open Play,Left Foot,missed,26,understat
2526,La Liga,2025-12-02 20:00:00,Barcelona,Álex Balde,0.0297688283026218,87.9000015258789,73.19999694824219,Open Play,Left Foot,saved,40,understat
2526,La Liga,2025-12-06 17:30:00,Barcelona,Fermín López,0.0298748482018709,74.19999694824219,48.29999923706055,Open Play,Right Foot,missed,69,understat
2526,La Liga,2025-12-06 17:30:00,Barcelona,Fermín López,0.0691816955804824,85.9000015258789,31.29999923706055,Open Play,Right Foot,missed,76,understat
2526,La Liga,2025-12-06 17:30:00,Barcelona,Ferrán Torres,0.5425427556037903,93.8000030517578,47.200000762939446,Open Play,Right Foot,goal,10,understat
2526,La Liga,2025-12-06 17:30:00,Barcelona,Ferrán Torres,0.392713725566864,91.9000015258789,51.29999923706055,Open Play,Right Foot,goal,12,understat
2526,La Liga,2025-12-06 17:30:00,Barcelona,Ferrán Torres,0.0507062338292598,78.69999694824219,60.099998474121094,Open Play,Right Foot,goal,39,understat
2526,La Liga,2025-12-06 17:30:00,Barcelona,Ferrán Torres,0.4405097067356109,93.3000030517578,33.900001525878906,Open Play,Right Foot,saved,41,understat
2526,La Liga,2025-12-06 17:30:00,Barcelona,Ferrán Torres,0.0624792613089084,91.30000305175781,49.59999847412109,Open Play,,saved,46,understat
2526,La Liga,2025-12-06 17:30:00,Barcelona,Lamine Yamal,0.7432776093482971,88.5,50.0,,Left Foot,goal,58,understat
2526,La Liga,2025-12-06 17:30:00,Barcelona,Marcus Rashford,0.0479202531278133,89.4000015258789,66.9000015258789,From Corner,Left Foot,saved,9,understat
2526,La Liga,2025-12-06 17:30:00,Barcelona,Marcus Rashford,0.0447915345430374,71.69999694824219,37.20000076293945,Direct Freekick,Right Foot,blocked,34,understat
2526,La Liga,2025-12-06 17:30:00,Barcelona,Marcus Rashford,0.098220907151699,92.30000305175781,34.4000015258789,Open Play,Right Foot,missed,46,understat
2526,La Liga,2025-12-06 17:30:00,Barcelona,Marcus Rashford,0.0543694570660591,85.5999984741211,65.69999694824219,Open Play,Right Foot,blocked,53,understat
2526,La Liga,2025-12-06 17:30:00,Barcelona,Marcus Rashford,0.316336989402771,86.5,34.9000015258789,Open Play,Right Foot,missed,85,understat
2526,La Liga,2025-12-06 17:30:00,Barcelona,Roony Bardghji,0.1079176589846611,92.09999847412108,41.5,Open Play,Left Foot,missed,24,understat
2526,La Liga,2025-12-06 17:30:00,Barcelona,Roony Bardghji,0.0590325407683849,87.0999984741211,32.09999847412109,Open Play,Right Foot,goal,30,understat
2526,La Liga,2025-12-06 17:30:00,Barcelona,Roony Bardghji,0.2430091947317123,86.4000015258789,35.200000762939446,Open Play,Right Foot,missed,65,understat
2526,La Liga,2025-12-06 17:30:00,Real Betis,Abdessamad Ezzalzouli,0.0532192885875701,91.4000015258789,65.4000015258789,Open Play,Left Foot,missed,22,understat
2526,La Liga,2025-12-06 17:30:00,Real Betis,Abdessamad Ezzalzouli,0.0717544630169868,86.19999694824219,63.29999923706055,Open Play,Right Foot,blocked,70,understat
2526,La Liga,2025-12-06 17:30:00,Real Betis,Abdessamad Ezzalzouli,0.060327935963869,79.9000015258789,64.4000015258789,Open Play,Right Foot,blocked,81,understat
2526,La Liga,2025-12-06 17:30:00,Real Betis,Abdessamad Ezzalzouli,0.0932944267988205,96.5999984741211,54.099998474121094,From Corner,,missed,84,understat
2526,La Liga,2025-12-06 17:30:00,Real Betis,Abdessamad Ezzalzouli,0.1103188619017601,91.9000015258789,50.5,From Corner,,missed,92,understat
2526,La Liga,2025-12-06 17:30:00,Real Betis,Aitor Ruibal,0.0415510348975658,84.9000015258789,30.600000381469727,Open Play,Right Foot,missed,49,understat
2526,La Liga,2025-12-06 17:30:00,Real Betis,Aitor Ruibal,0.0384443141520023,89.30000305175781,28.000000000000004,Open Play,Right Foot,missed,82,understat
2526,La Liga,2025-12-06 17:30:00,Real Betis,Antony,0.5508213639259338,94.0,45.0,Open Play,Right Foot,goal,5,understat
2526,La Liga,2025-12-06 17:30:00,Real Betis,Antony,0.0203156694769859,80.9000015258789,30.79999923706055,Open Play,Left Foot,blocked,32,understat
2526,La Liga,2025-12-06 17:30:00,Real Betis,Antony,0.0385059081017971,87.4000015258789,30.899999618530273,Open Play,Right Foot,saved,48,understat
2526,La Liga,2025-12-06 17:30:00,Real Betis,Antony,0.0296361297369003,88.5999984741211,33.09999847412109,Open Play,Left Foot,saved,71,understat
2526,La Liga,2025-12-06 17:30:00,Real Betis,Diego Llorente,0.7363635897636414,97.69999694824219,47.4000015258789,From Corner,Right Foot,goal,84,understat
2526,La Liga,2025-12-06 17:30:00,Real Betis,Juan Camilo Hernández,0.080286718904972,90.0,43.5,Open Play,,missed,45,understat
2526,La Liga,2025-12-06 17:30:00,Real Betis,Juan Camilo Hernández,0.0183654613792896,79.19999694824219,31.0,Open Play,Right Foot,blocked,61,understat
2526,La Liga,2025-12-06 17:30:00,Real Betis,Juan Camilo Hernández,0.7432776093482971,88.5,50.0,,Right Foot,goal,89,understat
2526,La Liga,2025-12-06 17:30:00,Real Betis,Pablo Fornals,0.0894625410437583,87.5,45.0,Open Play,Right Foot,blocked,5,understat
2526,La Liga,2025-12-06 17:30:00,Real Betis,Sergi Altimira,0.0154725667089223,78.80000305175781,70.9000015258789,Open Play,Left Foot,missed,44,understat
2526,La Liga,2025-12-13 17:30:00,Barcelona,Eric Garcia,0.0146854873746633,72.5,66.4000015258789,Open Play,Right Foot,missed,21,understat
2526,La Liga,2025-12-13 17:30:00,Barcelona,Eric Garcia,0.025919497013092,78.9000015258789,36.29999923706055,Open Play,Left Foot,missed,33,understat
2526,La Liga,2025-12-13 17:30:00,Barcelona,Ferrán Torres,0.4075555503368377,93.40000152587892,45.79999923706054,Open Play,Right Foot,missed,14,understat
2526,La Liga,2025-12-13 17:30:00,Barcelona,Ferrán Torres,0.1342503279447555,91.59999847412108,47.099998474121094,Open Play,Right Foot,missed,39,understat
2526,La Liga,2025-12-13 17:30:00,Barcelona,Gerard Martín,0.0476582013070583,84.69999694824219,63.20000076293945,From Corner,Left Foot,blocked,54,understat
2526,La Liga,2025-12-13 17:30:00,Barcelona,Lamine Yamal,0.0164163969457149,79.30000305175781,28.39999961853027,Open Play,Left Foot,saved,22,understat
2526,La Liga,2025-12-13 17:30:00,Barcelona,Lamine Yamal,0.0850726664066314,95.90000152587892,35.099998474121094,Open Play,Left Foot,blocked,39,understat
2526,La Liga,2025-12-13 17:30:00,Barcelona,Lamine Yamal,0.0415789969265461,90.1999969482422,29.10000038146972,Open Play,Left Foot,saved,47,understat
2526,La Liga,2025-12-13 17:30:00,Barcelona,Lamine Yamal,0.0583466291427612,94.09999847412108,31.600000381469727,Open Play,Left Foot,blocked,57,understat
2526,La Liga,2025-12-13 17:30:00,Barcelona,Lamine Yamal,0.0351654738187789,77.5,50.29999923706055,Open Play,Left Foot,saved,80,understat
2526,La Liga,2025-12-13 17:30:00,Barcelona,Marcus Rashford,0.105185367166996,80.30000305175781,63.09999847412109,Direct Freekick,Right Foot,saved,47,understat
2526,La Liga,2025-12-13 17:30:00,Barcelona,Marcus Rashford,0.1331153362989425,91.09999847412108,55.00000000000001,Open Play,Right Foot,blocked,50,understat
2526,La Liga,2025-12-13 17:30:00,Barcelona,Marcus Rashford,0.0160280913114547,78.0999984741211,74.5999984741211,Open Play,Right Foot,blocked,57,understat
2526,La Liga,2025-12-13 17:30:00,Barcelona,Pau Cubarsí,0.0148255629464983,69.5999984741211,40.29999923706054,Open Play,Right Foot,missed,45,understat
2526,La Liga,2025-12-13 17:30:00,Barcelona,Pau Cubarsí,0.0581478849053382,92.4000015258789,47.79999923706055,From Corner,,missed,62,understat
2526,La Liga,2025-12-13 17:30:00,Barcelona,Pedri,0.022201070562005,76.9000015258789,69.9000015258789,Open Play,Right Foot,saved,19,understat
2526,La Liga,2025-12-13 17:30:00,Barcelona,Raphinha,0.0187873244285583,73.5999984741211,50.70000076293945,Open Play,Left Foot,blocked,21,understat
2526,La Liga,2025-12-13 17:30:00,Barcelona,Raphinha,0.0514064095914363,82.4000015258789,31.29999923706055,Open Play,Left Foot,blocked,37,understat
2526,La Liga,2025-12-13 17:30:00,Barcelona,Raphinha,0.1165637820959091,89.0,51.900001525878906,Open Play,Left Foot,missed,47,understat
2526,La Liga,2025-12-13 17:30:00,Barcelona,Raphinha,0.0262223277240991,76.0,53.599998474121094,Open Play,Left Foot,missed,58,understat
2526,La Liga,2025-12-13 17:30:00,Barcelona,Raphinha,0.0076865530572831,47.099998474121094,43.0,Open Play,Left Foot,missed,67,understat
2526,La Liga,2025-12-13 17:30:00,Barcelona,Raphinha,0.0763631984591484,81.30000305175781,52.0,Open Play,Left Foot,goal,69,understat
2526,La Liga,2025-12-13 17:30:00,Barcelona,Raphinha,0.6261971592903137,98.1999969482422,55.70000076293945,Open Play,Left Foot,goal,85,understat
2526,La Liga,2025-12-13 17:30:00,Barcelona,Álex Balde,0.0215720161795616,70.30000305175781,49.29999923706055,From Corner,Left Foot,missed,33,understat
2526,La Liga,2025-12-13 17:30:00,Osasuna,Ante Budimir,0.0948051065206527,91.09999847412108,47.0,Open Play,Right Foot,saved,15,understat
2526,La Liga,2025-12-13 17:30:00,Osasuna,Ante Budimir,0.0317141897976398,79.4000015258789,59.70000076293945,Open Play,Left Foot,saved,18,understat
2526,La Liga,2025-12-13 17:30:00,Osasuna,Víctor Muñoz,0.1016975194215774,84.69999694824219,37.20000076293945,Open Play,Right Foot,missed,48,understat
2526,La Liga,2025-12-21 15:15:00,Barcelona,Eric Garcia,0.0848481729626655,86.4000015258789,37.9000015258789,Open Play,Right Foot,blocked,48,understat
2526,La Liga,2025-12-21 15:15:00,Barcelona,Fermín López,0.0347176641225814,79.69999694824219,33.70000076293945,Open Play,Right Foot,missed,27,understat
2526,La Liga,2025-12-21 15:15:00,Barcelona,Fermín López,0.1094810739159584,83.0,42.29999923706055,Open Play,Right Foot,blocked,50,understat
2526,La Liga,2025-12-21 15:15:00,Barcelona,Fermín López,0.1115098670125007,86.80000305175781,44.900001525878906,Open Play,Right Foot,saved,56,understat
2526,La Liga,2025-12-21 15:15:00,Barcelona,Ferrán Torres,0.575616717338562,97.5,44.0,Open Play,,missed,37,understat
2526,La Liga,2025-12-21 15:15:00,Barcelona,Ferrán Torres,0.0874488949775695,92.6999969482422,45.79999923706054,Open Play,,missed,49,understat
2526,La Liga,2025-12-21 15:15:00,Barcelona,Frenkie de Jong,0.1311839818954467,89.30000305175781,54.50000000000001,Open Play,Left Foot,missed,62,understat
2526,La Liga,2025-12-21 15:15:00,Barcelona,Lamine Yamal,0.0393535755574703,77.0,41.9000015258789,Open Play,Left Foot,missed,31,understat
2526,La Liga,2025-12-21 15:15:00,Barcelona,Lamine Yamal,0.083743043243885,92.59999847412108,31.899999618530273,Open Play,Left Foot,saved,46,understat
2526,La Liga,2025-12-21 15:15:00,Barcelona,Lamine Yamal,0.0991917550563812,90.09999847412108,36.79999923706055,Open Play,Left Foot,missed,62,understat
2526,La Liga,2025-12-21 15:15:00,Barcelona,Lamine Yamal,0.4147602915763855,88.19999694824219,46.0,Open Play,Left Foot,goal,62,understat
2526,La Liga,2025-12-21 15:15:00,Barcelona,Marcus Rashford,0.0351074039936065,80.80000305175781,52.400001525878906,From Corner,Right Foot,blocked,78,understat
2526,La Liga,2025-12-21 15:15:00,Barcelona,Marcus Rashford,0.448950856924057,90.80000305175781,65.0,Open Play,Left Foot,blocked,89,understat
2526,La Liga,2025-12-21 15:15:00,Barcelona,Raphinha,0.7432776093482971,88.5,50.0,,Left Foot,goal,11,understat
2526,La Liga,2025-12-21 15:15:00,Barcelona,Raphinha,0.0338588505983352,74.9000015258789,48.5,From Corner,Left Foot,post,14,understat
2526,La Liga,2025-12-21 15:15:00,Barcelona,Raphinha,0.0692681744694709,81.5999984741211,39.09999847412109,Open Play,Left Foot,blocked,67,understat
2526,La Liga,2025-12-21 15:15:00,Barcelona,Raphinha,0.0256332941353321,77.5,55.20000076293945,Set Piece,Left Foot,missed,73,understat
2526,La Liga,2025-12-21 15:15:00,Barcelona,Robert Lewandowski,0.1466502845287323,92.6999969482422,54.400001525878906,Open Play,Right Foot,blocked,62,understat
2526,La Liga,2025-12-21 15:15:00,Barcelona,Álex Balde,0.0440977104008197,82.0999984741211,67.5,Open Play,Left Foot,missed,56,understat
2526,La Liga,2025-12-21 15:15:00,Villarreal,Alberto Moleiro,0.0637811720371246,85.5999984741211,68.0999984741211,Open Play,Right Foot,missed,1,understat
2526,La Liga,2025-12-21 15:15:00,Villarreal,Alberto Moleiro,0.024999001994729,84.0999984741211,55.79999923706055,Open Play,Left Foot,missed,60,understat
2526,La Liga,2025-12-21 15:15:00,Villarreal,Ayoze Pérez,0.1082085445523262,90.6999969482422,59.79999923706054,Open Play,Right Foot,blocked,6,understat
2526,La Liga,2025-12-21 15:15:00,Villarreal,Ayoze Pérez,0.066875010728836,82.4000015258789,52.29999923706055,Open Play,Right Foot,saved,8,understat
2526,La Liga,2025-12-21 15:15:00,Villarreal,Daniel Parejo,0.052761286497116,72.9000015258789,60.40000152587891,Direct Freekick,Right Foot,blocked,58,understat
2526,La Liga,2025-12-21 15:15:00,Villarreal,Georges Mikautadze,0.4645667374134063,87.0999984741211,59.400001525878906,Open Play,Left Foot,saved,75,understat
2526,La Liga,2025-12-21 15:15:00,Villarreal,Georges Mikautadze,0.0988169983029365,86.80000305175781,62.79999923706055,Open Play,Right Foot,blocked,76,understat
2526,La Liga,2025-12-21 15:15:00,Villarreal,Nicolas Pepe,0.81112140417099,97.69999694824219,44.5,Open Play,,missed,1,understat
2526,La Liga,2025-12-21 15:15:00,Villarreal,Renato Veiga,0.0341882854700088,86.0,52.70000076293946,From Corner,,missed,21,understat
2526,La Liga,2025-12-21 15:15:00,Villarreal,Sergi Cardona,0.0754090994596481,92.59999847412108,59.79999923706054,Set Piece,Left Foot,saved,66,understat
2526,La Liga,2025-12-21 15:15:00,Villarreal,Sergi Cardona,0.09577377140522,86.19999694824219,62.5,Open Play,Left Foot,saved,76,understat
2526,La Liga,2025-12-21 15:15:00,Villarreal,Tajon Buchanan,0.0453528426587581,80.5,52.20000076293946,Open Play,Left Foot,missed,13,understat
2526,La Liga,2025-12-21 15:15:00,Villarreal,Tajon Buchanan,0.0294467248022556,91.09999847412108,30.70000076293945,Open Play,Right Foot,missed,23,understat
2526,La Liga,2025-12-21 15:15:00,Villarreal,Tajon Buchanan,0.3405586779117584,92.90000152587892,34.200000762939446,Open Play,Right Foot,saved,35,understat
2526,La Liga,2026-01-03 20:00:00,Barcelona,Dani Olmo,0.0315592736005783,80.5999984741211,65.19999694824219,Open Play,Right Foot,goal,85,understat
2526,La Liga,2026-01-03 20:00:00,Barcelona,Dani Olmo,0.0707938745617866,95.90000152587892,83.0,Direct Freekick,Right Foot,saved,88,understat
2526,La Liga,2026-01-03 20:00:00,Barcelona,Eric Garcia,0.0899199768900871,92.4000015258789,56.20000076293945,From Corner,,blocked,70,understat
2526,La Liga,2026-01-03 20:00:00,Barcelona,Eric Garcia,0.6747610569000244,96.5,52.599998474121094,From Corner,Right Foot,saved,70,understat
2526,La Liga,2026-01-03 20:00:00,Barcelona,Fermín López,0.0566591881215572,86.5,65.4000015258789,Open Play,Right Foot,missed,77,understat
2526,La Liga,2026-01-03 20:00:00,Barcelona,Ferrán Torres,0.2622591853141784,90.6999969482422,48.099998474121094,Set Piece,,missed,36,understat
2526,La Liga,2026-01-03 20:00:00,Barcelona,Frenkie de Jong,0.1227334961295127,89.9000015258789,55.599998474121094,Open Play,Right Foot,blocked,52,understat
2526,La Liga,2026-01-03 20:00:00,Barcelona,Jules Koundé,0.430612564086914,95.5,45.09999847412109,From Corner,,saved,53,understat
2526,La Liga,2026-01-03 20:00:00,Barcelona,Lamine Yamal,0.0342347882688045,88.19999694824219,25.899999618530273,Open Play,Left Foot,missed,27,understat
2526,La Liga,2026-01-03 20:00:00,Barcelona,Lamine Yamal,0.0295642614364624,87.5,24.60000038146972,Open Play,Left Foot,saved,45,understat
2526,La Liga,2026-01-03 20:00:00,Barcelona,Lamine Yamal,0.0584828853607177,86.0,39.79999923706054,Set Piece,Left Foot,missed,88,understat
2526,La Liga,2026-01-03 20:00:00,Barcelona,Pedri,0.5189105868339539,90.0,47.599998474121094,Open Play,Right Foot,missed,71,understat
2526,La Liga,2026-01-03 20:00:00,Barcelona,Pedri,0.0247549209743738,79.9000015258789,60.0,Set Piece,Left Foot,blocked,88,understat
2526,La Liga,2026-01-03 20:00:00,Barcelona,Raphinha,0.0691879019141197,76.4000015258789,36.29999923706055,Direct Freekick,Left Foot,blocked,61,understat
2526,La Liga,2026-01-03 20:00:00,Barcelona,Robert Lewandowski,0.5305123329162598,92.0,46.79999923706054,Open Play,Right Foot,goal,89,understat
2526,La Liga,2026-01-03 20:00:00,Espanyol,Carlos Romero,0.0539292320609092,85.0999984741211,65.5,Open Play,Right Foot,saved,75,understat
2526,La Liga,2026-01-03 20:00:00,Espanyol,Fernando Calero,0.071738876402378,89.5,38.29999923706054,Set Piece,Right Foot,blocked,7,understat
2526,La Liga,2026-01-03 20:00:00,Espanyol,Jofre Carreras,0.0242923405021429,80.80000305175781,72.69999694824219,Open Play,Right Foot,blocked,63,understat
2526,La Liga,2026-01-03 20:00:00,Espanyol,Leandro Cabrera,0.024957051500678,90.5,45.79999923706054,From Corner,,blocked,8,understat
2526,La Liga,2026-01-03 20:00:00,Espanyol,Leandro Cabrera,0.0152400936931371,90.59999847412108,39.900001525878906,From Corner,,saved,41,understat
2526,La Liga,2026-01-03 20:00:00,Espanyol,Pere Milla,0.12412691116333,89.9000015258789,48.9000015258789,Open Play,Right Foot,blocked,19,understat
2526,La Liga,2026-01-03 20:00:00,Espanyol,Pere Milla,0.4157481491565704,94.5,56.20000076293945,Open Play,,saved,38,understat
2526,La Liga,2026-01-03 20:00:00,Espanyol,Pere Milla,0.0419423058629035,70.19999694824219,41.79999923706055,Direct Freekick,Left Foot,missed,47,understat
2526,La Liga,2026-01-03 20:00:00,Espanyol,Roberto Fernández,0.3420397639274597,84.69999694824219,51.09999847412109,Open Play,Right Foot,saved,19,understat
2526,La Liga,2026-01-03 20:00:00,Espanyol,Roberto Fernández,0.0304153487086296,90.1999969482422,31.70000076293945,Open Play,Right Foot,saved,54,understat
2526,La Liga,2026-01-03 20:00:00,Espanyol,Roberto Fernández,0.452383428812027,96.0999984741211,41.700000762939446,Set Piece,Right Foot,blocked,68,understat
2526,La Liga,2026-01-03 20:00:00,Espanyol,Roberto Fernández,0.0512248203158378,91.9000015258789,39.20000076293945,Open Play,Right Foot,saved,69,understat
2526,La Liga,2026-01-03 20:00:00,Espanyol,Tyrhys Dolan,0.0621240921318531,85.9000015258789,41.200000762939446,Open Play,Left Foot,blocked,3,understat
2526,La Liga,2026-01-03 20:00:00,Espanyol,Tyrhys Dolan,0.1289041936397552,89.5999984741211,53.599998474121094,Open Play,Left Foot,blocked,57,understat
2526,La Liga,2026-01-18 20:00:00,Barcelona,Dani Olmo,0.0271873455494642,80.9000015258789,69.69999694824219,Open Play,Right Foot,saved,3,understat
2526,La Liga,2026-01-18 20:00:00,Barcelona,Dani Olmo,0.0291268024593591,78.0,40.0,Open Play,Right Foot,missed,12,understat
2526,La Liga,2026-01-18 20:00:00,Barcelona,Dani Olmo,0.4863148331642151,91.6999969482422,45.900001525878906,Open Play,Right Foot,missed,22,understat
2526,La Liga,2026-01-18 20:00:00,Barcelona,Dani Olmo,0.0244026202708482,84.69999694824219,74.4000015258789,Open Play,Right Foot,saved,36,understat
2526,La Liga,2026-01-18 20:00:00,Barcelona,Dani Olmo,0.4491186141967773,97.8000030517578,56.99999999999999,Open Play,Left Foot,post,46,understat
2526,La Liga,2026-01-18 20:00:00,Barcelona,Dani Olmo,0.3335910737514496,91.1999969482422,61.29999923706054,Open Play,Right Foot,saved,48,understat
2526,La Liga,2026-01-18 20:00:00,Barcelona,Eric Garcia,0.1133589968085289,93.40000152587892,44.900001525878906,From Corner,,missed,48,understat
2526,La Liga,2026-01-18 20:00:00,Barcelona,Fermín López,0.0448012128472328,86.5,29.89999961853027,Open Play,Right Foot,blocked,3,understat
2526,La Liga,2026-01-18 20:00:00,Barcelona,Fermín López,0.0188297312706708,76.30000305175781,28.000000000000004,Open Play,Right Foot,missed,51,understat
2526,La Liga,2026-01-18 20:00:00,Barcelona,Fermín López,0.0903797596693039,87.5999984741211,56.99999999999999,Open Play,Left Foot,blocked,91,understat
2526,La Liga,2026-01-18 20:00:00,Barcelona,Ferrán Torres,0.0689971446990966,84.9000015258789,42.099998474121094,Open Play,Right Foot,saved,51,understat
2526,La Liga,2026-01-18 20:00:00,Barcelona,Jules Koundé,0.0227751396596431,82.19999694824219,27.0,Open Play,Right Foot,blocked,42,understat
2526,La Liga,2026-01-18 20:00:00,Barcelona,Jules Koundé,0.4040658473968506,92.5,49.0,Open Play,,post,84,understat
2526,La Liga,2026-01-18 20:00:00,Barcelona,Lamine Yamal,0.0689167007803917,93.59999847412108,33.59999847412109,Open Play,Right Foot,missed,23,understat
2526,La Liga,2026-01-18 20:00:00,Barcelona,Lamine Yamal,0.0845264047384262,95.3000030517578,33.0,Open Play,Right Foot,blocked,46,understat
2526,La Liga,2026-01-18 20:00:00,Barcelona,Lamine Yamal,0.0325479246675968,90.80000305175781,27.0,Open Play,Left Foot,saved,47,understat
2526,La Liga,2026-01-18 20:00:00,Barcelona,Lamine Yamal,0.0780204087495803,78.80000305175781,33.09999847412109,Direct Freekick,Left Foot,missed,56,understat
2526,La Liga,2026-01-18 20:00:00,Barcelona,Lamine Yamal,0.0205504018813371,78.80000305175781,27.39999961853027,Open Play,Left Foot,missed,95,understat
2526,La Liga,2026-01-18 20:00:00,Barcelona,Marcus Rashford,0.5012857913970947,95.8000030517578,53.79999923706055,Open Play,,goal,69,understat
2526,La Liga,2026-01-18 20:00:00,Barcelona,Pedri,0.1280481666326522,90.1999969482422,46.9000015258789,Open Play,Right Foot,saved,1,understat
2526,La Liga,2026-01-18 20:00:00,Barcelona,Pedri,0.4060403704643249,92.0,47.599998474121094,Open Play,,missed,1,understat
2526,La Liga,2026-01-18 20:00:00,Barcelona,Robert Lewandowski,0.3989556729793548,92.59999847412108,51.70000076293946,Open Play,,saved,65,understat
2526,La Liga,2026-01-18 20:00:00,Barcelona,Robert Lewandowski,0.0622935071587562,89.0,66.0,Open Play,Left Foot,blocked,98,understat
2526,La Liga,2026-01-18 20:00:00,Barcelona,Roony Bardghji,0.0234766695648431,75.0999984741211,56.00000000000001,Open Play,Right Foot,saved,96,understat
2526,La Liga,2026-01-18 20:00:00,Barcelona,Álex Balde,0.0546908192336559,95.0999984741211,67.5,Open Play,Left Foot,missed,47,understat
2526,La Liga,2026-01-18 20:00:00,Real Sociedad,Beñat Turrientes,0.0343113876879215,76.9000015258789,39.5,From Corner,Left Foot,saved,35,understat
2526,La Liga,2026-01-18 20:00:00,Real Sociedad,Carlos Soler,0.0914521440863609,90.4000015258789,55.29999923706055,Open Play,,saved,70,understat
2526,La Liga,2026-01-18 20:00:00,Real Sociedad,Gonçalo Guedes,0.1242808178067207,87.19999694824219,63.09999847412109,Open Play,Right Foot,saved,24,understat
2526,La Liga,2026-01-18 20:00:00,Real Sociedad,Gonçalo Guedes,0.3029727041721344,89.80000305175781,35.79999923706055,Open Play,Right Foot,goal,70,understat
2526,La Liga,2026-01-18 20:00:00,Real Sociedad,Igor Zubeldia,0.0296242535114288,76.5,64.5999984741211,Open Play,Right Foot,blocked,75,understat
2526,La Liga,2026-01-18 20:00:00,Real Sociedad,Mikel Oyarzabal,0.3548589050769806,95.40000152587892,58.299999237060554,Open Play,Left Foot,goal,31,understat
2526,La Liga,2026-01-18 20:00:00,Real Sociedad,Mikel Oyarzabal,0.6212531328201294,95.69999694824219,50.29999923706055,Open Play,,missed,73,understat
2526,La Liga,2026-01-25 15:15:00,Barcelona,Dani Olmo,0.0303946435451507,85.80000305175781,70.5,Set Piece,Right Foot,blocked,33,understat
2526,La Liga,2026-01-25 15:15:00,Barcelona,Dani Olmo,0.0852405726909637,84.30000305175781,44.70000076293945,Open Play,Right Foot,blocked,36,understat
2526,La Liga,2026-01-25 15:15:00,Barcelona,Dani Olmo,0.3880796134471893,93.40000152587892,55.599998474121094,Open Play,,missed,50,understat
2526,La Liga,2026-01-25 15:15:00,Barcelona,Dani Olmo,0.0756178647279739,86.4000015258789,39.70000076293945,Open Play,Right Foot,goal,51,understat
2526,La Liga,2026-01-25 15:15:00,Barcelona,Eric Garcia,0.0521048456430435,89.9000015258789,42.099998474121094,From Corner,Right Foot,blocked,25,understat
2526,La Liga,2026-01-25 15:15:00,Barcelona,Frenkie de Jong,0.1111482083797454,90.5,43.59999847412109,Open Play,Right Foot,missed,74,understat
2526,La Liga,2026-01-25 15:15:00,Barcelona,Lamine Yamal,0.0396424606442451,92.6999969482422,29.5,From Corner,Left Foot,saved,60,understat
2526,La Liga,2026-01-25 15:15:00,Barcelona,Lamine Yamal,0.1117591112852096,86.0,43.70000076293945,Open Play,Left Foot,goal,72,understat
2526,La Liga,2026-01-25 15:15:00,Barcelona,Raphinha,0.0691913366317749,93.6999969482422,65.19999694824219,Open Play,Left Foot,saved,46,understat
2526,La Liga,2026-01-25 15:15:00,Barcelona,Raphinha,0.3648124039173126,81.80000305175781,53.400001525878906,Open Play,Left Foot,goal,56,understat
2526,La Liga,2026-01-25 15:15:00,Barcelona,Robert Lewandowski,0.4188039302825928,92.59999847412108,49.59999847412109,Open Play,,missed,30,understat
2526,La Liga,2026-01-25 15:15:00,Barcelona,Robert Lewandowski,0.3937368094921112,93.09999847412108,48.5,From Corner,,missed,47,understat
2526,La Liga,2026-01-25 15:15:00,Barcelona,Robert Lewandowski,0.0674256980419159,91.6999969482422,52.79999923706055,Open Play,,saved,55,understat
2526,La Liga,2026-01-25 15:15:00,Barcelona,Robert Lewandowski,0.0997399985790252,87.0,48.5,Open Play,Right Foot,blocked,60,understat
2526,La Liga,2026-01-25 15:15:00,Barcelona,Robert Lewandowski,0.2914685308933258,88.69999694824219,38.29999923706054,Open Play,Right Foot,saved,92,understat
2526,La Liga,2026-01-25 15:15:00,Real Oviedo,David Carmo,0.0296429991722106,81.9000015258789,35.599998474121094,Set Piece,Right Foot,missed,75,understat
2526,La Liga,2026-01-25 15:15:00,Real Oviedo,Haissem Hassan,0.0198005624115467,77.0999984741211,26.399999618530266,Open Play,Left Foot,missed,22,understat
2526,La Liga,2026-01-25 15:15:00,Real Oviedo,Haissem Hassan,0.0463917031884193,88.0,32.5,Open Play,Left Foot,blocked,26,understat
2526,La Liga,2026-01-25 15:15:00,Real Oviedo,Haissem Hassan,0.0114772906526923,75.80000305175781,29.70000076293945,Open Play,Left Foot,saved,39,understat
2526,La Liga,2026-01-25 15:15:00,Real Oviedo,Haissem Hassan,0.0238950438797473,83.5999984741211,73.0,Open Play,Left Foot,missed,70,understat
2526,La Liga,2026-01-25 15:15:00,Real Oviedo,Ilyas Chaira,0.0137393837794661,71.69999694824219,64.80000305175781,Open Play,Right Foot,missed,28,understat
2526,La Liga,2026-01-25 15:15:00,Real Oviedo,Ilyas Chaira,0.0300230532884597,88.0,72.0,Open Play,Right Foot,blocked,38,understat
2526,La Liga,2026-01-25 15:15:00,Real Oviedo,Ilyas Chaira,0.095843382179737,95.0,70.5999984741211,Open Play,Left Foot,saved,45,understat
2526,La Liga,2026-01-25 15:15:00,Real Oviedo,Ilyas Chaira,0.0625185891985893,90.59999847412108,66.30000305175781,Open Play,Left Foot,blocked,49,understat
2526,La Liga,2026-01-25 15:15:00,Real Oviedo,Javier López,0.0432115346193313,92.09999847412108,67.69999694824219,Open Play,Left Foot,blocked,92,understat
2526,La Liga,2026-01-25 15:15:00,Real Oviedo,Josip Brekalo,0.0356924273073673,84.69999694824219,67.30000305175781,Open Play,Right Foot,saved,92,understat
2526,La Liga,2026-01-25 15:15:00,Real Oviedo,Nacho Vidal,0.082058772444725,87.0999984741211,49.5,Open Play,Right Foot,blocked,92,understat
2526,La Liga,2026-01-31 20:00:00,Barcelona,Dani Olmo,0.1073948591947555,87.5,60.099998474121094,Open Play,Right Foot,missed,15,understat
2526,La Liga,2026-01-31 20:00:00,Barcelona,Dani Olmo,0.0699304267764091,84.5999984741211,63.70000076293946,Open Play,Right Foot,post,27,understat
2526,La Liga,2026-01-31 20:00:00,Barcelona,Eric Garcia,0.0844343155622482,93.3000030517578,41.9000015258789,From Corner,,missed,36,understat
2526,La Liga,2026-01-31 20:00:00,Barcelona,Fermín López,0.1295975893735885,90.0,45.20000076293945,Open Play,Left Foot,blocked,33,understat
2526,La Liga,2026-01-31 20:00:00,Barcelona,Fermín López,0.5891590714454651,92.90000152587892,47.700000762939446,Open Play,Right Foot,missed,41,understat
2526,La Liga,2026-01-31 20:00:00,Barcelona,Fermín López,0.4995421767234802,88.9000015258789,58.70000076293945,Open Play,Right Foot,missed,43,understat
2526,La Liga,2026-01-31 20:00:00,Barcelona,Fermín López,0.0369524843990802,97.0,65.4000015258789,From Corner,Right Foot,missed,46,understat
2526,La Liga,2026-01-31 20:00:00,Barcelona,Fermín López,0.0623643174767494,89.80000305175781,30.899999618530273,Open Play,Right Foot,saved,64,understat
2526,La Liga,2026-01-31 20:00:00,Barcelona,Ferrán Torres,0.1025991886854171,86.5,42.099998474121094,Open Play,Right Foot,missed,17,understat
2526,La Liga,2026-01-31 20:00:00,Barcelona,Ferrán Torres,0.0284108687192201,88.0,56.599998474121094,Open Play,,saved,28,understat
2526,La Liga,2026-01-31 20:00:00,Barcelona,Ferrán Torres,0.1149876788258552,93.3000030517578,50.29999923706055,Open Play,Right Foot,post,31,understat
2526,La Liga,2026-01-31 20:00:00,Barcelona,Ferrán Torres,0.929740071296692,98.1999969482422,52.599998474121094,Open Play,,post,31,understat
2526,La Liga,2026-01-31 20:00:00,Barcelona,Ferrán Torres,0.6404702663421631,94.8000030517578,51.09999847412109,Open Play,Left Foot,missed,33,understat
2526,La Liga,2026-01-31 20:00:00,Barcelona,Ferrán Torres,0.4475448429584503,89.9000015258789,48.4000015258789,Open Play,Right Foot,goal,39,understat
2526,La Liga,2026-01-31 20:00:00,Barcelona,Ferrán Torres,0.6249828338623047,86.0999984741211,50.59999847412109,Open Play,Right Foot,blocked,46,understat
2526,La Liga,2026-01-31 20:00:00,Barcelona,Ferrán Torres,0.1266775578260421,92.90000152587892,44.0,Open Play,Right Foot,blocked,56,understat
2526,La Liga,2026-01-31 20:00:00,Barcelona,Lamine Yamal,0.5842640995979309,90.59999847412108,37.79999923706054,Open Play,Right Foot,goal,5,understat
2526,La Liga,2026-01-31 20:00:00,Barcelona,Lamine Yamal,0.0360257215797901,86.5,27.89999961853027,Open Play,Left Foot,saved,38,understat
2526,La Liga,2026-01-31 20:00:00,Barcelona,Lamine Yamal,0.0497597493231296,77.9000015258789,39.20000076293945,Open Play,Left Foot,blocked,51,understat
2526,La Liga,2026-01-31 20:00:00,Barcelona,Lamine Yamal,0.0768212974071502,90.1999969482422,32.20000076293945,Open Play,Left Foot,saved,62,understat
2526,La Liga,2026-01-31 20:00:00,Barcelona,Lamine Yamal,0.0937568619847297,90.1999969482422,33.59999847412109,Open Play,Right Foot,missed,81,understat
2526,La Liga,2026-01-31 20:00:00,Barcelona,Marc Bernal,0.030509740114212,79.30000305175781,47.0,From Corner,Left Foot,blocked,64,understat
2526,La Liga,2026-01-31 20:00:00,Barcelona,Marc Casadó,0.1131507381796836,85.19999694824219,46.09999847412109,Open Play,Right Foot,blocked,85,understat
2526,La Liga,2026-01-31 20:00:00,Barcelona,Marcus Rashford,0.288600891828537,86.19999694824219,60.0,Open Play,Right Foot,missed,67,understat
2526,La Liga,2026-01-31 20:00:00,Barcelona,Marcus Rashford,0.6426239609718323,97.0,53.79999923706055,Open Play,Right Foot,goal,71,understat
2526,La Liga,2026-01-31 20:00:00,Barcelona,Marcus Rashford,0.4162912964820862,91.5,59.5,Open Play,Left Foot,blocked,79,understat
2526,La Liga,2026-01-31 20:00:00,Barcelona,Raphinha,0.009723711758852,46.79999923706054,45.20000076293945,Open Play,Left Foot,missed,3,understat
2526,La Liga,2026-01-31 20:00:00,Barcelona,Raphinha,0.035203818231821,78.5999984741211,63.0,Open Play,Left Foot,missed,42,understat
2526,La Liga,2026-01-31 20:00:00,Barcelona,Robert Lewandowski,0.1368553191423416,90.6999969482422,43.79999923706055,Open Play,Right Foot,blocked,62,understat
2526,La Liga,2026-01-31 20:00:00,Barcelona,Robert Lewandowski,0.085114486515522,96.40000152587892,54.79999923706055,From Corner,,missed,65,understat
2526,La Liga,2026-01-31 20:00:00,Elche,Adam El Mokhtari,0.069215327501297,87.4000015258789,56.99999999999999,Open Play,Right Foot,missed,62,understat
2526,La Liga,2026-01-31 20:00:00,Elche,Adam El Mokhtari,0.0597739107906818,88.19999694824219,45.09999847412109,Set Piece,,saved,90,understat
2526,La Liga,2026-01-31 20:00:00,Elche,Alvaro Rodríguez,0.0867503657937049,88.80000305175781,51.20000076293946,Open Play,Left Foot,missed,22,understat
2526,La Liga,2026-01-31 20:00:00,Elche,Alvaro Rodríguez,0.0940614640712738,86.30000305175781,61.90000152587891,Open Play,Left Foot,goal,28,understat
2526,La Liga,2026-01-31 20:00:00,Elche,Alvaro Rodríguez,0.1101043447852134,85.0999984741211,43.9000015258789,Open Play,Left Foot,missed,49,understat
2526,La Liga,2026-01-31 20:00:00,Elche,Alvaro Rodríguez,0.0871071517467498,94.8000030517578,55.79999923706055,Open Play,Left Foot,blocked,70,understat
2526,La Liga,2026-01-31 20:00:00,Elche,German Valera,0.0164321288466453,78.19999694824219,70.30000305175781,Open Play,Left Foot,missed,6,understat
2526,La Liga,2026-01-31 20:00:00,Elche,Lucas Cepeda,0.2810474634170532,87.0,37.70000076293945,Open Play,Right Foot,saved,82,understat
2526,La Liga,2026-01-31 20:00:00,Elche,Rodrigo Mendoza,0.0345077626407146,78.5,53.599998474121094,Open Play,Right Foot,missed,24,understat
2526,La Liga,2026-02-07 15:15:00,Barcelona,Dani Olmo,0.0137661881744861,73.30000305175781,72.30000305175781,Open Play,Right Foot,blocked,17,understat
2526,La Liga,2026-02-07 15:15:00,Barcelona,Dani Olmo,0.0405152924358844,75.9000015258789,65.80000305175781,Open Play,Right Foot,saved,56,understat
2526,La Liga,2026-02-07 15:15:00,Barcelona,Dani Olmo,0.0251725278794765,76.4000015258789,67.30000305175781,From Corner,Right Foot,blocked,65,understat
2526,La Liga,2026-02-07 15:15:00,Barcelona,Fermín López,0.0972276553511619,86.80000305175781,61.79999923706055,Open Play,Left Foot,saved,56,understat
2526,La Liga,2026-02-07 15:15:00,Barcelona,Jules Koundé,0.0690414756536483,90.09999847412108,36.0,Set Piece,Right Foot,missed,47,understat
2526,La Liga,2026-02-07 15:15:00,Barcelona,Jules Koundé,0.026894686743617,77.80000305175781,27.89999961853027,Open Play,Right Foot,blocked,67,understat
2526,La Liga,2026-02-07 15:15:00,Barcelona,Lamine Yamal,0.719675600528717,96.90000152587892,53.5,Set Piece,Left Foot,missed,47,understat
2526,La Liga,2026-02-07 15:15:00,Barcelona,Lamine Yamal,0.0144583480432629,80.80000305175781,28.000000000000004,From Corner,Left Foot,blocked,57,understat
2526,La Liga,2026-02-07 15:15:00,Barcelona,Lamine Yamal,0.0342395044863224,75.0999984741211,49.0,From Corner,Left Foot,goal,60,understat
2526,La Liga,2026-02-07 15:15:00,Barcelona,Lamine Yamal,0.0478951632976532,86.80000305175781,24.20000076293945,Open Play,Left Foot,missed,74,understat
2526,La Liga,2026-02-07 15:15:00,Barcelona,Marc Bernal,0.326040118932724,89.0,38.79999923706054,Open Play,Left Foot,goal,82,understat
2526,La Liga,2026-02-07 15:15:00,Barcelona,Marc Casadó,0.068149983882904,81.5999984741211,55.29999923706055,Open Play,Right Foot,blocked,53,understat
2526,La Liga,2026-02-07 15:15:00,Barcelona,Marcus Rashford,0.0191158987581729,71.69999694824219,65.5,Open Play,Right Foot,missed,25,understat
2526,La Liga,2026-02-07 15:15:00,Barcelona,Marcus Rashford,0.0280224997550249,80.80000305175781,67.0999984741211,Open Play,Right Foot,blocked,28,understat
2526,La Liga,2026-02-07 15:15:00,Barcelona,Marcus Rashford,0.0357116423547267,76.69999694824219,61.5,Open Play,Right Foot,blocked,36,understat
2526,La Liga,2026-02-07 15:15:00,Barcelona,Marcus Rashford,0.0664056092500686,91.0,69.5999984741211,Open Play,Left Foot,missed,44,understat
2526,La Liga,2026-02-07 15:15:00,Barcelona,Marcus Rashford,0.0535118095576763,74.5,66.19999694824219,Direct Freekick,Right Foot,saved,47,understat
2526,La Liga,2026-02-07 15:15:00,Barcelona,Marcus Rashford,0.0591037236154079,86.0999984741211,66.0999984741211,Open Play,Right Foot,blocked,49,understat
2526,La Liga,2026-02-07 15:15:00,Barcelona,Marcus Rashford,0.0506735071539878,74.0999984741211,66.80000305175781,Direct Freekick,Right Foot,blocked,50,understat
2526,La Liga,2026-02-07 15:15:00,Barcelona,Marcus Rashford,0.0351586192846298,77.19999694824219,59.599998474121094,From Corner,Left Foot,blocked,53,understat
2526,La Liga,2026-02-07 15:15:00,Barcelona,Pau Cubarsí,0.0779706016182899,97.40000152587892,43.09999847412109,From Corner,,missed,35,understat
2526,La Liga,2026-02-07 15:15:00,Barcelona,Pau Cubarsí,0.0499954707920551,86.0999984741211,59.20000076293945,From Corner,Left Foot,saved,54,understat
2526,La Liga,2026-02-07 15:15:00,Barcelona,Robert Lewandowski,0.4844944179058075,91.30000305175781,49.20000076293945,Open Play,Right Foot,goal,28,understat
2526,La Liga,2026-02-07 15:15:00,Barcelona,Robert Lewandowski,0.1276760697364807,85.9000015258789,55.599998474121094,Open Play,Right Foot,blocked,67,understat
2526,La Liga,2026-02-07 15:15:00,Mallorca,Antonio Sánchez,0.0579825416207313,82.5999984741211,46.599998474121094,Open Play,Right Foot,saved,79,understat
2526,La Liga,2026-02-07 15:15:00,Mallorca,Antonio Sánchez,0.0302816517651081,77.69999694824219,40.200000762939446,Open Play,Left Foot,saved,84,understat
2526,La Liga,2026-02-07 15:15:00,Mallorca,Jan Virgili,0.0353775769472122,90.09999847412108,56.99999999999999,Open Play,,saved,11,understat
2526,La Liga,2026-02-07 15:15:00,Mallorca,Jan Virgili,0.1119820922613143,88.0,61.29999923706054,Open Play,Right Foot,saved,20,understat
2526,La Liga,2026-02-07 15:15:00,Mallorca,Javi Llabrés,0.0615591928362846,88.69999694824219,37.70000076293945,Open Play,Right Foot,missed,91,understat
2526,La Liga,2026-02-07 15:15:00,Mallorca,Mateo Joseph,0.075549304485321,95.19999694824219,28.29999923706054,Open Play,Right Foot,missed,89,understat
2526,La Liga,2026-02-07 15:15:00,Mallorca,Pablo Maffeo,0.0312003809958696,86.9000015258789,28.39999961853027,Open Play,Right Foot,blocked,91,understat
2526,La Liga,2026-02-07 15:15:00,Mallorca,Pablo Torre,0.0611212514340877,82.0,45.5,Open Play,Right Foot,blocked,11,understat
2526,La Liga,2026-02-07 15:15:00,Mallorca,Vedat Muriqi,0.5477319955825806,94.90000152587892,56.599998474121094,Open Play,Left Foot,missed,16,understat
2526,La Liga,2026-02-16 20:00:00,Barcelona,Dani Olmo,0.0292433090507984,80.0,66.69999694824219,Open Play,Right Foot,missed,50,understat
2526,La Liga,2026-02-16 20:00:00,Barcelona,Eric Garcia,0.046849999576807,80.9000015258789,52.29999923706055,Set Piece,Right Foot,blocked,31,understat
2526,La Liga,2026-02-16 20:00:00,Barcelona,Eric Garcia,0.0569073148071765,93.3000030517578,53.400001525878906,From Corner,,saved,43,understat
2526,La Liga,2026-02-16 20:00:00,Barcelona,Fermín López,0.0404187589883804,81.30000305175781,59.900001525878906,Set Piece,Left Foot,missed,32,understat
2526,La Liga,2026-02-16 20:00:00,Barcelona,Fermín López,0.0666456595063209,89.19999694824219,70.5,Open Play,Right Foot,missed,33,understat
2526,La Liga,2026-02-16 20:00:00,Barcelona,Fermín López,0.0596942380070686,91.09999847412108,30.600000381469727,Open Play,Right Foot,blocked,47,understat
2526,La Liga,2026-02-16 20:00:00,Barcelona,Fermín López,0.0192510765045881,73.5,58.5,Open Play,Right Foot,blocked,65,understat
2526,La Liga,2026-02-16 20:00:00,Barcelona,Fermín López,0.0232717264443635,82.0,69.0,From Corner,Right Foot,blocked,95,understat
2526,La Liga,2026-02-16 20:00:00,Barcelona,Ferrán Torres,0.08519297093153,88.5999984741211,62.5999984741211,Open Play,Right Foot,missed,23,understat
2526,La Liga,2026-02-16 20:00:00,Barcelona,Ferrán Torres,0.0223983787000179,95.5,63.70000076293946,From Corner,,blocked,48,understat
2526,La Liga,2026-02-16 20:00:00,Barcelona,Lamine Yamal,0.0499159917235374,81.9000015258789,39.20000076293945,Open Play,Left Foot,missed,5,understat
2526,La Liga,2026-02-16 20:00:00,Barcelona,Lamine Yamal,0.3805868029594421,91.09999847412108,36.599998474121094,Open Play,Left Foot,saved,16,understat
2526,La Liga,2026-02-16 20:00:00,Barcelona,Lamine Yamal,0.0176695957779884,75.80000305175781,38.70000076293945,From Corner,Left Foot,blocked,43,understat
2526,La Liga,2026-02-16 20:00:00,Barcelona,Lamine Yamal,0.7432776093482971,88.5,50.0,,Left Foot,post,47,understat
2526,La Liga,2026-02-16 20:00:00,Barcelona,Lamine Yamal,0.0521518997848033,85.9000015258789,34.200000762939446,Open Play,Left Foot,blocked,45,understat
2526,La Liga,2026-02-16 20:00:00,Barcelona,Lamine Yamal,0.0305344127118587,89.4000015258789,24.39999961853027,Open Play,Left Foot,missed,81,understat
2526,La Liga,2026-02-16 20:00:00,Barcelona,Lamine Yamal,0.035607598721981,90.1999969482422,25.79999923706054,Open Play,Left Foot,blocked,90,understat
2526,La Liga,2026-02-16 20:00:00,Barcelona,Pau Cubarsí,0.0330146923661232,89.9000015258789,47.599998474121094,From Corner,,goal,58,understat
2526,La Liga,2026-02-16 20:00:00,Barcelona,Raphinha,0.1686381995677948,90.30000305175781,57.49999999999999,Open Play,Right Foot,missed,16,understat
2526,La Liga,2026-02-16 20:00:00,Barcelona,Raphinha,0.0234164651483297,74.0,57.599998474121094,Open Play,Left Foot,missed,27,understat
2526,La Liga,2026-02-16 20:00:00,Barcelona,Raphinha,0.0516511611640453,84.30000305175781,63.0,Open Play,Left Foot,blocked,42,understat
2526,La Liga,2026-02-16 20:00:00,Barcelona,Raphinha,0.0324047431349754,97.69999694824219,62.79999923706055,Open Play,Left Foot,blocked,58,understat
2526,La Liga,2026-02-16 20:00:00,Barcelona,Robert Lewandowski,0.0565362982451915,95.40000152587892,39.5,From Corner,,missed,97,understat
2526,La Liga,2026-02-16 20:00:00,Barcelona,Ronald Araújo,0.4691452980041504,95.8000030517578,53.200000762939446,From Corner,Right Foot,missed,90,understat
2526,La Liga,2026-02-16 20:00:00,Barcelona,Roony Bardghji,0.0558566153049469,93.09999847412108,68.0999984741211,Open Play,Left Foot,saved,76,understat
2526,La Liga,2026-02-16 20:00:00,Barcelona,Roony Bardghji,0.0227175485342741,73.69999694824219,55.50000000000001,Open Play,Left Foot,blocked,81,understat
2526,La Liga,2026-02-16 20:00:00,Barcelona,Roony Bardghji,0.0235551372170448,87.30000305175781,36.099998474121094,Open Play,Left Foot,missed,98,understat
2526,La Liga,2026-02-16 20:00:00,Girona,Bryan Gil Salvatierra,0.0896477103233337,89.80000305175781,59.299999237060554,Open Play,Left Foot,saved,53,understat
2526,La Liga,2026-02-16 20:00:00,Girona,Fran Beltrán,0.0745955109596252,83.0999984741211,49.20000076293945,Open Play,Right Foot,goal,85,understat
2526,La Liga,2026-02-16 20:00:00,Girona,Hugo Rincón,0.0255872700363397,89.5999984741211,26.200000762939453,Set Piece,Right Foot,blocked,83,understat
2526,La Liga,2026-02-16 20:00:00,Girona,Iván Martín,0.1188114657998085,90.5,61.5,Open Play,Right Foot,saved,71,understat
2526,La Liga,2026-02-16 20:00:00,Girona,Joel Roca,0.3566850423812866,92.30000305175781,54.599998474121094,Open Play,,saved,67,understat
2526,La Liga,2026-02-16 20:00:00,Girona,Joel Roca,0.2055458426475525,93.90000152587892,32.5,Open Play,Right Foot,saved,74,understat
2526,La Liga,2026-02-16 20:00:00,Girona,Joel Roca,0.1332872807979583,85.5,54.79999923706055,Open Play,Right Foot,missed,96,understat
2526,La Liga,2026-02-16 20:00:00,Girona,Thomas Lemar,0.7547621726989746,96.5,49.4000015258789,Open Play,Left Foot,goal,61,understat
2526,La Liga,2026-02-16 20:00:00,Girona,Viktor Tsygankov,0.0637319162487983,80.4000015258789,25.60000038146973,Direct Freekick,Left Foot,missed,41,understat
2526,La Liga,2026-02-16 20:00:00,Girona,Viktor Tsygankov,0.0585416033864021,79.69999694824219,41.700000762939446,Open Play,Left Foot,saved,69,understat
2526,La Liga,2026-02-16 20:00:00,Girona,Vladyslav Vanat,0.0862552002072334,85.5999984741211,38.5,Open Play,Right Foot,saved,22,understat
2526,La Liga,2026-02-16 20:00:00,Girona,Vladyslav Vanat,0.3559604585170746,88.5999984741211,64.30000305175781,Open Play,Left Foot,saved,28,understat
2526,La Liga,2026-02-16 20:00:00,Girona,Vladyslav Vanat,0.5662888884544373,89.80000305175781,48.099998474121094,Open Play,Right Foot,missed,34,understat
2526,La Liga,2026-02-22 15:15:00,Barcelona,Dani Olmo,0.1253594309091568,86.80000305175781,41.9000015258789,Open Play,Right Foot,saved,57,understat
2526,La Liga,2026-02-22 15:15:00,Barcelona,Eric Garcia,0.0201788991689682,70.30000305175781,44.5,Open Play,Right Foot,blocked,30,understat
2526,La Liga,2026-02-22 15:15:00,Barcelona,Eric Garcia,0.0657911598682403,88.80000305175781,52.70000076293946,From Corner,,missed,51,understat
2526,La Liga,2026-02-22 15:15:00,Barcelona,Fermín López,0.016248807311058,73.5,47.79999923706055,From Corner,Right Foot,blocked,75,understat
2526,La Liga,2026-02-22 15:15:00,Barcelona,Fermín López,0.0241173356771469,77.80000305175781,28.799999237060547,From Corner,Left Foot,goal,80,understat
2526,La Liga,2026-02-22 15:15:00,Barcelona,Fermín López,0.6648350358009338,95.69999694824219,54.0,Open Play,Left Foot,saved,88,understat
2526,La Liga,2026-02-22 15:15:00,Barcelona,Ferrán Torres,0.2611691355705261,88.5,43.59999847412109,Open Play,,saved,83,understat
2526,La Liga,2026-02-22 15:15:00,Barcelona,Frenkie de Jong,0.4904907047748565,93.09999847412108,50.59999847412109,Open Play,Right Foot,goal,31,understat
2526,La Liga,2026-02-22 15:15:00,Barcelona,João Cancelo,0.0439964458346366,81.4000015258789,49.9000015258789,From Corner,Left Foot,missed,49,understat
2526,La Liga,2026-02-22 15:15:00,Barcelona,João Cancelo,0.0372165217995643,80.5999984741211,71.9000015258789,Open Play,Right Foot,blocked,74,understat
2526,La Liga,2026-02-22 15:15:00,Barcelona,Jules Koundé,0.4445773065090179,95.5999984741211,43.09999847412109,Open Play,Right Foot,missed,2,understat
2526,La Liga,2026-02-22 15:15:00,Barcelona,Lamine Yamal,0.0277207978069782,76.69999694824219,32.20000076293945,Open Play,Left Foot,missed,22,understat
2526,La Liga,2026-02-22 15:15:00,Barcelona,Lamine Yamal,0.0832235515117645,91.59999847412108,27.500000000000004,Open Play,Left Foot,missed,38,understat
2526,La Liga,2026-02-22 15:15:00,Barcelona,Lamine Yamal,0.019824881106615,75.80000305175781,46.9000015258789,From Corner,Left Foot,missed,64,understat
2526,La Liga,2026-02-22 15:15:00,Barcelona,Marc Bernal,0.4935010373592376,93.3000030517578,54.200000762939446,From Corner,Right Foot,goal,3,understat
2526,La Liga,2026-02-22 15:15:00,Barcelona,Raphinha,0.5258520841598511,91.0,51.0,Open Play,Left Foot,saved,7,understat
2526,La Liga,2026-02-22 15:15:00,Barcelona,Raphinha,0.4072915911674499,92.09999847412108,52.20000076293946,Open Play,,missed,10,understat
2526,La Liga,2026-02-22 15:15:00,Barcelona,Raphinha,0.139606237411499,89.0999984741211,53.900001525878906,Open Play,Left Foot,blocked,63,understat
2526,La Liga,2026-02-22 15:15:00,Barcelona,Raphinha,0.0637149736285209,79.5,55.79999923706055,Open Play,Right Foot,blocked,83,understat
2526,La Liga,2026-02-22 15:15:00,Barcelona,Raphinha,0.0339193046092987,86.9000015258789,51.5,Open Play,,saved,88,understat
2526,La Liga,2026-02-22 15:15:00,Barcelona,Robert Lewandowski,0.3885548710823059,90.9000015258789,58.5,Open Play,Right Foot,missed,7,understat
2526,La Liga,2026-02-22 15:15:00,Barcelona,Robert Lewandowski,0.0937051400542259,81.0,62.70000076293945,Open Play,Right Foot,saved,52,understat
2526,La Liga,2026-02-22 15:15:00,Levante,Carlos Álvarez,0.0809538289904594,91.0,63.9000015258789,Open Play,Left Foot,saved,0,understat
2526,La Liga,2026-02-22 15:15:00,Levante,Jon Ander Olasagasti,0.4277147352695465,91.80000305175781,59.0,Open Play,Left Foot,saved,14,understat
2526,La Liga,2026-02-22 15:15:00,Levante,Kareem Tunde,0.0147993480786681,72.9000015258789,60.20000076293945,Open Play,Left Foot,missed,35,understat
2526,La Liga,2026-02-22 15:15:00,Levante,Paco Cortés,0.0091633461415767,72.9000015258789,64.5,Open Play,Right Foot,blocked,62,understat
2526,La Liga,2026-02-22 15:15:00,Levante,Paco Cortés,0.0699202567338943,87.69999694824219,26.200000762939453,Open Play,Right Foot,missed,68,understat
2526,La Liga,2026-02-28 15:15:00,Barcelona,Dani Olmo,0.0423954799771308,90.5,32.5,From Corner,Right Foot,missed,43,understat
2526,La Liga,2026-02-28 15:15:00,Barcelona,Dani Olmo,0.6674009561538696,95.0999984741211,48.099998474121094,Open Play,Right Foot,saved,46,understat
2526,La Liga,2026-02-28 15:15:00,Barcelona,Dani Olmo,0.0363914407789707,76.30000305175781,45.400001525878906,Open Play,Left Foot,missed,57,understat
2526,La Liga,2026-02-28 15:15:00,Barcelona,Fermín López,0.032698106020689,86.5999984741211,27.500000000000004,Open Play,Right Foot,blocked,2,understat
2526,La Liga,2026-02-28 15:15:00,Barcelona,Fermín López,0.1169921904802322,89.30000305175781,36.0,Open Play,Right Foot,missed,11,understat
2526,La Liga,2026-02-28 15:15:00,Barcelona,Fermín López,0.0324418917298316,79.5999984741211,29.20000076293945,Open Play,Right Foot,missed,85,understat
2526,La Liga,2026-02-28 15:15:00,Barcelona,Ferrán Torres,0.2262794077396392,84.80000305175781,61.40000152587891,Open Play,Right Foot,saved,61,understat
2526,La Liga,2026-02-28 15:15:00,Barcelona,Jules Koundé,0.2664695382118225,90.5,35.4000015258789,Open Play,Right Foot,missed,13,understat
2526,La Liga,2026-02-28 15:15:00,Barcelona,Lamine Yamal,0.0392264239490032,85.0,31.70000076293945,Open Play,Left Foot,saved,22,understat
2526,La Liga,2026-02-28 15:15:00,Barcelona,Lamine Yamal,0.3572257459163666,88.0,44.70000076293945,Open Play,Left Foot,goal,27,understat
2526,La Liga,2026-02-28 15:15:00,Barcelona,Lamine Yamal,0.0842287614941597,86.9000015258789,32.20000076293945,Open Play,Left Foot,goal,36,understat
2526,La Liga,2026-02-28 15:15:00,Barcelona,Lamine Yamal,0.0948836207389831,85.5999984741211,37.70000076293945,Open Play,Left Foot,missed,45,understat
2526,La Liga,2026-02-28 15:15:00,Barcelona,Lamine Yamal,0.0767957866191864,80.0,40.29999923706054,Open Play,Left Foot,missed,60,understat
2526,La Liga,2026-02-28 15:15:00,Barcelona,Lamine Yamal,0.3200455605983734,94.90000152587892,33.400001525878906,Open Play,Left Foot,goal,68,understat
2526,La Liga,2026-02-28 15:15:00,Barcelona,Marc Bernal,0.0331337340176105,74.80000305175781,52.09999847412109,Open Play,Left Foot,blocked,12,understat
2526,La Liga,2026-02-28 15:15:00,Barcelona,Marcus Rashford,0.0706182122230529,75.4000015258789,41.29999923706055,Direct Freekick,Right Foot,blocked,94,understat
2526,La Liga,2026-02-28 15:15:00,Barcelona,Raphinha,0.0614501535892486,73.5,46.20000076293945,Direct Freekick,Left Foot,saved,42,understat
2526,La Liga,2026-02-28 15:15:00,Barcelona,Robert Lewandowski,0.0781483575701713,95.0,54.50000000000001,From Corner,,missed,75,understat
2526,La Liga,2026-02-28 15:15:00,Barcelona,Robert Lewandowski,0.9106007814407348,96.90000152587892,50.4000015258789,Open Play,Left Foot,goal,90,understat
2526,La Liga,2026-02-28 15:15:00,Villarreal,Alfonso,0.0634558498859405,89.0,65.19999694824219,Open Play,Left Foot,blocked,70,understat
2526,La Liga,2026-02-28 15:15:00,Villarreal,Ayoze Pérez,0.2980241477489471,94.90000152587892,56.20000076293945,Open Play,Right Foot,missed,40,understat
2526,La Liga,2026-02-28 15:15:00,Villarreal,Ayoze Pérez,0.2357613295316696,72.30000305175781,56.400001525878906,Open Play,Left Foot,missed,53,understat
2526,La Liga,2026-02-28 15:15:00,Villarreal,Nicolas Pepe,0.1057252660393714,84.9000015258789,44.4000015258789,Open Play,Left Foot,blocked,51,understat
2526,La Liga,2026-02-28 15:15:00,Villarreal,Pape Alassane Gueye,0.5618517398834229,96.40000152587892,44.5,From Corner,Left Foot,goal,48,understat
2526,La Liga,2026-02-28 15:15:00,Villarreal,Santiago Mouriño,0.0970053002238273,90.80000305175781,49.5,From Corner,Right Foot,missed,48,understat
2526,La Liga,2026-03-07 20:00:00,Athletic Club,Dani Vivian,0.011132750660181,70.30000305175781,49.4000015258789,Open Play,Right Foot,missed,72,understat
2526,La Liga,2026-03-07 20:00:00,Athletic Club,Gorka Guruzeta,0.0749937519431114,89.69999694824219,43.9000015258789,Open Play,Left Foot,blocked,92,understat
2526,La Liga,2026-03-07 20:00:00,Athletic Club,Iñaki Williams,0.0972366780042648,89.80000305175781,54.900001525878906,Open Play,,saved,2,understat
2526,La Liga,2026-03-07 20:00:00,Athletic Club,Iñaki Williams,0.4511484205722809,90.30000305175781,50.70000076293945,Open Play,Right Foot,missed,57,understat
2526,La Liga,2026-03-07 20:00:00,Athletic Club,Mikel Jauregizar,0.0179999135434627,75.0999984741211,43.4000015258789,Open Play,Right Foot,missed,19,understat
2526,La Liga,2026-03-07 20:00:00,Athletic Club,Oihan Sancet,0.0722348019480705,91.4000015258789,65.5,Open Play,Left Foot,saved,52,understat
2526,La Liga,2026-03-07 20:00:00,Athletic Club,Oihan Sancet,0.412144660949707,89.9000015258789,58.099998474121094,Open Play,Right Foot,saved,57,understat
2526,La Liga,2026-03-07 20:00:00,Athletic Club,Oihan Sancet,0.0148655725643038,69.5,40.29999923706054,Open Play,Right Foot,missed,88,understat
2526,La Liga,2026-03-07 20:00:00,Athletic Club,Roberto Navarro,0.03069669008255,91.4000015258789,67.0,Open Play,Left Foot,missed,90,understat
2526,La Liga,2026-03-07 20:00:00,Athletic Club,Unai Gómez,0.0504627898335456,95.40000152587892,69.9000015258789,Set Piece,Left Foot,missed,2,understat
2526,La Liga,2026-03-07 20:00:00,Barcelona,Dani Olmo,0.0605273507535457,77.5999984741211,70.5999984741211,Direct Freekick,Right Foot,blocked,55,understat
2526,La Liga,2026-03-07 20:00:00,Barcelona,Ferrán Torres,0.0386822633445262,93.90000152587892,33.59999847412109,From Corner,Right Foot,missed,45,understat
2526,La Liga,2026-03-07 20:00:00,Barcelona,João Cancelo,0.0286991894245147,78.5,65.0999984741211,From Corner,Right Foot,missed,5,understat
2526,La Liga,2026-03-07 20:00:00,Barcelona,Lamine Yamal,0.2599509954452514,87.80000305175781,34.599998474121094,Open Play,Left Foot,goal,67,understat
2526,La Liga,2026-03-07 20:00:00,Barcelona,Marcus Rashford,0.025042476132512,86.19999694824219,75.30000305175781,Open Play,Right Foot,saved,46,understat
2526,La Liga,2026-03-07 20:00:00,Barcelona,Pau Cubarsí,0.0467869564890861,87.5,54.099998474121094,Open Play,,missed,48,understat
2526,La Liga,2026-03-07 20:00:00,Barcelona,Robert Lewandowski,0.1003196835517883,85.5999984741211,51.0,Open Play,Right Foot,blocked,66,understat
2526,La Liga,2026-03-15 15:15:00,Barcelona,Dani Olmo,0.0245422665029764,72.30000305175781,39.900001525878906,Open Play,Right Foot,saved,16,understat
2526,La Liga,2026-03-15 15:15:00,Barcelona,Dani Olmo,0.4675428867340088,87.0,46.599998474121094,Open Play,Right Foot,goal,37,understat
2526,La Liga,2026-03-15 15:15:00,Barcelona,Dani Olmo,0.0626513361930847,82.5999984741211,63.09999847412109,Open Play,Right Foot,missed,75,understat
2526,La Liga,2026-03-15 15:15:00,Barcelona,Gerard Martín,0.0967204943299293,88.30000305175781,65.69999694824219,Open Play,Left Foot,saved,34,understat
2526,La Liga,2026-03-15 15:15:00,Barcelona,João Cancelo,0.4870562851428985,93.0,58.70000076293945,Open Play,Left Foot,goal,59,understat
2526,La Liga,2026-03-15 15:15:00,Barcelona,Raphinha,0.7432776093482971,88.5,50.0,,Left Foot,goal,8,understat
2526,La Liga,2026-03-15 15:15:00,Barcelona,Raphinha,0.7432776093482971,88.5,50.0,,Left Foot,goal,20,understat
2526,La Liga,2026-03-15 15:15:00,Barcelona,Raphinha,0.1044965758919715,85.30000305175781,46.599998474121094,Open Play,Left Foot,goal,50,understat
2526,La Liga,2026-03-15 15:15:00,Barcelona,Robert Lewandowski,0.0362049490213394,83.80000305175781,68.4000015258789,Open Play,Right Foot,missed,24,understat
2526,La Liga,2026-03-15 15:15:00,Barcelona,Robert Lewandowski,0.2324055582284927,92.90000152587892,57.900001525878906,Open Play,,missed,44,understat
2526,La Liga,2026-03-15 15:15:00,Barcelona,Robert Lewandowski,0.0557227954268455,81.0999984741211,51.4000015258789,Open Play,Right Foot,saved,77,understat
2526,La Liga,2026-03-15 15:15:00,Barcelona,Robert Lewandowski,0.3080828189849853,84.69999694824219,53.79999923706055,Open Play,Right Foot,missed,83,understat
2526,La Liga,2026-03-15 15:15:00,Barcelona,Ronald Araújo,0.5019181370735168,95.8000030517578,48.4000015258789,From Corner,,missed,68,understat
2526,La Liga,2026-03-15 15:15:00,Sevilla,Akor Adams,0.0148521577939391,71.0,54.400001525878906,Open Play,Right Foot,blocked,40,understat
2526,La Liga,2026-03-15 15:15:00,Sevilla,Alexis Sánchez,0.0585078932344913,86.4000015258789,40.099998474121094,Open Play,Right Foot,missed,46,understat
2526,La Liga,2026-03-15 15:15:00,Sevilla,Andrés Castrín,0.117186926305294,92.90000152587892,46.20000076293945,From Corner,,missed,72,understat
2526,La Liga,2026-03-15 15:15:00,Sevilla,Chidera Ejuke,0.0504048466682434,96.0999984741211,29.5,Open Play,Right Foot,saved,67,understat
2526,La Liga,2026-03-15 15:15:00,Sevilla,Djibril Sow,0.3300099670886993,92.59999847412108,46.0,Open Play,,goal,91,understat
2526,La Liga,2026-03-15 15:15:00,Sevilla,Lucien Agoume,0.1077705770730972,92.09999847412108,46.9000015258789,From Corner,,missed,30,understat
2526,La Liga,2026-03-15 15:15:00,Sevilla,Nemanja Gudelj,0.0160284377634525,76.5999984741211,39.29999923706054,Set Piece,Right Foot,blocked,2,understat
2526,La Liga,2026-03-15 15:15:00,Sevilla,Oso,0.2762360572814941,90.4000015258789,57.29999923706055,Open Play,Right Foot,goal,47,understat
2526,La Liga,2026-03-15 15:15:00,Sevilla,Ruben Vargas,0.0720439925789833,85.19999694824219,44.09999847412109,Open Play,Right Foot,saved,72,understat
2526,La Liga,2026-03-22 13:00:00,Barcelona,Dani Olmo,0.0171947553753852,84.0,25.29999923706054,Set Piece,Right Foot,missed,67,understat
2526,La Liga,2026-03-22 13:00:00,Barcelona,Fermín López,0.0944717153906822,88.30000305175781,56.099998474121094,Open Play,Left Foot,missed,59,understat
2526,La Liga,2026-03-22 13:00:00,Barcelona,Ferrán Torres,0.0306722540408372,89.9000015258789,32.29999923706054,Set Piece,Right Foot,missed,57,understat
2526,La Liga,2026-03-22 13:00:00,Barcelona,Gerard Martín,0.0204758122563362,74.30000305175781,63.0,Open Play,Left Foot,saved,9,understat
2526,La Liga,2026-03-22 13:00:00,Barcelona,Gerard Martín,0.0449709333479404,94.8000030517578,38.70000076293945,From Corner,,blocked,23,understat
2526,La Liga,2026-03-22 13:00:00,Barcelona,João Cancelo,0.0181821789592504,52.400001525878906,69.0,Direct Freekick,Right Foot,missed,33,understat
2526,La Liga,2026-03-22 13:00:00,Barcelona,João Cancelo,0.0121975066140294,71.0,42.099998474121094,Set Piece,Right Foot,blocked,67,understat
2526,La Liga,2026-03-22 13:00:00,Barcelona,Lamine Yamal,0.0240619480609893,80.5999984741211,27.60000038146972,Open Play,Left Foot,blocked,18,understat
2526,La Liga,2026-03-22 13:00:00,Barcelona,Lamine Yamal,0.0912612602114677,86.5,65.69999694824219,Open Play,Left Foot,missed,56,understat
2526,La Liga,2026-03-22 13:00:00,Barcelona,Raphinha,0.5380854606628418,87.19999694824219,45.400001525878906,Open Play,Right Foot,missed,12,understat
2526,La Liga,2026-03-22 13:00:00,Barcelona,Raphinha,0.2915250360965729,92.6999969482422,60.40000152587891,Open Play,Left Foot,saved,22,understat
2526,La Liga,2026-03-22 13:00:00,Barcelona,Raphinha,0.0698668360710144,82.19999694824219,56.49999999999999,Open Play,Right Foot,saved,29,understat
2526,La Liga,2026-03-22 13:00:00,Barcelona,Raphinha,0.0777753815054893,87.0,65.69999694824219,Open Play,Left Foot,blocked,46,understat
2526,La Liga,2026-03-22 13:00:00,Barcelona,Raphinha,0.1040776520967483,89.0,56.400001525878906,Open Play,Left Foot,blocked,51,understat
2526,La Liga,2026-03-22 13:00:00,Barcelona,Ronald Araújo,0.4874452650547027,95.69999694824219,47.700000762939446,From Corner,,goal,23,understat
2526,La Liga,2026-03-22 13:00:00,Rayo Vallecano,Alfonso Espino,0.3230617344379425,89.30000305175781,38.29999923706054,Open Play,Left Foot,missed,82,understat
2526,La Liga,2026-03-22 13:00:00,Rayo Vallecano,Alfonso Espino,0.0125673105940222,74.5,67.19999694824219,From Corner,Left Foot,blocked,90,understat
2526,La Liga,2026-03-22 13:00:00,Rayo Vallecano,Carlos Martín,0.5615584850311279,92.59999847412108,49.099998474121094,Open Play,Right Foot,saved,0,understat
2526,La Liga,2026-03-22 13:00:00,Rayo Vallecano,Jorge De Frutos,0.0535660572350025,89.19999694824219,30.79999923706055,Open Play,Right Foot,saved,88,understat
2526,La Liga,2026-03-22 13:00:00,Rayo Vallecano,Pathé Ciss,0.5585482120513916,96.90000152587892,49.29999923706055,From Corner,,missed,42,understat
2526,La Liga,2026-03-22 13:00:00,Rayo Vallecano,Unai López,0.2960029542446136,96.19999694824219,41.4000015258789,From Corner,,saved,61,understat
2526,La Liga,2026-03-22 13:00:00,Rayo Vallecano,Álvaro García,0.0263247061520814,87.69999694824219,68.5,Open Play,Left Foot,saved,60,understat
2526,La Liga,2026-03-22 13:00:00,Rayo Vallecano,Álvaro García,0.3646770715713501,96.8000030517578,42.4000015258789,Open Play,Left Foot,missed,85,understat
2526,La Liga,2026-04-04 19:00:00,Atletico Madrid,Antoine Griezmann,0.4314903616905212,90.59999847412108,45.79999923706054,Open Play,Left Foot,saved,10,understat
2526,La Liga,2026-04-04 19:00:00,Atletico Madrid,Antoine Griezmann,0.0831987410783767,95.69999694824219,41.599998474121094,From Corner,Left Foot,missed,31,understat
2526,La Liga,2026-04-04 19:00:00,Atletico Madrid,Giuliano Simeone,0.3225172460079193,84.4000015258789,43.79999923706055,Open Play,Right Foot,goal,38,understat
2526,La Liga,2026-04-04 19:00:00,Atletico Madrid,Koke,0.0321191661059856,78.4000015258789,36.599998474121094,From Corner,Left Foot,missed,31,understat
2526,La Liga,2026-04-04 19:00:00,Atletico Madrid,Nahuel Molina,0.0178648978471755,87.19999694824219,27.0,Open Play,Right Foot,missed,25,understat
2526,La Liga,2026-04-04 19:00:00,Atletico Madrid,Álex Baena,0.0347682982683181,88.5999984741211,93.6999969482422,Direct Freekick,Right Foot,missed,13,understat
2526,La Liga,2026-04-04 19:00:00,Barcelona,Dani Olmo,0.0400699600577354,79.9000015258789,40.0,Open Play,Left Foot,blocked,80,understat
2526,La Liga,2026-04-04 19:00:00,Barcelona,Fermín López,0.0311881117522716,87.0,28.000000000000004,Open Play,Right Foot,saved,11,understat
2526,La Liga,2026-04-04 19:00:00,Barcelona,Fermín López,0.108621209859848,82.5,52.29999923706055,Open Play,Right Foot,missed,13,understat
2526,La Liga,2026-04-04 19:00:00,Barcelona,Ferrán Torres,0.0367061793804168,90.1999969482422,67.19999694824219,From Corner,Right Foot,saved,65,understat
2526,La Liga,2026-04-04 19:00:00,Barcelona,Ferrán Torres,0.1167866438627243,90.09999847412108,41.099998474121094,Open Play,Right Foot,saved,69,understat
2526,La Liga,2026-04-04 19:00:00,Barcelona,Ferrán Torres,0.1167498379945755,91.1999969482422,59.79999923706054,Open Play,Right Foot,saved,82,understat
2526,La Liga,2026-04-04 19:00:00,Barcelona,João Cancelo,0.0294398460537195,82.4000015258789,69.9000015258789,Open Play,Right Foot,blocked,63,understat
2526,La Liga,2026-04-04 19:00:00,Barcelona,João Cancelo,0.0700291916728019,91.80000305175781,66.9000015258789,Open Play,Left Foot,blocked,64,understat
2526,La Liga,2026-04-04 19:00:00,Barcelona,João Cancelo,0.0270486958324909,80.9000015258789,71.5,From Corner,Right Foot,blocked,69,understat
2526,La Liga,2026-04-04 19:00:00,Barcelona,João Cancelo,0.0518789030611515,93.3000030517578,71.5,Open Play,Right Foot,saved,86,understat
2526,La Liga,2026-04-04 19:00:00,Barcelona,Lamine Yamal,0.0569796077907085,95.0999984741211,29.89999961853027,Open Play,Right Foot,blocked,1,understat
2526,La Liga,2026-04-04 19:00:00,Barcelona,Lamine Yamal,0.3910379111766815,91.6999969482422,38.5,Open Play,Left Foot,post,34,understat
2526,La Liga,2026-04-04 19:00:00,Barcelona,Lamine Yamal,0.0703349187970161,92.09999847412108,17.79999923706054,Direct Freekick,Left Foot,missed,53,understat
2526,La Liga,2026-04-04 19:00:00,Barcelona,Lamine Yamal,0.019292376935482,84.30000305175781,26.79999923706054,Open Play,Left Foot,blocked,54,understat
2526,La Liga,2026-04-04 19:00:00,Barcelona,Lamine Yamal,0.053967960178852,88.5999984741211,33.400001525878906,Open Play,Left Foot,blocked,55,understat
2526,La Liga,2026-04-04 19:00:00,Barcelona,Lamine Yamal,0.0960258319973945,84.4000015258789,41.4000015258789,Open Play,Left Foot,missed,59,understat
2526,La Liga,2026-04-04 19:00:00,Barcelona,Lamine Yamal,0.0243729185312986,82.19999694824219,25.0,Open Play,Left Foot,missed,85,understat
2526,La Liga,2026-04-04 19:00:00,Barcelona,Marc Bernal,0.0829400345683097,96.69999694824219,58.099998474121094,Set Piece,Left Foot,missed,52,understat
2526,La Liga,2026-04-04 19:00:00,Barcelona,Marcus Rashford,0.0406345948576927,70.9000015258789,64.0,Direct Freekick,Right Foot,saved,6,understat
2526,La Liga,2026-04-04 19:00:00,Barcelona,Marcus Rashford,0.5790982246398926,90.1999969482422,63.0,Open Play,Left Foot,goal,41,understat
2526,La Liga,2026-04-04 19:00:00,Barcelona,Pedri,0.0441618748009204,97.40000152587892,28.39999961853027,From Corner,Right Foot,missed,57,understat
2526,La Liga,2026-04-04 19:00:00,Barcelona,Robert Lewandowski,0.6312196850776672,95.8000030517578,54.79999923706055,Open Play,,goal,86,understat
2526,La Liga,2026-04-11 16:30:00,Barcelona,Eric Garcia,0.0193320792168378,75.80000305175781,48.9000015258789,Open Play,Right Foot,saved,39,understat
2526,La Liga,2026-04-11 16:30:00,Barcelona,Fermín López,0.0190431736409664,76.0999984741211,33.5,Open Play,Right Foot,missed,5,understat
2526,La Liga,2026-04-11 16:30:00,Barcelona,Fermín López,0.0386637225747108,80.4000015258789,34.5,Open Play,Left Foot,saved,16,understat
2526,La Liga,2026-04-11 16:30:00,Barcelona,Fermín López,0.072321742773056,90.09999847412108,34.79999923706054,Open Play,Right Foot,missed,39,understat
2526,La Liga,2026-04-11 16:30:00,Barcelona,Fermín López,0.0970311760902404,92.09999847412108,37.4000015258789,Open Play,Right Foot,saved,39,understat
2526,La Liga,2026-04-11 16:30:00,Barcelona,Fermín López,0.5205051898956299,94.40000152587892,58.5,Open Play,,missed,60,understat
2526,La Liga,2026-04-11 16:30:00,Barcelona,Ferrán Torres,0.5431056618690491,97.90000152587892,54.0,From Corner,,goal,8,understat
2526,La Liga,2026-04-11 16:30:00,Barcelona,Ferrán Torres,0.2796036899089813,89.5999984741211,31.899999618530273,Open Play,Right Foot,goal,24,understat
2526,La Liga,2026-04-11 16:30:00,Barcelona,João Cancelo,0.0805787295103073,85.19999694824219,59.099998474121094,Open Play,Right Foot,saved,68,understat
2526,La Liga,2026-04-11 16:30:00,Barcelona,Lamine Yamal,0.0307830460369586,84.30000305175781,28.799999237060547,Open Play,Left Foot,blocked,7,understat
2526,La Liga,2026-04-11 16:30:00,Barcelona,Lamine Yamal,0.0722256302833557,79.4000015258789,30.0,Direct Freekick,Left Foot,missed,30,understat
2526,La Liga,2026-04-11 16:30:00,Barcelona,Lamine Yamal,0.0875690206885337,93.6999969482422,30.5,Open Play,Left Foot,blocked,46,understat
2526,La Liga,2026-04-11 16:30:00,Barcelona,Lamine Yamal,0.1039523258805275,91.9000015258789,34.200000762939446,Open Play,Left Foot,blocked,47,understat
2526,La Liga,2026-04-11 16:30:00,Barcelona,Lamine Yamal,0.0325093977153301,84.9000015258789,24.60000038146972,Open Play,Left Foot,saved,58,understat
2526,La Liga,2026-04-11 16:30:00,Barcelona,Lamine Yamal,0.1461469382047653,90.80000305175781,30.70000076293945,Open Play,Left Foot,blocked,84,understat
2526,La Liga,2026-04-11 16:30:00,Barcelona,Lamine Yamal,0.7945185899734497,96.8000030517578,47.4000015258789,Open Play,Left Foot,goal,86,understat
2526,La Liga,2026-04-11 16:30:00,Barcelona,Marcus Rashford,0.1349001675844192,89.0999984741211,53.200000762939446,Open Play,Right Foot,blocked,65,understat
2526,La Liga,2026-04-11 16:30:00,Barcelona,Marcus Rashford,0.1447130888700485,90.6999969482422,59.5,Open Play,Right Foot,goal,88,understat
2526,La Liga,2026-04-11 16:30:00,Barcelona,Pedri,0.0807313919067382,85.5,62.4000015258789,Open Play,Left Foot,missed,41,understat
2526,La Liga,2026-04-11 16:30:00,Barcelona,Ronald Araújo,0.0198073089122772,95.5,60.099998474121094,From Corner,,missed,46,understat
2526,La Liga,2026-04-11 16:30:00,Espanyol,Edu Expósito,0.0867094025015831,92.90000152587892,41.200000762939446,Open Play,Left Foot,missed,3,understat
2526,La Liga,2026-04-11 16:30:00,Espanyol,Fernando Calero,0.0653666853904724,95.19999694824219,34.0,Set Piece,Right Foot,missed,71,understat
2526,La Liga,2026-04-11 16:30:00,Espanyol,Fernando Calero,0.0729406103491783,97.0,43.29999923706055,From Corner,,missed,76,understat
2526,La Liga,2026-04-11 16:30:00,Espanyol,Kike García,0.1287315040826797,83.9000015258789,37.5,Open Play,Right Foot,saved,12,understat
2526,La Liga,2026-04-11 16:30:00,Espanyol,Leandro Cabrera,0.057472888380289,93.5,40.0,From Corner,,blocked,81,understat
2526,La Liga,2026-04-11 16:30:00,Espanyol,Leandro Cabrera,0.0954571664333343,91.59999847412108,38.70000076293945,From Corner,Right Foot,blocked,81,understat
2526,La Liga,2026-04-11 16:30:00,Espanyol,Pere Milla,0.0702104046940803,92.09999847412108,66.0999984741211,Open Play,Left Foot,blocked,81,understat
2526,La Liga,2026-04-11 16:30:00,Espanyol,Pol Lozano,0.0517675504088401,84.80000305175781,40.5,Open Play,Right Foot,goal,55,understat
2526,La Liga,2026-04-11 16:30:00,Espanyol,Roberto Fernández,0.4622147381305694,93.6999969482422,48.9000015258789,Open Play,Left Foot,missed,79,understat
2526,La Liga,2026-04-11 16:30:00,Espanyol,Rubén Sánchez,0.0459514260292053,87.5,29.89999961853027,Open Play,Right Foot,missed,73,understat
2526,La Liga,2026-04-22 19:30:00,Barcelona,Dani Olmo,0.3782584369182586,91.80000305175781,46.5,Open Play,,missed,36,understat
2526,La Liga,2026-04-22 19:30:00,Barcelona,Dani Olmo,0.0954560041427612,85.9000015258789,41.700000762939446,Open Play,Right Foot,missed,67,understat
2526,La Liga,2026-04-22 19:30:00,Barcelona,Fermín López,0.0992545783519744,87.5,74.80000305175781,Open Play,Left Foot,missed,58,understat
2526,La Liga,2026-04-22 19:30:00,Barcelona,Ferrán Torres,0.0468776449561119,80.0999984741211,60.29999923706054,Open Play,Right Foot,blocked,67,understat
2526,La Liga,2026-04-22 19:30:00,Barcelona,Lamine Yamal,0.048654019832611,85.80000305175781,34.200000762939446,Open Play,Left Foot,missed,0,understat
2526,La Liga,2026-04-22 19:30:00,Barcelona,Lamine Yamal,0.0196881294250488,75.80000305175781,46.0,From Corner,Left Foot,blocked,13,understat
2526,La Liga,2026-04-22 19:30:00,Barcelona,Lamine Yamal,0.0614154450595378,81.0999984741211,48.599998474121094,Open Play,Left Foot,missed,28,understat
2526,La Liga,2026-04-22 19:30:00,Barcelona,Lamine Yamal,0.7432776093482971,88.5,50.0,,Left Foot,goal,39,understat
2526,La Liga,2026-04-22 19:30:00,Barcelona,Pedri,0.0201365742832422,72.9000015258789,64.0,Open Play,Right Foot,saved,59,understat
2526,La Liga,2026-04-22 19:30:00,Barcelona,Roony Bardghji,0.0314867459237575,75.19999694824219,49.0,Open Play,Left Foot,saved,66,understat
2526,La Liga,2026-04-22 19:30:00,Celta Vigo,Ferrán Jutglà,0.3336122334003448,92.09999847412108,63.09999847412109,Open Play,Left Foot,missed,14,understat
2526,La Liga,2026-04-22 19:30:00,Celta Vigo,Ferrán Jutglà,0.1545110344886779,90.4000015258789,59.099998474121094,Open Play,Left Foot,blocked,18,understat
2526,La Liga,2026-04-22 19:30:00,Celta Vigo,Marcos Alonso,0.0771416500210762,75.80000305175781,43.9000015258789,Direct Freekick,Left Foot,blocked,92,understat
2526,La Liga,2026-04-22 19:30:00,Celta Vigo,Pablo Durán,0.0451160296797752,81.5999984741211,55.400001525878906,Open Play,Left Foot,saved,0,understat
2526,La Liga,2026-04-22 19:30:00,Celta Vigo,Pablo Durán,0.0414499342441558,90.4000015258789,63.9000015258789,From Corner,Right Foot,saved,1,understat
2526,La Liga,2026-04-22 19:30:00,Celta Vigo,Pablo Durán,0.4220893979072571,87.4000015258789,49.29999923706055,Open Play,Right Foot,saved,69,understat
2526,La Liga,2026-04-25 14:15:00,Barcelona,Dani Olmo,0.0659672915935516,84.0,38.900001525878906,Open Play,Right Foot,missed,4,understat
2526,La Liga,2026-04-25 14:15:00,Barcelona,Dani Olmo,0.3321662545204162,91.30000305175781,42.099998474121094,Open Play,Right Foot,saved,51,understat
2526,La Liga,2026-04-25 14:15:00,Barcelona,Fermín López,0.0204206593334674,77.5,70.0999984741211,Open Play,Right Foot,blocked,13,understat
2526,La Liga,2026-04-25 14:15:00,Barcelona,Fermín López,0.5422272682189941,86.19999694824219,55.00000000000001,Open Play,Right Foot,goal,44,understat
2526,La Liga,2026-04-25 14:15:00,Barcelona,Fermín López,0.0578909628093242,92.59999847412108,69.5,Open Play,Left Foot,missed,67,understat
2526,La Liga,2026-04-25 14:15:00,Barcelona,Gerard Martín,0.0385925844311714,97.0,62.20000076293945,Set Piece,,saved,63,understat
2526,La Liga,2026-04-25 14:15:00,Barcelona,Jules Koundé,0.0247236788272857,90.0,63.4000015258789,From Corner,,missed,52,understat
2526,La Liga,2026-04-25 14:15:00,Barcelona,Marc Casadó,0.4598575830459595,93.3000030517578,56.99999999999999,Open Play,Left Foot,missed,92,understat
2526,La Liga,2026-04-25 14:15:00,Barcelona,Marcus Rashford,0.3470886945724487,81.30000305175781,47.0,Open Play,Right Foot,goal,73,understat
2526,La Liga,2026-04-25 14:15:00,Barcelona,Robert Lewandowski,0.0321260727941989,91.80000305175781,40.0,Open Play,,missed,3,understat
2526,La Liga,2026-04-25 14:15:00,Barcelona,Robert Lewandowski,0.0228103585541248,89.69999694824219,44.20000076293945,Set Piece,,blocked,27,understat
2526,La Liga,2026-04-25 14:15:00,Barcelona,Ronald Araújo,0.0462543182075023,84.9000015258789,29.70000076293945,Open Play,Left Foot,blocked,90,understat
2526,La Liga,2026-04-25 14:15:00,Barcelona,Roony Bardghji,0.0615830421447753,87.80000305175781,32.20000076293945,Open Play,Left Foot,missed,35,understat
2526,La Liga,2026-04-25 14:15:00,Getafe,Mario Martín,0.4216705858707428,95.5,50.29999923706055,Open Play,Left Foot,missed,72,understat
2526,La Liga,2026-04-25 14:15:00,Getafe,Martín Satriano,0.0424203351140022,81.9000015258789,47.9000015258789,Open Play,,missed,80,understat
2526,La Liga,2026-04-25 14:15:00,Getafe,Mauro Arambarri,0.043552953749895,89.80000305175781,53.900001525878906,Open Play,,blocked,6,understat
2526,La Liga,2026-04-25 14:15:00,Getafe,Mauro Arambarri,0.100020483136177,94.5,52.599998474121094,Open Play,,blocked,11,understat
2526,La Liga,2026-05-02 19:00:00,Barcelona,Dani Olmo,0.0975119248032569,77.4000015258789,50.79999923706055,Direct Freekick,Right Foot,missed,12,understat
2526,La Liga,2026-05-02 19:00:00,Barcelona,Dani Olmo,0.1121681332588195,92.5,50.70000076293945,Open Play,Right Foot,blocked,49,understat
2526,La Liga,2026-05-02 19:00:00,Barcelona,Fermín López,0.1093329936265945,94.5,66.9000015258789,Open Play,Right Foot,saved,43,understat
2526,La Liga,2026-05-02 19:00:00,Barcelona,Fermín López,0.0251055620610713,76.5999984741211,63.70000076293946,Open Play,Left Foot,missed,52,understat
2526,La Liga,2026-05-02 19:00:00,Barcelona,Fermín López,0.0966567322611808,92.80000305175781,54.400001525878906,Open Play,Right Foot,missed,78,understat
2526,La Liga,2026-05-02 19:00:00,Barcelona,Ferrán Torres,0.3503278791904449,89.5,65.80000305175781,Open Play,Right Foot,goal,85,understat
2526,La Liga,2026-05-02 19:00:00,Barcelona,Ferrán Torres,0.0597862154245376,88.5999984741211,30.899999618530273,Open Play,Right Foot,missed,95,understat
2526,La Liga,2026-05-02 19:00:00,Barcelona,Marcus Rashford,0.0473626628518104,89.5,30.100000381469723,Open Play,Left Foot,missed,62,understat
2526,La Liga,2026-05-02 19:00:00,Barcelona,Pedri,0.0162665955722332,70.5999984741211,40.9000015258789,Open Play,Right Foot,blocked,31,understat
2526,La Liga,2026-05-02 19:00:00,Barcelona,Robert Lewandowski,0.0957507193088531,85.5999984741211,51.900001525878906,Open Play,Right Foot,missed,9,understat
2526,La Liga,2026-05-02 19:00:00,Barcelona,Robert Lewandowski,0.4872749745845794,93.59999847412108,49.79999923706055,Open Play,,goal,80,understat
2526,La Liga,2026-05-02 19:00:00,Barcelona,Roony Bardghji,0.0405896306037902,84.4000015258789,33.70000076293945,Open Play,Left Foot,blocked,20,understat
2526,La Liga,2026-05-02 19:00:00,Barcelona,Roony Bardghji,0.0294924452900886,75.4000015258789,55.79999923706055,From Corner,Left Foot,saved,21,understat
2526,La Liga,2026-05-02 19:00:00,Osasuna,Ante Budimir,0.0667696595191955,93.1999969482422,32.09999847412109,Open Play,Left Foot,blocked,5,understat
2526,La Liga,2026-05-02 19:00:00,Osasuna,Ante Budimir,0.3494949340820312,92.4000015258789,37.79999923706054,Open Play,Left Foot,post,35,understat
2526,La Liga,2026-05-02 19:00:00,Osasuna,Ante Budimir,0.0180492382496595,74.19999694824219,60.599998474121094,Open Play,Left Foot,saved,37,understat
2526,La Liga,2026-05-02 19:00:00,Osasuna,Enzo Boyomo,0.0325419828295707,86.5,42.099998474121094,Set Piece,,missed,95,understat
2526,La Liga,2026-05-02 19:00:00,Osasuna,Jon Moncayola,0.0157052967697381,74.5,37.5,From Corner,Left Foot,saved,70,understat
2526,La Liga,2026-05-02 19:00:00,Osasuna,Lucas Torró,0.0616638325154781,91.09999847412108,41.4000015258789,From Corner,,missed,70,understat
2526,La Liga,2026-05-02 19:00:00,Osasuna,Raul García,0.4195828735828399,93.5,47.79999923706055,Open Play,,goal,88,understat
2526,La Liga,2026-05-02 19:00:00,Osasuna,Rubén García,0.021651541814208,80.0999984741211,29.799999237060547,Open Play,Left Foot,saved,68,understat
2526,La Liga,2026-05-02 19:00:00,Osasuna,Rubén García,0.3026716411113739,96.0,40.0,Open Play,Right Foot,missed,68,understat
2526,La Liga,2026-05-10 19:00:00,Barcelona,Dani Olmo,0.0671097710728645,87.5,41.29999923706055,From Corner,Right Foot,missed,38,understat
2526,La Liga,2026-05-10 19:00:00,Barcelona,Fermín López,0.0831101909279823,89.5,70.69999694824219,Open Play,Right Foot,saved,47,understat
2526,La Liga,2026-05-10 19:00:00,Barcelona,Fermín López,0.078322023153305,91.6999969482422,67.9000015258789,Open Play,Left Foot,blocked,67,understat
2526,La Liga,2026-05-10 19:00:00,Barcelona,Ferrán Torres,0.4331562221050262,88.4000015258789,53.200000762939446,Open Play,Right Foot,goal,17,understat
2526,La Liga,2026-05-10 19:00:00,Barcelona,Ferrán Torres,0.4172306060791015,92.90000152587892,64.5999984741211,Open Play,Left Foot,saved,55,understat
2526,La Liga,2026-05-10 19:00:00,Barcelona,Marcus Rashford,0.0899850651621818,80.9000015258789,32.0,Direct Freekick,Right Foot,goal,8,understat
2526,La Liga,2026-05-10 19:00:00,Barcelona,Marcus Rashford,0.1722793132066726,90.0,31.79999923706054,Open Play,Right Foot,saved,37,understat
2526,La Liga,2026-05-10 19:00:00,Barcelona,Raphinha,0.1300449073314666,89.9000015258789,50.5,Open Play,Right Foot,missed,67,understat
2526,La Liga,2026-05-10 19:00:00,Barcelona,Raphinha,0.1168185994029045,88.30000305175781,36.79999923706055,Open Play,Right Foot,saved,81,understat
2526,La Liga,2026-05-10 19:00:00,Barcelona,Robert Lewandowski,0.131958320736885,87.9000015258789,42.29999923706055,Open Play,Left Foot,saved,83,understat
2526,La Liga,2026-05-10 19:00:00,Real Madrid,Aurelien Tchouameni,0.02627969160676,90.30000305175781,47.200000762939446,From Corner,,missed,12,understat
2526,La Liga,2026-05-10 19:00:00,Real Madrid,Aurelien Tchouameni,0.0245025549083948,78.80000305175781,62.4000015258789,Open Play,Right Foot,missed,32,understat
2526,La Liga,2026-05-10 19:00:00,Real Madrid,Aurelien Tchouameni,0.0426211953163147,95.5,58.299999237060554,From Corner,,blocked,73,understat
2526,La Liga,2026-05-10 19:00:00,Real Madrid,César Palacios,0.0425102040171623,87.4000015258789,62.79999923706055,Open Play,Left Foot,missed,85,understat
2526,La Liga,2026-05-10 19:00:00,Real Madrid,Fran García,0.0631865262985229,85.80000305175781,64.0,Open Play,Left Foot,missed,43,understat
2526,La Liga,2026-05-10 19:00:00,Real Madrid,Gonzalo García,0.0566958673298358,96.40000152587892,60.29999923706054,From Corner,,missed,11,understat
2526,La Liga,2026-05-10 19:00:00,Real Madrid,Gonzalo García,0.2552081346511841,92.0,40.9000015258789,Open Play,Right Foot,missed,21,understat
2526,La Liga,2026-05-10 19:00:00,Real Madrid,Vinícius Júnior,0.0510972887277603,85.9000015258789,72.19999694824219,Open Play,Right Foot,saved,1,understat
2526,La Liga,2026-05-13 19:30:00,Alaves,Abderrahmane Rebbach,0.0319925434887409,81.30000305175781,62.20000076293945,Open Play,Right Foot,missed,20,understat
2526,La Liga,2026-05-13 19:30:00,Alaves,Antonio Blanco,0.0428955517709255,78.0,39.900001525878906,Open Play,Left Foot,blocked,66,understat
2526,La Liga,2026-05-13 19:30:00,Alaves,Antonio Martínez,0.0429698042571544,88.0999984741211,61.79999923706055,Open Play,Right Foot,missed,11,understat
2526,La Liga,2026-05-13 19:30:00,Alaves,Antonio Martínez,0.0944480299949646,90.59999847412108,44.79999923706054,Open Play,Right Foot,missed,20,understat
2526,La Liga,2026-05-13 19:30:00,Alaves,Ibrahim Diabate,0.0818286091089248,89.5999984741211,53.599998474121094,Open Play,Left Foot,blocked,0,understat
2526,La Liga,2026-05-13 19:30:00,Alaves,Ibrahim Diabate,0.4236654937267303,92.09999847412108,54.200000762939446,From Corner,Right Foot,goal,45,understat
2526,La Liga,2026-05-13 19:30:00,Alaves,Ibrahim Diabate,0.118190973997116,90.5,46.79999923706054,Open Play,,saved,50,understat
2526,La Liga,2026-05-13 19:30:00,Alaves,Nahuel Tenaglia,0.0542720928788185,85.80000305175781,28.89999961853027,Open Play,Right Foot,saved,41,understat
2526,La Liga,2026-05-13 19:30:00,Alaves,Ángel Pérez,0.0662282556295394,89.19999694824219,31.899999618530273,Open Play,Right Foot,blocked,34,understat
2526,La Liga,2026-05-13 19:30:00,Barcelona,Dani Olmo,0.0258923340588808,75.4000015258789,48.700000762939446,Open Play,Right Foot,blocked,9,understat
2526,La Liga,2026-05-13 19:30:00,Barcelona,Dani Olmo,0.0186591856181621,72.30000305175781,46.599998474121094,Open Play,Right Foot,missed,59,understat
2526,La Liga,2026-05-13 19:30:00,Barcelona,Marc Bernal,0.0217998418956995,75.0,56.00000000000001,Open Play,Left Foot,missed,63,understat
2526,La Liga,2026-05-13 19:30:00,Barcelona,Marc Casadó,0.1136771440505981,90.9000015258789,42.29999923706055,Open Play,Right Foot,blocked,17,understat
2526,La Liga,2026-05-13 19:30:00,Barcelona,Marcus Rashford,0.0430167205631732,91.4000015258789,65.0,Open Play,Right Foot,missed,7,understat
2526,La Liga,2026-05-13 19:30:00,Barcelona,Marcus Rashford,0.0775113552808761,91.4000015258789,54.200000762939446,From Corner,Right Foot,blocked,10,understat
2526,La Liga,2026-05-13 19:30:00,Barcelona,Marcus Rashford,0.0126355029642581,76.19999694824219,90.09999847412108,Open Play,Right Foot,missed,29,understat
2526,La Liga,2026-05-13 19:30:00,Barcelona,Roony Bardghji,0.0431638695299625,87.69999694824219,30.899999618530273,Open Play,Right Foot,missed,6,understat
2526,La Liga,2026-05-17 17:00:00,Barcelona,Fermín López,0.0485885478556156,85.0,68.4000015258789,Open Play,Right Foot,saved,6,understat
2526,La Liga,2026-05-17 17:00:00,Barcelona,Fermín López,0.0709637627005577,90.1999969482422,63.59999847412109,Open Play,Left Foot,missed,15,understat
2526,La Liga,2026-05-17 17:00:00,Barcelona,Fermín López,0.0961710214614868,88.0,63.4000015258789,Open Play,Left Foot,saved,44,understat
2526,La Liga,2026-05-17 17:00:00,Barcelona,Gerard Martín,0.0399450398981571,87.9000015258789,47.599998474121094,From Corner,,saved,92,understat
2526,La Liga,2026-05-17 17:00:00,Barcelona,João Cancelo,0.0502965450286865,78.69999694824219,47.099998474121094,Open Play,Right Foot,missed,49,understat
2526,La Liga,2026-05-17 17:00:00,Barcelona,João Cancelo,0.0337940379977226,76.19999694824219,52.599998474121094,Open Play,Right Foot,goal,73,understat
2526,La Liga,2026-05-17 17:00:00,Barcelona,Jules Koundé,0.0632697939872741,96.0,27.39999961853027,Open Play,Right Foot,saved,91,understat
2526,La Liga,2026-05-17 17:00:00,Barcelona,Raphinha,0.0329378433525562,83.69999694824219,30.600000381469727,Open Play,Left Foot,saved,3,understat
2526,La Liga,2026-05-17 17:00:00,Barcelona,Raphinha,0.2931850254535675,90.5,33.29999923706054,Open Play,Right Foot,saved,17,understat
2526,La Liga,2026-05-17 17:00:00,Barcelona,Raphinha,0.072460226714611,80.0999984741211,28.799999237060547,Direct Freekick,Left Foot,goal,27,understat
2526,La Liga,2026-05-17 17:00:00,Barcelona,Raphinha,0.127571627497673,91.09999847412108,29.60000038146972,Open Play,Right Foot,missed,56,understat
2526,La Liga,2026-05-17 17:00:00,Barcelona,Raphinha,0.3855436146259308,85.5,54.50000000000001,Open Play,Left Foot,goal,61,understat
2526,La Liga,2026-05-17 17:00:00,Barcelona,Robert Lewandowski,0.1381061971187591,86.80000305175781,56.49999999999999,Open Play,Left Foot,missed,82,understat
2526,La Liga,2026-05-17 17:00:00,Barcelona,Roony Bardghji,0.0653425008058548,84.0,34.4000015258789,Open Play,Left Foot,blocked,80,understat
2526,La Liga,2026-05-17 17:00:00,Barcelona,Álex Balde,0.0812860652804374,94.59999847412108,67.9000015258789,Open Play,Left Foot,missed,88,understat
2526,La Liga,2026-05-17 17:00:00,Real Betis,Abdessamad Ezzalzouli,0.0680244043469429,78.0999984741211,67.69999694824219,Open Play,Right Foot,saved,35,understat
2526,La Liga,2026-05-17 17:00:00,Real Betis,Antony,0.0289128962904214,79.0,35.9000015258789,From Corner,Left Foot,blocked,42,understat
2526,La Liga,2026-05-17 17:00:00,Real Betis,Antony,0.0206727087497711,78.69999694824219,32.20000076293945,Open Play,Left Foot,missed,72,understat
2526,La Liga,2026-05-17 17:00:00,Real Betis,Héctor Bellerín,0.0760744661092758,86.0999984741211,39.70000076293945,Open Play,Left Foot,blocked,90,understat
2526,La Liga,2026-05-17 17:00:00,Real Betis,Isco,0.7432776093482971,88.5,50.0,,Right Foot,goal,68,understat
2526,La Liga,2026-05-17 17:00:00,Real Betis,Nelson Deossa,0.0144601203501224,72.5999984741211,28.000000000000004,Open Play,Left Foot,blocked,52,understat
2526,La Liga,2026-05-17 17:00:00,Real Betis,Sofyan Amrabat,0.0340549387037754,87.80000305175781,28.39999961853027,Open Play,Right Foot,missed,45,understat
2526,La Liga,2026-05-23 19:00:00,Barcelona,Andreas Christensen,0.1018929705023765,97.0,57.599998474121094,From Corner,Right Foot,saved,84,understat
2526,La Liga,2026-05-23 19:00:00,Barcelona,Andreas Christensen,0.0357205159962177,87.5,41.79999923706055,Open Play,,saved,94,understat
2526,La Liga,2026-05-23 19:00:00,Barcelona,Dani Olmo,0.0278841517865657,77.4000015258789,42.599998474121094,Open Play,Right Foot,blocked,22,understat
2526,La Liga,2026-05-23 19:00:00,Barcelona,Eric Garcia,0.0201554000377655,92.6999969482422,31.79999923706054,Open Play,Left Foot,blocked,18,understat
2526,La Liga,2026-05-23 19:00:00,Barcelona,Ferrán Torres,0.0299394242465496,82.19999694824219,29.10000038146972,Open Play,Right Foot,saved,24,understat
2526,La Liga,2026-05-23 19:00:00,Barcelona,Ferrán Torres,0.0626328736543655,88.0999984741211,40.700000762939446,Open Play,Right Foot,missed,60,understat
2526,La Liga,2026-05-23 19:00:00,Barcelona,Robert Lewandowski,0.0755363926291465,95.90000152587892,55.900001525878906,From Corner,,post,44,understat
2526,La Liga,2026-05-23 19:00:00,Barcelona,Robert Lewandowski,0.575005292892456,92.0,55.50000000000001,Open Play,Left Foot,goal,60,understat
2526,La Liga,2026-05-23 19:00:00,Barcelona,Ronald Araújo,0.0153340445831418,88.0999984741211,45.20000076293945,From Corner,,missed,4,understat
2526,La Liga,2026-05-23 19:00:00,Barcelona,Xavi Espart,0.02841611020267,80.19999694824219,33.09999847412109,Open Play,Right Foot,missed,66,understat
2526,La Liga,2026-05-23 19:00:00,Barcelona,Álex Balde,0.3568593859672546,95.0,64.30000305175781,Open Play,Left Foot,missed,20,understat
2526,La Liga,2026-05-23 19:00:00,Valencia,César Tárrega,0.0292206816375255,90.0,52.29999923706055,From Corner,,missed,37,understat
2526,La Liga,2026-05-23 19:00:00,Valencia,Diego López,0.3099613189697265,88.69999694824219,28.799999237060547,Open Play,Right Foot,missed,5,understat
2526,La Liga,2026-05-23 19:00:00,Valencia,Diego López,0.0375887975096702,89.5999984741211,60.599998474121094,Open Play,,missed,10,understat
2526,La Liga,2026-05-23 19:00:00,Valencia,Diego López,0.1247105523943901,86.30000305175781,45.0,Open Play,Right Foot,blocked,27,understat
2526,La Liga,2026-05-23 19:00:00,Valencia,Filip Ugrinic,0.0249095894396305,77.0,44.09999847412109,From Corner,Right Foot,saved,28,understat
2526,La Liga,2026-05-23 19:00:00,Valencia,Guido Rodríguez,0.0649331957101821,80.9000015258789,53.400001525878906,Open Play,Right Foot,goal,96,understat
2526,La Liga,2026-05-23 19:00:00,Valencia,Hugo Duro,0.5078275203704834,93.6999969482422,49.79999923706055,Open Play,,missed,17,understat
2526,La Liga,2026-05-23 19:00:00,Valencia,Javier Guerra,0.013904427178204,77.5,32.5,From Corner,Right Foot,missed,49,understat
2526,La Liga,2026-05-23 19:00:00,Valencia,Javier Guerra,0.0584836229681968,84.19999694824219,54.099998474121094,Open Play,Left Foot,goal,65,understat
2526,La Liga,2026-05-23 19:00:00,Valencia,Javier Guerra,0.1295375376939773,89.69999694824219,52.70000076293946,Open Play,Right Foot,blocked,70,understat
2526,La Liga,2026-05-23 19:00:00,Valencia,Largie Ramazani,0.014550250954926,80.19999694824219,76.19999694824219,Set Piece,Right Foot,saved,69,understat
2526,La Liga,2026-05-23 19:00:00,Valencia,Largie Ramazani,0.0629653260111808,80.5,74.80000305175781,Direct Freekick,Right Foot,missed,80,understat
2526,La Liga,2026-05-23 19:00:00,Valencia,Luis Rioja,0.0679619684815406,95.5999984741211,34.29999923706054,Open Play,Left Foot,blocked,10,understat
2526,La Liga,2026-05-23 19:00:00,Valencia,Luis Rioja,0.0979993641376495,84.69999694824219,34.200000762939446,Open Play,Left Foot,blocked,46,understat
2526,La Liga,2026-05-23 19:00:00,Valencia,Luis Rioja,0.0954446345567703,86.69999694824219,49.4000015258789,Open Play,Left Foot,goal,70,understat
2526,La Liga,2026-05-23 19:00:00,Valencia,Unai Núñez,0.0178327802568674,75.69999694824219,44.0,Open Play,Left Foot,missed,10,understat
2526,La Liga,2026-05-23 19:00:00,Valencia,Unai Núñez,0.0242280960083007,80.69999694824219,51.09999847412109,From Corner,,saved,49,understat
2526,La Liga,2026-05-23 19:00:00,Valencia,Unai Núñez,0.1157498136162757,92.80000305175781,53.79999923706055,From Corner,,missed,54,understat
2526,La Liga,2026-05-23 19:00:00,Valencia,Unai Núñez,0.0529481656849384,87.9000015258789,51.20000076293946,Set Piece,Right Foot,missed,62,understat
2425,Champions League,2024-09-19,Barcelona,Raphinha,0.046057339757681,21.5,70.9,free-kick,left-foot,missed,90,sofascore
2425,Champions League,2024-09-19,AS Monaco,Folarin Balogun,0.026167770847678,13.5,57.7,set-piece,right-foot,blocked,90,sofascore
2425,Champions League,2024-09-19,AS Monaco,Folarin Balogun,0.05196787789464,7.1,31.9,assisted,left-foot,saved,81,sofascore
2425,Champions League,2024-09-19,AS Monaco,George Ilenikhena,0.056940156966448,19.7,53.4,assisted,left-foot,missed,80,sofascore
2425,Champions League,2024-09-19,AS Monaco,George Ilenikhena,0.3860938847065,12.5,39.7,fast-break,left-foot,goal,71,sofascore
2425,Champions League,2024-09-19,AS Monaco,Takumi Minamino,0.046178817749023,13.4,39.5,corner,left-foot,blocked,65,sofascore
2425,Champions League,2024-09-19,AS Monaco,Thilo Kehrer,0.071167230606079,6.9,56.9,corner,right-foot,blocked,65,sofascore
2425,Champions League,2024-09-19,Barcelona,Lamine Yamal,0.16671647131443,11.6,41.8,assisted,left-foot,missed,62,sofascore
2425,Champions League,2024-09-19,AS Monaco,Vanderson,0.014598195441067,26.1,37.1,assisted,right-foot,saved,57,sofascore
2425,Champions League,2024-09-19,AS Monaco,Wilfried Singo,0.034641943871975,15.0,72.7,regular,right-foot,blocked,47,sofascore
2425,Champions League,2024-09-19,AS Monaco,Mohammed Salisu,0.050132252275944,8.9,47.3,corner,head,saved,45,sofascore
2425,Champions League,2024-09-19,AS Monaco,Takumi Minamino,0.067601129412651,14.1,44.1,assisted,right-foot,blocked,45,sofascore
2425,Champions League,2024-09-19,AS Monaco,Eliesse Ben Seghir,0.019059238955379,11.5,22.4,assisted,right-foot,missed,41,sofascore
2425,Champions League,2024-09-19,AS Monaco,Takumi Minamino,0.022807454690337,9.2,74.1,assisted,right-foot,missed,38,sofascore
2425,Champions League,2024-09-19,Barcelona,Alejandro Balde,0.16388460993767,11.8,46.7,assisted,right-foot,missed,31,sofascore
2425,Champions League,2024-09-19,Barcelona,Lamine Yamal,0.0308987647295,18.8,61.5,assisted,left-foot,goal,28,sofascore
2425,Champions League,2024-09-19,AS Monaco,Breel Embolo,0.07922238856554,9.7,53.8,assisted,left-foot,saved,27,sofascore
2425,Champions League,2024-09-19,AS Monaco,Lamine Camara,0.023773171007633,26.8,53.3,assisted,right-foot,missed,21,sofascore
2425,Champions League,2024-09-19,AS Monaco,Maghnes Akliouche,0.086313061416149,13.9,60.7,assisted,left-foot,goal,16,sofascore
2425,Champions League,2024-09-19,AS Monaco,Breel Embolo,0.14325051009655,8.3,53.4,regular,left-foot,saved,14,sofascore
2425,Champions League,2024-09-19,AS Monaco,Lamine Camara,0.097176499664783,20.6,41.0,free-kick,right-foot,blocked,12,sofascore
2425,Champions League,2024-09-19,AS Monaco,Eliesse Ben Seghir,0.044507514685392,13.5,29.3,fast-break,right-foot,saved,7,sofascore
2425,Champions League,2024-10-01,BSC Young Boys,Silvère Ganvoula,0.38795354962349,9.1,65.2,fast-break,right-foot,saved,90,sofascore
2425,Champions League,2024-10-01,Barcelona,Raphinha,0.13540241122246,12.7,57.6,assisted,left-foot,missed,90,sofascore
2425,Champions League,2024-10-01,Barcelona,Mohamed Camara,,7.5,43.4,regular,right-foot,goal,81,sofascore
2425,Champions League,2024-10-01,Barcelona,Robert Lewandowski,0.087680414319038,8.3,59.6,assisted,right-foot,blocked,72,sofascore
2425,Champions League,2024-10-01,Barcelona,Raphinha,0.022250896319747,24.2,54.0,assisted,left-foot,blocked,69,sofascore
2425,Champions League,2024-10-01,BSC Young Boys,Jaouen Hadjam,0.051084447652102,9.2,30.1,regular,left-foot,blocked,67,sofascore
2425,Champions League,2024-10-01,BSC Young Boys,Joël Monteiro,0.23656462132931,8.2,57.7,assisted,left-foot,post,67,sofascore
2425,Champions League,2024-10-01,Barcelona,Jules Koundé,0.023150730878115,19.8,42.4,set-piece,left-foot,blocked,62,sofascore
2425,Champions League,2024-10-01,Barcelona,Robert Lewandowski,0.13166759908199,13.9,43.5,regular,right-foot,blocked,57,sofascore
2425,Champions League,2024-10-01,Barcelona,Raphinha,0.042116496711969,25.2,56.9,regular,right-foot,missed,53,sofascore
2425,Champions League,2024-10-01,Barcelona,Robert Lewandowski,0.79434204101562,1.6,49.2,corner,head,goal,51,sofascore
2425,Champions League,2024-10-01,Barcelona,Iñigo Martínez,0.12938894331455,2.3,41.8,corner,head,missed,51,sofascore
2425,Champions League,2024-10-01,Barcelona,Robert Lewandowski,0.043586764484644,18.1,58.1,assisted,left-foot,blocked,48,sofascore
2425,Champions League,2024-10-01,Barcelona,Raphinha,0.029030684381723,11.4,67.3,throw-in-set-piece,left-foot,blocked,45,sofascore
2425,Champions League,2024-10-01,Barcelona,Lamine Yamal,0.02561148814857,26.3,54.3,set-piece,left-foot,saved,41,sofascore
2425,Champions League,2024-10-01,Barcelona,Ferran Torres,0.50867605209351,8.4,59.1,assisted,right-foot,saved,39,sofascore
2425,Champions League,2024-10-01,Barcelona,Iñigo Martínez,0.1144871711731,7.6,49.6,set-piece,head,goal,37,sofascore
2425,Champions League,2024-10-01,Barcelona,Raphinha,0.11387956887484,6.3,55.9,corner,left-foot,goal,34,sofascore
2425,Champions League,2024-10-01,Barcelona,Pedri,0.16173653304577,11.7,57.8,corner,left-foot,blocked,34,sofascore
2425,Champions League,2024-10-01,BSC Young Boys,Ebrima Colley,0.090652488172054,7.7,34.4,assisted,left-foot,missed,30,sofascore
2425,Champions League,2024-10-01,Barcelona,Ferran Torres,0.067061446607113,3.9,60.2,corner,right-foot,blocked,29,sofascore
2425,Champions League,2024-10-01,Barcelona,Ferran Torres,0.079920262098312,13.3,37.9,assisted,right-foot,saved,26,sofascore
2425,Champions League,2024-10-01,Barcelona,Jules Koundé,0.027946328744292,23.9,68.2,regular,right-foot,missed,17,sofascore
2425,Champions League,2024-10-01,BSC Young Boys,Joël Monteiro,0.02577443793416,20.2,69.6,assisted,right-foot,missed,14,sofascore
2425,Champions League,2024-10-01,Barcelona,Robert Lewandowski,0.92511069774628,3.0,48.2,assisted,left-foot,goal,8,sofascore
2425,Champions League,2024-10-01,Barcelona,Raphinha,0.14725311100483,9.5,66.7,assisted,right-foot,missed,8,sofascore
2425,Champions League,2024-10-01,Barcelona,Lamine Yamal,0.029351467266679,19.5,67.9,assisted,left-foot,saved,4,sofascore
2425,Champions League,2024-10-23,Bayern München,Jamal Musiala,0.012852175161242,21.1,36.3,corner,right-foot,blocked,88,sofascore
2425,Champions League,2024-10-23,Barcelona,Frenkie de Jong,0.19050949811935,6.2,51.9,corner,right-foot,blocked,80,sofascore
2425,Champions League,2024-10-23,Barcelona,Robert Lewandowski,0.030996151268482,13.4,67.1,corner,right-foot,missed,80,sofascore
2425,Champions League,2024-10-23,Barcelona,Frenkie de Jong,0.22246707975864,6.2,52.4,corner,right-foot,blocked,80,sofascore
2425,Champions League,2024-10-23,Barcelona,Pau Cubarsí,0.019246401265264,8.0,65.6,corner,right-foot,blocked,80,sofascore
2425,Champions League,2024-10-23,Barcelona,Lamine Yamal,0.051190972328186,22.6,58.9,fast-break,left-foot,blocked,78,sofascore
2425,Champions League,2024-10-23,Bayern München,Jamal Musiala,0.059814531356096,19.7,51.3,assisted,right-foot,blocked,72,sofascore
2425,Champions League,2024-10-23,Bayern München,Kingsley Coman,0.11493586748838,15.0,46.2,assisted,right-foot,missed,66,sofascore
2425,Champions League,2024-10-23,Barcelona,Alejandro Balde,0.018311152234674,11.0,26.8,assisted,left-foot,blocked,62,sofascore
2425,Champions League,2024-10-23,Bayern München,Joshua Kimmich,0.0079220505431294,51.5,49.3,regular,right-foot,missed,58,sofascore
2425,Champions League,2024-10-23,Barcelona,Raphinha,0.069426856935024,16.1,35.2,fast-break,left-foot,goal,56,sofascore
2425,Champions League,2024-10-23,Bayern München,João Palhinha,0.0899902805686,12.0,49.9,regular,left-foot,missed,50,sofascore
2425,Champions League,2024-10-23,Bayern München,Michael Olise,0.039103161543608,13.0,69.3,assisted,left-foot,blocked,50,sofascore
2425,Champions League,2024-10-23,Barcelona,Raphinha,0.034135263413191,14.3,35.8,assisted,right-foot,goal,45,sofascore
2425,Champions League,2024-10-23,Barcelona,Robert Lewandowski,0.7003145813942,11.4,48.9,assisted,right-foot,goal,36,sofascore
2425,Champions League,2024-10-23,Barcelona,Iñigo Martínez,0.054309371858835,4.6,39.1,corner,left-foot,missed,29,sofascore
2425,Champions League,2024-10-23,Barcelona,Robert Lewandowski,0.057620923966169,20.2,56.7,assisted,right-foot,missed,25,sofascore
2425,Champions League,2024-10-23,Bayern München,Michael Olise,0.071134172379971,21.8,53.3,fast-break,left-foot,blocked,23,sofascore
2425,Champions League,2024-10-23,Bayern München,Harry Kane,0.4552361369133,6.5,54.0,assisted,right-foot,goal,18,sofascore
2425,Champions League,2024-10-23,Bayern München,Serge Gnabry,0.030625833198428,12.7,26.5,assisted,left-foot,saved,17,sofascore
2425,Champions League,2024-10-23,Bayern München,Harry Kane,0.014511515386403,12.8,39.5,assisted,head,missed,16,sofascore
2425,Champions League,2024-10-23,Bayern München,Harry Kane,0.13719110190868,19.1,51.3,assisted,right-foot,saved,8,sofascore
2425,Champions League,2024-10-23,Barcelona,Raphinha,0.78460657596588,6.7,40.3,assisted,left-foot,goal,1,sofascore
2425,Champions League,2024-11-06,Barcelona,Gavi,0.024519123136997,9.1,57.3,corner,head,missed,90,sofascore
2425,Champions League,2024-11-06,Barcelona,Fermín López,0.20608448982239,11.9,35.4,assisted,left-foot,saved,90,sofascore
2425,Champions League,2024-11-06,Barcelona,Fermín López,0.02183566428721,12.9,26.1,assisted,right-foot,post,85,sofascore
2425,Champions League,2024-11-06,FK Crvena Zvezda,Milson,0.054606638848782,12.5,34.2,assisted,right-foot,goal,84,sofascore
2425,Champions League,2024-11-06,FK Crvena Zvezda,Milson,0.023342866450548,15.4,34.6,assisted,right-foot,blocked,80,sofascore
2425,Champions League,2024-11-06,Barcelona,Fermín López,0.12870116531849,10.9,55.7,assisted,right-foot,goal,76,sofascore
2425,Champions League,2024-11-06,Barcelona,Raphinha,0.10594447702169,19.0,50.8,assisted,left-foot,goal,55,sofascore
2425,Champions League,2024-11-06,Barcelona,Robert Lewandowski,0.90641003847122,2.7,47.8,assisted,right-foot,goal,53,sofascore
2425,Champions League,2024-11-06,Barcelona,Robert Lewandowski,0.30006545782089,8.7,49.9,assisted,right-foot,missed,50,sofascore
2425,Champions League,2024-11-06,Barcelona,Robert Lewandowski,0.03818691521883,8.2,41.3,assisted,head,saved,48,sofascore
2425,Champions League,2024-11-06,Barcelona,Pedri,0.10701719671488,10.7,65.5,regular,left-foot,missed,47,sofascore
2425,Champions League,2024-11-06,FK Crvena Zvezda,Guélor Kanga,0.021945642307401,23.3,66.5,assisted,right-foot,blocked,45,sofascore
2425,Champions League,2024-11-06,Barcelona,Robert Lewandowski,0.78182482719421,3.7,44.9,regular,left-foot,goal,43,sofascore
2425,Champions League,2024-11-06,Barcelona,Raphinha,0.075616247951984,17.9,45.1,assisted,left-foot,post,43,sofascore
2425,Champions League,2024-11-06,Barcelona,Lamine Yamal,0.01649833843112,19.8,70.3,assisted,left-foot,saved,40,sofascore
2425,Champions League,2024-11-06,Barcelona,Lamine Yamal,0.044008657336235,26.0,55.0,assisted,left-foot,blocked,36,sofascore
2425,Champions League,2024-11-06,FK Crvena Zvezda,Silas,0.10129319131374,15.1,64.4,assisted,right-foot,goal,27,sofascore
2425,Champions League,2024-11-06,Barcelona,Raphinha,0.23884801566601,19.4,39.9,assisted,left-foot,missed,25,sofascore
2425,Champions League,2024-11-06,Barcelona,Lamine Yamal,0.041405249387026,5.9,67.8,assisted,left-foot,missed,21,sofascore
2425,Champions League,2024-11-06,Barcelona,Robert Lewandowski,0.06002002581954,9.3,51.6,assisted,head,missed,21,sofascore
2425,Champions League,2024-11-06,Barcelona,Lamine Yamal,0.010737345553935,25.9,53.8,regular,left-foot,blocked,19,sofascore
2425,Champions League,2024-11-06,Barcelona,Raphinha,0.012233419343829,28.5,54.8,assisted,left-foot,missed,17,sofascore
2425,Champions League,2024-11-06,Barcelona,Iñigo Martínez,0.43298664689064,3.6,55.3,set-piece,head,goal,13,sofascore
2425,Champions League,2024-11-06,Barcelona,Lamine Yamal,0.093244202435017,11.7,56.1,regular,left-foot,saved,8,sofascore
2425,Champions League,2024-11-06,Barcelona,Lamine Yamal,0.039566945284605,19.1,48.8,assisted,left-foot,blocked,1,sofascore
2425,Champions League,2024-11-26,Barcelona,Robert Lewandowski,0.0974250882864,11.9,45.0,assisted,right-foot,goal,90,sofascore
2425,Champions League,2024-11-26,Barcelona,Pablo Torre,0.40609836578369,14.2,47.0,regular,right-foot,missed,85,sofascore
2425,Champions League,2024-11-26,Barcelona,Raphinha,0.056597571820021,14.4,64.5,assisted,left-foot,missed,77,sofascore
2425,Champions League,2024-11-26,Barcelona,Raphinha,0.10791643708944,15.4,46.1,assisted,right-foot,blocked,75,sofascore
2425,Champions League,2024-11-26,Barcelona,Dani Olmo,0.31248718500137,3.9,41.3,assisted,right-foot,goal,66,sofascore
2425,Champions League,2024-11-26,Stade Brestois,Mama Baldé,0.033603131771088,3.8,72.2,regular,right-foot,missed,62,sofascore
2425,Champions League,2024-11-26,Barcelona,Dani Olmo,0.1006902679801,10.1,55.2,regular,left-foot,saved,61,sofascore
2425,Champions League,2024-11-26,Barcelona,Marc Casadó,0.08091663569212,9.1,55.5,set-piece,head,saved,55,sofascore
2425,Champions League,2024-11-26,Barcelona,Raphinha,0.059020172804594,18.9,68.7,free-kick,left-foot,blocked,55,sofascore
2425,Champions League,2024-11-26,Barcelona,Fermín López,0.1595049649477,11.9,35.8,fast-break,left-foot,saved,54,sofascore
2425,Champions League,2024-11-26,Barcelona,Dani Olmo,0.055135697126389,19.7,60.6,assisted,right-foot,blocked,52,sofascore
2425,Champions League,2024-11-26,Barcelona,Raphinha,0.058875381946564,15.0,63.3,assisted,left-foot,blocked,50,sofascore
2425,Champions League,2024-11-26,Barcelona,Fermín López,0.23163659870625,8.0,48.5,corner,head,saved,40,sofascore
2425,Champions League,2024-11-26,Barcelona,Raphinha,0.02154928445816,20.7,69.1,assisted,left-foot,blocked,28,sofascore
2425,Champions League,2024-11-26,Barcelona,Dani Olmo,0.10424867272377,3.2,58.8,assisted,head,blocked,28,sofascore
2425,Champions League,2024-11-26,Barcelona,Fermín López,0.08198332041502,13.4,55.7,assisted,right-foot,missed,23,sofascore
2425,Champions League,2024-11-26,Barcelona,Fermín López,0.089119307696819,7.7,33.0,assisted,right-foot,saved,19,sofascore
2425,Champions League,2024-11-26,Barcelona,Fermín López,0.012072867713869,20.2,27.6,assisted,right-foot,missed,14,sofascore
2425,Champions League,2024-11-26,Barcelona,Robert Lewandowski,0.7884,11.5,50.0,penalty,right-foot,goal,10,sofascore
2425,Champions League,2024-11-26,Barcelona,Raphinha,0.033631570637226,14.7,69.9,assisted,left-foot,blocked,6,sofascore
2425,Champions League,2024-11-26,Stade Brestois,Mahdi Camara,0.03517334535718,14.3,63.5,assisted,right-foot,missed,5,sofascore
2425,Champions League,2024-12-11,Borussia Dortmund,Nico Schlotterbeck,0.23591953516006,6.9,51.3,set-piece,head,missed,90,sofascore
2425,Champions League,2024-12-11,Borussia Dortmund,Jamie Gittens,0.014402986504138,15.5,25.4,assisted,right-foot,missed,90,sofascore
2425,Champions League,2024-12-11,Borussia Dortmund,Felix Nmecha,0.030456241220236,25.0,43.5,assisted,right-foot,blocked,89,sofascore
2425,Champions League,2024-12-11,Barcelona,Ferran Torres,0.17007590830326,11.3,67.2,fast-break,right-foot,goal,85,sofascore
2425,Champions League,2024-12-11,Borussia Dortmund,Pascal Groß,0.028746826574206,22.5,56.2,regular,right-foot,blocked,82,sofascore
2425,Champions League,2024-12-11,Borussia Dortmund,Donyell Malen,0.044542640447617,9.8,65.6,assisted,left-foot,blocked,82,sofascore
2425,Champions League,2024-12-11,Borussia Dortmund,Serhou Guirassy,0.80981373786926,20.4,50.0,fast-break,right-foot,goal,78,sofascore
2425,Champions League,2024-12-11,Borussia Dortmund,Serhou Guirassy,0.30356824398041,6.1,49.3,assisted,head,missed,77,sofascore
2425,Champions League,2024-12-11,Barcelona,Ferran Torres,0.63597005605698,3.5,45.8,regular,left-foot,goal,75,sofascore
2425,Champions League,2024-12-11,Barcelona,Fermín López,0.072085075080395,13.8,44.8,assisted,right-foot,saved,75,sofascore
2425,Champions League,2024-12-11,Barcelona,Robert Lewandowski,0.063955217599869,6.3,64.5,regular,right-foot,blocked,69,sofascore
2425,Champions League,2024-12-11,Barcelona,Dani Olmo,0.13401255011559,14.8,44.2,assisted,right-foot,saved,69,sofascore
2425,Champions League,2024-12-11,Borussia Dortmund,Serhou Guirassy,0.077326394617558,17.6,48.3,assisted,right-foot,missed,62,sofascore
2425,Champions League,2024-12-11,Borussia Dortmund,Serhou Guirassy,0.7884,11.5,50.0,penalty,right-foot,goal,60,sofascore
2425,Champions League,2024-12-11,Barcelona,Raphinha,0.34085363149643,10.5,34.3,assisted,left-foot,goal,53,sofascore
2425,Champions League,2024-12-11,Borussia Dortmund,Serhou Guirassy,0.11507628113031,13.9,45.3,assisted,right-foot,missed,45,sofascore
2425,Champions League,2024-12-11,Barcelona,Jules Koundé,0.11466576904058,13.4,60.0,assisted,right-foot,saved,36,sofascore
2425,Champions League,2024-12-11,Barcelona,Lamine Yamal,0.073253303766251,6.7,69.5,assisted,left-foot,blocked,33,sofascore
2425,Champions League,2024-12-11,Barcelona,Lamine Yamal,0.04327254742384,17.2,66.0,regular,left-foot,saved,20,sofascore
2425,Champions League,2024-12-11,Borussia Dortmund,Marcel Sabitzer,0.20759470760822,8.3,54.3,assisted,right-foot,missed,17,sofascore
2425,Champions League,2024-12-11,Barcelona,Robert Lewandowski,0.016157995909452,24.1,64.7,assisted,right-foot,missed,16,sofascore
2425,Champions League,2024-12-11,Barcelona,Raphinha,0.33546695113182,9.7,42.5,assisted,left-foot,missed,14,sofascore
2425,Champions League,2024-12-11,Barcelona,Lamine Yamal,0.049746356904507,18.1,63.0,assisted,left-foot,saved,11,sofascore
2425,Champions League,2024-12-11,Barcelona,Lamine Yamal,0.034711379557848,22.7,62.7,corner,left-foot,missed,6,sofascore
2425,Champions League,2024-12-11,Borussia Dortmund,Felix Nmecha,0.075055487453938,4.2,59.3,corner,head,missed,1,sofascore
2425,Champions League,2025-01-21,Barcelona,Raphinha,0.26613828539848,11.8,55.7,fast-break,left-foot,goal,90,sofascore
2425,Champions League,2025-01-21,Barcelona,Robert Lewandowski,0.0090018678456545,18.5,35.4,set-piece,right-foot,blocked,90,sofascore
2425,Champions League,2025-01-21,Barcelona,Raphinha,0.054688602685928,25.2,59.0,free-kick,left-foot,missed,90,sofascore
2425,Champions League,2025-01-21,Benfica,Ángel Di María,0.32921299338341,10.8,36.0,fast-break,left-foot,saved,89,sofascore
2425,Champions League,2025-01-21,Barcelona,Ronald Araújo,0.051423441618681,8.4,44.3,corner,head,blocked,89,sofascore
2425,Champions League,2025-01-21,Barcelona,Lamine Yamal,0.023874746635556,8.6,65.4,corner,left-foot,blocked,89,sofascore
2425,Champions League,2025-01-21,Barcelona,Raphinha,0.075144961476326,9.8,62.4,assisted,left-foot,blocked,88,sofascore
2425,Champions League,2025-01-21,Barcelona,Eric García,0.317068785429,5.6,50.8,corner,head,goal,86,sofascore
2425,Champions League,2025-01-21,Barcelona,Raphinha,0.0080361291766167,50.8,54.2,regular,left-foot,saved,85,sofascore
2425,Champions League,2025-01-21,Barcelona,Lamine Yamal,0.025220489129424,25.0,68.3,assisted,left-foot,saved,79,sofascore
2425,Champions League,2025-01-21,Barcelona,Robert Lewandowski,0.7884,11.5,50.0,penalty,right-foot,goal,78,sofascore
2425,Champions League,2025-01-21,Benfica,Ronald Araújo,,3.5,45.8,regular,right-foot,goal,68,sofascore
2425,Champions League,2025-01-21,Barcelona,Frenkie de Jong,0.024318279698491,22.3,41.4,assisted,left-foot,blocked,66,sofascore
2425,Champions League,2025-01-21,Barcelona,Raphinha,0.028581310063601,25.4,42.9,regular,head,goal,64,sofascore
2425,Champions League,2025-01-21,Barcelona,Pedri,0.038232751190662,25.1,42.1,assisted,right-foot,saved,64,sofascore
2425,Champions League,2025-01-21,Barcelona,Lamine Yamal,0.099806651473045,18.5,47.2,assisted,left-foot,missed,59,sofascore
2425,Champions League,2025-01-21,Benfica,Fredrik Aursnes,0.19754299521446,14.4,41.7,fast-break,right-foot,blocked,54,sofascore
2425,Champions League,2025-01-21,Benfica,Fredrik Aursnes,0.088292337954044,12.1,60.6,corner,right-foot,saved,52,sofascore
2425,Champions League,2025-01-21,Benfica,Vangelis Pavlidis,0.16169890761375,13.0,43.2,fast-break,left-foot,blocked,51,sofascore
2425,Champions League,2025-01-21,Benfica,Andreas Schjelderup,0.1200492605567,10.1,40.4,fast-break,left-foot,blocked,51,sofascore
2425,Champions League,2025-01-21,Barcelona,Jules Koundé,0.43438929319382,9.4,51.9,assisted,left-foot,saved,49,sofascore
2425,Champions League,2025-01-21,Barcelona,Raphinha,0.21882906556129,10.1,38.7,assisted,left-foot,missed,45,sofascore
2425,Champions League,2025-01-21,Benfica,Andreas Schjelderup,0.026112839579582,19.4,28.2,fast-break,right-foot,blocked,33,sofascore
2425,Champions League,2025-01-21,Benfica,Vangelis Pavlidis,0.7884,11.5,50.0,penalty,right-foot,goal,30,sofascore
2425,Champions League,2025-01-21,Benfica,Vangelis Pavlidis,0.92109972238541,12.6,54.0,regular,right-foot,goal,22,sofascore
2425,Champions League,2025-01-21,Barcelona,Ronald Araújo,0.07423697412014,4.8,39.7,corner,head,missed,22,sofascore
2425,Champions League,2025-01-21,Barcelona,Gavi,0.1963102966547,11.7,45.4,regular,left-foot,saved,20,sofascore
2425,Champions League,2025-01-21,Barcelona,Raphinha,0.013570170849562,26.9,36.2,assisted,left-foot,missed,18,sofascore
2425,Champions League,2025-01-21,Barcelona,Robert Lewandowski,0.7884,11.5,50.0,penalty,right-foot,goal,13,sofascore
2425,Champions League,2025-01-21,Barcelona,Robert Lewandowski,0.077748283743858,9.5,61.3,assisted,right-foot,missed,9,sofascore
2425,Champions League,2025-01-21,Benfica,Fredrik Aursnes,0.52972906827927,9.9,48.1,fast-break,right-foot,missed,6,sofascore
2425,Champions League,2025-01-21,Benfica,Vangelis Pavlidis,0.1831039339304,7.4,47.0,assisted,left-foot,goal,2,sofascore
2425,Champions League,2025-01-21,Barcelona,Lamine Yamal,0.015068402513862,24.7,71.8,assisted,left-foot,saved,2,sofascore
2425,Champions League,2025-01-29,Barcelona,Raphinha,0.039314154535532,26.8,58.1,free-kick,left-foot,missed,90,sofascore
2425,Champions League,2025-01-29,Barcelona,Ferran Torres,0.018975883722305,15.1,40.4,set-piece,right-foot,saved,90,sofascore
2425,Champions League,2025-01-29,Barcelona,Marc Casadó,0.030629033222795,13.3,45.5,set-piece,right-foot,blocked,90,sofascore
2425,Champions League,2025-01-29,Barcelona,Marc Casadó,0.0090655731037259,25.2,42.5,corner,right-foot,missed,87,sofascore
2425,Champions League,2025-01-29,Barcelona,Ferran Torres,0.41153940558434,6.7,48.7,assisted,head,missed,84,sofascore
2425,Champions League,2025-01-29,Atalanta,Nicolò Zaniolo,0.38209304213524,2.5,56.7,assisted,left-foot,missed,81,sofascore
2425,Champions League,2025-01-29,Atalanta,Mario Pašalić,0.36248672008514,7.7,52.8,assisted,right-foot,goal,79,sofascore
2425,Champions League,2025-01-29,Barcelona,Ronald Araújo,0.23358964920044,4.1,43.0,corner,head,goal,72,sofascore
2425,Champions League,2025-01-29,Atalanta,Éderson,0.041067514568567,18.7,45.8,assisted,right-foot,goal,67,sofascore
2425,Champions League,2025-01-29,Barcelona,Raphinha,0.017432255670428,23.7,46.3,corner,left-foot,missed,65,sofascore
2425,Champions League,2025-01-29,Barcelona,Lamine Yamal,0.1448954641819,9.2,34.8,assisted,left-foot,saved,63,sofascore
2425,Champions League,2025-01-29,Barcelona,Robert Lewandowski,0.25777667760849,7.9,46.6,fast-break,right-foot,blocked,60,sofascore
2425,Champions League,2025-01-29,Barcelona,Raphinha,0.039224676787853,18.5,80.3,free-kick,left-foot,saved,54,sofascore
2425,Champions League,2025-01-29,Atalanta,Mario Pašalić,0.23143699765205,16.3,39.7,fast-break,left-foot,saved,50,sofascore
2425,Champions League,2025-01-29,Barcelona,Lamine Yamal,0.04045245051384,18.5,59.1,regular,left-foot,blocked,49,sofascore
2425,Champions League,2025-01-29,Barcelona,Lamine Yamal,0.040494903922081,19.2,66.2,assisted,left-foot,blocked,49,sofascore
2425,Champions League,2025-01-29,Barcelona,Lamine Yamal,0.99375158548355,1.5,50.7,assisted,left-foot,goal,47,sofascore
2425,Champions League,2025-01-29,Atalanta,Marten de Roon,0.038215279579163,21.6,45.0,regular,right-foot,missed,46,sofascore
2425,Champions League,2025-01-29,Barcelona,Raphinha,0.03509858995676,20.4,50.1,assisted,left-foot,saved,45,sofascore
2425,Champions League,2025-01-29,Barcelona,Lamine Yamal,0.046571798622608,13.9,69.6,fast-break,left-foot,saved,27,sofascore
2425,Champions League,2025-01-29,Atalanta,Mateo Retegui,0.027839036658406,12.8,78.7,assisted,right-foot,saved,13,sofascore
2425,Champions League,2025-01-29,Barcelona,Lamine Yamal,0.033087838441133,22.5,62.0,fast-break,left-foot,missed,11,sofascore
2425,Champions League,2025-01-29,Atalanta,Davide Zappacosta,0.040279746055603,7.4,40.7,assisted,head,missed,9,sofascore
2425,Champions League,2025-01-29,Atalanta,Mario Pašalić,0.10757168382406,6.8,52.5,corner,head,missed,7,sofascore
2425,Champions League,2025-03-05,Benfica,Renato Sanches,0.011719742789865,24.6,37.2,regular,right-foot,saved,90,sofascore
2425,Champions League,2025-03-05,Benfica,Arthur Cabral,0.047753781080246,2.5,62.2,corner,right-foot,blocked,89,sofascore
2425,Champions League,2025-03-05,Benfica,Arthur Cabral,0.074944950640202,4.3,58.5,corner,head,blocked,89,sofascore
2425,Champions League,2025-03-05,Benfica,João Rêgo,0.05469024553895,9.7,55.0,corner,right-foot,blocked,88,sofascore
2425,Champions League,2025-03-05,Benfica,Renato Sanches,0.023319976404309,27.9,49.3,corner,right-foot,blocked,88,sofascore
2425,Champions League,2025-03-05,Benfica,Kerem Aktürkoğlu,0.14418785274029,13.3,56.2,assisted,right-foot,saved,77,sofascore
2425,Champions League,2025-03-05,Benfica,Kerem Aktürkoğlu,0.013930469751358,19.8,32.9,corner,right-foot,blocked,75,sofascore
2425,Champions League,2025-03-05,Benfica,Vangelis Pavlidis,0.033314004540443,8.3,29.9,regular,left-foot,blocked,71,sofascore
2425,Champions League,2025-03-05,Benfica,Kerem Aktürkoğlu,0.11788465827703,10.2,50.3,assisted,left-foot,blocked,69,sofascore
2425,Champions League,2025-03-05,Benfica,Fredrik Aursnes,0.037714343518019,13.5,37.0,assisted,right-foot,saved,67,sofascore
2425,Champions League,2025-03-05,Benfica,Orkun Kökçü,0.028948966413736,22.0,40.1,assisted,left-foot,missed,63,sofascore
2425,Champions League,2025-03-05,Barcelona,Raphinha,0.030422236770391,24.3,44.6,regular,left-foot,goal,61,sofascore
2425,Champions League,2025-03-05,Benfica,Andreas Schjelderup,0.052562560886145,15.7,36.8,assisted,right-foot,missed,59,sofascore
2425,Champions League,2025-03-05,Barcelona,Lamine Yamal,0.03732055798173,8.5,68.3,assisted,right-foot,blocked,52,sofascore
2425,Champions League,2025-03-05,Benfica,Fredrik Aursnes,0.1661934107542,14.3,46.9,assisted,right-foot,saved,51,sofascore
2425,Champions League,2025-03-05,Benfica,Vangelis Pavlidis,0.21825590729713,8.2,47.0,regular,left-foot,missed,50,sofascore
2425,Champions League,2025-03-05,Benfica,Orkun Kökçü,0.039504062384367,22.3,52.3,assisted,right-foot,saved,47,sofascore
2425,Champions League,2025-03-05,Barcelona,Raphinha,0.046162664890289,20.0,38.3,assisted,right-foot,missed,44,sofascore
2425,Champions League,2025-03-05,Benfica,Kerem Aktürkoğlu,0.087051473557949,8.3,53.0,assisted,head,saved,43,sofascore
2425,Champions League,2025-03-05,Benfica,Leandro Barreiro,0.063777476549149,9.4,43.5,assisted,left-foot,missed,43,sofascore
2425,Champions League,2025-03-05,Benfica,Vangelis Pavlidis,0.023176074028015,11.6,31.1,assisted,right-foot,blocked,40,sofascore
2425,Champions League,2025-03-05,Barcelona,Raphinha,0.028939330950379,8.8,31.1,assisted,left-foot,blocked,34,sofascore
2425,Champions League,2025-03-05,Benfica,Orkun Kökçü,0.021590951830149,26.0,64.8,corner,right-foot,blocked,30,sofascore
2425,Champions League,2025-03-05,Benfica,Vangelis Pavlidis,0.052774626761675,15.4,57.5,assisted,left-foot,blocked,30,sofascore
2425,Champions League,2025-03-05,Benfica,Vangelis Pavlidis,0.06497199088335,3.8,61.3,set-piece,head,missed,25,sofascore
2425,Champions League,2025-03-05,Benfica,Orkun Kökçü,0.11924087256193,18.3,40.1,free-kick,right-foot,saved,25,sofascore
2425,Champions League,2025-03-05,Benfica,Vangelis Pavlidis,0.063913054764271,11.0,66.4,fast-break,left-foot,missed,16,sofascore
2425,Champions League,2025-03-05,Barcelona,Lamine Yamal,0.35435897111893,4.0,52.6,regular,left-foot,saved,12,sofascore
2425,Champions League,2025-03-05,Barcelona,Robert Lewandowski,0.69453370571136,4.5,52.3,regular,right-foot,saved,12,sofascore
2425,Champions League,2025-03-05,Barcelona,Dani Olmo,0.21780672669411,8.3,47.4,assisted,right-foot,saved,12,sofascore
2425,Champions League,2025-03-05,Barcelona,Pau Cubarsí,0.077124007046223,8.3,50.0,corner,head,saved,9,sofascore
2425,Champions League,2025-03-05,Barcelona,Lamine Yamal,0.039807789027691,17.6,58.7,assisted,left-foot,blocked,7,sofascore
2425,Champions League,2025-03-05,Barcelona,Dani Olmo,0.079918473958969,18.7,50.1,assisted,right-foot,missed,2,sofascore
2425,Champions League,2025-03-05,Benfica,Leandro Barreiro,0.10759746283293,8.0,56.2,assisted,right-foot,missed,2,sofascore
2425,Champions League,2025-03-05,Benfica,Nicolás Otamendi,0.039782308042049,7.7,56.2,corner,head,blocked,1,sofascore
2425,Champions League,2025-03-05,Benfica,Kerem Aktürkoğlu,0.050927344709635,7.9,66.9,assisted,right-foot,saved,1,sofascore
2425,Champions League,2025-03-11,Barcelona,Marc Casadó,0.14917299151421,6.6,46.8,corner,left-foot,missed,88,sofascore
2425,Champions League,2025-03-11,Barcelona,Marc Casadó,0.10355697572231,7.0,46.4,corner,head,blocked,88,sofascore
2425,Champions League,2025-03-11,Barcelona,Gavi,0.042535930871964,10.2,67.1,regular,right-foot,blocked,87,sofascore
2425,Champions League,2025-03-11,Barcelona,Ferran Torres,0.11524188518524,10.7,54.4,regular,left-foot,blocked,87,sofascore
2425,Champions League,2025-03-11,Benfica,Zeki Amdouni,0.14907997846603,5.7,44.0,assisted,head,blocked,86,sofascore
2425,Champions League,2025-03-11,Benfica,Renato Sanches,0.050093207508326,18.1,37.8,assisted,left-foot,missed,80,sofascore
2425,Champions League,2025-03-11,Benfica,Samuel Dahl,0.021013697609305,25.6,51.7,corner,right-foot,missed,78,sofascore
2425,Champions League,2025-03-11,Benfica,António Silva,0.036633528769016,10.1,48.7,corner,head,missed,78,sofascore
2425,Champions League,2025-03-11,Benfica,Leandro Barreiro,0.028813755139709,23.0,58.2,assisted,right-foot,blocked,77,sofascore
2425,Champions League,2025-03-11,Benfica,Samuel Dahl,0.13153986632824,9.8,37.0,assisted,right-foot,blocked,77,sofascore
2425,Champions League,2025-03-11,Barcelona,Ferran Torres,0.075022369623184,24.2,42.4,free-kick,right-foot,missed,74,sofascore
2425,Champions League,2025-03-11,Benfica,Vangelis Pavlidis,0.085440553724766,10.8,42.3,assisted,left-foot,saved,66,sofascore
2425,Champions League,2025-03-11,Barcelona,Frenkie de Jong,0.57820326089859,6.0,47.7,assisted,left-foot,missed,65,sofascore
2425,Champions League,2025-03-11,Barcelona,Lamine Yamal,0.029964143410325,14.2,73.0,assisted,left-foot,missed,53,sofascore
2425,Champions League,2025-03-11,Barcelona,Ronald Araújo,0.079360209405422,1.1,59.7,set-piece,head,missed,49,sofascore
2425,Champions League,2025-03-11,Barcelona,Dani Olmo,0.034209087491035,20.7,45.8,assisted,right-foot,blocked,45,sofascore
2425,Champions League,2025-03-11,Barcelona,Raphinha,0.095104590058327,11.1,38.0,fast-break,left-foot,goal,42,sofascore
2425,Champions League,2025-03-11,Barcelona,Robert Lewandowski,0.10342255234718,11.6,47.2,assisted,left-foot,saved,41,sofascore
2425,Champions League,2025-03-11,Barcelona,Raphinha,0.059814531356096,19.8,51.8,assisted,left-foot,missed,40,sofascore
2425,Champions League,2025-03-11,Barcelona,Lamine Yamal,0.04046031832695,18.9,68.3,set-piece,left-foot,goal,27,sofascore
2425,Champions League,2025-03-11,Barcelona,Lamine Yamal,0.024413177743554,23.8,62.2,assisted,left-foot,missed,24,sofascore
2425,Champions League,2025-03-11,Barcelona,Dani Olmo,0.24824286997318,11.3,41.9,assisted,right-foot,missed,20,sofascore
2425,Champions League,2025-03-11,Benfica,Nicolás Otamendi,0.25746071338654,4.6,52.2,corner,head,goal,13,sofascore
2425,Champions League,2025-03-11,Barcelona,Raphinha,0.40426200628281,6.1,43.8,assisted,left-foot,goal,11,sofascore
2425,Champions League,2025-03-11,Barcelona,Lamine Yamal,0.11092601716518,12.3,60.9,assisted,left-foot,missed,11,sofascore
2425,Champions League,2025-03-11,Barcelona,Robert Lewandowski,0.10227861255407,12.2,51.3,assisted,right-foot,saved,10,sofascore
2425,Champions League,2025-03-11,Barcelona,Lamine Yamal,0.091758228838444,17.6,58.5,fast-break,left-foot,saved,6,sofascore
2425,Champions League,2025-03-11,Barcelona,Pedri,0.027936322614551,27.1,50.3,regular,right-foot,blocked,2,sofascore
2425,Champions League,2025-04-09,Borussia Dortmund,Julian Brandt,0.11903852969408,12.3,42.2,regular,left-foot,blocked,88,sofascore
2425,Champions League,2025-04-09,Borussia Dortmund,Giovanni Reyna,0.26208075881004,10.6,49.4,assisted,right-foot,blocked,88,sofascore
2425,Champions League,2025-04-09,Borussia Dortmund,Serhou Guirassy,0.074396155774593,7.8,46.0,corner,head,missed,84,sofascore
2425,Champions League,2025-04-09,Borussia Dortmund,Ramy Bensebaini,0.020898479968309,6.0,66.3,corner,right-foot,blocked,84,sofascore
2425,Champions League,2025-04-09,Borussia Dortmund,Niklas Süle,0.037634428590536,9.3,59.3,corner,right-foot,saved,83,sofascore
2425,Champions League,2025-04-09,Borussia Dortmund,Giovanni Reyna,0.041159514337778,8.2,31.7,corner,right-foot,blocked,83,sofascore
2425,Champions League,2025-04-09,Barcelona,Lamine Yamal,0.34700912237167,12.8,57.5,fast-break,left-foot,goal,77,sofascore
2425,Champions League,2025-04-09,Borussia Dortmund,Julian Brandt,0.059669110924006,20.3,50.5,assisted,right-foot,blocked,69,sofascore
2425,Champions League,2025-04-09,Barcelona,Robert Lewandowski,0.19058530032635,12.6,55.1,fast-break,right-foot,goal,66,sofascore
2425,Champions League,2025-04-09,Barcelona,Fermín López,0.050820790231228,3.9,33.0,regular,left-foot,missed,65,sofascore
2425,Champions League,2025-04-09,Barcelona,Fermín López,0.20974473655224,11.0,40.9,assisted,right-foot,blocked,65,sofascore
2425,Champions League,2025-04-09,Barcelona,Robert Lewandowski,0.044259462505579,13.3,33.7,regular,left-foot,saved,64,sofascore
2425,Champions League,2025-04-09,Barcelona,Fermín López,0.26174959540367,12.8,54.5,assisted,right-foot,post,63,sofascore
2425,Champions League,2025-04-09,Barcelona,Robert Lewandowski,0.6368060708046,1.9,51.5,assisted,head,goal,48,sofascore
2425,Champions League,2025-04-09,Borussia Dortmund,Jamie Gittens,0.014142683707178,20.8,30.8,assisted,right-foot,missed,47,sofascore
2425,Champions League,2025-04-09,Borussia Dortmund,Serhou Guirassy,0.03980315849185,11.3,69.1,throw-in-set-piece,left-foot,missed,45,sofascore
2425,Champions League,2025-04-09,Barcelona,Fermín López,0.032007575035095,19.5,54.9,assisted,left-foot,saved,44,sofascore
2425,Champions League,2025-04-09,Borussia Dortmund,Jamie Gittens,0.081305086612701,17.5,57.2,regular,left-foot,saved,40,sofascore
2425,Champions League,2025-04-09,Borussia Dortmund,Carney Chukwuemeka,0.10666691511869,7.1,36.8,regular,left-foot,blocked,40,sofascore
2425,Champions League,2025-04-09,Barcelona,Robert Lewandowski,0.14950327575207,10.8,50.7,fast-break,right-foot,saved,40,sofascore
2425,Champions League,2025-04-09,Borussia Dortmund,Serhou Guirassy,0.53055059909821,10.4,49.3,assisted,right-foot,saved,36,sofascore
2425,Champions League,2025-04-09,Barcelona,Raphinha,0.17045307159424,10.5,35.2,fast-break,left-foot,missed,34,sofascore
2425,Champions League,2025-04-09,Borussia Dortmund,Karim Adeyemi,0.059214845299721,13.5,40.1,assisted,left-foot,blocked,34,sofascore
2425,Champions League,2025-04-09,Barcelona,Robert Lewandowski,0.01687715575099,24.1,58.1,regular,right-foot,missed,31,sofascore
2425,Champions League,2025-04-09,Barcelona,Raphinha,0.93669819831848,1.2,53.4,set-piece,right-foot,goal,25,sofascore
2425,Champions League,2025-04-09,Barcelona,Pau Cubarsí,0.13244670629501,6.7,45.2,set-piece,right-foot,saved,25,sofascore
2425,Champions League,2025-04-09,Barcelona,Raphinha,0.0071428157389164,25.4,56.0,corner,left-foot,blocked,16,sofascore
2425,Champions League,2025-04-09,Barcelona,Lamine Yamal,0.029484018683434,23.3,53.1,corner,left-foot,missed,8,sofascore
2425,Champions League,2025-04-09,Barcelona,Robert Lewandowski,0.23453933000565,14.2,52.5,assisted,right-foot,saved,7,sofascore
2425,Champions League,2025-04-09,Barcelona,Lamine Yamal,0.096798658370972,2.3,68.8,assisted,left-foot,missed,6,sofascore
2425,Champions League,2025-04-09,Barcelona,Lamine Yamal,0.11948479712009,11.9,61.5,assisted,left-foot,saved,5,sofascore
2425,Champions League,2025-04-15,Borussia Dortmund,Pascal Groß,0.025099202990532,12.7,66.8,assisted,right-foot,blocked,90,sofascore
2425,Champions League,2025-04-15,Borussia Dortmund,Daniel Svensson,0.037002235651016,10.7,33.2,assisted,left-foot,blocked,85,sofascore
2425,Champions League,2025-04-15,Borussia Dortmund,Serhou Guirassy,0.22472012042999,4.7,47.2,assisted,head,blocked,83,sofascore
2425,Champions League,2025-04-15,Barcelona,Eric García,0.11547867953777,11.1,41.9,corner,left-foot,missed,82,sofascore
2425,Champions League,2025-04-15,Borussia Dortmund,Serhou Guirassy,0.4292925298214,7.0,54.3,regular,left-foot,goal,76,sofascore
2425,Champions League,2025-04-15,Barcelona,Raphinha,0.050815049558878,14.1,59.4,regular,left-foot,saved,73,sofascore
2425,Champions League,2025-04-15,Barcelona,Fermín López,0.14717401564121,13.5,49.9,assisted,right-foot,missed,64,sofascore
2425,Champions League,2025-04-15,Barcelona,Fermín López,0.062220502644777,21.5,43.0,assisted,left-foot,missed,62,sofascore
2425,Champions League,2025-04-15,Borussia Dortmund,Maximilian Beier,0.038424432277679,12.4,67.9,assisted,right-foot,missed,59,sofascore
2425,Champions League,2025-04-15,Barcelona,Ramy Bensebaini,,7.7,56.9,regular,left-foot,goal,54,sofascore
2425,Champions League,2025-04-15,Barcelona,Ronald Araújo,0.042979553341866,9.7,52.8,corner,head,saved,52,sofascore
2425,Champions League,2025-04-15,Barcelona,Lamine Yamal,0.058283481746912,21.9,59.8,assisted,left-foot,blocked,52,sofascore
2425,Champions League,2025-04-15,Borussia Dortmund,Serhou Guirassy,0.67047643661499,1.0,52.6,corner,head,goal,49,sofascore
2425,Champions League,2025-04-15,Borussia Dortmund,Pascal Groß,0.17440612614155,11.1,42.9,assisted,right-foot,saved,48,sofascore
2425,Champions League,2025-04-15,Borussia Dortmund,Karim Adeyemi,0.071099333465099,6.8,33.5,assisted,left-foot,saved,48,sofascore
2425,Champions League,2025-04-15,Borussia Dortmund,Karim Adeyemi,0.013921394012868,15.2,68.5,corner,left-foot,missed,45,sofascore
2425,Champions League,2025-04-15,Borussia Dortmund,Karim Adeyemi,0.042853537946939,8.7,30.5,assisted,left-foot,saved,37,sofascore
2425,Champions League,2025-04-15,Borussia Dortmund,Maximilian Beier,0.20064823329449,7.6,55.8,set-piece,head,saved,29,sofascore
2425,Champions League,2025-04-15,Barcelona,Raphinha,0.016826767474413,9.4,27.8,assisted,left-foot,blocked,21,sofascore
2425,Champions League,2025-04-15,Borussia Dortmund,Ramy Bensebaini,0.047512792050838,6.4,58.6,corner,head,saved,20,sofascore
2425,Champions League,2025-04-15,Borussia Dortmund,Serhou Guirassy,0.7884,11.5,50.0,penalty,right-foot,goal,11,sofascore
2425,Champions League,2025-04-15,Borussia Dortmund,Serhou Guirassy,0.38412728905678,4.5,51.9,assisted,left-foot,missed,6,sofascore
2425,Champions League,2025-04-15,Borussia Dortmund,Karim Adeyemi,0.052626729011536,12.5,34.4,assisted,left-foot,missed,6,sofascore
2425,Champions League,2025-04-15,Borussia Dortmund,Daniel Svensson,0.070027776062489,18.7,55.3,assisted,right-foot,saved,6,sofascore
2425,Champions League,2025-04-15,Borussia Dortmund,Serhou Guirassy,0.52748137712479,4.6,51.4,fast-break,right-foot,saved,5,sofascore
2425,Champions League,2025-04-15,Borussia Dortmund,Maximilian Beier,0.016206953674555,30.5,40.0,regular,right-foot,saved,4,sofascore
2425,Champions League,2025-04-30,Barcelona,Raphinha,0.015606472268701,26.1,33.1,assisted,left-foot,saved,90,sofascore
2425,Champions League,2025-04-30,Barcelona,Lamine Yamal,0.018431408330798,26.9,60.1,assisted,left-foot,blocked,88,sofascore
2425,Champions League,2025-04-30,Barcelona,Lamine Yamal,0.044998437166214,9.5,69.1,assisted,left-foot,post,87,sofascore
2425,Champions League,2025-04-30,Barcelona,Raphinha,0.072546802461147,21.1,64.3,free-kick,left-foot,saved,79,sofascore
2425,Champions League,2025-04-30,Inter,Nicolò Barella,0.026400726288557,23.3,56.1,regular,right-foot,missed,76,sofascore
2425,Champions League,2025-04-30,Barcelona,Raphinha,0.036519192159176,8.3,33.4,assisted,left-foot,blocked,74,sofascore
2425,Champions League,2025-04-30,Inter,Marcus Thuram,0.14400263130665,10.7,34.9,fast-break,left-foot,blocked,71,sofascore
2425,Champions League,2025-04-30,Barcelona,Fermín López,0.061159458011389,14.7,44.3,regular,right-foot,saved,70,sofascore
2425,Champions League,2025-04-30,Barcelona,Yann Sommer,,2.1,50.1,corner,head,goal,65,sofascore
2425,Champions League,2025-04-30,Barcelona,Raphinha,0.02586080506444,23.7,45.7,corner,left-foot,saved,65,sofascore
2425,Champions League,2025-04-30,Inter,Denzel Dumfries,0.071192175149918,7.9,46.0,corner,head,goal,63,sofascore
2425,Champions League,2025-04-30,Barcelona,Lamine Yamal,0.021371994167566,14.8,72.9,assisted,left-foot,saved,57,sofascore
2425,Champions League,2025-04-30,Barcelona,Pedri,0.039902709424496,20.4,58.7,regular,left-foot,missed,55,sofascore
2425,Champions League,2025-04-30,Inter,Federico Dimarco,0.12799102067947,10.0,41.2,regular,right-foot,missed,50,sofascore
2425,Champions League,2025-04-30,Barcelona,Raphinha,0.013714616186917,28.5,56.6,set-piece,left-foot,blocked,43,sofascore
2425,Champions League,2025-04-30,Barcelona,Ferran Torres,0.55698990821838,4.7,51.0,assisted,right-foot,goal,38,sofascore
2425,Champions League,2025-04-30,Barcelona,Dani Olmo,0.097811482846737,17.7,55.7,assisted,right-foot,saved,36,sofascore
2425,Champions League,2025-04-30,Barcelona,Ferran Torres,0.049926564097404,13.2,61.3,assisted,right-foot,blocked,36,sofascore
2425,Champions League,2025-04-30,Barcelona,Dani Olmo,0.091560266911983,13.2,61.1,regular,left-foot,saved,30,sofascore
2425,Champions League,2025-04-30,Barcelona,Lamine Yamal,0.042517893016338,3.0,67.3,assisted,left-foot,post,26,sofascore
2425,Champions League,2025-04-30,Barcelona,Lamine Yamal,0.042501017451286,13.9,65.6,regular,left-foot,goal,24,sofascore
2425,Champions League,2025-04-30,Inter,Denzel Dumfries,0.25410893559456,4.4,51.3,corner,right-foot,goal,21,sofascore
2425,Champions League,2025-04-30,Barcelona,Ferran Torres,0.031534217298031,9.8,32.7,corner,right-foot,missed,19,sofascore
2425,Champions League,2025-04-30,Barcelona,Ferran Torres,0.075920127332211,13.8,54.9,assisted,right-foot,missed,12,sofascore
2425,Champions League,2025-04-30,Inter,Henrikh Mkhitaryan,0.017658287659287,29.7,46.0,regular,right-foot,missed,11,sofascore
2425,Champions League,2025-04-30,Barcelona,Lamine Yamal,0.01733841560781,17.2,80.2,assisted,left-foot,blocked,4,sofascore
2425,Champions League,2025-04-30,Inter,Marcus Thuram,0.20187781751156,8.6,55.2,assisted,right-foot,goal,1,sofascore
2425,Champions League,2025-05-06,Barcelona,Robert Lewandowski,0.076664343476295,7.4,58.7,regular,head,missed,116,sofascore
2425,Champions League,2025-05-06,Barcelona,Lamine Yamal,0.046346709132195,10.3,68.2,regular,right-foot,saved,116,sofascore
2425,Champions League,2025-05-06,Barcelona,Lamine Yamal,0.047000885009766,12.3,68.7,assisted,left-foot,saved,114,sofascore
2425,Champions League,2025-05-06,Barcelona,Lamine Yamal,0.01274485886097,25.6,75.0,assisted,left-foot,missed,110,sofascore
2425,Champions League,2025-05-06,Inter,Davide Frattesi,0.10985303670168,16.7,56.0,regular,left-foot,saved,109,sofascore
2425,Champions League,2025-05-06,Barcelona,Robert Lewandowski,0.40780591964722,2.6,47.4,regular,head,missed,107,sofascore
2425,Champions League,2025-05-06,Barcelona,Hector Fort,0.013204052112997,22.8,69.9,assisted,right-foot,missed,104,sofascore
2425,Champions League,2025-05-06,Inter,Davide Frattesi,0.1501948684454,9.0,61.5,assisted,left-foot,goal,99,sofascore
2425,Champions League,2025-05-06,Barcelona,Lamine Yamal,0.083772093057632,13.4,62.7,assisted,left-foot,saved,90,sofascore
2425,Champions League,2025-05-06,Inter,Francesco Acerbi,0.11115035414696,7.3,56.0,assisted,right-foot,goal,90,sofascore
2425,Champions League,2025-05-06,Barcelona,Lamine Yamal,0.027636313810945,18.7,72.2,fast-break,left-foot,post,90,sofascore
2425,Champions League,2025-05-06,Barcelona,Raphinha,0.12655939161777,9.3,36.2,regular,right-foot,goal,87,sofascore
2425,Champions League,2025-05-06,Barcelona,Raphinha,0.079892195761204,10.4,32.9,assisted,left-foot,saved,87,sofascore
2425,Champions League,2025-05-06,Inter,Davide Frattesi,0.16593696177006,14.7,56.5,assisted,right-foot,blocked,82,sofascore
2425,Champions League,2025-05-06,Barcelona,Lamine Yamal,0.016284860670567,22.5,63.0,regular,left-foot,saved,77,sofascore
2425,Champions League,2025-05-06,Barcelona,Lamine Yamal,0.051459994167089,20.9,54.6,set-piece,left-foot,blocked,70,sofascore
2425,Champions League,2025-05-06,Barcelona,Dani Olmo,0.022251348942518,22.6,35.6,assisted,right-foot,missed,61,sofascore
2425,Champions League,2025-05-06,Barcelona,Dani Olmo,0.48471009731293,4.5,53.4,set-piece,head,goal,60,sofascore
2425,Champions League,2025-05-06,Barcelona,Eric García,0.5282529592514,9.2,55.1,fast-break,left-foot,saved,57,sofascore
2425,Champions League,2025-05-06,Inter,Nicolò Barella,0.025804137811065,19.5,31.5,throw-in-set-piece,right-foot,saved,56,sofascore
2425,Champions League,2025-05-06,Barcelona,Eric García,0.12479505687952,10.7,59.3,assisted,right-foot,goal,54,sofascore
2425,Champions League,2025-05-06,Inter,Hakan Çalhanoğlu,0.7884,11.5,50.0,penalty,right-foot,goal,45,sofascore
2425,Champions League,2025-05-06,Inter,Hakan Çalhanoğlu,0.12649707496166,13.6,59.7,throw-in-set-piece,left-foot,missed,41,sofascore
2425,Champions League,2025-05-06,Inter,Henrikh Mkhitaryan,0.00947046559304,22.8,65.8,throw-in-set-piece,right-foot,missed,38,sofascore
2425,Champions League,2025-05-06,Inter,Nicolò Barella,0.040154047310352,14.4,71.8,regular,right-foot,blocked,37,sofascore
2425,Champions League,2025-05-06,Barcelona,Lamine Yamal,0.08596845716238,9.8,59.1,assisted,right-foot,missed,36,sofascore
2425,Champions League,2025-05-06,Barcelona,Ferran Torres,0.26328203082085,4.3,44.2,assisted,right-foot,missed,34,sofascore
2425,Champions League,2025-05-06,Barcelona,Pedri,0.037628099322319,26.6,52.1,assisted,right-foot,missed,30,sofascore
2425,Champions League,2025-05-06,Barcelona,Dani Olmo,0.052372179925442,11.6,66.9,fast-break,right-foot,blocked,28,sofascore
2425,Champions League,2025-05-06,Barcelona,Dani Olmo,0.21649751067162,3.0,55.8,regular,right-foot,missed,25,sofascore
2425,Champions League,2025-05-06,Inter,Lautaro Martínez,0.64834105968475,11.7,41.7,assisted,right-foot,goal,21,sofascore
2425,Champions League,2025-05-06,Inter,Nicolò Barella,0.016221968457103,10.1,73.6,assisted,left-foot,saved,21,sofascore
2425,Champions League,2025-05-06,Inter,Hakan Çalhanoğlu,0.0072793988510966,20.4,23.3,corner,right-foot,blocked,19,sofascore
2425,Champions League,2025-05-06,Inter,Marcus Thuram,0.043794900178909,16.1,40.1,assisted,right-foot,missed,16,sofascore
2425,Champions League,2025-05-06,Barcelona,Lamine Yamal,0.02161804959178,20.7,63.4,assisted,left-foot,saved,15,sofascore
2526,Champions League,2025-09-18,Newcastle United,Sandro Tonali,0.029489483684301,22.7,37.3,throw-in-set-piece,right-foot,saved,90,sofascore
2526,Champions League,2025-09-18,Newcastle United,Sven Botman,0.062224689871073,12.2,44.2,throw-in-set-piece,right-foot,blocked,90,sofascore
2526,Champions League,2025-09-18,Barcelona,Raphinha,0.031457845121622,14.0,68.7,corner,left-foot,saved,90,sofascore
2526,Champions League,2025-09-18,Barcelona,Ferran Torres,0.041483405977488,24.6,64.2,assisted,right-foot,blocked,90,sofascore
2526,Champions League,2025-09-18,Barcelona,Dani Olmo,0.070786446332932,14.5,51.4,assisted,right-foot,saved,90,sofascore
2526,Champions League,2025-09-18,Newcastle United,Anthony Gordon,0.30440777540207,9.1,44.7,assisted,left-foot,goal,90,sofascore
2526,Champions League,2025-09-18,Barcelona,Fermín López,0.1319395750761,14.1,57.9,fast-break,right-foot,missed,88,sofascore
2526,Champions League,2025-09-18,Newcastle United,Bruno Guimarães,0.050776369869709,18.5,54.4,assisted,left-foot,saved,74,sofascore
2526,Champions League,2025-09-18,Barcelona,Raphinha,0.03951758146286,14.4,66.1,fast-break,left-foot,missed,72,sofascore
2526,Champions League,2025-09-18,Barcelona,Marcus Rashford,0.019904332235456,21.4,64.0,regular,right-foot,goal,67,sofascore
2526,Champions League,2025-09-18,Barcelona,Fermín López,0.034464068710804,26.5,44.3,assisted,right-foot,blocked,60,sofascore
2526,Champions League,2025-09-18,Barcelona,Marcus Rashford,0.039570670574903,11.8,49.4,assisted,head,goal,58,sofascore
2526,Champions League,2025-09-18,Barcelona,Marcus Rashford,0.020503364503384,7.1,28.5,assisted,left-foot,missed,55,sofascore
2526,Champions League,2025-09-18,Newcastle United,Sandro Tonali,0.090308785438538,19.1,58.1,assisted,right-foot,saved,54,sofascore
2526,Champions League,2025-09-18,Barcelona,Marcus Rashford,0.12565231323242,12.0,40.9,regular,right-foot,blocked,50,sofascore
2526,Champions League,2025-09-18,Newcastle United,Harvey Barnes,0.061133045703173,10.5,32.1,assisted,left-foot,blocked,48,sofascore
2526,Champions League,2025-09-18,Newcastle United,Joelinton,0.2116482257843,4.3,50.1,corner,head,missed,48,sofascore
2526,Champions League,2025-09-18,Barcelona,Raphinha,0.060035936534405,26.5,61.6,free-kick,left-foot,missed,40,sofascore
2526,Champions League,2025-09-18,Barcelona,Marcus Rashford,0.083431251347065,4.9,38.3,assisted,left-foot,blocked,38,sofascore
2526,Champions League,2025-09-18,Barcelona,Raphinha,0.073622606694698,3.4,40.3,regular,left-foot,missed,35,sofascore
2526,Champions League,2025-09-18,Barcelona,Robert Lewandowski,0.058781981468201,11.9,65.4,assisted,left-foot,blocked,35,sofascore
2526,Champions League,2025-09-18,Barcelona,Robert Lewandowski,0.052989777177572,16.3,49.8,assisted,right-foot,blocked,35,sofascore
2526,Champions League,2025-09-18,Newcastle United,Harvey Barnes,0.33413177728653,7.6,39.5,fast-break,left-foot,saved,24,sofascore
2526,Champions League,2025-09-18,Newcastle United,Anthony Elanga,0.020069617778063,11.2,73.0,assisted,right-foot,blocked,22,sofascore
2526,Champions League,2025-09-18,Barcelona,Jules Koundé,0.047068115323782,8.8,70.6,assisted,right-foot,missed,18,sofascore
2526,Champions League,2025-09-18,Barcelona,Robert Lewandowski,0.14134871959686,7.7,50.7,assisted,head,saved,18,sofascore
2526,Champions League,2025-09-18,Barcelona,Marcus Rashford,0.043168224394321,11.1,35.1,assisted,right-foot,missed,9,sofascore
2526,Champions League,2025-09-18,Newcastle United,Harvey Barnes,0.053222939372063,9.0,28.7,assisted,right-foot,saved,9,sofascore
2526,Champions League,2025-09-18,Barcelona,Fermín López,0.018697733059525,26.0,63.4,assisted,left-foot,missed,2,sofascore
2526,Champions League,2025-10-01,Paris Saint-Germain,Quentin Ndjantou,0.030362866818905,1.4,28.6,assisted,left-foot,missed,90,sofascore
2526,Champions League,2025-10-01,Paris Saint-Germain,Gonçalo Ramos,0.29698804020882,13.1,40.7,assisted,left-foot,goal,90,sofascore
2526,Champions League,2025-10-01,Paris Saint-Germain,Nuno Mendes,0.022096235305071,11.6,38.0,corner,head,saved,86,sofascore
2526,Champions League,2025-10-01,Paris Saint-Germain,Achraf Hakimi,0.037679079920053,12.0,70.1,assisted,right-foot,blocked,85,sofascore
2526,Champions League,2025-10-01,Paris Saint-Germain,Kang-in Lee,0.096933715045452,14.7,58.2,assisted,left-foot,post,83,sofascore
2526,Champions League,2025-10-01,Barcelona,Lamine Yamal,0.016329845413566,14.9,75.7,assisted,left-foot,missed,80,sofascore
2526,Champions League,2025-10-01,Paris Saint-Germain,Fabián Ruiz,0.08935658633709,18.8,51.7,assisted,left-foot,saved,70,sofascore
2526,Champions League,2025-10-01,Barcelona,Lamine Yamal,0.011546692810953,23.0,57.5,set-piece,left-foot,missed,66,sofascore
2526,Champions League,2025-10-01,Barcelona,Dani Olmo,0.19253666698933,9.8,59.0,regular,right-foot,saved,64,sofascore
2526,Champions League,2025-10-01,Barcelona,Lamine Yamal,0.082357242703438,20.6,64.6,free-kick,left-foot,missed,63,sofascore
2526,Champions League,2025-10-01,Paris Saint-Germain,Senny Mayulu,0.041067514568567,18.5,53.2,assisted,right-foot,blocked,59,sofascore
2526,Champions League,2025-10-01,Paris Saint-Germain,Achraf Hakimi,0.076428234577179,11.0,65.0,assisted,left-foot,blocked,53,sofascore
2526,Champions League,2025-10-01,Paris Saint-Germain,Bradley Barcola,0.037513758987188,10.3,67.4,assisted,right-foot,saved,53,sofascore
2526,Champions League,2025-10-01,Paris Saint-Germain,Ibrahim Mbaye,0.077093198895454,10.4,32.0,assisted,right-foot,saved,52,sofascore
2526,Champions League,2025-10-01,Barcelona,Marcus Rashford,0.082623496651649,15.6,35.2,assisted,left-foot,missed,46,sofascore
2526,Champions League,2025-10-01,Barcelona,Lamine Yamal,0.028521886095405,9.3,68.4,assisted,left-foot,blocked,45,sofascore
2526,Champions League,2025-10-01,Paris Saint-Germain,Bradley Barcola,0.2233052700758,9.0,39.2,assisted,left-foot,missed,42,sofascore
2526,Champions League,2025-10-01,Paris Saint-Germain,Senny Mayulu,0.32750809192657,13.8,47.8,assisted,left-foot,goal,38,sofascore
2526,Champions League,2025-10-01,Barcelona,Dani Olmo,0.019954495131969,46.3,41.5,fast-break,right-foot,missed,38,sofascore
2526,Champions League,2025-10-01,Paris Saint-Germain,Vitinha,0.0099244639277458,22.9,39.4,corner,right-foot,missed,30,sofascore
2526,Champions League,2025-10-01,Paris Saint-Germain,Achraf Hakimi,0.042295694351196,13.2,17.4,free-kick,right-foot,saved,30,sofascore
2526,Champions League,2025-10-01,Paris Saint-Germain,Senny Mayulu,0.05658795684576,21.0,62.4,fast-break,left-foot,blocked,28,sofascore
2526,Champions League,2025-10-01,Barcelona,Marcus Rashford,0.055523090064526,15.0,40.3,corner,left-foot,blocked,28,sofascore
2526,Champions League,2025-10-01,Barcelona,Dani Olmo,0.018032860010862,25.1,59.1,assisted,left-foot,blocked,26,sofascore
2526,Champions League,2025-10-01,Barcelona,Ferran Torres,0.38354563713074,9.9,54.4,assisted,right-foot,goal,19,sofascore
2526,Champions League,2025-10-01,Barcelona,Ferran Torres,0.34093353152275,4.0,66.2,assisted,right-foot,saved,14,sofascore
2526,Champions League,2025-10-01,Paris Saint-Germain,Ilya Zabarnyi,0.20347340404987,4.9,49.9,corner,head,missed,12,sofascore
2526,Champions League,2025-10-01,Barcelona,Ferran Torres,0.035008244216442,8.0,67.1,assisted,right-foot,blocked,2,sofascore
2526,Champions League,2025-10-21,Barcelona,Eric García,0.084169268608093,8.5,65.8,regular,left-foot,missed,83,sofascore
2526,Champions League,2025-10-21,Barcelona,Marcus Rashford,0.03061562217772,20.0,33.2,assisted,right-foot,goal,79,sofascore
2526,Champions League,2025-10-21,Barcelona,Fermín López,0.1155714020133,14.1,47.7,assisted,left-foot,goal,76,sofascore
2526,Champions League,2025-10-21,Barcelona,Marcus Rashford,0.058781981468201,11.9,34.4,assisted,right-foot,goal,74,sofascore
2526,Champions League,2025-10-21,Barcelona,Lamine Yamal,0.079834580421448,9.1,38.9,assisted,left-foot,blocked,72,sofascore
2526,Champions League,2025-10-21,Barcelona,Frenkie de Jong,0.19315508008003,10.0,57.4,assisted,right-foot,blocked,70,sofascore
2526,Champions League,2025-10-21,Barcelona,Lamine Yamal,0.7884,11.5,50.0,penalty,left-foot,goal,68,sofascore
2526,Champions League,2025-10-21,Olympiacos,Ayoub El Kaabi,0.7884,11.5,50.0,penalty,left-foot,goal,53,sofascore
2526,Champions League,2025-10-21,Barcelona,Fermín López,0.063562467694283,8.5,55.2,corner,head,saved,48,sofascore
2526,Champions League,2025-10-21,Barcelona,Fermín López,0.19020082056522,11.7,54.5,assisted,left-foot,goal,39,sofascore
2526,Champions League,2025-10-21,Barcelona,Jules Koundé,0.40181174874306,2.6,49.3,corner,head,missed,33,sofascore
2526,Champions League,2025-10-21,Olympiacos,Lorenzo Pirola,0.070659480988979,8.2,45.6,set-piece,head,missed,28,sofascore
2526,Champions League,2025-10-21,Olympiacos,Gelson Martins,0.022561002522707,3.8,33.8,regular,right-foot,blocked,27,sofascore
2526,Champions League,2025-10-21,Olympiacos,Dani García,0.06195642799139,22.4,49.1,assisted,right-foot,blocked,20,sofascore
2526,Champions League,2025-10-21,Barcelona,Lamine Yamal,0.052407417446375,2.0,66.4,assisted,left-foot,missed,17,sofascore
2526,Champions League,2025-10-21,Barcelona,Marcus Rashford,0.037481673061848,25.6,29.1,free-kick,right-foot,missed,11,sofascore
2526,Champions League,2025-10-21,Barcelona,Fermín López,0.32817286252975,8.9,51.8,assisted,left-foot,goal,7,sofascore
2526,Champions League,2025-10-21,Barcelona,Marcus Rashford,0.15221408009529,8.8,46.9,assisted,right-foot,missed,5,sofascore
2526,Champions League,2025-10-21,Olympiacos,Daniel Podence,0.055690605193377,20.7,56.2,assisted,right-foot,saved,1,sofascore
2526,Champions League,2025-11-05,Barcelona,Robert Lewandowski,0.034873094409704,3.2,66.3,assisted,right-foot,blocked,90,sofascore
2526,Champions League,2025-11-05,Barcelona,Roony Bardghji,0.036368165165186,23.5,51.1,assisted,right-foot,blocked,90,sofascore
2526,Champions League,2025-11-05,Barcelona,Fermín López,0.036953415721655,23.1,51.3,regular,left-foot,missed,89,sofascore
2526,Champions League,2025-11-05,Barcelona,Dani Olmo,0.064019091427326,22.6,55.4,regular,right-foot,missed,88,sofascore
2526,Champions League,2025-11-05,Club Brugge KV,Mamadou Diakhon,0.029964143410325,14.2,27.6,assisted,right-foot,missed,79,sofascore
2526,Champions League,2025-11-05,Barcelona,Christos Tzolis,,8.6,65.6,regular,head,goal,77,sofascore
2526,Champions League,2025-11-05,Barcelona,Lamine Yamal,0.020734000951052,18.5,73.2,assisted,left-foot,missed,76,sofascore
2526,Champions League,2025-11-05,Barcelona,Robert Lewandowski,0.096217535436153,9.5,44.6,assisted,left-foot,blocked,74,sofascore
2526,Champions League,2025-11-05,Barcelona,Lamine Yamal,0.013105584308505,21.2,70.5,regular,left-foot,saved,69,sofascore
2526,Champions League,2025-11-05,Barcelona,Dani Olmo,0.028305573388934,26.4,64.1,assisted,right-foot,blocked,69,sofascore
2526,Champions League,2025-11-05,Barcelona,Marcus Rashford,0.036893967539072,25.9,72.0,free-kick,right-foot,missed,67,sofascore
2526,Champions League,2025-11-05,Club Brugge KV,Carlos Forbs,0.60664123296738,14.7,47.7,assisted,left-foot,goal,63,sofascore
2526,Champions League,2025-11-05,Club Brugge KV,Carlos Forbs,0.41873320937157,8.3,53.8,assisted,left-foot,missed,62,sofascore
2526,Champions League,2025-11-05,Club Brugge KV,Nicolò Tresoldi,0.057057913392782,8.8,39.3,assisted,left-foot,blocked,62,sofascore
2526,Champions League,2025-11-05,Barcelona,Lamine Yamal,0.42129775881767,8.0,57.9,assisted,left-foot,goal,61,sofascore
2526,Champions League,2025-11-05,Barcelona,Eric García,0.014587060548365,29.1,41.1,regular,right-foot,post,59,sofascore
2526,Champions League,2025-11-05,Barcelona,Lamine Yamal,0.38168323040009,13.1,51.4,assisted,left-foot,saved,52,sofascore
2526,Champions League,2025-11-05,Barcelona,Marcus Rashford,0.036534640938044,14.7,38.0,assisted,right-foot,blocked,52,sofascore
2526,Champions League,2025-11-05,Barcelona,Fermín López,0.019378190860152,15.8,68.3,assisted,right-foot,saved,51,sofascore
2526,Champions League,2025-11-05,Club Brugge KV,Christos Tzolis,0.047642201185226,14.4,34.9,assisted,left-foot,blocked,49,sofascore
2526,Champions League,2025-11-05,Club Brugge KV,Joaquin Seys,0.14983665943146,7.7,32.7,assisted,left-foot,saved,49,sofascore
2526,Champions League,2025-11-05,Barcelona,Lamine Yamal,0.011462857946754,20.7,71.8,assisted,left-foot,blocked,45,sofascore
2526,Champions League,2025-11-05,Barcelona,Ferran Torres,0.43172967433929,13.3,62.5,fast-break,right-foot,missed,45,sofascore
2526,Champions League,2025-11-05,Barcelona,Fermín López,0.084689356386662,13.0,47.7,assisted,left-foot,missed,42,sofascore
2526,Champions League,2025-11-05,Barcelona,Marcus Rashford,0.02572688087821,10.0,30.8,assisted,right-foot,saved,38,sofascore
2526,Champions League,2025-11-05,Club Brugge KV,Christos Tzolis,0.032958026975393,14.2,31.1,fast-break,right-foot,saved,34,sofascore
2526,Champions League,2025-11-05,Barcelona,Jules Koundé,0.071162849664688,11.9,68.9,assisted,right-foot,post,27,sofascore
2526,Champions League,2025-11-05,Barcelona,Marcus Rashford,0.015353715978563,28.4,30.7,assisted,right-foot,missed,25,sofascore
2526,Champions League,2025-11-05,Club Brugge KV,Carlos Forbs,0.42454382777214,11.9,62.0,fast-break,left-foot,goal,17,sofascore
2526,Champions League,2025-11-05,Barcelona,Marcus Rashford,0.12533503770828,13.9,40.9,assisted,left-foot,missed,12,sofascore
2526,Champions League,2025-11-05,Barcelona,Fermín López,0.021593822166324,20.0,72.8,regular,left-foot,post,11,sofascore
2526,Champions League,2025-11-05,Barcelona,Ferran Torres,0.37583783268929,9.5,56.7,fast-break,right-foot,goal,8,sofascore
2526,Champions League,2025-11-05,Club Brugge KV,Nicolò Tresoldi,0.45061063766479,9.6,51.8,assisted,right-foot,goal,6,sofascore
2526,Champions League,2025-11-05,Club Brugge KV,Christos Tzolis,0.020317954942584,16.0,31.9,assisted,right-foot,saved,2,sofascore
2526,Champions League,2025-11-25,Barcelona,Andreas Christensen,0.015036216005683,25.4,29.9,assisted,right-foot,missed,90,sofascore
2526,Champions League,2025-11-25,Barcelona,Raphinha,0.044259462505579,13.2,66.6,assisted,left-foot,saved,81,sofascore
2526,Champions League,2025-11-25,Chelsea,Enzo Fernández,0.14943797886372,14.7,54.4,fast-break,right-foot,saved,79,sofascore
2526,Champions League,2025-11-25,Chelsea,Liam Delap,0.23168095946312,10.3,53.0,assisted,right-foot,goal,73,sofascore
2526,Champions League,2025-11-25,Chelsea,Liam Delap,0.03175251558423,12.9,46.1,assisted,head,missed,71,sofascore
2526,Champions League,2025-11-25,Chelsea,Enzo Fernández,0.071028254926205,15.7,58.8,assisted,right-foot,missed,71,sofascore
2526,Champions League,2025-11-25,Chelsea,Wesley Fofana,0.071163430809975,7.3,42.7,corner,right-foot,missed,71,sofascore
2526,Champions League,2025-11-25,Chelsea,Pedro Neto,0.20056222379208,3.0,39.1,fast-break,left-foot,saved,70,sofascore
2526,Champions League,2025-11-25,Chelsea,Estêvão,0.061172533780336,6.4,65.2,assisted,right-foot,goal,55,sofascore
2526,Champions League,2025-11-25,Chelsea,Estêvão,0.067871771752834,9.5,66.8,regular,left-foot,blocked,51,sofascore
2526,Champions League,2025-11-25,Barcelona,Lamine Yamal,0.074201129376888,20.0,52.1,assisted,left-foot,saved,33,sofascore
2526,Champions League,2025-11-25,Chelsea,Reece James,0.020960547029972,21.8,64.6,assisted,right-foot,missed,30,sofascore
2526,Champions League,2025-11-25,Chelsea,Alejandro Garnacho,0.062531270086765,14.4,42.7,assisted,right-foot,blocked,30,sofascore
2526,Champions League,2025-11-25,Chelsea,Jules Koundé,,2.2,49.6,corner,left-foot,goal,27,sofascore
2526,Champions League,2025-11-25,Chelsea,Pedro Neto,0.42972445487976,3.3,52.1,corner,right-foot,saved,27,sofascore
2526,Champions League,2025-11-25,Chelsea,Enzo Fernández,0.14417809247971,12.4,43.0,assisted,right-foot,missed,27,sofascore
2526,Champions League,2025-11-25,Chelsea,Enzo Fernández,0.02879723906517,24.1,48.3,assisted,right-foot,blocked,26,sofascore
2526,Champions League,2025-11-25,Chelsea,Pedro Neto,0.27078884840012,11.0,63.8,assisted,right-foot,missed,24,sofascore
2526,Champions League,2025-11-25,Barcelona,Robert Lewandowski,0.09372515976429,12.1,56.0,assisted,right-foot,blocked,11,sofascore
2526,Champions League,2025-11-25,Chelsea,Reece James,0.048302762210369,21.3,42.7,assisted,right-foot,saved,8,sofascore
2526,Champions League,2025-11-25,Barcelona,Ferran Torres,0.43292939662933,10.5,47.4,assisted,right-foot,missed,6,sofascore
2526,Champions League,2025-12-09,Eintracht Frankfurt,Rasmus Kristensen,0.050094194710255,19.5,52.3,assisted,right-foot,saved,87,sofascore
2526,Champions League,2025-12-09,Barcelona,Ferran Torres,0.042388129979372,18.2,48.7,regular,right-foot,blocked,81,sofascore
2526,Champions League,2025-12-09,Barcelona,Alejandro Balde,0.059998005628586,2.9,31.7,assisted,left-foot,saved,81,sofascore
2526,Champions League,2025-12-09,Barcelona,Ferran Torres,0.067511409521103,18.1,50.3,assisted,right-foot,saved,71,sofascore
2526,Champions League,2025-12-09,Barcelona,Ferran Torres,0.057264644652605,11.6,62.0,assisted,right-foot,missed,69,sofascore
2526,Champions League,2025-12-09,Barcelona,Raphinha,0.03813960775733,23.1,47.2,assisted,left-foot,saved,62,sofascore
2526,Champions League,2025-12-09,Barcelona,Marcus Rashford,0.11700233817101,13.0,42.7,assisted,right-foot,blocked,59,sofascore
2526,Champions League,2025-12-09,Eintracht Frankfurt,Arthur Theate,0.28302764892578,9.5,48.0,set-piece,left-foot,saved,59,sofascore
2526,Champions League,2025-12-09,Barcelona,Jules Koundé,0.1261770427227,7.3,57.5,corner,head,goal,53,sofascore
2526,Champions League,2025-12-09,Barcelona,Lamine Yamal,0.017236895859241,12.2,73.4,assisted,left-foot,blocked,52,sofascore
2526,Champions League,2025-12-09,Barcelona,Pedri,0.053244266659021,14.8,35.0,assisted,right-foot,saved,52,sofascore
2526,Champions League,2025-12-09,Barcelona,Jules Koundé,0.2076141089201,8.0,54.4,assisted,head,goal,50,sofascore
2526,Champions League,2025-12-09,Barcelona,Raphinha,0.16359230875969,12.6,45.4,assisted,left-foot,missed,48,sofascore
2526,Champions League,2025-12-09,Eintracht Frankfurt,Ritsu Doan,0.15429624915123,10.1,59.3,assisted,left-foot,blocked,47,sofascore
2526,Champions League,2025-12-09,Eintracht Frankfurt,Farès Chaïbi,0.019902201369405,25.7,38.9,regular,right-foot,saved,46,sofascore
2526,Champions League,2025-12-09,Barcelona,Robert Lewandowski,0.045284181833267,10.2,52.1,set-piece,head,missed,45,sofascore
2526,Champions League,2025-12-09,Eintracht Frankfurt,Ellyes Skhiri,0.080078363418579,17.8,50.3,assisted,right-foot,missed,45,sofascore
2526,Champions League,2025-12-09,Barcelona,Raphinha,0.028833091259003,20.3,36.0,assisted,left-foot,missed,36,sofascore
2526,Champions League,2025-12-09,Barcelona,Eric García,0.05363841727376,8.2,43.4,regular,head,missed,34,sofascore
2526,Champions League,2025-12-09,Barcelona,Fermín López,0.28526559472084,12.8,51.9,assisted,left-foot,blocked,26,sofascore
2526,Champions League,2025-12-09,Barcelona,Lamine Yamal,0.016956774517894,9.1,71.4,assisted,left-foot,blocked,23,sofascore
2526,Champions League,2025-12-09,Eintracht Frankfurt,Ansgar Knauff,0.16817110776901,12.7,47.0,fast-break,left-foot,goal,21,sofascore
2526,Champions League,2025-12-09,Barcelona,Raphinha,0.0097089810296893,26.8,50.7,corner,left-foot,blocked,14,sofascore
2526,Champions League,2025-12-09,Barcelona,Gerard Martín,0.01643930003047,27.5,37.8,assisted,left-foot,saved,14,sofascore
2526,Champions League,2025-12-09,Barcelona,Robert Lewandowski,0.11150259524584,15.1,51.5,assisted,right-foot,missed,5,sofascore
2526,Champions League,2026-01-21,Barcelona,Raphinha,0.019468136131763,26.9,51.5,assisted,left-foot,saved,89,sofascore
2526,Champions League,2026-01-21,SK Slavia Praha,Lukáš Provod,0.012109064497054,29.3,43.8,regular,left-foot,blocked,87,sofascore
2526,Champions League,2026-01-21,Barcelona,Marcus Rashford,0.049175661057234,12.7,70.3,fast-break,right-foot,saved,81,sofascore
2526,Champions League,2026-01-21,SK Slavia Praha,Ivan Schranz,0.09748736768961,4.6,58.0,assisted,head,missed,76,sofascore
2526,Champions League,2026-01-21,Barcelona,Robert Lewandowski,0.36590367555618,3.4,49.6,assisted,left-foot,goal,70,sofascore
2526,Champions League,2026-01-21,SK Slavia Praha,Lukáš Provod,0.015353715978563,28.2,28.5,assisted,right-foot,missed,68,sofascore
2526,Champions League,2026-01-21,SK Slavia Praha,Ivan Schranz,0.12276937067509,7.1,47.6,assisted,head,blocked,66,sofascore
2526,Champions League,2026-01-21,SK Slavia Praha,Michal Sadílek,0.029471810907125,11.1,40.2,assisted,head,missed,66,sofascore
2526,Champions League,2026-01-21,Barcelona,Dani Olmo,0.048554584383965,18.4,36.2,regular,right-foot,goal,63,sofascore
2526,Champions League,2026-01-21,Barcelona,Robert Lewandowski,0.063397839665413,13.1,35.1,fast-break,left-foot,saved,63,sofascore
2526,Champions League,2026-01-21,SK Slavia Praha,Youssoupha Sanyang,0.14941442012787,9.6,54.6,fast-break,left-foot,missed,59,sofascore
2526,Champions League,2026-01-21,Barcelona,Roony Bardghji,0.049578066915274,15.4,64.4,regular,left-foot,saved,55,sofascore
2526,Champions League,2026-01-21,SK Slavia Praha,Lukáš Provod,0.020305121317506,7.1,30.1,assisted,left-foot,saved,54,sofascore
2526,Champions League,2026-01-21,Barcelona,Raphinha,0.025429649278522,9.4,30.7,assisted,left-foot,missed,52,sofascore
2526,Champions League,2026-01-21,Barcelona,Fermín López,0.049928929656744,22.2,54.8,corner,left-foot,saved,50,sofascore
2526,Champions League,2026-01-21,Barcelona,Pedri,0.018728777766228,22.7,42.8,corner,left-foot,blocked,50,sofascore
2526,Champions League,2026-01-21,Barcelona,Pedri,0.098185434937477,14.0,40.6,assisted,left-foot,saved,46,sofascore
2526,Champions League,2026-01-21,SK Slavia Praha,Robert Lewandowski,,3.6,53.8,corner,other,goal,44,sofascore
2526,Champions League,2026-01-21,SK Slavia Praha,Štěpán Chaloupek,0.08726304769516,4.2,59.1,corner,head,missed,44,sofascore
2526,Champions League,2026-01-21,Barcelona,Fermín López,0.083897165954113,22.6,47.6,assisted,right-foot,goal,42,sofascore
2526,Champions League,2026-01-21,Barcelona,Fermín López,0.05477386713028,5.5,69.0,assisted,right-foot,goal,34,sofascore
2526,Champions League,2026-01-21,Barcelona,Roony Bardghji,0.019221840426326,21.8,72.6,assisted,left-foot,blocked,32,sofascore
2526,Champions League,2026-01-21,Barcelona,Fermín López,0.017135020345449,20.1,48.8,corner,right-foot,missed,29,sofascore
2526,Champions League,2026-01-21,Barcelona,Eric García,0.022497840225697,28.7,48.1,assisted,right-foot,saved,29,sofascore
2526,Champions League,2026-01-21,SK Slavia Praha,Youssoupha Sanyang,0.016829300671816,28.4,58.9,assisted,right-foot,missed,21,sofascore
2526,Champions League,2026-01-21,SK Slavia Praha,Tomáš Holeš,0.023993019014597,3.2,63.7,corner,right-foot,missed,15,sofascore
2526,Champions League,2026-01-21,Barcelona,Robert Lewandowski,0.063518516719341,9.2,47.4,assisted,head,saved,13,sofascore
2526,Champions League,2026-01-21,Barcelona,Raphinha,0.035367455333471,13.6,45.6,regular,head,blocked,13,sofascore
2526,Champions League,2026-01-21,Barcelona,Robert Lewandowski,0.07416495680809,12.6,55.7,regular,right-foot,missed,13,sofascore
2526,Champions League,2026-01-21,SK Slavia Praha,Vasil Kušej,0.29835709929466,0.59999999999999,45.5,corner,right-foot,goal,10,sofascore
2526,Champions League,2026-01-21,Barcelona,Fermín López,0.28386381268501,11.9,54.8,assisted,left-foot,missed,7,sofascore
2526,Champions League,2026-01-21,SK Slavia Praha,Tomáš Chorý,0.11463184654713,18.1,47.5,set-piece,left-foot,missed,4,sofascore
2526,Champions League,2026-01-21,Barcelona,Robert Lewandowski,0.028635296970606,23.4,68.1,assisted,right-foot,missed,2,sofascore
2526,Champions League,2026-01-28,Barcelona,Marcus Rashford,0.043189994990826,23.7,37.6,assisted,right-foot,blocked,90,sofascore
2526,Champions League,2026-01-28,Barcelona,Lamine Yamal,0.059371124953032,15.4,57.9,regular,left-foot,missed,90,sofascore
2526,Champions League,2026-01-28,Barcelona,Ferran Torres,0.075652435421944,18.4,51.7,assisted,right-foot,blocked,90,sofascore
2526,Champions League,2026-01-28,København,Youssoufa Moukoko,0.012784398160875,19.1,72.6,assisted,left-foot,blocked,88,sofascore
2526,Champions League,2026-01-28,Barcelona,Marcus Rashford,0.039834033697844,21.5,25.0,free-kick,right-foot,goal,85,sofascore
2526,Champions League,2026-01-28,Barcelona,Marcus Rashford,0.033153891563416,19.5,28.6,assisted,right-foot,blocked,83,sofascore
2526,Champions League,2026-01-28,Barcelona,Pau Cubarsí,0.02263043448329,2.4,34.2,corner,left-foot,saved,77,sofascore
2526,Champions League,2026-01-28,Barcelona,Raphinha,0.051407486200333,24.2,56.1,assisted,left-foot,blocked,73,sofascore
2526,Champions League,2026-01-28,Barcelona,Raphinha,0.7884,11.5,50.0,penalty,left-foot,goal,69,sofascore
2526,Champions League,2026-01-28,Barcelona,Fermín López,0.066813841462135,21.6,46.6,assisted,left-foot,saved,63,sofascore
2526,Champions League,2026-01-28,København,Mohamed Elyounoussi,0.1442085057497,18.1,54.8,assisted,right-foot,missed,62,sofascore
2526,Champions League,2026-01-28,Barcelona,Lamine Yamal,0.041897490620613,15.1,73.4,assisted,left-foot,goal,60,sofascore
2526,Champions League,2026-01-28,Barcelona,Lamine Yamal,0.014172879047692,30.5,47.0,regular,left-foot,blocked,58,sofascore
2526,Champions League,2026-01-28,København,Jordan Larsson,0.095466710627079,19.7,55.6,assisted,left-foot,missed,57,sofascore
2526,Champions League,2026-01-28,Barcelona,Fermín López,0.10169801861048,8.8,69.6,assisted,right-foot,missed,51,sofascore
2526,Champions League,2026-01-28,Barcelona,Robert Lewandowski,0.46319583058357,4.9,52.6,assisted,right-foot,goal,48,sofascore
2526,Champions League,2026-01-28,Barcelona,Marc Bernal,0.058207720518112,19.5,53.6,regular,left-foot,saved,47,sofascore
2526,Champions League,2026-01-28,Barcelona,Lamine Yamal,0.035957437008619,7.4,70.9,regular,left-foot,saved,47,sofascore
2526,Champions League,2026-01-28,Barcelona,Robert Lewandowski,0.065255232155323,14.8,53.8,assisted,right-foot,blocked,47,sofascore
2526,Champions League,2026-01-28,København,Jordan Larsson,0.12710610032082,16.3,43.6,fast-break,left-foot,blocked,45,sofascore
2526,Champions League,2026-01-28,Barcelona,Lamine Yamal,0.15536640584469,15.3,56.2,regular,left-foot,saved,37,sofascore
2526,Champions League,2026-01-28,Barcelona,Eric García,0.036062147468328,24.0,50.9,assisted,right-foot,post,34,sofascore
2526,Champions League,2026-01-28,Barcelona,Lamine Yamal,0.031172331422567,8.5,71.1,assisted,left-foot,blocked,34,sofascore
2526,Champions League,2026-01-28,København,Elias Achouri,0.038307294249535,16.1,47.2,set-piece,right-foot,blocked,24,sofascore
2526,Champions League,2026-01-28,Barcelona,Pau Cubarsí,0.031222173944116,3.3,37.8,corner,head,missed,19,sofascore
2526,Champions League,2026-01-28,Barcelona,Robert Lewandowski,0.1743847578764,3.0,43.4,corner,right-foot,saved,15,sofascore
2526,Champions League,2026-01-28,Barcelona,Robert Lewandowski,0.14089561998844,3.0,43.4,corner,right-foot,saved,15,sofascore
2526,Champions League,2026-01-28,Barcelona,Dani Olmo,0.020944993942976,15.9,39.7,corner,right-foot,blocked,12,sofascore
2526,Champions League,2026-01-28,Barcelona,Dani Olmo,0.023857483640313,19.2,28.0,assisted,right-foot,blocked,12,sofascore
2526,Champions League,2026-01-28,Barcelona,Gerard Martín,0.03133100643754,2.6,37.7,corner,left-foot,blocked,12,sofascore
2526,Champions League,2026-01-28,Barcelona,Eric García,0.097047261893749,15.2,53.7,assisted,right-foot,saved,11,sofascore
2526,Champions League,2026-01-28,Barcelona,Robert Lewandowski,0.48175725340843,13.5,42.2,regular,right-foot,saved,10,sofascore
2526,Champions League,2026-01-28,Barcelona,Lamine Yamal,0.0247290302068,20.9,68.9,assisted,left-foot,blocked,7,sofascore
2526,Champions League,2026-01-28,København,Viktor Bjarki Dadason,0.56302887201309,19.3,49.6,assisted,right-foot,goal,4,sofascore
2526,Champions League,2026-03-10,Barcelona,Lamine Yamal,0.7884,11.5,50.0,penalty,left-foot,goal,90,sofascore
2526,Champions League,2026-03-10,Newcastle United,Tino Livramento,0.018989637494087,30.6,52.1,set-piece,right-foot,blocked,90,sofascore
2526,Champions League,2026-03-10,Newcastle United,Harvey Barnes,0.57935851812363,6.4,48.7,assisted,right-foot,goal,86,sofascore
2526,Champions League,2026-03-10,Barcelona,Marcus Rashford,0.040006309747696,17.6,42.5,assisted,right-foot,missed,84,sofascore
2526,Champions League,2026-03-10,Newcastle United,Jacob Ramsey,0.038408067077398,11.6,33.6,corner,left-foot,blocked,80,sofascore
2526,Champions League,2026-03-10,Newcastle United,Harvey Barnes,0.041252296417952,10.9,34.3,assisted,right-foot,blocked,79,sofascore
2526,Champions League,2026-03-10,Newcastle United,Harvey Barnes,0.08251991122961,13.4,34.0,fast-break,right-foot,post,74,sofascore
2526,Champions League,2026-03-10,Newcastle United,Jacob Murphy,0.086953088641167,9.8,58.7,throw-in-set-piece,left-foot,missed,69,sofascore
2526,Champions League,2026-03-10,Barcelona,Robert Lewandowski,0.20142237842083,10.2,40.5,assisted,right-foot,missed,66,sofascore
2526,Champions League,2026-03-10,Newcastle United,Sandro Tonali,0.07386602461338,17.8,51.3,assisted,right-foot,blocked,66,sofascore
2526,Champions League,2026-03-10,Newcastle United,Sandro Tonali,0.04119723290205,20.9,51.1,regular,right-foot,missed,66,sofascore
2526,Champions League,2026-03-10,Barcelona,Ronald Araújo,0.10007059574127,3.0,58.2,corner,head,missed,62,sofascore
2526,Champions League,2026-03-10,Newcastle United,Harvey Barnes,0.021313579753041,15.8,23.2,assisted,right-foot,saved,58,sofascore
2526,Champions League,2026-03-10,Newcastle United,William Osula,0.028416838496923,4.5,29.4,assisted,left-foot,missed,56,sofascore
2526,Champions League,2026-03-10,Newcastle United,Anthony Elanga,0.021976605057716,15.4,69.1,set-piece,right-foot,missed,50,sofascore
2526,Champions League,2026-03-10,Barcelona,Fermín López,0.14518402516842,14.8,45.6,assisted,left-foot,saved,36,sofascore
2526,Champions League,2026-03-10,Barcelona,João Cancelo,0.052646890282631,9.4,31.9,regular,right-foot,blocked,36,sofascore
2526,Champions League,2026-03-10,Newcastle United,Anthony Elanga,0.016064209863544,23.5,71.7,assisted,left-foot,saved,33,sofascore
2526,Champions League,2026-03-10,Newcastle United,William Osula,0.1790826767683,6.3,48.7,regular,head,missed,27,sofascore
2526,Champions League,2026-03-10,Barcelona,Lamine Yamal,0.044676158577204,3.3,65.4,regular,right-foot,missed,23,sofascore
2526,Champions League,2026-03-10,Barcelona,Ronald Araújo,0.068632580339909,15.8,50.9,set-piece,right-foot,missed,20,sofascore
2526,Champions League,2026-03-10,Barcelona,Raphinha,0.028512086719275,14.5,27.3,assisted,left-foot,blocked,13,sofascore
2526,Champions League,2026-03-10,Newcastle United,William Osula,0.044352199882269,4.3,32.9,assisted,left-foot,blocked,6,sofascore
2526,Champions League,2026-03-10,Newcastle United,Sandro Tonali,0.012431199662387,14.2,39.0,corner,head,saved,4,sofascore
2526,Champions League,2026-03-10,Newcastle United,Jacob Ramsey,0.017125226557255,8.9,72.4,assisted,right-foot,blocked,3,sofascore
2526,Champions League,2026-03-18,Newcastle United,Lewis Hall,0.038754168897867,9.1,29.5,assisted,right-foot,saved,90,sofascore
2526,Champions League,2026-03-18,Newcastle United,Harvey Barnes,0.03586820140481,3.8,38.7,corner,head,missed,89,sofascore
2526,Champions League,2026-03-18,Newcastle United,Jacob Ramsey,0.067327313125134,11.3,34.8,throw-in-set-piece,right-foot,blocked,88,sofascore
2526,Champions League,2026-03-18,Barcelona,Lamine Yamal,0.031245194375515,18.4,74.0,assisted,left-foot,saved,86,sofascore
2526,Champions League,2026-03-18,Newcastle United,Harvey Barnes,0.040068786591291,21.5,34.0,fast-break,right-foot,saved,80,sofascore
2526,Champions League,2026-03-18,Barcelona,Lamine Yamal,0.18863615393639,7.3,57.7,assisted,left-foot,saved,79,sofascore
2526,Champions League,2026-03-18,Barcelona,Raphinha,0.49058723449707,13.3,46.6,regular,right-foot,goal,72,sofascore
2526,Champions League,2026-03-18,Barcelona,Ferran Torres,0.15848705172539,14.1,57.9,assisted,right-foot,blocked,69,sofascore
2526,Champions League,2026-03-18,Barcelona,Robert Lewandowski,0.48711055517197,10.9,55.9,assisted,right-foot,goal,61,sofascore
2526,Champions League,2026-03-18,Barcelona,Robert Lewandowski,0.22944419085979,2.6,45.8,corner,head,goal,56,sofascore
2526,Champions League,2026-03-18,Barcelona,Fermín López,0.63614326715469,12.8,46.2,assisted,right-foot,goal,51,sofascore
2526,Champions League,2026-03-18,Barcelona,Raphinha,0.13672024011612,9.2,41.8,assisted,left-foot,saved,50,sofascore
2526,Champions League,2026-03-18,Barcelona,Raphinha,0.043086063116789,7.9,68.9,regular,right-foot,saved,49,sofascore
2526,Champions League,2026-03-18,Barcelona,Lamine Yamal,0.7884,11.5,50.0,penalty,left-foot,goal,45,sofascore
2526,Champions League,2026-03-18,Barcelona,Lamine Yamal,0.34091871976852,7.0,51.5,fast-break,right-foot,missed,45,sofascore
2526,Champions League,2026-03-18,Barcelona,Raphinha,0.070426918566227,13.6,30.1,fast-break,left-foot,saved,45,sofascore
2526,Champions League,2026-03-18,Barcelona,Robert Lewandowski,0.030914863571525,24.3,44.8,assisted,right-foot,saved,43,sofascore
2526,Champions League,2026-03-18,Barcelona,Robert Lewandowski,0.11827227473259,11.4,40.9,assisted,right-foot,blocked,40,sofascore
2526,Champions League,2026-03-18,Newcastle United,Anthony Gordon,0.16408064961433,8.1,57.2,assisted,right-foot,missed,29,sofascore
2526,Champions League,2026-03-18,Newcastle United,Anthony Elanga,0.64581274986267,3.2,53.7,assisted,right-foot,goal,28,sofascore
2526,Champions League,2026-03-18,Barcelona,Ronald Araújo,0.04628312215209,4.1,60.3,corner,head,missed,23,sofascore
2526,Champions League,2026-03-18,Barcelona,Ronald Araújo,0.053973328322172,4.3,60.0,corner,head,blocked,22,sofascore
2526,Champions League,2026-03-18,Barcelona,Marc Bernal,0.25434729456902,5.5,53.6,set-piece,right-foot,goal,18,sofascore
2526,Champions League,2026-03-18,Newcastle United,Anthony Elanga,0.44655448198318,12.7,61.7,assisted,right-foot,goal,15,sofascore
2526,Champions League,2026-03-18,Barcelona,Raphinha,0.18362855911255,12.2,60.5,assisted,left-foot,goal,6,sofascore
2526,Champions League,2026-03-18,Newcastle United,Dan Burn,0.04622345790267,13.3,45.8,corner,right-foot,saved,3,sofascore
2526,Champions League,2026-04-08,Barcelona,Dani Olmo,0.11881361156702,16.0,36.9,fast-break,right-foot,missed,90,sofascore
2526,Champions League,2026-04-08,Barcelona,Lamine Yamal,0.025078115984797,13.9,27.6,corner,left-foot,saved,79,sofascore
2526,Champions League,2026-04-08,Barcelona,João Cancelo,0.045399222522974,3.9,33.4,regular,left-foot,blocked,78,sofascore
2526,Champions League,2026-04-08,Barcelona,Ronald Araújo,0.10987377911806,3.9,42.1,corner,head,missed,74,sofascore
2526,Champions League,2026-04-08,Atlético Madrid,Alexander Sørloth,0.093227349221706,8.7,45.5,assisted,left-foot,goal,70,sofascore
2526,Champions League,2026-04-08,Barcelona,Marcus Rashford,0.035498932003975,12.3,35.2,assisted,right-foot,blocked,61,sofascore
2526,Champions League,2026-04-08,Barcelona,Fermín López,0.01740219257772,28.2,46.2,assisted,right-foot,missed,54,sofascore
2526,Champions League,2026-04-08,Barcelona,Marcus Rashford,0.099096842110157,23.2,48.4,free-kick,right-foot,saved,52,sofascore
2526,Champions League,2026-04-08,Barcelona,Marcus Rashford,0.12718464434147,4.3,27.2,assisted,left-foot,missed,50,sofascore
2526,Champions League,2026-04-08,Barcelona,Robert Lewandowski,0.043330136686563,14.1,38.5,assisted,right-foot,saved,45,sofascore
2526,Champions League,2026-04-08,Atlético Madrid,Julián Alvarez,0.0787273645401,23.8,51.6,free-kick,right-foot,goal,45,sofascore
2526,Champions League,2026-04-08,Barcelona,Lamine Yamal,0.045894369482994,18.2,55.4,regular,right-foot,missed,38,sofascore
2526,Champions League,2026-04-08,Barcelona,Gerard Martín,0.017573211342096,29.5,38.1,assisted,left-foot,missed,33,sofascore
2526,Champions League,2026-04-08,Barcelona,Lamine Yamal,0.082642413675785,10.7,54.6,regular,left-foot,blocked,32,sofascore
2526,Champions League,2026-04-08,Barcelona,Lamine Yamal,0.036788210272789,12.2,70.8,assisted,left-foot,blocked,32,sofascore
2526,Champions League,2026-04-08,Barcelona,Marcus Rashford,0.055839128792286,3.3,35.0,assisted,right-foot,saved,30,sofascore
2526,Champions League,2026-04-08,Barcelona,Marcus Rashford,0.039884444326162,12.3,31.5,assisted,right-foot,missed,14,sofascore
2526,Champions League,2026-04-08,Atlético Madrid,Giuliano Simeone,0.081056907773018,13.0,66.0,assisted,right-foot,missed,11,sofascore
2526,Champions League,2026-04-08,Barcelona,João Cancelo,0.036165747791529,11.7,29.6,assisted,right-foot,saved,10,sofascore
2526,Champions League,2026-04-08,Atlético Madrid,Ademola Lookman,0.023007811978459,7.4,30.3,assisted,right-foot,blocked,7,sofascore
2526,Champions League,2026-04-08,Atlético Madrid,Julián Alvarez,0.15925568342209,8.8,60.9,regular,left-foot,saved,5,sofascore
2526,Champions League,2026-04-08,Barcelona,Marcus Rashford,0.1269950568676,13.1,41.5,assisted,right-foot,saved,4,sofascore
2526,Champions League,2026-04-08,Barcelona,Marcus Rashford,0.035189356654882,18.1,32.2,assisted,right-foot,saved,2,sofascore
2526,Champions League,2026-04-14,Barcelona,Ronald Araújo,0.13550217449665,4.5,43.3,assisted,head,missed,90,sofascore
2526,Champions League,2026-04-14,Barcelona,Roony Bardghji,0.022076923400164,21.8,66.7,assisted,left-foot,blocked,90,sofascore
2526,Champions League,2026-04-14,Barcelona,Robert Lewandowski,0.048192251473665,10.8,54.0,assisted,head,saved,90,sofascore
2526,Champions League,2026-04-14,Atlético Madrid,Nahuel Molina,0.074286818504333,20.1,66.7,fast-break,right-foot,saved,88,sofascore
2526,Champions League,2026-04-14,Atlético Madrid,Nicolás González,0.090660557150841,12.0,52.9,assisted,left-foot,missed,86,sofascore
2526,Champions League,2026-04-14,Atlético Madrid,Julián Alvarez,0.053943682461977,24.3,64.5,free-kick,right-foot,saved,81,sofascore
2526,Champions League,2026-04-14,Atlético Madrid,Robin Le Normand,0.052642017602921,9.5,54.7,set-piece,head,missed,75,sofascore
2526,Champions League,2026-04-14,Atlético Madrid,Marcos Llorente,0.036682385951281,22.8,52.2,throw-in-set-piece,right-foot,saved,74,sofascore
2526,Champions League,2026-04-14,Atlético Madrid,Robin Le Normand,0.41351935267448,7.0,47.9,throw-in-set-piece,right-foot,saved,74,sofascore
2526,Champions League,2026-04-14,Atlético Madrid,Marcos Llorente,0.032779987901449,4.4,70.3,assisted,right-foot,missed,68,sofascore
2526,Champions League,2026-04-14,Atlético Madrid,Alex Baena,0.024751743301749,23.9,55.8,throw-in-set-piece,right-foot,missed,68,sofascore
2526,Champions League,2026-04-14,Barcelona,Dani Olmo,0.072568014264107,13.1,60.7,regular,left-foot,missed,65,sofascore
2526,Champions League,2026-04-14,Barcelona,Dani Olmo,0.027867710217834,27.7,51.7,assisted,right-foot,blocked,62,sofascore
2526,Champions League,2026-04-14,Barcelona,Gavi,0.15403002500534,12.2,53.0,assisted,right-foot,blocked,55,sofascore
2526,Champions League,2026-04-14,Barcelona,Ferran Torres,0.16993153095245,5.3,56.5,assisted,right-foot,saved,55,sofascore
2526,Champions League,2026-04-14,Atlético Madrid,Ademola Lookman,0.040063675493002,22.4,32.7,fast-break,right-foot,missed,53,sofascore
2526,Champions League,2026-04-14,Barcelona,Lamine Yamal,0.028760932385921,20.5,66.6,assisted,left-foot,blocked,47,sofascore
2526,Champions League,2026-04-14,Barcelona,Ferran Torres,0.062533058226109,26.1,44.4,free-kick,right-foot,missed,45,sofascore
2526,Champions League,2026-04-14,Atlético Madrid,Ademola Lookman,0.032814741134644,14.7,36.1,regular,right-foot,blocked,45,sofascore
2526,Champions League,2026-04-14,Barcelona,Ferran Torres,0.15421992540359,12.1,58.0,assisted,right-foot,saved,41,sofascore
2526,Champions League,2026-04-14,Atlético Madrid,Antoine Griezmann,0.031099371612072,20.9,34.8,fast-break,left-foot,blocked,38,sofascore
2526,Champions League,2026-04-14,Atlético Madrid,Ademola Lookman,0.61990946531296,9.3,47.6,assisted,right-foot,goal,31,sofascore
2526,Champions League,2026-04-14,Barcelona,Fermín López,0.16270826756954,9.1,42.6,assisted,head,saved,25,sofascore
2526,Champions League,2026-04-14,Barcelona,Ferran Torres,0.40865558385849,8.9,38.5,assisted,left-foot,goal,24,sofascore
2526,Champions League,2026-04-14,Atlético Madrid,Antoine Griezmann,0.12421081215143,4.0,41.8,assisted,left-foot,blocked,22,sofascore
2526,Champions League,2026-04-14,Atlético Madrid,Koke,0.0080581717193127,21.5,32.4,regular,right-foot,blocked,10,sofascore
2526,Champions League,2026-04-14,Barcelona,Dani Olmo,0.21264047920704,17.6,51.1,assisted,right-foot,saved,9,sofascore
2526,Champions League,2026-04-14,Atlético Madrid,Ademola Lookman,0.13904802501202,6.9,34.8,throw-in-set-piece,left-foot,missed,8,sofascore
2526,Champions League,2026-04-14,Barcelona,Lamine Yamal,0.49436658620834,18.2,48.6,assisted,left-foot,goal,4,sofascore
2526,Champions League,2026-04-14,Barcelona,Lamine Yamal,0.062403827905655,15.4,53.0,assisted,left-foot,saved,1,sofascore
