league,season,team,player,league_id,season_id,team_id,player_id,position,matches,minutes,goals,xg,np_goals,np_xg,assists,xa,shots,key_passes,yellow_cards,red_cards,xg_chain,xg_buildup
ENG-Premier League,2425,Arsenal,Ben White,1,2024,83,7298,D S,17,1192,0,0.4337807316333055,0,0.4337807316333055,2,1.4500398263335228,9,10,2,0,4.346273209899664,3.896727360785008
ENG-Premier League,2425,Arsenal,Bukayo Saka,1,2024,83,7322,F M S,25,1763,6,8.94342190399766,5,8.182253051549196,10,11.583731275051832,67,58,3,0,16.460995193570852,6.0235540214926
ENG-Premier League,2425,Arsenal,David Raya,1,2024,83,9676,GK,38,3420,0,0.0,0,0.0,0,0.0936360284686088,0,1,3,0,6.110358167439699,6.01672213897109
ENG-Premier League,2425,Arsenal,Declan Rice,1,2024,83,5553,M S,35,2848,4,3.6269928105175495,4,3.6269928105175495,7,9.060594327747822,48,59,5,1,17.24022226035595,10.361034391447902
ENG-Premier League,2425,Arsenal,Ethan Nwaneri,1,2024,83,11132,F M S,26,883,4,1.7757814601063728,4,1.7757814601063728,2,1.1617773352190852,24,16,1,0,4.733230505138636,2.751387098804116
ENG-Premier League,2425,Arsenal,Gabriel,1,2024,83,5613,D,28,2376,3,4.300341751426458,3,4.300341751426458,1,1.2210565768182278,22,13,4,0,11.277788810431955,10.166896805167198
ENG-Premier League,2425,Arsenal,Gabriel Jesus,1,2024,83,5543,F S,17,581,3,3.375023730099201,3,3.375023730099201,0,0.5535630472004414,20,8,4,0,4.954094588756561,2.0514997951686382
ENG-Premier League,2425,Arsenal,Gabriel Martinelli,1,2024,83,7752,F M S,33,2310,8,9.213460259139538,8,9.213460259139538,4,5.264152456074953,56,40,1,0,16.827736772596836,4.392328556627035
ENG-Premier League,2425,Arsenal,Jakub Kiwior,1,2024,83,10012,D S,17,1102,1,0.2143479213118553,1,0.2143479213118553,0,0.5097704380750656,3,5,1,0,3.440646205097437,3.275878395885229
ENG-Premier League,2425,Arsenal,Jorginho,1,2024,83,1389,M S,15,717,0,0.0592099986970424,0,0.0592099986970424,0,0.4611985944211483,2,3,5,0,4.177355792373419,3.738667394965887
ENG-Premier League,2425,Arsenal,Jurriën Timber,1,2024,83,11707,D S,30,2443,1,1.3132512997835877,1,1.3132512997835877,3,1.1326866932213306,14,17,7,0,10.589375596493484,9.367386754602194
ENG-Premier League,2425,Arsenal,Kai Havertz,1,2024,83,5220,F M S,23,1880,9,11.830620590597391,9,11.830620590597391,3,2.9488715566694736,53,17,5,0,16.01736629009247,4.696250442415476
ENG-Premier League,2425,Arsenal,Kieran Tierney,1,2024,83,8089,D S,13,227,1,0.9213433265686036,1,0.9213433265686036,0,1.199159286916256,2,8,0,0,1.968412023037672,0.9727844670414924
ENG-Premier League,2425,Arsenal,Leandro Trossard,1,2024,83,7698,F M S,38,2569,8,8.742100939154625,8,8.742100939154625,7,7.04339361935854,72,43,2,1,18.95159810781479,7.050739685073495
ENG-Premier League,2425,Arsenal,Martin Odegaard,1,2024,83,2517,M S,30,2343,3,5.635795846581459,2,4.874626979231834,8,7.852103857323527,49,63,4,0,19.575034234672785,11.76090756803751
ENG-Premier League,2425,Arsenal,Mikel Merino,1,2024,83,5304,F M S,28,1578,7,6.865131866186857,7,6.865131866186857,2,2.1651013009250164,38,17,2,1,11.007616562768815,5.772648703306913
ENG-Premier League,2425,Arsenal,Myles Lewis-Skelly,1,2024,83,12272,D S,23,1371,1,0.2544533908367157,1,0.2544533908367157,0,0.4991668798029423,3,8,3,2,5.465138830244541,5.074087254703045
ENG-Premier League,2425,Arsenal,Nathan Butler-Oyedeji,1,2024,83,11272,S,1,1,0,0.0947556942701339,0,0.0947556942701339,0,0.0,1,0,0,0,0.0947556942701339,0.0
ENG-Premier League,2425,Arsenal,Oleksandr Zinchenko,1,2024,83,2958,D M S,15,500,0,0.4987206254154444,0,0.4987206254154444,1,0.1286610011011362,10,3,1,0,3.0112361051142216,2.736764498054981
ENG-Premier League,2425,Arsenal,Raheem Sterling,1,2024,83,618,F M S,17,486,0,0.9707838203758,0,0.9707838203758,2,0.5390832684934139,10,8,1,0,2.2374207340180874,1.050472877919674
ENG-Premier League,2425,Arsenal,Reiss Nelson,1,2024,83,6492,M S,12,491,1,1.4182224795222282,1,1.4182224795222282,1,1.1306451223790646,11,13,1,0,4.734423227608204,3.0769786797463894
ENG-Premier League,2425,Arsenal,Riccardo Calafiori,1,2024,83,8129,D S,19,986,2,0.7747622476890683,2,0.7747622476890683,1,0.4056127071380615,10,6,4,0,4.117603804916143,3.7665633261203766
ENG-Premier League,2425,Arsenal,Takehiro Tomiyasu,1,2024,83,7931,S,1,3,0,0.1668418496847152,0,0.1668418496847152,0,0.0,1,0,0,0,0.0,0.0
ENG-Premier League,2425,Arsenal,Thomas Partey,1,2024,83,2328,D M S,35,2810,4,2.3900655396282677,4,2.3900655396282677,2,2.580821704119444,26,20,4,0,16.352560142055154,14.675600433722138
ENG-Premier League,2425,Arsenal,William Saliba,1,2024,83,6888,D,35,3044,2,3.196498431265354,2,3.196498431265354,0,0.7513726502656937,6,7,2,1,14.34530510380864,14.299853567034006
ENG-Premier League,2425,Aston Villa,Amadou Onana,1,2024,71,9667,M S,26,1650,3,2.5780120696872477,3,2.5780120696872477,0,0.6834856616333127,17,10,4,0,9.019286430440845,8.535910098813474
ENG-Premier League,2425,Aston Villa,Andrés García,1,2024,71,13392,D S,7,325,0,0.0354386642575264,0,0.0354386642575264,0,0.2688065897673368,2,3,0,0,1.4220801051706076,1.2403724566102028
ENG-Premier League,2425,Aston Villa,Axel Disasi,1,2024,71,6885,D S,13,844,1,0.6244775578379631,1,0.6244775578379631,0,0.3375391270965338,4,5,3,0,2.507807642221451,2.215707093477249
ENG-Premier League,2425,Aston Villa,Boubacar Kamara,1,2024,71,5789,D M S,26,1744,1,0.7928520627319813,1,0.7928520627319813,0,0.901398416608572,10,11,2,0,7.008257182314992,5.887418569996953
ENG-Premier League,2425,Aston Villa,Diego Carlos,1,2024,71,5712,D S,10,828,0,0.9728685170412064,0,0.9728685170412064,0,0.0,4,0,1,0,2.882016759365797,2.882016759365797
ENG-Premier League,2425,Aston Villa,Donyell Malen,1,2024,71,9749,M S,14,265,3,3.0199847873300314,3,3.0199847873300314,0,0.1801445484161377,15,3,0,0,3.2656293623149395,0.1195217333734035
ENG-Premier League,2425,Aston Villa,Emiliano Buendía,1,2024,71,2203,S,12,48,0,0.8230422083288431,0,0.8230422083288431,0,0.0468223355710506,5,1,1,0,0.956121938303113,0.215285837650299
ENG-Premier League,2425,Aston Villa,Emiliano Martinez,1,2024,71,4401,GK,37,3206,0,0.0,0,0.0,0,0.2820240408182144,0,2,5,1,6.555770194157958,6.273746121674776
ENG-Premier League,2425,Aston Villa,Ezri Konsa Ngoyo,1,2024,71,7726,D S,34,2934,2,1.103471640497446,2,1.103471640497446,0,0.4107247851788997,11,6,1,0,9.736158462241292,9.216016562655568
ENG-Premier League,2425,Aston Villa,Ian Maatsen,1,2024,71,11807,D S,29,1073,1,0.979834190569818,1,0.979834190569818,2,3.0338974483311176,19,19,2,0,9.690310459583998,8.366953602991998
ENG-Premier League,2425,Aston Villa,Jacob Ramsey,1,2024,71,8941,F M S,29,1665,1,1.4540390092879534,1,1.4540390092879534,3,2.891221077181399,19,21,2,1,9.212930692359803,5.757394967600703
ENG-Premier League,2425,Aston Villa,Jaden Philogene-Bidace,1,2024,71,9415,D M S,21,786,2,2.795140001922846,2,2.795140001922846,0,0.3331893943250179,19,6,3,1,3.0547380689531565,1.6042765881866217
ENG-Premier League,2425,Aston Villa,Jhon Durán,1,2024,71,11366,F S,20,563,7,5.099582154303789,7,5.099582154303789,0,0.2346634343266487,31,4,3,1,5.687583016231656,1.4234060682356358
ENG-Premier League,2425,Aston Villa,John McGinn,1,2024,71,7723,M S,34,2247,1,3.7942231353372335,1,3.7942231353372335,4,3.4790949057787657,31,30,7,0,11.842593720182776,7.252999009564519
ENG-Premier League,2425,Aston Villa,Kosta Nedeljkovic,1,2024,71,12775,S,5,109,0,0.0,0,0.0,0,0.0,0,0,0,0,0.1857971288263797,0.1857971288263797
ENG-Premier League,2425,Aston Villa,Lamare Bogarde,1,2024,71,10025,D M S,8,478,0,0.0650692656636238,0,0.0650692656636238,0,0.1753242537379264,1,2,2,0,1.8142753783613443,1.5738818291574717
ENG-Premier League,2425,Aston Villa,Leon Bailey,1,2024,71,5221,M S,24,1152,1,2.867841899394989,1,2.867841899394989,2,2.372280452400446,28,16,3,0,6.292120710015297,2.2766535691916943
ENG-Premier League,2425,Aston Villa,Lucas Digne,1,2024,71,1823,D S,32,2413,0,0.7811353597790003,0,0.7811353597790003,4,6.966049259528518,13,36,4,0,8.990315483883023,6.626998363062739
ENG-Premier League,2425,Aston Villa,Marco Asensio,1,2024,71,2117,M S,13,751,3,4.556249689310789,3,3.0339119844138622,1,1.264389220625162,24,16,2,0,4.525235092267394,2.188563382253051
ENG-Premier League,2425,Aston Villa,Marcus Rashford,1,2024,71,556,F M S,25,1435,6,4.986043129116297,5,4.22487423196435,3,4.728895880281925,35,27,2,0,10.02566921338439,3.5098787005990744
ENG-Premier League,2425,Aston Villa,Matthew Cash,1,2024,71,8864,D M S,27,2085,1,0.4955384666100144,1,0.4955384666100144,1,1.4866319708526134,13,10,7,0,7.091400654055178,6.572270311415196
ENG-Premier League,2425,Aston Villa,Morgan Rogers,1,2024,71,12412,F M,37,3191,8,8.216648440808058,8,8.216648440808058,10,8.145913934335113,55,51,10,0,21.380799420177937,8.901325047016144
ENG-Premier League,2425,Aston Villa,Ollie Watkins,1,2024,71,8865,F S,38,2666,16,18.632458329200745,14,17.11012053489685,8,3.87640418484807,84,25,2,0,18.900541841983795,3.2909299470484257
ENG-Premier League,2425,Aston Villa,Pau Torres,1,2024,71,6221,D S,24,2011,0,0.3871210906654596,0,0.3871210906654596,0,0.1446397490799427,8,3,2,0,7.192430438473821,7.064639877527952
ENG-Premier League,2425,Aston Villa,Robin Olsen,1,2024,71,6962,GK S,4,211,0,0.0,0,0.0,0,0.0,0,0,0,0,0.4604295790195465,0.4604295790195465
ENG-Premier League,2425,Aston Villa,Ross Barkley,1,2024,71,592,M S,20,507,3,2.1608064183965325,3,2.1608064183965325,1,0.9665419245138764,16,9,3,0,4.782155349850655,3.26616295427084
ENG-Premier League,2425,Aston Villa,Tyrone Mings,1,2024,71,1024,D S,14,1137,0,0.7991716582328081,0,0.7991716582328081,0,0.1797054167836904,9,3,1,0,5.253270890563726,5.077521752566099
ENG-Premier League,2425,Aston Villa,Youri Tielemans,1,2024,71,5956,M S,36,3049,3,3.709774609655142,3,2.94860577210784,7,8.044237377122045,41,60,4,0,21.22876513004303,16.205695185810328
ENG-Premier League,2425,Bournemouth,Adam Smith,1,2024,73,825,D S,25,1625,0,0.3261268213391304,0,0.3261268213391304,0,0.4430896267294884,3,8,7,0,5.3390795309096575,4.74545836634934
ENG-Premier League,2425,Bournemouth,Alex Scott,1,2024,73,12149,M S,20,764,0,0.7000175742432475,0,0.7000175742432475,0,1.2158988821320236,15,12,3,0,3.5423473911359906,1.8692646883428097
ENG-Premier League,2425,Bournemouth,Antoine Semenyo,1,2024,73,11363,F M S,37,3219,11,14.549346312880516,11,14.549346312880516,5,6.608794005587697,126,46,9,0,26.17976476252079,7.88416787609458
ENG-Premier League,2425,Bournemouth,Ben Winterburn,1,2024,73,13242,S,4,17,0,0.0,0,0.0,0,0.0,0,0,0,0,0.0161151830106973,0.0161151830106973
ENG-Premier League,2425,Bournemouth,Dango Ouattara,1,2024,73,9662,F M S,32,2013,7,10.9336802624166,7,10.9336802624166,4,5.989504734054208,62,35,3,0,18.47662752587348,4.439398280344904
ENG-Premier League,2425,Bournemouth,Daniel Jebbison,1,2024,73,9509,S,16,62,1,1.7295908629894257,1,1.7295908629894257,0,0.2071749344468116,5,3,1,0,2.19595605134964,0.2896595001220703
ENG-Premier League,2425,Bournemouth,David Brooks,1,2024,73,6820,M S,29,937,2,2.8713680896908045,2,2.8713680896908045,0,1.7746479772031307,25,19,3,0,6.463442295789719,3.160865820944309
ENG-Premier League,2425,Bournemouth,Dean Huijsen,1,2024,73,11943,D S,32,2403,3,1.5728872679173946,3,1.5728872679173946,2,2.331902604550123,17,15,10,0,11.550221702083943,10.0397496689111
ENG-Premier League,2425,Bournemouth,Enes Ünal,1,2024,73,6219,F S,17,292,2,2.016992896795273,2,2.016992896795273,1,0.545154508203268,19,4,2,0,2.6258721854537725,0.9348652940243484
ENG-Premier League,2425,Bournemouth,Evanilson,1,2024,73,12963,F S,31,2376,10,13.714270060881972,10,12.953101200982928,1,1.9151847725734117,73,25,1,1,15.386878173798324,2.785225234925747
ENG-Premier League,2425,Bournemouth,Illia Zabarnyi,1,2024,73,11486,D S,36,3116,0,1.3495636964216828,0,1.3495636964216828,1,0.9619763027876616,12,12,4,1,7.431322017684579,7.211819479241967
ENG-Premier League,2425,Bournemouth,James Hill,1,2024,73,10747,D S,10,458,0,0.1945150233805179,0,0.1945150233805179,1,0.3440760616213083,6,3,1,0,2.397958781570196,2.091702576726675
ENG-Premier League,2425,Bournemouth,Julio Soler,1,2024,73,13474,S,3,7,0,0.0,0,0.0,0,0.0,0,0,0,0,0.0,0.0
ENG-Premier League,2425,Bournemouth,Julián Araujo,1,2024,73,11745,D S,12,496,0,0.0,0,0.0,0,0.0628243163228035,0,1,2,0,1.8003496639430523,1.8003496639430523
ENG-Premier League,2425,Bournemouth,Justin Kluivert,1,2024,73,6963,M S,34,2390,12,10.441609976813195,6,5.87459684535861,6,5.512896118685603,63,44,8,0,15.81588026881218,6.402966948226094
ENG-Premier League,2425,Bournemouth,Kepa,1,2024,73,5061,GK,31,2790,0,0.0683941841125488,0,0.0683941841125488,0,0.0258998982608318,1,1,3,0,3.4838713705539703,3.4838713705539703
ENG-Premier League,2425,Bournemouth,Lewis Cook,1,2024,73,1789,D M S,36,2978,1,0.963939368724823,1,0.963939368724823,3,4.5853610355407,14,47,8,1,12.705790558829904,10.713933983817697
ENG-Premier League,2425,Bournemouth,Luis Sinisterra,1,2024,73,10866,M S,12,221,1,1.7229826282709837,1,1.7229826282709837,1,1.762933598831296,13,8,0,0,2.894174002110958,0.5542034497484565
ENG-Premier League,2425,Bournemouth,Marcos Senesi,1,2024,73,10864,D S,17,1117,0,0.6511894948780537,0,0.6511894948780537,0,0.2382868472486734,2,5,5,0,4.348518039099872,4.168585720472038
ENG-Premier League,2425,Bournemouth,Marcus Tavernier,1,2024,73,10741,M S,29,1930,3,6.411486806347966,3,6.411486806347966,5,5.201899139210582,57,43,6,0,16.51350423321128,8.325464472174644
ENG-Premier League,2425,Bournemouth,Mark Travers,1,2024,73,7582,GK,5,450,0,0.0,0,0.0,0,0.0,0,0,0,0,0.5100627075880766,0.5100627075880766
ENG-Premier League,2425,Bournemouth,Max Aarons,1,2024,73,7688,D S,3,78,0,0.0,0,0.0,0,0.0,0,0,0,0,0.963919162750244,0.963919162750244
ENG-Premier League,2425,Bournemouth,Milos Kerkez,1,2024,73,11709,D,38,3359,2,0.7433816641569138,2,0.7433816641569138,5,4.914374724030495,19,35,4,0,13.390899841673672,9.968997127376497
ENG-Premier League,2425,Bournemouth,Neto,1,2024,73,1297,GK,2,180,0,0.0,0,0.0,0,0.0,0,0,0,0,0.4283316135406494,0.4283316135406494
ENG-Premier League,2425,Bournemouth,Philip Billing,1,2024,73,6034,M S,10,152,0,0.3570811375975609,0,0.3570811375975609,0,1.401890940964222,5,8,1,0,1.9741406198590996,0.9171814527362584
ENG-Premier League,2425,Bournemouth,Remy Rees-Dottin,1,2024,73,13307,S,1,1,0,0.0,0,0.0,0,0.0,0,0,0,0,0.0,0.0
ENG-Premier League,2425,Bournemouth,Ryan Christie,1,2024,73,10744,M S,29,2150,2,1.625680811703205,2,1.625680811703205,3,3.819417158141732,33,42,9,0,9.731656536459925,6.203945886343718
ENG-Premier League,2425,Bournemouth,Tyler Adams,1,2024,73,7352,M S,28,1965,0,1.4070341289043429,0,1.4070341289043429,3,1.5068945437669754,9,18,7,0,7.6065224930644035,5.169210600666702
ENG-Premier League,2425,Bournemouth,Zain Silcott-Duberry,1,2024,73,13351,S,1,1,0,0.0,0,0.0,0,0.0,0,0,0,0,0.0,0.0
ENG-Premier League,2425,Brentford,Ben Mee,1,2024,244,1654,D S,7,181,0,0.0,0,0.0,0,0.0,0,0,2,0,0.0300854332745075,0.0300854332745075
ENG-Premier League,2425,Brentford,Bryan Mbeumo,1,2024,244,6552,D F M,38,3419,20,13.63216146454215,15,9.06514835730195,7,10.376488702371716,86,70,3,0,24.377113293856382,9.351834732107818
ENG-Premier League,2425,Brentford,Christian Nørgaard,1,2024,244,7083,M,34,2870,5,5.773721532896161,5,5.773721532896161,4,1.9166031386703253,39,18,8,1,14.599624687805772,11.122066244482994
ENG-Premier League,2425,Brentford,Ethan Pinnock,1,2024,244,9678,D S,22,1912,2,0.9376051723957062,2,0.9376051723957062,0,1.5102842152118685,10,8,2,0,8.141121708787978,7.110404069535434
ENG-Premier League,2425,Brentford,Fabio Carvalho,1,2024,244,9501,F M S,19,399,2,2.3463018126785755,2,2.3463018126785755,1,0.6756551787257195,12,4,1,0,4.785842690616846,1.763885661959648
ENG-Premier League,2425,Brentford,Frank Onyeka,1,2024,244,9681,S,2,18,0,0.0,0,0.0,0,0.0,0,0,0,0,0.0,0.0
ENG-Premier League,2425,Brentford,Gustavo Nunes,1,2024,244,13588,S,3,8,0,0.0,0,0.0,0,0.0,0,0,0,0,0.0,0.0
ENG-Premier League,2425,Brentford,Hákon Valdimarsson,1,2024,244,12595,GK S,2,145,0,0.0,0,0.0,0,0.0,0,0,0,0,0.2378901988267898,0.2378901988267898
ENG-Premier League,2425,Brentford,Jayden Meghoma,1,2024,244,13067,S,1,3,0,0.0,0,0.0,0,0.0,0,0,0,0,0.0,0.0
ENG-Premier League,2425,Brentford,Keane Lewis-Potter,1,2024,244,10809,D M S,38,3131,1,3.2576067624613643,1,3.2576067624613643,3,3.338346378877759,28,26,7,0,9.596967240795491,5.59095348790288
ENG-Premier League,2425,Brentford,Kevin Schade,1,2024,244,9156,F M S,38,2332,11,9.467997699975967,11,9.467997699975967,2,3.714522727765143,55,23,3,0,15.767545722424984,4.10542070120573
ENG-Premier League,2425,Brentford,Kim Ji-Soo,1,2024,244,12136,S,3,19,0,0.0,0,0.0,0,0.0,0,0,0,0,0.0,0.0
ENG-Premier League,2425,Brentford,Kristoffer Ajer,1,2024,244,9677,D S,24,1450,0,1.142456667497754,0,1.142456667497754,0,1.4724152060225606,9,9,5,0,4.822844059206545,2.9706503534689546
ENG-Premier League,2425,Brentford,Mads Roerslev,1,2024,244,9685,D S,19,1079,0,0.2219500774517655,0,0.2219500774517655,2,2.790492530912161,5,14,2,0,5.177352083846927,2.4616973884403706
ENG-Premier League,2425,Brentford,Mark Flekken,1,2024,244,7047,GK,37,3275,0,0.0,0,0.0,2,0.5480153113603592,0,2,1,0,7.107891340740025,6.884677250869572
ENG-Premier League,2425,Brentford,Mathias Jensen,1,2024,244,7166,M S,24,819,0,0.2693682108074426,0,0.2693682108074426,2,1.9875654987990856,6,16,2,0,5.387348018586636,4.161761403083801
ENG-Premier League,2425,Brentford,Michael Kayode,1,2024,244,11281,D S,12,527,0,0.1810818612575531,0,0.1810818612575531,1,0.98140287399292,2,8,2,0,2.794493567198515,1.6320087760686874
ENG-Premier League,2425,Brentford,Mikkel Damsgaard,1,2024,244,8859,F M S,38,2978,2,3.476722192019224,2,3.476722192019224,9,9.246257283724844,35,63,2,0,19.425128288567063,11.846998741850255
ENG-Premier League,2425,Brentford,Nathan Collins,1,2024,244,9733,D,38,3420,2,2.6544005731120706,2,2.6544005731120706,3,1.9733586199581623,17,9,5,0,10.904047696851194,10.050747162662446
ENG-Premier League,2425,Brentford,Paris Maghoma,1,2024,244,10053,S,8,89,0,0.0355504304170608,0,0.0355504304170608,0,0.1064981892704963,1,1,0,0,1.1534059420228004,1.011357307434082
ENG-Premier League,2425,Brentford,Rico Henry,1,2024,244,9679,S,5,80,0,0.0,0,0.0,0,0.0,0,0,0,0,1.0035428777337074,1.0035428777337074
ENG-Premier League,2425,Brentford,Ryan Trevitt,1,2024,244,11146,S,1,1,0,0.0,0,0.0,0,0.0,0,0,0,0,0.0,0.0
ENG-Premier League,2425,Brentford,Sepp van den Berg,1,2024,244,10721,D S,31,2602,0,2.1477734111249447,0,2.1477734111249447,0,1.029765497893095,20,7,3,0,11.545481179840865,9.674979363568127
ENG-Premier League,2425,Brentford,Thiago,1,2024,244,13222,F S,8,148,0,0.1094420123845338,0,0.1094420123845338,0,0.1144553758203983,2,2,0,0,0.6678886283189058,0.4439912438392639
ENG-Premier League,2425,Brentford,Vitaly Janelt,1,2024,244,9680,D M S,32,2303,1,0.9458270631730556,1,0.9458270631730556,3,2.358839701861143,14,14,3,0,8.97201941628009,5.991170124150813
ENG-Premier League,2425,Brentford,Yehor Yarmolyuk,1,2024,244,11772,M S,31,1416,0,0.7878594100475311,0,0.7878594100475311,0,1.025589969009161,9,9,6,0,5.0115865878760815,4.212970476597548
ENG-Premier League,2425,Brentford,Yoane Wissa,1,2024,244,5786,F M S,35,2943,18,20.731059528887272,18,20.731059528887272,4,3.4494741149246693,90,28,5,0,27.726778712123632,5.426989254541695
ENG-Premier League,2425,Brentford,Yunus Konak,1,2024,244,12633,S,10,25,0,0.1090388596057891,0,0.1090388596057891,0,0.0,1,0,0,0,0.4191711246967315,0.3101322650909424
ENG-Premier League,2425,Brighton,Adam Webster,1,2024,220,7699,D S,14,888,0,0.3764696484431624,0,0.3764696484431624,0,0.3818966709077358,5,3,1,0,4.823259890079498,4.751052476465702
ENG-Premier League,2425,Brighton,Bart Verbruggen,1,2024,220,11711,GK,36,3240,0,0.0,0,0.0,1,0.0531018786132335,0,1,5,0,6.665416944772005,6.612315066158772
ENG-Premier League,2425,Brighton,Billy Gilmour,1,2024,220,7988,M S,2,94,0,0.0845430567860603,0,0.0845430567860603,0,0.0,1,0,0,0,1.1755258962512016,1.1755258962512016
ENG-Premier League,2425,Brighton,Brajan Gruda,1,2024,220,11310,F M S,21,684,1,1.0134435147047045,1,1.0134435147047045,4,2.2726940251886845,11,23,0,0,3.96596534922719,1.7325535658746958
ENG-Premier League,2425,Brighton,Carlos Baleba,1,2024,220,10527,D M S,34,2717,3,2.8824724731966853,3,2.8824724731966853,1,1.6279380414634943,44,21,6,1,16.692094990052283,13.26410525292158
ENG-Premier League,2425,Brighton,Danny Welbeck,1,2024,220,501,F S,30,2152,10,10.45602908357978,9,9.694860246032476,4,2.076795544475317,59,23,4,0,15.517961982637644,5.872543508186936
ENG-Premier League,2425,Brighton,Diego Gómez,1,2024,220,13364,M S,16,487,1,0.8773256950080395,1,0.8773256950080395,0,1.5821922849863768,9,9,0,0,4.766626961529255,4.030858531594276
ENG-Premier League,2425,Brighton,Eiran Cashin,1,2024,220,13459,S,2,18,0,0.0,0,0.0,0,0.0,0,0,0,0,0.0103836124762892,0.0103836124762892
ENG-Premier League,2425,Brighton,Estupiñán,1,2024,220,5136,D S,30,2404,1,1.3183485567569733,1,1.3183485567569733,1,2.320820614695549,28,27,5,0,12.298998538404703,10.615641921758652
ENG-Premier League,2425,Brighton,Evan Ferguson,1,2024,220,10177,F S,21,341,1,1.4812848791480064,1,1.4812848791480064,0,0.7929156944155693,12,5,0,0,2.186324803158641,0.0809200052171945
ENG-Premier League,2425,Brighton,Ferdi Kadioglu,1,2024,220,13066,D M S,6,401,1,0.6023932620882988,1,0.6023932620882988,0,0.1645598961040377,4,5,1,0,2.1883304491639137,1.5457853525877
ENG-Premier League,2425,Brighton,Georginio Rutter,1,2024,220,6937,F M S,28,1679,5,5.6770595367997885,5,5.6770595367997885,3,3.1324470546096563,50,19,2,0,10.18418968655169,2.795816533267498
ENG-Premier League,2425,Brighton,Harry Howell,1,2024,220,13584,S,1,4,0,0.0,0,0.0,0,0.0,0,0,0,0,0.0143614057451486,0.0143614057451486
ENG-Premier League,2425,Brighton,Igor Julio,1,2024,220,7943,D S,13,959,0,0.0835000127553939,0,0.0835000127553939,0,0.1427631359547376,1,2,4,0,4.970579881221056,4.827816758304834
ENG-Premier League,2425,Brighton,Jack Hinshelwood,1,2024,220,11269,D F M S,26,1857,5,3.2537715872749686,5,3.2537715872749686,2,1.4211199935525656,18,16,5,0,9.028865553438663,7.109155820682645
ENG-Premier League,2425,Brighton,Jakub Moder,1,2024,220,9284,S,4,4,0,0.0,0,0.0,0,0.2036565337330103,0,3,0,0,0.1331212073564529,0.0772198848426342
ENG-Premier League,2425,Brighton,James Milner,1,2024,220,489,M S,4,177,0,0.1920489966869354,0,0.1920489966869354,0,0.2607630733400583,2,4,1,0,0.5119482576847076,0.2050254121422767
ENG-Premier League,2425,Brighton,Jan Paul van Hecke,1,2024,220,10807,D S,34,2962,1,1.0002109874039888,1,1.0002109874039888,1,1.558699306100607,17,16,6,1,14.846226522698998,13.811430538073182
ENG-Premier League,2425,Brighton,Jason Steele,1,2024,220,7235,GK,2,180,0,0.0,0,0.0,0,0.0,0,0,0,0,0.4078828990459442,0.4078828990459442
ENG-Premier League,2425,Brighton,Jeremy Sarmiento,1,2024,220,10036,S,1,4,0,0.0,0,0.0,0,0.0,0,0,0,0,0.0974678918719291,0.0974678918719291
ENG-Premier League,2425,Brighton,João Pedro,1,2024,220,8272,F M S,27,1975,10,8.863604867830873,5,5.0577606651932,6,5.618519173935056,47,30,4,1,15.910436924546955,7.6452163346111774
ENG-Premier League,2425,Brighton,Joël Veltman,1,2024,220,8780,D S,21,1714,0,0.7976804617792368,0,0.7976804617792368,0,0.7567648589611053,6,6,5,0,6.476554710417986,5.0723008420318365
ENG-Premier League,2425,Brighton,Julio Enciso,1,2024,220,11058,M S,25,1168,2,2.7400452066212893,2,2.7400452066212893,3,2.227620951831341,52,18,3,0,6.231109814718366,2.7869491232559085
ENG-Premier League,2425,Brighton,Kaoru Mitoma,1,2024,220,10806,F M S,36,2608,10,10.222694747149944,10,10.222694747149944,4,4.949204979464412,57,37,1,0,21.407055608928204,8.427826434373856
ENG-Premier League,2425,Brighton,Lewis Dunk,1,2024,220,6048,D S,25,2083,0,1.1070273127406836,0,1.1070273127406836,0,0.5168026331812143,12,5,5,0,10.19734975323081,10.102785553783178
ENG-Premier League,2425,Brighton,Mats Wieffer,1,2024,220,12758,D M S,25,988,1,1.0993042346090078,1,1.0993042346090078,3,1.0669435421004891,9,15,6,0,5.176637289114296,4.247457327321172
ENG-Premier League,2425,Brighton,Matt O'Riley,1,2024,220,13206,M S,21,934,2,3.061050277203321,1,2.299881439656019,2,2.4148010704666376,22,21,1,0,6.484979265369475,2.8589688697829843
ENG-Premier League,2425,Brighton,Simon Adingra,1,2024,220,11710,D M S,29,1081,2,3.1380675714463,2,3.1380675714463,2,2.066323732957244,34,16,0,0,5.763067487627268,2.168390834704041
ENG-Premier League,2425,Brighton,Solly March,1,2024,220,6049,M S,8,149,0,0.0514545002952218,0,0.0514545002952218,0,0.2339879721403122,2,3,2,0,0.3942978456616401,0.3155219256877899
ENG-Premier League,2425,Brighton,Tariq Lamptey,1,2024,220,8226,D M S,15,870,2,0.3391416240483522,2,0.3391416240483522,2,0.8965721465647221,6,5,0,0,2.2554087787866592,1.4430722370743752
ENG-Premier League,2425,Brighton,Yankuba Minteh,1,2024,220,12759,D M S,32,1832,6,5.669837724417448,6,5.669837724417448,4,4.871835011057556,34,28,6,0,14.345422247424722,4.895437384024262
ENG-Premier League,2425,Brighton,Yasin Ayari,1,2024,220,11385,M S,34,1977,2,2.234291661530733,2,2.234291661530733,1,3.114554302766919,28,28,3,0,10.207828298211098,7.504959750920534
ENG-Premier League,2425,Chelsea,Benoit Badiashile Mukinayi,1,2024,80,7240,D S,5,323,0,0.0,0,0.0,0,0.0,0,0,0,0,0.7828760668635368,0.7828760668635368
ENG-Premier League,2425,Chelsea,Christopher Nkunku,1,2024,80,3300,F M S,27,878,3,5.027925219386816,3,5.027925219386816,2,2.0136311538517475,25,14,2,0,6.769540551118553,1.954516883008182
ENG-Premier League,2425,Chelsea,Cole Palmer,1,2024,80,8497,M S,37,3228,15,15.77423645183444,11,11.968392122536898,8,12.95436640828848,126,87,7,0,29.99983731843531,9.8022615686059
ENG-Premier League,2425,Chelsea,Enzo Fernández,1,2024,80,11356,M S,36,2941,6,6.133216487243772,6,6.133216487243772,7,7.737509123980999,53,77,8,0,20.848417054861784,10.725481959059834
ENG-Premier League,2425,Chelsea,Filip Jorgensen,1,2024,80,9272,GK,6,540,0,0.0,0,0.0,0,0.0,0,0,0,0,1.4331071376800537,1.4331071376800537
ENG-Premier League,2425,Chelsea,Jadon Sancho,1,2024,80,6345,M S,31,1760,3,2.4174315705895424,3,2.4174315705895424,4,4.314331844449043,24,39,2,0,10.85904686525464,5.599680565297604
ENG-Premier League,2425,Chelsea,Josh Acheampong,1,2024,80,12535,D S,4,172,0,0.168215662240982,0,0.168215662240982,0,0.0,2,0,1,0,0.6639772951602936,0.6639772951602936
ENG-Premier League,2425,Chelsea,João Félix,1,2024,80,7892,M S,12,343,1,2.64809543825686,1,2.64809543825686,1,0.6843841634690762,20,6,2,0,4.425876019522548,1.2964793983846905
ENG-Premier League,2425,Chelsea,Kiernan Dewsbury-Hall,1,2024,80,9739,M S,13,234,0,0.0894354954361915,0,0.0894354954361915,1,0.8056687042117119,1,3,0,0,1.3387737199664116,0.4436694681644439
ENG-Premier League,2425,Chelsea,Levi Colwill,1,2024,80,10805,D,35,3150,2,2.4856121446937323,2,2.4856121446937323,1,1.066227382980287,17,12,9,0,15.162668526172638,13.843638241291046
ENG-Premier League,2425,Chelsea,Malo Gusto,1,2024,80,9017,D S,32,1838,0,1.5562147982418535,0,1.5562147982418535,1,1.343290576711297,22,22,4,0,10.980210773646832,9.03074331022799
ENG-Premier League,2425,Chelsea,Marc Cucurella,1,2024,80,7134,D S,36,3006,5,3.161697162315249,5,3.161697162315249,1,1.8079495672136543,24,19,8,1,15.487519605085254,12.07672212831676
ENG-Premier League,2425,Chelsea,Marc Guiu,1,2024,80,11633,S,3,60,0,0.0,0,0.0,0,0.0404958091676235,0,1,0,0,0.1076856106519699,0.1076856106519699
ENG-Premier League,2425,Chelsea,Mathis Amougou,1,2024,80,12808,S,1,5,0,0.0,0,0.0,0,0.0,0,0,0,0,0.0,0.0
ENG-Premier League,2425,Chelsea,Moisés Caicedo,1,2024,80,9453,D M,38,3381,1,0.6911019859835505,1,0.6911019859835505,2,2.924944289028645,20,29,11,0,19.78497724980116,17.50836056470871
ENG-Premier League,2425,Chelsea,Mykhailo Mudryk,1,2024,80,11305,M S,7,133,0,0.1225307434797287,0,0.1225307434797287,0,1.0799011290073397,1,2,0,0,1.4741904512047768,0.2717585638165474
ENG-Premier League,2425,Chelsea,Nicolas Jackson,1,2024,80,10048,F S,30,2294,10,13.8340708874166,10,13.8340708874166,5,3.47239719517529,76,28,7,1,16.895098600536585,3.080276776105165
ENG-Premier League,2425,Chelsea,Noni Madueke,1,2024,80,11357,D M S,32,2113,7,11.862219285219908,7,11.862219285219908,3,3.1217017397284508,80,33,3,0,18.66834883764386,6.725336389616132
ENG-Premier League,2425,Chelsea,Pedro Neto,1,2024,80,6382,D F M S,35,2238,4,4.4209474716335535,4,4.4209474716335535,6,6.566428407095373,59,46,8,0,14.425639379769564,6.602393293753266
ENG-Premier League,2425,Chelsea,Reece James,1,2024,80,8067,D M S,19,1062,1,0.5808683261275291,1,0.5808683261275291,1,1.3240125216543674,11,11,1,0,3.869105190038681,3.5282998234033585
ENG-Premier League,2425,Chelsea,Renato Veiga,1,2024,80,11383,M S,7,143,0,0.1354483440518379,0,0.1354483440518379,0,0.0,3,0,2,0,0.8124905750155449,0.798570029437542
ENG-Premier League,2425,Chelsea,Robert Sánchez,1,2024,80,9098,GK,32,2880,0,0.0,0,0.0,0,0.0161880310624837,0,1,5,0,6.038596088066697,6.022408057004213
ENG-Premier League,2425,Chelsea,Romeo Lavia,1,2024,80,10004,M S,16,830,0,0.146451324224472,0,0.146451324224472,1,0.7232360076159239,2,7,4,0,2.711192920804024,1.950197905302048
ENG-Premier League,2425,Chelsea,Shumaira Mheuka,1,2024,80,13476,S,1,1,0,0.0250541865825653,0,0.0250541865825653,0,0.0,1,0,0,0,0.0,0.0
ENG-Premier League,2425,Chelsea,Tosin Adarabioyo,1,2024,80,5590,D S,22,1410,1,1.1859792517498136,1,1.1859792517498136,1,0.3341391310095787,13,2,4,0,8.569632288068533,8.549678575247526
ENG-Premier League,2425,Chelsea,Trevoh Chalobah,1,2024,80,6615,D S,25,1983,3,2.548438237980008,3,2.548438237980008,1,2.151971971616149,18,8,3,0,6.1127273216843605,5.525809340178967
ENG-Premier League,2425,Chelsea,Tyrique George,1,2024,80,12573,F S,8,162,1,0.3738933689892292,1,0.3738933689892292,1,1.0261513106524944,3,6,1,0,1.885858304798603,0.5690330639481544
ENG-Premier League,2425,Chelsea,Wesley Fofana,1,2024,80,7589,D,14,1192,0,0.2047538962215185,0,0.2047538962215185,0,0.5259660333395004,3,6,7,0,4.953598186373711,4.430655201897025
ENG-Premier League,2425,Crystal Palace,Adam Wharton,1,2024,78,12409,M S,20,1337,0,0.3357602218165993,0,0.3357602218165993,2,3.3524712435901165,13,26,2,0,6.537219719961286,5.249624631367624
ENG-Premier League,2425,Crystal Palace,Asher Agbinone,1,2024,78,13039,S,2,2,0,0.0151914963498711,0,0.0151914963498711,0,0.0238666459918022,1,1,0,0,0.0369486222043633,0.0130819762125611
ENG-Premier League,2425,Crystal Palace,Ben Chilwell,1,2024,78,782,D S,8,239,1,0.2562433071434498,1,0.2562433071434498,0,0.8998954109847546,5,5,1,0,1.1016745641827583,0.7247382774949074
ENG-Premier League,2425,Crystal Palace,Caleb Kporha,1,2024,78,13130,S,2,5,0,0.0,0,0.0,0,0.0,0,0,0,0,0.0719930911436677,0.0719930911436677
ENG-Premier League,2425,Crystal Palace,Chadi Riad,1,2024,78,11167,D,1,90,0,0.0,0,0.0,0,0.0,0,0,0,0,0.3966957628726959,0.3966957628726959
ENG-Premier League,2425,Crystal Palace,Cheick Oumar Doucoure,1,2024,78,8666,M S,13,439,0,0.3654052410274744,0,0.3654052410274744,0,0.0139362784102559,7,1,1,0,3.558414466679096,3.280975388363004
ENG-Premier League,2425,Crystal Palace,Chris Richards,1,2024,78,8430,D S,24,1925,1,1.6956392526626587,1,1.6956392526626587,0,0.114281041547656,12,2,2,1,4.323614971712232,4.20933392085135
ENG-Premier League,2425,Crystal Palace,Daichi Kamada,1,2024,78,6145,M S,34,1527,0,0.9768787622451782,0,0.9768787622451782,0,1.8320643100887537,20,20,4,1,8.12018227763474,6.361981469206512
ENG-Premier League,2425,Crystal Palace,Daniel Muñoz,1,2024,78,12408,D,37,3237,4,5.791526351124048,4,5.791526351124048,5,5.942459639161825,37,45,10,0,17.36301911622286,7.908812275156379
ENG-Premier League,2425,Crystal Palace,Dean Henderson,1,2024,78,7702,GK,38,3420,0,0.0109276687726378,0,0.0109276687726378,0,0.1058704666793346,1,2,3,0,3.299205945804715,3.19333547540009
ENG-Premier League,2425,Crystal Palace,Eberechi Eze,1,2024,78,8706,F M S,34,2635,8,9.876954596489668,7,8.354616891592741,8,7.019554221071303,102,58,1,0,18.762924566864967,8.675655025988817
ENG-Premier League,2425,Crystal Palace,Eddie Nketiah,1,2024,78,6482,F M S,29,984,3,7.15336112678051,3,7.15336112678051,1,1.3858313784003258,43,13,4,1,9.502782799303532,2.1897604260593653
ENG-Premier League,2425,Crystal Palace,Ismaila Sarr,1,2024,78,5675,F M S,38,2738,8,12.308559328317642,8,12.308559328317642,6,10.056549122557044,59,44,4,0,24.235270714387298,7.31391823105514
ENG-Premier League,2425,Crystal Palace,Jean-Philippe Mateta,1,2024,78,5735,F S,37,2690,14,15.83262430690229,12,14.31028657220304,2,3.85278513841331,69,29,2,0,18.602611111477017,3.6145096691325302
ENG-Premier League,2425,Crystal Palace,Jefferson Lerma,1,2024,78,2182,D M S,33,2274,0,0.8986045755445957,0,0.8986045755445957,1,1.3882753169164062,26,10,9,0,10.00641503976658,8.994050413835794
ENG-Premier League,2425,Crystal Palace,Jeffrey Schlupp,1,2024,78,757,S,12,72,0,0.2102906517684459,0,0.2102906517684459,0,0.3348583467304706,4,2,0,0,0.906626857817173,0.3614778672344982
ENG-Premier League,2425,Crystal Palace,Joachim Andersen,1,2024,78,6314,D,30,2678,0,0.8852448537945747,0,0.8852448537945747,0,0.280512185767293,20,4,7,1,10.6725890384987,10.444070791825652
ENG-Premier League,2425,Crystal Palace,Joel Ward,1,2024,78,510,D S,2,75,0,0.0,0,0.0,0,0.0684693977236747,0,1,1,0,0.1046429947018623,0.1046429947018623
ENG-Premier League,2425,Crystal Palace,Jordan Ayew,1,2024,78,672,F M S,31,1688,5,4.341383438557386,4,3.580214601010084,0,1.9064311189576983,33,17,6,0,5.810580421239138,2.694857061840594
ENG-Premier League,2425,Crystal Palace,Justin Devenny,1,2024,78,13038,M S,23,472,1,1.1472182907164097,1,1.1472182907164097,1,0.6334958653897047,10,7,1,0,2.1069728769361973,0.9024819005280732
ENG-Premier League,2425,Crystal Palace,Marc Guehi,1,2024,78,7603,D M,34,3060,3,2.960845593363046,3,2.960845593363046,2,2.1349100805819035,15,16,7,1,8.626218263059855,7.739544311538339
ENG-Premier League,2425,Crystal Palace,Matheus França,1,2024,78,12152,S,4,45,1,0.4079460725188255,1,0.4079460725188255,0,0.0,6,0,0,0,0.5714588239789009,0.1635127514600753
ENG-Premier League,2425,Crystal Palace,Maxence Lacroix,1,2024,78,8853,D,35,3126,1,2.7525001103058457,1,2.7525001103058457,1,1.6881468072533607,30,8,5,0,8.140122196637094,6.942754318006337
ENG-Premier League,2425,Crystal Palace,Nathaniel Clyne,1,2024,78,603,D S,13,483,0,0.0234091719612479,0,0.0234091719612479,0,0.1613760516047477,2,3,1,0,1.4450985342264175,1.2837224826216698
ENG-Premier League,2425,Crystal Palace,Odsonne Edouard,1,2024,78,3697,M S,6,131,0,0.325688287615776,0,0.325688287615776,0,0.105933329090476,5,2,0,0,0.6215433776378632,0.189921760931611
ENG-Premier League,2425,Crystal Palace,Romain Esse,1,2024,78,13387,M S,7,124,1,0.5787168145179749,1,0.5787168145179749,1,0.3007222488522529,1,3,0,0,1.1815895438194275,0.3021504878997803
ENG-Premier League,2425,Crystal Palace,Tyrick Mitchell,1,2024,78,8214,D,37,3131,0,1.4204330071806908,0,1.4204330071806908,5,7.109685024246573,12,41,2,0,14.724310521036386,7.392835007980466
ENG-Premier League,2425,Crystal Palace,Will Hughes,1,2024,78,6104,M S,33,2160,0,0.9225301016122104,0,0.9225301016122104,3,3.364077143371105,22,33,11,0,9.026491666212678,7.883489057421684
ENG-Premier League,2425,Everton,Abdoulaye Doucouré,1,2024,72,1726,M S,33,2619,3,4.050999755039811,3,4.050999755039811,2,2.317836028058082,31,27,3,1,9.89785410836339,4.922197850421071
ENG-Premier League,2425,Everton,Armando Broja,1,2024,72,8384,F S,10,314,0,0.1044619902968406,0,0.1044619902968406,0,0.174777690321207,4,4,1,0,0.7260864749550819,0.4581482177600264
ENG-Premier League,2425,Everton,Ashley Young,1,2024,72,631,D S,32,1824,1,0.2522744350135326,1,0.2522744350135326,3,2.9377346560359,6,26,7,1,4.867778211832047,3.145018443465233
ENG-Premier League,2425,Everton,Beto,1,2024,72,9983,F S,30,1520,8,9.26681118644774,8,9.26681118644774,0,1.3863521181046965,49,12,2,0,8.315516548231244,1.1153167895972729
ENG-Premier League,2425,Everton,Carlos Alcaraz,1,2024,72,11297,M S,16,753,2,1.660201769322157,2,1.660201769322157,3,2.288683351129293,27,14,4,0,3.914981357753277,0.6430606916546822
ENG-Premier League,2425,Everton,Dominic Calvert-Lewin,1,2024,72,5555,F S,26,1625,3,8.584493719041348,3,8.584493719041348,1,0.7406498864293098,50,7,2,0,7.679076200351119,1.292787717655301
ENG-Premier League,2425,Everton,Dwight McNeil,1,2024,72,6756,M S,21,1374,4,1.512261677533388,4,1.512261677533388,6,6.039635524619371,24,37,1,0,8.58305960521102,3.5590311624109745
ENG-Premier League,2425,Everton,Harrison Armstrong,1,2024,72,12757,S,3,41,0,0.2571773827075958,0,0.2571773827075958,0,0.0711022391915321,1,1,1,0,0.3282796144485473,0.0
ENG-Premier League,2425,Everton,Idrissa Gueye,1,2024,72,668,M S,37,3090,0,1.0407873457297685,0,1.0407873457297685,3,2.416206769645214,27,19,8,0,9.350484703667462,7.558115462772548
ENG-Premier League,2425,Everton,Iliman Ndiaye,1,2024,72,9307,F M S,33,2478,9,7.094870626926422,7,5.572532966732979,0,1.9087076298892496,37,18,3,0,11.509084429591894,5.190615847706795
ENG-Premier League,2425,Everton,Jack Harrison,1,2024,72,8720,F M S,34,2102,1,3.3758146427571774,1,3.3758146427571774,0,3.650003883987665,29,33,0,0,7.757276251912117,2.7420455012470484
ENG-Premier League,2425,Everton,Jake O'Brien,1,2024,72,12014,D S,20,1561,2,1.219971727579832,2,1.219971727579832,0,0.6676564291119576,6,6,5,0,4.743709594011307,3.924726217985153
ENG-Premier League,2425,Everton,James Garner,1,2024,72,7438,D M S,21,1603,0,0.6001764945685863,0,0.6001764945685863,1,1.215124419890344,12,12,5,0,5.435937132686377,4.616085112094879
ENG-Premier League,2425,Everton,James Tarkowski,1,2024,72,1665,D,33,2926,1,1.2661416758783162,1,1.2661416758783162,1,2.7973302034661174,15,16,6,0,5.207525005564094,4.634369108825922
ENG-Premier League,2425,Everton,Jarrad Branthwaite,1,2024,72,8476,D S,30,2510,0,1.381387365050614,0,1.381387365050614,1,0.6528244335204363,10,3,4,0,4.862649876624346,4.707654871046543
ENG-Premier League,2425,Everton,Jesper Lindstrom,1,2024,72,9752,M S,25,1279,0,2.0184412728995085,0,2.0184412728995085,1,2.881908133625984,28,19,2,0,5.934147605672479,3.5494546946138144
ENG-Premier League,2425,Everton,Jordan Pickford,1,2024,72,741,GK,38,3420,0,0.0,0,0.0,1,0.2801412306725979,0,2,7,0,4.063891115598381,3.783749884925783
ENG-Premier League,2425,Everton,Mason Holgate,1,2024,72,985,S,1,1,0,0.0,0,0.0,0,0.0,0,0,0,0,0.0,0.0
ENG-Premier League,2425,Everton,Michael Keane,1,2024,72,1653,D S,14,1043,3,1.126571523025632,3,1.126571523025632,0,0.1236345618963241,10,1,5,0,1.2807953245937824,1.2518547140061855
ENG-Premier League,2425,Everton,Nathan Patterson,1,2024,72,10292,D S,10,332,0,0.0711022391915321,0,0.0711022391915321,1,0.4205229729413986,1,4,1,0,0.6194286607205868,0.4873095341026783
ENG-Premier League,2425,Everton,Orel Mangala,1,2024,72,6088,M S,19,1254,1,0.7135743591934443,1,0.7135743591934443,0,0.494984382763505,16,8,2,0,2.846376329660416,2.0121847297996283
ENG-Premier League,2425,Everton,Roman Dixon,1,2024,72,12946,D,1,90,0,0.0,0,0.0,0,0.0,0,0,0,0,0.0885984823107719,0.0885984823107719
ENG-Premier League,2425,Everton,Seamus Coleman,1,2024,72,585,D S,5,213,0,0.4752198457717895,0,0.4752198457717895,0,0.0,1,0,1,0,1.2030456438660622,0.7278257980942726
ENG-Premier League,2425,Everton,Tim Iroegbunam,1,2024,72,9554,M S,18,533,0,0.2085244953632354,0,0.2085244953632354,1,0.1753694489598274,5,3,4,0,1.8715934120118616,1.4876995496451857
ENG-Premier League,2425,Everton,Vitalii Mykolenko,1,2024,72,10291,D,35,3085,1,0.6015322427265346,1,0.6015322427265346,2,3.0272322706878185,14,24,4,0,8.047195924445987,5.357288662344217
ENG-Premier League,2425,Everton,Youssef Chermiti,1,2024,72,11984,S,4,33,0,0.1710504256188869,0,0.1710504256188869,0,0.0,3,0,1,0,0.1371285207569599,0.0751712769269943
ENG-Premier League,2425,Fulham,Adama Traoré,1,2024,228,900,F M S,36,1761,2,5.658592768013477,2,5.658592768013477,7,6.4245162177830935,39,43,2,0,15.521256847307086,5.082236568443477
ENG-Premier League,2425,Fulham,Alex Iwobi,1,2024,228,500,D F M S,38,3023,9,5.021547559648752,9,5.021547559648752,6,8.458939167670906,68,58,1,0,21.47882725391537,10.64560728892684
ENG-Premier League,2425,Fulham,Andreas Pereira,1,2024,228,922,M S,33,2063,2,4.448508242145181,2,3.68733941949904,4,5.718298438005149,39,57,7,0,12.638287663459778,7.434910722076893
ENG-Premier League,2425,Fulham,Antonee Robinson,1,2024,228,8940,D M S,36,3166,0,1.0538900159299374,0,1.0538900159299374,10,4.40445202216506,16,43,9,0,16.498610505834222,13.76876728888601
ENG-Premier League,2425,Fulham,Bernd Leno,1,2024,228,181,GK,38,3420,0,0.0,0,0.0,1,0.31894351541996,0,2,5,0,9.378365483134983,9.059421986341476
ENG-Premier League,2425,Fulham,Calvin Bassey,1,2024,228,11728,D S,35,3072,1,1.1175763411447406,1,1.1175763411447406,0,0.1130702113732695,14,3,7,0,10.457166313193738,10.319827779196205
ENG-Premier League,2425,Fulham,Carlos Vinicius,1,2024,228,7395,S,3,8,0,0.054843533784151,0,0.054843533784151,0,0.0,1,0,0,0,0.054843533784151,0.0
ENG-Premier League,2425,Fulham,Emile Smith-Rowe,1,2024,228,7230,M S,34,2101,6,5.261677466332912,6,5.261677466332912,3,2.434781737625599,37,24,3,0,12.505846868269144,6.85691377799958
ENG-Premier League,2425,Fulham,Harrison Reed,1,2024,228,910,S,12,81,0,0.1439509261399507,0,0.1439509261399507,0,0.0789679586887359,3,1,2,0,0.3412153646349907,0.2145950347185135
ENG-Premier League,2425,Fulham,Harry Wilson,1,2024,228,5596,F M S,25,1150,6,3.605708472430706,6,3.605708472430706,1,1.4601951194927096,43,20,2,0,6.673274612054229,2.516816926188767
ENG-Premier League,2425,Fulham,Issa Diop,1,2024,228,3203,D S,21,1332,0,0.4851377755403518,0,0.4851377755403518,0,0.1430980395525694,5,3,2,0,3.876760764978826,3.789013215340674
ENG-Premier League,2425,Fulham,Jay Stansfield,1,2024,228,10718,S,1,1,0,0.0,0,0.0,0,0.0,0,0,0,0,0.0,0.0
ENG-Premier League,2425,Fulham,Jorge Cuenca,1,2024,228,8489,D S,8,352,0,0.0159940905869007,0,0.0159940905869007,0,0.0,1,0,0,0,1.164096750319004,1.164096750319004
ENG-Premier League,2425,Fulham,Joshua King,1,2024,228,12410,M S,8,115,0,0.5880258642137051,0,0.5880258642137051,0,0.7531819939613342,3,3,0,0,1.37447259016335,0.4954258985817432
ENG-Premier League,2425,Fulham,Kenny Tete,1,2024,228,5973,D S,22,1790,0,1.595350006595254,0,1.595350006595254,2,0.6750296298414469,25,9,5,0,7.372500399127603,6.540642708539963
ENG-Premier League,2425,Fulham,Martial Godo,1,2024,228,11164,S,2,16,0,0.0,0,0.0,0,0.0834133774042129,0,1,0,0,0.0834133774042129,0.0
ENG-Premier League,2425,Fulham,Raúl Jiménez,1,2024,228,4105,F S,38,2531,12,14.405358291231096,9,12.121851704083385,3,4.079181319102645,96,25,4,0,17.43132229242474,5.398588978685439
ENG-Premier League,2425,Fulham,Rodrigo Muniz,1,2024,228,10717,F S,31,922,8,6.838322004303336,8,6.838322004303336,1,0.7810081988573074,40,7,1,0,7.69332305714488,1.791342383250594
ENG-Premier League,2425,Fulham,Ryan Sessegnon,1,2024,228,6837,D M S,16,576,4,2.481840554624796,4,2.481840554624796,2,1.3141173049807549,14,12,1,0,5.214323297142983,1.8583442494273184
ENG-Premier League,2425,Fulham,Sander Berge,1,2024,228,8285,M S,31,2242,0,0.4260362591594457,0,0.4260362591594457,0,0.7261993493884802,3,18,6,0,7.763672082684934,6.734488721005619
ENG-Premier League,2425,Fulham,Sasa Lukic,1,2024,228,1537,M S,30,2380,0,1.5360550973564386,0,1.5360550973564386,2,3.099418031051755,18,27,12,0,11.622625487856569,7.836565780453384
ENG-Premier League,2425,Fulham,Timothy Castagne,1,2024,228,6157,D S,24,1627,0,0.3606655541807413,0,0.3606655541807413,1,0.8743397928774357,8,10,1,0,6.590010182932019,5.578935069963336
ENG-Premier League,2425,Fulham,Tom Cairney,1,2024,228,6835,M S,25,568,2,0.7964487187564373,2,0.7964487187564373,0,1.6266533425077796,11,10,3,1,6.079954030923545,5.425033033825457
ENG-Premier League,2425,Fulham,Willian,1,2024,228,700,F M S,10,240,0,0.2559743635356426,0,0.2559743635356426,0,0.2961952313780784,7,7,0,0,2.169583834707737,1.805920036509633
ENG-Premier League,2425,Ipswich,Alex Palmer,1,2024,285,1038,GK,13,1170,0,0.0,0,0.0,0,0.0210703182965517,0,1,2,0,2.139107011258602,2.139107011258602
ENG-Premier League,2425,Ipswich,Ali Al-Hamadi,1,2024,285,12751,S,11,98,0,0.5323996320366859,0,0.5323996320366859,0,0.0784954708069562,4,2,3,0,0.6907828329131007,0.2454970953986048
ENG-Premier League,2425,Ipswich,Arijanet Muric,1,2024,285,7027,GK,18,1620,0,0.0,0,0.0,0,0.0,0,0,1,0,2.334977397695184,2.334977397695184
ENG-Premier League,2425,Ipswich,Axel Tuanzebe,1,2024,285,934,D S,22,1731,0,0.3537554126232862,0,0.3537554126232862,1,0.6262782029807568,4,5,3,1,3.900601495057344,3.3178643696010117
ENG-Premier League,2425,Ipswich,Ben Godfrey,1,2024,285,7689,D S,3,165,0,0.0,0,0.0,0,0.0,0,0,1,0,0.225624181330204,0.225624181330204
ENG-Premier League,2425,Ipswich,Ben Johnson,1,2024,285,6424,D M S,23,1327,1,1.4644898548722267,1,1.4644898548722267,2,2.1658401750028133,7,11,3,1,4.204577220603824,1.2919913660734892
ENG-Premier League,2425,Ipswich,Cameron Burgess,1,2024,285,12755,D S,18,1538,0,0.9312757514417171,0,0.9312757514417171,2,0.376679259352386,10,7,0,0,4.114149808883667,3.429916113615036
ENG-Premier League,2425,Ipswich,Chiedozie Ogbene,1,2024,285,11719,M S,5,237,0,0.0,0,0.0,0,0.0733897127211093,0,2,0,0,0.0863979430869221,0.0130082303658127
ENG-Premier League,2425,Ipswich,Christian Walton,1,2024,285,9251,GK,7,630,0,0.0,0,0.0,0,0.0168508626520633,0,1,0,0,0.1807852499186992,0.1639343872666359
ENG-Premier League,2425,Ipswich,Conor Chaplin,1,2024,285,12750,F M S,22,851,1,1.434986375272274,1,1.434986375272274,1,0.7888719039037824,16,8,2,0,3.172867614775896,1.4127340912818909
ENG-Premier League,2425,Ipswich,Conor Townsend,1,2024,285,8905,D S,6,326,0,0.0434189923107624,0,0.0434189923107624,1,0.8038922008126974,1,4,1,0,1.1632227841764688,0.4409727454185486
ENG-Premier League,2425,Ipswich,Dara O'Shea,1,2024,285,8756,D,35,3129,0,1.564998717047274,0,1.564998717047274,2,0.7030826602131128,22,3,6,0,8.610395619645715,7.782098321244121
ENG-Premier League,2425,Ipswich,George Edmundson,1,2024,285,12947,S,1,1,0,0.0,0,0.0,0,0.0,0,0,0,0,0.0,0.0
ENG-Premier League,2425,Ipswich,George Hirst,1,2024,285,8563,F S,26,609,3,2.7488116063177586,3,2.7488116063177586,1,0.403658552095294,14,4,3,0,4.23221287317574,1.2429697029292583
ENG-Premier League,2425,Ipswich,Harry Clarke,1,2024,285,13133,D S,7,378,0,0.0565143525600433,0,0.0565143525600433,0,0.0654058307409286,1,1,1,1,1.269033445045352,1.269033445045352
ENG-Premier League,2425,Ipswich,Jack Clarke,1,2024,285,13019,M S,32,1151,0,1.3016396705061195,0,1.3016396705061195,4,2.666540065780282,17,28,2,0,5.49640105292201,1.9239521846175196
ENG-Premier League,2425,Ipswich,Jack Taylor,1,2024,285,12754,M S,32,777,1,0.5857022814452648,1,0.5857022814452648,0,0.7670453414320946,19,5,4,0,2.72093062568456,2.4428652273491025
ENG-Premier League,2425,Ipswich,Jacob Greaves,1,2024,285,12745,D,25,2208,1,1.4357987744733691,1,1.4357987744733691,0,0.2260055681690573,10,6,5,0,3.7184569966048,3.5594952162355185
ENG-Premier League,2425,Ipswich,Jens Cajuste,1,2024,285,10301,M S,30,2019,1,0.6125177554786205,1,0.6125177554786205,1,0.6245124880224466,12,13,2,0,5.957525156438351,5.012046929448843
ENG-Premier League,2425,Ipswich,Kalvin Phillips,1,2024,285,8719,M S,19,1247,0,0.4593092957511544,0,0.4593092957511544,0,0.3231524731963873,11,5,4,1,2.4181056451052427,2.1468016486614943
ENG-Premier League,2425,Ipswich,Leif Davis,1,2024,285,8919,D S,33,2760,1,0.798027765005827,1,0.798027765005827,2,6.061805084347725,16,61,5,1,7.2669062577188015,4.01152390614152
ENG-Premier League,2425,Ipswich,Liam Delap,1,2024,285,8868,F S,37,2671,12,11.930982023477554,10,10.40864434838295,2,2.784454360604286,68,20,11,0,14.707014501094818,3.1533351335674524
ENG-Premier League,2425,Ipswich,Luke Woolfenden,1,2024,285,12746,D S,15,1170,0,0.0580514557659626,0,0.0580514557659626,0,0.0,1,0,2,0,1.306849337182939,1.306849337182939
ENG-Premier League,2425,Ipswich,Marcus Harness,1,2024,285,12753,S,2,37,0,0.0,0,0.0,0,0.0,0,0,0,0,0.0,0.0
ENG-Premier League,2425,Ipswich,Massimo Luongo,1,2024,285,12747,M S,11,185,0,0.0,0,0.0,0,0.0,0,0,0,0,0.0,0.0
ENG-Premier League,2425,Ipswich,Nathan Broadhead,1,2024,285,9406,M S,18,677,2,1.828265825286508,2,1.828265825286508,0,0.8385746516287327,13,7,1,0,4.232192199677229,2.159004925750196
ENG-Premier League,2425,Ipswich,Omari Hutchinson,1,2024,285,10348,M S,31,2620,3,3.5237994957715277,3,3.5237994957715277,2,3.373567247763276,45,31,5,0,10.518985860049725,4.673843790777028
ENG-Premier League,2425,Ipswich,Sam Morsy,1,2024,285,12748,M S,33,2767,1,0.2957767499610781,1,0.2957767499610781,1,1.4169819168746471,13,24,9,0,9.255466464906933,8.384842346422374
ENG-Premier League,2425,Ipswich,Sammie Szmodics,1,2024,285,12752,M S,20,1025,4,4.5141482055187225,4,4.5141482055187225,0,0.1944524906575679,21,5,2,0,5.369531828910112,0.7284961454570293
ENG-Premier League,2425,Ipswich,Wes Burns,1,2024,285,12749,M S,18,962,0,0.4133827127516269,0,0.4133827127516269,1,2.204632848501205,7,10,1,0,3.0202110949903727,0.9018877614289522
ENG-Premier League,2425,Leicester,Abdul Fatawu,1,2024,75,12911,D F M S,11,571,0,0.466048689559102,0,0.466048689559102,2,1.4724965319037435,13,6,0,0,2.3615895370021462,1.3566849753260612
ENG-Premier League,2425,Leicester,Bilal El Khannouss,1,2024,75,13020,M S,32,2242,2,1.4420042671263218,2,1.4420042671263218,3,4.914181550964713,30,42,4,0,7.097214490175247,3.5222754068672657
ENG-Premier League,2425,Leicester,Bobby Reid,1,2024,75,6827,F M S,23,729,1,0.667118170298636,1,0.667118170298636,2,1.0936873592436314,7,6,2,0,1.5033471286296844,0.7257871571928263
ENG-Premier League,2425,Leicester,Boubakary Soumare,1,2024,75,6310,M S,31,2182,0,0.2561326660215854,0,0.2561326660215854,0,0.3478336622938514,7,10,8,0,7.107237534597516,6.826774168759584
ENG-Premier League,2425,Leicester,Caleb Okoli,1,2024,75,7333,D S,19,1113,1,0.8699327614158392,1,0.8699327614158392,0,0.0,4,0,4,0,2.478840259835124,2.460140427574516
ENG-Premier League,2425,Leicester,Conor Coady,1,2024,75,6851,D S,22,1710,1,0.6421074867248535,1,0.6421074867248535,0,0.0701530873775482,2,1,3,0,5.112960673868656,4.499962247908115
ENG-Premier League,2425,Leicester,Danny Ward,1,2024,75,473,GK S,2,132,0,0.0,0,0.0,0,0.0,0,0,0,0,0.0701530873775482,0.0701530873775482
ENG-Premier League,2425,Leicester,Facundo Buonanotte,1,2024,75,11362,F M S,31,1498,5,4.3609558045864105,5,4.3609558045864105,2,3.352718798443675,36,25,8,0,7.7602359261363745,3.0961448941379786
ENG-Premier League,2425,Leicester,Hamza Choudhury,1,2024,75,6418,M S,4,125,0,0.0,0,0.0,0,0.3993283584713936,0,2,0,0,0.658692367374897,0.3116940781474113
ENG-Premier League,2425,Leicester,Harry Winks,1,2024,75,971,M S,22,1532,0,0.1876087933778762,0,0.1876087933778762,2,1.32591406814754,10,17,4,0,5.152881131507456,4.76618863362819
ENG-Premier League,2425,Leicester,Jake Evans,1,2024,75,13585,S,4,12,0,0.0,0,0.0,0,0.0,0,0,0,0,0.0,0.0
ENG-Premier League,2425,Leicester,Jakub Stolarczyk,1,2024,75,13301,GK,10,900,0,0.0,0,0.0,0,0.0,0,0,1,0,1.888207919895649,1.888207919895649
ENG-Premier League,2425,Leicester,James Justin,1,2024,75,7753,D S,36,2937,2,2.046646734699607,2,2.046646734699607,2,0.9606930930167435,25,15,6,0,6.922428992576897,5.915292138233781
ENG-Premier League,2425,Leicester,Jamie Vardy,1,2024,75,755,F,35,2890,9,12.219386659562588,8,10.697048958390951,4,3.737534761428833,58,19,5,0,14.040310747921469,0.9949070662260056
ENG-Premier League,2425,Leicester,Jannik Vestergaard,1,2024,75,111,D S,18,1411,0,0.1115449527278542,0,0.1115449527278542,0,0.0718512497842311,3,3,5,0,3.81364513002336,3.792594706639648
ENG-Premier League,2425,Leicester,Jeremy Monga,1,2024,75,13579,S,7,77,0,0.2071486935019493,0,0.2071486935019493,0,0.0185432843863964,3,1,0,0,0.3133860789239406,0.0876941084861755
ENG-Premier League,2425,Leicester,Kasey McAteer,1,2024,75,10166,M S,18,854,1,1.4462989773601294,1,1.4462989773601294,1,0.905257573351264,13,9,3,0,3.96396641433239,1.788604959845543
ENG-Premier League,2425,Leicester,Luke Thomas,1,2024,75,8562,D S,14,1123,0,0.3486927710473537,0,0.3486927710473537,0,0.4181743627414107,5,8,3,0,1.7490677423775196,1.388859000056982
ENG-Premier League,2425,Leicester,Mads Hermansen,1,2024,75,12910,GK,27,2388,0,0.0,0,0.0,0,0.0,0,0,1,0,2.3339753225445747,2.3339753225445747
ENG-Premier League,2425,Leicester,Michael Golding,1,2024,75,13606,S,1,1,0,0.0,0,0.0,0,0.0,0,0,0,0,0.0,0.0
ENG-Premier League,2425,Leicester,Olabade Aluko,1,2024,75,13586,S,1,1,0,0.0,0,0.0,0,0.0,0,0,0,0,0.0,0.0
ENG-Premier League,2425,Leicester,Oliver Skipp,1,2024,75,7198,M S,24,1095,0,0.2431342415511608,0,0.2431342415511608,0,0.3397108828648925,5,9,8,0,2.2539359983056784,1.7920793881639838
ENG-Premier League,2425,Leicester,Patson Daka,1,2024,75,9738,F M S,23,686,1,1.767653119750321,1,1.767653119750321,0,0.0259240753948688,15,1,0,0,1.957958842627704,0.1643816493451595
ENG-Premier League,2425,Leicester,Ricardo Pereira,1,2024,75,3303,D S,10,378,0,0.1111767999827861,0,0.1111767999827861,0,0.0,2,0,1,0,1.118471845984459,1.0300674214959145
ENG-Premier League,2425,Leicester,Stephy Mavididi,1,2024,75,7484,M S,30,1586,4,3.392247362062335,4,3.392247362062335,1,2.583603762090206,26,22,2,0,9.100224314257504,5.081808265298605
ENG-Premier League,2425,Leicester,Victor Kristiansen,1,2024,75,11367,D M S,30,2510,0,0.1595502030104398,0,0.1595502030104398,1,1.6646690927445889,3,18,1,0,6.266841299831867,5.768991779536009
ENG-Premier League,2425,Leicester,Wilfred Ndidi,1,2024,75,5545,M,28,2368,0,1.973463961854577,0,1.973463961854577,5,2.7866385113447905,22,17,8,0,8.735264824703336,5.421601940877736
ENG-Premier League,2425,Leicester,Will Alves,1,2024,75,13302,S,1,1,0,0.0,0,0.0,0,0.0,0,0,0,0,0.0,0.0
ENG-Premier League,2425,Leicester,Wout Faes,1,2024,75,8646,D S,34,2799,1,1.563155423849821,1,1.563155423849821,0,0.1705409092828631,12,4,4,0,5.0110078155994415,4.808216721750796
ENG-Premier League,2425,Leicester,Woyo Coulibaly,1,2024,75,12782,D S,4,107,0,0.0745922476053237,0,0.0745922476053237,0,0.0,2,0,1,0,0.0910294447094202,0.0164371971040964
ENG-Premier League,2425,Liverpool,Alexis Mac Allister,1,2024,87,8379,M S,35,2621,5,3.568436846137047,5,3.568436846137047,5,4.891626043245196,38,45,6,0,23.3634732440114,19.07193909212947
ENG-Premier League,2425,Liverpool,Alisson,1,2024,87,1257,GK,28,2511,0,0.0,0,0.0,0,0.4981032609939575,0,1,0,0,9.50970114208758,9.01159788109362
ENG-Premier League,2425,Liverpool,Andrew Robertson,1,2024,87,1688,D S,33,2511,0,1.5656620487570765,0,1.5656620487570765,1,4.881590306758881,15,40,3,1,19.93133733794093,15.677865535020828
ENG-Premier League,2425,Liverpool,Caoimhin Kelleher,1,2024,87,7904,GK,10,900,0,0.0,0,0.0,0,0.0,0,0,0,0,1.939537651836872,1.939537651836872
ENG-Premier League,2425,Liverpool,Cody Gakpo,1,2024,87,11296,F M S,35,1970,10,8.601265830919147,10,8.601265830919147,4,6.257204940542579,57,38,5,0,22.09034220688045,8.677158913575113
ENG-Premier League,2425,Liverpool,Conor Bradley,1,2024,87,10120,D S,19,736,0,1.1355030871927738,0,1.1355030871927738,2,1.9162586014717815,10,7,4,0,7.865552997216582,5.193093849346042
ENG-Premier League,2425,Liverpool,Curtis Jones,1,2024,87,6665,D F M S,33,1719,3,4.570292007178068,3,4.570292007178068,3,1.7505743531510234,34,22,1,1,12.458385687321424,7.695024929009378
ENG-Premier League,2425,Liverpool,Darwin Núñez,1,2024,87,10720,F S,30,1072,5,6.912255180999637,5,6.912255180999637,2,1.7422378864139318,34,11,8,0,11.696636958047748,3.613157507032156
ENG-Premier League,2425,Liverpool,Diogo Jota,1,2024,87,6854,F S,26,1188,6,10.20619698613882,6,10.20619698613882,3,1.852303085848689,51,11,2,0,13.053022043779492,3.036761373281479
ENG-Premier League,2425,Liverpool,Dominik Szoboszlai,1,2024,87,9788,F M S,36,2519,6,7.00856670551002,6,7.00856670551002,6,7.858418172225356,68,57,6,0,27.468164574354887,15.59493687003851
ENG-Premier League,2425,Liverpool,Federico Chiesa,1,2024,87,1433,F S,6,95,0,0.6147317513823509,0,0.6147317513823509,0,0.2075449079275131,5,2,0,0,1.6294743716716766,0.8755535371601582
ENG-Premier League,2425,Liverpool,Harvey Elliott,1,2024,87,7546,M S,18,320,1,1.6678786408156157,1,1.6678786408156157,2,1.2793736029416325,17,10,1,0,4.181995172053576,2.2030859515070915
ENG-Premier League,2425,Liverpool,Ibrahima Konaté,1,2024,87,6326,D S,31,2578,1,1.85700361803174,1,1.85700361803174,2,1.0275321248918772,19,10,5,0,17.322711497545242,16.64254543930292
ENG-Premier League,2425,Liverpool,Jarell Quansah,1,2024,87,10187,D S,13,478,0,0.0915264189243316,0,0.0915264189243316,0,0.1051452979445457,1,2,2,0,2.4939724653959274,2.420603469014168
ENG-Premier League,2425,Liverpool,Jayden Danns,1,2024,87,12455,S,1,3,0,0.0,0,0.0,0,0.0,0,0,0,0,0.0,0.0
ENG-Premier League,2425,Liverpool,Joseph Gomez,1,2024,87,987,D S,9,510,0,0.3742993529886007,0,0.3742993529886007,0,0.0806920379400253,3,2,1,0,4.230954002588987,4.1999836675822735
ENG-Premier League,2425,Liverpool,Konstantinos Tsimikas,1,2024,87,8852,D S,18,819,0,0.5641818605363369,0,0.5641818605363369,1,2.597917679697275,4,16,2,0,7.063847681507468,5.982297686859965
ENG-Premier League,2425,Liverpool,Luis Díaz,1,2024,87,10408,F M S,36,2433,13,12.3563298471272,13,12.3563298471272,5,6.245185255073011,71,56,2,0,27.060918375849724,10.240967989899218
ENG-Premier League,2425,Liverpool,Mohamed Salah,1,2024,87,1250,F M,38,3392,29,27.70626749098301,20,20.855747912079096,18,15.858334187418222,130,89,1,0,48.53588879853487,16.20675839856267
ENG-Premier League,2425,Liverpool,Ryan Gravenberch,1,2024,87,10697,M,37,3199,0,1.3318934980779886,0,1.3318934980779886,4,2.415423891507089,20,26,6,1,21.408910930156708,19.362357161939144
ENG-Premier League,2425,Liverpool,Trent Alexander-Arnold,1,2024,87,1791,D S,33,2405,3,1.89413627050817,3,1.89413627050817,6,8.056737272068858,45,52,5,0,20.09090856090188,13.782187223434448
ENG-Premier League,2425,Liverpool,Virgil van Dijk,1,2024,87,833,D,37,3330,3,2.821447281166911,3,2.821447281166911,1,1.2135552121326327,26,12,5,0,22.29557890444994,21.51737556606531
ENG-Premier League,2425,Liverpool,Vítezslav Jaros,1,2024,87,13103,S,1,9,0,0.0,0,0.0,0,0.0,0,0,0,0,0.0,0.0
ENG-Premier League,2425,Liverpool,Wataru Endo,1,2024,87,8808,M S,20,226,0,0.0,0,0.0,0,0.0670378655195236,0,2,0,0,1.2031035460531712,1.1583239622414112
ENG-Premier League,2425,Manchester City,Abduqodir Khusanov,1,2024,88,11763,D,6,506,0,0.015545766800642,0,0.015545766800642,0,0.105730659328401,1,2,1,0,2.7786731719970703,2.763522148132324
ENG-Premier League,2425,Manchester City,Bernardo Silva,1,2024,88,3635,M S,33,2660,4,4.793662561103702,4,4.793662561103702,4,4.999884040094912,32,53,7,0,19.424771897494796,13.0239042006433
ENG-Premier League,2425,Manchester City,Claudio Echeverri,1,2024,88,13649,S,1,4,0,0.0,0,0.0,0,0.0,0,0,0,0,0.0,0.0
ENG-Premier League,2425,Manchester City,Divin Mubama,1,2024,88,11242,S,1,26,0,0.0625510141253471,0,0.0625510141253471,0,0.0,1,0,0,0,0.0,0.0
ENG-Premier League,2425,Manchester City,Ederson,1,2024,88,6054,GK,26,2324,0,0.0,0,0.0,4,1.1925887912511826,0,4,4,0,5.953033002093434,4.961667595431209
ENG-Premier League,2425,Manchester City,Erling Haaland,1,2024,88,8260,F,31,2749,22,23.95459282770753,19,20.90991743281484,3,3.5812273556366563,109,29,2,0,22.845245644450188,3.5353690683841705
ENG-Premier League,2425,Manchester City,Ilkay Gündogan,1,2024,88,314,M S,33,2231,1,3.426698351278901,1,3.426698351278901,6,3.667873060330749,27,42,1,0,19.306594289839268,14.603720467537642
ENG-Premier League,2425,Manchester City,Jack Grealish,1,2024,88,675,M S,20,689,1,1.2711530942469835,1,1.2711530942469835,1,1.9155478971078992,15,24,3,0,6.737229811958969,4.150039034895599
ENG-Premier League,2425,Manchester City,Jahmai Simpson-Pusey,1,2024,88,13185,D S,2,94,0,0.0,0,0.0,0,0.0,0,0,1,0,1.0117364432662723,1.0117364432662723
ENG-Premier League,2425,Manchester City,James McAtee,1,2024,88,10126,M S,15,341,3,2.566829100251198,3,2.566829100251198,0,0.8544101417064667,12,3,1,0,3.394278069958091,0.7336818743497133
ENG-Premier League,2425,Manchester City,John Stones,1,2024,88,586,D S,11,539,2,0.6664973199367523,2,0.6664973199367523,0,0.0837758481502533,2,2,1,0,2.6725111044943333,2.6725111044943333
ENG-Premier League,2425,Manchester City,Josko Gvardiol,1,2024,88,9790,D S,37,3277,5,4.607429768890142,5,4.607429768890142,0,2.0648905243724585,40,26,2,0,22.93838313966989,18.74818231165409
ENG-Premier League,2425,Manchester City,Jéremy Doku,1,2024,88,8981,F M S,29,1518,3,1.8944458104670048,3,1.8944458104670048,6,4.646427006460726,29,32,1,0,10.565225437283516,5.700677646324039
ENG-Premier League,2425,Manchester City,Kevin De Bruyne,1,2024,88,447,F M S,28,1706,4,5.544451447203755,4,5.544451447203755,7,8.934372447431087,57,57,2,0,18.807611417025328,8.703332384116948
ENG-Premier League,2425,Manchester City,Kyle Walker,1,2024,88,638,D S,15,968,0,0.1098661832511425,0,0.1098661832511425,0,0.7247695401310921,5,7,3,0,6.8929938822984695,6.746879652142525
ENG-Premier League,2425,Manchester City,Manuel Akanji,1,2024,88,6490,D S,26,2017,0,1.0098738074302671,0,1.0098738074302671,0,0.4246870186179876,15,9,3,0,13.879725754261017,13.611297756433489
ENG-Premier League,2425,Manchester City,Mateo Kovacic,1,2024,88,2254,M S,31,2220,6,1.806072806939483,6,1.806072806939483,2,3.685476559214294,45,33,5,1,16.83304774388671,13.353065870702268
ENG-Premier League,2425,Manchester City,Matheus Nunes,1,2024,88,11000,D M S,26,1673,1,1.189816527068615,1,1.189816527068615,6,3.9489037338644266,9,23,4,0,10.188475765287876,7.719313248991966
ENG-Premier League,2425,Manchester City,Nathan Aké,1,2024,88,579,D S,10,684,0,0.2418667152523994,0,0.2418667152523994,0,0.0160249359905719,3,1,0,0,3.5274377912282944,3.38953398168087
ENG-Premier League,2425,Manchester City,Nico González,1,2024,88,9802,M S,11,767,1,0.8193094208836555,1,0.8193094208836555,0,0.0815559178590774,9,1,3,0,6.620623365044594,6.3495680540800095
ENG-Premier League,2425,Manchester City,Nico O'Reilly,1,2024,88,11592,D S,9,526,2,1.0966674238443377,2,1.0966674238443377,0,0.2605451494455337,8,4,0,0,2.752536509186029,1.6519679110497236
ENG-Premier League,2425,Manchester City,Omar Marmoush,1,2024,88,8393,F M S,16,1195,7,5.649778325110674,7,5.649778325110674,0,2.676836894825101,49,15,0,0,9.663014598190784,2.601844636723399
ENG-Premier League,2425,Manchester City,Oscar Bobb,1,2024,88,11903,S,3,9,0,0.0,0,0.0,0,0.0901587530970573,0,1,0,0,0.0901587530970573,0.0
ENG-Premier League,2425,Manchester City,Phil Foden,1,2024,88,6055,F M S,28,1770,7,6.184084575623274,7,6.184084575623274,2,5.382284659892321,54,44,2,0,13.734636969864368,5.446543112397194
ENG-Premier League,2425,Manchester City,Rico Lewis,1,2024,88,10847,D M S,28,1903,1,1.6414977870881555,1,1.6414977870881555,2,0.3464172556996345,10,7,3,1,14.292443186044691,12.876099944114683
ENG-Premier League,2425,Manchester City,Rodri,1,2024,88,2496,M S,3,64,0,0.0,0,0.0,0,0.0520608685910701,0,1,0,0,1.4455500841140747,1.4455500841140747
ENG-Premier League,2425,Manchester City,Rúben Dias,1,2024,88,8961,D S,27,2262,0,1.335742843337357,0,1.335742843337357,0,0.2133867554366588,21,5,4,0,14.734221961349249,14.567276891320944
ENG-Premier League,2425,Manchester City,Stefan Ortega Moreno,1,2024,88,8786,GK S,13,1096,0,0.0,0,0.0,0,0.0,0,0,1,0,2.8627792466431856,2.8627792466431856
ENG-Premier League,2425,Manchester City,Sávio,1,2024,88,11735,F M S,29,1801,1,5.246914088726044,1,5.246914088726044,8,6.9446608647704124,55,45,3,0,16.14704818278551,5.930092327296734
ENG-Premier League,2425,Manchester City,Vitor Reis,1,2024,88,13380,S,1,1,0,0.0,0,0.0,0,0.0,0,0,0,0,0.0,0.0
ENG-Premier League,2425,Manchester United,Alejandro Garnacho,1,2024,89,10552,F M S,36,2176,6,9.43980634957552,6,9.43980634957552,2,3.4675094597041607,84,38,3,0,16.76700660586357,5.79347936809063
ENG-Premier League,2425,Manchester United,Altay Bayindir,1,2024,89,12054,GK,4,360,0,0.0,0,0.0,0,0.0,0,0,0,0,0.1752907931804657,0.1752907931804657
ENG-Premier League,2425,Manchester United,Amad Diallo Traore,1,2024,89,8127,D F M S,26,1887,8,4.74583822209388,8,4.74583822209388,6,4.755917379632592,47,49,5,0,12.264865227043629,5.410414909943938
ENG-Premier League,2425,Manchester United,André Onana,1,2024,89,10913,GK,34,3060,0,0.0,0,0.0,0,0.3146860003471374,0,1,0,0,5.308094757609069,4.993408787064254
ENG-Premier League,2425,Manchester United,Antony,1,2024,89,11094,S,8,119,0,0.6254736389964819,0,0.6254736389964819,0,0.2294500740244984,6,3,0,0,1.066591788083315,0.3265676498413086
ENG-Premier League,2425,Manchester United,Ayden Heaven,1,2024,89,13080,D S,4,167,0,0.060109693557024,0,0.060109693557024,0,0.0120950564742088,2,1,1,0,0.3067154213786125,0.2946203574538231
ENG-Premier League,2425,Manchester United,Bruno Fernandes,1,2024,89,1228,F M S,36,3034,8,9.887796703726051,5,7.604290317744017,10,10.227527445182204,96,92,3,2,24.228133594617248,13.64469823986292
ENG-Premier League,2425,Manchester United,Casemiro,1,2024,89,2248,M S,24,1519,1,1.939050110988319,1,1.939050110988319,0,2.170760851353407,32,22,5,0,7.131643548607826,5.040456134825945
ENG-Premier League,2425,Manchester United,Chido Obi-Martin,1,2024,89,13466,F S,7,145,0,0.5575938895344734,0,0.5575938895344734,0,0.0,5,0,1,0,0.8561866730451584,0.3446618169546127
ENG-Premier League,2425,Manchester United,Christian Eriksen,1,2024,89,646,M S,23,1043,1,1.3317703362554312,0,0.5706015210598707,2,3.2394327828660607,15,29,4,0,7.565414318814874,6.649325430393219
ENG-Premier League,2425,Manchester United,Diogo Dalot,1,2024,89,7281,D S,33,2821,0,1.6990829594433308,0,1.6990829594433308,3,2.5788643723353744,24,26,5,0,10.50801149662584,8.384668283164501
ENG-Premier League,2425,Manchester United,Harry Amass,1,2024,89,12559,D S,5,347,0,0.0897043105214834,0,0.0897043105214834,0,0.0491649769246578,3,1,0,0,1.3546761870384216,1.2308019548654556
ENG-Premier League,2425,Manchester United,Harry Maguire,1,2024,89,1687,D S,27,1752,1,2.342265553772449,1,2.342265553772449,0,0.9308241046965122,16,8,7,0,5.207567437551916,3.673637080006301
ENG-Premier League,2425,Manchester United,Jonny Evans,1,2024,89,807,D S,7,306,0,0.0842704158276319,0,0.0842704158276319,0,0.0,2,0,1,0,1.1920689959079027,1.1920689959079027
ENG-Premier League,2425,Manchester United,Joshua Zirkzee,1,2024,89,8044,F M S,32,1378,3,5.218384485691786,3,5.218384485691786,1,2.009757675230503,28,12,2,0,9.033301264047624,2.963567115366459
ENG-Premier League,2425,Manchester United,Kobbie Mainoo,1,2024,89,11174,F M S,25,1660,0,0.7448182795196772,0,0.7448182795196772,0,2.04548772983253,15,14,5,0,6.994521474465728,4.4265395030379295
ENG-Premier League,2425,Manchester United,Leny Yoro,1,2024,89,10564,D S,21,1152,0,1.1257849335670471,0,1.1257849335670471,0,0.0538205839693546,5,2,5,0,4.256799969822168,3.426286725327373
ENG-Premier League,2425,Manchester United,Lisandro Martínez,1,2024,89,10802,D,20,1762,2,1.686713680624962,2,1.686713680624962,1,1.357606129720807,17,9,7,0,9.6391548961401,8.233198188245296
ENG-Premier League,2425,Manchester United,Luke Shaw,1,2024,89,1006,D S,7,352,0,0.031377512961626,0,0.031377512961626,0,0.5605076849460602,1,5,1,0,1.353358380496502,0.7928507253527641
ENG-Premier League,2425,Manchester United,Manuel Ugarte,1,2024,89,11766,M S,29,1802,1,1.087446665391326,1,1.087446665391326,2,1.616088747046888,19,10,11,0,7.235839036293328,6.052829889580607
ENG-Premier League,2425,Manchester United,Mason Mount,1,2024,89,7768,F M S,17,626,1,2.9394782911986117,1,2.9394782911986117,0,0.335563201457262,20,8,3,0,4.9926538458094,1.9043842209503052
ENG-Premier League,2425,Manchester United,Matthijs de Ligt,1,2024,89,7902,D S,29,2141,2,2.871978895738721,2,2.871978895738721,0,0.281110018491745,18,6,3,0,5.249729173257947,4.991321381181479
ENG-Premier League,2425,Manchester United,Noussair Mazraoui,1,2024,89,10696,D S,37,2881,0,0.814534755423665,0,0.814534755423665,1,1.5644007651135323,13,20,3,0,10.547775242477655,9.085838556289673
ENG-Premier League,2425,Manchester United,Patrick Dorgu,1,2024,89,11944,D S,12,843,0,0.3947257157415151,0,0.3947257157415151,0,0.9689584393054248,10,11,3,1,2.922609027475118,1.9455055128782988
ENG-Premier League,2425,Manchester United,Rasmus Højlund,1,2024,89,11055,F S,32,2032,4,5.865164168179035,4,5.865164168179035,0,2.1415039356797934,32,16,2,0,8.606904566287994,2.4272238351404667
ENG-Premier League,2425,Manchester United,Scott McTominay,1,2024,89,5560,S,2,15,0,0.1260273307561874,0,0.1260273307561874,0,0.0,1,0,0,0,0.1260273307561874,0.0
ENG-Premier League,2425,Manchester United,Toby Collyer,1,2024,89,12461,S,6,159,0,0.0509475357830524,0,0.0509475357830524,0,0.1618404779583215,1,2,0,0,0.8362514898180962,0.6744109764695168
ENG-Premier League,2425,Manchester United,Tyler Fredricson,1,2024,89,13467,D,2,170,0,0.0,0,0.0,0,0.0,0,0,0,0,0.294110395014286,0.294110395014286
ENG-Premier League,2425,Manchester United,Tyrell Malacia,1,2024,89,10803,D S,3,102,0,0.0,0,0.0,0,0.0620109774172306,0,1,1,0,0.0620109774172306,0.0
ENG-Premier League,2425,Manchester United,Victor Lindelöf,1,2024,89,6080,D S,16,679,0,0.0,0,0.0,0,0.1225271690636873,0,3,1,0,1.176914483308792,1.0819011144340038
ENG-Premier League,2425,Newcastle United,Alexander Isak,1,2024,86,5232,F,34,2822,23,22.356988068670034,19,19.312312599271536,6,5.44870379474014,99,42,1,0,26.209551103413105,3.579237926751375
ENG-Premier League,2425,Newcastle United,Anthony Gordon,1,2024,86,8150,F M S,34,2474,6,9.196510776877403,5,7.674173064529896,5,4.824591662734747,59,51,2,0,15.255516607314348,6.296648159623146
ENG-Premier League,2425,Newcastle United,Bruno Guimarães,1,2024,86,8327,M,38,3321,5,4.702356463298202,5,4.702356463298202,6,6.579319527372718,45,52,7,0,20.815922878682613,14.020939897745848
ENG-Premier League,2425,Newcastle United,Callum Wilson,1,2024,86,468,F S,18,313,0,0.7507430538535118,0,0.7507430538535118,0,0.1887170672416687,6,3,1,0,1.4098929166793823,0.470432810485363
ENG-Premier League,2425,Newcastle United,Dan Burn,1,2024,86,7382,D,37,3330,1,2.574376904405653,1,2.574376904405653,1,1.1636743620038033,21,9,11,0,10.685649447143078,10.075688883662224
ENG-Premier League,2425,Newcastle United,Emil Krafth,1,2024,86,1545,D S,12,314,0,0.0276889540255069,0,0.0276889540255069,0,0.0589407011866569,1,1,2,0,1.4653809145092964,1.4653809145092964
ENG-Premier League,2425,Newcastle United,Fabian Schär,1,2024,86,76,D S,34,2938,4,4.203412067145109,4,4.203412067145109,0,0.3913493175059557,40,5,9,1,9.683145336806774,8.512181639671326
ENG-Premier League,2425,Newcastle United,Harvey Barnes,1,2024,86,6681,F M S,33,1740,9,7.695071091875434,9,7.695071091875434,4,4.351620296947658,63,24,0,0,13.820457808673382,3.1923213340342045
ENG-Premier League,2425,Newcastle United,Jacob Murphy,1,2024,86,6063,D F M S,35,2443,8,6.590988090261817,8,6.590988090261817,11,9.341311557218432,43,41,4,0,18.842034708708525,4.910585891455412
ENG-Premier League,2425,Newcastle United,Joe Willock,1,2024,86,6630,M S,32,1043,0,2.0176452044397597,0,2.0176452044397597,2,3.1126333381980658,18,22,4,0,8.017597679048777,3.4172954158857465
ENG-Premier League,2425,Newcastle United,Joelinton,1,2024,86,87,F M,29,2435,4,4.270817156881094,4,4.270817156881094,3,2.4919691011309624,45,23,10,0,16.40742952376604,11.303140779957175
ENG-Premier League,2425,Newcastle United,Kieran Trippier,1,2024,86,652,D S,25,1311,0,0.1578787304461002,0,0.1578787304461002,3,1.8058830378577115,4,21,1,0,6.462460404261947,6.190624123439193
ENG-Premier League,2425,Newcastle United,Lewis Hall,1,2024,86,10216,D S,27,2200,0,0.5363848507404327,0,0.5363848507404327,4,3.951083693653345,11,33,3,0,12.689174748957155,10.644899234175682
ENG-Premier League,2425,Newcastle United,Lewis Miley,1,2024,86,11386,M S,14,274,1,0.2039504423737526,1,0.2039504423737526,0,0.0893867462873458,3,1,0,0,1.0136461164802313,0.8299028035253286
ENG-Premier League,2425,Newcastle United,Lloyd Kelly,1,2024,86,8090,D S,10,303,0,0.2711419649422169,0,0.2711419649422169,1,0.3751976788043976,3,2,2,0,0.8785770535469055,0.5033793747425079
ENG-Premier League,2425,Newcastle United,Martin Dubravka,1,2024,86,6532,GK,10,900,0,0.0,0,0.0,0,0.0,0,0,0,0,1.4120896756649015,1.4120896756649015
ENG-Premier League,2425,Newcastle United,Matt Targett,1,2024,86,884,S,2,12,0,0.0,0,0.0,0,0.0,0,0,0,0,0.1423778682947158,0.1423778682947158
ENG-Premier League,2425,Newcastle United,Miguel Almirón,1,2024,86,7420,F S,9,138,0,0.4826713129878044,0,0.4826713129878044,0,0.1663767416030168,6,3,0,0,0.6716924104839563,0.1632358524948358
ENG-Premier League,2425,Newcastle United,Nick Pope,1,2024,86,5552,GK,28,2520,0,0.0,0,0.0,0,0.0770820155739784,0,1,2,0,4.53913442697376,4.462052411399782
ENG-Premier League,2425,Newcastle United,Sandro Tonali,1,2024,86,7958,M S,36,2619,4,4.238380494527519,4,4.238380494527519,2,2.1789364712312818,35,28,5,0,15.48093932121992,11.201060734689236
ENG-Premier League,2425,Newcastle United,Sean Longstaff,1,2024,86,7078,M S,25,758,0,0.4065457545220852,0,0.4065457545220852,0,0.2086685169488191,6,4,2,0,2.164528429508209,1.791835017502308
ENG-Premier League,2425,Newcastle United,Sven Botman,1,2024,86,8635,D S,8,424,0,0.7963292263448238,0,0.7963292263448238,0,0.6542200557887554,5,2,1,0,1.063561487942934,1.063561487942934
ENG-Premier League,2425,Newcastle United,Valentino Livramento,1,2024,86,9512,D S,37,2848,0,0.3249886427074671,0,0.3249886427074671,1,3.147453512996435,6,25,1,0,13.396901009604337,10.808134069666266
ENG-Premier League,2425,Newcastle United,William Osula,1,2024,86,9556,S,14,107,1,0.2826921939849853,1,0.2826921939849853,0,0.1338628381490707,4,2,0,0,0.3538459315896034,0.0743556916713714
ENG-Premier League,2425,Nottingham Forest,Anthony Elanga,1,2024,249,9524,F M S,38,2549,6,5.92288132570684,6,5.92288132570684,11,6.605899995192885,44,50,1,0,12.84948781132698,4.026209270581603
ENG-Premier League,2425,Nottingham Forest,Callum Hudson-Odoi,1,2024,249,6456,F M S,31,2221,5,2.5114910937845707,5,2.5114910937845707,2,2.9465562608093023,37,44,2,0,11.848760638386011,8.000117145478725
ENG-Premier League,2425,Nottingham Forest,Chris Wood,1,2024,249,4456,F S,36,3024,20,15.638655036687853,17,13.355148404836656,3,3.044111367315054,68,22,1,0,14.72016467526555,1.6692094188183546
ENG-Premier League,2425,Nottingham Forest,Danilo,1,2024,249,11317,M S,8,275,0,0.0,0,0.0,0,0.0,0,0,0,0,2.1522383373230696,2.1522383373230696
ENG-Premier League,2425,Nottingham Forest,Elliot Anderson,1,2024,249,9154,M S,37,2773,2,2.230010911822319,2,2.230010911822319,6,4.1257980996742845,40,37,10,0,9.88364265859127,6.357638165354729
ENG-Premier League,2425,Nottingham Forest,Eric da Silva Moreira,1,2024,249,12765,S,2,27,0,0.0,0,0.0,0,0.0,0,0,0,0,0.0,0.0
ENG-Premier League,2425,Nottingham Forest,Harry Toffolo,1,2024,249,10758,D S,4,122,0,0.0225998293608427,0,0.0225998293608427,0,0.0,1,0,1,0,0.0423618219792842,0.0197619926184415
ENG-Premier League,2425,Nottingham Forest,Ibrahim Sangare,1,2024,249,5722,M S,13,584,0,0.0163659416139125,0,0.0163659416139125,1,0.7156692324206233,1,5,3,0,3.003039238974452,2.3539955895394087
ENG-Premier League,2425,Nottingham Forest,James Ward-Prowse,1,2024,249,843,M S,24,1449,1,1.2941841231659057,1,1.2941841231659057,2,3.261906538158655,14,24,2,1,5.538908100686967,2.914741839282214
ENG-Premier League,2425,Nottingham Forest,Jota Silva,1,2024,249,12766,M S,31,799,3,2.7386593613773584,3,2.7386593613773584,1,3.355119312182069,23,14,5,0,4.373035242781043,0.8781488863751292
ENG-Premier League,2425,Nottingham Forest,Matz Sels,1,2024,249,6903,GK,38,3420,0,0.0,0,0.0,0,0.5219662692397833,0,2,4,0,3.724944426678121,3.2029781555756927
ENG-Premier League,2425,Nottingham Forest,Morato,1,2024,249,13068,D S,26,852,0,0.1037580780684948,0,0.1037580780684948,0,0.0,2,0,5,0,2.077718833461404,2.077718833461404
ENG-Premier League,2425,Nottingham Forest,Morgan Gibbs-White,1,2024,249,6857,M,34,2868,7,6.140304567292333,7,6.140304567292333,8,6.105838568881154,61,51,9,1,17.928511697798967,10.13072724826634
ENG-Premier League,2425,Nottingham Forest,Murillo,1,2024,249,12123,D,36,3199,2,1.9497453132644296,2,1.9497453132644296,0,1.3909434340894222,25,12,6,0,5.36951514147222,4.55442807264626
ENG-Premier League,2425,Nottingham Forest,Neco Williams,1,2024,249,8204,D M S,35,2579,1,3.0044789891690016,1,3.0044789891690016,3,1.7043100725859404,37,18,7,0,8.458546839654446,5.081802843138576
ENG-Premier League,2425,Nottingham Forest,Nicolás Domínguez,1,2024,249,8252,M S,34,1979,0,1.9267512233927848,0,1.9267512233927848,1,1.4655370814725757,21,13,9,0,4.884785549715161,3.653871604241431
ENG-Premier League,2425,Nottingham Forest,Nikola Milenkovic,1,2024,249,6174,D,37,3330,5,4.571180831640959,5,4.571180831640959,2,1.043909177184105,29,9,4,0,5.973378486931324,4.907668113708496
ENG-Premier League,2425,Nottingham Forest,Ola Aina,1,2024,249,725,D M,35,3020,2,0.4608655953779816,2,0.4608655953779816,1,2.045018967241049,11,16,5,0,10.08774260431528,8.546997111290693
ENG-Premier League,2425,Nottingham Forest,Ramón Sosa,1,2024,249,13021,M S,19,246,1,1.1310514248907566,1,1.1310514248907566,0,0.6833146139979362,11,8,1,0,2.070654297247529,0.2562882862985134
ENG-Premier League,2425,Nottingham Forest,Ryan Yates,1,2024,249,11003,M S,35,1883,2,2.863330416381359,2,2.863330416381359,1,1.0837957467883823,33,19,10,0,6.05943701043725,4.180756267160177
ENG-Premier League,2425,Nottingham Forest,Taiwo Awoniyi,1,2024,249,7814,F S,26,363,1,2.418665297329426,1,2.418665297329426,0,0.0885970722883939,10,2,0,0,2.95575431548059,0.4484919551759958
ENG-Premier League,2425,Nottingham Forest,Willy Boly,1,2024,249,6850,D S,6,139,0,0.082951508462429,0,0.082951508462429,0,0.0,1,0,1,0,0.1375844292342662,0.1375844292342662
ENG-Premier League,2425,Nottingham Forest,Álex Moreno,1,2024,249,4120,D S,15,978,0,0.2170073073357343,0,0.2170073073357343,1,1.076141320168972,6,8,2,0,2.5304054114967585,1.5371484030038118
ENG-Premier League,2425,Southampton,Aaron Ramsdale,1,2024,74,5603,GK,30,2700,0,0.0,0,0.0,0,0.0,0,0,2,0,2.393984962254762,2.393984962254762
ENG-Premier League,2425,Southampton,Adam Armstrong,1,2024,74,4419,F M S,20,1282,2,3.93346855416894,2,3.1722997166216373,2,2.005434782244265,26,9,4,0,6.038746699690819,1.9466782938688996
ENG-Premier League,2425,Southampton,Adam Lallana,1,2024,74,486,M S,14,342,0,0.1523155756294727,0,0.1523155756294727,2,0.5534783098846674,3,4,4,0,1.702550608664751,1.124756133183837
ENG-Premier League,2425,Southampton,Albert Grønbæk,1,2024,74,12880,F M S,4,150,0,0.0602192617952823,0,0.0602192617952823,0,0.0312254857271909,2,1,0,0,0.0834532883018255,0.0232340265065431
ENG-Premier League,2425,Southampton,Alex McCarthy,1,2024,74,635,GK,5,450,0,0.0,0,0.0,0,0.0,0,0,0,0,0.4999673590064049,0.4999673590064049
ENG-Premier League,2425,Southampton,Armel Bella Kotchap,1,2024,74,9710,D S,4,331,0,0.2672498822212219,0,0.2672498822212219,0,0.0,1,0,0,0,0.7146918140351772,0.7146918140351772
ENG-Premier League,2425,Southampton,Ben Brereton Díaz,1,2024,74,11815,F M S,10,438,0,1.3112603276968002,0,1.3112603276968002,0,0.1556207612156868,11,3,1,0,2.001358740031719,0.5646974295377731
ENG-Premier League,2425,Southampton,Cameron Archer,1,2024,74,9912,F S,35,1409,2,6.92764007486403,2,6.166471207514405,0,0.4734852155670523,29,6,0,0,7.4672291576862335,1.9211225835606456
ENG-Premier League,2425,Southampton,Charlie Taylor,1,2024,74,6044,D S,8,341,0,0.0,0,0.0,0,0.055130336433649,0,1,1,0,0.7140172049403191,0.6588868722319603
ENG-Premier League,2425,Southampton,Chimuanya Ugochukwu,1,2024,74,9451,M S,26,1689,1,0.8239525118842721,1,0.8239525118842721,1,0.9677973967045546,10,14,7,0,4.15837118960917,3.4592729564756155
ENG-Premier League,2425,Southampton,Flynn Downes,1,2024,74,10845,D M S,27,2175,1,0.8941574329510331,1,0.8941574329510331,0,1.6155836284160614,10,15,12,0,8.310527911409736,6.55848484672606
ENG-Premier League,2425,Southampton,Jack Stephens,1,2024,74,1735,D S,19,1418,1,0.6747798472642899,1,0.6747798472642899,0,0.2880069650709629,4,3,2,2,3.423359040170908,3.381859246641397
ENG-Premier League,2425,Southampton,James Bree,1,2024,74,11359,D S,17,1077,0,0.1093538105487823,0,0.1093538105487823,1,1.0717255100607872,4,9,0,0,3.7004061806946993,3.000851457938552
ENG-Premier League,2425,Southampton,Jan Bednarek,1,2024,74,6042,D,30,2538,2,1.0302477153018117,2,1.0302477153018117,0,0.3539321832358837,5,5,7,0,6.619636853225529,6.190516717731953
ENG-Premier League,2425,Southampton,Jay Robinson,1,2024,74,13582,M S,4,122,0,0.0555344186723232,0,0.0555344186723232,0,0.6817478071898222,1,3,0,0,0.873368987813592,0.1360867917537689
ENG-Premier League,2425,Southampton,Joachim Kayi-Sanda,1,2024,74,13636,S,2,9,0,0.0,0,0.0,0,0.0,0,0,0,0,0.1360867917537689,0.1360867917537689
ENG-Premier League,2425,Southampton,Joe Ayodele-Aribo,1,2024,74,10766,D M S,32,2019,3,2.926058968529105,3,2.926058968529105,0,1.7567494381219149,17,16,1,0,6.906115759164095,3.7257509492337695
ENG-Premier League,2425,Southampton,Joe Lumley,1,2024,74,12762,GK,3,270,0,0.0,0,0.0,0,0.0,0,0,0,0,0.1313364058732986,0.1313364058732986
ENG-Premier League,2425,Southampton,Kamaldeen Sulemana,1,2024,74,9630,F M S,26,1405,1,1.5610322337597609,1,1.5610322337597609,1,1.2623700015246868,29,10,2,0,3.277868576347828,1.0029112379997969
ENG-Premier League,2425,Southampton,Kyle Walker-Peters,1,2024,74,885,D M,33,2934,0,1.1614951640367508,0,1.1614951640367508,2,2.7974178763106465,20,23,5,0,9.133386302739382,6.938454505056143
ENG-Premier League,2425,Southampton,Mateus Fernandes,1,2024,74,12948,F M S,36,2964,2,5.0105931609869,2,5.0105931609869,4,3.847336508333683,42,34,8,0,12.354681935161352,6.976256597787142
ENG-Premier League,2425,Southampton,Maxwel Cornet,1,2024,74,3278,M S,2,71,0,0.0751236081123352,0,0.0751236081123352,0,0.0,1,0,1,0,0.0751236081123352,0.0
ENG-Premier League,2425,Southampton,Nathan Wood,1,2024,74,12763,D S,11,780,0,0.2937855720520019,0,0.2937855720520019,0,0.0214793030172586,2,1,2,0,2.371581122279167,2.3501018211245537
ENG-Premier League,2425,Southampton,Paul Onuachu,1,2024,74,11360,F S,25,1015,4,4.886736177839339,4,4.886736177839339,1,0.5158860571682453,34,8,4,0,5.4832437094300985,0.93475522659719
ENG-Premier League,2425,Southampton,Ronnie Edwards,1,2024,74,13239,S,1,7,0,0.0,0,0.0,0,0.0,0,0,0,0,0.0,0.0
ENG-Premier League,2425,Southampton,Ross Stewart,1,2024,74,13060,F S,12,379,1,0.8806956596672535,1,0.8806956596672535,0,0.0,9,0,1,0,1.6948200725018978,1.2228461802005768
ENG-Premier League,2425,Southampton,Ryan Fraser,1,2024,74,1683,D M S,8,314,0,0.0251516010612249,0,0.0251516010612249,0,0.1558907814323902,1,2,0,1,2.0469524562358856,1.8659100458025928
ENG-Premier League,2425,Southampton,Ryan Manning,1,2024,74,13134,D M S,24,1495,0,0.336783405393362,0,0.336783405393362,1,3.371531819924712,8,34,2,0,5.233867669478059,3.998649872839451
ENG-Premier League,2425,Southampton,Samuel Amo-Ameyaw,1,2024,74,11618,S,2,21,0,0.0327474772930145,0,0.0327474772930145,0,0.0393431074917316,1,1,1,0,0.0720905885100364,0.0
ENG-Premier League,2425,Southampton,Samuel Edozie,1,2024,74,10072,S,2,57,0,0.0,0,0.0,0,0.0817131176590919,0,1,1,0,0.6017810702323914,0.5200679302215576
ENG-Premier League,2425,Southampton,Taylor Harwood-Bellis,1,2024,74,8495,D S,34,2832,1,2.1951861269772053,1,2.1951861269772053,0,1.9898590259253977,20,14,9,0,7.381218569353223,6.122977705672383
ENG-Premier League,2425,Southampton,Tyler Dibling,1,2024,74,10586,F M S,33,1860,2,3.091769566759467,2,3.091769566759467,0,1.979686425998807,28,20,6,0,8.59219616651535,4.698215810582042
ENG-Premier League,2425,Southampton,Welington,1,2024,74,13403,D M S,10,481,0,0.0432555852457881,0,0.0432555852457881,0,0.0715155974030494,3,3,1,0,0.4047743640840053,0.3332587666809559
ENG-Premier League,2425,Southampton,William Smallbone,1,2024,74,8224,M S,18,657,1,0.6896725203841925,1,0.6896725203841925,0,0.5868444573134184,7,10,1,0,2.8830344323068857,2.286232426762581
ENG-Premier League,2425,Southampton,Yukinari Sugawara,1,2024,74,12761,D M S,30,1533,1,0.4496091231703758,1,0.4496091231703758,1,3.2835169788450003,14,17,4,0,5.613592414185405,4.167844578623772
ENG-Premier League,2425,Tottenham,Alfie Dorrington,1,2024,82,12193,S,1,9,0,0.0,0,0.0,0,0.0,0,0,0,0,0.0,0.0
ENG-Premier League,2425,Tottenham,Antonín Kinsky,1,2024,82,13348,GK,6,540,0,0.0,0,0.0,0,0.2203462421894073,0,1,0,0,1.1644498407840729,1.1644498407840729
ENG-Premier League,2425,Tottenham,Archie Gray,1,2024,82,10184,D M S,28,1729,0,0.0294456556439399,0,0.0294456556439399,0,0.1526386328041553,1,3,1,0,4.387982405722141,4.24487853422761
ENG-Premier League,2425,Tottenham,Ben Davies,1,2024,82,660,D S,17,1325,0,0.3614495517686009,0,0.3614495517686009,0,0.0991829298436641,5,2,5,0,5.178717454895377,5.166538378223777
ENG-Premier League,2425,Tottenham,Brandon Austin,1,2024,82,8093,GK,1,90,0,0.0,0,0.0,0,0.0,0,0,0,0,0.404704749584198,0.404704749584198
ENG-Premier League,2425,Tottenham,Brennan Johnson,1,2024,82,10760,F M S,33,2178,11,11.162618312984703,11,11.162618312984703,3,2.948688331991434,54,19,5,0,16.477571818977594,3.746892217546701
ENG-Premier League,2425,Tottenham,Cristian Romero,1,2024,82,7218,D,18,1426,1,1.905144028365612,1,1.905144028365612,0,0.6253029182553291,16,7,3,0,6.663078460842371,6.324385602027178
ENG-Premier League,2425,Tottenham,Dane Scarlett,1,2024,82,9332,S,3,25,0,0.2694910168647766,0,0.2694910168647766,1,0.0761205926537513,1,1,0,0,0.345611609518528,0.0
ENG-Premier League,2425,Tottenham,Dejan Kulusevski,1,2024,82,6691,F M S,32,2391,7,5.52329240180552,7,5.52329240180552,4,6.502650566399097,47,64,3,0,16.012717846781015,5.773293157108128
ENG-Premier League,2425,Tottenham,Djed Spence,1,2024,82,10764,D S,25,1784,1,0.417020246386528,1,0.417020246386528,2,1.8481179997324944,10,11,2,1,6.893741740845144,6.0086276941001415
ENG-Premier League,2425,Tottenham,Dominic Solanke,1,2024,82,1679,F S,27,2220,9,12.416034620255232,8,11.65486578270793,3,2.4611449129879475,60,14,0,0,16.30166282877326,4.277167193591595
ENG-Premier League,2425,Tottenham,Fraser Forster,1,2024,82,831,GK,7,630,0,0.0,0,0.0,0,0.0,0,0,0,0,1.9027439206838608,1.9027439206838608
ENG-Premier League,2425,Tottenham,Guglielmo Vicario,1,2024,82,8858,GK,24,2160,0,0.0,0,0.0,0,0.0,0,0,1,0,5.163849472999573,5.163849472999573
ENG-Premier League,2425,Tottenham,Iyenoma Destiny Udogie,1,2024,82,8831,D S,25,1949,0,0.3497059941291809,0,0.3497059941291809,1,1.2607239335775375,5,16,2,0,9.83161280490458,9.174497099593282
ENG-Premier League,2425,Tottenham,James Maddison,1,2024,82,6818,M S,31,1851,9,5.8936047330498695,9,5.8936047330498695,7,6.016693122684956,39,42,6,0,15.656851299107077,7.841132877394557
ENG-Premier League,2425,Tottenham,Kevin Danso,1,2024,82,5261,D S,10,840,0,0.273663411848247,0,0.273663411848247,0,0.0684588281437754,7,2,0,0,2.74780847877264,2.70304573699832
ENG-Premier League,2425,Tottenham,Lucas Bergvall,1,2024,82,12912,M S,27,1187,0,0.6092278761789203,0,0.6092278761789203,1,0.7203583419322968,11,11,3,0,5.082979638129473,4.340266279876232
ENG-Premier League,2425,Tottenham,Mathys Tel,1,2024,82,9780,F S,13,920,2,2.799501243978739,1,2.0383324064314365,1,2.507141198962927,23,14,2,0,5.105695888400078,1.6562889069318771
ENG-Premier League,2425,Tottenham,Micky van de Ven,1,2024,82,10050,D S,13,1031,0,0.7710057385265827,0,0.7710057385265827,2,1.1784075498580933,6,2,4,0,5.82832533121109,4.649917840957642
ENG-Premier League,2425,Tottenham,Mikey Moore,1,2024,82,12603,F M S,10,351,0,0.1638267338275909,0,0.1638267338275909,1,0.6736010685563087,3,3,0,0,1.1337775886058807,0.846306886523962
ENG-Premier League,2425,Tottenham,Pape Sarr,1,2024,82,9021,M S,36,1913,3,3.994037317112088,3,3.994037317112088,2,2.015070780180394,34,16,6,0,11.247560657560824,7.256752958521247
ENG-Premier League,2425,Tottenham,Pedro Porro,1,2024,82,6912,D S,33,2611,2,1.8372661639004944,2,1.8372661639004944,6,6.575961069203913,39,57,5,0,15.45052813179791,12.003311963751912
ENG-Premier League,2425,Tottenham,Radu Dragusin,1,2024,82,9105,D S,16,1264,0,0.1772594656795263,0,0.1772594656795263,0,0.5174331180751324,5,4,1,0,4.84899147041142,4.778011908754706
ENG-Premier League,2425,Tottenham,Richarlison,1,2024,82,6026,F S,15,471,4,4.302900910377502,4,4.302900910377502,1,0.8242609575390816,17,4,2,0,3.5217423737049103,0.0788037851452827
ENG-Premier League,2425,Tottenham,Rodrigo Bentancur,1,2024,82,6108,M S,26,1674,2,1.3008952122181654,2,1.3008952122181654,0,0.3507859818637371,22,9,9,0,8.430497603490949,7.863584054633975
ENG-Premier League,2425,Tottenham,Sergio Reguilón,1,2024,82,7187,D S,4,187,0,0.1322939433157444,0,0.1322939433157444,0,0.0298521239310503,2,1,2,0,0.7971926778554916,0.696475438773632
ENG-Premier League,2425,Tottenham,Son Heung-Min,1,2024,82,453,F M S,30,2135,7,7.906742995604873,6,6.384405327960849,9,9.04414401575923,57,51,1,0,18.78970428556204,6.860619023442268
ENG-Premier League,2425,Tottenham,Timo Werner,1,2024,82,65,F M S,18,488,0,0.953228548169136,0,0.953228548169136,3,3.0806511119008064,8,10,0,0,5.666859710589051,1.7122303992509842
ENG-Premier League,2425,Tottenham,Will Lankshear,1,2024,82,13127,S,3,6,0,0.0,0,0.0,0,0.0,0,0,0,0,0.0,0.0
ENG-Premier League,2425,Tottenham,Wilson Odobert,1,2024,82,10822,F M S,16,845,1,2.115951618179679,1,2.115951618179679,0,0.8556916369125247,13,6,0,0,4.030231017619371,1.800855565816164
ENG-Premier League,2425,Tottenham,Yves Bissouma,1,2024,82,5609,M S,28,1404,2,0.4450572794303298,2,0.4450572794303298,0,0.292962247505784,11,6,7,0,5.60918369051069,5.173720224760473
ENG-Premier League,2425,West Ham,Aaron Cresswell,1,2024,81,534,D S,18,821,0,0.1508999690413475,0,0.1508999690413475,0,1.589625921100378,5,9,3,0,2.41888221912086,1.7282752357423306
ENG-Premier League,2425,West Ham,Aaron Wan-Bissaka,1,2024,81,5584,D M S,36,3156,2,1.3520639296621084,2,1.3520639296621084,5,4.088755523785949,16,33,1,0,12.051966872997582,8.27124732080847
ENG-Premier League,2425,West Ham,Alphonse Areola,1,2024,81,2310,GK S,26,2263,0,0.0,0,0.0,0,0.0,0,0,0,0,3.024439178407192,3.024439178407192
ENG-Premier League,2425,West Ham,Andy Irving,1,2024,81,12774,M S,10,142,0,0.1081755189225077,0,0.1081755189225077,0,0.2821362912654876,4,1,2,0,1.0017768368124962,0.9420072957873344
ENG-Premier League,2425,West Ham,Carlos Soler,1,2024,81,2478,M S,31,1422,1,2.29219813644886,1,2.29219813644886,1,1.0893699526786804,25,17,6,0,5.286610726267099,2.4397572688758373
ENG-Premier League,2425,West Ham,Crysencio Summerville,1,2024,81,9492,F M S,19,760,1,1.8140362668782477,1,1.8140362668782477,1,2.1587705314159398,14,17,2,0,4.351440954953432,1.1789654307067394
ENG-Premier League,2425,West Ham,Danny Ings,1,2024,81,986,F S,15,235,1,1.7657166114076972,1,1.7657166114076972,2,1.154838539659977,14,6,0,0,2.8344373060390358,0.2195451222360134
ENG-Premier League,2425,West Ham,Edson Álvarez,1,2024,81,11926,D M S,28,1772,0,0.319299204275012,0,0.319299204275012,1,0.7971771331503987,12,12,7,1,4.297576429322362,3.420444831252098
ENG-Premier League,2425,West Ham,Emerson,1,2024,81,1245,D M S,31,2167,2,2.1318588722497225,2,2.1318588722497225,1,1.2129619792103767,16,17,5,0,6.630555816926062,3.9276301879435778
ENG-Premier League,2425,West Ham,Guido Rodríguez,1,2024,81,8267,M S,23,1179,0,0.1626910055056214,0,0.1626910055056214,1,0.2192824073135852,8,4,6,0,2.944707117974758,2.794170718640089
ENG-Premier League,2425,West Ham,Jarrod Bowen,1,2024,81,1776,F M,34,2993,13,9.816103929653764,12,9.054935092106462,8,7.633318647742271,87,50,1,0,15.45670910179615,3.264575046487153
ENG-Premier League,2425,West Ham,Jean-Clair Todibo,1,2024,81,6816,D S,27,1833,0,0.2778066396713257,0,0.2778066396713257,0,0.0297562526538968,5,2,3,0,3.5863327868282795,3.5863327868282795
ENG-Premier League,2425,West Ham,Kaelan Casey,1,2024,81,11409,S,1,1,0,0.0,0,0.0,0,0.0,0,0,0,0,0.0,0.0
ENG-Premier League,2425,West Ham,Konstantinos Mavropanos,1,2024,81,6722,D S,33,2028,0,1.6612843237817287,0,1.6612843237817287,0,0.6751785762608051,18,5,4,1,4.6871272986754775,4.525988888926804
ENG-Premier League,2425,West Ham,Lewis Orford,1,2024,81,12296,S,2,43,0,0.0156571604311466,0,0.0156571604311466,0,0.0269074831157922,1,1,0,0,0.228230133652687,0.228230133652687
ENG-Premier League,2425,West Ham,Lucas Paquetá,1,2024,81,7365,F M S,33,2398,4,5.13420026563108,2,3.611862605437637,0,2.733525102958083,41,36,9,0,10.565001223236322,5.704350307583809
ENG-Premier League,2425,West Ham,Luis Guilherme,1,2024,81,13026,M S,12,121,0,0.3657259922474623,0,0.3657259922474623,0,0.1099593006074428,4,3,0,0,0.7313005086034536,0.4087594524025917
ENG-Premier League,2425,West Ham,Lukasz Fabianski,1,2024,81,706,GK S,14,1157,0,0.0,0,0.0,0,0.0,0,0,2,0,0.6126065440475941,0.6126065440475941
ENG-Premier League,2425,West Ham,Max Kilman,1,2024,81,7332,D,38,3348,0,1.714818298816681,0,1.714818298816681,1,0.9288761988282204,13,16,5,0,7.727036248892546,7.178434561938047
ENG-Premier League,2425,West Ham,Michail Antonio,1,2024,81,531,F S,14,859,1,2.99339403398335,1,2.99339403398335,1,1.598572283051908,19,9,1,0,5.190587151795626,1.7512829042971134
ENG-Premier League,2425,West Ham,Mohammed Kudus,1,2024,81,12027,F M S,32,2634,5,7.222215499728918,5,7.222215499728918,3,3.730667127296329,75,32,2,1,15.979954302310944,6.224050734192133
ENG-Premier League,2425,West Ham,Niclas Füllkrug,1,2024,81,6098,F S,18,775,3,2.1643357016146183,3,2.1643357016146183,2,2.0831744708120823,16,14,2,0,4.39640324562788,2.0444552544504404
ENG-Premier League,2425,West Ham,Oliver Scarles,1,2024,81,12358,D M S,15,644,0,0.1373369004577398,0,0.1373369004577398,0,0.1161051169037818,3,3,1,0,0.7346537318080664,0.5881846826523542
ENG-Premier League,2425,West Ham,Tomas Soucek,1,2024,81,8288,M S,35,2586,9,8.068854354321957,9,8.068854354321957,1,0.947371281683445,55,14,8,0,13.590047078207135,5.360286621376872
ENG-Premier League,2425,West Ham,Vladimir Coufal,1,2024,81,8965,D M S,22,1052,0,0.3236212413758039,0,0.3236212413758039,0,0.5783606953918934,7,8,5,0,3.653033196926117,3.296148657798767
ENG-Premier League,2425,Wolverhampton Wanderers,Alfie Pond,1,2024,229,13117,S,1,1,0,0.0,0,0.0,0,0.0,0,0,0,0,0.0,0.0
ENG-Premier League,2425,Wolverhampton Wanderers,André,1,2024,229,13022,M S,33,2538,0,0.2956870160996914,0,0.2956870160996914,0,0.8052516058087349,10,18,7,0,9.497647654265164,8.866849983111024
ENG-Premier League,2425,Wolverhampton Wanderers,Boubacar Traore,1,2024,229,8119,S,1,1,0,0.0,0,0.0,0,0.0,0,0,0,0,0.0,0.0
ENG-Premier League,2425,Wolverhampton Wanderers,Carlos Forbs,1,2024,229,13092,M S,10,210,0,0.1455498486757278,0,0.1455498486757278,0,0.0350774861872196,2,1,2,0,0.452562496997416,0.3067525858059525
ENG-Premier League,2425,Wolverhampton Wanderers,Chiquinho,1,2024,229,10327,S,1,5,0,0.0,0,0.0,0,0.0162079948931932,0,1,0,0,0.0610991492867469,0.0610991492867469
ENG-Premier League,2425,Wolverhampton Wanderers,Craig Dawson,1,2024,229,804,D S,15,950,0,0.4068407323211431,0,0.4068407323211431,0,0.0697851851582527,5,2,2,0,2.3292105179280043,2.31708031706512
ENG-Premier League,2425,Wolverhampton Wanderers,Daniel Bentley,1,2024,229,11361,GK,2,180,0,0.0,0,0.0,0,0.0,0,0,0,0,0.0324226282536983,0.0324226282536983
ENG-Premier League,2425,Wolverhampton Wanderers,Daniel Podence,1,2024,229,8291,S,2,36,0,0.0448911525309085,0,0.0448911525309085,0,0.0,1,0,0,0,0.0448911525309085,0.0
ENG-Premier League,2425,Wolverhampton Wanderers,Emmanuel Agbadou,1,2024,229,10856,D,16,1414,1,0.69438168220222,1,0.69438168220222,0,0.1891781575977802,7,4,3,0,3.78240617364645,3.7525524757802486
ENG-Premier League,2425,Wolverhampton Wanderers,Gonçalo Guedes,1,2024,229,5682,F M S,29,968,2,3.3298932649195194,2,3.3298932649195194,4,1.434443952515721,27,14,1,0,5.649957980960608,1.7406257223337889
ENG-Premier League,2425,Wolverhampton Wanderers,Hee-Chan Hwang,1,2024,229,8845,F M S,21,623,2,0.7990479003638029,2,0.7990479003638029,0,0.2850785907357931,5,3,0,0,2.01325161755085,0.9641339294612408
ENG-Premier League,2425,Wolverhampton Wanderers,Jean-Ricner Bellegarde,1,2024,229,7762,M S,35,1693,2,1.7939026495441794,2,1.7939026495441794,7,4.052603563293815,22,26,3,0,9.27028871141374,4.406124430708587
ENG-Premier League,2425,Wolverhampton Wanderers,José Sá,1,2024,229,9740,GK,29,2610,0,0.0,0,0.0,0,0.0653070900589227,0,3,2,0,1.157527199015021,1.0922201070934534
ENG-Premier League,2425,Wolverhampton Wanderers,João Gomes,1,2024,229,11384,M S,36,3034,3,2.872034505009651,3,2.872034505009651,1,1.199560061097145,35,22,9,1,13.400589838624,10.574760969728231
ENG-Premier League,2425,Wolverhampton Wanderers,Jørgen Strand Larsen,1,2024,229,11070,F S,35,2624,14,11.689683858305216,14,11.689683858305216,4,3.358626527711749,54,19,4,0,16.568026771768928,3.4464203380048275
ENG-Premier League,2425,Wolverhampton Wanderers,Mario Lemina,1,2024,229,1299,D M S,17,1366,1,1.1920787254348395,1,1.1920787254348395,3,1.287991652265191,17,10,4,0,5.342703886330128,3.873324125539512
ENG-Premier League,2425,Wolverhampton Wanderers,Marshall Munetsi,1,2024,229,7908,F M S,14,1076,2,2.8331323377788067,2,2.8331323377788067,1,1.988670129328966,22,9,0,0,5.903076875954866,1.3661639597266912
ENG-Premier League,2425,Wolverhampton Wanderers,Mateus Mané,1,2024,229,13484,S,1,1,0,0.0,0,0.0,0,0.0,0,0,0,0,0.0,0.0
ENG-Premier League,2425,Wolverhampton Wanderers,Matheus Cunha,1,2024,229,7080,F M S,33,2617,15,8.446298986673355,15,8.446298986673355,6,7.411126339808106,110,56,4,0,18.023087229579687,7.101435688324273
ENG-Premier League,2425,Wolverhampton Wanderers,Matt Doherty,1,2024,229,6852,D S,30,2140,2,1.576674222946167,2,1.576674222946167,1,1.7241646945476532,10,12,6,0,8.057520560920238,6.344307072460651
ENG-Premier League,2425,Wolverhampton Wanderers,Nasser Djiga,1,2024,229,13463,D S,5,65,0,0.0,0,0.0,0,0.0,0,0,0,0,0.0750548839569091,0.0750548839569091
ENG-Premier League,2425,Wolverhampton Wanderers,Nélson Semedo,1,2024,229,6163,D S,34,2897,0,0.9947248105891048,0,0.9947248105891048,4,2.185204219073057,18,25,8,0,9.799877418205142,7.2230052798986435
ENG-Premier League,2425,Wolverhampton Wanderers,Pablo Sarabia,1,2024,229,2199,M S,23,788,3,2.177397783845663,3,2.177397783845663,2,1.962121868506074,17,15,2,0,5.338883318006992,1.8083363715559244
ENG-Premier League,2425,Wolverhampton Wanderers,Pedro Lima,1,2024,229,13156,D S,3,68,0,0.05142717435956,0,0.05142717435956,0,0.0718730613589286,1,2,0,0,0.1370548047125339,0.0547929070889949
ENG-Premier League,2425,Wolverhampton Wanderers,Rayan Ait Nouri,1,2024,229,6674,D M,37,3180,4,3.612480252981186,4,3.612480252981186,7,5.460978699848056,36,46,6,0,13.966621531173589,7.902021802961826
ENG-Premier League,2425,Wolverhampton Wanderers,Rodrigo Gomes,1,2024,229,12756,D M S,25,756,2,0.6804056065157056,2,0.6804056065157056,0,0.979415087029338,7,12,0,0,1.9415704039856791,0.3165671061724424
ENG-Premier League,2425,Wolverhampton Wanderers,Sam Johnstone,1,2024,229,978,GK,7,630,0,0.0,0,0.0,0,0.0490641593933105,0,1,0,0,1.1530965231359005,1.1530965231359005
ENG-Premier League,2425,Wolverhampton Wanderers,Santiago Bueno,1,2024,229,10945,D S,29,1672,0,0.3284060172736645,0,0.3284060172736645,0,0.0,6,0,2,0,3.8933305330574512,3.8738088496029377
ENG-Premier League,2425,Wolverhampton Wanderers,Tom King,1,2024,229,12245,S,1,1,0,0.0,0,0.0,0,0.0,0,0,0,0,0.0,0.0
ENG-Premier League,2425,Wolverhampton Wanderers,Tommy Doyle,1,2024,229,8496,M S,24,431,0,0.3624565312638879,0,0.3624565312638879,1,0.3475889293476939,9,7,1,0,2.1030837008729577,1.6141937281936407
ENG-Premier League,2425,Wolverhampton Wanderers,Toti,1,2024,229,10293,D S,31,2622,0,0.9773350562900304,0,0.9773350562900304,1,0.9932401478290558,7,9,7,0,7.025007907301188,6.87811416387558
ENG-Premier League,2425,Wolverhampton Wanderers,Yerson Mosquera,1,2024,229,9958,D,5,448,0,0.4660062603652477,0,0.4660062603652477,0,0.094501007348299,2,2,2,0,1.0699441889300942,0.9818695159628988
ESP-La Liga,2425,Alaves,Abdelkabir Abqar,4,2024,158,9297,D,29,2489,0,0.8577928207814693,0,0.8577928207814693,1,0.2381232511252164,12,8,13,0,2.933803543448448,2.713847666978836
ESP-La Liga,2425,Alaves,Abderrahmane Rebbach,4,2024,158,11825,F M S,8,381,0,0.3279373608529567,0,0.3279373608529567,0,0.2754518706351518,6,6,1,0,1.1501923333853483,0.6715759411454201
ESP-La Liga,2425,Alaves,Adrián Pica,4,2024,158,12718,D S,9,489,0,0.6004659123718739,0,0.6004659123718739,0,0.0624145939946174,4,1,1,0,0.9397268313914536,0.9397268313914536
ESP-La Liga,2425,Alaves,Adrián Rodríguez,4,2024,158,10272,GK S,2,120,0,0.0,0,0.0,0,0.0,0,0,1,0,0.0376009717583656,0.0376009717583656
ESP-La Liga,2425,Alaves,Aleksander Sedlar,4,2024,158,7845,D S,9,599,0,0.0179237257689237,0,0.0179237257689237,0,0.0,1,0,1,1,0.1696080192923545,0.1696080192923545
ESP-La Liga,2425,Alaves,Ander Guevara,4,2024,158,6126,M S,33,1969,0,0.9672462455928326,0,0.9672462455928326,1,0.6741306530311704,12,12,3,0,3.655263607390225,2.1133727561682463
ESP-La Liga,2425,Alaves,Antonio Blanco,4,2024,158,9280,M S,35,2755,0,0.7065247548744082,0,0.7065247548744082,1,1.7390412520617249,25,14,10,1,6.047557967714965,4.138327054679394
ESP-La Liga,2425,Alaves,Antonio Martínez,4,2024,158,6400,F S,28,965,4,3.818366212770343,4,3.818366212770343,0,0.6796954162418842,44,12,1,0,4.94347195327282,1.5181170348078012
ESP-La Liga,2425,Alaves,Antonio Sivera,4,2024,158,6075,GK,32,2817,0,0.0,0,0.0,0,0.0350769869983196,0,1,6,1,0.7444533910602331,0.7093764003366232
ESP-La Liga,2425,Alaves,Asier Villalibre,4,2024,158,5173,F S,16,298,1,1.7566380016505718,0,1.013360369950533,1,0.9450216889381408,9,1,2,0,1.73167385160923,0.2002533720806241
ESP-La Liga,2425,Alaves,Carles Aleñá,4,2024,158,5058,M S,24,1568,0,1.2464379873126743,0,1.2464379873126743,2,2.068190712481737,20,23,2,0,3.5255685579031706,1.1926605817861855
ESP-La Liga,2425,Alaves,Carlos Benavídez,4,2024,158,11826,M S,18,456,1,0.204241182655096,1,0.204241182655096,1,0.6427380479872227,5,3,2,0,1.6226654779165983,1.093293646350503
ESP-La Liga,2425,Alaves,Carlos Martín,4,2024,158,10101,F M S,26,1367,2,2.4801127864047885,2,2.4801127864047885,2,2.588020442053676,26,12,3,0,4.012961556203663,1.1108323587104678
ESP-La Liga,2425,Alaves,Carlos Vicente,4,2024,158,12294,D F M S,37,3114,5,3.139239792712033,4,2.3959621535614133,5,6.42431272752583,37,62,3,0,8.250345922075212,2.7149507738649845
ESP-La Liga,2425,Alaves,Facundo Garcés,4,2024,158,13319,D S,10,670,0,0.1138303596526384,0,0.1138303596526384,0,0.7587253376841545,5,3,2,0,0.1813323842361569,0.0453559048473835
ESP-La Liga,2425,Alaves,Hugo Novoa Ramos,4,2024,158,9293,D M S,5,217,0,0.596488893032074,0,0.596488893032074,0,0.1158288680016994,1,2,0,0,1.4536456279456615,0.85715676471591
ESP-La Liga,2425,Alaves,Jesús Owono,4,2024,158,10010,GK S,6,482,0,0.0,0,0.0,0,0.0,0,0,0,0,0.0644543133676052,0.0644543133676052
ESP-La Liga,2425,Alaves,Joan Jordán,4,2024,158,2122,M S,25,1397,5,4.278463607653976,2,1.3053531553596258,2,2.1695005875080824,17,30,4,0,4.523949593305588,3.4168765898793936
ESP-La Liga,2425,Alaves,Jon Guridi,4,2024,158,5179,F M S,33,2149,3,4.341560154221952,2,3.598282544873655,1,1.142053421586752,24,17,6,0,5.9514668844640255,2.387185577303171
ESP-La Liga,2425,Alaves,Kike García,4,2024,158,5074,F S,35,2571,13,10.712679820135236,10,8.482846969738603,0,0.7632435280829668,63,13,3,1,9.772033462300897,2.0982022918760777
ESP-La Liga,2425,Alaves,Luis Rioja,4,2024,158,7870,D M S,37,2898,4,3.95416249614209,2,2.467607277445495,3,4.479461559094489,30,35,6,0,9.84668375365436,5.419024623930454
ESP-La Liga,2425,Alaves,Luka Romero,4,2024,158,8429,F M S,6,201,0,0.7706899177283049,0,0.0274123083800077,0,0.2663516765460372,2,4,0,0,0.5439141355454922,0.310863196849823
ESP-La Liga,2425,Alaves,Manuel Sánchez,4,2024,158,7605,D S,33,2651,1,1.6078453846275806,1,1.6078453846275806,0,1.1835778756067157,12,16,6,1,4.670513411983848,2.49046034924686
ESP-La Liga,2425,Alaves,Moussa Diarra,4,2024,158,7613,D S,26,1855,0,0.0248128250241279,0,0.0248128250241279,0,0.1712627625092864,1,4,6,0,3.680759072303772,3.5504128839820623
ESP-La Liga,2425,Alaves,Nahuel Tenaglia,4,2024,158,10364,D S,34,2930,2,2.742606063839048,2,2.742606063839048,1,1.9290947634726765,27,19,11,0,5.448577670380473,3.4270298033952717
ESP-La Liga,2425,Alaves,Pau Cabanes De La Torre,4,2024,158,13036,M S,16,311,1,0.6065235398709774,1,0.6065235398709774,0,0.6184967579320073,6,5,1,0,2.472264508716762,1.2864057002589109
ESP-La Liga,2425,Alaves,Santiago Mouriño,4,2024,158,13003,D S,25,1827,0,1.0117421904578805,0,1.0117421904578805,1,0.9486839417368174,13,7,7,0,2.93726375233382,2.229820301756263
ESP-La Liga,2425,Alaves,Stoichkov,4,2024,158,12717,F M S,16,675,0,1.194492194801569,0,1.194492194801569,1,1.0295014828443527,18,7,1,0,4.282519616186619,2.84641638956964
ESP-La Liga,2425,Alaves,Tomás Conechny,4,2024,158,12716,F M S,22,837,1,3.4765042532235384,1,3.4765042532235384,0,0.3463271465152502,22,7,8,0,4.250398634001613,1.142795331776142
ESP-La Liga,2425,Athletic Club,Adama Boiro,4,2024,147,12724,D M S,18,1120,0,0.3871587850153446,0,0.3871587850153446,0,0.4125944208353758,5,5,3,0,1.2153034526854751,0.7109720725566149
ESP-La Liga,2425,Athletic Club,Aingeru Olabarrieta,4,2024,147,12262,M,1,56,0,0.0,0,0.0,0,0.0,0,0,0,0,0.0,0.0
ESP-La Liga,2425,Athletic Club,Aitor Paredes,4,2024,147,8948,D S,23,1828,3,2.492131467908621,3,2.492131467908621,0,0.0571863129734993,6,2,2,1,6.065372170880437,6.008185857906938
ESP-La Liga,2425,Athletic Club,Alex Berenguer,4,2024,147,5091,F M S,36,2381,6,7.480133118107915,6,6.736855478957295,7,6.045956780202687,52,48,4,0,15.5762422606349,6.666818654164672
ESP-La Liga,2425,Athletic Club,Ander Herrera,4,2024,147,552,M S,8,254,0,1.9449006617069244,0,1.2016230076551435,0,0.1074133571237325,8,2,2,0,1.8970924727618692,0.7111891284584999
ESP-La Liga,2425,Athletic Club,Andoni Gorosabel,4,2024,147,6325,D S,20,1508,0,0.285134494304657,0,0.285134494304657,2,2.3711024783551693,2,15,5,0,5.064692297950387,3.415458796545863
ESP-La Liga,2425,Athletic Club,Beñat Prados,4,2024,147,9505,M S,30,1736,1,0.9114043265581132,1,0.9114043265581132,0,1.089272540062666,16,10,7,0,8.186401395127177,6.995430439710617
ESP-La Liga,2425,Athletic Club,Dani Vivian,4,2024,147,6766,D S,32,2590,4,2.3003999516367912,4,2.3003999516367912,0,0.6736323088407516,19,10,3,0,10.329670087434351,9.05257697403431
ESP-La Liga,2425,Athletic Club,De Marcos,4,2024,147,2452,D S,26,1554,0,1.15881422534585,0,1.15881422534585,4,2.8564788848161697,8,19,0,0,10.77343495376408,8.131631192751229
ESP-La Liga,2425,Athletic Club,Endika Bujan,4,2024,147,13431,S,1,2,0,0.0,0,0.0,0,0.0,0,0,0,0,0.0,0.0
ESP-La Liga,2425,Athletic Club,Gorka Guruzeta,4,2024,147,7020,F M S,36,1856,7,6.789272961206734,7,6.789272961206734,2,1.4514029724523425,59,15,2,0,9.18936501443386,2.057082111015916
ESP-La Liga,2425,Athletic Club,Inigo Ruiz de Galarreta,4,2024,147,9755,M S,26,1502,0,0.3707461981102824,0,0.3707461981102824,4,3.4690806306898594,11,28,5,0,8.672065565362573,7.616073386743665
ESP-La Liga,2425,Athletic Club,Iñaki Williams,4,2024,147,2399,F M S,35,2659,6,10.159808551892638,6,10.159808551892638,8,8.788650624454021,63,43,1,0,21.10827152617276,8.164707442745566
ESP-La Liga,2425,Athletic Club,Javier Martón,4,2024,147,11761,S,3,43,0,0.0,0,0.0,0,0.0,0,0,1,0,0.4475967586040497,0.4475967586040497
ESP-La Liga,2425,Athletic Club,Julen Agirrezabala,4,2024,147,9824,GK,14,1212,0,0.0,0,0.0,0,0.0,0,0,1,1,3.1538388207554817,3.1538388207554817
ESP-La Liga,2425,Athletic Club,Malcom Adu,4,2024,147,10981,S,1,12,0,0.0,0,0.0,0,0.0,0,0,0,0,0.0,0.0
ESP-La Liga,2425,Athletic Club,Maroan Sannadi,4,2024,147,13417,F S,16,743,1,3.2526460140943527,1,3.2526460140943527,1,1.2053465899080038,19,7,0,0,5.1390815153718,1.504334181547165
ESP-La Liga,2425,Athletic Club,Mikel Jauregizar,4,2024,147,12263,M S,34,2244,2,1.041112948209047,2,1.041112948209047,1,1.5972765255719423,21,24,4,1,10.448270935565231,8.638248216360807
ESP-La Liga,2425,Athletic Club,Mikel Vesga,4,2024,147,5077,M S,25,977,0,1.2418696712702513,0,0.4985920619219541,0,1.0357172600924969,6,12,1,0,4.317991346120834,2.9510606825351715
ESP-La Liga,2425,Athletic Club,Nico Williams,4,2024,147,9211,M S,29,1994,5,4.596975972875953,5,4.596975972875953,5,4.1709328312426805,55,40,1,0,13.329007916152475,6.340902808122337
ESP-La Liga,2425,Athletic Club,Nicolás Serrano,4,2024,147,9825,M S,4,107,0,0.1887172702699899,0,0.1887172702699899,0,0.0154199851676821,5,1,0,0,1.5473762713372707,1.3515974879264832
ESP-La Liga,2425,Athletic Club,Oihan Sancet,4,2024,147,7779,F M S,29,1645,15,10.459016836248338,12,8.229184023104608,1,1.8577970825135708,50,21,3,0,12.246665179729462,4.23063094355166
ESP-La Liga,2425,Athletic Club,Peio Canales,4,2024,147,13123,M S,8,247,0,0.1971820127218961,0,0.1971820127218961,0,0.4887658208608627,3,6,0,0,0.7809601724147797,0.5443078130483627
ESP-La Liga,2425,Athletic Club,Unai Gómez,4,2024,147,11531,D F M S,32,1267,1,2.785275062546134,1,2.785275062546134,3,1.0150505416095257,19,10,1,0,4.806635640561581,1.6319821402430534
ESP-La Liga,2425,Athletic Club,Unai Núñez,4,2024,147,6149,D S,10,643,0,0.494532972574234,0,0.494532972574234,0,0.0259444918483495,1,1,4,0,2.744684349745512,2.7187398560345173
ESP-La Liga,2425,Athletic Club,Unai Simón,4,2024,147,5185,GK,21,1890,0,0.0,0,0.0,0,0.0,0,0,0,0,1.360611855983734,1.360611855983734
ESP-La Liga,2425,Athletic Club,Yeray Álvarez,4,2024,147,5062,D S,21,1784,1,0.6109129982069135,1,0.6109129982069135,0,0.4750778339803219,9,4,4,0,4.334911390207708,4.297147526405752
ESP-La Liga,2425,Athletic Club,Yuri,4,2024,147,2229,D S,30,2027,0,0.5942616164684296,0,0.5942616164684296,2,1.9303123988211155,16,18,5,0,9.699211686849594,8.040501814335585
ESP-La Liga,2425,Athletic Club,Álex Padilla,4,2024,147,12227,GK S,5,315,0,0.0,0,0.0,0,0.0,0,0,0,0,0.5064679756760597,0.5064679756760597
ESP-La Liga,2425,Athletic Club,Álvaro Djaló,4,2024,147,13001,F M S,17,637,1,0.9031668566167356,1,0.9031668566167356,0,1.0898361578583715,15,4,2,0,3.104129819199443,1.2030200082808733
ESP-La Liga,2425,Athletic Club,Íñigo Lekue,4,2024,147,2403,D S,16,757,0,0.1394407600164413,0,0.1394407600164413,0,0.5742262145504355,2,8,1,0,2.311507798731327,1.7286586463451383
ESP-La Liga,2425,Atletico Madrid,Adrián Niño,4,2024,143,12115,S,1,10,0,0.1588024795055389,0,0.1588024795055389,0,0.0,2,0,0,0,0.1588024795055389,0.0
ESP-La Liga,2425,Atletico Madrid,Alexander Sørloth,4,2024,143,6531,F S,35,1525,20,20.454832896590236,19,19.711555287241936,2,1.304560586810112,79,13,4,0,21.53670882433653,2.1480457819998264
ESP-La Liga,2425,Atletico Madrid,Antoine Griezmann,4,2024,143,2270,F M S,38,2514,8,8.413829022087157,7,6.927273713983595,7,8.116289479658008,50,48,2,0,19.78995059709996,9.18062005378306
ESP-La Liga,2425,Atletico Madrid,Axel Witsel,4,2024,143,3059,D S,14,845,0,0.0610655918717384,0,0.0610655918717384,1,0.8424561601132154,1,2,1,0,3.891527419909835,3.0490712728351355
ESP-La Liga,2425,Atletico Madrid,Clement Lenglet,4,2024,143,5050,D,23,1987,2,2.1961113438010216,2,2.1961113438010216,1,0.9537689723074436,10,5,9,0,11.544151531532409,11.482247652485968
ESP-La Liga,2425,Atletico Madrid,Conor Gallagher,4,2024,143,9040,M S,32,1637,3,3.0007524248212576,3,3.0007524248212576,3,1.3112464919686315,23,12,2,0,7.897032497450709,4.44360277056694
ESP-La Liga,2425,Atletico Madrid,César Azpilicueta,4,2024,143,681,D S,14,881,1,0.1824781205505132,1,0.1824781205505132,0,0.0876918956637382,5,3,0,0,3.8849698714911938,3.7627249024808407
ESP-La Liga,2425,Atletico Madrid,Giménez,4,2024,143,2278,D S,27,1984,0,0.4644579738378525,0,0.4644579738378525,1,0.3644472956657409,5,2,3,0,8.44221980124712,8.077772490680218
ESP-La Liga,2425,Atletico Madrid,Giuliano Simeone,4,2024,143,9796,F M S,33,1988,2,3.001487374305725,2,3.001487374305725,6,7.1847349517047405,22,24,4,0,16.635959770530462,8.725617446005344
ESP-La Liga,2425,Atletico Madrid,Jan Oblak,4,2024,143,2261,GK,36,3240,0,0.0,0,0.0,0,0.0,0,0,0,0,5.667950822040439,5.667950822040439
ESP-La Liga,2425,Atletico Madrid,Javi Galán,4,2024,143,7385,D S,25,1806,0,0.2446220647543668,0,0.2446220647543668,2,3.3247619457542896,9,14,8,0,9.763243904337289,7.868124481290579
ESP-La Liga,2425,Atletico Madrid,Juan Musso,4,2024,143,7095,GK,2,180,0,0.0,0,0.0,0,0.0,0,0,0,0,0.0941221006214618,0.0941221006214618
ESP-La Liga,2425,Atletico Madrid,Julián Álvarez,4,2024,143,10846,F M S,37,2543,17,14.1592972795479,13,11.186186812352387,4,6.458727004006505,72,41,5,0,25.16218076646328,9.433768885210156
ESP-La Liga,2425,Atletico Madrid,Koke,4,2024,143,2269,M S,32,1915,1,1.498866917565465,1,1.498866917565465,1,1.3334013875573874,11,16,4,0,11.016456995159388,9.087679360061884
ESP-La Liga,2425,Atletico Madrid,Marcos Llorente,4,2024,143,2518,D M S,33,2515,2,0.6808289606124163,2,0.6808289606124163,4,3.794648887589574,16,28,0,1,14.097333351150157,11.85494233854115
ESP-La Liga,2425,Atletico Madrid,Nahuel Molina,4,2024,143,8963,D S,30,1565,0,0.9986370727419852,0,0.9986370727419852,3,1.934156723320484,9,13,1,0,9.530625693500042,7.783950371667743
ESP-La Liga,2425,Atletico Madrid,Pablo Barrios Rivas,4,2024,143,10494,M S,31,2347,1,1.3707369193434715,1,1.3707369193434715,4,2.9307284597307444,29,26,4,1,17.51480458304286,14.883386809378862
ESP-La Liga,2425,Atletico Madrid,Reinildo,4,2024,143,7432,D S,19,916,0,0.051562912762165,0,0.051562912762165,0,0.1836737468838691,1,2,4,0,3.498327238485217,3.402019379660487
ESP-La Liga,2425,Atletico Madrid,Robin Le Normand,4,2024,143,7276,D S,27,2140,1,1.3955917339771986,1,1.3955917339771986,0,0.6797869801521301,10,3,8,0,7.784352958202362,7.242462515830994
ESP-La Liga,2425,Atletico Madrid,Rodrigo Riquelme,4,2024,143,8002,D M S,16,493,0,1.4374090656638143,0,1.4374090656638143,1,1.0267814565449953,14,15,0,0,3.355600330978632,1.17163953371346
ESP-La Liga,2425,Atletico Madrid,Rodrigo de Paul,4,2024,143,1145,M S,34,2137,3,1.467378824017942,3,1.467378824017942,5,5.930679908953607,19,42,7,0,17.426378836855292,13.48079302161932
ESP-La Liga,2425,Atletico Madrid,Samuel Lino,4,2024,143,10943,D F M S,31,1580,3,6.083708981052041,3,6.083708981052041,4,3.475868873298168,45,22,3,0,14.264972588047383,6.56436438113451
ESP-La Liga,2425,Atletico Madrid,Thomas Lemar,4,2024,143,3425,S,5,67,0,0.4072210788726806,0,0.4072210788726806,0,0.2232601307332515,2,2,0,0,0.6370882447808981,0.2658982034772634
ESP-La Liga,2425,Atletico Madrid,Ángel Correa,4,2024,143,2275,F S,31,721,4,5.39614194072783,4,5.39614194072783,1,2.083751233294606,34,14,3,1,10.365330005064608,3.893400449305773
ESP-La Liga,2425,Barcelona,Andreas Christensen,4,2024,148,200,D S,5,239,0,0.0332164540886879,0,0.0332164540886879,0,0.04022017121315,1,1,3,0,1.4766459465026855,1.4766459465026855
ESP-La Liga,2425,Barcelona,Anssumane Fati,4,2024,148,7967,M S,6,228,0,1.1018417924642565,0,1.1018417924642565,0,0.1238601952791214,12,4,1,0,1.8863119632005687,0.8099945038557053
ESP-La Liga,2425,Barcelona,Dani Olmo,4,2024,148,8292,M S,25,1221,10,6.638132888823748,8,5.151577670127153,4,3.851693106815219,42,27,1,0,17.126844070851803,9.938899960368872
ESP-La Liga,2425,Barcelona,Daniel Rodríguez,4,2024,148,11634,M,1,37,0,0.0413202755153179,0,0.0413202755153179,0,0.0,2,0,0,0,0.3060602843761444,0.2647400200366974
ESP-La Liga,2425,Barcelona,Eric Garcia,4,2024,148,8045,D M S,29,1532,2,2.354891483671963,2,2.354891483671963,3,1.012534737586975,14,7,4,0,12.874616280198095,12.290382117033005
ESP-La Liga,2425,Barcelona,Fermín López,4,2024,148,11822,M S,28,1224,6,4.756551628932357,6,4.756551628932357,5,4.712301393970847,41,29,4,1,15.650715451687574,7.853520656004548
ESP-La Liga,2425,Barcelona,Ferrán Torres,4,2024,148,6441,F M S,27,1093,10,9.682402739301324,10,9.682402739301324,6,3.556156000122428,48,19,1,1,14.058789663016796,2.258015837520361
ESP-La Liga,2425,Barcelona,Frenkie de Jong,4,2024,148,7781,M S,26,1105,2,1.0243200585246086,2,1.0243200585246086,2,2.302895499393344,5,21,3,0,11.636852502822876,8.715320311486721
ESP-La Liga,2425,Barcelona,Gavi,4,2024,148,9804,F M S,26,1079,1,1.0601166114211082,1,1.0601166114211082,1,1.6527631673961878,11,14,4,0,7.769327191635966,5.841560788452625
ESP-La Liga,2425,Barcelona,Gerard Martín,4,2024,148,12821,D S,28,1018,1,0.6436223732307553,1,0.6436223732307553,3,1.2958451379090548,7,12,2,0,7.371043564751744,6.111580042168498
ESP-La Liga,2425,Barcelona,Hector Fort,4,2024,148,12171,D S,17,552,0,0.2694935295730829,0,0.2694935295730829,0,1.30174807831645,6,9,2,0,4.381688091903925,3.519320610910654
ESP-La Liga,2425,Barcelona,Iñaki Peña,4,2024,148,7287,GK S,16,1393,0,0.0,0,0.0,0,0.0,0,0,1,0,3.906119585037232,3.906119585037232
ESP-La Liga,2425,Barcelona,Iñigo Martínez,4,2024,148,2484,D,28,2505,0,0.5136058144271374,0,0.5136058144271374,4,2.2479534801095724,13,16,5,0,20.049223262816668,19.11283127591014
ESP-La Liga,2425,Barcelona,Jules Koundé,4,2024,148,6433,D S,32,2606,2,2.743822293356061,2,2.743822293356061,3,4.134010413661599,18,32,4,0,24.09632397815585,20.27425637468696
ESP-La Liga,2425,Barcelona,Lamine Yamal,4,2024,148,11527,F M S,35,2879,9,11.593033526092768,9,11.593033526092768,13,14.466477727517486,144,64,3,0,38.30787461996079,18.00324920192361
ESP-La Liga,2425,Barcelona,Marc Bernal,4,2024,148,12820,M,3,256,0,0.0560634769499301,0,0.0560634769499301,0,0.0110369473695755,2,1,2,0,1.5139116048812866,1.4468111991882324
ESP-La Liga,2425,Barcelona,Marc Casadó,4,2024,148,11151,M S,23,1640,1,0.9119365168735384,1,0.9119365168735384,3,1.634875988587737,14,9,2,1,14.537989675998688,13.50816598907113
ESP-La Liga,2425,Barcelona,Marc-André ter Stegen,4,2024,148,2090,GK,8,677,0,0.0,0,0.0,0,0.0,0,0,0,0,3.72348815202713,3.72348815202713
ESP-La Liga,2425,Barcelona,Pablo Torre,4,2024,148,11025,M S,10,302,3,0.2954732328653335,3,0.2954732328653335,1,0.9360514245927334,6,8,0,0,3.322905655950308,2.8765976540744305
ESP-La Liga,2425,Barcelona,Pau Cubarsí,4,2024,148,12005,D S,35,2631,0,0.9356927424669266,0,0.9356927424669266,3,1.5360766984522345,8,9,3,0,17.255911896005273,17.147910771891475
ESP-La Liga,2425,Barcelona,Pau Victor,4,2024,148,10953,F S,21,273,2,2.9672163296490908,2,2.9672163296490908,1,0.8769846558570862,14,8,2,0,4.459078095853329,0.7532445453107357
ESP-La Liga,2425,Barcelona,Pedri,4,2024,148,8935,M S,37,2941,4,2.5104309488087893,4,2.5104309488087893,5,7.80679078027606,24,70,3,0,31.42633649148047,23.62103444710374
ESP-La Liga,2425,Barcelona,Raphinha,4,2024,148,8026,F M S,36,2862,18,19.26599541865289,16,17.779440259560943,10,13.527044044807552,114,91,4,0,39.28257852047682,13.650435471907258
ESP-La Liga,2425,Barcelona,Robert Lewandowski,4,2024,148,227,F S,34,2716,27,29.41433861851692,24,26.441228091716766,2,2.4752993676811457,115,18,1,0,29.242779716849327,6.6593545116484165
ESP-La Liga,2425,Barcelona,Ronald Araújo,4,2024,148,8091,D S,12,771,1,1.166387401521206,1,1.166387401521206,1,0.4866340160369873,4,4,2,0,4.386615861207247,3.8932461254298687
ESP-La Liga,2425,Barcelona,Sergi Domínguez,4,2024,148,12823,D S,3,177,0,0.0,0,0.0,0,0.0,0,0,1,0,2.0779144912958145,2.0779144912958145
ESP-La Liga,2425,Barcelona,Wojciech Szczesny,4,2024,148,1244,GK,15,1350,0,0.0,0,0.0,0,0.0,0,0,1,0,5.236224640160799,5.236224640160799
ESP-La Liga,2425,Barcelona,Álex Balde,4,2024,148,9805,D S,32,2303,0,0.5467977644875646,0,0.5467977644875646,4,3.6562538016587496,12,26,2,0,19.236092265695333,17.1140445061028
ESP-La Liga,2425,Celta Vigo,Alfon,4,2024,152,9241,F M S,26,1382,5,4.900045620277524,5,4.900045620277524,2,3.2016264870762825,45,24,1,1,10.40202185884118,3.85110298357904
ESP-La Liga,2425,Celta Vigo,Borja Iglesias,4,2024,152,2543,F S,37,1968,11,11.553197539411483,11,11.553197539411483,3,3.1776098990812898,46,18,2,0,16.69970811251551,3.1693250574171543
ESP-La Liga,2425,Celta Vigo,Carl Starfelt,4,2024,152,7655,D S,28,2273,1,0.4953231886029243,1,0.4953231886029243,0,0.1819723965600133,5,6,5,0,10.488602657802405,10.47849022783339
ESP-La Liga,2425,Celta Vigo,Carlos Domínguez,4,2024,152,9519,D S,19,1178,0,0.1890972219407558,0,0.1890972219407558,0,0.0574535522609949,3,2,1,0,2.626098157837987,2.5686446595937014
ESP-La Liga,2425,Celta Vigo,Damián Rodríguez,4,2024,152,10614,M S,17,934,0,0.127200037240982,0,0.127200037240982,0,0.7659732662141323,4,17,3,0,6.718720376491547,6.550715155899525
ESP-La Liga,2425,Celta Vigo,Fernando López,4,2024,152,13200,F M S,17,654,2,2.6400635838508606,2,2.6400635838508606,0,2.177378611639142,20,14,2,0,6.863014008849859,2.4329893924295902
ESP-La Liga,2425,Celta Vigo,Fran Beltrán,4,2024,152,6931,M S,34,2443,2,0.895150656811893,2,0.895150656811893,1,2.1079451413825154,23,15,3,0,12.19867887813598,10.053263377398252
ESP-La Liga,2425,Celta Vigo,Franco Cervi,4,2024,152,9794,D F M S,7,266,0,0.0,0,0.0,0,0.5923479571938515,0,5,1,0,0.2243484333157539,0.0101217925548553
ESP-La Liga,2425,Celta Vigo,Hugo Sotelo,4,2024,152,9520,M S,24,1268,0,0.2050209920853376,0,0.2050209920853376,0,1.4551474852487445,4,18,5,0,6.345577529631555,6.105225531384349
ESP-La Liga,2425,Celta Vigo,Hugo Álvarez,4,2024,152,10078,D M S,26,1572,4,2.689221888780594,4,2.689221888780594,3,1.5981045421212912,25,18,6,0,10.966527298092842,7.376502707600594
ESP-La Liga,2425,Celta Vigo,Iago Aspas,4,2024,152,2290,F M S,30,1751,10,8.271357234567404,5,3.8116914834827194,5,4.823453789576888,52,38,4,1,11.48705436103046,5.211289323866367
ESP-La Liga,2425,Celta Vigo,Iker Losada,4,2024,152,7825,F M S,22,670,1,1.7151087075471878,1,1.7151087075471878,0,0.9550862051546574,8,11,2,0,3.86662982404232,1.4541495088487864
ESP-La Liga,2425,Celta Vigo,Ilaix Moriba,4,2024,152,9243,M S,33,2115,1,2.144344466738403,1,2.144344466738403,1,2.3155504409223795,34,20,7,1,10.528111347928643,7.22747259400785
ESP-La Liga,2425,Celta Vigo,Iván Villar,4,2024,152,5033,GK,4,360,0,0.0,0,0.0,0,0.0,0,0,0,0,1.140831671655178,1.140831671655178
ESP-La Liga,2425,Celta Vigo,Javier Manquillo,4,2024,152,1719,D S,10,533,0,0.0,0,0.0,0,0.0,0,0,1,0,2.8671045508235693,2.8671045508235693
ESP-La Liga,2425,Celta Vigo,Javier Rodríguez,4,2024,152,12180,D S,36,2490,3,2.7139997631311417,3,2.7139997631311417,2,1.1402707807719707,12,13,7,0,10.54056406300515,8.373259163461626
ESP-La Liga,2425,Celta Vigo,Jaílson,4,2024,152,12300,D S,13,600,0,0.1419549621641636,0,0.1419549621641636,0,0.0093720639124512,4,1,2,0,3.9245296269655223,3.907848492264748
ESP-La Liga,2425,Celta Vigo,Jonathan Bamba,4,2024,152,3749,D F M S,12,823,0,0.6564540937542915,0,0.6564540937542915,1,1.8708321638405323,13,12,1,0,5.798606216907501,3.787149213254452
ESP-La Liga,2425,Celta Vigo,Joseph Aidoo,4,2024,152,7826,D S,9,589,0,0.0353296548128128,0,0.0353296548128128,0,0.0,1,0,0,0,1.807937577366829,1.807937577366829
ESP-La Liga,2425,Celta Vigo,Luca De La Torre,4,2024,152,7600,S,1,1,0,0.0,0,0.0,0,0.0,0,0,0,0,0.0,0.0
ESP-La Liga,2425,Celta Vigo,Marcos Alonso,4,2024,152,1621,D S,31,2660,3,4.144722926430404,0,1.9148900685831904,0,1.8526116041466596,34,21,9,2,12.612315428443251,11.55401865579188
ESP-La Liga,2425,Celta Vigo,Mihailo Ristic,4,2024,152,5947,D S,10,436,0,0.0439287759363651,0,0.0439287759363651,1,0.1431337501853704,2,4,1,0,1.2196296527981758,1.0449446067214012
ESP-La Liga,2425,Celta Vigo,Pablo Durán,4,2024,152,11154,F M S,27,1393,4,3.09553406946361,4,3.09553406946361,4,3.1764622405171394,26,18,3,0,6.573258327320218,1.7288688998669386
ESP-La Liga,2425,Celta Vigo,Sergio Carreira,4,2024,152,8122,D M S,23,1658,0,0.954497255384922,0,0.954497255384922,4,2.7105087004601955,13,15,1,0,7.994517771527171,4.897111616097391
ESP-La Liga,2425,Celta Vigo,Tadeo Allende,4,2024,152,12423,S,1,1,0,0.0,0,0.0,0,0.0,0,0,0,0,0.0,0.0
ESP-La Liga,2425,Celta Vigo,Tasos Douvikas,4,2024,152,12030,F S,20,690,3,5.104495842941105,3,5.104495842941105,1,0.2298849076032638,17,3,2,0,6.26315959263593,0.9287788905203342
ESP-La Liga,2425,Celta Vigo,Vicente Guaita,4,2024,152,2190,GK,34,3060,0,0.0,0,0.0,0,0.0,0,0,0,0,3.646109187975526,3.646109187975526
ESP-La Liga,2425,Celta Vigo,Williot Swedberg,4,2024,152,10870,F M S,32,1329,4,5.415778731927276,4,5.415778731927276,5,2.35014989040792,32,16,1,0,9.57019367441535,3.778790196403861
ESP-La Liga,2425,Celta Vigo,Yoel Lago,4,2024,152,12642,D S,8,589,0,0.0,0,0.0,1,0.0332694351673126,0,1,2,0,1.515894988551736,1.4826255533844233
ESP-La Liga,2425,Celta Vigo,Óscar Mingueza,4,2024,152,9011,D M S,34,2761,4,2.1649911515414715,4,2.1649911515414715,6,5.681514337658882,33,33,6,0,19.6336851362139,15.253742268308995
ESP-La Liga,2425,Espanyol,Alejo Véliz,4,2024,141,12105,F S,27,1115,1,2.3388653844594955,1,2.3388653844594955,0,0.0692170769907534,19,2,3,0,4.326464080251753,2.6153524788096547
ESP-La Liga,2425,Espanyol,Alex Kral,4,2024,141,8017,F M S,37,2699,0,1.9735915949568152,0,1.9735915949568152,1,2.117718786001205,21,13,1,0,5.209526886232197,2.9570606537163258
ESP-La Liga,2425,Espanyol,Antoniu Roca,4,2024,141,12901,M S,26,1023,0,1.0565010253340006,0,1.0565010253340006,1,1.204389225691557,10,7,3,0,3.3538273815065622,1.111596254631877
ESP-La Liga,2425,Espanyol,Brian Oliván,4,2024,141,9754,D S,17,1020,0,0.4136427231132984,0,0.4136427231132984,1,0.9392329398542644,6,15,2,0,1.7435092814266682,1.511062864214182
ESP-La Liga,2425,Espanyol,Carlos Romero,4,2024,141,11402,D M S,34,2566,2,2.4829133171588182,2,2.4829133171588182,1,2.1038236087188125,29,29,7,0,7.027236828580499,4.245646607130766
ESP-La Liga,2425,Espanyol,Edu Expósito,4,2024,141,5081,F M S,19,1044,0,1.1886334270238876,0,1.1886334270238876,2,3.6731601301580663,18,28,3,0,4.60960179567337,2.6343457866460085
ESP-La Liga,2425,Espanyol,Fernando Calero,4,2024,141,6916,D S,21,675,1,0.5672088414430618,1,0.5672088414430618,0,0.0529283210635185,2,3,1,0,2.448731379583478,2.4190296418964863
ESP-La Liga,2425,Espanyol,Irvin Cardona,4,2024,141,5724,F M S,16,577,1,0.8832428082823753,1,0.8832428082823753,1,0.8650395907461643,10,9,1,0,1.4540209751576183,0.3410695493221283
ESP-La Liga,2425,Espanyol,Javi Puado,4,2024,141,6933,F M,35,3023,12,11.94582846853882,7,8.229440444149077,4,2.969266129657626,71,22,8,0,13.288859393447638,3.4392381412908435
ESP-La Liga,2425,Espanyol,Joan García,4,2024,141,9773,GK,38,3420,0,0.0722400173544883,0,0.0722400173544883,0,0.0,1,0,2,0,2.229509213939309,2.229509213939309
ESP-La Liga,2425,Espanyol,Jofre Carreras,4,2024,141,10209,D M S,37,2217,3,3.1961388355121017,3,3.1961388355121017,3,2.4950880901888013,40,24,4,0,6.170422764495015,1.3898820504546163
ESP-La Liga,2425,Espanyol,José Gragera,4,2024,141,11358,M S,10,580,0,0.0402989648282527,0,0.0402989648282527,0,0.0204612221568822,2,1,0,0,1.2626147661358118,1.222232036292553
ESP-La Liga,2425,Espanyol,Justin Smith,4,2024,141,9744,M S,5,209,0,0.0,0,0.0,0,0.0280212052166461,0,1,0,0,0.0928542204201221,0.0648330152034759
ESP-La Liga,2425,Espanyol,Leandro Cabrera,4,2024,141,6168,D S,33,2878,4,1.607494529336691,4,1.607494529336691,2,0.9267808236181736,19,9,4,1,5.69407269731164,4.897837527096272
ESP-La Liga,2425,Espanyol,Marash Kumbulla,4,2024,141,6324,D S,35,2981,3,2.694772657006979,3,2.694772657006979,0,0.2868086397647857,16,1,9,0,3.5295769898220897,3.123299193568528
ESP-La Liga,2425,Espanyol,Naci Ünüvar,4,2024,141,13029,S,2,13,0,0.0209408048540353,0,0.0209408048540353,0,0.0244460739195346,1,1,0,0,0.0653083771467208,0.0199214983731508
ESP-La Liga,2425,Espanyol,Omar El Hilali,4,2024,141,10875,D,36,3173,0,0.0311675742268562,0,0.0311675742268562,2,1.2102727070450785,2,8,11,0,5.609047906473279,4.489122552797198
ESP-La Liga,2425,Espanyol,Pere Milla,4,2024,141,4175,M S,20,402,3,1.566716724075377,3,1.566716724075377,0,0.3911232464015484,11,5,3,0,1.763829761184752,0.1153790983371436
ESP-La Liga,2425,Espanyol,Pol Lozano,4,2024,141,7916,M S,30,2015,0,0.1622262680903077,0,0.1622262680903077,1,1.0035563968122003,8,18,11,0,4.491670474410057,3.831235613673925
ESP-La Liga,2425,Espanyol,Rafael Bauza,4,2024,141,12903,M S,5,183,0,0.0838479502126574,0,0.0838479502126574,0,0.0,3,0,1,0,0.1827542660757899,0.0989063177257776
ESP-La Liga,2425,Espanyol,Roberto Fernández,4,2024,141,13350,F S,19,1537,6,3.2452549929730594,6,3.2452549929730594,0,0.8934735935181379,21,8,1,0,5.28150574862957,1.4016210669651628
ESP-La Liga,2425,Espanyol,Roger Hinojo,4,2024,141,13533,S,1,5,0,0.0,0,0.0,0,0.0,0,0,0,0,0.0,0.0
ESP-La Liga,2425,Espanyol,Sergi Gómez,4,2024,141,2282,D S,12,648,0,0.168179590255022,0,0.168179590255022,0,0.0,2,0,1,0,0.6573397871106863,0.5504737179726362
ESP-La Liga,2425,Espanyol,Tejero,4,2024,141,2519,D F M S,28,1227,1,0.6695728795602918,1,0.6695728795602918,4,3.328968109562993,17,32,2,0,4.459912845864892,2.6499889083206654
ESP-La Liga,2425,Espanyol,Urko Gonzalez,4,2024,141,8861,M S,18,1441,0,0.6779213137924671,0,0.6779213137924671,2,0.8731456827372313,4,10,2,0,3.598057383671403,2.2631248515099287
ESP-La Liga,2425,Espanyol,Walid Cheddira,4,2024,141,11989,F S,22,587,1,1.417538370937109,1,1.417538370937109,1,1.0388413574546576,13,6,3,0,1.9774260986596344,0.04055817425251
ESP-La Liga,2425,Espanyol,Álvaro Aguado,4,2024,141,10884,M S,16,421,0,0.4823393300175667,0,0.4823393300175667,1,0.7499874103814363,10,4,3,0,1.5331731978803873,0.7499846667051315
ESP-La Liga,2425,Getafe,Abdoulaye Keita,4,2024,142,13105,M S,3,92,0,0.0552290640771389,0,0.0552290640771389,0,0.0,2,0,0,0,0.0983588024973869,0.043129738420248
ESP-La Liga,2425,Getafe,Alberto Risco,4,2024,142,12566,S,5,46,0,0.1284910440444946,0,0.1284910440444946,0,0.1525612119585275,4,4,0,0,0.2111208271235227,0.0293412059545516
ESP-La Liga,2425,Getafe,Alex Sola,4,2024,142,7424,M S,19,1077,0,1.0217911591753364,0,1.0217911591753364,1,1.1393643002957106,14,9,4,0,2.331791497766972,0.6401858534663916
ESP-La Liga,2425,Getafe,Alvaro Rodríguez,4,2024,142,11186,F S,22,831,2,1.3045803681015968,2,1.3045803681015968,0,0.6382230799645185,25,5,6,0,2.529938815161586,0.89933867380023
ESP-La Liga,2425,Getafe,Bertug Yildirim,4,2024,142,12039,F S,22,1101,1,2.605826680548489,1,2.605826680548489,0,1.1420183782465756,19,9,7,0,3.125240233261138,0.1250734888017177
ESP-La Liga,2425,Getafe,Borja Mayoral,4,2024,142,2252,F S,24,1064,5,4.096165407449007,4,3.352887751534581,1,1.3159064333885908,20,8,0,0,5.958818988874555,1.8407440036535263
ESP-La Liga,2425,Getafe,Carles Pérez,4,2024,142,7609,M S,27,1438,3,3.4532571025192738,3,3.4532571025192738,0,1.2140490878373384,34,16,2,0,5.970107097178698,1.6416324898600578
ESP-La Liga,2425,Getafe,Christantus Uche,4,2024,142,12726,F M S,33,2542,4,3.5409127213060856,4,3.5409127213060856,6,4.277017377316952,50,29,5,2,10.609380455687642,4.319228434935212
ESP-La Liga,2425,Getafe,Coba da Costa,4,2024,142,13047,M S,19,1003,1,1.4314221981912851,1,1.4314221981912851,1,1.62605188973248,23,9,4,0,4.223033240064979,1.6803572215139866
ESP-La Liga,2425,Getafe,David Argüelles,4,2024,142,13106,S,1,4,0,0.0,0,0.0,0,0.0,0,0,0,0,0.0,0.0
ESP-La Liga,2425,Getafe,David Soria,4,2024,142,2415,GK,38,3420,0,0.0,0,0.0,0,0.0,0,0,2,0,1.185771830379963,1.185771830379963
ESP-La Liga,2425,Getafe,Diego Rico,4,2024,142,5065,D S,33,2822,0,0.3332223771139979,0,0.3332223771139979,3,3.2881504325196147,16,36,9,1,8.30121813248843,5.797270404174924
ESP-La Liga,2425,Getafe,Djené Dakonam,4,2024,142,6151,D M,31,2566,0,0.2309729969128966,0,0.2309729969128966,0,0.5771179310977459,6,9,12,1,2.182646923698485,1.6235282914713025
ESP-La Liga,2425,Getafe,Domingos Duarte,4,2024,142,7860,D S,22,1865,1,0.4832622818648815,1,0.4832622818648815,0,0.0426994562149047,3,2,3,2,2.0275963619351387,1.984896905720234
ESP-La Liga,2425,Getafe,Gorka Rivera,4,2024,142,10991,S,1,15,0,0.0,0,0.0,0,0.0,0,0,0,0,0.0,0.0
ESP-La Liga,2425,Getafe,Ismael Bekhoucha,4,2024,142,13334,S,5,51,0,0.0,0,0.0,0,0.0,0,0,2,0,0.099449910223484,0.099449910223484
ESP-La Liga,2425,Getafe,Jesús Santiago,4,2024,142,10561,M S,19,333,0,0.0227503161877393,0,0.0227503161877393,0,0.0,1,0,4,0,0.2263416983187198,0.2035913821309805
ESP-La Liga,2425,Getafe,John Finn,4,2024,142,9170,S,4,36,0,0.1108234133571386,0,0.1108234133571386,0,0.0,2,0,1,0,0.1272431872785091,0.0164197757840156
ESP-La Liga,2425,Getafe,Juan Bernat,4,2024,142,414,D M S,24,892,0,0.6867508264258504,0,0.6867508264258504,2,1.0954946149140596,6,10,0,0,3.2359174489974976,1.6032230257987976
ESP-La Liga,2425,Getafe,Juan Berrocal,4,2024,142,7186,D S,19,1061,0,0.5594088397920132,0,0.5594088397920132,0,0.0098865032196044,4,1,6,1,1.2938134968280792,1.2938134968280792
ESP-La Liga,2425,Getafe,Juan Iglesias,4,2024,142,9218,D M S,37,2888,0,1.4231894612312317,0,1.4231894612312317,1,2.0262022223323584,21,19,4,0,7.284523168578744,5.103721309453249
ESP-La Liga,2425,Getafe,Juanmi,4,2024,142,897,F M S,24,914,0,3.68753713183105,0,3.68753713183105,0,0.8351753782480955,19,8,4,0,6.010710448026657,1.7331584673374891
ESP-La Liga,2425,Getafe,Luis Milla,4,2024,142,8725,M S,33,2887,1,1.8550234846770763,0,1.1117458753287792,4,4.254146805033088,32,70,6,0,6.354824848473072,4.941841447725892
ESP-La Liga,2425,Getafe,Mauro Arambarri,4,2024,142,3264,F M S,35,2670,10,9.48172677308321,7,7.251893870532513,0,0.6496659852564335,56,18,10,0,9.033397678285835,3.090469960123301
ESP-La Liga,2425,Getafe,Nabil Aberdin,4,2024,142,12154,M S,7,270,0,0.0328521868214011,0,0.0328521868214011,0,0.0109659628942608,2,1,1,0,0.0929688019677996,0.0601166142150759
ESP-La Liga,2425,Getafe,Nyom,4,2024,142,565,D M S,20,877,1,0.5395618956536055,1,0.5395618956536055,2,0.366000946611166,9,5,3,0,0.9899815265089272,0.3919914942234754
ESP-La Liga,2425,Getafe,Omar Alderete,4,2024,142,8986,D M,34,2999,1,2.142343929037452,1,2.142343929037452,0,0.9147684648633004,38,11,8,0,3.7829769225791097,2.743792448192835
ESP-La Liga,2425,Getafe,Peter,4,2024,142,10188,M S,17,433,0,1.1894913874566555,0,1.1894913874566555,0,0.1224773619323968,12,4,1,0,1.7002479191869495,0.6087738163769245
ESP-La Liga,2425,Getafe,Ramón Terrats,4,2024,142,10947,F M S,26,1356,4,2.913407781161368,4,2.913407781161368,1,3.267416248098016,21,17,2,0,8.115381550043821,3.238492589443922
ESP-La Liga,2425,Girona,Abel Ruiz,4,2024,223,7549,F S,23,1383,4,4.9005944691598415,3,3.41403915733099,0,0.4394183754920959,23,8,3,0,4.868652863427997,1.384280538186431
ESP-La Liga,2425,Girona,Alejandro Francés,4,2024,223,12723,D S,18,1188,0,0.160219831392169,0,0.160219831392169,0,0.3334170170128345,6,3,2,0,3.6179798804223537,3.4983481355011463
ESP-La Liga,2425,Girona,Arnau Martinez,4,2024,223,10949,D M S,32,2631,2,2.5853976234793663,2,2.5853976234793663,2,1.9221024503931403,19,18,3,0,10.227491691708565,8.097760723903775
ESP-La Liga,2425,Girona,Arnaut Danjuma Groeneveld,4,2024,223,8066,F M S,28,1562,4,4.417052231729031,4,4.417052231729031,0,2.2786391004920006,36,24,3,0,6.554220780730248,1.8586476054042576
ESP-La Liga,2425,Girona,Arthur,4,2024,223,6942,M S,15,943,0,0.2702039405703544,0,0.2702039405703544,0,0.1782594732940197,6,5,2,0,1.3802417162805796,1.2591113429516554
ESP-La Liga,2425,Girona,Bojan Miovski,4,2024,223,12995,F S,17,898,2,2.675680473446846,2,2.675680473446846,1,0.1712184799835086,14,4,0,0,3.248766012489796,0.715272213332355
ESP-La Liga,2425,Girona,Bryan Gil Salvatierra,4,2024,223,7338,D F M S,25,1769,3,2.3540807403624058,3,2.3540807403624058,3,2.9273234866559505,32,22,4,0,7.851792827248573,4.512992458418012
ESP-La Liga,2425,Girona,Cristhian Stuani,4,2024,223,1709,F S,32,998,11,8.713445205241442,8,6.48361237719655,2,0.4286095313727855,34,7,4,0,5.798142310231924,0.6325159445405006
ESP-La Liga,2425,Girona,Daley Blind,4,2024,223,548,D S,34,2774,0,0.4222466517239809,0,0.4222466517239809,2,2.2111893985420465,10,19,2,0,12.418609752319751,10.995030511170626
ESP-La Liga,2425,Girona,David López,4,2024,223,1857,D S,29,2429,1,1.0169810615479946,1,1.0169810615479946,1,0.7759831454604864,12,4,4,0,8.894371684640646,8.797762390226126
ESP-La Liga,2425,Girona,Donny van de Beek,4,2024,223,8821,M S,26,1435,2,1.390021063387394,2,1.390021063387394,2,3.203115929849446,18,18,5,0,6.711185414344072,4.529698332771659
ESP-La Liga,2425,Girona,Ferrán Ruiz,4,2024,223,13186,S,1,14,0,0.0,0,0.0,0,0.0,0,0,0,0,0.0,0.0
ESP-La Liga,2425,Girona,Gabriel Misehouy,4,2024,223,12722,F S,9,235,1,0.7535906955599785,1,0.7535906955599785,0,0.1836777087301015,6,4,0,0,1.0116856452077627,0.254432993941009
ESP-La Liga,2425,Girona,Iker Almena,4,2024,223,11738,S,2,40,0,0.0407807305455207,0,0.0407807305455207,1,0.5271588806062937,1,2,0,0,0.671602189540863,0.1275573968887329
ESP-La Liga,2425,Girona,Iván Martín,4,2024,223,7529,M S,32,2054,1,1.4308387525379658,1,1.4308387525379658,1,1.8869791738688944,11,22,1,0,10.736840901896358,8.157949836924672
ESP-La Liga,2425,Girona,Jhon Solis,4,2024,223,12046,M S,19,491,1,0.6953313462436199,1,0.6953313462436199,0,0.0516566205769777,4,2,3,0,1.400166291743517,0.7516260519623756
ESP-La Liga,2425,Girona,Juanpe,4,2024,223,6121,D S,12,720,0,0.0912717506289482,0,0.0912717506289482,0,0.17641297634691,2,3,2,0,2.1675596088171005,2.160725638270378
ESP-La Liga,2425,Girona,Kim Min-Su,4,2024,223,13152,S,3,19,0,0.0,0,0.0,0,0.0,0,0,0,0,0.0479563139379024,0.0479563139379024
ESP-La Liga,2425,Girona,Ladislav Krejcí,4,2024,223,12721,D S,28,2436,2,1.6796669187024236,2,1.6796669187024236,0,0.3311499524861574,18,8,9,0,5.476491022855043,5.12742255628109
ESP-La Liga,2425,Girona,Miguel Gutiérrez,4,2024,223,8513,D M,29,2477,1,1.871825724840164,1,1.871825724840164,5,4.057582646608353,28,41,4,0,13.277818597853184,10.092323137447238
ESP-La Liga,2425,Girona,Oriol Romeu,4,2024,223,842,M S,25,1357,0,0.202604528516531,0,0.202604528516531,0,0.550816060975194,5,8,5,0,7.159846590831876,6.569908503443003
ESP-La Liga,2425,Girona,Papa Dame Ba,4,2024,223,13171,S,1,48,0,0.0730805322527885,0,0.0730805322527885,0,0.0,1,0,0,0,0.1032563000917434,0.0301757678389549
ESP-La Liga,2425,Girona,Pau López,4,2024,223,2107,S,1,42,0,0.0,0,0.0,0,0.0,0,0,0,0,0.0,0.0
ESP-La Liga,2425,Girona,Paulo Gazzaniga,4,2024,223,973,GK,36,3198,0,0.0,0,0.0,0,0.0,0,0,3,0,4.477905694395304,4.477905694395304
ESP-La Liga,2425,Girona,Portu,4,2024,223,6118,F M S,27,728,1,1.756409728899598,1,1.756409728899598,2,1.6340558864176271,8,14,4,0,4.305601870641112,0.9802276045084
ESP-La Liga,2425,Girona,Silvi Clua,4,2024,223,11737,M S,4,163,0,0.0339750852435827,0,0.0339750852435827,0,0.0339678153395652,2,1,0,0,0.6803017221391201,0.6123587936162949
ESP-La Liga,2425,Girona,Viktor Tsygankov,4,2024,223,11322,F M S,27,1947,2,2.957321310415864,2,2.957321310415864,5,4.1547895623371005,35,33,1,0,8.767555436119437,4.718396511860192
ESP-La Liga,2425,Girona,Vladyslav Krapyvtsov,4,2024,223,13420,GK,2,180,0,0.0,0,0.0,0,0.0,0,0,0,0,0.0,0.0
ESP-La Liga,2425,Girona,Yangel Herrera,4,2024,223,7350,M S,29,2293,4,4.82616575434804,4,4.82616575434804,3,2.40681491047144,39,16,10,1,8.74448224529624,4.21010279469192
ESP-La Liga,2425,Girona,Yáser Asprilla,4,2024,223,13005,F M S,27,1392,3,1.981335196644068,3,1.981335196644068,1,3.059433316811919,38,24,2,0,8.957312654703856,5.047165253199637
ESP-La Liga,2425,Las Palmas,Aboubacar Bassinga,4,2024,144,12736,S,1,2,0,0.0,0,0.0,0,0.0,0,0,0,0,0.0,0.0
ESP-La Liga,2425,Las Palmas,Adnan Januzaj,4,2024,144,323,F M S,18,563,2,0.991336464881897,2,0.991336464881897,1,1.1676771398633718,16,16,4,0,2.8455381020903587,1.26646002009511
ESP-La Liga,2425,Las Palmas,Alberto Moleiro,4,2024,144,12160,F M S,35,2765,6,5.749200511723757,6,5.749200511723757,1,3.676157739944756,68,41,5,0,12.830253762193024,5.828310145065188
ESP-La Liga,2425,Las Palmas,Andy Pelmard,4,2024,144,6501,D S,4,202,0,0.0172627475112676,0,0.0172627475112676,0,0.0775864273309707,1,1,1,0,0.1173907630145549,0.1173907630145549
ESP-La Liga,2425,Las Palmas,Arturo Rodríguez,4,2024,144,13644,S,1,18,0,0.0,0,0.0,0,0.0,0,0,0,0,0.0,0.0
ESP-La Liga,2425,Las Palmas,Benito Ramírez,4,2024,144,5041,D M S,19,431,0,0.3132398314774036,0,0.3132398314774036,0,0.9064611420035362,10,13,2,1,1.999934496358037,1.3046182934194803
ESP-La Liga,2425,Las Palmas,Daley Sinkgraven,4,2024,144,7899,D S,2,94,0,0.0,0,0.0,0,0.0142585979774594,0,1,0,0,0.5968886837363243,0.5968886837363243
ESP-La Liga,2425,Las Palmas,Diego Martín,4,2024,144,13531,S,2,30,0,0.0174019131809473,0,0.0174019131809473,0,0.0,1,0,0,0,0.0174019131809473,0.0
ESP-La Liga,2425,Las Palmas,Dinko Horkas,4,2024,144,12740,GK S,13,1081,0,0.0,0,0.0,0,0.0,0,0,1,0,0.6876389980316162,0.6876389980316162
ESP-La Liga,2425,Las Palmas,Dário Essugo,4,2024,144,13094,M S,27,1985,1,0.6471306988969445,1,0.6471306988969445,0,0.4316724920645356,23,13,7,2,4.46547017712146,3.756997517310083
ESP-La Liga,2425,Las Palmas,Enzo Loiodice,4,2024,144,6712,M S,17,661,0,0.2166092954576015,0,0.2166092954576015,0,0.1672270242124796,7,5,3,0,1.9230579771101477,1.7084442004561424
ESP-La Liga,2425,Las Palmas,Fabio González,4,2024,144,6079,S,2,44,0,0.0749905183911323,0,0.0749905183911323,0,0.0,2,0,0,0,0.0344765707850456,0.0
ESP-La Liga,2425,Las Palmas,Fabio Silva,4,2024,144,8778,F M S,24,1902,10,9.277339147403836,8,7.047506239265204,3,2.487750245258212,49,16,7,0,9.964714661240578,2.4896166315302253
ESP-La Liga,2425,Las Palmas,Jaime Mata,4,2024,144,7009,F M S,30,571,0,2.454514908604324,0,2.454514908604324,0,0.1070462688803672,17,3,8,0,3.0006161741912365,0.5710783675312996
ESP-La Liga,2425,Las Palmas,Jasper Cillessen,4,2024,144,5057,GK,27,2339,0,0.0,0,0.0,0,0.0,0,0,1,0,2.925926886498928,2.925926886498928
ESP-La Liga,2425,Las Palmas,Javi Muñoz,4,2024,144,4168,D M S,35,2592,1,2.036266847513616,1,2.036266847513616,3,2.3168882727622986,25,29,5,0,8.457278970628977,5.359604928642511
ESP-La Liga,2425,Las Palmas,José Campaña,4,2024,144,4034,M S,25,1208,0,0.1375535074621439,0,0.1375535074621439,3,0.8891085628420115,5,13,4,0,2.551904497668147,2.465941285714507
ESP-La Liga,2425,Las Palmas,José Carlos González,4,2024,144,13645,S,1,8,0,0.0,0,0.0,0,0.0,0,0,0,0,0.0,0.0
ESP-La Liga,2425,Las Palmas,Juan Herzog,4,2024,144,11747,D S,19,1321,0,0.586847435683012,0,0.586847435683012,0,0.0,10,0,1,0,2.7008586302399635,2.597265738993883
ESP-La Liga,2425,Las Palmas,Kirian Rodríguez,4,2024,144,11743,M,21,1792,0,1.693218463100493,0,1.693218463100493,3,1.669024096801877,21,16,2,0,7.692378982901573,5.614286290481687
ESP-La Liga,2425,Las Palmas,Manu Fuster,4,2024,144,12738,F M S,28,958,2,0.7450216170400381,2,0.7450216170400381,1,1.388091037981212,18,28,2,0,3.029275342822075,1.4052639389410615
ESP-La Liga,2425,Las Palmas,Marc Cardona,4,2024,144,5159,S,11,98,0,0.2827252447605133,0,0.2827252447605133,0,0.0,4,0,2,0,0.5431439466774464,0.260418701916933
ESP-La Liga,2425,Las Palmas,Marvin Park,4,2024,144,8863,D F M S,23,1008,0,0.2265379466116428,0,0.2265379466116428,0,1.275867696851492,5,6,4,0,3.4733193833380938,2.1760428566485643
ESP-La Liga,2425,Las Palmas,Mika Mármol,4,2024,144,10224,D M S,30,2398,0,0.4563526511192322,0,0.4563526511192322,1,1.5602368731051683,10,16,5,0,7.467444524168968,6.85720550082624
ESP-La Liga,2425,Las Palmas,Oliver McBurnie,4,2024,144,1736,F S,34,1835,3,6.037325001321733,3,6.037325001321733,6,3.4504245165735483,32,23,3,0,10.23814307153225,1.5718960762023926
ESP-La Liga,2425,Las Palmas,Pejiño,4,2024,144,11746,S,1,12,0,0.027307828888297,0,0.027307828888297,0,0.0,1,0,0,0,0.027307828888297,0.0
ESP-La Liga,2425,Las Palmas,Sandro Ramírez,4,2024,144,2537,F M S,31,2086,9,4.299026200547814,8,3.555748550221324,3,3.498643457889557,52,28,6,0,7.435247108340263,2.219607894308865
ESP-La Liga,2425,Las Palmas,Scott McKenna,4,2024,144,10757,D S,29,2468,0,1.1912503112107515,0,1.1912503112107515,0,0.2465306296944618,10,4,5,1,4.782997235655785,4.271701442077756
ESP-La Liga,2425,Las Palmas,Sergio Viera,4,2024,144,13366,M S,2,92,0,0.0180441178381443,0,0.0180441178381443,0,0.0,1,0,1,0,0.0247787293046712,0.0247787293046712
ESP-La Liga,2425,Las Palmas,Stefan Bajcetic,4,2024,144,10723,D M S,14,986,1,0.1618144428357482,1,0.1618144428357482,0,0.2184264194220304,5,7,4,0,1.4333512708544731,1.2132029794156551
ESP-La Liga,2425,Las Palmas,Valentín Pezzolesi,4,2024,144,12739,S,1,5,0,0.0,0,0.0,0,0.0,0,0,0,0,0.0,0.0
ESP-La Liga,2425,Las Palmas,Viti Rozada,4,2024,144,12737,D S,29,2005,0,0.0669757910072803,0,0.0669757910072803,2,1.4213977381587029,3,12,5,0,4.21627417486161,3.173089588060975
ESP-La Liga,2425,Las Palmas,Álex Muñoz,4,2024,144,5137,D S,21,1443,3,1.1511703273281455,3,1.1511703273281455,0,0.5306877195835114,9,7,3,0,5.856701044365764,4.921549832448363
ESP-La Liga,2425,Las Palmas,Álex Suárez,4,2024,144,11742,D,30,2498,0,0.3234486058354378,0,0.3234486058354378,0,0.1860176008194685,6,3,11,0,3.2029242739081383,3.080129470676184
ESP-La Liga,2425,Leganes,Adrià Alti,4,2024,159,11834,D M S,22,1645,0,0.2496103877201676,0,0.2496103877201676,0,0.5857671527191997,7,11,6,0,2.443735755048692,2.062911454588175
ESP-La Liga,2425,Leganes,Aritz Arambarri,4,2024,159,7835,D,2,180,0,0.0417447015643119,0,0.0417447015643119,0,0.0,1,0,0,0,0.2693354785442352,0.2693354785442352
ESP-La Liga,2425,Leganes,Borna Barisic,4,2024,159,13437,D,1,9,0,0.0,0,0.0,0,0.0,0,0,0,0,0.0,0.0
ESP-La Liga,2425,Leganes,Darko Brasanac,4,2024,159,5037,M S,30,1606,1,2.05446045473218,1,2.05446045473218,2,0.3227075841277838,12,9,4,0,3.912908762693405,1.896696176379919
ESP-La Liga,2425,Leganes,Diego García,4,2024,159,12794,F M S,28,1171,3,4.401241090148687,3,4.401241090148687,0,0.2550247954204678,29,6,2,0,4.547595828771591,0.9056342523545028
ESP-La Liga,2425,Leganes,Duk,4,2024,159,13438,M S,10,149,0,0.0315059209242463,0,0.0315059209242463,0,0.5542192105203867,2,5,1,0,0.5542192105203867,0.0
ESP-La Liga,2425,Leganes,Enric Franquesa,4,2024,159,9765,D M S,12,612,1,0.3923423383384943,1,0.3923423383384943,0,0.0570244826376438,4,2,1,0,0.8776321262121201,0.5426520425826311
ESP-La Liga,2425,Leganes,Javi Hernández,4,2024,159,8422,D M S,31,2401,2,1.134048592299223,2,1.134048592299223,1,1.543774362653494,17,17,6,0,3.576768623664975,2.427387349307537
ESP-La Liga,2425,Leganes,Jorge Sáenz,4,2024,159,7828,D S,23,1694,1,1.8186329379677773,1,1.8186329379677773,0,0.1442689262330532,8,2,3,1,2.513561565428972,2.369292639195919
ESP-La Liga,2425,Leganes,Juan Cruz,4,2024,159,6759,D F M S,34,2292,5,2.7526479018852115,5,2.7526479018852115,4,4.149010988883674,33,25,2,0,7.974728053435683,2.569998520426452
ESP-La Liga,2425,Leganes,Juan Soriano,4,2024,159,6257,GK,6,540,0,0.0,0,0.0,0,0.0,0,0,1,0,0.3865733314305544,0.3865733314305544
ESP-La Liga,2425,Leganes,Julián Chicco,4,2024,159,12793,D M S,14,273,0,0.3933754116296768,0,0.3933754116296768,1,0.4953148066997528,3,2,0,0,0.7068625688552856,0.2830714099109173
ESP-La Liga,2425,Leganes,Marko Dmitrovic,4,2024,159,6224,GK,32,2880,0,0.0,0,0.0,0,0.1017162278294563,0,1,0,0,1.91176825389266,1.810052026063204
ESP-La Liga,2425,Leganes,Matija Nastasic,4,2024,159,451,D S,26,2118,1,0.1443902030587196,1,0.1443902030587196,0,0.0886014476418495,2,2,3,0,2.486087303608656,2.469435315579176
ESP-La Liga,2425,Leganes,Miguel De la Fuente,4,2024,159,6924,F M S,34,1708,1,5.791498295031488,0,4.304943046532571,3,1.134644091129303,35,7,3,0,6.518890951760113,1.4080072399228811
ESP-La Liga,2425,Leganes,Munir,4,2024,159,2106,F M S,25,844,4,1.4313753638416529,4,1.4313753638416529,0,0.7138976156711578,21,8,1,1,3.3005733154714108,1.6323035079985857
ESP-La Liga,2425,Leganes,Raba,4,2024,159,5199,F M S,29,1925,8,7.210522370878607,4,3.49413430178538,6,6.12695131637156,44,46,6,0,9.66063447855413,2.529050065204501
ESP-La Liga,2425,Leganes,Renato Tapia,4,2024,159,8710,D M S,34,2442,1,0.6297735353000462,1,0.6297735353000462,0,0.2661577123217284,14,7,8,0,5.620162697974592,4.955714585259557
ESP-La Liga,2425,Leganes,Roberto López,4,2024,159,7195,M S,13,374,0,0.6060058553703129,0,0.6060058553703129,1,0.8888880126178265,7,10,0,0,1.0046397601254284,0.2171062752604484
ESP-La Liga,2425,Leganes,Sergio González,4,2024,159,12791,D S,36,2966,2,1.9580097878351808,2,1.9580097878351808,0,0.5771256238222122,13,4,2,1,2.742747124284506,2.678178194910288
ESP-La Liga,2425,Leganes,Seydouba Cissé,4,2024,159,12792,M S,34,2494,3,2.289319817908108,3,2.289319817908108,1,0.8812172105535865,24,17,3,1,8.082963166758418,5.432613124139607
ESP-La Liga,2425,Leganes,Sébastien Haller,4,2024,159,6144,F S,8,404,0,0.3581781834363937,0,0.3581781834363937,0,0.1350812464952469,4,1,0,0,0.4415042549371719,0.0493881031870842
ESP-La Liga,2425,Leganes,Valentin Rosier,4,2024,159,5615,D M S,32,2583,1,1.0204768180847168,1,1.0204768180847168,2,1.1147922053933144,13,12,8,0,4.845664316788316,3.539426350966096
ESP-La Liga,2425,Leganes,Yan Diomande,4,2024,159,13561,D M S,10,544,2,1.26889605820179,2,1.26889605820179,1,0.8170663304626942,11,14,1,0,3.6484999284148216,2.5935563445091248
ESP-La Liga,2425,Leganes,Yvan Neyou,4,2024,159,8689,M S,30,2344,1,0.4572473959997296,1,0.4572473959997296,1,0.7096966840326786,16,13,14,0,5.066599708050489,4.101959167979658
ESP-La Liga,2425,Leganes,Óscar Rodríguez,4,2024,159,6570,M S,29,1290,1,2.632121101953089,1,2.632121101953089,4,2.824665365740657,33,19,6,1,5.780915940180421,2.6671316027641296
ESP-La Liga,2425,Mallorca,Abdón Prats,4,2024,239,8014,F M S,24,400,2,2.7443290799856186,1,2.00105144828558,0,0.1290646139532327,14,3,4,0,1.7206827104091644,0.1596904546022415
ESP-La Liga,2425,Mallorca,Antonio Sánchez,4,2024,239,9970,D F M S,33,1353,0,1.2898992113769054,0,1.2898992113769054,0,0.4207525495439768,17,5,3,0,4.188069044612348,2.6425679912790656
ESP-La Liga,2425,Mallorca,Chiquinho,4,2024,239,10327,M S,8,134,0,0.2490370329469442,0,0.2490370329469442,0,0.0355911329388618,4,2,2,0,0.3664560653269291,0.1011424846947193
ESP-La Liga,2425,Mallorca,Copete,4,2024,239,10982,D S,25,1511,0,0.5529027758166194,0,0.5529027758166194,0,0.0,6,0,6,0,3.0933860559016466,2.9993373826146126
ESP-La Liga,2425,Mallorca,Cyle Larin,4,2024,239,11340,F S,32,1781,7,7.244329610839486,6,6.501052031293511,2,1.5815904028713703,39,8,4,0,6.705597769469023,1.3051558434963226
ESP-La Liga,2425,Mallorca,Dani Rodríguez,4,2024,239,7841,F M S,37,2207,4,3.405790278688073,4,3.405790278688073,7,4.1755089005455375,31,33,5,0,6.866879858076572,3.309280155226588
ESP-La Liga,2425,Mallorca,Daniel Luna,4,2024,239,11993,S,2,15,0,0.0,0,0.0,0,0.0,0,0,0,0,0.1117271408438682,0.1117271408438682
ESP-La Liga,2425,Mallorca,David López,4,2024,239,12074,D,2,172,0,0.0,0,0.0,0,0.0,0,0,0,0,0.0119909653440117,0.0119909653440117
ESP-La Liga,2425,Mallorca,Dominik Greif,4,2024,239,9756,GK,31,2790,0,0.0,0,0.0,0,0.0,0,0,1,0,2.511147951707244,2.511147951707244
ESP-La Liga,2425,Mallorca,Jan Salas,4,2024,239,12951,S,4,32,0,0.0615382231771945,0,0.0615382231771945,0,0.0,2,0,0,0,0.0735291885212063,0.0119909653440117
ESP-La Liga,2425,Mallorca,Javi Llabrés,4,2024,239,10128,M,1,60,0,0.0220389775931835,0,0.0220389775931835,0,0.0629322156310081,1,1,0,0,0.2983826696872711,0.2134114801883697
ESP-La Liga,2425,Mallorca,Johan Mojica,4,2024,239,6242,D S,36,2747,1,0.7688355734571815,1,0.7688355734571815,2,4.50119224563241,17,40,5,0,9.112911474891009,6.467207685112953
ESP-La Liga,2425,Mallorca,Leo Román,4,2024,239,9839,GK,7,630,0,0.0,0,0.0,0,0.0,0,0,0,0,0.7954421639442444,0.7954421639442444
ESP-La Liga,2425,Mallorca,Manuel Morlanes,4,2024,239,6592,M S,23,1335,0,0.4533621082082391,0,0.4533621082082391,0,0.4519094126299023,11,10,7,0,5.464884104207158,4.617404890246689
ESP-La Liga,2425,Mallorca,Marc Domenech,4,2024,239,12883,F M S,10,297,0,0.7432425078004599,0,0.7432425078004599,0,0.2158001670613885,8,5,0,0,1.1332007721066475,0.7108004167675972
ESP-La Liga,2425,Mallorca,Martin Valjent,4,2024,239,7838,D,31,2773,3,0.9961849488317966,3,0.9961849488317966,0,0.124384019523859,12,4,4,0,4.728357254527509,4.529047730378807
ESP-La Liga,2425,Mallorca,Mateu Morey,4,2024,239,8070,D S,16,734,0,0.4414233043789863,0,0.4414233043789863,0,0.2464218363165855,3,4,0,0,1.799698012880981,1.183547493070364
ESP-La Liga,2425,Mallorca,Omar Mascarell,4,2024,239,2456,M S,32,1994,1,0.855449890717864,1,0.855449890717864,0,0.0827271491289138,9,2,5,1,3.2351455856114626,2.4790145875886083
ESP-La Liga,2425,Mallorca,Pablo Maffeo,4,2024,239,1003,D M S,30,2385,0,0.3449152214452624,0,0.3449152214452624,2,4.4014428816735744,7,29,7,0,8.654321428388357,5.628506066277623
ESP-La Liga,2425,Mallorca,Raíllo,4,2024,239,2584,D,36,3211,2,2.7986418372020125,2,2.7986418372020125,0,1.8868699930608277,35,13,7,1,7.869464821182191,6.528888679109514
ESP-La Liga,2425,Mallorca,Roberto Navarro,4,2024,239,8765,M S,23,1302,1,2.833723386749625,1,2.833723386749625,0,1.881919821724296,18,13,3,0,7.154552217572928,3.6579713448882094
ESP-La Liga,2425,Mallorca,Samú Costa,4,2024,239,10974,M S,32,2667,0,2.070507390424609,0,2.070507390424609,2,1.747686741873622,30,14,7,1,6.658713826909661,4.448418968357146
ESP-La Liga,2425,Mallorca,Sergi Darder,4,2024,239,2621,M S,38,2811,2,1.8862759750336409,2,1.8862759750336409,6,4.959239151328802,36,54,4,0,10.42331206612289,7.28883396461606
ESP-La Liga,2425,Mallorca,Siebe Van der Heyden,4,2024,239,11749,D S,2,92,0,0.0257102325558662,0,0.0257102325558662,0,0.0425474643707275,1,1,0,0,0.2949447631835937,0.2949447631835937
ESP-La Liga,2425,Mallorca,Takuma Asano,4,2024,239,6087,F M S,21,1071,2,2.957052057608962,2,2.957052057608962,1,0.93105398863554,28,6,0,0,6.2074980661273,2.5558740701526403
ESP-La Liga,2425,Mallorca,Toni Lato,4,2024,239,2479,D S,14,615,0,0.0,0,0.0,0,0.3176251221448183,0,6,1,1,1.1517913285642862,0.919759590178728
ESP-La Liga,2425,Mallorca,Valery Fernández,4,2024,239,7246,M S,18,260,2,1.1641754806041718,2,1.1641754806041718,0,0.0254922192543745,3,1,1,0,0.939439283683896,0.0363370962440967
ESP-La Liga,2425,Mallorca,Vedat Muriqi,4,2024,239,9002,F S,29,2081,7,10.985502218827603,5,8.755669390782714,2,2.699738325551152,54,27,1,2,10.095736857503653,1.4222737727686765
ESP-La Liga,2425,Osasuna,Abel Bretones,4,2024,157,12790,D M S,35,2061,2,0.4541091760620475,2,0.4541091760620475,0,1.106137989088893,12,16,3,0,4.3427660362795,3.045761490240693
ESP-La Liga,2425,Osasuna,Aimar Oroz,4,2024,157,8424,F M S,37,3027,5,4.505093781277537,4,3.7618161272257566,4,4.083869905211031,49,39,7,0,14.308762029744685,9.082503446377814
ESP-La Liga,2425,Osasuna,Aitor Fernández,4,2024,157,4193,GK,1,90,0,0.0,0,0.0,0,0.0,0,0,0,0,0.0,0.0
ESP-La Liga,2425,Osasuna,Alejandro Catena,4,2024,157,7604,D,35,3086,1,2.9847294874489307,1,2.9847294874489307,3,2.5119774006307125,20,10,11,0,6.841868652962148,4.892368209548295
ESP-La Liga,2425,Osasuna,Ante Budimir,4,2024,157,1235,F S,38,3008,21,20.66943975351751,13,14.723218826577067,4,1.8783285655081272,99,16,4,0,14.999033909291027,1.534797454252839
ESP-La Liga,2425,Osasuna,Bryan Zaragoza,4,2024,157,10143,F M S,27,1887,1,3.2676440300419927,1,3.2676440300419927,6,4.370135611854494,42,37,4,0,7.487064410001039,1.18960455711931
ESP-La Liga,2425,Osasuna,Enzo Boyomo,4,2024,157,12893,D S,37,3254,2,1.941539804451168,2,1.941539804451168,0,1.024203518405557,14,4,5,0,6.701995998620987,5.585668057203293
ESP-La Liga,2425,Osasuna,Iker Benito,4,2024,157,10273,S,2,28,0,0.0,0,0.0,0,0.019961753860116,0,1,0,0,0.019961753860116,0.0
ESP-La Liga,2425,Osasuna,Iker Muñoz,4,2024,157,11395,M S,23,554,0,0.521794113330543,0,0.521794113330543,1,0.968973096460104,11,6,2,0,3.5626386487856507,2.656475719064474
ESP-La Liga,2425,Osasuna,Javi Martínez,4,2024,157,8263,S,1,1,0,0.0,0,0.0,0,0.0,0,0,0,0,0.0,0.0
ESP-La Liga,2425,Osasuna,Jesús Areso,4,2024,157,9768,D S,36,3111,0,0.5701641449704766,0,0.5701641449704766,3,3.452265188097954,8,30,9,0,7.537882330827415,5.577389623038471
ESP-La Liga,2425,Osasuna,Jon Moncayola,4,2024,157,7857,M S,32,2144,0,1.583032850176096,0,1.583032850176096,0,3.2875387091189623,21,34,8,0,8.322481885552406,5.819439947605133
ESP-La Liga,2425,Osasuna,Jorge Herrando,4,2024,157,10858,D S,18,1362,1,1.7282755002379415,1,1.7282755002379415,0,0.0,13,0,3,0,1.1332577150315046,0.8354937434196472
ESP-La Liga,2425,Osasuna,José Arnáiz,4,2024,157,6470,M S,15,100,0,0.3046903256326914,0,0.3046903256326914,0,0.444795599207282,6,3,0,0,1.09269449301064,0.564286183565855
ESP-La Liga,2425,Osasuna,Juan Cruz,4,2024,157,8744,D S,25,1509,0,0.1194847133010625,0,0.1194847133010625,0,0.0261295326054096,4,1,4,0,3.8228932609781614,3.741608656011522
ESP-La Liga,2425,Osasuna,Kike Barja,4,2024,157,5140,F M S,15,296,0,0.1755196843296289,0,0.1755196843296289,1,1.4770732149481771,4,10,3,0,1.9822204429656267,0.7546407096087933
ESP-La Liga,2425,Osasuna,Lucas Torró,4,2024,157,7050,M,35,2983,3,2.6740165650844574,3,2.6740165650844574,0,0.9804754853248596,30,10,10,0,6.212580701336265,5.214350013062358
ESP-La Liga,2425,Osasuna,Moi Gómez,4,2024,157,2198,F M S,26,730,0,0.3465937990695238,0,0.3465937990695238,0,0.8948066756129265,6,11,1,0,1.156978888437152,0.3306217063218355
ESP-La Liga,2425,Osasuna,Nacho Vidal,4,2024,157,5162,D S,5,109,0,0.0,0,0.0,0,0.0,0,0,0,0,0.0,0.0
ESP-La Liga,2425,Osasuna,Pablo Ibáñez,4,2024,157,10857,M S,28,1286,1,1.4140569819137454,1,1.4140569819137454,1,1.2139921113848686,20,6,4,0,4.217783071100712,1.8093481920659544
ESP-La Liga,2425,Osasuna,Raul García,4,2024,157,8042,F S,32,673,4,3.332692926749587,4,3.332692926749587,0,0.6854467298835516,26,3,1,0,3.980593908578157,0.299630843102932
ESP-La Liga,2425,Osasuna,Rubén García,4,2024,157,2183,F M S,36,2481,5,2.820138428360224,5,2.820138428360224,5,5.068325296510011,27,49,2,0,8.147512812167406,3.837343811988831
ESP-La Liga,2425,Osasuna,Rubén Peña,4,2024,157,5075,D F M S,25,737,0,0.8619882110506296,0,0.8619882110506296,0,0.5118131535127759,10,13,1,0,2.453945313580334,1.3749668803066015
ESP-La Liga,2425,Osasuna,Sergio Herrera,4,2024,157,7859,GK,37,3330,0,0.0,0,0.0,0,0.0,0,0,5,0,3.095418728888035,3.095418728888035
ESP-La Liga,2425,Osasuna,Unai García,4,2024,157,5141,D S,3,67,0,0.0,0,0.0,0,0.0,0,0,0,0,0.0,0.0
ESP-La Liga,2425,Rayo Vallecano,Abdul Mumin,4,2024,145,11105,D,24,2020,2,0.7587368516251445,2,0.7587368516251445,1,0.1943545490503311,10,1,6,1,4.470557772554457,3.807200723327696
ESP-La Liga,2425,Rayo Vallecano,Adrián Embarba,4,2024,145,2166,F M S,35,1603,1,2.273956812918186,1,2.273956812918186,1,2.508247874677181,37,21,4,0,6.203048147261143,3.075208773836493
ESP-La Liga,2425,Rayo Vallecano,Alfonso Espino,4,2024,145,8733,D S,16,835,0,0.7072220253758132,0,0.7072220253758132,1,0.6576519934460521,10,5,4,0,2.9461317313835025,2.15861613675952
ESP-La Liga,2425,Rayo Vallecano,Andrei Ratiu,4,2024,145,7515,D M S,35,3066,2,2.136768433265388,2,2.136768433265388,3,5.584122102707624,31,36,5,0,16.212922966107726,10.544794468209147
ESP-La Liga,2425,Rayo Vallecano,Aridane Hernández,4,2024,145,7856,D S,14,1026,0,1.138437870889902,0,1.138437870889902,0,0.0502465143799781,8,2,1,0,3.4562611430883408,3.442083060741425
ESP-La Liga,2425,Rayo Vallecano,Augusto Batalla,4,2024,145,12298,GK,32,2880,0,0.0,0,0.0,0,0.0251279901713132,0,1,6,0,4.8040439039468765,4.778915913775563
ESP-La Liga,2425,Rayo Vallecano,Daniel Cárdenas,4,2024,145,8108,GK,6,540,0,0.0,0,0.0,0,0.0,0,0,0,0,0.1832175441086292,0.1832175441086292
ESP-La Liga,2425,Rayo Vallecano,Etienne Eto'o Pineda,4,2024,145,12866,S,2,35,0,0.0,0,0.0,0,0.0,0,0,0,0,0.0,0.0
ESP-La Liga,2425,Rayo Vallecano,Florian Lejeune,4,2024,145,5073,D,37,3329,2,3.584593147039413,2,3.584593147039413,3,1.934357212856412,58,15,8,0,12.011688228696585,11.115831405855715
ESP-La Liga,2425,Rayo Vallecano,Gerard Gumbau,4,2024,145,2609,M S,22,824,0,1.2887544548138976,0,1.2887544548138976,1,1.1936628250405192,14,17,4,0,3.5533126099035144,1.98497024551034
ESP-La Liga,2425,Rayo Vallecano,Isi Palazón,4,2024,145,9812,F M S,35,2166,4,5.376986410468817,4,5.376986410468817,4,4.5106864450499415,61,47,5,0,10.833110814914107,5.453833153471351
ESP-La Liga,2425,Rayo Vallecano,Iván Balliu,4,2024,145,5672,D S,25,1167,0,0.0213732570409774,0,0.0213732570409774,0,0.3424931820482015,1,6,3,0,2.977828769944608,2.866559601388872
ESP-La Liga,2425,Rayo Vallecano,James Rodríguez,4,2024,145,2249,M S,6,127,0,0.227073086425662,0,0.227073086425662,0,0.1026876494288444,4,2,1,0,0.7378233093768358,0.4842777736485004
ESP-La Liga,2425,Rayo Vallecano,Jorge De Frutos,4,2024,145,8107,F M S,36,2573,6,7.007565116509795,6,7.007565116509795,3,4.134156552609056,52,31,3,1,13.923229448497295,4.136822251603007
ESP-La Liga,2425,Rayo Vallecano,Pathé Ciss,4,2024,145,9815,D M S,33,2166,4,2.5608618520200253,4,2.5608618520200253,1,1.4429276585578918,21,17,12,0,8.696649100631475,7.0498334765434265
ESP-La Liga,2425,Rayo Vallecano,Pedro Díaz,4,2024,145,12863,M S,26,1199,3,2.7055065194144845,3,1.9622289100661876,0,2.281998419202864,31,26,2,0,7.330365147441626,4.710698988288641
ESP-La Liga,2425,Rayo Vallecano,Pelayo Fernández,4,2024,145,12864,D S,2,97,0,0.0,0,0.0,0,0.0,0,0,1,0,0.0,0.0
ESP-La Liga,2425,Rayo Vallecano,Pep Chavarría,4,2024,145,11087,D M S,34,2574,0,1.2517127385362985,0,1.2517127385362985,1,1.7112761475145817,11,24,3,0,7.243805920705199,4.986325871199369
ESP-La Liga,2425,Rayo Vallecano,Randy Nteka,4,2024,145,9813,F S,24,1151,3,3.335105416364968,3,3.335105416364968,0,0.764602230861783,16,9,6,0,5.225443046540022,1.2521962746977806
ESP-La Liga,2425,Rayo Vallecano,Raúl de Tomás,4,2024,145,4229,S,2,14,0,0.0,0,0.0,0,0.0,0,0,0,0,0.0,0.0
ESP-La Liga,2425,Rayo Vallecano,Sergi Guardiola,4,2024,145,5212,F S,16,321,0,2.3129940032958984,0,2.3129940032958984,0,0.1707483734935522,11,5,1,0,2.9668135587126017,0.6320127919316292
ESP-La Liga,2425,Rayo Vallecano,Sergio Camello,4,2024,145,7528,F S,23,1150,3,3.9392457250505686,3,3.9392457250505686,2,2.3095762208104134,32,19,2,0,6.908401124179363,1.970676053315401
ESP-La Liga,2425,Rayo Vallecano,Unai López,4,2024,145,4091,M S,32,1740,3,1.5628475891426206,3,1.5628475891426206,1,0.9076807517558336,26,19,9,1,6.345573823899031,4.654164179228246
ESP-La Liga,2425,Rayo Vallecano,Álvaro García,4,2024,145,7071,F M S,36,2581,4,7.53607615083456,4,7.53607615083456,5,5.74425695091486,71,49,4,0,16.058995511382818,4.641992820426822
ESP-La Liga,2425,Rayo Vallecano,Óscar Trejo,4,2024,145,3208,M S,19,475,1,0.5267041753977537,1,0.5267041753977537,0,0.7258390188217163,5,9,1,0,3.360026065260172,2.877153880894184
ESP-La Liga,2425,Rayo Vallecano,Óscar Valentín,4,2024,145,9811,M S,34,1804,0,0.7470753621309996,0,0.7470753621309996,0,0.8123187460005283,5,13,4,0,4.489038864150643,3.837142636999488
ESP-La Liga,2425,Real Betis,Abdessamad Ezzalzouli,4,2024,153,10095,M S,32,2038,2,9.58601439744234,2,8.842736758291721,2,2.4090976025909185,62,26,2,0,13.69968931004405,4.313502963632345
ESP-La Liga,2425,Real Betis,Adrián,4,2024,153,527,GK,19,1710,0,0.0,0,0.0,0,0.0,0,0,1,0,2.354312153533101,2.354312153533101
ESP-La Liga,2425,Real Betis,Aitor Ruibal,4,2024,153,6427,D F M S,29,1287,1,1.2729885298758743,1,1.2729885298758743,3,2.6539328563958406,16,20,5,0,6.9358999859541655,3.773071333765984
ESP-La Liga,2425,Real Betis,Antony,4,2024,153,11094,M S,17,1372,5,2.7814827393740416,5,2.7814827393740416,2,4.681491408497095,43,37,2,1,9.913269273936749,5.053524797782302
ESP-La Liga,2425,Real Betis,Assane Diao,4,2024,153,12081,F S,10,259,1,1.158294815570116,1,1.158294815570116,2,1.7619872577488422,7,8,0,0,2.881862808018923,0.0948665142059326
ESP-La Liga,2425,Real Betis,Carlos Guirao,4,2024,153,12799,M,2,123,0,0.0,0,0.0,0,0.0,0,0,0,0,0.3991784751415252,0.3991784751415252
ESP-La Liga,2425,Real Betis,Cédric Bakambu,4,2024,153,2306,F S,25,661,2,3.758650738745928,2,3.758650738745928,2,0.8444724157452583,24,8,3,0,6.533491887152195,2.590415248647332
ESP-La Liga,2425,Real Betis,Diego Llorente,4,2024,153,2163,D S,30,2521,2,1.8447644673287868,2,1.8447644673287868,0,0.3692819196730852,11,6,4,0,9.067388702183962,8.72049055248499
ESP-La Liga,2425,Real Betis,Ezequiel Ávila,4,2024,153,6955,F M S,19,642,2,1.82920506130904,2,1.82920506130904,0,1.3472508378326893,20,16,5,1,2.97471244353801,1.4486999604851007
ESP-La Liga,2425,Real Betis,Francisco Vieites,4,2024,153,6643,GK,4,360,0,0.0262540355324745,0,0.0262540355324745,0,0.0,1,0,0,0,0.5004626885056496,0.5004626885056496
ESP-La Liga,2425,Real Betis,Giovani Lo Celso,4,2024,153,5681,M S,25,1437,8,4.725559396669269,6,2.495726527646184,3,4.672125656157732,34,43,4,0,9.40762997791171,4.948757715523243
ESP-La Liga,2425,Real Betis,Héctor Bellerín,4,2024,153,492,D S,9,569,0,0.1106798574328422,0,0.1106798574328422,2,1.8224006593227384,1,8,1,0,3.0932593047618866,2.1486966889351606
ESP-La Liga,2425,Real Betis,Isco,4,2024,153,2255,M S,22,1565,9,8.83439864218235,4,4.374732851982117,8,5.053291022777557,44,61,5,0,11.564061842858791,5.605048647150397
ESP-La Liga,2425,Real Betis,Jesús Rodriguez,4,2024,153,13059,M S,21,1143,2,2.506282079964876,2,2.506282079964876,0,0.3554948009550571,23,9,0,0,4.386039768345654,2.0090522235259414
ESP-La Liga,2425,Real Betis,Johnny Cardoso,4,2024,153,12323,M S,28,2147,3,2.672853760421276,3,2.672853760421276,1,0.7338516805320978,19,9,4,0,8.907193924766034,7.163135649170727
ESP-La Liga,2425,Real Betis,Juan Camilo Hernández,4,2024,153,6954,F S,15,1172,5,4.771737363189459,5,4.771737363189459,1,1.6117898169904947,43,14,0,0,8.0953758507967,2.4433456528931856
ESP-La Liga,2425,Real Betis,Marc Bartra,4,2024,153,2453,D S,25,2101,2,1.374250773806125,2,1.374250773806125,1,0.1425241250544786,18,4,2,0,6.170226151589304,5.694260833784938
ESP-La Liga,2425,Real Betis,Marc Roca,4,2024,153,5086,M S,14,912,2,1.1071439906954763,2,1.1071439906954763,2,1.497680176049471,12,12,4,0,5.118632636964321,4.001012057065964
ESP-La Liga,2425,Real Betis,Mateo Flores,4,2024,153,13111,M S,6,137,0,0.0,0,0.0,0,0.0,0,0,1,0,0.2441685423254966,0.2441685423254966
ESP-La Liga,2425,Real Betis,Nabil Fekir,4,2024,153,3667,M,2,180,0,0.5543373860418797,0,0.5543373860418797,1,0.7182417176663876,7,6,0,0,1.026206910610199,0.2913371995091438
ESP-La Liga,2425,Real Betis,Natan,4,2024,153,11890,D S,31,2163,1,0.4948374754749238,1,0.4948374754749238,1,1.2719630086794496,9,5,5,1,4.738309015519917,3.9922186955809593
ESP-La Liga,2425,Real Betis,Nobel Mendy,4,2024,153,12286,D S,2,105,0,0.0,0,0.0,0,0.0,0,0,1,0,0.2061637043952942,0.2061637043952942
ESP-La Liga,2425,Real Betis,Pablo Fornals,4,2024,153,2335,M S,26,1876,2,1.9425642574205997,2,1.9425642574205997,0,3.0682716201990843,23,36,2,0,13.264264291152358,9.0203785803169
ESP-La Liga,2425,Real Betis,Pablo García,4,2024,153,13376,S,3,29,0,0.0,0,0.0,0,0.0,0,0,0,0,0.083320565521717,0.083320565521717
ESP-La Liga,2425,Real Betis,Ricardo Rodríguez,4,2024,153,308,D S,18,1282,0,0.2364109437912702,0,0.2364109437912702,1,0.3478721398860216,5,7,0,0,4.278080236166716,4.189503628760576
ESP-La Liga,2425,Real Betis,Rodrigo Sánchez,4,2024,153,8410,M S,3,117,0,0.1386992428451776,0,0.1386992428451776,0,0.1289544701576233,2,2,0,0,0.8255297336727381,0.6420744676142931
ESP-La Liga,2425,Real Betis,Romain Perraud,4,2024,153,6500,D S,28,2005,2,0.5968651231378317,2,0.5968651231378317,2,1.941356028430164,20,16,8,1,6.984733434394002,5.4319062530994415
ESP-La Liga,2425,Real Betis,Rui Silva,4,2024,153,5109,GK,15,1350,0,0.0,0,0.0,0,0.0839770194143056,0,2,1,0,1.903590640053153,1.8196136131882668
ESP-La Liga,2425,Real Betis,Sergi Altimira,4,2024,153,11953,M S,32,1985,0,1.6414828356355429,0,1.6414828356355429,1,1.7734992038458586,21,22,4,0,11.457704674452543,9.533348131924868
ESP-La Liga,2425,Real Betis,Sergio Arribas,4,2024,153,13375,D,1,90,0,0.0,0,0.0,0,0.0,0,0,0,0,0.0992170721292495,0.0992170721292495
ESP-La Liga,2425,Real Betis,Vitor Roque,4,2024,153,12302,F S,22,1252,4,6.066845575347543,4,6.066845575347543,0,1.750490065664053,41,12,4,0,8.748203298076987,1.5339927803725004
ESP-La Liga,2425,Real Betis,William Carvalho,4,2024,153,6926,M S,14,457,0,0.2245274968445301,0,0.2245274968445301,0,0.2949858708307147,4,6,1,0,2.5842942418530583,2.33039363194257
ESP-La Liga,2425,Real Betis,Youssouf Sabaly,4,2024,153,3399,D S,22,1612,0,0.2332675447687506,0,0.2332675447687506,1,0.5775195304304361,5,11,1,0,3.628367379307747,3.188783798366785
ESP-La Liga,2425,Real Betis,Ángel Ortiz,4,2024,153,13374,D S,5,352,0,0.0549913765862584,0,0.0549913765862584,1,0.3685908541083336,2,3,0,0,1.063009262084961,0.651660718023777
ESP-La Liga,2425,Real Madrid,Andriy Lunin,4,2024,150,7194,GK,7,630,0,0.0,0,0.0,1,0.9174719452857972,0,1,0,0,2.6410997100174427,1.723627794533968
ESP-La Liga,2425,Real Madrid,Antonio Rüdiger,4,2024,150,1822,D S,29,2291,0,1.8135617095977068,0,1.8135617095977068,0,0.5648185275495052,24,7,3,0,13.106613976880908,12.104738583788276
ESP-La Liga,2425,Real Madrid,Arda Güler,4,2024,150,12190,F M S,28,1252,3,3.999109044671058,3,3.999109044671058,4,6.170168276876211,39,39,1,0,12.5622282307595,5.0463716592639685
ESP-La Liga,2425,Real Madrid,Aurelien Tchouameni,4,2024,150,6560,D M S,32,2697,0,1.8187198657542467,0,1.8187198657542467,0,0.7172632608562708,19,5,5,0,16.48936167731881,16.299706030637026
ESP-La Liga,2425,Real Madrid,Brahim Diaz,4,2024,150,6421,F M S,31,1368,4,6.341729912906885,4,6.341729912906885,2,3.2998767849057917,28,23,0,0,17.9341297224164,10.24693552032113
ESP-La Liga,2425,Real Madrid,Chema Andres,4,2024,150,13078,S,2,4,0,0.0,0,0.0,0,0.0,0,0,0,0,0.0739360153675079,0.0739360153675079
ESP-La Liga,2425,Real Madrid,Dani Ceballos,4,2024,150,2446,M S,23,1235,0,0.3062388133257627,0,0.3062388133257627,0,1.9406326478347184,7,22,4,0,12.38676930218935,11.422802604734898
ESP-La Liga,2425,Real Madrid,Daniel Carvajal,4,2024,150,2260,D S,8,613,1,1.1007791608572006,1,1.1007791608572006,0,0.1268826518207788,3,5,1,0,1.4233372397720814,1.3510061092674732
ESP-La Liga,2425,Real Madrid,Daniel Yáñez,4,2024,150,13266,S,1,1,0,0.0,0,0.0,0,0.0,0,0,0,0,0.0,0.0
ESP-La Liga,2425,Real Madrid,David Alaba,4,2024,150,391,D S,7,312,0,0.0,0,0.0,0,0.0540034137666225,0,1,1,0,2.8143172040581703,2.760313786566257
ESP-La Liga,2425,Real Madrid,Eder Militão,4,2024,150,7829,D S,12,938,1,0.6963192941620946,1,0.6963192941620946,1,0.499573415145278,10,6,2,0,3.548019580543041,3.37402424775064
ESP-La Liga,2425,Real Madrid,Eduardo Camavinga,4,2024,150,7359,D M S,19,1079,1,0.891307421028614,1,0.891307421028614,2,0.91487209033221,8,11,2,0,7.941476784646511,6.6781065706163645
ESP-La Liga,2425,Real Madrid,Endrick,4,2024,150,12884,F S,22,324,1,2.928210226818919,1,2.928210226818919,0,0.664036899805069,24,5,1,0,3.389462307095528,0.2131688185036182
ESP-La Liga,2425,Real Madrid,Federico Valverde,4,2024,150,6241,D M S,36,3035,6,2.51164136454463,6,2.51164136454463,4,4.406744165346026,57,39,4,0,28.01436400040984,23.317611841484904
ESP-La Liga,2425,Real Madrid,Ferland Mendy,4,2024,150,6233,D S,14,1019,0,0.0,0,0.0,1,0.6423391215503216,0,3,1,0,3.990072902292013,3.3814361058175564
ESP-La Liga,2425,Real Madrid,Fran García,4,2024,150,9810,D S,31,2180,0,1.2241465775296092,0,1.2241465775296092,2,2.21577693708241,14,24,0,0,16.859973955899477,14.89791351184249
ESP-La Liga,2425,Real Madrid,Francisco González,4,2024,150,11611,GK,1,90,0,0.0,0,0.0,0,0.0,0,0,0,0,0.061046153306961,0.061046153306961
ESP-La Liga,2425,Real Madrid,Gonzalo García,4,2024,150,12035,S,3,46,0,0.4881730079650879,0,0.4881730079650879,1,0.9246947169303894,1,1,0,0,1.4128677248954773,0.9246947169303894
ESP-La Liga,2425,Real Madrid,Jacobo Ramón,4,2024,150,12436,D S,3,201,1,0.4884187579154968,1,0.4884187579154968,0,0.0700319558382034,2,1,1,0,2.682987689971924,2.682987689971924
ESP-La Liga,2425,Real Madrid,Jesús Vallejo,4,2024,150,5234,D S,4,139,0,0.0,0,0.0,1,0.4635118953883648,0,2,0,0,0.6160678565502167,0.6160678565502167
ESP-La Liga,2425,Real Madrid,Jude Bellingham,4,2024,150,8824,M S,31,2510,9,13.084144294261932,8,11.597589049488306,8,4.306040400639176,62,43,5,1,24.68224741518497,15.25862560980022
ESP-La Liga,2425,Real Madrid,Kylian Mbappe-Lottin,4,2024,150,3423,F,34,2938,31,30.135635502636436,24,23.446136973798275,3,9.394114961847665,161,51,3,1,38.31346391141415,11.081679956056178
ESP-La Liga,2425,Real Madrid,Lorenzo Aguado,4,2024,150,13251,S,2,2,0,0.0,0,0.0,0,0.0,0,0,0,0,0.0,0.0
ESP-La Liga,2425,Real Madrid,Lucas Vázquez,4,2024,150,2253,D S,32,2218,1,1.871920421719551,1,1.871920421719551,5,5.288628708571196,15,34,4,0,18.242735382169485,13.413350004702806
ESP-La Liga,2425,Real Madrid,Luka Modric,4,2024,150,2250,M S,35,1774,2,1.616865310817957,2,1.616865310817957,6,7.897417606785893,22,66,7,0,19.557018108665943,15.646373184397817
ESP-La Liga,2425,Real Madrid,Raúl,4,2024,150,13201,D S,23,1675,0,0.073895551264286,0,0.073895551264286,1,0.758505895268172,3,7,3,0,12.432612404227257,12.034283690154552
ESP-La Liga,2425,Real Madrid,Rodrygo,4,2024,150,8015,F M S,30,1965,6,4.724242024123669,6,4.724242024123669,5,4.003597529605031,54,48,0,0,17.572716595605016,11.508674619719386
ESP-La Liga,2425,Real Madrid,Thibaut Courtois,4,2024,150,680,GK,30,2700,0,0.0,0,0.0,0,0.1720431447029113,0,1,1,0,9.18939441628754,9.01735127158463
ESP-La Liga,2425,Real Madrid,Vinícius Júnior,4,2024,150,7008,F M S,30,2267,11,12.775075949728487,9,10.545243106782436,8,8.639302698895335,81,58,8,1,23.5002229064703,7.632643768563867
ESP-La Liga,2425,Real Madrid,Víctor Muñoz,4,2024,150,13279,S,2,27,0,0.3354948461055755,0,0.3354948461055755,0,0.0,1,0,0,0,1.260189563035965,0.9246947169303894
ESP-La Liga,2425,Real Sociedad,Aihen Muñoz,4,2024,140,7306,D S,21,1098,0,0.1584139885380864,0,0.1584139885380864,0,0.1309112180024385,6,3,5,0,2.255076190456748,1.9932167269289491
ESP-La Liga,2425,Real Sociedad,Ander Barrenetxea,4,2024,140,7308,F M S,30,1271,1,1.9731221813708544,1,1.9731221813708544,3,2.445582341402769,25,16,6,0,7.312131518498063,3.8329225573688745
ESP-La Liga,2425,Real Sociedad,Aritz Elustondo,4,2024,140,2228,D S,22,1452,0,0.5125560872256756,0,0.5125560872256756,0,0.2177410423755645,4,4,3,1,4.034376330673695,3.880896545946598
ESP-La Liga,2425,Real Sociedad,Arkaitz Mariezkurrena,4,2024,140,13267,F S,9,219,2,1.134427189826965,2,1.134427189826965,0,0.5130060613155365,10,2,1,0,1.1769748777151108,0.4671196229755878
ESP-La Liga,2425,Real Sociedad,Arsen Zakharyan,4,2024,140,8760,M S,3,70,1,0.1374573707580566,1,0.1374573707580566,0,0.1127214059233665,4,1,0,0,0.1655923128128051,0.0281349346041679
ESP-La Liga,2425,Real Sociedad,Beñat Turrientes,4,2024,140,9465,M S,21,933,0,0.3414947632700205,0,0.3414947632700205,0,0.3740350604057312,7,3,4,0,3.690701810643077,3.262913217768073
ESP-La Liga,2425,Real Sociedad,Brais Méndez,4,2024,140,6227,F M S,27,1552,3,4.05005325563252,3,4.05005325563252,2,2.2719360133633018,28,23,4,0,6.52224512770772,1.4750360362231731
ESP-La Liga,2425,Real Sociedad,Daniel Díaz,4,2024,140,13558,S,1,7,0,0.0,0,0.0,0,0.0,0,0,0,0,0.0,0.0
ESP-La Liga,2425,Real Sociedad,Hamari Traore,4,2024,140,3239,D S,11,725,0,0.3294327855110168,0,0.3294327855110168,1,0.1552716642618179,1,3,2,0,2.319479566067457,2.225889105349779
ESP-La Liga,2425,Real Sociedad,Igor Zubeldia,4,2024,140,2417,D S,28,2283,0,0.9101601960137486,0,0.9101601960137486,0,0.290745235979557,12,4,6,1,6.002718448638916,5.843149080872536
ESP-La Liga,2425,Real Sociedad,Javier López,4,2024,140,8413,D S,29,1934,0,0.1420955304056406,0,0.1420955304056406,0,0.8678923957049847,5,5,4,0,3.7143019922077656,3.465000662952661
ESP-La Liga,2425,Real Sociedad,Jon Ander Olasagasti,4,2024,140,9466,M S,22,821,1,1.2222821153700352,1,1.2222821153700352,1,1.062180433422327,13,6,2,0,4.571244703605771,2.899324605241418
ESP-La Liga,2425,Real Sociedad,Jon Aramburu,4,2024,140,12182,D S,35,2466,1,0.4541284274309873,1,0.4541284274309873,1,0.9028189368546008,11,15,8,0,8.685062544420362,7.967627672478557
ESP-La Liga,2425,Real Sociedad,Jon Magunacelaya,4,2024,140,11204,S,2,5,0,0.0,0,0.0,0,0.0,0,0,0,0,0.6653539538383484,0.6653539538383484
ESP-La Liga,2425,Real Sociedad,Jon Martín,4,2024,140,12353,D S,13,884,0,0.5016385391354561,0,0.5016385391354561,1,0.157421501353383,9,4,2,0,1.80347996391356,1.7860948592424393
ESP-La Liga,2425,Real Sociedad,Jon Pacheco Dozagarat,4,2024,140,8423,D S,14,849,0,0.093041107058525,0,0.093041107058525,0,0.0614089556038379,1,1,3,0,1.0294557493180037,1.0294557493180037
ESP-La Liga,2425,Real Sociedad,Luka Sucic,4,2024,140,12862,F M S,29,1804,1,3.661727663129568,1,3.661727663129568,1,3.427332490682602,43,25,4,0,10.962948897853494,5.249830558896065
ESP-La Liga,2425,Real Sociedad,Luken Beitia,4,2024,140,13482,S,1,4,0,0.0,0,0.0,0,0.0,0,0,0,0,0.0,0.0
ESP-La Liga,2425,Real Sociedad,Martín Zubimendi,4,2024,140,7526,M S,36,2966,2,3.922204528003931,2,3.922204528003931,1,1.213069198653102,24,19,6,0,13.16597349382937,9.92495701648295
ESP-La Liga,2425,Real Sociedad,Mikel Oyarzabal,4,2024,140,2234,F M S,35,2291,9,10.296421762555838,5,7.323311295360327,3,2.9014988150447607,43,15,4,1,14.105824938043952,4.8401750745251775
ESP-La Liga,2425,Real Sociedad,Naif Aguerd,4,2024,140,6935,D,21,1772,0,2.1500954031944275,0,2.1500954031944275,0,0.354998305439949,15,5,4,0,5.742619335651398,4.794124662876129
ESP-La Liga,2425,Real Sociedad,Orri Óskarsson,4,2024,140,13048,F S,23,929,3,5.614245757460594,3,5.614245757460594,0,0.1733453413471579,19,5,1,0,5.697332162410021,0.0270324498414993
ESP-La Liga,2425,Real Sociedad,Pablo Marín,4,2024,140,11185,M S,23,1224,1,2.1962965931743383,1,2.1962965931743383,2,1.1745108868926764,21,14,3,0,4.396219722926617,1.8085170537233357
ESP-La Liga,2425,Real Sociedad,Remiro,4,2024,140,2555,GK,36,3240,0,0.0,0,0.0,0,0.0209182556718587,0,1,0,0,3.760053095407784,3.739134839735925
ESP-La Liga,2425,Real Sociedad,Sergio Gómez,4,2024,140,6656,D F M S,37,2745,2,1.8784845154732464,2,1.8784845154732464,5,8.346578739583492,18,56,4,0,11.613184611313043,6.642251364886761
ESP-La Liga,2425,Real Sociedad,Sheraldo Becker,4,2024,140,7882,F M S,22,996,2,1.8835409861058,2,1.8835409861058,1,1.7872297391295433,22,8,1,1,4.543094903230667,1.0016518905758858
ESP-La Liga,2425,Real Sociedad,Takefusa Kubo,4,2024,140,8001,F M S,36,2392,5,4.224737480282784,5,4.224737480282784,0,5.490435244515538,43,45,5,0,14.762839745730162,6.52563825622201
ESP-La Liga,2425,Real Sociedad,Umar Sadiq,4,2024,140,1450,F S,23,1040,5,4.483702819794416,5,4.483702819794416,0,0.8914264300838113,25,7,5,0,5.731123803183436,1.367764050140977
ESP-La Liga,2425,Real Sociedad,Unai Marrero,4,2024,140,9198,GK,2,180,0,0.0,0,0.0,0,0.0,0,0,0,0,0.0,0.0
ESP-La Liga,2425,Real Sociedad,Álvaro Odriozola,4,2024,140,2418,S,2,35,0,0.0,0,0.0,0,0.0,0,0,1,0,0.0285290870815515,0.0285290870815515
ESP-La Liga,2425,Real Valladolid,Adam Aznou,4,2024,231,12371,D M S,13,884,0,0.2700843885540962,0,0.2700843885540962,0,0.5333969108760357,4,6,2,0,2.35653112642467,1.700465090572834
ESP-La Liga,2425,Real Valladolid,Adrián Arnu,4,2024,231,13271,S,5,35,0,0.4803195297718048,0,0.4803195297718048,0,0.0,3,0,0,0,0.4884312395006418,0.008111709728837
ESP-La Liga,2425,Real Valladolid,Amath Diedhiou,4,2024,231,2532,D F M S,13,366,0,0.3137077651917934,0,0.3137077651917934,1,0.5991875231266022,5,6,1,0,1.7682834044098854,0.8553881216794252
ESP-La Liga,2425,Real Valladolid,André Ferreira,4,2024,231,11829,GK,6,540,0,0.0,0,0.0,0,0.0,0,0,0,0,0.5378006994724274,0.5378006994724274
ESP-La Liga,2425,Real Valladolid,Antonio Candela,4,2024,231,7412,D,12,935,0,0.0495657660067081,0,0.0495657660067081,0,0.393362708389759,1,6,1,0,1.2190991677343843,1.0097903609275818
ESP-La Liga,2425,Real Valladolid,Anuar Mohamed,4,2024,231,6918,D F M S,26,1748,2,2.2580461110919714,2,2.2580461110919714,0,1.1850194483995438,11,8,7,0,6.01671346463263,2.9845049623399973
ESP-La Liga,2425,Real Valladolid,Arnau Rafús,4,2024,231,12898,GK,1,90,0,0.0,0,0.0,0,0.0,0,0,0,0,0.0861605331301689,0.0861605331301689
ESP-La Liga,2425,Real Valladolid,Cenk Özkacar,4,2024,231,9015,D S,11,750,0,0.114994890987873,0,0.114994890987873,0,0.0268819741904735,2,1,1,0,1.8349664360284803,1.8349664360284803
ESP-La Liga,2425,Real Valladolid,Chuki,4,2024,231,12896,F M S,18,720,2,2.6113636139780283,2,2.6113636139780283,0,1.4040046986192465,16,8,1,0,4.210758607834578,0.8702943343669176
ESP-La Liga,2425,Real Valladolid,Darwin Machís,4,2024,231,4226,F M S,18,621,0,1.1362375617027285,0,1.1362375617027285,1,1.0831428170204165,14,8,0,0,2.728137221187353,0.7401521652936935
ESP-La Liga,2425,Real Valladolid,David Torres,4,2024,231,10888,D S,18,1384,0,0.2132115997374057,0,0.2132115997374057,0,0.0109462169930338,3,1,5,0,2.80377159640193,2.792825382202864
ESP-La Liga,2425,Real Valladolid,Eray Cömert,4,2024,231,10382,D M S,25,1800,0,1.2057364508509636,0,1.2057364508509636,0,0.0,9,0,6,0,3.229504119604826,3.06063224375248
ESP-La Liga,2425,Real Valladolid,Florian Grillitsch,4,2024,231,116,M S,13,627,0,0.2258069235831499,0,0.2258069235831499,0,0.646667268127203,4,8,1,0,2.6171116773039103,2.11647037602961
ESP-La Liga,2425,Real Valladolid,Henrique,4,2024,231,9778,D S,5,354,0,0.0500399805605411,0,0.0500399805605411,0,0.0317411096766591,1,2,0,0,0.8846581093966961,0.8529170006513596
ESP-La Liga,2425,Real Valladolid,Iago Parente,4,2024,231,13609,D,1,73,0,0.0,0,0.0,0,0.0233623087406158,0,1,0,0,0.2183916270732879,0.1950293183326721
ESP-La Liga,2425,Real Valladolid,Ibrahim Alani,4,2024,231,13629,M S,3,154,0,0.0153869660571217,0,0.0153869660571217,0,0.0,1,0,0,0,0.5193248661234975,0.5039379000663757
ESP-La Liga,2425,Real Valladolid,Iván Sánchez,4,2024,231,4169,F M S,32,1365,2,0.6651053056120872,2,0.6651053056120872,1,2.8943237783387303,15,23,4,0,5.540360562503338,3.337217738851905
ESP-La Liga,2425,Real Valladolid,Javi Sánchez,4,2024,231,7245,D,25,2050,2,0.5223447591997683,2,0.5223447591997683,0,0.4835602529346943,11,6,6,0,4.498294638469815,4.425020037218928
ESP-La Liga,2425,Real Valladolid,Juan Latasa,4,2024,231,10399,F S,28,1376,3,4.549709668383002,3,4.549709668383002,0,0.5770094022154808,40,12,6,1,6.718333991244435,2.7973670260980725
ESP-La Liga,2425,Real Valladolid,Juma Bah,4,2024,231,13100,D S,12,862,0,0.1810958832502365,0,0.1810958832502365,0,0.0179912857711315,3,1,1,0,1.3852787390351295,1.3852787390351295
ESP-La Liga,2425,Real Valladolid,Karl Hein,4,2024,231,9692,GK,31,2790,0,0.0,0,0.0,0,0.0,0,0,0,0,3.15960406139493,3.15960406139493
ESP-La Liga,2425,Real Valladolid,Kenedy,4,2024,231,689,S,2,2,0,0.0818285048007965,0,0.0818285048007965,0,0.0,1,0,0,0,0.0,0.0
ESP-La Liga,2425,Real Valladolid,Kike Pérez,4,2024,231,8470,M S,19,1225,2,2.2361309342086315,2,2.2361309342086315,0,1.3833393813110888,20,17,6,0,4.428907737135887,2.3818359691649675
ESP-La Liga,2425,Real Valladolid,Lucas Rosa,4,2024,231,11147,D,21,1890,0,0.8605911070480943,0,0.8605911070480943,1,2.0154185853898525,8,12,6,0,5.403128119185567,3.0375463608652358
ESP-La Liga,2425,Real Valladolid,Luis Pérez,4,2024,231,8762,D M S,30,2548,0,0.1539512053132057,0,0.1539512053132057,0,2.6107717398554087,5,28,2,0,6.574388632550836,4.48120036534965
ESP-La Liga,2425,Real Valladolid,Mamadou Sylla,4,2024,231,2433,F M S,29,1569,5,4.97304823808372,1,1.99993778206408,1,0.9637680817395448,22,13,5,0,3.720175037160516,1.235566534101963
ESP-La Liga,2425,Real Valladolid,Marcos de Sousa,4,2024,231,8933,F S,22,1213,1,3.194758642464876,1,3.194758642464876,2,1.4116674680262804,22,9,5,0,4.97852729447186,1.9576363377273085
ESP-La Liga,2425,Real Valladolid,Mario Maroto,4,2024,231,11568,S,2,56,0,0.0180853605270385,0,0.0180853605270385,1,0.0253202356398105,1,1,0,0,0.1041454076766967,0.0607398115098476
ESP-La Liga,2425,Real Valladolid,Mario Martín,4,2024,231,11349,M S,30,1740,0,1.6727460799738765,0,1.6727460799738765,1,1.3807980883866549,27,12,6,3,6.022261788137257,3.702557012438774
ESP-La Liga,2425,Real Valladolid,Raul Moro,4,2024,231,8584,F M S,33,2352,4,4.517319541424513,4,4.517319541424513,5,5.584715690463781,45,44,2,0,10.957694323733447,3.582897931337357
ESP-La Liga,2425,Real Valladolid,Raúl Chasco,4,2024,231,12900,D S,2,127,0,0.0,0,0.0,0,0.0396233946084976,0,1,0,0,0.0396233946084976,0.0
ESP-La Liga,2425,Real Valladolid,Selim Amallah,4,2024,231,11379,F M S,24,1405,3,2.619664514437318,2,1.876386916264892,1,1.3254356244578958,23,13,6,0,3.970121822319925,1.9085519732907412
ESP-La Liga,2425,Real Valladolid,Stanko Juric,4,2024,231,12894,M S,26,1757,0,0.3885128498077392,0,0.3885128498077392,0,0.5273087993264198,8,4,5,1,5.142895905300975,4.918737573549151
ESP-La Liga,2425,Real Valladolid,Tamás Nikitscher,4,2024,231,13404,D M S,13,853,0,0.0194152127951383,0,0.0194152127951383,0,0.0304804667830467,1,2,2,0,3.283312425017357,3.2515020966529846
ESP-La Liga,2425,Real Valladolid,Víctor Meseguer,4,2024,231,12895,M S,14,376,0,0.4323925329372287,0,0.4323925329372287,0,0.0252116713672876,6,1,1,0,1.2918654140084982,0.9241588413715364
ESP-La Liga,2425,Real Valladolid,Xavi Moreno,4,2024,231,13639,F,1,49,0,0.0,0,0.0,0,0.0,0,0,0,0,0.1408970355987548,0.1408970355987548
ESP-La Liga,2425,Sevilla,Adrià Pedrosa,4,2024,138,7174,D M S,31,2323,1,0.8653349922969937,1,0.8653349922969937,1,1.7180400965735316,24,20,7,0,6.368501749821007,4.71879200451076
ESP-La Liga,2425,Sevilla,Akor Adams,4,2024,138,11783,F S,4,122,0,0.4311645030975342,0,0.4311645030975342,0,0.0,2,0,0,0,0.5013578534126282,0.070193350315094
ESP-La Liga,2425,Sevilla,Albert Sambi Lokonga,4,2024,138,9689,M S,22,1482,0,0.7697582906112075,0,0.7697582906112075,2,1.4027855917811394,13,19,4,0,4.781468503177166,3.417637664824724
ESP-La Liga,2425,Sevilla,Chidera Ejuke,4,2024,138,8694,F M S,25,917,2,0.9540498401038348,2,0.9540498401038348,1,1.5952777117490768,20,21,0,0,3.6467593014240265,1.846392972394824
ESP-La Liga,2425,Sevilla,Darío Benavides,4,2024,138,12244,S,1,3,0,0.0,0,0.0,0,0.0,0,0,1,0,0.0,0.0
ESP-La Liga,2425,Sevilla,Diego Hormigo,4,2024,138,11265,M,1,37,0,0.115304097533226,0,0.115304097533226,0,0.0,1,0,0,0,0.115304097533226,0.115304097533226
ESP-La Liga,2425,Sevilla,Djibril Sow,4,2024,138,2624,M S,30,2095,2,2.67853897344321,2,2.67853897344321,1,2.0170963145792484,22,21,5,0,8.381441345438361,4.899879834614694
ESP-La Liga,2425,Sevilla,Dodi Lukebakio,4,2024,138,5706,F M S,38,3117,11,9.242684002034366,10,8.499406362883747,2,5.390696790069342,94,54,3,1,14.772395074367523,3.354012044146657
ESP-La Liga,2425,Sevilla,García Pascual,4,2024,138,13294,F S,7,372,1,0.9836342222988604,1,0.9836342222988604,0,0.0287371724843978,11,2,0,0,2.0151879340410237,1.121624585241079
ESP-La Liga,2425,Sevilla,Gonzalo Montiel,4,2024,138,9897,D S,6,103,0,0.0696412846446037,0,0.0696412846446037,0,0.0,1,0,1,0,0.1217786185443401,0.0521373338997364
ESP-La Liga,2425,Sevilla,Isaac Romero,4,2024,138,12305,F M S,31,2200,4,8.177621133625507,4,7.43434352427721,2,2.5907919127494097,54,20,10,1,10.549905876629056,1.726088616065681
ESP-La Liga,2425,Sevilla,Israel Domínguez,4,2024,138,13197,S,1,15,0,0.0,0,0.0,0,0.0,0,0,0,0,0.0,0.0
ESP-La Liga,2425,Sevilla,Jesús Navas,4,2024,138,616,D F M S,15,410,1,0.6231549140065908,1,0.6231549140065908,0,0.4812011774629354,3,10,0,0,1.966650802642107,1.0561606734991074
ESP-La Liga,2425,Sevilla,José Ángel Carmona,4,2024,138,9809,D,35,2993,0,0.5965822013095021,0,0.5965822013095021,0,1.952981909736991,19,19,11,0,9.571447130292654,8.17957978695631
ESP-La Liga,2425,Sevilla,Juanlu Sanchez,4,2024,138,8409,D F M S,32,1740,4,2.918187398463488,4,2.918187398463488,4,2.713099295273423,13,25,4,1,9.498570716939868,5.508796711452305
ESP-La Liga,2425,Sevilla,Kelechi Iheanacho,4,2024,138,620,F S,9,401,0,1.0177823081612587,0,1.0177823081612587,0,0.2138137891888618,9,5,0,0,1.3642380880191922,0.1326419608667493
ESP-La Liga,2425,Sevilla,Kike Salas,4,2024,138,10334,D S,31,2238,3,2.17479966301471,3,2.17479966301471,2,0.7522149085998535,23,6,6,0,7.3058014791458845,6.531272469088435
ESP-La Liga,2425,Sevilla,Leandro Antonetti,4,2024,138,13381,S,2,17,0,0.279886394739151,0,0.279886394739151,0,0.0257694143801927,1,1,0,0,0.3056558091193437,0.0
ESP-La Liga,2425,Sevilla,Loic Bade,4,2024,138,8665,D S,32,2682,1,0.822739202529192,1,0.822739202529192,1,0.3638280071318149,13,4,7,1,6.654904995113611,6.318080799654126
ESP-La Liga,2425,Sevilla,Lucas Ocampos,4,2024,138,1109,F M,2,180,0,0.1582391560077667,0,0.1582391560077667,1,0.3162000216543674,4,3,0,0,1.6242642737925053,1.1721971035003662
ESP-La Liga,2425,Sevilla,Lucien Agoume,4,2024,138,8165,M S,35,2113,1,0.6494429102167487,1,0.6494429102167487,3,2.382107900455594,10,26,5,1,8.198752930387855,6.973515490069985
ESP-La Liga,2425,Sevilla,Manu Bueno,4,2024,138,11266,M S,9,111,1,0.1197992824018001,1,0.1197992824018001,0,0.0,4,0,0,0,0.1434452943503856,0.0638722740113735
ESP-La Liga,2425,Sevilla,Marcão,4,2024,138,10999,D S,12,547,0,0.0,0,0.0,0,0.0,0,0,4,1,0.5308978008106351,0.5308978008106351
ESP-La Liga,2425,Sevilla,Mateo Mejia,4,2024,138,13124,S,1,9,0,0.0,0,0.0,0,0.0,0,0,0,0,0.0,0.0
ESP-La Liga,2425,Sevilla,Nemanja Gudelj,4,2024,138,7888,D M S,31,2495,1,1.5126035250723362,0,0.7693259008228779,1,0.6460477821528912,23,14,6,0,7.393706795759499,7.003295914269984
ESP-La Liga,2425,Sevilla,Nianzou Kouassi,4,2024,138,7981,D,6,524,0,0.1741262972354889,0,0.1741262972354889,0,0.0,2,0,1,1,1.5784379113465548,1.5784379113465548
ESP-La Liga,2425,Sevilla,Peque,4,2024,138,12742,F M S,26,1144,1,1.9474023068323727,1,1.9474023068323727,1,1.341845514252782,19,12,1,0,5.483433924615383,2.278570069000125
ESP-La Liga,2425,Sevilla,Ramón Martínez,4,2024,138,13198,D S,5,252,1,0.5181827507913113,1,0.5181827507913113,0,0.0674851164221763,4,1,0,0,0.4108735918998718,0.3127800561487674
ESP-La Liga,2425,Sevilla,Ruben Vargas,4,2024,138,7810,F M S,11,693,2,2.7851509768515825,2,2.7851509768515825,1,1.0344063863158226,17,13,0,0,2.9268061202019453,0.3538123592734337
ESP-La Liga,2425,Sevilla,Saúl Ñíguez,4,2024,138,2266,M S,24,1556,1,3.654159884899855,1,3.654159884899855,6,2.11052093282342,42,22,8,1,5.336512237787247,1.7422028593719006
ESP-La Liga,2425,Sevilla,Stanis Idumbo Muzambo,4,2024,138,12426,M S,14,255,1,0.3827561968937516,1,0.3827561968937516,1,0.6035402454435825,4,6,0,0,1.4288319367915392,0.4993804935365915
ESP-La Liga,2425,Sevilla,Suso,4,2024,138,1129,F M S,16,572,0,0.632983285933733,0,0.632983285933733,2,2.1810974460095167,16,22,3,0,5.093297783285379,3.626874230802059
ESP-La Liga,2425,Sevilla,Valentín Barco,4,2024,138,12498,D S,7,279,0,0.2852184399962425,0,0.2852184399962425,0,0.4266058169305324,7,6,0,0,0.8868219666182995,0.6660768240690231
ESP-La Liga,2425,Sevilla,Álvaro Fernández,4,2024,138,5191,GK S,9,744,0,0.0,0,0.0,0,0.0515916943550109,0,1,2,0,0.3452037097886204,0.3452037097886204
ESP-La Liga,2425,Sevilla,Álvaro Pascual,4,2024,138,13276,S,1,43,0,0.0,0,0.0,0,0.0,0,0,1,0,0.0345740728080272,0.0345740728080272
ESP-La Liga,2425,Sevilla,Ørjan Nyland,4,2024,138,250,GK,30,2676,0,0.0,0,0.0,0,0.3637144081294536,0,4,2,0,5.49717366322875,5.133459262549877
ESP-La Liga,2425,Valencia,Alberto Mari,4,2024,146,11412,S,1,2,0,0.0,0,0.0,0,0.0,0,0,0,0,0.0,0.0
ESP-La Liga,2425,Valencia,André Almeida,4,2024,146,11057,F M S,34,2019,0,1.4373879488557575,0,1.4373879488557575,4,3.6807948546484113,18,43,2,0,7.721359102986753,4.680089517496526
ESP-La Liga,2425,Valencia,Cristhian Mosquera,4,2024,146,10024,D,37,3322,1,0.3514482490718364,1,0.3514482490718364,0,0.0,5,0,6,0,8.561127007007599,8.436696499586105
ESP-La Liga,2425,Valencia,César Tárrega,4,2024,146,10107,D,34,3029,2,2.2794765969738364,2,2.2794765969738364,0,0.1093462072312831,20,3,7,0,6.555291777476668,6.525526171550155
ESP-La Liga,2425,Valencia,Dani Gómez,4,2024,146,8774,F S,14,504,2,2.6963067073374987,2,2.6963067073374987,0,0.0324492193758487,13,1,0,0,2.752524020150304,0.0237680878490209
ESP-La Liga,2425,Valencia,David Otorbi,4,2024,146,12297,S,1,7,0,0.0,0,0.0,0,0.0,0,0,0,0,0.0,0.0
ESP-La Liga,2425,Valencia,Diego López,4,2024,146,9694,D F M S,38,2839,8,6.927521674893796,8,6.927521674893796,5,5.98000256344676,44,37,3,0,16.81591833010316,6.181694879196584
ESP-La Liga,2425,Valencia,Dimitri Foulquier,4,2024,146,2509,D S,32,2293,0,0.6142633771523833,0,0.6142633771523833,1,1.5556177590042353,12,10,6,0,7.5555700827389956,6.142678575590253
ESP-La Liga,2425,Valencia,Enzo Barrenechea,4,2024,146,11140,M S,30,2245,1,1.2636710880324244,1,1.2636710880324244,2,0.8316491199657321,16,15,6,0,8.320930921472609,7.63057738635689
ESP-La Liga,2425,Valencia,Fran Pérez,4,2024,146,10944,M S,26,497,0,0.2854073029011488,0,0.2854073029011488,0,1.946919206529856,6,7,1,0,2.0981137175112963,0.7753390502184629
ESP-La Liga,2425,Valencia,German Valera,4,2024,146,8230,M S,8,127,0,0.1656785365194082,0,0.1656785365194082,0,0.0441901162266731,3,1,0,0,0.5749106034636497,0.4092320650815964
ESP-La Liga,2425,Valencia,Giorgi Mamardashvili,4,2024,146,9693,GK,34,3060,0,0.0,0,0.0,0,0.0685846544802188,0,2,2,0,2.814506022259593,2.745921360328793
ESP-La Liga,2425,Valencia,Hugo Duro,4,2024,146,6637,F S,31,2180,11,10.968763902783394,10,10.225486233830452,2,1.450842097401619,48,13,5,0,10.645109824836254,0.9808358121663332
ESP-La Liga,2425,Valencia,Hugo Guillamón,4,2024,146,8334,M S,12,346,0,0.0568105559796094,0,0.0568105559796094,0,0.0399193204939365,2,2,2,0,0.2140206452459097,0.1172907631844282
ESP-La Liga,2425,Valencia,Iker Córdoba,4,2024,146,13002,S,2,7,0,0.0,0,0.0,0,0.0542201921343803,0,1,0,0,0.0542201921343803,0.0
ESP-La Liga,2425,Valencia,Iván Jaime,4,2024,146,13436,M S,9,277,0,0.4353244826197624,0,0.4353244826197624,0,0.3860360905528068,8,4,0,0,1.7398566231131554,1.1461346112191677
ESP-La Liga,2425,Valencia,Javier Guerra,4,2024,146,10322,F M S,36,2642,3,2.3096360610798,3,2.3096360610798,3,3.4588873218744998,47,23,5,0,11.508765971288083,7.850300427526236
ESP-La Liga,2425,Valencia,Jesús Vázquez,4,2024,146,9217,D S,19,907,0,0.2721162671223283,0,0.2721162671223283,0,0.5348998308181763,5,3,3,0,2.422392644919455,2.043214425444603
ESP-La Liga,2425,Valencia,José Gayá,4,2024,146,2505,D S,23,1839,0,1.3299360536038876,0,1.3299360536038876,1,3.38606370985508,12,24,7,0,7.34584279730916,4.532844023779035
ESP-La Liga,2425,Valencia,Martín Tejón,4,2024,146,11706,S,4,32,0,0.0755454003810882,0,0.0755454003810882,0,0.0282392706722021,1,1,0,0,0.1037846710532903,0.0
ESP-La Liga,2425,Valencia,Max Aarons,4,2024,146,7688,D S,4,114,0,0.0,0,0.0,0,0.0187398791313171,0,1,2,0,0.0187398791313171,0.0
ESP-La Liga,2425,Valencia,Maximiliano Caufriez,4,2024,146,9963,D,1,90,0,0.0,0,0.0,0,0.0,0,0,0,0,0.0,0.0
ESP-La Liga,2425,Valencia,Mouctar Diakhaby,4,2024,146,5666,D S,13,641,2,1.3182655852288008,2,1.3182655852288008,0,0.0204820837825536,11,1,0,0,1.5299882926046848,0.9096239246428012
ESP-La Liga,2425,Valencia,Pepelu,4,2024,146,2551,M S,34,1691,2,1.9522302066907289,0,0.4656749917194247,1,2.569384957663715,14,31,8,1,5.417779986746609,5.001861397176981
ESP-La Liga,2425,Valencia,Rafa Mir,4,2024,146,2589,F M S,20,716,1,2.539221692830324,1,2.539221692830324,2,0.9352265745401382,27,4,4,0,2.865994166582823,0.6772015728056431
ESP-La Liga,2425,Valencia,Rodrigo Abajas,4,2024,146,12817,D,1,68,0,0.0287001691758632,0,0.0287001691758632,0,0.0,1,0,1,0,0.0804327875375747,0.0517326220870018
ESP-La Liga,2425,Valencia,Sergi Canos,4,2024,146,1078,M S,17,326,0,0.4507795954123139,0,0.4507795954123139,1,0.1964062564074993,11,4,3,0,0.7551172645762563,0.2356214402243495
ESP-La Liga,2425,Valencia,Stole Dimitrievski,4,2024,146,2619,GK,4,360,0,0.0,0,0.0,0,0.0,0,0,1,0,0.859697625041008,0.859697625041008
ESP-La Liga,2425,Valencia,Thierry Correia,4,2024,146,8058,D S,11,782,0,0.5705060213804245,0,0.5705060213804245,0,0.2970562316477299,7,5,1,0,2.8547055907547474,2.229785397648812
ESP-La Liga,2425,Valencia,Yarek Gasiorowski,4,2024,146,12139,D S,15,944,0,1.0283358693122864,0,1.0283358693122864,0,0.1623669546097517,3,3,1,0,1.634927068836987,1.6144409673288465
ESP-La Liga,2425,Villarreal,Alfonso,4,2024,154,2521,D M S,12,443,0,0.3776124268770218,0,0.3776124268770218,2,1.3253800980746746,5,9,0,0,3.7803803384304047,2.426428683102131
ESP-La Liga,2425,Villarreal,Arnau Solà,4,2024,154,12913,S,1,8,0,0.0,0,0.0,0,0.0,0,0,0,0,0.0,0.0
ESP-La Liga,2425,Villarreal,Ayoze Pérez,4,2024,154,770,F S,30,1987,19,15.228042975068092,19,15.228042975068092,2,3.1279250010848045,75,32,4,0,19.885818392038345,3.779487994499505
ESP-La Liga,2425,Villarreal,Daniel Parejo,4,2024,154,2378,M S,36,2279,3,2.6434455886483192,2,1.156890369951725,3,1.2766990754753351,14,23,8,0,12.423127504065633,11.499670285731554
ESP-La Liga,2425,Villarreal,Daniel Requena,4,2024,154,13035,S,1,4,0,0.0,0,0.0,0,0.0,0,0,0,0,0.0,0.0
ESP-La Liga,2425,Villarreal,Denis Suárez,4,2024,154,2308,M S,21,583,1,1.1482871770858765,1,1.1482871770858765,1,1.693669954314828,10,14,0,0,3.405641764402389,1.5898005589842796
ESP-La Liga,2425,Villarreal,Diego Conde,4,2024,154,9698,GK,22,1965,0,0.0,0,0.0,1,0.4030988551676273,0,2,2,0,2.3183459788560867,1.9152471236884596
ESP-La Liga,2425,Villarreal,Eric Bailly,4,2024,154,1739,D S,12,632,0,0.2401637658476829,0,0.2401637658476829,0,0.0,4,0,2,1,1.4844573438167572,1.4844573438167572
ESP-La Liga,2425,Villarreal,Etta Eyong,4,2024,154,10930,S,4,25,1,0.4321245662868023,1,0.4321245662868023,0,0.0,2,0,0,0,0.4321245662868023,0.0
ESP-La Liga,2425,Villarreal,Gerard Moreno,4,2024,154,2120,F S,17,698,3,3.90459007024765,0,1.6747572422027588,2,3.8606379739940166,26,17,0,0,6.936984864063561,3.757630412466824
ESP-La Liga,2425,Villarreal,Ilias Akhomach,4,2024,154,10121,M S,11,604,1,0.6073880009353161,1,0.6073880009353161,0,1.253532700240612,17,9,1,0,3.397372789680958,1.741298319771886
ESP-La Liga,2425,Villarreal,Juan Foyth,4,2024,154,6306,D S,19,1515,1,2.2625984381884336,1,2.2625984381884336,0,0.3967224769294262,17,7,4,0,8.671776212751865,8.329005844891071
ESP-La Liga,2425,Villarreal,Kiko Femenía,4,2024,154,5043,D S,28,2242,0,0.3210480753332376,0,0.3210480753332376,1,2.13112210854888,3,16,7,0,9.853550355881453,8.824705503880978
ESP-La Liga,2425,Villarreal,Logan Costa,4,2024,154,8200,D S,32,2596,2,0.9958862774074078,2,0.9958862774074078,1,0.3248736150562763,12,4,3,0,10.43460851162672,10.273068852722645
ESP-La Liga,2425,Villarreal,Luiz Júnior,4,2024,154,12917,GK S,17,1455,0,0.0,0,0.0,0,0.0,0,0,2,0,4.763020604848862,4.763020604848862
ESP-La Liga,2425,Villarreal,Nicolas Pepe,4,2024,154,5656,F M S,28,1483,3,5.282411629334092,3,5.282411629334092,6,5.504750292748213,39,33,3,0,13.806489046663046,4.777184067294002
ESP-La Liga,2425,Villarreal,Pape Alassane Gueye,4,2024,154,8696,F M S,34,2246,4,3.8907218649983406,4,3.8907218649983406,0,1.5439291521906853,54,16,4,2,10.799056436866522,6.800886146724224
ESP-La Liga,2425,Villarreal,Pau Navarro,4,2024,154,12914,D S,17,902,0,0.0157116148620843,0,0.0157116148620843,0,0.0141796292737126,1,1,1,0,3.66788212954998,3.6521705240011215
ESP-La Liga,2425,Villarreal,Raúl Albiol,4,2024,154,1588,D S,15,1186,0,0.1134491674602031,0,0.1134491674602031,0,0.0,2,0,5,0,2.6963552040979266,2.640093426220119
ESP-La Liga,2425,Villarreal,Santiago Comesaña,4,2024,154,7070,M S,35,2597,4,4.790394257754088,4,4.790394257754088,2,2.9417879972606897,39,28,7,0,16.32327102124691,12.05175619572401
ESP-La Liga,2425,Villarreal,Sergi Cardona,4,2024,154,11744,D S,35,2974,1,3.418096289038658,1,3.418096289038658,7,6.034026274457574,20,45,11,0,17.55859543941915,13.585805354639888
ESP-La Liga,2425,Villarreal,Tajon Buchanan,4,2024,154,12322,M S,13,403,1,0.9770353380590676,1,0.9770353380590676,2,0.770006813108921,7,5,2,0,2.7764469999819994,1.2341861240565777
ESP-La Liga,2425,Villarreal,Thiago Ojeda,4,2024,154,13285,S,1,2,0,0.0154521698132157,0,0.0154521698132157,0,0.0,1,0,1,0,0.5112302899360657,0.5112302899360657
ESP-La Liga,2425,Villarreal,Thierno Barry,4,2024,154,12916,F S,35,2322,11,15.059573616832497,10,14.316296067088842,4,3.666274566203356,73,24,4,0,19.066308550536636,4.0202120169997215
ESP-La Liga,2425,Villarreal,Willy Kambwala,4,2024,154,12275,D S,19,1097,0,0.2262032143771648,0,0.2262032143771648,0,0.07206991314888,4,1,1,1,3.91528133302927,3.857853531837464
ESP-La Liga,2425,Villarreal,Yeremi Pino,4,2024,154,9024,M S,34,1984,4,3.981011871248484,4,3.981011871248484,7,5.7880224250257015,29,39,11,0,14.707165252417326,6.185822805389762
ESP-La Liga,2425,Villarreal,Álex Baena,4,2024,154,8417,F M S,32,2639,7,7.195329947397113,7,6.452052278444171,9,12.612854413688185,70,95,9,0,23.495316974818707,10.70790826343
FRA-Ligue 1,2425,Angers,Abdoulaye Bamba,5,2024,167,5732,D S,19,1504,0,0.0550604052841663,0,0.0550604052841663,0,0.2033483530394733,1,6,2,0,3.14669807581231,3.0990787222981453
FRA-Ligue 1,2425,Angers,Ahmadou Bamba Dieng,5,2024,167,9345,F S,18,495,3,2.8145199362188578,2,2.0544248167425394,0,0.0264367014169693,15,1,1,0,1.9612412322312596,0.4006627630442381
FRA-Ligue 1,2425,Angers,Carlens Arcus,5,2024,167,5756,D S,28,2077,0,0.0500690191984176,0,0.0500690191984176,1,1.6900672409683466,3,18,3,0,5.611445492133498,4.199675463140011
FRA-Ligue 1,2425,Angers,Cédric Hountondji,5,2024,167,4886,D,3,270,0,0.0,0,0.0,0,0.0,0,0,0,0,0.3801884092390537,0.3801884092390537
FRA-Ligue 1,2425,Angers,Emmanuel Biumla,5,2024,167,12851,D S,17,1334,1,0.964099989272654,1,0.964099989272654,0,0.0368436053395271,4,1,2,0,1.810768922790885,1.7957943882793188
FRA-Ligue 1,2425,Angers,Enzo Caumont,5,2024,167,13605,S,2,29,0,0.0,0,0.0,0,0.0,0,0,1,0,0.0860391557216644,0.0860391557216644
FRA-Ligue 1,2425,Angers,Esteban Lepaul,5,2024,167,12850,F S,28,1638,9,7.325011699460447,9,7.325011699460447,0,1.1495548896491528,41,7,2,0,8.115739746019244,0.8236304074525833
FRA-Ligue 1,2425,Angers,Farid El Melali,5,2024,167,7064,F M S,32,1935,2,3.502854608930648,2,3.502854608930648,3,3.686480900272727,46,25,1,0,8.904582250863314,4.511517435312271
FRA-Ligue 1,2425,Angers,Florent Hanin,5,2024,167,12848,D S,33,2705,1,1.010424098931253,1,1.010424098931253,2,2.40469394158572,11,25,2,0,6.970525681041181,4.54639595374465
FRA-Ligue 1,2425,Angers,Haris Belkebla,5,2024,167,7732,M S,22,1792,0,0.1032319217920303,0,0.1032319217920303,1,0.2792173726484179,3,4,1,0,3.4150968957692385,3.0657623186707497
FRA-Ligue 1,2425,Angers,Himad Abdelli,5,2024,167,10923,F M,32,2866,6,6.729426014237106,3,3.689045458100736,1,3.905929923057556,38,39,4,0,10.431471198797226,5.458412878215313
FRA-Ligue 1,2425,Angers,Ibrahima Niane,5,2024,167,5988,F S,24,907,3,7.7335671335458755,2,6.973472014069557,1,1.095839424058795,30,9,0,0,8.963155139237642,2.083538823761046
FRA-Ligue 1,2425,Angers,Jacques Ekomie,5,2024,167,10243,D M S,18,673,0,0.0208582151681184,0,0.0208582151681184,0,0.0,1,0,1,0,0.5518848989158869,0.5518848989158869
FRA-Ligue 1,2425,Angers,Jean Eudes Aholou,5,2024,167,4811,M,26,2024,2,2.1293888445943594,2,2.1293888445943594,0,0.9289217963814737,27,10,7,0,4.615285698324442,3.1129951030015945
FRA-Ligue 1,2425,Angers,Jim Allevinah,5,2024,167,9645,F M S,28,1814,1,4.051122585311532,1,4.051122585311532,3,3.102520967833698,35,15,3,0,8.188466813415289,1.6582793649286032
FRA-Ligue 1,2425,Angers,Jordan Lefort,5,2024,167,6895,D,34,3060,0,0.5102578178048134,0,0.5102578178048134,1,1.3727682437747717,8,10,3,0,7.271243300288916,6.82377390190959
FRA-Ligue 1,2425,Angers,Justin-Noel Kalumba,5,2024,167,11494,S,2,21,0,0.0107367057353258,0,0.0107367057353258,0,0.0,1,0,0,0,0.0107367057353258,0.0
FRA-Ligue 1,2425,Angers,Lanroy Machine,5,2024,167,13612,S,2,6,0,0.0537509582936763,0,0.0537509582936763,0,0.0,1,0,0,0,0.0537509582936763,0.0
FRA-Ligue 1,2425,Angers,Lilian Raolisoa,5,2024,167,11294,D M S,29,1303,0,0.7193387225270271,0,0.7193387225270271,3,2.220577195286751,14,15,1,2,4.16938048787415,2.54784245043993
FRA-Ligue 1,2425,Angers,Lois Diony,5,2024,167,5623,S,1,17,0,0.0,0,0.0,0,0.0,0,0,0,0,0.0,0.0
FRA-Ligue 1,2425,Angers,Marius Courcoul,5,2024,167,13158,M S,8,296,0,0.0598311349749565,0,0.0598311349749565,0,0.0417022667825222,3,1,0,0,0.4375119507312774,0.3982678726315498
FRA-Ligue 1,2425,Angers,Melvin Zinga,5,2024,167,12849,GK,1,90,0,0.0,0,0.0,0,0.0,0,0,0,0,0.1170767471194267,0.1170767471194267
FRA-Ligue 1,2425,Angers,Ousmane Camara,5,2024,167,11016,D,3,255,0,0.0253534894436597,0,0.0253534894436597,0,0.023300090804696,1,1,1,0,0.340166337788105,0.340166337788105
FRA-Ligue 1,2425,Angers,Pierrick Capelle,5,2024,167,3495,M S,16,450,0,0.196986561641097,0,0.196986561641097,0,1.0418054088950155,6,4,4,0,3.068952925503254,1.9870713837444784
FRA-Ligue 1,2425,Angers,Prosper Peter,5,2024,167,13604,S,2,21,0,0.0,0,0.0,0,0.0,0,0,0,0,0.0,0.0
FRA-Ligue 1,2425,Angers,Sidiki Chérif,5,2024,167,12847,F S,7,316,0,0.6688119219616055,0,0.6688119219616055,0,0.1973147243261337,5,2,0,0,1.313505083322525,0.4473784565925598
FRA-Ligue 1,2425,Angers,Yahia Fofana,5,2024,167,10829,GK,33,2970,0,0.0,0,0.0,0,0.0941308066248893,0,1,4,0,2.507958922535181,2.413828115910292
FRA-Ligue 1,2425,Angers,Yassin Belkhdim,5,2024,167,10517,M S,29,1529,1,0.8150536147877574,1,0.8150536147877574,1,0.5170952901244164,9,5,4,0,3.8693475667387247,3.167851301841438
FRA-Ligue 1,2425,Angers,Zinedine Ferhat,5,2024,167,7773,M S,24,799,2,0.7289273981004953,2,0.7289273981004953,0,3.097869880497456,12,17,1,0,3.48392403498292,0.5386501476168633
FRA-Ligue 1,2425,Angers,Zinédine Ould Khaled,5,2024,167,8175,M S,10,330,0,0.0563457570970058,0,0.0563457570970058,0,0.0,1,0,1,0,0.1092888843268156,0.0529431272298097
FRA-Ligue 1,2425,Auxerre,Ado Onaiwu,5,2024,275,10799,F M S,31,894,4,4.120357080362737,4,4.120357080362737,1,1.239742711186409,23,10,1,1,6.513121107593179,2.6442289650440216
FRA-Ligue 1,2425,Auxerre,Ange-Loïc N’Gatta,5,2024,275,13135,S,2,4,0,0.0,0,0.0,0,0.0,0,0,1,0,0.0,0.0
FRA-Ligue 1,2425,Auxerre,Aristide Zossou,5,2024,275,13076,S,3,3,0,0.0,0,0.0,0,0.0,0,0,0,0,0.0,0.0
FRA-Ligue 1,2425,Auxerre,Assane Diousse,5,2024,275,1326,M S,17,646,0,0.0493608536198735,0,0.0493608536198735,0,0.1189180323854088,3,2,1,0,2.101694839075208,1.946848575025797
FRA-Ligue 1,2425,Auxerre,Ben Viadère,5,2024,275,12828,S,1,2,0,0.0,0,0.0,0,0.0634360909461975,0,1,0,0,0.0,0.0
FRA-Ligue 1,2425,Auxerre,Clément Akpa,5,2024,275,12824,D S,31,2507,0,0.2133147586137056,0,0.2133147586137056,1,0.690540705807507,6,8,7,0,5.747673346661031,5.519227394834161
FRA-Ligue 1,2425,Auxerre,Donovan Léon,5,2024,275,7735,GK,32,2880,0,0.0,0,0.0,2,0.4050854407250881,0,3,4,0,4.926462523639202,4.5213770512491465
FRA-Ligue 1,2425,Auxerre,Elisha Owusu,5,2024,275,6333,M,28,2384,1,0.4561059325933456,1,0.4561059325933456,3,0.921045613475144,7,14,7,0,5.172322070226073,3.932241784408689
FRA-Ligue 1,2425,Auxerre,Eros Maddy,5,2024,275,12827,S,2,6,0,0.0,0,0.0,0,0.0700502097606659,0,1,1,0,0.1998818963766098,0.1298316866159439
FRA-Ligue 1,2425,Auxerre,Florian Aye,5,2024,275,7960,F S,26,547,2,2.193225121125579,2,2.193225121125579,0,0.0800204882398247,12,3,0,0,2.875464507378638,0.8115452844649553
FRA-Ligue 1,2425,Auxerre,Fredrik Oppegård,5,2024,275,13407,D S,9,261,0,0.1022833082824945,0,0.1022833082824945,0,0.1235107146203517,3,2,0,0,1.3455706015229223,1.1197765693068504
FRA-Ligue 1,2425,Auxerre,Gabriel Osho,5,2024,275,12151,D,20,1667,1,0.9943069517612456,1,0.9943069517612456,0,0.1013227924704551,7,1,1,1,5.365631407126784,5.365631407126784
FRA-Ligue 1,2425,Auxerre,Gaetan Perrin,5,2024,275,3285,F M S,34,2750,10,6.17701430618763,10,6.17701430618763,11,8.516953714191914,59,73,2,0,14.082521572709084,5.70773258805275
FRA-Ligue 1,2425,Auxerre,Gideon Mensah,5,2024,275,9807,D S,29,2292,0,0.1334052672609686,0,0.1334052672609686,1,1.9292180109769104,4,21,2,0,8.611782740801573,6.888859694823623
FRA-Ligue 1,2425,Auxerre,Hamed Junior Traore,5,2024,275,6986,F M,26,2154,10,7.649552743881941,10,7.649552743881941,2,2.9120337422937155,69,27,5,0,13.96112221851945,4.6782301757484674
FRA-Ligue 1,2425,Auxerre,Han-Noah Massengo,5,2024,275,7264,M S,17,1048,0,0.362643314525485,0,0.362643314525485,0,0.6310354843735695,6,3,5,0,3.4386744014918804,3.12791520729661
FRA-Ligue 1,2425,Auxerre,Jubal,5,2024,275,10812,D,30,2647,6,5.397075108252466,3,2.356694615446031,0,0.9246590109542012,30,6,7,0,4.817107713781297,4.73471149802208
FRA-Ligue 1,2425,Auxerre,Ki-Jana Hoever,5,2024,275,8351,D S,30,2170,1,0.6008255472406745,1,0.6008255472406745,2,2.9231875790283084,10,24,2,1,9.15106891747564,6.473006791435182
FRA-Ligue 1,2425,Auxerre,Kévin Danois,5,2024,275,10818,M S,22,1466,0,0.9946297388523816,0,0.9946297388523816,0,2.3297908948734403,16,25,1,0,6.475489607080817,3.929859349504113
FRA-Ligue 1,2425,Auxerre,Lassine Sinayoko,5,2024,275,10815,F M S,34,2305,5,7.12538929656148,4,6.365294177085161,8,5.429220663383603,61,37,5,0,14.517525039613249,5.770257687196136
FRA-Ligue 1,2425,Auxerre,Lasso Coulibaly,5,2024,275,12826,S,3,38,1,0.2818722389638424,1,0.2818722389638424,0,0.0666709840297699,3,1,0,0,0.3658285848796367,0.0839563384652137
FRA-Ligue 1,2425,Auxerre,Paul Joly,5,2024,275,10817,D S,26,991,0,0.6258648559451103,0,0.6258648559451103,1,1.860155014321208,10,16,3,1,3.401177999563515,2.425239468924701
FRA-Ligue 1,2425,Auxerre,Rayan Raveloson,5,2024,275,10922,D M S,13,705,1,0.9947644015774132,1,0.9947644015774132,0,0.1191945113241672,16,3,3,0,2.366488345898688,1.5417372323572636
FRA-Ligue 1,2425,Auxerre,Rudy Matondo,5,2024,275,13577,S,5,53,0,0.0,0,0.0,0,0.0,0,0,1,0,0.2317506670951843,0.2317506670951843
FRA-Ligue 1,2425,Auxerre,Sinaly Diomande,5,2024,275,8703,D S,23,1945,3,1.3533278461545706,3,1.3533278461545706,2,0.3968273047357797,9,4,6,0,3.921265795826912,3.761818313971162
FRA-Ligue 1,2425,Auxerre,Theo Bair,5,2024,275,12825,F S,29,912,2,3.1768346736207604,2,3.1768346736207604,1,1.072944289073348,26,10,1,0,4.001608844846487,0.5136823775246739
FRA-Ligue 1,2425,Auxerre,Théo De Percin,5,2024,275,11250,GK,2,180,0,0.0,0,0.0,0,0.0,0,0,0,0,0.336399307474494,0.336399307474494
FRA-Ligue 1,2425,Auxerre,Théo Pellenard,5,2024,275,5668,S,2,40,0,0.0,0,0.0,0,0.0,0,0,0,0,0.0480645671486854,0.0480645671486854
FRA-Ligue 1,2425,Auxerre,Yoann Cisse,5,2024,275,13315,S,2,2,0,0.0,0,0.0,0,0.0,0,0,0,0,0.0,0.0
FRA-Ligue 1,2425,Brest,Abdallah Sima,5,2024,241,11046,F M S,27,1229,6,7.695733284577727,6,7.695733284577727,2,1.6998696038499477,38,13,2,0,8.282265949063003,1.3187157418578863
FRA-Ligue 1,2425,Brest,Axel Camblan,5,2024,241,9826,S,2,16,0,0.098401553928852,0,0.098401553928852,0,0.0,1,0,0,0,0.098401553928852,0.0
FRA-Ligue 1,2425,Brest,Bradley Locko,5,2024,241,9659,D S,2,96,0,0.0327756740152835,0,0.0327756740152835,0,0.0,1,0,1,0,0.2675226032733917,0.2347469180822372
FRA-Ligue 1,2425,Brest,Brendan Chardonnet,5,2024,241,7736,D,27,2422,1,1.3819349082186818,1,1.3819349082186818,0,1.3776168059557676,14,8,6,0,4.98070739582181,4.717374134808779
FRA-Ligue 1,2425,Brest,Edimilson Fernandes,5,2024,241,1673,D M S,19,1111,0,0.3186627691611647,0,0.3186627691611647,1,0.7368160840123892,10,8,1,0,2.8878019116818905,2.247791307047009
FRA-Ligue 1,2425,Brest,Grégoire Coudert,5,2024,241,9616,GK,2,180,0,0.0,0,0.0,0,0.0,0,0,0,0,0.3921250365674495,0.3921250365674495
FRA-Ligue 1,2425,Brest,Hamidou Makalou,5,2024,241,13552,S,4,20,0,0.0,0,0.0,0,0.0,0,0,0,0,0.1229897066950798,0.1229897066950798
FRA-Ligue 1,2425,Brest,Hianga'a M'Bock,5,2024,241,8151,S,1,15,0,0.0090294787660241,0,0.0090294787660241,0,0.0,1,0,0,0,0.0090294787660241,0.0
FRA-Ligue 1,2425,Brest,Hugo Magnetti,5,2024,241,5742,M S,32,2352,1,0.8659364832565188,1,0.8659364832565188,0,0.5326036140322685,19,6,5,0,7.780316152609885,6.655176809057593
FRA-Ligue 1,2425,Brest,Ibrahim Salah,5,2024,241,11371,F M S,12,349,1,0.8132437504827976,1,0.8132437504827976,1,0.8511350452899933,13,6,0,0,1.3992713205516338,0.5368228144943714
FRA-Ligue 1,2425,Brest,Jeremy Le Douaron,5,2024,241,8657,F S,2,99,0,0.4151886440813541,0,0.4151886440813541,0,0.0,2,0,0,0,0.4151886440813541,0.0
FRA-Ligue 1,2425,Brest,Jonas Martin,5,2024,241,3346,M S,17,480,1,0.8571979701519012,1,0.8571979701519012,0,0.3728829957544803,3,3,2,0,1.4928190223872662,0.9142091553658248
FRA-Ligue 1,2425,Brest,Jordan Amavi,5,2024,241,961,D S,11,780,0,0.2962684025987983,0,0.2962684025987983,0,0.1750364806503057,8,6,2,0,0.9980407729744912,0.6143322475254536
FRA-Ligue 1,2425,Brest,Julien Le Cardinal,5,2024,241,11259,D S,16,1375,0,0.5752955917268991,0,0.5752955917268991,1,0.2125720363110304,10,5,3,0,2.933543460443616,2.7910752836614847
FRA-Ligue 1,2425,Brest,Justin Bourgault,5,2024,241,13388,D,2,132,1,0.0508661847561597,1,0.0508661847561597,0,0.1125571578741073,2,1,0,0,0.4474046640098095,0.3027353584766388
FRA-Ligue 1,2425,Brest,Kamory Doumbia,5,2024,241,10100,M S,30,1317,3,3.75056536309421,3,3.75056536309421,2,2.2519246162846684,22,26,1,0,6.980424685403705,2.206164136528969
FRA-Ligue 1,2425,Brest,Kenny Lala,5,2024,241,5975,D S,30,2686,3,2.93412602506578,0,0.6538406144827604,2,3.9025520822033286,12,42,5,0,6.880217383615673,4.071437026374042
FRA-Ligue 1,2425,Brest,Luc Zogbe,5,2024,241,12258,D S,13,616,0,0.2781616365537047,0,0.2781616365537047,0,0.0962673956528306,8,4,2,0,1.4661995507776735,1.2259825393557549
FRA-Ligue 1,2425,Brest,Ludovic Ajorque,5,2024,241,6905,F S,31,2533,13,12.592709366232157,13,11.832614213228226,2,3.065709619782865,54,35,5,0,12.956114443950357,3.216817481443286
FRA-Ligue 1,2425,Brest,Mahdi Camara,5,2024,241,6452,M S,34,2691,5,4.843414501287043,5,4.843414501287043,3,2.750586649402976,49,26,5,0,9.767708462662997,5.494086302816868
FRA-Ligue 1,2425,Brest,Mama Baldé,5,2024,241,7747,F M S,29,1177,2,3.391768949106336,2,3.391768949106336,3,2.3615922890603542,30,16,4,0,6.579505069181323,1.2198738688603044
FRA-Ligue 1,2425,Brest,Marco Bizot,5,2024,241,9614,GK,32,2880,0,0.0,0,0.0,0,0.0,0,0,4,0,2.935953399166465,2.935953399166465
FRA-Ligue 1,2425,Brest,Massadio Haidara,5,2024,241,943,D S,22,1707,0,0.3047369616106152,0,0.3047369616106152,0,0.3982803719118237,10,8,1,2,3.7239928925409913,3.31125532835722
FRA-Ligue 1,2425,Brest,Niakhate Ndiaye,5,2024,241,9447,D S,22,1703,1,0.6757700787857175,1,0.6757700787857175,0,0.0131817571818828,11,1,4,1,2.672741312533617,2.659559555351734
FRA-Ligue 1,2425,Brest,Pereira Lage,5,2024,241,7743,F M S,29,1576,2,3.184171587228775,2,3.184171587228775,7,4.771148173138499,36,22,4,0,8.298807248473167,3.571424581110477
FRA-Ligue 1,2425,Brest,Pierre Lees-Melou,5,2024,241,5619,M S,20,1516,2,1.3349120300263166,2,1.3349120300263166,2,2.2275387002155185,22,19,7,0,7.036306224763393,5.228005010634661
FRA-Ligue 1,2425,Brest,Romain Del Castillo,5,2024,241,3721,F M S,26,1246,6,4.310769828036428,3,1.2703893315047026,4,4.434545466676354,21,37,0,0,5.5885985866189,2.804948030039668
FRA-Ligue 1,2425,Brest,Romain Faivre,5,2024,241,6420,F M S,20,901,3,2.711309917271137,2,1.9512147977948189,2,2.217785481363535,19,10,2,0,5.598205116577447,2.80601451639086
FRA-Ligue 1,2425,Brest,Serigne Diop,5,2024,241,13024,S,2,2,0,0.0,0,0.0,0,0.0,0,0,0,0,0.0,0.0
FRA-Ligue 1,2425,Brest,Soumaila Coulibaly,5,2024,241,10467,D S,7,435,0,0.2297682277858257,0,0.2297682277858257,0,0.0511240065097808,4,1,1,0,0.4004100859165191,0.4004100859165191
FRA-Ligue 1,2425,Le Havre,Abdoulaye Touré,5,2024,282,3674,M S,28,2347,10,9.38324426021427,2,2.542387966997921,1,0.5837586019188166,47,7,5,0,7.795632460154593,6.679130156524479
FRA-Ligue 1,2425,Le Havre,Alois Confais,5,2024,282,3448,S,1,1,0,0.0,0,0.0,0,0.0,0,0,0,0,0.0,0.0
FRA-Ligue 1,2425,Le Havre,André Ayew,5,2024,282,713,F S,27,1452,4,4.768508719280362,4,4.768508719280362,1,0.1840137876570224,22,8,2,0,5.055441688746214,1.2997811660170555
FRA-Ligue 1,2425,Le Havre,Andy Logbo,5,2024,282,11793,S,1,22,0,0.3320036232471466,0,0.3320036232471466,0,0.0,1,0,0,0,0.3320036232471466,0.0
FRA-Ligue 1,2425,Le Havre,Antoine Joujou,5,2024,282,11794,F M S,26,923,0,0.8187035582959652,0,0.8187035582959652,2,3.482716904953122,11,15,1,0,5.577205473557115,2.045214200392365
FRA-Ligue 1,2425,Le Havre,Arouna Sangante,5,2024,282,11788,D,16,1268,3,0.975503034889698,3,0.975503034889698,0,0.0627684034407138,7,3,4,1,2.4631762746721506,2.439951444044709
FRA-Ligue 1,2425,Le Havre,Arthur Desmas,5,2024,282,9638,GK,18,1620,0,0.0,0,0.0,0,0.0407986566424369,0,1,2,0,2.1496369624510407,2.108838298358023
FRA-Ligue 1,2425,Le Havre,Christopher Operi,5,2024,282,5801,D M,13,1170,0,0.2694280641153455,0,0.2694280641153455,2,3.8664896115660663,7,24,0,1,3.102471018210053,1.3027827069163322
FRA-Ligue 1,2425,Le Havre,Daler Kuzyaev,5,2024,282,2854,M S,12,553,1,0.227851178497076,1,0.227851178497076,0,0.3984394297003746,4,2,1,0,1.0864557195454836,0.598971975967288
FRA-Ligue 1,2425,Le Havre,Emmanuel Sabbi,5,2024,282,11906,F M S,15,649,0,2.540320668369532,0,2.540320668369532,0,0.3121907748281955,15,4,1,0,3.1046951226890087,0.8212496228516102
FRA-Ligue 1,2425,Le Havre,Fode Toure,5,2024,282,5803,D S,10,607,0,0.0,0,0.0,0,0.0893780887126922,0,1,0,0,1.8735657222568989,1.7841876335442066
FRA-Ligue 1,2425,Le Havre,Gautier Lloris,5,2024,282,3701,D,31,2771,2,1.6825310997664928,2,1.6825310997664928,1,0.9088068166747688,11,5,5,0,5.0875729862600565,5.0553868263959885
FRA-Ligue 1,2425,Le Havre,Ilyes Housni,5,2024,282,11254,F S,12,222,0,0.2678281217813492,0,0.2678281217813492,0,0.4824498342350125,5,2,0,0,0.3481463463976979,0.1453414782881736
FRA-Ligue 1,2425,Le Havre,Issa Soumaré,5,2024,282,11792,F M S,29,1908,5,4.202352497726679,5,4.202352497726679,4,2.711702112108469,43,28,0,0,6.44101844727993,1.32129811309278
FRA-Ligue 1,2425,Le Havre,Josué Casimir,5,2024,282,11789,D F M S,27,2024,4,3.7103644404560328,4,3.7103644404560328,4,3.4613285548985004,27,26,5,0,9.78308418765664,3.814726060256362
FRA-Ligue 1,2425,Le Havre,Junior Mwanga,5,2024,282,10581,M S,19,1249,1,1.369440147653222,1,1.369440147653222,2,1.6665557697415352,16,9,1,1,4.944672940298915,2.9164337776601315
FRA-Ligue 1,2425,Le Havre,Kandet Diawara,5,2024,282,12185,S,1,1,0,0.0,0,0.0,0,0.0,0,0,0,0,0.0,0.0
FRA-Ligue 1,2425,Le Havre,Koka,5,2024,282,13368,F S,16,863,3,4.940051291137934,2,4.179956119507551,1,0.9838768728077412,20,5,2,0,4.267227206379175,1.104890253394842
FRA-Ligue 1,2425,Le Havre,Loïc Négo,5,2024,282,11787,D M S,31,2473,0,0.49317517131567,0,0.49317517131567,0,0.6734980046749115,12,12,4,0,8.307339046150446,7.502250701189041
FRA-Ligue 1,2425,Le Havre,Mahamadou Diawara,5,2024,282,12143,M S,17,576,0,0.267759189940989,0,0.267759189940989,1,0.2866376228630543,7,7,0,0,1.3198313117027285,0.8539094002917409
FRA-Ligue 1,2425,Le Havre,Mathieu Gorgelin,5,2024,282,3283,GK,16,1440,0,0.0,0,0.0,0,0.0,0,0,2,0,1.2509176190942526,1.2509176190942526
FRA-Ligue 1,2425,Le Havre,Mathéo Bodmer,5,2024,282,12729,S,1,4,0,0.0,0,0.0,0,0.0,0,0,0,0,0.0,0.0
FRA-Ligue 1,2425,Le Havre,Oussama Targhaline,5,2024,282,9317,M S,14,997,0,0.157673180103302,0,0.157673180103302,0,0.6418087482452393,5,7,0,0,1.9886683002114296,1.4030463602393866
FRA-Ligue 1,2425,Le Havre,Rassoul Ndiaye,5,2024,282,11790,M S,27,1027,1,1.5400639669969678,1,1.5400639669969678,0,0.7300636917352676,18,10,2,0,3.183530825190246,1.189217709004879
FRA-Ligue 1,2425,Le Havre,Samuel Grandsir,5,2024,282,3713,S,6,67,0,0.0,0,0.0,0,0.4822875373065471,0,3,0,0,0.4629751034080982,0.0
FRA-Ligue 1,2425,Le Havre,Steve Ngoura,5,2024,282,12335,F S,8,265,1,1.470861777663231,1,1.470861777663231,0,0.4437329918146133,10,2,0,0,1.6963221728801727,0.0471266712993383
FRA-Ligue 1,2425,Le Havre,Timothee Pembele,5,2024,282,8701,D M S,20,1099,1,1.1886742673814297,1,1.1886742673814297,0,0.0972016714513301,8,3,3,0,3.378208953887224,2.296531153842807
FRA-Ligue 1,2425,Le Havre,Yanis Zouaoui,5,2024,282,12732,D M S,17,964,0,0.1306074019521474,0,0.1306074019521474,2,2.822066869586706,5,28,3,0,3.591550731100142,2.662312519736588
FRA-Ligue 1,2425,Le Havre,Yassine Kechta,5,2024,282,11795,F M S,31,2163,2,2.274918595328927,2,2.274918595328927,0,1.1719021573662758,28,15,4,0,8.392575566656888,5.958666974678636
FRA-Ligue 1,2425,Le Havre,Yoann Salmier,5,2024,282,5976,D S,13,797,0,1.4400821328163147,0,1.4400821328163147,0,0.3146752174943685,5,2,3,0,1.782364564947784,0.9801783682778478
FRA-Ligue 1,2425,Le Havre,Étienne Youté,5,2024,282,11796,D M S,28,2315,0,2.039354825392365,0,2.039354825392365,0,0.1349055804312229,14,3,4,1,5.2596653224900365,5.181505971588194
FRA-Ligue 1,2425,Lens,Abduqodir Khusanov,5,2024,210,11763,D S,13,978,0,0.2139793438836932,0,0.2139793438836932,0,0.3007875084877014,5,2,2,1,2.1697800625115637,2.1552239637821917
FRA-Ligue 1,2425,Lens,Adrien Thomasson,5,2024,210,3549,M S,33,2640,3,6.380997622385621,3,6.380997622385621,7,6.008343517780304,42,55,7,0,20.11201234906912,11.505189450457692
FRA-Ligue 1,2425,Lens,Anass Zaroury,5,2024,210,11703,D F M S,28,1411,2,1.8902752604335544,2,1.8902752604335544,2,3.554999358020723,35,35,1,1,8.196472126990557,4.761631801724434
FRA-Ligue 1,2425,Lens,Andy Diouf,5,2024,210,9523,F M S,34,2262,1,3.282163294032216,1,3.282163294032216,2,3.276158655062318,40,34,2,0,10.56933762691915,5.297075832262635
FRA-Ligue 1,2425,Lens,Angelo Fulgini,5,2024,210,6019,D F M S,23,1034,1,2.386262509971857,1,2.386262509971857,1,2.656230289489031,26,27,3,0,8.558728955686092,4.523270800709724
FRA-Ligue 1,2425,Lens,Brice Samba,5,2024,210,4748,GK,32,2880,0,0.0,0,0.0,0,0.0,0,0,4,0,4.9049755074083805,4.9049755074083805
FRA-Ligue 1,2425,Lens,David Pereira Da Costa,5,2024,210,8759,M S,11,337,0,0.751729317009449,0,0.751729317009449,0,0.4201097805052995,9,6,0,1,1.3956514783203602,0.5065601021051407
FRA-Ligue 1,2425,Lens,Deiver Machado,5,2024,210,9632,D M S,27,1793,1,2.1914128474891186,1,2.1914128474891186,4,2.924070416018367,22,20,5,2,7.867527216672897,4.957184759899974
FRA-Ligue 1,2425,Lens,Facundo Medina,5,2024,210,8664,D M,29,2558,0,1.997521806508303,0,1.997521806508303,1,2.1699847169220448,28,23,13,1,13.792968783527613,10.98086129128933
FRA-Ligue 1,2425,Lens,Florian Sotoca,5,2024,210,3348,D F M S,31,1805,1,4.691040273755789,1,4.691040273755789,1,1.3942081313580277,47,18,2,1,11.264188419096172,6.532251167111099
FRA-Ligue 1,2425,Lens,Gabin Capuano,5,2024,210,13314,S,1,10,0,0.0,0,0.0,0,0.0,0,0,0,0,0.0671440660953521,0.0671440660953521
FRA-Ligue 1,2425,Lens,Goduine Koyalipou,5,2024,210,13335,F M S,15,909,4,6.52647197060287,4,6.52647197060287,0,0.941659029573202,42,9,0,0,7.506039686501026,0.9795812405645848
FRA-Ligue 1,2425,Lens,Hamzat Ojediran,5,2024,210,12961,M S,17,376,1,0.9302560910582542,1,0.9302560910582542,0,0.3495721258223057,10,2,5,0,1.641879379749298,0.3620512038469314
FRA-Ligue 1,2425,Lens,Jeremy Agbonifo,5,2024,210,13398,F S,8,277,1,1.2059635091573,1,1.2059635091573,0,0.2067946828901767,6,3,1,0,3.8567132242023945,2.502289552241564
FRA-Ligue 1,2425,Lens,Jhoanner Chávez,5,2024,210,12343,D M S,10,606,1,0.4749180823564529,1,0.4749180823564529,0,0.8435395769774914,5,8,1,0,2.2560995295643806,1.1333056390285492
FRA-Ligue 1,2425,Lens,Jonathan Gradit,5,2024,210,7206,D S,25,2129,0,0.5578836519271135,0,0.5578836519271135,0,0.7267096601426601,16,10,4,0,8.751521684229374,8.127125641331077
FRA-Ligue 1,2425,Lens,Juma Bah,5,2024,210,13100,D S,10,684,0,0.1038192119449377,0,0.1038192119449377,0,0.1231439411640167,2,2,2,0,2.665540926158428,2.5423969887197018
FRA-Ligue 1,2425,Lens,Kembo Diliwidi,5,2024,210,13207,S,1,3,0,0.0,0,0.0,0,0.0,0,0,0,0,0.0671440660953521,0.0671440660953521
FRA-Ligue 1,2425,Lens,Kevin Danso,5,2024,210,5261,D,12,1080,0,0.4530385807156563,0,0.4530385807156563,0,0.7431958839297295,10,5,3,0,5.39307077229023,4.678244903683662
FRA-Ligue 1,2425,Lens,Kouakou Herve Koffi,5,2024,210,6015,GK,5,450,0,0.0,0,0.0,0,0.0,0,0,2,0,0.0308848991990089,0.0308848991990089
FRA-Ligue 1,2425,Lens,Kyllian Antonio,5,2024,210,13141,D S,3,144,0,0.0550034828484058,0,0.0550034828484058,0,0.0,1,0,0,0,0.0741415098309516,0.0191380269825458
FRA-Ligue 1,2425,Lens,M'Bala Nzola,5,2024,210,9018,F S,21,1470,6,9.921724498271942,6,9.921724498271942,1,1.2153856558725238,47,20,3,1,11.829063314944506,1.8323428463190796
FRA-Ligue 1,2425,Lens,Malang Sarr,5,2024,210,5648,D S,21,1378,0,0.2300545470789075,0,0.2300545470789075,0,0.3653634153306484,6,4,0,0,5.869433268904686,5.781389489769936
FRA-Ligue 1,2425,Lens,Martín Satriano,5,2024,210,9001,S,7,70,0,0.4654059642925858,0,0.4654059642925858,0,0.1549183130264282,5,2,0,0,1.033323143608868,0.5440714890137315
FRA-Ligue 1,2425,Lens,Mat Ryan,5,2024,210,2385,GK,14,1260,0,0.0,0,0.0,0,0.0,0,0,0,0,2.6335456520318985,2.6335456520318985
FRA-Ligue 1,2425,Lens,Nampalys Mendy,5,2024,210,1785,M S,10,592,0,0.152185583487153,0,0.152185583487153,1,0.1657905280590057,3,1,2,0,1.817709133028984,1.532732516527176
FRA-Ligue 1,2425,Lens,Neil El Aynaoui,5,2024,210,12104,M S,24,1596,8,4.720273691229522,5,2.4399882974103093,1,2.05692941043526,19,24,4,0,7.76118179038167,5.66588681191206
FRA-Ligue 1,2425,Lens,Przemyslaw Frankowski,5,2024,210,9633,D M S,18,1399,4,2.4587892051786184,2,0.9385989662259816,2,3.12122618034482,16,20,3,0,6.842583583667874,4.291286118328571
FRA-Ligue 1,2425,Lens,Rayan Fofana,5,2024,210,13506,S,2,24,0,0.0,0,0.0,0,0.0,0,0,0,0,0.5766252279281616,0.5766252279281616
FRA-Ligue 1,2425,Lens,Remy Labeau Lascary,5,2024,210,11065,F M S,14,626,2,3.0061515402048826,2,3.0061515402048826,1,1.1527073979377749,14,6,5,0,4.764800416305661,0.8229968063533306
FRA-Ligue 1,2425,Lens,Ruben Aguilar,5,2024,210,6006,D M S,16,1143,1,1.641246322542429,1,1.641246322542429,2,2.3584927320480347,11,11,4,0,6.623840983957052,4.363031256943941
FRA-Ligue 1,2425,Lens,Tom Pouilly,5,2024,210,12391,D S,10,252,0,0.6400113068521023,0,0.6400113068521023,0,0.5618034703657031,4,3,1,0,1.6114612743258476,0.933405939489603
FRA-Ligue 1,2425,Lens,Wesley Said,5,2024,210,3799,F M S,24,910,3,2.9539465494453907,3,2.9539465494453907,0,0.9452822618186474,17,8,4,0,4.038416780531406,1.190990498289466
FRA-Ligue 1,2425,Lille,Aaron Malouda,5,2024,160,11759,S,1,1,0,0.0,0,0.0,0,0.0,0,0,0,0,0.0,0.0
FRA-Ligue 1,2425,Lille,Aissa Mandi,5,2024,160,3237,D S,24,1768,0,0.3315985351800918,0,0.3315985351800918,0,0.6807948816567659,6,5,3,0,9.503119693137704,8.91462001297623
FRA-Ligue 1,2425,Lille,Alexsandro Ribeiro,5,2024,160,10810,D,30,2700,1,1.2038547564297917,1,1.2038547564297917,1,0.6979309292510152,21,9,10,0,11.815566362813115,11.478279726579784
FRA-Ligue 1,2425,Lille,André Gomes,5,2024,160,2383,M S,20,1301,0,0.479223015718162,0,0.479223015718162,0,0.878221869468689,11,10,3,0,8.499505270272493,7.9929901622235775
FRA-Ligue 1,2425,Lille,Angel Gomes,5,2024,160,5598,M S,14,750,1,1.7255177665501833,1,0.9654226321727036,1,1.7085226699709892,9,14,1,0,6.562127886340022,4.505643667653203
FRA-Ligue 1,2425,Lille,Ayyoub Bouaddi,5,2024,160,12162,M S,24,1112,0,0.1453191004693508,0,0.1453191004693508,1,0.9552446156740187,3,5,2,0,4.033296465873718,3.430319271981716
FRA-Ligue 1,2425,Lille,Bafode Diakite,5,2024,160,7268,D,31,2770,4,2.7722266539931297,4,2.7722266539931297,1,0.1240939646959304,16,3,6,1,12.609161705709994,12.58065375778824
FRA-Ligue 1,2425,Lille,Benjamin André,5,2024,160,3223,M,30,2697,0,1.371054551564157,0,1.371054551564157,3,2.627308584749698,16,20,11,0,13.42137890867889,10.625332277268171
FRA-Ligue 1,2425,Lille,Chuba Akpom,5,2024,160,1790,F S,14,633,3,4.438022810965776,2,2.91783257201314,1,0.8961769826710224,20,5,0,0,4.833104282617569,1.1764868646860125
FRA-Ligue 1,2425,Lille,Edon Zhegrova,5,2024,160,10328,F M,12,1007,4,2.136358229443431,4,2.136358229443431,1,2.4372936272993684,23,16,1,0,8.535940773785114,4.275948166847229
FRA-Ligue 1,2425,Lille,Ethan Mbappé,5,2024,160,12066,M S,10,194,0,1.1661293618381023,0,1.1661293618381023,0,1.6172430515289309,11,6,3,0,3.204540476202965,1.5328324940055609
FRA-Ligue 1,2425,Lille,Gabriel Gudmundsson,5,2024,160,9944,D S,30,1796,2,1.0835263142362237,2,1.0835263142362237,0,2.2078034691512585,18,16,3,0,8.720418067649007,5.858234241604805
FRA-Ligue 1,2425,Lille,Hákon Haraldsson,5,2024,160,11757,F M S,25,1791,5,4.371255045756698,5,4.371255045756698,3,3.78432365693152,35,35,3,0,11.861708404496312,5.51986491959542
FRA-Ligue 1,2425,Lille,Ismaily,5,2024,160,10811,D S,16,911,0,1.3970418814569712,0,1.3970418814569712,1,1.519013799726963,10,5,4,0,5.690224297344685,3.8401562459766874
FRA-Ligue 1,2425,Lille,Jonathan Christian David,5,2024,160,8636,F S,32,2535,16,19.4547688215971,10,14.134102882817388,5,4.703816022723913,73,36,4,0,22.463136840611696,6.009819163009524
FRA-Ligue 1,2425,Lille,Lucas Chevalier,5,2024,160,8638,GK,34,3060,0,0.0,0,0.0,0,0.4859750941395759,0,3,0,0,5.530339283868671,5.044364167377353
FRA-Ligue 1,2425,Lille,Matias Fernandez-Pardo,5,2024,160,13051,F M S,22,1060,4,3.14273495413363,4,3.14273495413363,2,2.6074153184890747,23,16,4,0,8.360099844634533,3.0169248208403587
FRA-Ligue 1,2425,Lille,Mitchel Bakker,5,2024,160,8310,D F M S,24,1144,3,3.167341787368059,3,3.167341787368059,2,2.674098479561508,23,23,3,1,8.2346952855587,4.637073568999767
FRA-Ligue 1,2425,Lille,Mohamed Bayo,5,2024,160,9646,F S,12,334,2,1.999580267816782,2,1.999580267816782,1,0.6271795630455017,10,4,1,0,3.087683528661728,0.4609237089753151
FRA-Ligue 1,2425,Lille,Nabil Bentaleb,5,2024,160,914,M S,10,306,1,0.7089393362402916,1,0.7089393362402916,0,0.0122046377509832,5,1,0,0,0.7046999428421259,0.6658585257828236
FRA-Ligue 1,2425,Lille,Ngal'ayel Mukau,5,2024,160,12800,M S,22,1224,0,0.6315305065363646,0,0.6315305065363646,1,0.6004146225750446,11,12,4,0,5.425000528804958,4.504856581799686
FRA-Ligue 1,2425,Lille,Osame Sahraoui,5,2024,160,12801,M S,30,1251,3,2.7958415150642395,3,2.7958415150642395,3,3.471310729160905,23,29,1,0,10.217228714376688,5.46987983211875
FRA-Ligue 1,2425,Lille,Ousmane Touré,5,2024,160,11758,S,1,3,0,0.0,0,0.0,0,0.0,0,0,0,0,0.0,0.0
FRA-Ligue 1,2425,Lille,Rémy Cabella,5,2024,160,3390,F M S,23,1006,1,3.419003672897816,1,3.419003672897816,2,2.459745898842812,30,26,1,0,8.211300000548363,4.773183576762676
FRA-Ligue 1,2425,Lille,Thomas Meunier,5,2024,160,5680,D S,30,1897,2,2.5050358651205897,2,2.5050358651205897,0,0.6476623211055994,28,13,5,0,9.612586544826629,7.646223718300462
FRA-Ligue 1,2425,Lille,Tiago Santos,5,2024,160,11756,D S,7,406,0,0.7257370315492153,0,0.7257370315492153,0,0.9083281755447388,8,5,1,0,3.671825662255287,2.142793569713831
FRA-Ligue 1,2425,Lille,Younes Lachaab,5,2024,160,13182,S,2,4,0,0.0547575540840625,0,0.0547575540840625,0,0.0,1,0,0,0,0.1952003538608551,0.1404428035020828
FRA-Ligue 1,2425,Lyon,Abner,5,2024,178,11318,D S,19,1094,1,1.006266708485782,1,1.006266708485782,1,1.0946258716285229,7,11,1,0,6.134369784034789,4.851725470274687
FRA-Ligue 1,2425,Lyon,Adryelson,5,2024,178,12337,S,1,1,0,0.0,0,0.0,0,0.0,0,0,1,0,0.0,0.0
FRA-Ligue 1,2425,Lyon,Ainsley Maitland-Niles,5,2024,178,1750,D M S,32,1943,1,2.4820930119603872,1,2.4820930119603872,4,4.4778512585908175,22,28,1,0,14.177222918719051,8.579877279698849
FRA-Ligue 1,2425,Lyon,Alejandro Rodríguez,5,2024,178,13591,S,1,17,0,0.0,0,0.0,0,0.0,0,0,0,0,0.0,0.0
FRA-Ligue 1,2425,Lyon,Alexandre Lacazette,5,2024,178,3277,F S,30,2092,15,18.005544029176235,10,13.444973222911358,2,3.7847248455509535,59,26,5,0,20.64808761700988,5.844014432281256
FRA-Ligue 1,2425,Lyon,Clinton Mata,5,2024,178,11819,D S,29,2366,0,0.2285805158317089,0,0.2285805158317089,4,1.6789899617433548,5,11,6,0,13.282061882317066,11.594574950635431
FRA-Ligue 1,2425,Lyon,Corentin Tolisso,5,2024,178,3603,M S,32,2343,7,5.665476999245584,7,5.665476999245584,4,4.006495236419141,51,31,4,0,24.05178974941373,16.688746716827154
FRA-Ligue 1,2425,Lyon,Duje Caleta-Car,5,2024,178,7007,D S,19,1589,1,1.3592560952529311,1,1.3592560952529311,0,0.1711876988410949,11,2,8,0,5.276258319616318,5.243632644414902
FRA-Ligue 1,2425,Lyon,Ernest Nuamah,5,2024,178,12060,F M S,23,1038,3,2.1159475408494477,3,2.1159475408494477,1,1.9597924686968329,28,18,2,0,8.678813071921468,6.032109923660755
FRA-Ligue 1,2425,Lyon,Georges Mikautadze,5,2024,178,8187,F M S,34,1397,11,11.461006090044975,8,8.420625507831573,6,5.320525930263102,56,22,2,0,16.573118494823575,4.818621167913079
FRA-Ligue 1,2425,Lyon,Gift Orban,5,2024,178,12367,F S,3,180,2,1.460423082113266,2,1.460423082113266,0,0.0235006026923656,4,1,1,0,1.9595175981521609,0.5854786038398743
FRA-Ligue 1,2425,Lyon,Jordan Veretout,5,2024,178,677,M S,27,1581,2,2.7985544838011265,2,2.7985544838011265,0,1.353621557354927,21,14,3,0,9.783903039991856,7.303794119507074
FRA-Ligue 1,2425,Lyon,Lucas Perri,5,2024,178,12369,GK,33,2970,0,0.0,0,0.0,0,0.0141381025314331,0,1,1,0,5.618100218474865,5.603962115943432
FRA-Ligue 1,2425,Lyon,Malick Fofana,5,2024,178,12336,F M S,29,1574,5,4.388201240450144,5,4.388201240450144,4,2.955590769648552,31,24,2,0,11.517354555428028,5.349942370317876
FRA-Ligue 1,2425,Lyon,Mathis Cherki,5,2024,178,8094,F M S,30,2050,8,5.321216896176338,8,5.321216896176338,11,11.826800273731353,45,75,3,0,20.805470407009125,10.926877833902836
FRA-Ligue 1,2425,Lyon,Maxence Caqueret,5,2024,178,7328,M S,9,566,0,0.8002437986433506,0,0.8002437986433506,0,0.7801192887127399,7,10,1,0,3.880155511200428,2.6901078708469868
FRA-Ligue 1,2425,Lyon,Moussa Niakhate,5,2024,178,5989,D S,31,2721,0,0.0623198971152305,0,0.0623198971152305,0,0.939738802611828,2,7,2,0,14.163798050954938,13.801133589819074
FRA-Ligue 1,2425,Lyon,Nemanja Matic,5,2024,178,697,M S,29,2084,0,0.0667729210108518,0,0.0667729210108518,1,1.4166410081088543,2,17,1,0,11.463382076472044,11.054130282253029
FRA-Ligue 1,2425,Lyon,Nicolás Tagliafico,5,2024,178,10701,D S,24,1918,3,2.963885312899947,3,2.963885312899947,1,0.6734582297503948,28,5,7,0,8.982477774843574,7.761780431494117
FRA-Ligue 1,2425,Lyon,Orel Mangala,5,2024,178,6088,M,1,72,0,0.0510935485363006,0,0.0510935485363006,0,0.0557350255548954,1,1,0,0,0.2371718883514404,0.1814368665218353
FRA-Ligue 1,2425,Lyon,Paul Akouokou,5,2024,178,7355,S,2,24,0,0.0,0,0.0,0,0.0,0,0,1,0,0.0,0.0
FRA-Ligue 1,2425,Lyon,Remy Descamps,5,2024,178,5768,GK,1,90,0,0.0,0,0.0,0,0.0,0,0,0,0,0.167078748345375,0.167078748345375
FRA-Ligue 1,2425,Lyon,Sael Kumbedi,5,2024,178,11157,D S,14,971,0,0.4896445125341415,0,0.4896445125341415,0,0.3195243291556835,4,5,2,0,6.196358565241098,5.505651500076056
FRA-Ligue 1,2425,Lyon,Said Benrahma,5,2024,178,3585,F M S,13,757,1,2.0665961261838675,1,2.0665961261838675,3,2.290657388046384,17,15,0,0,5.183834571391344,2.086453676223755
FRA-Ligue 1,2425,Lyon,Tanner Tessmann,5,2024,178,9885,M S,25,1218,1,1.1945595405995846,1,1.1945595405995846,0,0.7345803249627352,18,7,3,0,6.685452917590737,5.700867963954806
FRA-Ligue 1,2425,Lyon,Thiago Almada,5,2024,178,13358,M S,16,934,1,1.9897623993456364,1,1.9897623993456364,4,2.407982617616653,23,22,3,0,9.874508246779442,7.28525160998106
FRA-Ligue 1,2425,Lyon,Téo Barisic,5,2024,178,13515,S,1,1,0,0.0,0,0.0,0,0.0,0,0,0,0,0.0,0.0
FRA-Ligue 1,2425,Lyon,Warmed Omari,5,2024,178,9491,S,1,3,0,0.0,0,0.0,0,0.0,0,0,0,0,0.0,0.0
FRA-Ligue 1,2425,Lyon,Wilfried Zaha,5,2024,178,522,F S,4,59,0,0.0904806777834892,0,0.0904806777834892,0,0.0,1,0,0,0,0.1431574411690235,0.0526767633855342
FRA-Ligue 1,2425,Marseille,Adrien Rabiot,5,2024,164,3291,M S,29,2476,9,7.286307154223323,9,7.286307154223323,5,3.954880988225341,49,29,4,0,19.92361005023122,10.759618811309338
FRA-Ligue 1,2425,Marseille,Alexi Koum,5,2024,164,12773,S,1,10,0,0.0,0,0.0,0,0.0,0,0,0,0,0.4951261878013611,0.4951261878013611
FRA-Ligue 1,2425,Marseille,Amar Dedic,5,2024,164,13456,D S,10,289,0,0.715293537825346,0,0.715293537825346,1,0.8562837615609169,6,4,1,0,4.042155163362622,3.114167021587491
FRA-Ligue 1,2425,Marseille,Amine Gouiri,5,2024,164,6401,F M S,33,2122,13,10.690865226089954,13,10.690865226089954,5,4.560859004035592,81,34,2,0,17.551965171471238,3.9587272256612778
FRA-Ligue 1,2425,Marseille,Amine Harit,5,2024,164,5717,M S,13,529,2,1.009933341294527,2,1.009933341294527,4,2.860816895961761,8,19,1,1,4.73229656368494,1.7264100834727287
FRA-Ligue 1,2425,Marseille,Amir Murillo,5,2024,164,12111,D S,30,2425,1,1.7814708780497313,1,1.7814708780497313,3,3.609375603497029,13,24,3,0,16.91443207859993,14.530564196407797
FRA-Ligue 1,2425,Marseille,Bamo Meïté,5,2024,164,9699,D S,10,458,0,0.0453549399971962,0,0.0453549399971962,0,0.0,1,0,2,1,1.3403869029134512,1.3403869029134512
FRA-Ligue 1,2425,Marseille,Bilal Nadir,5,2024,164,9673,M S,15,370,1,0.4768651276826858,1,0.4768651276826858,0,0.4125685840845108,8,7,2,0,2.9346980527043343,2.5960681308060884
FRA-Ligue 1,2425,Marseille,Darryl Bakola,5,2024,164,12601,S,2,8,0,0.0,0,0.0,0,0.0,0,0,0,0,0.0,0.0
FRA-Ligue 1,2425,Marseille,Derek Cornelius,5,2024,164,12769,D S,21,1439,0,1.2505614198744297,0,1.2505614198744297,0,0.1212597880512476,9,4,5,2,8.20582771860063,8.10980142466724
FRA-Ligue 1,2425,Marseille,Enzo Sternal,5,2024,164,12770,S,2,13,0,0.0,0,0.0,0,0.0218993779271841,0,1,1,0,0.0218993779271841,0.0
FRA-Ligue 1,2425,Marseille,Faris Moumbagna,5,2024,164,12425,S,1,8,0,0.0,0,0.0,0,0.0,0,0,0,0,0.0,0.0
FRA-Ligue 1,2425,Marseille,Geoffrey Kondogbia,5,2024,164,1516,D M S,25,2026,0,0.6977472566068172,0,0.6977472566068172,0,0.1623506750911474,8,5,1,0,10.601371120661495,10.390398096293213
FRA-Ligue 1,2425,Marseille,Gerónimo Rulli,5,2024,164,2225,GK,34,3060,0,0.0,0,0.0,0,0.0819277726113796,0,2,1,0,8.158218570053577,8.076290797442198
FRA-Ligue 1,2425,Marseille,Ismael Bennacer,5,2024,164,6981,M S,12,655,0,0.0804673060774803,0,0.0804673060774803,2,1.7141367830336094,3,13,2,0,4.970827087759972,4.734022542834282
FRA-Ligue 1,2425,Marseille,Ismaël Koné,5,2024,164,13069,M S,21,803,2,0.4398796819150448,2,0.4398796819150448,1,1.8331198319792747,10,9,1,0,5.638191221281886,3.934271886944771
FRA-Ligue 1,2425,Marseille,Jonathan Rowe,5,2024,164,10172,F M S,28,745,3,4.040985098108649,3,4.040985098108649,3,4.249518811702728,36,17,2,0,9.702231803908944,3.405180824920535
FRA-Ligue 1,2425,Marseille,Keyliane Abdallah,5,2024,164,12587,S,1,1,0,0.0,0,0.0,0,0.0,0,0,0,0,0.0,0.0
FRA-Ligue 1,2425,Marseille,Leonardo Balerdi,5,2024,164,7486,D,27,2278,0,1.4392217164859176,0,1.4392217164859176,0,0.4985409192740917,15,8,7,1,16.083826947957277,15.257941201329231
FRA-Ligue 1,2425,Marseille,Lilian Brassier,5,2024,164,8677,D S,26,2016,1,1.5283676870167255,1,1.5283676870167255,1,0.4895862136036157,19,7,4,0,8.983873721212149,8.693853724747896
FRA-Ligue 1,2425,Marseille,Luis Henrique,5,2024,164,8980,D M S,33,2646,7,5.411938928067684,7,5.411938928067684,7,5.415997413918376,30,53,0,0,20.102429423481222,11.444075493142009
FRA-Ligue 1,2425,Marseille,Luiz Felipe,5,2024,164,6177,D S,4,122,0,0.0,0,0.0,0,0.0,0,0,1,0,0.0838974714279174,0.0838974714279174
FRA-Ligue 1,2425,Marseille,Mason Greenwood,5,2024,164,7490,F M S,34,2851,22,19.282766986638308,15,12.4419105052948,5,6.826588124036789,120,47,3,0,26.145459055900574,10.892803529277444
FRA-Ligue 1,2425,Marseille,Neal Maupay,5,2024,164,3621,F S,22,1054,4,4.690030436962843,4,4.690030436962843,4,2.285853123292327,19,13,1,1,7.628276482224464,1.5746088549494743
FRA-Ligue 1,2425,Marseille,Pierre-Emile Højbjerg,5,2024,164,343,D M,30,2670,2,3.1078693233430386,2,3.1078693233430386,4,3.488658906891942,32,42,5,0,22.778791517019272,20.14543617516756
FRA-Ligue 1,2425,Marseille,Pol Lirola,5,2024,164,1461,D S,19,670,1,0.8374907542020082,1,0.8374907542020082,2,0.7345619294792414,6,8,1,1,4.918239023536444,3.939922284334898
FRA-Ligue 1,2425,Marseille,Quentin Merlin,5,2024,164,9399,D M S,27,1627,1,2.501936599612236,1,2.501936599612236,3,3.1564177684485912,26,25,1,0,11.251935010775924,6.407331058755517
FRA-Ligue 1,2425,Marseille,Robinio Vaz,5,2024,164,13330,S,2,68,0,0.6522831320762634,0,0.6522831320762634,0,0.0,2,0,1,0,0.6837848871946335,0.03150175511837
FRA-Ligue 1,2425,Marseille,Sepe Elye Wahi,5,2024,164,9182,F S,13,585,3,5.409041985869408,2,4.648946866393089,1,0.4004607703536749,17,6,1,0,6.25740360096097,1.535645354539156
FRA-Ligue 1,2425,Marseille,Ulisses García,5,2024,164,399,D S,20,918,2,1.1953979153186085,2,1.1953979153186085,2,1.2202106416225431,8,8,2,0,6.103504400700331,3.916262574493885
FRA-Ligue 1,2425,Marseille,Valentin Rongier,5,2024,164,3673,D M S,25,1565,3,0.9653551829978824,3,0.9653551829978824,1,1.6787051931023598,14,11,5,0,12.050548866391182,9.9929743912071
FRA-Ligue 1,2425,Marseille,Valentín Carboni,5,2024,164,11080,M S,4,97,0,0.0491521507501602,0,0.0491521507501602,0,0.1342877671122551,2,3,1,0,0.2410234194248914,0.0851595979183912
FRA-Ligue 1,2425,Monaco,Al Musrati,5,2024,171,13423,M S,10,373,1,0.3604245446622371,1,0.3604245446622371,1,0.6049656048417091,11,5,0,0,4.599801752716303,3.804504536092281
FRA-Ligue 1,2425,Monaco,Aleksandr Golovin,5,2024,171,2897,M S,19,1158,3,2.203651662915945,3,2.203651662915945,0,2.4195409286767244,24,24,1,0,8.623710298910737,4.631655044853687
FRA-Ligue 1,2425,Monaco,Ben Seghir,5,2024,171,10771,M S,33,1759,6,6.456658259965479,4,4.9364679688587785,3,4.817799216136336,62,32,0,0,16.728613977320492,8.442925727926195
FRA-Ligue 1,2425,Monaco,Breel Embolo,5,2024,171,5356,F M S,29,1853,6,12.377913488075135,6,12.377913488075135,4,5.882575495168567,50,31,5,0,21.313080810010437,5.423037210479379
FRA-Ligue 1,2425,Monaco,Caio Henrique,5,2024,171,5177,D S,27,1942,0,0.2076587844640016,0,0.2076587844640016,6,5.374105669558048,4,35,3,0,11.531834749504924,9.6087069734931
FRA-Ligue 1,2425,Monaco,Christian Mawissa Elebi,5,2024,171,11131,D S,22,1510,0,0.2273707389831543,0,0.2273707389831543,0,0.0303669869899749,1,1,3,0,6.441874049603939,6.214503310620785
FRA-Ligue 1,2425,Monaco,Denis Zakaria,5,2024,171,6147,M S,26,2156,6,4.443915609270334,4,2.923725370317697,4,1.5885952413082125,31,16,5,0,16.903711192309856,14.341544050723314
FRA-Ligue 1,2425,Monaco,Eliot Matazo,5,2024,171,8644,M S,3,68,0,0.0,0,0.0,0,0.0738740488886833,0,1,0,0,0.2393044978380203,0.1654304414987564
FRA-Ligue 1,2425,Monaco,Folarin Balogun,5,2024,171,9690,F S,13,622,4,5.158384792506695,4,5.158384792506695,0,1.1299745421856642,31,6,0,0,6.409590244293213,1.4577118530869484
FRA-Ligue 1,2425,Monaco,George Ilenikhena,5,2024,171,12804,F S,23,672,3,4.81297224201262,3,4.81297224201262,2,1.3560339473187923,21,8,0,0,6.015256393700838,0.4557048678398132
FRA-Ligue 1,2425,Monaco,Ismail Jakobs,5,2024,171,8146,D,2,180,0,0.0,0,0.0,0,0.3925643563270569,0,4,0,0,1.7371062636375427,1.6373940110206604
FRA-Ligue 1,2425,Monaco,Jordan Teze,5,2024,171,12950,D S,16,574,1,1.6035259738564491,1,1.6035259738564491,0,1.6765227168798449,5,13,2,1,4.522825010120869,2.2302155010402203
FRA-Ligue 1,2425,Monaco,Kassoum Ouattara,5,2024,171,12186,D S,12,380,0,0.1231917422264814,0,0.1231917422264814,1,1.7095962539315224,2,6,2,0,2.4682640451937914,0.762264434248209
FRA-Ligue 1,2425,Monaco,Krépin Diatta,5,2024,171,9279,D M S,19,452,0,0.1904347240924835,0,0.1904347240924835,0,0.7644898518919945,2,4,3,0,1.934105223044753,1.0433780122548342
FRA-Ligue 1,2425,Monaco,Lamine Camara,5,2024,171,11799,M S,29,2104,2,2.2444400172680616,2,2.2444400172680616,7,4.86440384760499,25,45,8,1,12.08375416137278,8.655269239097834
FRA-Ligue 1,2425,Monaco,Lucas Michal,5,2024,171,12376,S,8,98,0,0.3729779087007046,0,0.3729779087007046,0,0.8126267194747925,3,1,0,0,2.0130007416009903,0.911671144887805
FRA-Ligue 1,2425,Monaco,Maghnes Akliouche,5,2024,171,10058,M S,32,2419,5,8.28227810189128,4,7.522182982414961,10,8.49950610846281,61,47,2,0,25.27197031117976,11.500962702557445
FRA-Ligue 1,2425,Monaco,Mamadou Coulibaly,5,2024,171,12285,S,1,5,0,0.0356051810085773,0,0.0356051810085773,0,0.0,1,0,0,0,0.0355999208986759,0.0355999208986759
FRA-Ligue 1,2425,Monaco,Mika Biereth,5,2024,171,10349,F,16,1255,13,12.205246433615685,12,10.685056135058405,2,4.793574631214142,42,22,0,0,17.8470024690032,3.38298643194139
FRA-Ligue 1,2425,Monaco,Mohammed Salisu,5,2024,171,6923,D S,15,1016,1,1.11205929890275,1,1.11205929890275,0,0.0809924043715,8,3,2,0,4.465874668210745,4.384882252663374
FRA-Ligue 1,2425,Monaco,Philipp Köhn,5,2024,171,11781,GK,19,1710,0,0.0,0,0.0,0,0.0,0,0,1,0,2.3390723280608654,2.3390723280608654
FRA-Ligue 1,2425,Monaco,Radoslaw Majecki,5,2024,171,8641,GK,15,1350,0,0.0,0,0.0,0,0.0,0,0,1,0,3.081538751721382,3.081538751721382
FRA-Ligue 1,2425,Monaco,Saïmon Bouabré,5,2024,171,12264,M S,3,92,0,0.0,0,0.0,0,0.0,0,0,0,0,0.0,0.0
FRA-Ligue 1,2425,Monaco,Soungoutou Magassa,5,2024,171,10770,M S,21,1008,0,0.3228309992700815,0,0.3228309992700815,1,0.7810156438499689,8,7,5,1,3.901182141155005,3.066309651359916
FRA-Ligue 1,2425,Monaco,Takumi Minamino,5,2024,171,8239,M S,31,2269,6,9.756513360887766,6,9.756513360887766,3,6.754444919526577,56,40,4,0,22.925799012184143,7.210842279717326
FRA-Ligue 1,2425,Monaco,Thilo Kehrer,5,2024,171,2674,D,27,2386,4,1.2951666712760923,4,1.2951666712760923,0,0.1984423175454139,12,5,1,0,14.72375838458538,14.556545751169324
FRA-Ligue 1,2425,Monaco,Vanderson,5,2024,171,10271,D S,29,2086,1,2.608676652424037,1,2.608676652424037,3,2.909545663744211,21,23,4,1,13.712618730030954,9.14323053508997
FRA-Ligue 1,2425,Monaco,Wilfried Stephane Singo,5,2024,171,7472,D S,27,2081,1,1.493426522240043,1,1.493426522240043,2,1.6436891136690974,17,7,4,0,7.051111828535795,5.828755911439657
FRA-Ligue 1,2425,Montpellier,Akor Adams,5,2024,166,11783,F S,15,1079,3,5.028369933366776,3,5.028369933366776,1,0.778080235235393,26,11,2,0,5.89375014603138,0.8495047716423869
FRA-Ligue 1,2425,Montpellier,Andy Delort,5,2024,166,3530,F S,9,638,0,2.025093151256442,0,2.025093151256442,0,0.9238765966147184,17,7,1,0,3.609125707298517,1.0867199301719666
FRA-Ligue 1,2425,Montpellier,Arnaud Nordin,5,2024,166,5684,F M S,16,1187,4,4.346443243324757,3,2.826252944767475,1,1.2036361088976264,28,15,2,0,4.445713925175369,1.0466626100242138
FRA-Ligue 1,2425,Montpellier,Axel Gueguin,5,2024,166,11084,S,1,20,0,0.0,0,0.0,0,0.0,0,0,0,0,0.0,0.0
FRA-Ligue 1,2425,Montpellier,Becir Omeragic,5,2024,166,11786,D M S,22,1813,0,0.5606440333649516,0,0.5606440333649516,0,0.2280519586056471,7,3,1,0,3.637014091014862,3.4458152391016483
FRA-Ligue 1,2425,Montpellier,Benjamin Lecomte,5,2024,166,3451,GK,30,2700,0,0.0,0,0.0,0,0.1389471162110567,0,4,0,0,2.050063928589225,1.949775030836463
FRA-Ligue 1,2425,Montpellier,Birama Touré,5,2024,166,3415,D M S,8,283,0,0.0778924580663442,0,0.0778924580663442,0,0.106965010985732,3,3,2,0,1.432715993374586,1.2641729759052396
FRA-Ligue 1,2425,Montpellier,Dimitry Bertaud,5,2024,166,3591,GK,4,360,0,0.0,0,0.0,0,0.0,0,0,0,0,0.0578339807689189,0.0578339807689189
FRA-Ligue 1,2425,Montpellier,Enzo Tchato Mbiayi,5,2024,166,10375,D M S,27,1897,0,0.1498086592182517,0,0.1498086592182517,0,1.415210192091763,4,14,3,0,4.054414887912571,2.7722308235242963
FRA-Ligue 1,2425,Montpellier,Falaye Sacko,5,2024,166,10373,D S,16,1240,0,0.0,0,0.0,1,0.2369506284594535,0,9,1,0,2.216378351673484,2.145882608368993
FRA-Ligue 1,2425,Montpellier,Gabriel Barès,5,2024,166,10374,S,6,34,0,0.0,0,0.0,0,0.0,0,0,0,0,0.0556986629962921,0.0556986629962921
FRA-Ligue 1,2425,Montpellier,Issiaga Sylla,5,2024,166,3370,D M S,19,1165,1,1.791319727897644,1,1.791319727897644,0,0.5011922158300877,11,7,2,0,2.996417133137584,1.782123478129506
FRA-Ligue 1,2425,Montpellier,Jordan Ferri,5,2024,166,3275,M S,25,1804,0,0.3772363653406501,0,0.3772363653406501,2,1.1186382779851556,13,13,6,1,4.9344646986573935,4.248800406232476
FRA-Ligue 1,2425,Montpellier,Joris Chotard,5,2024,166,7739,M S,26,1908,1,1.5116395968943834,1,1.5116395968943834,0,0.3835196532309055,19,7,5,0,6.168501976877451,4.466396525502205
FRA-Ligue 1,2425,Montpellier,Junior Ndiaye,5,2024,166,12411,F S,15,410,0,0.8206368610262871,0,0.8206368610262871,0,0.3226534109562635,5,5,0,0,1.9936029464006424,0.9917767867445946
FRA-Ligue 1,2425,Montpellier,Khalil Fayad,5,2024,166,10819,F M S,20,1019,0,1.0423028054647148,0,1.0423028054647148,0,0.2745409663766622,17,7,5,0,2.9539879066869617,1.845834611915052
FRA-Ligue 1,2425,Montpellier,Kiki Kouyate,5,2024,166,8687,D S,11,754,0,0.4427997916936874,0,0.4427997916936874,0,0.7085217833518982,8,1,4,1,0.5840597907081246,0.5301698008552194
FRA-Ligue 1,2425,Montpellier,Lucas Mincarelli Davin,5,2024,166,11784,D S,10,716,1,0.6074541183188558,1,0.6074541183188558,0,0.7535943388938904,7,4,0,0,1.089781492948532,0.5777402818202972
FRA-Ligue 1,2425,Montpellier,Modibo Sagnan,5,2024,166,8103,D S,27,2155,2,0.5571697456762195,2,0.5571697456762195,0,1.43458819296211,11,8,10,0,3.093769507482648,2.2998172249644995
FRA-Ligue 1,2425,Montpellier,Mousa Al Tamari,5,2024,166,11782,F M S,26,1696,3,5.287073201499879,3,5.287073201499879,1,3.966085731983185,41,22,4,0,11.848987626843154,3.8243143148720256
FRA-Ligue 1,2425,Montpellier,Nicolas Pays,5,2024,166,13397,F M S,9,433,0,0.995170084759593,0,0.995170084759593,0,0.3132614018395543,11,3,0,0,1.9735821234062316,0.7846841122955084
FRA-Ligue 1,2425,Montpellier,Nikola Maksimovic,5,2024,166,1377,D,7,592,0,0.0457097962498664,0,0.0457097962498664,0,0.0512747038155794,1,2,2,0,1.2583848731592298,1.2315903203561902
FRA-Ligue 1,2425,Montpellier,Othmane Maamma,5,2024,166,12192,M S,12,326,1,0.971425167284906,1,0.971425167284906,1,0.6859283857047558,10,3,1,0,1.5663241678848865,0.2421865947544574
FRA-Ligue 1,2425,Montpellier,Rabby Nzingoula,5,2024,166,12400,M S,27,1712,1,1.5669959178194404,1,1.5669959178194404,1,1.0147319920361042,19,8,11,0,4.483278463594616,2.8973995316773653
FRA-Ligue 1,2425,Montpellier,Simon Cara,5,2024,166,13119,S,2,2,0,0.0,0,0.0,0,0.0,0,0,0,0,0.0,0.0
FRA-Ligue 1,2425,Montpellier,Stefan Dzodic,5,2024,166,12836,D S,7,232,0,0.0974617833271622,0,0.0974617833271622,0,0.0,3,0,2,1,0.3797924555838108,0.2996872328221798
FRA-Ligue 1,2425,Montpellier,Tanguy Coulibaly,5,2024,166,8813,F M S,25,1502,3,4.956881604157388,3,4.956881604157388,0,1.4983827639371157,30,18,2,2,6.335359319113195,1.3342339172959328
FRA-Ligue 1,2425,Montpellier,Theo Sainte Luce,5,2024,166,7540,D M S,16,1030,1,1.7788169458508492,1,1.7788169458508492,0,1.1755174966529012,8,8,3,0,3.814213840290904,1.864098716527224
FRA-Ligue 1,2425,Montpellier,Théo Chennahi,5,2024,166,12834,D S,4,178,0,0.0648820046335458,0,0.0648820046335458,0,0.0398028343915939,2,1,2,0,0.2398048266768455,0.1351199932396412
FRA-Ligue 1,2425,Montpellier,Téji Savanier,5,2024,166,6863,M S,31,2382,2,4.179523415863514,0,2.6593331219628453,5,8.051546461880207,47,70,4,1,9.311374999582767,4.115337830036879
FRA-Ligue 1,2425,Montpellier,Wahbi Khazri,5,2024,166,734,F M S,30,1084,1,1.660724493674934,1,1.660724493674934,1,2.020382081158459,36,17,4,0,5.352683451026678,2.310867856256664
FRA-Ligue 1,2425,Montpellier,Wilfried Ndollo Bille,5,2024,166,13525,D S,8,390,0,0.0,0,0.0,0,0.0292285084724426,0,1,0,0,0.7870136648416519,0.7577851563692093
FRA-Ligue 1,2425,Montpellier,Yael Mouanga,5,2024,166,13174,D S,14,941,0,0.3622781634330749,0,0.3622781634330749,0,0.282533299177885,1,2,3,0,2.5086481627076864,2.5086481627076864
FRA-Ligue 1,2425,Montpellier,Yanis Issoufou,5,2024,166,12127,M S,4,67,0,0.0685620512813329,0,0.0685620512813329,0,0.0,2,0,0,0,0.151347167789936,0.0827851165086031
FRA-Ligue 1,2425,Nantes,Alban Lafont,5,2024,168,3201,GK,12,1080,0,0.0,0,0.0,0,0.044013237580657,0,2,1,0,1.3937527919188142,1.3692600997164843
FRA-Ligue 1,2425,Nantes,Anthony Lopes,5,2024,168,3269,GK,18,1563,0,0.0,0,0.0,0,0.0,0,0,2,0,2.5774409007281065,2.5774409007281065
FRA-Ligue 1,2425,Nantes,Bahereba Guirassy,5,2024,168,12844,M S,19,303,2,0.8016492705792189,2,0.8016492705792189,0,0.0689417738467454,7,2,0,0,1.0242509078234434,0.3083529584109783
FRA-Ligue 1,2425,Nantes,Dehmaine Assoumani,5,2024,168,12387,S,12,63,0,0.0473530506715178,0,0.0473530506715178,0,1.2690088376402855,3,5,0,0,1.1075081024318931,0.468676446005702
FRA-Ligue 1,2425,Nantes,Douglas Augusto,5,2024,168,11773,M,28,2336,4,4.262156402692199,4,4.262156402692199,2,1.7073585921898484,36,14,8,0,10.406336123123763,6.2770048305392265
FRA-Ligue 1,2425,Nantes,Fabien Centonze,5,2024,168,7763,D S,7,251,0,0.0,0,0.0,0,0.1400159895420074,0,3,0,0,0.6209783405065536,0.5694247186183929
FRA-Ligue 1,2425,Nantes,Florent Mollet,5,2024,168,5677,M S,9,243,0,0.2605061419308185,0,0.2605061419308185,0,0.2627162719145417,6,6,1,0,0.6235980913043022,0.2913534250110388
FRA-Ligue 1,2425,Nantes,Francis Coquelin,5,2024,168,497,M S,6,227,1,1.0525463744997978,1,1.0525463744997978,1,0.8749106666073203,7,4,1,0,2.456264089792967,0.6605504099279642
FRA-Ligue 1,2425,Nantes,Ignatius Ganago,5,2024,168,6238,M S,11,209,0,0.3806989369913935,0,0.3806989369913935,0,0.2051987610757351,7,5,1,0,1.140299677848816,0.7025820799171925
FRA-Ligue 1,2425,Nantes,Jean-Charles Castelletto,5,2024,168,7730,D M,30,2628,0,1.7714124927297237,0,1.7714124927297237,0,0.0445183720439672,18,2,5,1,6.044815128669143,5.600733108818531
FRA-Ligue 1,2425,Nantes,Jean-Kevin Duverne,5,2024,168,8049,D S,9,549,0,0.230261473916471,0,0.230261473916471,0,0.0943180173635482,4,1,2,0,0.9434160189703108,0.907274080440402
FRA-Ligue 1,2425,Nantes,Jean-Philippe Gbamin,5,2024,168,4764,M S,14,198,0,0.569337859749794,0,0.569337859749794,0,0.0,2,0,1,0,0.6775380037724972,0.6775380037724972
FRA-Ligue 1,2425,Nantes,Johann Lepenant,5,2024,168,10702,M S,29,2064,2,1.9494086122140288,2,1.9494086122140288,1,1.3845457695424557,20,9,3,0,6.8065758012235165,3.7388557083904734
FRA-Ligue 1,2425,Nantes,Kelvin Adou,5,2024,168,3785,D S,30,2159,1,0.6282411310821772,1,0.6282411310821772,0,0.8918903972953558,7,13,5,0,5.043278072029352,3.7471103742718697
FRA-Ligue 1,2425,Nantes,Louis Leroux,5,2024,168,12846,D M S,16,802,2,1.907527547329664,2,1.907527547329664,1,1.3230022946372628,9,11,1,0,5.996318428777158,3.4117516949772835
FRA-Ligue 1,2425,Nantes,Marcus Coco,5,2024,168,3479,D S,20,960,0,0.0411209259182214,0,0.0411209259182214,1,1.6138275675475595,2,10,3,2,4.087841607630253,3.2576057873666286
FRA-Ligue 1,2425,Nantes,Matthis Abline,5,2024,168,9490,F M S,34,2823,9,9.465332236140966,8,8.705237116664648,2,4.202982425689697,73,26,3,0,15.98995957430452,4.608626442961395
FRA-Ligue 1,2425,Nantes,Meschack Elia,5,2024,168,13440,F S,8,152,1,1.2927594128996134,1,1.2927594128996134,0,0.1117293536663055,5,3,0,0,1.6960843726992607,0.763175904750824
FRA-Ligue 1,2425,Nantes,Moses Simon,5,2024,168,7169,F M S,32,2661,8,6.904908551834524,4,3.86452807020396,10,8.729872837662697,44,57,2,0,15.342755746096373,5.271313047967851
FRA-Ligue 1,2425,Nantes,Mostafa Mohamed,5,2024,168,10831,F S,30,1216,5,6.601109892129898,5,6.601109892129898,0,0.4573865532875061,43,7,3,0,7.209609759971499,1.3760491469874978
FRA-Ligue 1,2425,Nantes,Nathan Zeze,5,2024,168,11271,D S,18,1522,0,0.3342009782791137,0,0.3342009782791137,0,0.0102112600579857,6,1,6,0,3.897283853031695,3.887072592973709
FRA-Ligue 1,2425,Nantes,Nicolas Cozza,5,2024,168,6007,D S,27,2045,1,1.7512174881994724,1,1.7512174881994724,0,0.810757813975215,16,7,3,1,5.886363852769136,3.7000493817031375
FRA-Ligue 1,2425,Nantes,Nicolas Pallois,5,2024,168,3670,D S,26,2028,0,0.371842572465539,0,0.371842572465539,2,0.494255181401968,3,3,8,0,6.117804568260908,6.050037901848555
FRA-Ligue 1,2425,Nantes,Patrik Carlgren,5,2024,168,13089,GK S,5,417,0,0.0,0,0.0,0,0.0,0,0,0,0,0.6648676618933678,0.6648676618933678
FRA-Ligue 1,2425,Nantes,Pedro Chirivella,5,2024,168,1022,M S,30,2404,0,0.3078327644616365,0,0.3078327644616365,2,2.257875836454332,8,19,6,0,9.50188134610653,7.889349973760545
FRA-Ligue 1,2425,Nantes,Plamedi Nsingi,5,2024,168,13365,S,1,17,0,0.0899705812335014,0,0.0899705812335014,0,0.0,1,0,0,0,0.0899705812335014,0.0
FRA-Ligue 1,2425,Nantes,Saidou Sow,5,2024,168,8691,D S,21,1823,1,1.4113862235099075,1,1.4113862235099075,1,0.7702929861843586,9,4,3,0,5.119145207107067,5.101365050300956
FRA-Ligue 1,2425,Nantes,Sorba Thomas,5,2024,168,12843,D F M S,25,1323,1,1.862928626127541,1,1.862928626127541,3,4.295549262315035,9,37,3,0,5.919012122787535,2.2782368920743465
FRA-Ligue 1,2425,Nantes,Sékou Doucouré,5,2024,168,13137,S,2,9,0,0.0,0,0.0,0,0.0,0,0,0,0,0.0,0.0
FRA-Ligue 1,2425,Nantes,Tinotenda Kadewere,5,2024,168,8702,M S,12,514,1,1.838837556540966,1,1.838837556540966,2,1.0249904915690422,8,8,1,0,3.3045683801174164,0.440740305930376
FRA-Ligue 1,2425,Nice,Ali Abdi,5,2024,170,13070,D S,25,1410,5,4.895776592195034,5,4.895776592195034,2,2.366318485699594,29,20,2,0,10.524317480623722,4.1067142598330975
FRA-Ligue 1,2425,Nice,Amidou Doumbouya,5,2024,170,12538,S,2,36,0,0.0,0,0.0,0,0.0,0,0,0,0,0.0661374777555465,0.0661374777555465
FRA-Ligue 1,2425,Nice,Antoine Mendy,5,2024,170,9514,D S,18,805,0,0.895209914073348,0,0.895209914073348,0,0.0798809472471475,9,2,2,0,3.4466172512620687,3.302452316507697
FRA-Ligue 1,2425,Nice,Badredine Bouanani,5,2024,170,11062,F M S,26,1083,3,2.8304600082337856,2,2.0703648291528225,3,2.791287649422884,31,21,2,0,7.888569585978985,4.111181752756238
FRA-Ligue 1,2425,Nice,Baptiste Santamaria,5,2024,170,5654,M S,23,1411,0,0.8494266346096992,0,0.8494266346096992,1,1.5407738704234362,20,15,2,0,6.214584792032838,5.513916777446866
FRA-Ligue 1,2425,Nice,Bernard Nguene,5,2024,170,13281,S,1,9,0,0.0,0,0.0,0,0.0,0,0,0,0,0.0,0.0
FRA-Ligue 1,2425,Nice,Billal Brahimi,5,2024,170,9658,D S,2,73,0,0.0600726082921028,0,0.0600726082921028,0,0.0126950945705175,1,1,0,0,0.3009094223380089,0.3009094223380089
FRA-Ligue 1,2425,Nice,Dante,5,2024,170,148,D S,25,1958,0,0.3553049825131893,0,0.3553049825131893,0,0.2828235775232315,9,4,5,1,7.626007186248898,7.554612623527646
FRA-Ligue 1,2425,Nice,Evann Guessand,5,2024,170,8006,F M S,33,2609,12,9.78530315682292,12,9.78530315682292,8,6.217509228736162,61,32,2,0,19.57817357778549,5.419926440343261
FRA-Ligue 1,2425,Nice,Gaetan Laborde,5,2024,170,3746,F S,28,1845,11,12.51884263381362,7,9.478462118655443,4,5.10445948690176,74,27,1,0,14.99045941233635,4.06263080611825
FRA-Ligue 1,2425,Nice,Hichem Boudaoui,5,2024,170,8050,M S,29,2450,2,3.869574027135968,2,3.869574027135968,3,2.752190748229623,39,22,9,0,15.767488967627289,10.564869833178818
FRA-Ligue 1,2425,Nice,Issiaga Camara,5,2024,170,12830,S,4,8,0,0.0,0,0.0,0,0.0,0,0,0,0,0.2139137536287307,0.2139137536287307
FRA-Ligue 1,2425,Nice,Jeremie Boga,5,2024,170,3544,F M S,21,1059,1,3.5320779252797365,1,3.5320779252797365,1,2.303302962332964,30,24,0,0,7.304548567160964,2.7435285076498985
FRA-Ligue 1,2425,Nice,Jonathan Clauss,5,2024,170,8697,D S,28,2337,3,2.750055531039834,3,2.750055531039834,8,8.35056571289897,26,54,7,0,14.613921992480757,10.207197416573765
FRA-Ligue 1,2425,Nice,Jordan Lotomba,5,2024,170,8660,S,2,26,0,0.0,0,0.0,0,0.0,0,0,0,0,0.0610357262194156,0.0610357262194156
FRA-Ligue 1,2425,Nice,Marcin Bulka,5,2024,170,7772,GK,34,3060,0,0.0,0,0.0,0,0.1004298031330108,0,1,0,0,6.690204915590584,6.589775112457573
FRA-Ligue 1,2425,Nice,Melvin Bard,5,2024,170,8190,D S,24,1953,2,2.551792875863612,2,2.551792875863612,1,2.4570867978036404,23,16,2,2,12.506262205541134,8.377566136419773
FRA-Ligue 1,2425,Nice,Mohamed Abdelmonem,5,2024,170,13042,D S,12,857,0,0.0,0,0.0,0,0.0,0,0,2,0,4.064305446110666,4.064305446110666
FRA-Ligue 1,2425,Nice,Mohamed Ali-Cho,5,2024,170,8685,F M S,27,1667,3,4.292237624526024,3,4.292237624526024,4,4.445762487128377,37,30,2,0,12.545402778312564,4.757628224790096
FRA-Ligue 1,2425,Nice,Morgan Sanson,5,2024,170,3696,M S,6,241,3,1.5765414908528328,3,1.5765414908528328,0,0.0338421501219272,9,1,0,0,1.860817238688469,0.3474713191390037
FRA-Ligue 1,2425,Nice,Moïse Bombito,5,2024,170,12969,D S,27,2197,0,0.667370643466711,0,0.667370643466711,0,0.0967963011935353,8,2,1,1,10.300597555935385,10.190820388495922
FRA-Ligue 1,2425,Nice,Pablo Rosario,5,2024,170,9655,D M S,29,1775,3,4.398393981158733,2,3.638298861682415,1,0.5776765737682581,17,15,6,1,7.916276035830378,5.931460211053491
FRA-Ligue 1,2425,Nice,Rares Ilie,5,2024,170,10801,S,2,5,0,0.0661374777555465,0,0.0661374777555465,0,0.2890423089265823,1,4,0,0,0.333377793431282,0.1333826780319214
FRA-Ligue 1,2425,Nice,Sofiane Diop,5,2024,170,6846,F M S,28,1018,6,5.546077464707196,6,5.546077464707196,4,3.113060377538204,22,24,3,0,12.031490011140704,5.0469088442623615
FRA-Ligue 1,2425,Nice,Tanguy NDombele Alvaro,5,2024,170,5962,M S,18,1153,1,2.262565119192004,1,2.262565119192004,2,2.2090650498867035,11,18,2,0,8.218117773532867,4.595833238214254
FRA-Ligue 1,2425,Nice,Terem Igobor Moffi,5,2024,170,8997,S,5,45,1,2.772851131856441,1,2.772851131856441,0,0.0,6,0,0,0,2.8187214359641075,0.0458701737225055
FRA-Ligue 1,2425,Nice,Tom Louchet,5,2024,170,11515,D M S,22,734,1,0.6091681867837906,1,0.6091681867837906,0,1.547832392156124,12,15,1,0,5.570942502468824,4.350269891321659
FRA-Ligue 1,2425,Nice,Victor Orakpo,5,2024,170,12831,S,4,22,0,0.1953250356018543,0,0.1953250356018543,0,0.0,2,0,0,0,0.2707491554319858,0.0754241198301315
FRA-Ligue 1,2425,Nice,Yaël Nandjou,5,2024,170,12833,D S,3,162,0,0.3046690821647644,0,0.3046690821647644,0,0.7110361605882645,1,2,0,0,0.9248197376728058,0.8209627494215965
FRA-Ligue 1,2425,Nice,Youssouf Ndayishimiye,5,2024,170,11339,D M S,23,1937,3,1.6072323191910982,3,1.6072323191910982,0,0.1666938588023185,11,5,5,0,9.904364317655563,9.751041492447255
FRA-Ligue 1,2425,Nice,Youssoufa Moukoko,5,2024,170,9133,F S,11,194,2,1.954333445057273,2,1.954333445057273,1,0.5433806255459785,6,5,0,0,3.0557323321700096,0.6447144765406847
FRA-Ligue 1,2425,Paris Saint Germain,Achraf Hakimi,5,2024,161,5197,D S,25,2078,4,4.160572702996433,4,4.160572702996433,6,7.463568218052387,32,51,4,0,26.46471108496189,20.62244639731944
FRA-Ligue 1,2425,Paris Saint Germain,Arnau Tenas,5,2024,161,8548,GK,1,90,0,0.0,0,0.0,1,0.1297594010829925,0,2,0,0,0.5017589330673218,0.3719995319843292
FRA-Ligue 1,2425,Paris Saint Germain,Axel Tape,5,2024,161,13215,D,2,180,0,0.0278595369309186,0,0.0278595369309186,0,0.0315627790987491,1,1,1,0,1.4665319919586182,1.4386724829673767
FRA-Ligue 1,2425,Paris Saint Germain,Beraldo,5,2024,161,12346,D S,25,2014,1,1.0557555174455049,1,1.0557555174455049,0,0.5836429838091135,12,9,6,0,18.617858428508043,18.117379531264305
FRA-Ligue 1,2425,Paris Saint Germain,Bradley Barcola,5,2024,161,10016,F M S,34,2223,14,15.342696774750948,14,15.342696774750948,10,9.934232400730252,74,50,2,0,34.758061334490776,14.240355039946737
FRA-Ligue 1,2425,Paris Saint Germain,Désiré Doué,5,2024,161,10431,F M S,31,1725,6,6.107718924060464,6,6.107718924060464,6,9.995779056102036,55,55,1,0,23.308736577630043,10.87196858227253
FRA-Ligue 1,2425,Paris Saint Germain,Fabián,5,2024,161,2447,M S,30,1911,4,4.621170435100794,4,4.621170435100794,5,4.917103078216314,43,36,1,0,27.309957422316074,20.667619924992323
FRA-Ligue 1,2425,Paris Saint Germain,Gianluigi Donnarumma,5,2024,161,1116,GK,24,2091,0,0.0,0,0.0,0,0.0,0,0,2,0,9.808233046904206,9.808233046904206
FRA-Ligue 1,2425,Paris Saint Germain,Gonçalo Ramos,5,2024,161,11767,F S,22,1047,10,16.26604363322258,8,13.985758140683174,3,3.341807436197996,55,15,1,0,18.393224000930783,3.989367220550776
FRA-Ligue 1,2425,Paris Saint Germain,Ibrahim Mbaye,5,2024,161,12733,F S,9,331,1,2.598383247852325,1,2.598383247852325,1,0.8271698653697968,12,3,0,0,4.739302329719067,1.3536161556839943
FRA-Ligue 1,2425,Paris Saint Germain,João Neves,5,2024,161,12734,D M S,29,1875,3,3.853865841403604,3,3.853865841403604,8,5.1189155131578445,28,33,1,0,22.41386966779828,16.048299852758646
FRA-Ligue 1,2425,Paris Saint Germain,Khvicha Kvaratskhelia,5,2024,161,7453,F S,14,926,4,3.968663394451141,4,3.968663394451141,3,4.7618644423782825,34,25,0,0,13.687047217041254,7.077820766717196
FRA-Ligue 1,2425,Paris Saint Germain,Lee Kang-In,5,2024,161,7313,F M S,30,1670,6,4.310670820996165,6,4.310670820996165,6,6.810500537976623,41,56,1,0,19.64458440616727,12.53140404075384
FRA-Ligue 1,2425,Paris Saint Germain,Lucas Hernández,5,2024,161,2276,D S,16,869,0,0.0856911912560463,0,0.0856911912560463,0,0.0398669205605983,3,1,2,0,7.75650717690587,7.74389760568738
FRA-Ligue 1,2425,Paris Saint Germain,Marco Asensio,5,2024,161,2117,F M S,12,634,2,6.554200384765863,2,6.554200384765863,4,3.00973679497838,26,17,0,0,13.550443682819605,4.816763836890459
FRA-Ligue 1,2425,Paris Saint Germain,Marquinhos,5,2024,161,3297,D S,22,1718,2,1.4838171489536762,2,1.4838171489536762,0,0.9586863908916712,8,9,3,0,14.349374160170555,13.869366928935053
FRA-Ligue 1,2425,Paris Saint Germain,Matvey Safonov,5,2024,161,5480,GK S,10,879,0,0.0,0,0.0,0,0.0,0,0,0,0,1.9866365529596808,1.9866365529596808
FRA-Ligue 1,2425,Paris Saint Germain,Milan Skriniar,5,2024,161,1223,D S,5,380,0,0.1080185491591692,0,0.1080185491591692,0,0.1413073241710662,3,1,1,0,3.689317852258682,3.689317852258682
FRA-Ligue 1,2425,Paris Saint Germain,Noham Kamara,5,2024,161,13594,S,2,68,0,0.0,0,0.0,0,0.0,0,0,0,0,0.6267772912979126,0.6267772912979126
FRA-Ligue 1,2425,Paris Saint Germain,Nuno Mendes,5,2024,161,9961,D S,24,1681,2,1.7505824957042933,2,1.7505824957042933,3,6.532824855297804,21,30,3,0,21.817054469138384,17.035902190953493
FRA-Ligue 1,2425,Paris Saint Germain,Ousmane Dembélé,5,2024,161,3226,F M S,29,1747,21,18.535317128524184,20,17.77522194944322,7,8.801493115723133,97,61,1,0,32.06679894030094,9.613210080191491
FRA-Ligue 1,2425,Paris Saint Germain,Presnel Kimpembe,5,2024,161,3599,S,2,17,0,0.0,0,0.0,0,0.0,0,0,0,0,0.0,0.0
FRA-Ligue 1,2425,Paris Saint Germain,Randal Kolo Muani,5,2024,161,5743,F S,10,338,2,4.3605151660740376,1,3.6004199869930744,1,1.03192538022995,16,5,0,0,5.772653795778751,1.4992613270878792
FRA-Ligue 1,2425,Paris Saint Germain,Senny Mayulu,5,2024,161,12345,D M S,20,787,2,3.166915876790881,2,3.166915876790881,2,2.5530254524201155,25,12,1,0,11.970732416957617,7.211665321141481
FRA-Ligue 1,2425,Paris Saint Germain,Vitinha,5,2024,161,8777,M S,29,2020,5,3.710616049356759,3,2.190425810404122,1,2.7980539528653026,27,27,1,0,28.018506303429604,26.460083283483986
FRA-Ligue 1,2425,Paris Saint Germain,Warren Zaïre-Emery,5,2024,161,10786,D M S,29,2055,1,2.158170478418469,1,2.158170478418469,2,2.057341150939465,17,18,3,0,21.90424995869398,18.82626821100712
FRA-Ligue 1,2425,Paris Saint Germain,William Pacho,5,2024,161,11910,D S,28,2127,0,0.4473239723592996,0,0.4473239723592996,1,0.4379923958331346,6,3,2,0,19.410272642970085,19.096385285258293
FRA-Ligue 1,2425,Paris Saint Germain,Yoram Zague,5,2024,161,12402,D S,4,183,0,0.0493090897798538,0,0.0493090897798538,0,0.114050805568695,1,2,0,0,1.2584923692047596,1.0951324738562107
FRA-Ligue 1,2425,Reims,Abdoul Koné,5,2024,177,12618,D S,4,149,0,0.0,0,0.0,0,0.0,0,0,0,0,0.1326263695955276,0.1326263695955276
FRA-Ligue 1,2425,Reims,Amadou Koné,5,2024,177,12163,M S,24,1317,0,0.6375932982191443,0,0.6375932982191443,0,0.4133790861815214,14,8,3,1,3.436397861689329,2.664161939173937
FRA-Ligue 1,2425,Reims,Amine Salama,5,2024,177,10827,F S,17,337,0,1.040024921298027,0,1.040024921298027,0,0.4106262847781181,9,5,0,0,1.5647102408111095,0.249529343098402
FRA-Ligue 1,2425,Reims,Ange Tia,5,2024,177,13530,M S,6,166,0,0.5016257017850876,0,0.5016257017850876,0,0.0226415833458304,4,2,0,0,0.6419016038998961,0.1584640843793749
FRA-Ligue 1,2425,Reims,Aurélio Buta,5,2024,177,11311,D S,27,2013,0,0.290973786264658,0,0.290973786264658,1,1.5548659227788448,8,10,5,0,6.656364345923066,5.113347943872213
FRA-Ligue 1,2425,Reims,Cédric Kipré,5,2024,177,8785,D S,28,2195,0,0.3413932034745812,0,0.3413932034745812,1,0.940518444404006,9,10,4,1,6.36738414876163,5.450903758406639
FRA-Ligue 1,2425,Reims,Emmanuel Agbadou,5,2024,177,10856,D,14,1260,0,0.5038924785330892,0,0.5038924785330892,0,0.5655539585277438,15,8,3,0,6.213934827595949,5.935578167438507
FRA-Ligue 1,2425,Reims,Gabriel Moscardo,5,2024,177,12994,S,6,74,0,0.1503106001764536,0,0.1503106001764536,0,0.0,2,0,1,0,0.2514663282781839,0.1011557281017303
FRA-Ligue 1,2425,Reims,Hafiz Ibrahim,5,2024,177,13312,F S,11,360,0,0.6023261696100235,0,0.6023261696100235,1,0.4310402050614357,7,4,0,1,1.41164605692029,0.4249996766448021
FRA-Ligue 1,2425,Reims,Hiroki Sekine,5,2024,177,13384,D S,15,866,0,0.1492204777896404,0,0.1492204777896404,0,0.2371723353862762,5,3,1,0,2.7312467731535435,2.6097510252147917
FRA-Ligue 1,2425,Reims,Ikechukwu Orazi,5,2024,177,12567,S,1,1,0,0.0,0,0.0,0,0.0,0,0,0,0,0.0,0.0
FRA-Ligue 1,2425,Reims,John Finn,5,2024,177,9170,M S,13,525,0,0.1517265848815441,0,0.1517265848815441,0,0.0082203112542629,8,1,0,0,0.3870111797004938,0.3323852811008692
FRA-Ligue 1,2425,Reims,Jordan Siebatcheu,5,2024,177,3682,F S,7,403,1,1.064859874546528,1,1.064859874546528,0,0.2043615654110908,11,3,0,0,0.8399857599288225,0.1181398872286081
FRA-Ligue 1,2425,Reims,Joseph Okumu,5,2024,177,11751,D S,22,1714,1,1.2057130355387926,1,1.2057130355387926,0,0.1032256837934255,12,4,3,1,5.605544378980994,5.54523628950119
FRA-Ligue 1,2425,Reims,Junya Ito,5,2024,177,10920,F M S,33,2721,4,6.0532150492072105,4,6.0532150492072105,3,8.402560830116272,32,84,1,0,15.611406788229942,4.903444267809391
FRA-Ligue 1,2425,Reims,Keito Nakamura,5,2024,177,11755,F M S,32,2702,11,9.232945438474417,11,9.232945438474417,2,3.226258029229939,85,24,5,0,16.374792762100697,5.082613691687584
FRA-Ligue 1,2425,Reims,Malcolm Jeng,5,2024,177,13412,D S,3,114,0,0.0,0,0.0,0,0.0,0,0,0,0,0.113040991127491,0.113040991127491
FRA-Ligue 1,2425,Reims,Mamadou Diakhon,5,2024,177,11613,F M S,28,782,2,1.4058566391468048,2,1.4058566391468048,1,0.870643574744463,18,13,2,0,3.4722296241670847,1.5195153458043933
FRA-Ligue 1,2425,Reims,Marshall Munetsi,5,2024,177,7908,M,19,1697,4,5.793545410037041,4,5.793545410037041,2,1.5820682309567928,32,19,5,0,8.30055246502161,1.9687500894069672
FRA-Ligue 1,2425,Reims,Martin Adeline,5,2024,177,10196,S,1,23,0,0.0,0,0.0,0,0.0,0,0,0,0,0.0583196207880973,0.0583196207880973
FRA-Ligue 1,2425,Reims,Mohamed Bamba,5,2024,177,13043,S,2,3,0,0.0,0,0.0,0,0.0,0,0,0,0,0.0,0.0
FRA-Ligue 1,2425,Reims,Mohamed Daramy,5,2024,177,11907,S,2,10,0,0.0589403845369815,0,0.0589403845369815,0,0.1120384484529495,1,1,0,0,0.1709788292646408,0.0589403845369815
FRA-Ligue 1,2425,Reims,Mory Gbane,5,2024,177,10626,D M,13,1130,0,0.1804192522540688,0,0.1804192522540688,1,0.3391371257603168,5,7,2,1,3.109780855476856,2.8690338600426912
FRA-Ligue 1,2425,Reims,Nhoa Sangui,5,2024,177,12317,D M S,26,1080,0,0.1100270971655845,0,0.1100270971655845,2,0.5577920638024807,3,5,3,0,3.8499816497787833,3.281405984424054
FRA-Ligue 1,2425,Reims,Niama Sissoko,5,2024,177,13126,S,4,33,0,0.1385118328034877,0,0.1385118328034877,0,0.0,2,0,0,0,0.1385118328034877,0.0
FRA-Ligue 1,2425,Reims,Oumar Diakité,5,2024,177,11753,F S,26,1696,4,6.127487167716026,4,5.367392040789127,1,1.737616403028369,27,11,6,0,10.243458840996029,4.357268048450351
FRA-Ligue 1,2425,Reims,Reda Khadra,5,2024,177,9250,S,4,39,0,0.0,0,0.0,0,0.0671740919351577,0,1,0,0,0.1099673882126808,0.1099673882126808
FRA-Ligue 1,2425,Reims,Sergio Akieme,5,2024,177,2594,D S,30,2548,2,1.1946085672825577,2,1.1946085672825577,3,2.803713040426373,26,23,5,0,7.406773233786225,4.78354007191956
FRA-Ligue 1,2425,Reims,Teddy Teuma,5,2024,177,11754,M S,17,753,1,1.699114816263318,0,0.9390196893364192,0,1.1837598104029894,14,13,1,0,2.6815876308828592,1.3654446564614773
FRA-Ligue 1,2425,Reims,Thibault De Smet,5,2024,177,8647,D S,5,181,0,0.1091358661651611,0,0.1091358661651611,0,0.0,1,0,0,0,0.2354586198925972,0.2354586198925972
FRA-Ligue 1,2425,Reims,Valentin Atangana Edoa,5,2024,177,11389,D M S,34,2909,1,2.348549478687346,1,2.348549478687346,0,0.7703639874234796,32,11,7,0,9.190190229564903,6.536836812272668
FRA-Ligue 1,2425,Reims,Yaya Fofana,5,2024,177,11066,F M S,12,646,1,0.8412158470600843,1,0.8412158470600843,1,1.7268041670322418,13,7,4,0,3.858646949753165,1.8083036579191685
FRA-Ligue 1,2425,Reims,Yehvann Diouf,5,2024,177,6709,GK,34,3060,0,0.0531185641884803,0,0.0531185641884803,0,0.0,1,0,1,0,3.2106270287185907,3.2106270287185907
FRA-Ligue 1,2425,Reims,Zabi Gueu,5,2024,177,13385,S,2,14,0,0.0,0,0.0,0,0.0,0,0,0,1,0.0,0.0
FRA-Ligue 1,2425,Rennes,Adrien Truffert,5,2024,163,8640,D M S,33,2764,2,1.991267278790474,2,1.991267278790474,2,3.405314782634377,23,39,3,0,12.53561694547534,8.545055355876684
FRA-Ligue 1,2425,Rennes,Albert Grønbæk,5,2024,163,12880,F M S,16,816,2,2.0532097667455678,2,2.0532097667455678,1,0.9602012299001216,22,19,1,0,3.6885263100266457,1.1899636648595333
FRA-Ligue 1,2425,Rennes,Alidu Seidu,5,2024,163,9652,D S,11,809,0,0.0980788581073284,0,0.0980788581073284,0,0.3064316734671592,3,5,4,0,1.3150964975357056,1.1322132349014282
FRA-Ligue 1,2425,Rennes,Andrés Gómez,5,2024,163,12971,M S,17,318,3,1.506884654983878,3,1.506884654983878,0,0.1930977404117584,9,5,1,0,2.411046765744686,0.781275874003768
FRA-Ligue 1,2425,Rennes,Anthony Rouault,5,2024,163,10789,D,11,979,0,0.4271585717797279,0,0.4271585717797279,0,0.0120881237089633,7,1,3,0,2.90672180056572,2.894633673131466
FRA-Ligue 1,2425,Rennes,Arnaud Kalimuendo Muinga,5,2024,163,8056,F M S,33,2630,17,17.98014777339995,12,11.899386631324887,3,2.8822443578392267,76,19,2,0,17.82872635126114,4.438042722642422
FRA-Ligue 1,2425,Rennes,Ayanda Sishuba,5,2024,163,11764,S,1,1,0,0.0,0,0.0,0,0.0,0,0,0,0,0.0,0.0
FRA-Ligue 1,2425,Rennes,Azor Matusiwa,5,2024,163,9978,M S,29,2079,1,1.3974318969994783,1,1.3974318969994783,3,2.478503677994013,11,17,3,0,10.55186140537262,6.802701540291309
FRA-Ligue 1,2425,Rennes,Benjamin Bourigeaud,5,2024,163,4773,M,1,85,1,0.18843674659729,1,0.18843674659729,0,0.0,2,0,0,0,0.3874871730804443,0.3453103899955749
FRA-Ligue 1,2425,Rennes,Christopher Wooh,5,2024,163,9631,D S,20,1457,0,1.0543314702808857,0,1.0543314702808857,0,0.1007634289562702,10,2,6,1,5.070950597524643,4.8503449112176895
FRA-Ligue 1,2425,Rennes,Djaoui Cissé,5,2024,163,12451,M,14,1146,1,0.3633874543011188,1,0.3633874543011188,0,0.3757421318441629,15,6,4,0,7.660221703350544,7.1488517336547375
FRA-Ligue 1,2425,Rennes,Gauthier Gallon,5,2024,163,9618,S,1,41,0,0.0,0,0.0,0,0.0,0,0,0,0,0.0,0.0
FRA-Ligue 1,2425,Rennes,Glen Kamara,5,2024,163,12879,M S,13,669,0,0.0705003067851066,0,0.0705003067851066,1,0.342876736074686,1,6,0,0,2.294796884059906,1.981876434758305
FRA-Ligue 1,2425,Rennes,Hans Hateboer,5,2024,163,4941,D S,26,1666,0,0.3708617677912116,0,0.3708617677912116,0,1.6091739013791084,8,14,3,0,5.4651538990437984,4.074558302760124
FRA-Ligue 1,2425,Rennes,Henrik Meister,5,2024,163,12881,S,4,49,1,0.1125578759238123,1,0.1125578759238123,0,0.3763541877269745,2,2,0,0,0.4799482375383377,0.0
FRA-Ligue 1,2425,Rennes,Jordan James,5,2024,163,12882,M S,23,1195,0,0.7698334716260433,0,0.7698334716260433,1,1.593195166438818,17,23,4,0,6.49567412212491,5.053157513961196
FRA-Ligue 1,2425,Rennes,Jota,5,2024,163,9031,M S,9,308,1,1.2280189469456673,1,1.2280189469456673,0,0.3610864132642746,4,5,0,0,1.672831304371357,0.1662587933242321
FRA-Ligue 1,2425,Rennes,Jérémy Jacquet,5,2024,163,11545,D,11,933,0,0.4790785685181618,0,0.4790785685181618,1,0.6175114922225475,8,4,0,0,4.442345820367336,4.400260426104069
FRA-Ligue 1,2425,Rennes,Kazeem Olaigbe,5,2024,163,13435,F M S,10,288,0,0.2323513310402631,0,0.2323513310402631,2,2.37851420417428,6,15,0,0,4.121159626170993,1.8357375599443917
FRA-Ligue 1,2425,Rennes,Kyogo Furuhashi,5,2024,163,13413,F S,6,110,0,0.0372933708131313,0,0.0372933708131313,0,0.0,1,0,0,0,0.1053620502352714,0.0680686831474304
FRA-Ligue 1,2425,Rennes,Leo Østigard,5,2024,163,10237,D S,16,1231,1,0.8909851722419262,1,0.8909851722419262,0,0.1418376266956329,6,2,4,0,2.0769863575696945,1.9541650116443636
FRA-Ligue 1,2425,Rennes,Lorenz Assignon,5,2024,163,8973,D M S,32,2378,3,2.9051220044493675,3,2.9051220044493675,4,3.9293824322521687,22,29,9,0,11.943673314526675,7.465679798275232
FRA-Ligue 1,2425,Rennes,Ludovic Blas,5,2024,163,3475,F M S,29,2332,6,5.580307476222515,6,5.580307476222515,8,5.637214491143823,57,47,6,0,14.136033760383723,6.142310883849859
FRA-Ligue 1,2425,Rennes,Mahamadou Nagida,5,2024,163,12159,D S,13,413,2,1.9573543146252632,2,1.9573543146252632,0,0.2291842773556709,6,3,1,0,3.0680843889713287,0.9836465753614902
FRA-Ligue 1,2425,Rennes,Mikayil Faye,5,2024,163,12530,D S,11,701,0,0.2133091790601611,0,0.2133091790601611,0,0.0261528939008712,6,1,1,1,1.241620533168316,1.14600882679224
FRA-Ligue 1,2425,Rennes,Mohamed Meïté,5,2024,163,13210,F S,12,525,2,2.7108773663640022,2,2.7108773663640022,0,0.4174068830907345,15,5,0,0,3.1747679263353348,0.7875825464725494
FRA-Ligue 1,2425,Rennes,Naouirou Ahamada,5,2024,163,9274,S,3,51,0,0.0217296388000249,0,0.0217296388000249,0,0.0,1,0,0,0,0.0753938257694244,0.0536641851067543
FRA-Ligue 1,2425,Rennes,Seko Fofana,5,2024,163,1144,M S,16,845,1,2.3158197924494743,1,2.3158197924494743,1,1.072832107543945,24,13,3,0,6.450916960835457,4.461110092699528
FRA-Ligue 1,2425,Rennes,Steve Mandanda,5,2024,163,1670,GK S,18,1490,0,0.0,0,0.0,0,0.1493991799652576,0,2,0,0,2.265077523887157,2.1156783439219
FRA-Ligue 1,2425,Saint-Etienne,Anthony Briancon,5,2024,175,6861,S,1,1,0,0.0,0,0.0,0,0.0,0,0,0,0,0.0,0.0
FRA-Ligue 1,2425,Saint-Etienne,Augustine Boakye,5,2024,175,12812,F M S,17,741,3,2.264409612864256,3,2.264409612864256,0,1.1281934641301632,24,13,5,0,3.782478144392371,1.0123123545199633
FRA-Ligue 1,2425,Saint-Etienne,Ayman Aiki,5,2024,175,12811,M S,5,124,0,0.1384256929159164,0,0.1384256929159164,0,0.0184057801961898,3,1,0,0,0.1568314731121063,0.0
FRA-Ligue 1,2425,Saint-Etienne,Aïmen Moueffek,5,2024,175,8746,M S,22,1028,0,1.0357473585754633,0,1.0357473585754633,1,1.532620931044221,10,10,2,0,4.927065301686525,3.188139194622636
FRA-Ligue 1,2425,Saint-Etienne,Ben Old,5,2024,175,12809,F M S,13,503,0,1.067740261554718,0,1.067740261554718,0,0.6837401520460844,11,8,0,0,2.2481454219669104,0.6089571844786406
FRA-Ligue 1,2425,Saint-Etienne,Benjamin Bouchouari,5,2024,175,13058,M S,25,1794,1,0.6214983556419611,1,0.6214983556419611,0,1.004872465506196,16,16,6,0,7.28993059322238,6.03708615526557
FRA-Ligue 1,2425,Saint-Etienne,Beres Owusu,5,2024,175,12805,D,1,90,0,0.0,0,0.0,0,0.0496347174048423,0,1,0,0,0.0665866360068321,0.0169519167393445
FRA-Ligue 1,2425,Saint-Etienne,Dennis Appiah,5,2024,175,3521,D S,29,2108,0,0.2266706135123968,0,0.2266706135123968,1,1.841416618786752,5,14,2,0,5.950897566974163,5.068494353443384
FRA-Ligue 1,2425,Saint-Etienne,Djylian N'Guessan,5,2024,175,13311,F S,8,181,0,0.440093819051981,0,0.440093819051981,0,0.3063550814986229,3,2,0,0,0.8650475963950157,0.3506407737731933
FRA-Ligue 1,2425,Saint-Etienne,Dylan Batubinsika,5,2024,175,12806,D S,25,2006,1,0.6802393477410078,1,0.6802393477410078,0,0.2829701006412506,7,4,3,1,4.040669661015272,3.841375146061182
FRA-Ligue 1,2425,Saint-Etienne,Florian Tardieu,5,2024,175,9621,M S,24,1245,2,0.8061909656971693,2,0.8061909656971693,4,1.1583695001900196,16,21,0,0,6.92399025708437,5.788582857698202
FRA-Ligue 1,2425,Saint-Etienne,Gautier Larsonneur,5,2024,175,7728,GK,34,3060,0,0.0,0,0.0,0,0.0267612524330616,0,1,5,0,3.981030684430152,3.9542694282718
FRA-Ligue 1,2425,Saint-Etienne,Ibrahim Sissoko,5,2024,175,12810,F S,20,808,3,4.034132689237595,2,3.274037554860115,1,0.8489692844450474,22,7,1,0,4.863001003861427,1.6858460363000631
FRA-Ligue 1,2425,Saint-Etienne,Ibrahima Wadji,5,2024,175,12959,F S,10,310,0,1.4464850015938282,0,1.4464850015938282,0,0.008656246587634,12,1,1,0,1.5150682795792818,0.1677871295250952
FRA-Ligue 1,2425,Saint-Etienne,Igor Miladinovic,5,2024,175,13125,S,3,19,0,0.0,0,0.0,0,0.0,0,0,0,0,0.0138495154678821,0.0138495154678821
FRA-Ligue 1,2425,Saint-Etienne,Irvin Cardona,5,2024,175,5724,F M S,15,1102,5,5.026312346570194,5,4.266217227093875,3,2.1268459521234035,24,19,2,0,7.547399457544088,1.9437703993171451
FRA-Ligue 1,2425,Saint-Etienne,Jibril Othman,5,2024,175,12813,S,1,2,0,0.0,0,0.0,0,0.0,0,0,0,0,0.0,0.0
FRA-Ligue 1,2425,Saint-Etienne,Kévin Pedro,5,2024,175,12814,S,1,7,0,0.0,0,0.0,0,0.0,0,0,0,0,0.0,0.0
FRA-Ligue 1,2425,Saint-Etienne,Lamine Fomba,5,2024,175,7913,M S,7,214,0,0.0187296755611896,0,0.0187296755611896,0,0.2911641299724579,1,1,2,0,0.56601133197546,0.2561175152659416
FRA-Ligue 1,2425,Saint-Etienne,Leo Petrot,5,2024,175,7574,D S,31,2649,0,0.6627174057066441,0,0.6627174057066441,3,1.8912924034520984,7,16,4,0,6.048131167888641,4.505434879101813
FRA-Ligue 1,2425,Saint-Etienne,Louis Mouton,5,2024,175,10295,M S,24,1047,0,1.502646909095347,0,1.502646909095347,1,1.4524020813405514,19,16,2,0,5.196958344429731,3.317083846777677
FRA-Ligue 1,2425,Saint-Etienne,Lucas Stassin,5,2024,175,13057,F S,28,1916,12,8.409047394990921,12,8.409047394990921,4,3.849006508477032,44,18,4,0,12.509913020767272,3.665977276861668
FRA-Ligue 1,2425,Saint-Etienne,Marwann N'Zuzi,5,2024,175,12807,D,2,130,0,0.0268878797069191,0,0.0268878797069191,0,0.2508742213249206,2,1,2,0,0.2777621131390333,0.2508742213249206
FRA-Ligue 1,2425,Saint-Etienne,Mathieu Cafaro,5,2024,175,3786,F M S,15,729,1,2.2977329678833485,1,2.2977329678833485,0,1.2675816640257835,23,13,3,1,5.122394302859902,2.056864432990551
FRA-Ligue 1,2425,Saint-Etienne,Mathis Amougou,5,2024,175,12808,M S,17,840,0,0.424521129578352,0,0.424521129578352,0,0.3597651943564415,7,7,2,0,1.942910548299551,1.38503728620708
FRA-Ligue 1,2425,Saint-Etienne,Maxime Bernauer,5,2024,175,6737,D S,11,759,0,0.0417304644361138,0,0.0417304644361138,0,0.0400794185698032,2,1,2,1,2.282454239204526,2.2006443552672863
FRA-Ligue 1,2425,Saint-Etienne,Mickael Nade,5,2024,175,5753,D S,26,2306,1,0.9256893433630466,1,0.9256893433630466,2,0.9868236556649208,5,7,1,0,5.96421711333096,5.874025585129857
FRA-Ligue 1,2425,Saint-Etienne,Pierre Cornud,5,2024,175,13025,D S,11,568,0,0.0,0,0.0,0,0.3982537277042866,0,3,2,0,1.8506680876016617,1.752265989780426
FRA-Ligue 1,2425,Saint-Etienne,Pierre Ekwah,5,2024,175,10284,D M,29,2592,1,0.7389063034206629,1,0.7389063034206629,0,1.1754910983145237,25,16,3,0,8.572140404954553,7.610767203383148
FRA-Ligue 1,2425,Saint-Etienne,Yunis Abdelhamid,5,2024,175,5624,D S,16,1033,0,0.5630099419504404,0,0.5630099419504404,0,0.1566100977361202,2,2,2,0,1.9174782205373049,1.7889000941067934
FRA-Ligue 1,2425,Saint-Etienne,Yvann Maçon,5,2024,175,8314,D S,12,813,0,0.2846177355386317,0,0.2846177355386317,0,0.2437667492777109,10,6,4,0,1.7467972245067358,1.2373788207769394
FRA-Ligue 1,2425,Saint-Etienne,Zuriko Davitashvili,5,2024,175,7652,F M S,33,2815,9,8.030895091593266,7,6.510704822838306,8,5.66711307130754,70,52,3,0,12.587375964969397,3.5722605669870973
FRA-Ligue 1,2425,Strasbourg,Abakar Sylla,5,2024,225,11816,D S,21,944,1,0.6310701929032803,1,0.6310701929032803,0,0.0580236352980136,5,1,2,1,3.4050509985536337,3.4050509985536337
FRA-Ligue 1,2425,Strasbourg,Andrew Omobamidele,5,2024,225,9833,D S,10,526,0,0.0,0,0.0,0,0.0,0,0,3,1,2.7554018162190914,2.7554018162190914
FRA-Ligue 1,2425,Strasbourg,Andrey Santos,5,2024,225,11808,M,32,2861,10,6.474336503073573,10,6.474336503073573,3,3.321616545319557,45,27,8,0,16.746761897578835,11.464045824483035
FRA-Ligue 1,2425,Strasbourg,Caleb Wiley,5,2024,225,12837,D M S,6,266,0,0.0871211290359497,0,0.0871211290359497,1,0.4157076366245746,1,2,1,0,0.6362759806215763,0.170904491096735
FRA-Ligue 1,2425,Strasbourg,Diego Moreira,5,2024,225,11978,D F M S,32,2586,2,2.415392654016614,2,2.415392654016614,7,7.743981936946511,26,30,4,1,16.037069555372,8.564426464959979
FRA-Ligue 1,2425,Strasbourg,Dilane Bakwa,5,2024,225,8920,D F M S,30,2544,6,4.851562971249223,6,4.851562971249223,8,7.727343019098043,52,48,4,0,16.848572304472327,8.867653537541628
FRA-Ligue 1,2425,Strasbourg,Djordje Petrovic,5,2024,225,12032,GK,31,2790,0,0.0,0,0.0,0,0.0,0,0,2,0,6.611872253939509,6.611872253939509
FRA-Ligue 1,2425,Strasbourg,Eduard Sobol,5,2024,225,11342,S,10,64,0,0.0,0,0.0,0,0.0,0,0,2,0,0.1682674437761306,0.1682674437761306
FRA-Ligue 1,2425,Strasbourg,Emanuel Emegha,5,2024,225,11817,F M,27,2331,14,17.624735414981842,14,17.624735414981842,3,1.9993709102272987,61,18,5,0,21.057025346904997,3.164751287549734
FRA-Ligue 1,2425,Strasbourg,Felix Lemarechal,5,2024,225,10057,F M S,27,1803,4,4.074193011969328,4,4.074193011969328,3,2.756311032921076,25,29,2,0,13.147777907550337,7.25025662779808
FRA-Ligue 1,2425,Strasbourg,Guela Doué,5,2024,225,10868,D S,32,2713,1,0.9880996765568852,1,0.9880996765568852,2,0.9500086214393376,18,11,7,0,8.96327892690897,8.567401656880975
FRA-Ligue 1,2425,Strasbourg,Guemissongui Ouattara,5,2024,225,10485,D F M S,17,442,1,0.5629908759146929,1,0.5629908759146929,1,0.406192822381854,5,3,1,0,1.942835858091712,1.1236585192382336
FRA-Ligue 1,2425,Strasbourg,Habib Diarra,5,2024,225,9767,D F M S,30,2366,4,3.587136687710881,2,2.0669464487582445,5,5.707039427012205,27,27,6,0,12.043475123122334,6.721917923539877
FRA-Ligue 1,2425,Strasbourg,Ismaël Doukouré,5,2024,225,10390,D M,31,2658,1,0.661684188991785,1,0.661684188991785,1,1.2588393911719322,4,9,7,0,12.319075230509045,11.352039460092785
FRA-Ligue 1,2425,Strasbourg,Jeremy Sebas,5,2024,225,12183,M S,13,163,0,0.8336555138230324,0,0.8336555138230324,0,0.0156268291175365,6,1,0,0,1.52097662165761,0.671694278717041
FRA-Ligue 1,2425,Strasbourg,Karl-Johan Johnsson,5,2024,225,5690,GK,3,270,0,0.0,0,0.0,0,0.0,0,0,0,0,1.017284244298935,1.017284244298935
FRA-Ligue 1,2425,Strasbourg,Karol Fila,5,2024,225,9635,S,1,3,0,0.0,0,0.0,0,0.0,0,0,1,0,0.0,0.0
FRA-Ligue 1,2425,Strasbourg,Mamadou Sarr,5,2024,225,11253,D,27,2376,0,1.0967955440282822,0,1.0967955440282822,1,0.6334617212414742,5,5,4,0,8.953484015539289,8.72878991253674
FRA-Ligue 1,2425,Strasbourg,Marvin Senaya,5,2024,225,9092,D S,10,193,0,0.0254843551665544,0,0.0254843551665544,0,0.1141876205801963,1,2,3,0,0.4306453373283148,0.363381166011095
FRA-Ligue 1,2425,Strasbourg,Milos Lukovic,5,2024,225,13192,S,2,10,0,0.0,0,0.0,0,0.0,0,0,0,0,0.0,0.0
FRA-Ligue 1,2425,Strasbourg,Nordine Kandil,5,2024,225,9932,S,1,8,0,0.0,0,0.0,0,0.0,0,0,0,0,0.0,0.0
FRA-Ligue 1,2425,Strasbourg,Pape Diong,5,2024,225,12838,M S,9,71,1,1.1499771475791931,1,1.1499771475791931,0,0.1147026568651199,5,1,0,0,0.153251551091671,0.0848981291055679
FRA-Ligue 1,2425,Strasbourg,Samuel Amo-Ameyaw,5,2024,225,11618,D M S,9,306,2,1.016411256045103,2,1.016411256045103,0,0.3969626873731613,9,4,0,0,2.539946537464857,1.126572597771883
FRA-Ligue 1,2425,Strasbourg,Sebastian Nanasi,5,2024,225,12970,F M S,31,2166,6,6.08905141800642,6,6.08905141800642,4,6.048237957060337,29,38,1,0,16.798728935420513,9.526111859828234
FRA-Ligue 1,2425,Strasbourg,Sékou Mara,5,2024,225,8970,F M S,25,727,1,2.136869912967086,1,2.136869912967086,1,1.112138183787465,19,5,2,0,2.5807198677212,0.6569947190582752
FRA-Ligue 1,2425,Strasbourg,Thomas Delaine,5,2024,225,7765,S,2,6,0,0.0,0,0.0,0,0.0,0,0,0,0,0.0,0.0
FRA-Ligue 1,2425,Strasbourg,Valentín Barco,5,2024,225,12498,D M,14,1181,0,0.4179076869040727,0,0.4179076869040727,2,0.9902437552809716,9,8,2,0,6.142196942120791,4.932882446795702
FRA-Ligue 1,2425,Strasbourg,Óscar Perea,5,2024,225,12839,S,2,6,0,0.0106820613145828,0,0.0106820613145828,0,0.0,1,0,0,0,0.1107083857059478,0.100026324391365
FRA-Ligue 1,2425,Toulouse,Aron Dønnum,5,2024,174,12045,D M S,32,2714,3,2.5579674001783133,3,2.5579674001783133,2,4.964441500604153,31,44,6,0,12.924586217850448,9.184961272403598
FRA-Ligue 1,2425,Toulouse,Charlie Cresswell,5,2024,174,9220,D S,31,2601,3,4.136854922398925,3,4.136854922398925,1,1.314726579003036,32,5,5,0,8.029886454343796,7.764670715667307
FRA-Ligue 1,2425,Toulouse,Cristian Cásseres Jr.,5,2024,174,11777,M S,32,2739,1,0.9852043334394692,1,0.9852043334394692,3,3.1847235038876534,17,28,11,0,12.039634557440875,9.933802988380194
FRA-Ligue 1,2425,Toulouse,Denis Genreau,5,2024,174,10795,M S,8,214,0,0.3040780751034617,0,0.3040780751034617,0,0.4024849347770214,6,5,0,0,0.5083176763728261,0.2743220273405313
FRA-Ligue 1,2425,Toulouse,Djibril Sidibe,5,2024,174,3357,D S,28,2117,0,0.3007795549929142,0,0.3007795549929142,3,2.8126244712620974,5,17,1,0,9.035003576427698,7.015336375683546
FRA-Ligue 1,2425,Toulouse,Edhy Zuliani,5,2024,174,11270,S,1,5,0,0.0,0,0.0,0,0.0,0,0,0,0,0.0,0.0
FRA-Ligue 1,2425,Toulouse,Frank Magri,5,2024,174,10193,F M S,31,1512,5,6.165865981951356,5,6.165865981951356,1,1.720636025071144,44,9,5,1,9.539364542812107,2.6790799871087074
FRA-Ligue 1,2425,Toulouse,Gabriel Suazo,5,2024,174,11343,D S,30,2171,0,0.9292145520448684,0,0.9292145520448684,6,4.621762367896736,7,41,0,0,9.319922336377203,6.149451741017401
FRA-Ligue 1,2425,Toulouse,Guillaume Restes,5,2024,174,11776,GK,29,2545,0,0.0,0,0.0,1,0.0531766414642334,0,1,2,0,1.9823221750557425,1.9823221750557425
FRA-Ligue 1,2425,Toulouse,Jaydee Canvot,5,2024,174,13091,D M S,18,1102,0,0.2417431576177477,0,0.2417431576177477,0,0.4410763494670391,5,4,2,0,3.721827119588852,3.361432507634163
FRA-Ligue 1,2425,Toulouse,Joshua King,5,2024,174,465,F M S,28,1685,6,7.754562114365399,6,7.754562114365399,3,1.7325707683339715,50,17,2,0,9.276868721470237,1.9913337361067531
FRA-Ligue 1,2425,Toulouse,Kjetil Haug,5,2024,174,10800,GK S,6,498,0,0.0,0,0.0,0,0.0,0,0,0,0,0.394363378174603,0.394363378174603
FRA-Ligue 1,2425,Toulouse,Logan Costa,5,2024,174,8200,D,1,90,0,0.0,0,0.0,0,0.517225444316864,0,1,0,0,0.6104925870895386,0.0932671874761581
FRA-Ligue 1,2425,Toulouse,Mark McKenzie,5,2024,174,12842,D S,30,2504,1,1.791058113798499,1,1.791058113798499,1,0.4668611120432615,8,4,1,1,8.477668391540647,8.392160452902317
FRA-Ligue 1,2425,Toulouse,Miha Zajc,5,2024,174,4937,M S,19,198,0,0.3662312375381589,0,0.3662312375381589,0,0.1030116192996501,6,3,2,0,1.1233162842690945,0.7703394070267677
FRA-Ligue 1,2425,Toulouse,Naatan Skyttä,5,2024,174,11013,S,1,2,0,0.0,0,0.0,0,0.0,0,0,0,0,0.0,0.0
FRA-Ligue 1,2425,Toulouse,Niklas Schmidt,5,2024,174,5352,M S,9,180,0,0.0938451029360294,0,0.0938451029360294,1,0.7143851704895496,3,5,0,0,1.9676594212651253,1.9220958948135376
FRA-Ligue 1,2425,Toulouse,Noah Edjouma,5,2024,174,12330,M S,10,133,2,1.8039352148771288,2,1.8039352148771288,0,0.0400890223681926,5,1,0,1,1.7529216669499874,0.4100388400256634
FRA-Ligue 1,2425,Toulouse,Rafik Messali,5,2024,174,12598,D S,13,449,0,0.2653466807678342,0,0.2653466807678342,1,1.3155864290893078,4,11,0,0,1.991558806039393,1.5136390486732123
FRA-Ligue 1,2425,Toulouse,Rasmus Nicolaisen,5,2024,174,10788,D,7,626,0,0.700584932230413,0,0.700584932230413,1,0.3520319908857345,5,2,0,0,0.9597414275631307,0.9597414275631307
FRA-Ligue 1,2425,Toulouse,Shavy Babicka,5,2024,174,12389,M S,30,1147,4,3.4805359933525324,4,3.4805359933525324,2,2.3861435540020466,20,13,2,0,7.405812088400125,2.0557235796004534
FRA-Ligue 1,2425,Toulouse,Vincent Sierro,5,2024,174,5311,M S,29,2433,5,4.2572588147595525,3,2.7370685283094645,1,4.276940012350678,32,32,4,0,10.605566969141364,7.885466464795172
FRA-Ligue 1,2425,Toulouse,Warren Kamanzi,5,2024,174,11291,D S,24,1010,1,1.9212410375475883,1,1.9212410375475883,1,0.99683256726712,7,12,3,0,7.381741670891643,4.69021961838007
FRA-Ligue 1,2425,Toulouse,Yann Gboho,5,2024,174,6874,F M S,31,2363,5,5.3993131052702665,5,5.3993131052702665,4,4.477638784796,50,30,2,0,15.485309845767915,7.489163148216903
FRA-Ligue 1,2425,Toulouse,Zakaria Aboukhlal,5,2024,174,10796,F M S,26,1935,7,11.9655422270298,6,10.44535192847252,2,1.6949092485010624,63,13,4,0,12.83500535786152,2.04263012483716
FRA-Ligue 1,2425,Toulouse,Álex Domínguez,5,2024,174,7248,S,1,17,0,0.0,0,0.0,0,0.0,0,0,0,0,0.4151631891727447,0.4151631891727447
FRA-Ligue 1,2425,Toulouse,Ümit Akdag,5,2024,174,13033,D S,9,514,0,0.0767529448494315,0,0.0767529448494315,0,0.054871579632163,2,2,2,0,0.6236050240695477,0.587440725415945
GER-Bundesliga,2425,Augsburg,Alexis Claude Maurice,3,2024,121,5752,F M S,28,2160,9,4.652821511030197,9,4.652821511030197,2,1.2668815301731229,59,21,4,0,11.06004698574543,5.729791997931898
GER-Bundesliga,2425,Augsburg,Arne Engels,3,2024,121,11323,M,1,82,0,0.6035945415496826,0,0.6035945415496826,0,0.0,3,0,1,0,0.4761271476745605,0.0
GER-Bundesliga,2425,Augsburg,Arne Maier,3,2024,121,5298,M S,28,894,0,1.161029061302543,0,1.161029061302543,0,1.7768127704039216,18,22,0,1,3.862046368420124,2.7504778215661645
GER-Bundesliga,2425,Augsburg,Chrislain Matsima,3,2024,121,8643,D S,30,2554,1,2.015692732296884,1,2.015692732296884,1,0.4893283359706402,14,5,4,0,6.323857476934791,5.048382254317403
GER-Bundesliga,2425,Augsburg,Cédric Zesiger,3,2024,121,11850,D S,22,1769,0,1.1112994104623797,0,1.1112994104623797,2,1.6025062557309866,12,8,9,1,4.535481914877892,3.294549886137247
GER-Bundesliga,2425,Augsburg,Dimitris Giannoulis,3,2024,121,9745,D M,31,2664,1,1.8126734774559736,1,1.8126734774559736,4,5.503238350152969,13,43,8,0,11.6018926538527,6.999567776918411
GER-Bundesliga,2425,Augsburg,Elvis Rexhbecaj,3,2024,121,6445,M S,27,1807,1,1.5866161594167352,1,1.5866161594167352,1,1.1454962734133003,29,16,8,0,6.0185795752331614,4.521676512435079
GER-Bundesliga,2425,Augsburg,Finn Dahmen,3,2024,121,6596,GK,19,1710,0,0.0,0,0.0,0,0.0,0,0,0,0,2.074063473381102,2.074063473381102
GER-Bundesliga,2425,Augsburg,Frank Onyeka,3,2024,121,9681,M S,31,2627,0,1.68868612870574,0,1.68868612870574,1,1.5073444563895464,24,19,8,0,8.303025526925921,5.712598657235503
GER-Bundesliga,2425,Augsburg,Fredrik Jensen,3,2024,121,7197,M S,20,753,0,0.8585721682757139,0,0.8585721682757139,0,0.7730063246563077,11,11,0,0,1.7357341358438134,0.3646342735737562
GER-Bundesliga,2425,Augsburg,Henri Koudossou,3,2024,121,13040,D S,21,710,0,0.0767879709601402,0,0.0767879709601402,0,0.9423977639526128,2,10,1,0,4.205359624698758,3.759394759312272
GER-Bundesliga,2425,Augsburg,Jeffrey Gouweleeuw,3,2024,121,2665,D,33,2950,1,1.7506763683632016,1,0.9928996907547116,4,2.641270950436592,18,13,9,0,7.547286327928305,6.413223074749112
GER-Bundesliga,2425,Augsburg,Keven Schlotterbeck,3,2024,121,7401,D S,18,1290,3,1.058371618390083,3,1.058371618390083,1,0.6174594163894653,12,7,2,1,3.063976694829762,2.3811785923317075
GER-Bundesliga,2425,Augsburg,Kristijan Jakic,3,2024,121,9986,M S,31,2314,0,0.7476364653557539,0,0.7476364653557539,1,1.5535834319889543,18,17,2,0,9.371627107262611,7.937230862677097
GER-Bundesliga,2425,Augsburg,Mads Pedersen,3,2024,121,7809,D S,7,230,0,0.09810471534729,0,0.09810471534729,0,0.0,2,0,0,0,0.396162886172533,0.396162886172533
GER-Bundesliga,2425,Augsburg,Marius Wolf,3,2024,121,2693,D M S,32,2201,1,0.7761038243770599,1,0.7761038243770599,3,3.165601091459393,12,44,2,0,5.200451772660017,3.870687685906887
GER-Bundesliga,2425,Augsburg,Maximilian Bauer,3,2024,121,9716,D S,11,647,0,0.0990944728255271,0,0.0990944728255271,0,0.2485245633870363,1,2,1,0,1.1603566110134125,0.9118320643901824
GER-Bundesliga,2425,Augsburg,Mert Kömür,3,2024,121,11604,M S,20,624,2,1.2769564669579268,2,1.2769564669579268,1,1.6666105622425675,13,13,1,0,1.704361530020833,0.2651289878413081
GER-Bundesliga,2425,Augsburg,Mërgim Berisha,3,2024,121,11092,F S,13,353,1,1.443163190037012,1,1.443163190037012,1,1.2332775294780731,14,3,2,0,2.69046850502491,0.6118183359503746
GER-Bundesliga,2425,Augsburg,Nediljko Labrovic,3,2024,121,12921,GK,15,1350,0,0.0,0,0.0,0,0.0,0,0,0,0,0.4903677906841039,0.4903677906841039
GER-Bundesliga,2425,Augsburg,Niklas Dorsch,3,2024,121,6411,M S,23,1408,2,1.0962662072852254,2,1.0962662072852254,2,1.131101816892624,9,13,5,1,3.0800743214786053,1.3530444698408246
GER-Bundesliga,2425,Augsburg,Noahkai Banks,3,2024,121,13149,D S,8,260,0,0.067817211151123,0,0.067817211151123,0,0.0,1,0,2,0,0.1468391716480255,0.1468391716480255
GER-Bundesliga,2425,Augsburg,Phillip Tietz,3,2024,121,11845,F S,34,1683,7,6.620653829537332,6,5.862877114675939,2,1.4810154465958476,51,21,4,0,7.860493987798691,1.4614172922447324
GER-Bundesliga,2425,Augsburg,Robert Gumny,3,2024,121,8803,D S,7,267,0,0.2829975262284279,0,0.2829975262284279,0,0.2456958964467048,4,3,2,0,0.6088505201041698,0.2985859364271164
GER-Bundesliga,2425,Augsburg,Ruben Vargas,3,2024,121,7810,M S,8,288,0,0.7717711664736271,0,0.7717711664736271,0,0.6732491254806519,9,6,3,0,1.226028148084879,0.3455165773630142
GER-Bundesliga,2425,Augsburg,Samuel Essende,3,2024,121,12922,F S,30,1668,7,5.770508166402578,7,5.770508166402578,2,1.7677066437900066,44,11,4,2,6.685472250916064,1.159614222124219
GER-Bundesliga,2425,Augsburg,Steve Mounie,3,2024,121,3800,M S,16,299,1,3.968957144767046,1,3.968957144767046,0,0.0555006191134452,21,2,2,0,4.06906108558178,0.3826819453388452
GER-Bundesliga,2425,Augsburg,Tim Breithaupt,3,2024,121,11844,M,2,130,0,0.0680995807051658,0,0.0680995807051658,1,0.3743721544742584,1,1,0,0,0.4419798590242862,0.4419798590242862
GER-Bundesliga,2425,Augsburg,Yusuf Kabadayi,3,2024,121,12923,S,5,55,1,0.5747077241539955,1,0.5747077241539955,0,0.0284573081880807,4,1,0,0,0.7583714574575424,0.1768133267760276
GER-Bundesliga,2425,Bayer Leverkusen,Aleix García,3,2024,119,1055,M S,28,1438,3,0.8498970614746213,3,0.8498970614746213,4,5.045784663408995,15,32,3,0,6.266460470855236,4.544854115694761
GER-Bundesliga,2425,Bayer Leverkusen,Amine Adli,3,2024,119,8211,F M S,20,733,2,2.80952712148428,2,2.80952712148428,0,0.917626392096281,19,10,3,0,5.38531244546175,2.3757032565772533
GER-Bundesliga,2425,Bayer Leverkusen,Arthur,3,2024,119,11868,D M S,20,730,0,0.0680201575160026,0,0.0680201575160026,1,0.6907633915543556,1,2,1,0,3.22729079797864,2.468507271260023
GER-Bundesliga,2425,Bayer Leverkusen,Edmond Tapsoba,3,2024,119,8317,D,29,2522,0,0.9512282647192478,0,0.9512282647192478,0,0.1556804906576872,21,4,4,0,9.332944409921764,8.933821065351367
GER-Bundesliga,2425,Bayer Leverkusen,Emiliano Buendía,3,2024,119,2203,M S,11,254,2,0.9033828303217888,2,0.9033828303217888,0,1.0546951219439509,7,6,0,0,2.058793142437935,0.9003096520900726
GER-Bundesliga,2425,Bayer Leverkusen,Exequiel Palacios,3,2024,119,8325,M S,24,1134,1,1.3166885189712048,1,1.3166885189712048,6,2.3877435363829136,13,28,2,0,7.412650372833013,4.945953451097012
GER-Bundesliga,2425,Bayer Leverkusen,Florian Wirtz,3,2024,119,8397,F M S,31,2365,10,10.05364241823554,8,7.022535771131516,12,8.316964589059353,78,56,3,0,20.83097556233406,10.964113848283889
GER-Bundesliga,2425,Bayer Leverkusen,Granit Xhaka,3,2024,119,204,M,33,2905,2,0.8061828929930925,2,0.8061828929930925,7,4.030918525531888,21,50,3,0,19.094832016155124,16.296785784885287
GER-Bundesliga,2425,Bayer Leverkusen,Jeanuël Belocian,3,2024,119,10300,D S,5,66,0,0.0,0,0.0,0,0.0,0,0,1,0,0.1247751824557781,0.1247751824557781
GER-Bundesliga,2425,Bayer Leverkusen,Jeremie Frimpong,3,2024,119,9328,D M S,33,2335,5,5.46559808216989,5,5.46559808216989,5,4.449963368475437,34,30,4,0,14.958293974399568,6.565218105912209
GER-Bundesliga,2425,Bayer Leverkusen,Jonas Hofmann,3,2024,119,320,M S,11,354,2,1.092762865126133,2,1.092762865126133,1,0.4121622052043676,9,7,1,0,2.569442719221115,1.2131220642477274
GER-Bundesliga,2425,Bayer Leverkusen,Jonathan Tah,3,2024,119,183,D,33,2970,3,1.1589150372892618,3,1.1589150372892618,0,0.2743085101246834,24,4,3,0,11.7880025152117,11.424661388620734
GER-Bundesliga,2425,Bayer Leverkusen,Lukas Hradecky,3,2024,119,281,GK,29,2610,0,0.0,0,0.0,0,0.0,0,0,1,0,3.997700033709407,3.997700033709407
GER-Bundesliga,2425,Bayer Leverkusen,Mario Hermoso,3,2024,119,6136,D S,4,288,0,0.2317601852118969,0,0.2317601852118969,0,0.0898565053939819,4,1,0,0,1.5697592496871948,1.4799027740955353
GER-Bundesliga,2425,Bayer Leverkusen,Martin Terrier,3,2024,119,5611,F M S,15,571,2,2.442089222371578,2,2.442089222371578,1,1.2627908363938332,16,8,1,0,4.382547497749329,1.971374560147524
GER-Bundesliga,2425,Bayer Leverkusen,Matej Kovár,3,2024,119,11069,GK,5,450,0,0.0,0,0.0,0,0.0,0,0,0,0,0.2082998398691415,0.2082998398691415
GER-Bundesliga,2425,Bayer Leverkusen,Nathan Tella,3,2024,119,8456,D F M S,27,1385,2,3.3967102095484734,2,3.3967102095484734,4,1.3434475176036358,28,18,1,0,6.290043022483587,2.031696029007435
GER-Bundesliga,2425,Bayer Leverkusen,Nordi Mukiele,3,2024,119,5659,D S,15,889,1,1.454731559380889,1,1.454731559380889,0,1.2510683620348573,7,9,4,0,4.161717852577567,4.021595353260636
GER-Bundesliga,2425,Bayer Leverkusen,Patrik Schick,3,2024,119,1236,F M S,31,1675,21,13.808413846418262,20,13.050637168809772,0,0.8931068908423185,68,11,4,0,13.012595891952516,2.17465521954
GER-Bundesliga,2425,Bayer Leverkusen,Piero Hincapié,3,2024,119,9911,D S,32,2669,2,3.520486763678491,2,3.520486763678491,2,3.105824388563633,22,16,8,0,9.154974464327095,7.814650284126401
GER-Bundesliga,2425,Bayer Leverkusen,Robert Andrich,3,2024,119,7877,D M S,23,1616,2,1.740671368315816,2,1.740671368315816,1,0.4994040429592132,21,9,7,0,8.978159502148628,8.24872002005577
GER-Bundesliga,2425,Bayer Leverkusen,Victor Boniface,3,2024,119,11867,F M S,19,1031,8,9.102240042760968,8,8.344463424757123,1,1.1899061873555183,51,10,2,0,8.272871671244502,2.321392834186554
GER-Bundesliga,2425,Bayer Leverkusen,Álex Grimaldo,3,2024,119,11866,D M S,32,2659,2,3.139213948510587,2,3.139213948510587,7,8.451544346287847,44,74,4,1,13.696474827826025,8.669026328250766
GER-Bundesliga,2425,Bayern Munich,Adam Aznou,3,2024,117,12371,S,2,9,0,0.0,0,0.0,0,0.0,0,0,0,0,0.1140698343515396,0.1140698343515396
GER-Bundesliga,2425,Bayern Munich,Aleksandar Pavlovic,3,2024,117,11547,M S,21,1468,1,0.6988183669745922,1,0.6988183669745922,0,0.249738996848464,9,7,2,0,13.761382356286047,13.515540704131126
GER-Bundesliga,2425,Bayern Munich,Alphonso Davies,3,2024,117,7345,D S,19,1563,1,1.8767102975398304,1,1.8767102975398304,2,1.8741600718349216,17,27,0,0,14.86158774420619,11.854159470647572
GER-Bundesliga,2425,Bayern Munich,Arijon Ibrahimovic,3,2024,117,10248,S,1,1,0,0.0,0,0.0,0,0.0,0,0,0,0,0.0,0.0
GER-Bundesliga,2425,Bayern Munich,Daniel Peretz,3,2024,117,12042,GK,3,270,0,0.0,0,0.0,0,0.0,0,0,1,0,0.5095114558935165,0.5095114558935165
GER-Bundesliga,2425,Bayern Munich,Dayotchanculle Upamecano,3,2024,117,5243,D,20,1768,2,1.8763803392648697,2,1.8763803392648697,0,0.6674704235047102,13,7,6,0,14.85498770698905,14.567031513899565
GER-Bundesliga,2425,Bayern Munich,Eric Dier,3,2024,117,643,D S,21,1454,2,2.0591224059462547,2,2.0591224059462547,1,0.1550221797078848,9,3,1,0,13.936744444072248,13.856435477733612
GER-Bundesliga,2425,Bayern Munich,Gabriel Vidovic,3,2024,117,10558,S,5,22,0,0.2042607143521309,0,0.2042607143521309,0,0.0,2,0,0,0,0.2042607143521309,0.0
GER-Bundesliga,2425,Bayern Munich,Harry Kane,3,2024,117,647,F S,31,2400,26,24.83850298821926,17,18.01851277425885,9,5.889719098806381,114,36,5,0,30.19251061975956,8.705299209803343
GER-Bundesliga,2425,Bayern Munich,Hiroki Ito,3,2024,117,9715,D S,6,255,1,0.1366585493087768,1,0.1366585493087768,0,0.592143252491951,1,3,1,0,2.6330008897930384,2.040857682004571
GER-Bundesliga,2425,Bayern Munich,Jamal Musiala,3,2024,117,8418,M S,25,1822,12,11.052295371890068,12,11.052295371890068,2,5.645927414298058,68,41,3,0,23.51362369954586,10.554121501743792
GER-Bundesliga,2425,Bayern Munich,Jonah Kusi-Asare,3,2024,117,13262,S,1,1,0,0.0714672058820724,0,0.0714672058820724,0,0.0,1,0,0,0,0.0,0.0
GER-Bundesliga,2425,Bayern Munich,Jonas Urbig,3,2024,117,9861,GK,8,720,0,0.0,0,0.0,0,0.0,0,0,0,0,1.825435906648636,1.825435906648636
GER-Bundesliga,2425,Bayern Munich,Joshua Kimmich,3,2024,117,223,D M S,33,2843,3,2.185599143616855,3,2.185599143616855,7,11.342593856155872,34,84,4,0,31.528940960764885,27.68050304055214
GER-Bundesliga,2425,Bayern Munich,Josip Stanisic,3,2024,117,9458,D S,14,864,0,0.4346799105405807,0,0.4346799105405807,2,1.5586129985749722,2,14,0,0,7.743158828467131,6.437034394592047
GER-Bundesliga,2425,Bayern Munich,João Palhinha,3,2024,117,10715,M S,17,656,0,0.6284849727526307,0,0.6284849727526307,0,0.2982007209211588,10,5,2,1,5.8210117891430855,5.276558317244053
GER-Bundesliga,2425,Bayern Munich,Kim Min-Jae,3,2024,117,10986,D,27,2307,2,2.057914473116398,2,2.057914473116398,0,0.2642551548779011,7,6,2,0,18.283761721104383,18.164988350123167
GER-Bundesliga,2425,Bayern Munich,Kingsley Coman,3,2024,117,226,M S,28,1276,5,4.042191399261355,5,4.042191399261355,4,4.258397921919823,44,32,0,0,12.850466405972838,6.604279920458794
GER-Bundesliga,2425,Bayern Munich,Konrad Laimer,3,2024,117,6109,D S,29,1700,2,2.626265462487936,2,2.626265462487936,2,2.5402991846203804,18,20,8,0,17.9094100818038,14.8556854929775
GER-Bundesliga,2425,Bayern Munich,Leon Goretzka,3,2024,117,335,M S,26,1303,4,3.44148750603199,4,3.44148750603199,1,1.7927624322474005,32,12,2,0,14.095879878848791,11.131647668778896
GER-Bundesliga,2425,Bayern Munich,Leroy Sané,3,2024,117,337,M S,30,1638,11,10.864085894078016,11,10.864085894078016,5,6.123259458690882,67,37,2,0,21.53510593622923,8.566130949184299
GER-Bundesliga,2425,Bayern Munich,Manuel Neuer,3,2024,117,217,GK,22,1980,0,0.0,0,0.0,0,0.2637988328933716,0,1,0,0,9.986891658976674,9.723092826083302
GER-Bundesliga,2425,Bayern Munich,Mathys Tel,3,2024,117,9780,M S,8,246,0,0.8943723309785128,0,0.8943723309785128,1,0.5589722990989685,10,1,0,0,3.095596618950367,1.6422520205378532
GER-Bundesliga,2425,Bayern Munich,Michael Olise,3,2024,117,9948,M S,34,2370,12,10.028207782655954,12,10.028207782655954,15,14.287162024527788,86,89,3,0,31.13305725902319,15.147963047027588
GER-Bundesliga,2425,Bayern Munich,Raphael Guerreiro,3,2024,117,3455,D M S,23,1595,4,2.806145377457142,4,2.806145377457142,3,3.317242281511426,21,27,2,0,16.583484891802073,12.02986791357398
GER-Bundesliga,2425,Bayern Munich,Sacha Boey,3,2024,117,7511,D S,13,591,0,0.1607282981276512,0,0.1607282981276512,2,1.2694266606122255,3,3,1,0,4.779234483838081,4.618506237864494
GER-Bundesliga,2425,Bayern Munich,Serge Gnabry,3,2024,117,993,F M S,27,1216,7,8.36918669193983,7,7.611410014331341,5,5.2104566488415,49,24,0,0,17.931560218334198,8.162198606878519
GER-Bundesliga,2425,Bayern Munich,Sven Ulreich,3,2024,117,231,GK,1,90,0,0.0,0,0.0,0,0.0,0,0,0,0,0.169789433479309,0.169789433479309
GER-Bundesliga,2425,Bayern Munich,Thomas Müller,3,2024,117,224,F M S,30,1205,1,4.421979056671262,1,4.421979056671262,4,4.09389933757484,30,35,3,0,13.633560847491026,7.82218885794282
GER-Bundesliga,2425,Bochum,Aliou Balde,3,2024,268,12052,S,5,76,0,0.1531138569116592,0,0.1531138569116592,0,0.4295373000204563,4,2,1,0,0.5562718119472265,0.0278688725084066
GER-Bundesliga,2425,Bochum,Anthony Losilla,3,2024,268,9705,M S,20,1146,0,0.1023350022733211,0,0.1023350022733211,0,0.4794825538992882,5,7,1,0,3.181420609354973,2.7296648547053337
GER-Bundesliga,2425,Bochum,Bernardo,3,2024,268,5245,D S,20,1689,0,0.3816599696874618,0,0.3816599696874618,0,0.296815812587738,6,4,5,0,2.9829296581447124,2.4946550503373146
GER-Bundesliga,2425,Bochum,Cristian Gamboa,3,2024,268,855,M S,12,198,1,0.3206220706924796,1,0.3206220706924796,0,0.2358151003718376,4,3,1,0,1.1285209581255913,0.5833059623837471
GER-Bundesliga,2425,Bochum,Dani de Wit,3,2024,268,13018,F M S,27,1131,2,2.9426726028323174,2,2.9426726028323174,1,0.4057057108730078,20,9,1,0,4.026078104972839,1.7941139079630375
GER-Bundesliga,2425,Bochum,Erhan Masovic,3,2024,268,9709,D M S,15,894,1,0.8710909560322762,1,0.8710909560322762,1,0.5909091420471668,7,3,2,0,2.060800328850746,1.9151384383440015
GER-Bundesliga,2425,Bochum,Felix Passlack,3,2024,268,2663,D M S,30,2286,1,1.1471417490392923,1,1.1471417490392923,5,3.757785826921463,22,24,4,0,7.7228672206401825,4.872329683974385
GER-Bundesliga,2425,Bochum,Gerrit Holtmann,3,2024,268,5270,D F M S,22,1075,2,1.6647159466519952,2,1.6647159466519952,1,2.617210149765014,27,16,2,0,5.927908807992935,2.304628198966384
GER-Bundesliga,2425,Bochum,Giorgos Masouras,3,2024,268,13461,F S,13,986,2,4.799098733812571,2,4.799098733812571,0,1.1169241517782211,27,7,1,0,7.32676961645484,1.6001515593379736
GER-Bundesliga,2425,Bochum,Ibrahima Sissoko,3,2024,268,6904,M S,32,2639,2,1.427550146356225,2,1.427550146356225,1,1.5377441756427288,25,26,9,1,8.396646555513144,6.192057816311717
GER-Bundesliga,2425,Bochum,Ivan Ordets,3,2024,268,7632,D S,21,1786,0,0.5389353558421135,0,0.5389353558421135,0,0.3113795258104801,10,6,6,0,3.063186014071107,2.984922545030713
GER-Bundesliga,2425,Bochum,Jakov Medic,3,2024,268,12944,D S,23,1608,1,1.0344128273427486,1,1.0344128273427486,0,0.1414000671356916,13,3,2,0,1.4296539649367332,1.1018930319696665
GER-Bundesliga,2425,Bochum,Kacper Koscierski,3,2024,268,13633,S,1,3,0,0.0,0,0.0,0,0.0,0,0,0,0,0.0,0.0
GER-Bundesliga,2425,Bochum,Koji Miyoshi,3,2024,268,13065,F M S,15,458,1,1.0769440354779365,1,1.0769440354779365,0,0.5365228019654751,13,5,0,1,2.3123103911057115,0.798455186188221
GER-Bundesliga,2425,Bochum,Lukas Daschner,3,2024,268,11842,M S,14,393,1,3.0358031559735537,1,2.278026418760419,1,1.2736287526786327,9,6,0,0,4.164898052811623,1.2878952492028477
GER-Bundesliga,2425,Bochum,Mats Pannewig,3,2024,268,12945,M S,14,243,0,0.3752986444160342,0,0.3752986444160342,0,0.0683701187372207,9,1,1,0,0.8740467093884945,0.5063304528594017
GER-Bundesliga,2425,Bochum,Matús Bero,3,2024,268,11983,M S,29,2488,5,5.083340181037784,5,4.325563503429294,1,4.167451893910766,32,51,10,0,9.487992012873292,3.92092651501298
GER-Bundesliga,2425,Bochum,Maximilian Wittek,3,2024,268,11841,D M S,32,2644,0,1.7229898367077112,0,1.7229898367077112,0,3.3077356219291687,41,44,7,0,8.908103629946709,5.794904746115208
GER-Bundesliga,2425,Bochum,Moritz Broschinski,3,2024,268,11336,F M S,32,1342,1,4.342191630974412,1,4.342191630974412,3,2.26239719055593,37,11,1,0,8.05997022241354,1.6537080090492964
GER-Bundesliga,2425,Bochum,Moritz-Broni Kwarteng,3,2024,268,12134,S,7,153,0,0.1552143841981887,0,0.1552143841981887,0,0.1843577641993761,6,4,1,0,1.2329154331237078,0.9355198871344328
GER-Bundesliga,2425,Bochum,Myron Boadu,3,2024,268,9612,F S,18,999,7,8.229468438774347,6,7.4716917015612125,1,1.6477082949131727,25,11,2,0,10.03551159799099,1.1547716669738293
GER-Bundesliga,2425,Bochum,Patrick Drewes,3,2024,268,4306,GK,20,1800,0,0.0,0,0.0,0,0.0,0,0,2,0,1.7322410512715578,1.7322410512715578
GER-Bundesliga,2425,Bochum,Philipp Hofmann,3,2024,268,10736,F M S,31,2257,3,4.961120470426977,3,4.961120470426977,3,4.690533764660358,52,27,4,0,10.245639266446233,3.2190974690020084
GER-Bundesliga,2425,Bochum,Samuel Bamba,3,2024,268,12266,S,5,17,0,0.3136723041534424,0,0.3136723041534424,0,0.0170086007565259,2,1,0,0,0.309026688337326,0.0324903130531311
GER-Bundesliga,2425,Bochum,Tim Oermann,3,2024,268,10862,D S,28,2125,0,0.1584799885749817,0,0.1584799885749817,2,0.6627056673169136,9,7,0,0,4.387439666315913,3.703292796388269
GER-Bundesliga,2425,Bochum,Timo Horn,3,2024,268,127,GK,13,1170,0,0.0,0,0.0,0,0.0,0,0,2,0,0.2365495096892118,0.2365495096892118
GER-Bundesliga,2425,Bochum,Tom Krauß,3,2024,268,8092,M S,13,1003,0,0.3642132692039013,0,0.3642132692039013,0,0.8930504964664578,11,12,2,0,3.5684762112796307,2.6481395289301872
GER-Bundesliga,2425,Borussia Dortmund,Alexander Meyer,3,2024,129,6290,GK,2,180,0,0.0,0,0.0,0,0.088520348072052,0,1,0,0,0.088520348072052,0.0
GER-Bundesliga,2425,Borussia Dortmund,Almugera Kabar,3,2024,129,13056,D S,5,125,0,0.0,0,0.0,0,0.6894889920949936,0,3,0,1,0.7676253989338875,0.1263511329889297
GER-Bundesliga,2425,Borussia Dortmund,Ayman Azhil,3,2024,129,8116,S,1,19,0,0.0,0,0.0,0,0.0,0,0,1,0,0.0,0.0
GER-Bundesliga,2425,Borussia Dortmund,Carney Chukwuemeka,3,2024,129,9356,M S,10,231,1,0.8316291533410549,1,0.8316291533410549,0,0.6901883706450462,8,7,1,0,4.0000030770897865,2.8219908848404884
GER-Bundesliga,2425,Borussia Dortmund,Cole Campbell,3,2024,129,13131,S,4,16,0,0.0,0,0.0,0,0.0,0,0,0,0,0.0799039080739021,0.0799039080739021
GER-Bundesliga,2425,Borussia Dortmund,Daniel Svensson,3,2024,129,13424,D M S,12,778,1,0.7713542226701975,1,0.7713542226701975,3,1.298804713413119,6,10,0,0,4.125608330592513,2.8866437766700983
GER-Bundesliga,2425,Borussia Dortmund,Donyell Malen,3,2024,129,9749,D M S,14,602,3,3.221788346767425,3,3.221788346767425,0,0.3619210720062256,19,1,1,0,5.11583523452282,2.273415695875883
GER-Bundesliga,2425,Borussia Dortmund,Emre Can,3,2024,129,604,D M S,31,2084,3,1.8707446567714212,1,0.3551912643015384,0,0.5918053798377514,9,8,4,1,12.573094312101604,12.101288814097645
GER-Bundesliga,2425,Borussia Dortmund,Felix Nmecha,3,2024,129,9202,M S,26,1519,4,1.0889532221481204,4,1.0889532221481204,1,1.5874149296432734,18,14,3,0,8.52881558611989,7.484039213508367
GER-Bundesliga,2425,Borussia Dortmund,Giovanni Reyna,3,2024,129,8191,M S,16,321,2,0.1583574116230011,2,0.1583574116230011,0,0.4603080227971077,3,2,3,0,1.2083663679659369,0.6903843618929386
GER-Bundesliga,2425,Borussia Dortmund,Gregor Kobel,3,2024,129,5288,GK,32,2880,0,0.0,0,0.0,0,0.0159477367997169,0,1,1,0,5.608352277427912,5.592404540628195
GER-Bundesliga,2425,Borussia Dortmund,Jamie Bynoe-Gittens,3,2024,129,10542,F M S,32,1803,8,4.5964207872748375,8,4.5964207872748375,3,3.476314332336188,52,21,4,0,12.025190606713297,5.523857708089054
GER-Bundesliga,2425,Borussia Dortmund,Julian Brandt,3,2024,129,261,M S,30,2354,5,4.579855159856379,5,4.579855159856379,10,9.031145641580224,44,61,1,0,23.14715365692973,13.3252425622195
GER-Bundesliga,2425,Borussia Dortmund,Julian Ryerson,3,2024,129,7997,D M S,29,2301,2,0.8117543049156666,2,0.8117543049156666,3,5.152861568145454,18,35,4,1,13.50790622830391,11.14336271584034
GER-Bundesliga,2425,Borussia Dortmund,Julien Duranville,3,2024,129,11585,M S,12,259,0,0.4180309381335974,0,0.4180309381335974,0,0.6575317978858948,5,1,3,0,1.1650417689234018,0.0894790403544902
GER-Bundesliga,2425,Borussia Dortmund,Karim Adeyemi,3,2024,129,10772,F M S,25,1462,7,5.742135550826788,7,5.742135550826788,6,7.36732954531908,46,29,4,0,15.46747213602066,3.5720093846321106
GER-Bundesliga,2425,Borussia Dortmund,Kjell-Arik Wätjen,3,2024,129,12399,S,2,13,0,0.0,0,0.0,0,0.0,0,0,0,0,0.0,0.0
GER-Bundesliga,2425,Borussia Dortmund,Marcel Sabitzer,3,2024,129,5248,M S,26,1615,1,2.2293640561401844,1,2.2293640561401844,0,1.5033905114978552,21,11,3,0,11.464248105883598,8.460188139230013
GER-Bundesliga,2425,Borussia Dortmund,Maximilian Beier,3,2024,129,8137,F M S,29,1578,8,9.488328475505114,8,9.488328475505114,5,3.210040792822838,42,25,2,0,14.034051459282637,4.297043411061168
GER-Bundesliga,2425,Borussia Dortmund,Nico Schlotterbeck,3,2024,129,7485,D,23,1984,0,1.8403304610401392,0,1.8403304610401392,4,1.8254380747675896,16,18,5,2,12.77948224171996,11.889226108789444
GER-Bundesliga,2425,Borussia Dortmund,Niklas Süle,3,2024,129,75,D S,15,1071,0,0.4490190055221319,0,0.4490190055221319,0,0.0748348962515592,9,3,1,0,5.4073261972516775,5.169980091974139
GER-Bundesliga,2425,Borussia Dortmund,Pascal Groß,3,2024,129,239,D M S,30,2364,0,3.2006931081414223,0,3.2006931081414223,9,6.288426307961345,27,54,5,1,19.634757071733475,13.901075672358274
GER-Bundesliga,2425,Borussia Dortmund,Ramy Bensebaini,3,2024,129,3349,D M S,31,2030,1,1.4501842698082328,1,1.4501842698082328,6,3.950700536370277,20,15,6,0,15.718302631750705,12.62585210427642
GER-Bundesliga,2425,Borussia Dortmund,Salih Özcan,3,2024,129,5294,M S,22,697,0,0.2836851240135729,0,0.2836851240135729,0,0.9563110340386628,6,10,0,0,3.969199223909527,3.699394006282091
GER-Bundesliga,2425,Borussia Dortmund,Serhou Guirassy,3,2024,129,3738,F S,30,2608,21,24.67502747476101,18,21.64392078667879,2,3.927161391824484,89,25,4,0,28.84895157814026,5.983426092192531
GER-Bundesliga,2425,Borussia Dortmund,Waldemar Anton,3,2024,129,106,D S,26,1940,2,1.876587314531207,2,1.876587314531207,2,1.1188903953880072,19,6,4,0,10.76238065958023,9.613812036812304
GER-Bundesliga,2425,Borussia Dortmund,Yan Couto,3,2024,129,10946,D M S,21,870,0,0.2509071277454495,0,0.2509071277454495,0,0.9542748928070068,6,12,5,0,3.791500814259052,2.99819378182292
GER-Bundesliga,2425,Borussia Dortmund,Yannik Lührs,3,2024,129,13143,D S,3,121,0,0.0,0,0.0,0,0.0269632991403341,0,1,0,0,0.1133385077118873,0.1133385077118873
GER-Bundesliga,2425,Borussia M.Gladbach,Alassane Pléa,3,2024,130,3310,F M S,30,1930,11,6.866865694522858,10,6.10908904671669,4,3.265819158405065,42,25,3,0,13.179648963734508,6.668403459712863
GER-Bundesliga,2425,Borussia M.Gladbach,Fabio Chiarodia,3,2024,130,11073,D S,16,364,1,0.4547141566872597,1,0.4547141566872597,0,0.3711296916007995,4,1,0,0,1.9859834536910057,1.614853762090206
GER-Bundesliga,2425,Borussia M.Gladbach,Florian Neuhaus,3,2024,130,7065,M S,18,335,0,0.5376568976789713,0,0.5376568976789713,1,0.6716734915971756,9,6,1,0,2.2969058882445097,1.6781606432050469
GER-Bundesliga,2425,Borussia M.Gladbach,Franck Honorat,3,2024,130,3314,F M S,19,1478,4,4.034103916957974,4,4.034103916957974,7,6.732902622781694,31,49,0,0,10.92656401731074,2.558129455894232
GER-Bundesliga,2425,Borussia M.Gladbach,Grant-Leon Ranos,3,2024,130,11847,S,2,15,0,0.0,0,0.0,0,0.0,0,0,1,0,0.0,0.0
GER-Bundesliga,2425,Borussia M.Gladbach,Joe Scally,3,2024,130,9674,D S,32,2605,0,0.2653661556541919,0,0.2653661556541919,0,1.484907627105713,6,11,6,0,10.68981758505106,9.582948433235288
GER-Bundesliga,2425,Borussia M.Gladbach,Jonas Omlin,3,2024,130,8678,GK S,12,982,0,0.0,0,0.0,0,0.0,0,0,0,1,2.2486139982938766,2.2486139982938766
GER-Bundesliga,2425,Borussia M.Gladbach,Julian Weigl,3,2024,130,372,M,33,2908,0,0.6710613574832678,0,0.6710613574832678,2,1.152547612786293,19,12,8,0,11.702455198392272,10.190631384029984
GER-Bundesliga,2425,Borussia M.Gladbach,Kevin Stöger,3,2024,130,7058,M S,31,1531,3,4.505672687664628,1,2.990119319409132,3,5.05398212838918,26,52,3,0,11.945396466180682,6.950540175661445
GER-Bundesliga,2425,Borussia M.Gladbach,Ko Itakura,3,2024,130,10727,D,31,2790,3,1.6429097075015306,3,1.6429097075015306,0,1.09031742811203,21,7,5,0,9.607988333329558,8.800086556002498
GER-Bundesliga,2425,Borussia M.Gladbach,Luca Netz,3,2024,130,8401,D S,24,928,0,0.1908367443829774,0,0.1908367443829774,2,1.3906789356842637,3,16,2,0,4.518790255300701,3.879877556115389
GER-Bundesliga,2425,Borussia M.Gladbach,Lukas Ullrich,3,2024,130,11991,D S,26,1949,1,1.2157446863129735,1,1.2157446863129735,2,1.7085003964602947,8,8,4,0,5.3729419857263565,4.036795541644096
GER-Bundesliga,2425,Borussia M.Gladbach,Marvin Friedrich,3,2024,130,370,D S,22,951,0,0.6226540505886078,0,0.6226540505886078,1,0.9996218532323836,7,3,0,0,1.5706435833126309,1.5375030878931284
GER-Bundesliga,2425,Borussia M.Gladbach,Moritz Nicolas,3,2024,130,6321,GK,19,1639,0,0.0,0,0.0,0,0.0,0,0,0,0,3.522726606577635,3.522726606577635
GER-Bundesliga,2425,Borussia M.Gladbach,Nathan N'Goumou Minpol,3,2024,130,7612,M S,19,841,2,2.5623942613601685,2,2.5623942613601685,1,1.1307573225349188,24,6,0,0,4.51104448735714,1.171338889747858
GER-Bundesliga,2425,Borussia M.Gladbach,Nico Elvedi,3,2024,130,212,D,25,2141,1,1.8375461101531985,1,1.8375461101531985,1,0.2373782098293304,12,4,1,0,6.504913438111544,6.397165346890688
GER-Bundesliga,2425,Borussia M.Gladbach,Noah Pesch,3,2024,130,13275,S,1,2,0,0.0,0,0.0,0,0.0,0,0,0,0,0.0,0.0
GER-Bundesliga,2425,Borussia M.Gladbach,Philipp Sander,3,2024,130,12915,M S,27,1397,1,1.2556910952553153,1,1.2556910952553153,0,0.7185362754389644,18,13,2,0,7.633903082460165,6.519067211076617
GER-Bundesliga,2425,Borussia M.Gladbach,Robin Hack,3,2024,130,6351,F M S,33,2227,4,4.968895967118442,4,4.968895967118442,7,4.546078447252512,58,32,4,0,12.376857583411038,5.271136090159416
GER-Bundesliga,2425,Borussia M.Gladbach,Rocco Reitz,3,2024,130,8826,M S,27,1865,2,1.959852170199156,2,1.959852170199156,1,2.19960018992424,23,16,1,0,9.072347270324826,6.828269526362419
GER-Bundesliga,2425,Borussia M.Gladbach,Shio Fukuda,3,2024,130,12373,S,6,41,1,0.3086897358298301,1,0.3086897358298301,0,0.0,3,0,0,0,0.3698602840304374,0.0611705482006073
GER-Bundesliga,2425,Borussia M.Gladbach,Stefan Lainer,3,2024,130,7831,D S,21,720,1,0.5535152684897184,1,0.5535152684897184,0,0.7025620490312576,4,9,2,0,2.882321199402213,1.7727866303175688
GER-Bundesliga,2425,Borussia M.Gladbach,Tiago Pereira Cardoso,3,2024,130,13497,GK S,5,376,0,0.0,0,0.0,0,0.0,0,0,0,0,0.2478972375392913,0.2478972375392913
GER-Bundesliga,2425,Borussia M.Gladbach,Tim Kleindienst,3,2024,130,6142,F,31,2756,16,15.641376122832298,15,14.125822767615318,7,6.164368532598019,75,28,3,1,22.16408023238182,5.898254873231053
GER-Bundesliga,2425,Borussia M.Gladbach,Tobias Sippel,3,2024,130,214,S,1,59,0,0.0,0,0.0,0,0.0,0,0,0,0,0.0,0.0
GER-Bundesliga,2425,Borussia M.Gladbach,Tomás Cvancara,3,2024,130,11846,F M S,28,787,2,4.362291850149632,2,4.362291850149632,0,0.7786419615149498,24,6,3,1,5.480261135846376,1.0503884851932526
GER-Bundesliga,2425,Eintracht Frankfurt,Ansgar Knauff,3,2024,132,8989,D F M S,30,1623,4,5.238380121067166,4,5.238380121067166,5,5.401509422808886,30,26,3,0,14.122421637177467,4.350837785750628
GER-Bundesliga,2425,Eintracht Frankfurt,Arthur Theate,3,2024,132,9999,D,31,2722,0,2.468275908380747,0,2.468275908380747,0,0.9711692165583372,36,14,4,1,13.12523146159947,11.563672157004476
GER-Bundesliga,2425,Eintracht Frankfurt,Aurèle Amenda,3,2024,132,12955,D S,8,72,0,0.0526179745793342,0,0.0526179745793342,0,0.4818203449249267,1,1,1,0,0.9811453819274902,0.9811453819274902
GER-Bundesliga,2425,Eintracht Frankfurt,Can Uzun,3,2024,132,12954,M S,20,637,4,3.4531076848506927,4,3.4531076848506927,1,0.9417958408594131,27,14,1,0,5.415256071835756,2.2100669629871845
GER-Bundesliga,2425,Eintracht Frankfurt,Ellyes Skhiri,3,2024,132,3347,M S,30,2245,1,1.5609660241752863,1,1.5609660241752863,1,1.980588203296065,13,21,6,0,15.424042753875256,14.27434642612934
GER-Bundesliga,2425,Eintracht Frankfurt,Eric Junior Dina Ebimbe,3,2024,132,7562,M S,7,298,0,0.8198971599340439,0,0.8198971599340439,1,1.007884681224823,8,2,0,0,1.8984323032200336,0.6959547400474548
GER-Bundesliga,2425,Eintracht Frankfurt,Farès Chaïbi,3,2024,132,10792,D M S,26,993,1,3.02254181355238,1,3.02254181355238,3,2.600599684752524,25,24,2,0,10.668474096804855,6.37330824136734
GER-Bundesliga,2425,Eintracht Frankfurt,Hugo Ekitike,3,2024,132,8995,F M S,33,2623,15,23.090678934007883,14,20.81734884157777,8,7.497596137225628,117,43,1,0,32.08109536021948,6.5742603074759245
GER-Bundesliga,2425,Eintracht Frankfurt,Hugo Larsson,3,2024,132,11911,M S,33,2419,3,3.057562686502933,3,3.057562686502933,1,1.6888380870223043,21,20,2,0,15.637109268456696,12.020821401849387
GER-Bundesliga,2425,Eintracht Frankfurt,Igor Matanovic,3,2024,132,12953,F S,16,275,1,0.807957723736763,1,0.807957723736763,0,0.0443547256290912,11,1,0,0,2.077039336785674,1.5361630078405142
GER-Bundesliga,2425,Eintracht Frankfurt,Jean Négoce,3,2024,132,10830,M S,24,921,2,1.783165434375405,2,1.783165434375405,3,2.161955703049898,10,17,3,0,6.341303326189518,3.456062637269497
GER-Bundesliga,2425,Eintracht Frankfurt,Kauã Santos,3,2024,132,12075,GK S,9,762,0,0.0,0,0.0,0,0.0484839901328086,0,1,0,0,1.4686700832098722,1.420186085626483
GER-Bundesliga,2425,Eintracht Frankfurt,Kevin Trapp,3,2024,132,3286,GK,26,2298,0,0.0,0,0.0,0,0.0,0,0,1,0,2.52313500829041,2.52313500829041
GER-Bundesliga,2425,Eintracht Frankfurt,Mahmoud Dahoud,3,2024,132,205,M S,9,353,1,0.7417247332632542,1,0.7417247332632542,1,0.7501890975981951,7,8,2,0,3.2389635890722275,2.9234367683529854
GER-Bundesliga,2425,Eintracht Frankfurt,Mario Götze,3,2024,132,422,F M S,24,1564,3,2.972162872552872,3,2.972162872552872,2,3.852848513051868,8,35,1,0,12.429652636870742,7.472723245620727
GER-Bundesliga,2425,Eintracht Frankfurt,Michy Batshuayi,3,2024,132,1678,F S,10,288,3,1.3108754754066467,3,1.3108754754066467,0,0.0360063388943672,5,1,2,0,1.6587602272629738,0.3118784055113792
GER-Bundesliga,2425,Eintracht Frankfurt,Nathaniel Brown,3,2024,132,13122,D M S,26,1964,3,2.494919445365668,3,2.494919445365668,6,6.540987821295857,13,39,2,0,11.759051386266949,6.8294026125222445
GER-Bundesliga,2425,Eintracht Frankfurt,Niels Nkounkou,3,2024,132,8109,D M S,12,371,0,0.4677810948342085,0,0.4677810948342085,0,1.2774152494966984,4,9,1,0,2.973861999809742,1.4079697281122208
GER-Bundesliga,2425,Eintracht Frankfurt,Nnamdi Collins,3,2024,132,12430,D S,24,1483,1,1.088654726743698,1,1.088654726743698,1,0.9670564010739326,5,2,4,0,6.908555801957846,6.240201342850924
GER-Bundesliga,2425,Eintracht Frankfurt,Omar Marmoush,3,2024,132,8393,F M,17,1471,15,10.454029858112335,13,8.938476577401161,9,6.4370531141757965,77,33,2,0,15.567543163895609,4.923579152673483
GER-Bundesliga,2425,Eintracht Frankfurt,Oscar Højlund,3,2024,132,12952,M S,20,696,1,1.0715759545564651,1,1.0715759545564651,0,0.9632676243782043,6,6,0,0,4.587974041700363,2.675981115549803
GER-Bundesliga,2425,Eintracht Frankfurt,Rasmus Kristensen,3,2024,132,10750,D M S,30,2520,5,3.010503049939871,5,3.010503049939871,3,4.46722864639014,24,20,4,0,16.33640332520008,11.128150700591505
GER-Bundesliga,2425,Eintracht Frankfurt,Robin Koch,3,2024,132,6273,D,30,2595,3,2.037737676873803,3,2.037737676873803,0,0.2323272405192256,17,8,3,0,12.173947259783745,11.469248436391354
GER-Bundesliga,2425,Eintracht Frankfurt,Sepe Elye Wahi,3,2024,132,9182,F S,8,175,0,1.2418805435299871,0,1.2418805435299871,0,0.1021892577409744,9,1,1,0,1.3440698012709618,0.0
GER-Bundesliga,2425,Eintracht Frankfurt,Timothy Chandler,3,2024,132,359,S,3,15,0,0.0,0,0.0,0,0.0,0,0,0,0,0.0,0.0
GER-Bundesliga,2425,Eintracht Frankfurt,Tuta,3,2024,132,7524,D M S,30,2281,2,1.848554100841284,2,1.848554100841284,1,0.4717372804880142,12,5,8,0,9.006036313250661,8.54725087992847
GER-Bundesliga,2425,Heidenheim,Adrian Beck,3,2024,280,11855,F M S,32,1602,4,4.206237935461104,4,4.206237935461104,1,1.8471641726791856,39,20,1,0,8.869435641914606,4.554916037246585
GER-Bundesliga,2425,Heidenheim,Benedikt Gimber,3,2024,280,11864,D M,32,2697,0,0.7796229459345341,0,0.7796229459345341,0,0.506980687379837,13,3,9,0,2.0051460545510054,1.754845978692174
GER-Bundesliga,2425,Heidenheim,Budu Zivzivadze,3,2024,280,13323,F S,15,947,2,1.8620241470634935,2,1.8620241470634935,2,2.291006725281477,22,13,0,0,4.867508262395859,1.6242151632905006
GER-Bundesliga,2425,Heidenheim,Denis Thomalla,3,2024,280,11858,S,1,1,0,0.0,0,0.0,0,0.0,0,0,0,0,0.0,0.0
GER-Bundesliga,2425,Heidenheim,Frank Feller,3,2024,280,12494,GK S,2,116,0,0.0,0,0.0,0,0.0,0,0,0,0,1.0266588926315308,1.0266588926315308
GER-Bundesliga,2425,Heidenheim,Frans Krätzig,3,2024,280,11838,D M S,17,1306,1,1.0113870231434705,1,1.0113870231434705,2,1.6893468517810106,9,26,1,0,3.21835320815444,1.7027722410857675
GER-Bundesliga,2425,Heidenheim,Jan Schöppner,3,2024,280,11865,M S,33,2700,4,3.948262576013804,4,3.948262576013804,3,2.950019802898169,40,24,8,0,8.154726142063737,4.036705597303808
GER-Bundesliga,2425,Heidenheim,Jonas Föhrenbach,3,2024,280,5347,D M S,27,1826,0,0.3573669847100973,0,0.3573669847100973,1,0.7717274213209748,8,14,3,0,2.742827208712697,1.9260040409862995
GER-Bundesliga,2425,Heidenheim,Julian Niehues,3,2024,280,13429,S,8,135,0,0.1495359614491462,0,0.1495359614491462,0,0.1256658993661403,2,3,0,0,1.316750451922417,1.109605260193348
GER-Bundesliga,2425,Heidenheim,Kevin Müller,3,2024,280,11852,GK,33,2944,0,0.0,0,0.0,0,0.0,0,0,0,0,3.0277598537504677,3.0277598537504677
GER-Bundesliga,2425,Heidenheim,Lennard Maloney,3,2024,280,10071,D M S,16,793,0,0.1993563435971737,0,0.1993563435971737,0,0.0152381360530853,3,1,2,0,0.8527121841907501,0.8527121841907501
GER-Bundesliga,2425,Heidenheim,Luca Kerber,3,2024,280,12987,M S,23,757,2,1.1627484848722816,2,1.1627484848722816,0,0.8404353633522987,7,6,4,0,2.5061813443899155,0.9628312960267068
GER-Bundesliga,2425,Heidenheim,Léo Scienza,3,2024,280,12986,F M S,25,1154,3,2.2589838448911905,3,2.2589838448911905,3,4.22474249266088,38,34,1,0,6.065171904861927,1.7292647268623114
GER-Bundesliga,2425,Heidenheim,Marnon Busch,3,2024,280,4312,D M S,23,1402,0,0.3568432293832302,0,0.3568432293832302,1,0.9347950499504804,13,11,1,0,4.377666752785444,3.589123450219631
GER-Bundesliga,2425,Heidenheim,Marvin Pieringer,3,2024,280,11856,F M S,31,2253,7,9.497590685263276,4,7.224260637536645,4,5.089528257027268,60,31,7,0,11.624920902773738,2.838040864095092
GER-Bundesliga,2425,Heidenheim,Mathias Honsak,3,2024,280,11917,D F M S,22,1164,5,2.7486824057996277,5,2.7486824057996277,1,1.1526490207761526,29,13,1,0,3.7166399881243706,1.514211192727089
GER-Bundesliga,2425,Heidenheim,Maximilian Breunig,3,2024,280,11849,F S,13,322,2,3.002769211307168,1,2.244992533698678,0,0.1914702635258436,11,4,0,0,2.735860446467996,0.3419247008860111
GER-Bundesliga,2425,Heidenheim,Mikkel Kaufmann,3,2024,280,12053,F M S,9,357,0,0.4809715747833252,0,0.4809715747833252,0,0.1665191054344177,3,3,2,0,1.218198135495186,0.5707074543461204
GER-Bundesliga,2425,Heidenheim,Norman Theuerkauf,3,2024,280,11862,S,1,19,0,0.0378666035830974,0,0.0378666035830974,0,0.0,1,0,0,0,0.0,0.0
GER-Bundesliga,2425,Heidenheim,Omar Traoré,3,2024,280,11859,D M,30,2630,0,0.4463740745559335,0,0.4463740745559335,1,1.649691142141819,16,21,7,0,4.690981866791844,3.648763807490468
GER-Bundesliga,2425,Heidenheim,Patrick Mainka,3,2024,280,11853,D,34,3060,1,2.315811117179692,1,2.315811117179692,0,0.6790747931227088,25,7,3,0,4.503965882584453,4.334571026265621
GER-Bundesliga,2425,Heidenheim,Paul Wanner,3,2024,280,10245,F M S,29,1796,3,4.244851130992174,2,3.487074453383684,2,1.4708796814084053,25,20,2,0,7.205643737688661,3.0005939584225416
GER-Bundesliga,2425,Heidenheim,Sirlord Conteh,3,2024,280,12988,F M S,29,842,1,1.7346754455938935,1,1.7346754455938935,1,2.268422743305564,13,14,2,0,5.426970985718072,2.81193482875824
GER-Bundesliga,2425,Heidenheim,Stefan Schimmer,3,2024,280,11861,S,13,220,0,1.1535760760307312,0,1.1535760760307312,0,0.2204373283311724,10,5,1,0,0.7608380392193794,0.0842686397954821
GER-Bundesliga,2425,Heidenheim,Thomas Keller,3,2024,280,12023,D M S,6,141,0,0.0097251441329717,0,0.0097251441329717,0,0.0,1,0,2,0,0.6035356353968382,0.5938104912638664
GER-Bundesliga,2425,Heidenheim,Tim Siersleben,3,2024,280,8854,D S,16,1181,0,0.5835042558610439,0,0.5835042558610439,0,0.5471864566206932,4,6,4,0,2.612182638607919,2.4144959514960647
GER-Bundesliga,2425,Freiburg,Bruno Ogbus,3,2024,135,12926,S,2,10,0,0.0,0,0.0,0,0.0,0,0,0,0,0.0,0.0
GER-Bundesliga,2425,Freiburg,Christian Günter,3,2024,135,4243,D S,29,2341,2,1.228508367203176,2,1.228508367203176,2,3.1555529991164804,20,28,0,0,6.491897919215262,4.686019014101476
GER-Bundesliga,2425,Freiburg,Eren Sami Dinkci,3,2024,135,9201,M S,23,1189,0,1.0719840787351131,0,1.0719840787351131,3,2.447374604642391,14,23,1,0,6.607374615967274,3.55103687569499
GER-Bundesliga,2425,Freiburg,Florent Muslija,3,2024,135,7164,S,9,143,0,0.2235105335712433,0,0.2235105335712433,0,0.6100863814353943,3,3,0,0,1.0303145237267015,0.2607209533452987
GER-Bundesliga,2425,Freiburg,Florian Müller,3,2024,135,5328,GK S,9,749,0,0.0,0,0.0,0,0.0,0,0,0,0,1.2119324207305908,1.2119324207305908
GER-Bundesliga,2425,Freiburg,Jan-Niklas Beste,3,2024,135,11982,S,12,169,0,0.621839139610529,0,0.621839139610529,1,0.6122618466615677,6,3,0,0,1.4469851534813645,0.3958272356539964
GER-Bundesliga,2425,Freiburg,Johan Manzambi,3,2024,135,13102,M S,11,332,2,1.9394828099757435,2,1.9394828099757435,1,0.3676939085125923,11,3,2,0,2.950437899678945,0.7735037058591843
GER-Bundesliga,2425,Freiburg,Jordy Makengo,3,2024,135,12070,D S,19,716,0,0.0,0,0.0,0,0.457215666770935,0,2,1,0,3.645577549934387,3.188361875712872
GER-Bundesliga,2425,Freiburg,Junior Adamu,3,2024,135,12069,F S,25,1579,2,6.322013634257019,2,6.322013634257019,2,2.053700706921518,37,17,5,1,8.28467621654272,0.9772418979555368
GER-Bundesliga,2425,Freiburg,Kiliann Sildillia,3,2024,135,9270,D S,21,780,2,0.7514637820422649,2,0.7514637820422649,0,1.0808508545160294,7,6,2,0,3.192236214876175,2.1987045630812645
GER-Bundesliga,2425,Freiburg,Lucas Höler,3,2024,135,6475,F M S,31,1867,6,11.579248806461692,6,10.821472128853202,4,3.0513127334415917,35,21,3,0,14.530475705862044,2.679054254200309
GER-Bundesliga,2425,Freiburg,Lukas Kübler,3,2024,135,5263,D S,28,1864,5,2.8583033233881,5,2.8583033233881,1,0.7445640284568071,18,11,5,0,4.521047971211374,3.004688539542258
GER-Bundesliga,2425,Freiburg,Matthias Ginter,3,2024,135,315,D S,32,2549,2,4.017321763560176,2,4.017321763560176,1,1.2374000921845436,24,9,5,0,9.75523894559592,6.826677386648953
GER-Bundesliga,2425,Freiburg,Max Rosenfelder,3,2024,135,12626,D S,25,1236,1,0.3297978863120079,1,0.3297978863120079,0,1.4052141569554806,5,6,2,0,5.433676760643721,4.622095491737127
GER-Bundesliga,2425,Freiburg,Maximilian Eggestein,3,2024,135,125,M,33,2877,2,2.7688491884619,2,2.7688491884619,0,1.511209450662136,36,19,4,0,11.366839273832738,8.970980004407465
GER-Bundesliga,2425,Freiburg,Maximilian Philipp,3,2024,135,4247,S,2,13,0,0.0238216817378997,0,0.0238216817378997,0,0.0,1,0,0,0,0.0238216817378997,0.0
GER-Bundesliga,2425,Freiburg,Merlin Röhl,3,2024,135,11331,M S,19,970,0,1.1238267552107573,0,1.1238267552107573,1,1.742141860537231,12,9,2,0,3.592243045568466,1.3427801579236984
GER-Bundesliga,2425,Freiburg,Michael Gregoritsch,3,2024,135,171,F S,20,602,2,1.9820730350911615,2,1.9820730350911615,1,0.2638327647000551,16,4,2,0,3.5150803942233324,1.6075003519654274
GER-Bundesliga,2425,Freiburg,Nicolas Höfler,3,2024,135,4250,M S,20,754,0,0.4089398439973593,0,0.4089398439973593,0,0.0683389194309711,4,3,3,0,3.0780349439010024,2.993869721889496
GER-Bundesliga,2425,Freiburg,Noah Atubolu,3,2024,135,10160,GK,26,2311,0,0.0,0,0.0,0,0.0,0,0,2,0,4.215585736557841,4.215585736557841
GER-Bundesliga,2425,Freiburg,Noah Weißhaupt,3,2024,135,9732,F M S,22,1246,1,2.1425918731838465,1,2.1425918731838465,0,1.9687555506825447,19,18,0,0,4.368012815713882,1.434202004224062
GER-Bundesliga,2425,Freiburg,Patrick Osterhage,3,2024,135,9711,M S,30,2297,1,1.7293015737086537,1,1.7293015737086537,0,2.2099559139460325,21,17,4,1,10.987612433731556,7.910030540078878
GER-Bundesliga,2425,Freiburg,Philipp Lienhart,3,2024,135,2611,D S,32,2780,1,0.9363047620281576,1,0.9363047620281576,0,0.6041158917360008,8,6,5,0,10.226965971291063,9.211888525635004
GER-Bundesliga,2425,Freiburg,Ritsu Doan,3,2024,135,8791,F M S,34,2901,10,8.055666498839855,10,8.055666498839855,7,4.389358818531036,61,27,2,0,19.25091073103249,10.242727846838534
GER-Bundesliga,2425,Freiburg,Roland Sallai,3,2024,135,1277,S,2,37,0,0.175414246506989,0,0.175414246506989,0,0.0436718240380287,3,1,0,0,0.175414246506989,0.0
GER-Bundesliga,2425,Freiburg,Vincenzo Grifo,3,2024,135,5266,F M S,34,2510,8,7.989085482433438,8,5.7157554272562265,11,8.86034712381661,66,65,2,0,14.169706366956234,6.400352879427373
GER-Bundesliga,2425,Hoffenheim,Adam Hlozek,3,2024,120,10774,F M S,27,1890,8,5.854527406394482,8,5.854527406394482,3,2.8081529047340155,59,21,2,0,11.557377450168133,4.727587189525366
GER-Bundesliga,2425,Hoffenheim,Alexander Prass,3,2024,120,12928,D M S,23,1584,0,1.0967911686748266,0,1.0967911686748266,1,3.072040591388941,12,19,1,0,8.999937668442726,5.422119904309511
GER-Bundesliga,2425,Hoffenheim,Andrej Kramaric,3,2024,120,956,F M,32,2800,11,12.799855667166412,8,10.52652560081333,8,4.250613275915384,69,50,4,0,19.27825254201889,5.942930793389678
GER-Bundesliga,2425,Hoffenheim,Anton Stach,3,2024,120,9910,D M S,30,2593,1,2.1430076980032027,1,2.1430076980032027,2,2.560371373780072,35,27,8,0,12.809256525710223,10.120860667899253
GER-Bundesliga,2425,Hoffenheim,Arthur Chaves,3,2024,120,13101,D S,26,2191,1,1.2545673847198486,1,1.2545673847198486,0,0.0871454384177923,11,4,8,0,5.241471809335053,5.125267985276878
GER-Bundesliga,2425,Hoffenheim,Bazoumana Touré,3,2024,120,13427,D F M S,13,614,0,1.831130545586348,0,1.831130545586348,3,1.744708113372326,19,13,1,0,3.966055143624544,0.7440709657967091
GER-Bundesliga,2425,Hoffenheim,David Jurásek,3,2024,120,12372,D M S,14,604,0,0.0926363095641136,0,0.0926363095641136,1,1.2873393669724464,5,7,0,0,2.205351248383522,1.6020534839481115
GER-Bundesliga,2425,Hoffenheim,David Mokwa,3,2024,120,13289,S,2,14,0,0.129287451505661,0,0.129287451505661,0,0.0,2,0,0,0,0.0688088312745094,0.0
GER-Bundesliga,2425,Hoffenheim,Dennis Geiger,3,2024,120,6081,M S,20,711,0,0.1840752027928829,0,0.1840752027928829,0,0.6193569414317608,5,11,4,0,2.4885332137346268,1.987090083770454
GER-Bundesliga,2425,Hoffenheim,Diadie Samassékou,3,2024,120,7868,M S,8,298,0,0.0558178666979074,0,0.0558178666979074,0,0.0,3,0,0,0,0.719230005517602,0.7018279228359461
GER-Bundesliga,2425,Hoffenheim,Erencan Yardimci,3,2024,120,13322,F S,8,310,0,0.8402661681175232,0,0.8402661681175232,0,0.0,5,0,2,0,0.949959859251976,0.2570560574531555
GER-Bundesliga,2425,Hoffenheim,Finn Becker,3,2024,120,10731,M S,13,658,0,0.0908896625041961,0,0.0908896625041961,1,0.2708841096609831,4,8,1,0,1.8835724405944347,1.7200215682387352
GER-Bundesliga,2425,Hoffenheim,Florian Grillitsch,3,2024,120,116,D M,8,616,0,0.1840701391920447,0,0.1840701391920447,0,0.209600661881268,6,5,1,0,2.962419413030148,2.773977260105312
GER-Bundesliga,2425,Hoffenheim,Florian Micheler,3,2024,120,12930,S,1,29,0,0.0,0,0.0,0,0.0,0,0,1,0,0.0,0.0
GER-Bundesliga,2425,Hoffenheim,Gift Orban,3,2024,120,12367,F S,13,679,4,3.277825897559524,4,3.277825897559524,0,0.1476898016408085,11,2,2,0,3.272320808842778,1.0017493981868029
GER-Bundesliga,2425,Hoffenheim,Grischa Prömel,3,2024,120,4340,M,2,177,0,0.0,0,0.0,0,0.0,0,0,0,0,1.2591561898589134,1.2591561898589134
GER-Bundesliga,2425,Hoffenheim,Haris Tabakovic,3,2024,120,13013,F S,22,789,3,4.058871641755104,3,4.058871641755104,1,1.7171009220182896,30,9,0,0,5.23028976470232,0.5999727938324213
GER-Bundesliga,2425,Hoffenheim,Hennes Behrens,3,2024,120,13414,S,1,24,0,0.0,0,0.0,0,0.0,0,0,0,0,0.0613425076007843,0.0613425076007843
GER-Bundesliga,2425,Hoffenheim,Ihlas Bebou,3,2024,120,6271,S,1,7,0,0.0,0,0.0,0,0.0,0,0,0,0,0.0144819505512714,0.0144819505512714
GER-Bundesliga,2425,Hoffenheim,Jacob Bruun Larsen,3,2024,120,5355,F M S,27,767,3,3.3622511457651854,3,3.3622511457651854,2,1.9078765753656624,20,19,1,0,6.563112178817391,1.842541504651308
GER-Bundesliga,2425,Hoffenheim,Kevin Akpoguma,3,2024,120,6327,D S,32,2207,0,0.1071487292647361,0,0.1071487292647361,0,0.5916964765638113,5,8,3,0,5.370522538200021,4.812750459648669
GER-Bundesliga,2425,Hoffenheim,Leo Østigard,3,2024,120,10237,D,11,927,0,0.290042869746685,0,0.290042869746685,0,0.0937779452651739,5,3,0,1,1.5835596472024918,1.5835596472024918
GER-Bundesliga,2425,Hoffenheim,Luca Philipp,3,2024,120,9070,GK,6,540,0,0.0,0,0.0,0,0.0,0,0,0,0,0.1524892058223486,0.1524892058223486
GER-Bundesliga,2425,Hoffenheim,Marius Bülter,3,2024,120,7879,D F M S,25,1772,7,3.648140865378082,7,3.648140865378082,2,3.039690352976322,38,22,4,0,7.931092381477356,2.67352965567261
GER-Bundesliga,2425,Hoffenheim,Max Moerstedt,3,2024,120,12470,F M S,12,445,0,0.850104920566082,0,0.850104920566082,0,0.4129458125680685,12,7,2,0,1.460295056924224,0.4161513280123472
GER-Bundesliga,2425,Hoffenheim,Oliver Baumann,3,2024,120,73,GK,28,2520,0,0.0,0,0.0,0,0.373891819268465,0,3,1,0,4.958701001480222,4.584809148684144
GER-Bundesliga,2425,Hoffenheim,Paul Hennrich,3,2024,120,13284,S,1,10,0,0.0,0,0.0,0,0.0,0,0,0,0,0.0,0.0
GER-Bundesliga,2425,Hoffenheim,Pavel Kaderábek,3,2024,120,74,D M S,24,1568,2,0.7855275487527251,2,0.7855275487527251,0,1.891483798623085,14,21,6,0,5.957333744503558,3.907287089154124
GER-Bundesliga,2425,Hoffenheim,Robin Hranác,3,2024,120,13012,D S,4,225,0,0.0,0,0.0,0,0.0,0,0,0,0,1.2105853706598282,1.2105853706598282
GER-Bundesliga,2425,Hoffenheim,Stanley N'Soki,3,2024,120,6436,D S,22,1314,0,0.3024498168379068,0,0.3024498168379068,0,0.2699040155857801,3,7,3,1,3.134980568662286,3.043854558840394
GER-Bundesliga,2425,Hoffenheim,Tim Drexler,3,2024,120,12469,D S,8,364,0,0.0483945850282907,0,0.0483945850282907,0,0.0186726823449134,2,1,2,0,1.6957852356135843,1.6770501136779783
GER-Bundesliga,2425,Hoffenheim,Tom Bischof,3,2024,120,10289,M S,31,2593,5,2.185795512981713,5,2.185795512981713,2,4.426293452270329,51,49,5,0,11.751291548833253,8.606690591201186
GER-Bundesliga,2425,Hoffenheim,Umut Tohumcu,3,2024,120,10595,M S,12,352,0,0.0699462797492742,0,0.0699462797492742,1,0.9545188024640084,3,3,3,0,1.1375393066555262,0.6534786503762007
GER-Bundesliga,2425,Hoffenheim,Valentin Gendrey,3,2024,120,7742,D M S,22,1414,1,1.3450058652088046,1,1.3450058652088046,1,1.508913578465581,10,17,1,0,5.801661241799593,4.248115473426879
GER-Bundesliga,2425,Holstein Kiel,Alexander Bernhardsson,3,2024,287,12936,F M S,19,1288,7,3.981335630640388,7,3.981335630640388,2,1.6960009150207045,27,15,3,0,7.800582721829414,2.906135031953454
GER-Bundesliga,2425,Holstein Kiel,Andu Kelati,3,2024,287,12938,M S,8,276,1,0.6129183657467365,1,0.6129183657467365,1,0.5438901539891958,6,4,0,1,1.9339057132601736,0.8036305010318756
GER-Bundesliga,2425,Holstein Kiel,Armin Gigovic,3,2024,287,9062,M S,30,1900,5,1.971327550709248,5,1.971327550709248,1,2.4431175496429205,25,15,5,0,8.284323370084167,4.726066544651985
GER-Bundesliga,2425,Holstein Kiel,Benedikt Pichler,3,2024,287,12935,F S,18,751,1,2.162652373313904,1,2.162652373313904,2,1.2777384547516704,20,11,1,0,4.0694943331182,1.8049968853592877
GER-Bundesliga,2425,Holstein Kiel,Carl Johansson,3,2024,287,13014,D S,10,570,0,0.021820617839694,0,0.021820617839694,0,0.5893798796460032,1,6,0,1,1.7405194640159607,1.6604828834533691
GER-Bundesliga,2425,Holstein Kiel,David Zec,3,2024,287,13324,D,17,1462,1,0.5786341531202197,1,0.5786341531202197,0,0.3314972016960382,8,7,4,0,5.395797312259674,5.081696808338165
GER-Bundesliga,2425,Holstein Kiel,Dominik Javorcek,3,2024,287,13074,D M S,13,367,0,0.0117572667077183,0,0.0117572667077183,2,0.8435535877943039,1,4,2,0,1.4395538344979286,0.7678313702344894
GER-Bundesliga,2425,Holstein Kiel,Finn Porath,3,2024,287,2699,D F M S,30,1929,2,2.533776681870222,2,2.533776681870222,2,2.039390686899424,29,22,3,0,6.645405821502209,2.6454396676272154
GER-Bundesliga,2425,Holstein Kiel,Ivan Nekic,3,2024,287,13470,D,1,76,0,0.0,0,0.0,0,0.0,0,0,0,0,0.0,0.0
GER-Bundesliga,2425,Holstein Kiel,Jann-Fiete Arp,3,2024,287,6348,F S,22,608,2,3.480781491845846,1,1.9652281366288664,0,0.9195221839472651,21,11,6,1,3.7546131182461977,1.478485932573676
GER-Bundesliga,2425,Holstein Kiel,John Tolkin,3,2024,287,13352,D M S,10,655,0,0.0259273769333958,0,0.0259273769333958,1,0.6694819126278162,2,10,0,0,3.197853185236454,2.965859323740005
GER-Bundesliga,2425,Holstein Kiel,Lasse Rosenboom,3,2024,287,12939,D M S,25,1696,2,2.527016533538699,2,2.527016533538699,2,1.2265555588528514,11,14,3,0,6.791664517484605,3.046963484026492
GER-Bundesliga,2425,Holstein Kiel,Lewis Holtby,3,2024,287,169,M S,24,1155,0,0.8447289383038878,0,0.8447289383038878,1,2.0110023748129606,7,20,1,1,6.485551903955638,5.228207517415285
GER-Bundesliga,2425,Holstein Kiel,Magnus Knudsen,3,2024,287,10493,M S,31,1860,0,0.8302409574389458,0,0.8302409574389458,1,1.3867995142936709,11,7,6,0,5.43604501336813,3.4258731435984373
GER-Bundesliga,2425,Holstein Kiel,Marco Komenda,3,2024,287,12932,D S,18,1310,0,0.0461564660072326,0,0.0461564660072326,0,0.5511205615475774,3,8,3,0,5.781026259064674,5.20318390801549
GER-Bundesliga,2425,Holstein Kiel,Marko Ivezic,3,2024,287,12933,D S,22,1575,0,0.4393702964298427,0,0.4393702964298427,0,0.259750104509294,8,4,5,0,4.682860068976879,4.594297425821424
GER-Bundesliga,2425,Holstein Kiel,Marvin Schulz,3,2024,287,211,D M S,12,278,0,0.065550822764635,0,0.065550822764635,0,0.3836157452315092,3,3,3,0,1.3431706633418798,1.0028056968003511
GER-Bundesliga,2425,Holstein Kiel,Max Geschwill,3,2024,287,9242,D M S,19,1280,1,1.0482556112110617,1,1.0482556112110617,2,1.0478054778650403,9,11,3,0,2.258733464870602,1.999415363650769
GER-Bundesliga,2425,Holstein Kiel,Nicolai Remberg,3,2024,287,12937,M S,31,2307,0,1.5250691939145329,0,1.5250691939145329,1,0.530756245367229,22,8,10,0,6.245415516197681,5.393634403124452
GER-Bundesliga,2425,Holstein Kiel,Patrick Erras,3,2024,287,7040,D,10,838,1,0.8299225848168135,1,0.8299225848168135,0,0.1344274310395121,8,3,2,0,1.5495971492491665,1.4027598309330642
GER-Bundesliga,2425,Holstein Kiel,Phil Harres,3,2024,287,13075,F S,25,1461,8,6.069004004821181,8,6.069004004821181,1,1.687046148814261,37,10,3,0,8.803555831313133,2.012516127899289
GER-Bundesliga,2425,Holstein Kiel,Shuto Machino,3,2024,287,12934,F M S,31,1901,11,8.25303456094116,9,6.73748121317476,2,2.2886266466230154,49,26,2,0,12.449354909360409,6.3784140115603805
GER-Bundesliga,2425,Holstein Kiel,Steven Skrzybski,3,2024,287,7054,F M S,23,1313,5,3.263728693127632,5,3.263728693127632,3,3.969407096039504,32,21,0,0,9.242973761167375,4.136365515645593
GER-Bundesliga,2425,Holstein Kiel,Thomas Dähne,3,2024,287,12940,GK,9,810,0,0.0,0,0.0,0,0.0,0,0,0,0,2.4861515294760466,2.4861515294760466
GER-Bundesliga,2425,Holstein Kiel,Timo Becker,3,2024,287,8148,D M S,29,2370,0,1.368520430289209,0,1.368520430289209,2,1.3467865586280825,17,6,2,0,6.963066864293069,5.533045881893486
GER-Bundesliga,2425,Holstein Kiel,Timon Weiner,3,2024,287,12931,GK,24,2160,0,0.0,0,0.0,0,0.0,0,0,4,0,2.1240618973970413,2.1240618973970413
GER-Bundesliga,2425,Holstein Kiel,Tymoteusz Puchacz,3,2024,287,9713,D M S,10,396,0,0.0918268337845802,0,0.0918268337845802,1,0.5547137390822172,4,8,0,0,1.2072646357119083,0.9305663034319878
GER-Bundesliga,2425,Mainz 05,Andreas Hanche-Olsen,3,2024,125,11309,D S,22,1260,1,0.8521471414715052,1,0.8521471414715052,1,0.4392244853079319,11,3,2,1,2.497096419334412,1.91892034560442
GER-Bundesliga,2425,Mainz 05,Anthony Caci,3,2024,125,6380,D M,33,2767,1,3.659547857940197,1,3.659547857940197,7,5.763529303483665,32,49,6,0,16.445022966712713,9.478123030625284
GER-Bundesliga,2425,Mainz 05,Armindo Sieb,3,2024,125,9350,F M S,27,721,2,2.6843516025692225,2,2.6843516025692225,2,1.592657197266817,29,9,2,0,5.169475324451923,2.232672449201345
GER-Bundesliga,2425,Mainz 05,Arnaud Nordin,3,2024,125,5684,S,6,61,0,0.0278047807514667,0,0.0278047807514667,0,0.2407453190535307,1,3,0,0,0.323957372456789,0.1898436099290847
GER-Bundesliga,2425,Mainz 05,Aymen Barkok,3,2024,125,5235,S,4,65,0,0.0,0,0.0,0,0.0507688336074352,0,1,0,0,0.0507688336074352,0.0
GER-Bundesliga,2425,Mainz 05,Danny da Costa,3,2024,125,249,D,25,2022,0,0.0709243584424257,0,0.0709243584424257,1,0.7302904175594449,5,10,0,0,5.446860525757074,4.76142206043005
GER-Bundesliga,2425,Mainz 05,Dominik Kohr,3,2024,125,269,D M,28,2321,2,1.8736225431784987,2,1.8736225431784987,0,0.5377052072435617,13,11,11,1,6.41423811390996,5.736911449581385
GER-Bundesliga,2425,Mainz 05,Hong Hyun-Seok,3,2024,125,13016,M S,23,474,0,0.6619288474321365,0,0.6619288474321365,1,1.8213421124964952,5,10,0,0,3.789488296955824,2.136922188103199
GER-Bundesliga,2425,Mainz 05,Jae-Sung Lee,3,2024,125,9783,M S,33,2711,7,6.852779902517796,7,6.852779902517796,6,4.826654347591102,39,34,4,0,15.59731212258339,7.906934417784214
GER-Bundesliga,2425,Mainz 05,Jonathan Burkardt,3,2024,125,7108,F S,29,2144,18,15.531241215765476,16,14.015687860548496,2,3.2260143337771297,72,20,0,0,17.678049380891025,2.2389991842210293
GER-Bundesliga,2425,Mainz 05,Kaishu Sano,3,2024,125,12918,M,34,3051,0,0.9100602194666862,0,0.9100602194666862,0,1.3164740214124322,20,19,3,0,9.061351463198662,7.512129879556596
GER-Bundesliga,2425,Mainz 05,Karim Onisiwo,3,2024,125,2631,M S,6,101,0,0.1030287221074104,0,0.1030287221074104,0,0.3602398335933685,3,1,0,0,0.4862838983535766,0.3959583044052124
GER-Bundesliga,2425,Mainz 05,Lasse Rieß,3,2024,125,10423,GK,2,180,0,0.0,0,0.0,0,0.0,0,0,0,0,0.6256912052631378,0.6256912052631378
GER-Bundesliga,2425,Mainz 05,Maxim Leitsch,3,2024,125,9703,D S,14,643,1,1.1409423695877194,1,1.1409423695877194,0,0.1208632178604602,5,2,2,0,1.433543872088194,0.9806566014885902
GER-Bundesliga,2425,Mainz 05,Moritz Jenz,3,2024,125,9943,D S,19,1605,0,1.7310848580673337,0,1.7310848580673337,0,0.4221104737371206,10,3,4,0,4.568463079631329,3.0671760998666286
GER-Bundesliga,2425,Mainz 05,Nadiem Amiri,3,2024,125,82,M,30,2501,7,5.710457522422075,5,4.194904129952192,5,8.261441332288086,62,62,7,2,16.05507216975093,10.064808908849956
GER-Bundesliga,2425,Mainz 05,Nelson Weiper,3,2024,125,11143,F S,23,685,3,4.852328840643168,3,4.852328840643168,2,2.2069317772984505,23,10,2,0,7.8193249478936195,0.8903338629752398
GER-Bundesliga,2425,Mainz 05,Nikolas Veratschnig,3,2024,125,12919,M S,15,329,0,0.2985580200329423,0,0.2985580200329423,0,0.1871442943811416,7,3,1,0,2.128295427188277,1.699741169810295
GER-Bundesliga,2425,Mainz 05,Paul Nebel,3,2024,125,8846,M S,31,2347,10,6.269156511873007,10,6.269156511873007,4,4.314232256263495,44,35,3,1,17.700350554659963,8.364783497527242
GER-Bundesliga,2425,Mainz 05,Philipp Mwene,3,2024,125,7106,D M,32,2663,1,2.102614933624864,1,2.102614933624864,4,2.5596299320459366,21,22,7,0,11.225126663222907,7.020457083359361
GER-Bundesliga,2425,Mainz 05,Robin Zentner,3,2024,125,449,GK,32,2880,0,0.0116955796256661,0,0.0116955796256661,0,0.1647935397922992,1,3,3,0,3.324330685660243,3.159537145867944
GER-Bundesliga,2425,Mainz 05,Silvan Widmer,3,2024,125,1139,D S,27,456,0,0.6609293781220913,0,0.6609293781220913,1,0.3436503168195486,3,2,3,0,2.9280831664800644,1.9561732914298773
GER-Bundesliga,2425,Mainz 05,Stefan Bell,3,2024,125,40,D S,18,1460,0,0.6750276274979115,0,0.6750276274979115,1,0.9674937445670366,12,5,4,0,4.1671492997556925,2.974885992705822
GER-Bundesliga,2425,RasenBallsport Leipzig,Amadou Haidara,3,2024,136,7501,M S,28,1321,0,1.6384502304717898,0,1.6384502304717898,1,0.928176186978817,18,5,7,0,6.831356715410948,5.516967276111245
GER-Bundesliga,2425,RasenBallsport Leipzig,André Silva,3,2024,136,6170,F S,15,493,2,3.759849816560745,0,1.48651984333992,2,1.1069494001567364,22,8,1,0,3.7941148430109024,1.4417242109775543
GER-Bundesliga,2425,RasenBallsport Leipzig,Antonio Nusa,3,2024,136,12941,D F M S,25,1543,3,1.925663387402892,3,1.925663387402892,3,3.3718086406588554,24,20,0,0,8.197483662515879,4.192342787981033
GER-Bundesliga,2425,RasenBallsport Leipzig,Arthur Vermeeren,3,2024,136,12392,M S,28,1591,0,0.2179020345211029,0,0.2179020345211029,2,0.9440235085785388,4,12,7,0,6.024250455200672,5.125127360224724
GER-Bundesliga,2425,RasenBallsport Leipzig,Assan Ouédraogo,3,2024,136,13191,S,3,41,0,0.0276831053197383,0,0.0276831053197383,0,0.0,1,0,0,0,0.0276831053197383,0.0
GER-Bundesliga,2425,RasenBallsport Leipzig,Benjamin Henrichs,3,2024,136,435,D S,15,933,0,0.4051845697686076,0,0.4051845697686076,2,2.330516051501036,10,11,3,0,3.140897784382105,2.718977116048336
GER-Bundesliga,2425,RasenBallsport Leipzig,Benjamin Sesko,3,2024,136,11974,F M S,33,2436,13,10.84312501270324,11,9.327571731992066,5,2.5418332908302546,68,19,0,1,14.85635886900127,4.552526947110891
GER-Bundesliga,2425,RasenBallsport Leipzig,Bote Baku,3,2024,136,6708,D F M S,34,2468,4,3.031186076812446,4,3.031186076812446,4,2.8024442084133625,35,27,3,0,12.38050562888384,6.962742500938475
GER-Bundesliga,2425,RasenBallsport Leipzig,Castello Lukeba,3,2024,136,9511,D S,23,1574,0,0.6501261983066797,0,0.6501261983066797,0,0.1894181314855814,4,4,3,0,6.741629220545292,6.070797273889184
GER-Bundesliga,2425,RasenBallsport Leipzig,Christoph Baumgartner,3,2024,136,7422,F M S,31,1608,2,5.163317382335663,2,5.163317382335663,1,1.768806456588209,39,20,5,0,7.871452065184712,3.339525116607547
GER-Bundesliga,2425,RasenBallsport Leipzig,David Raum,3,2024,136,9724,D M S,22,1797,1,0.7967910505831242,1,0.7967910505831242,5,6.467654440551996,9,48,4,0,9.72035357542336,5.830390091985464
GER-Bundesliga,2425,RasenBallsport Leipzig,El Chadaille Bitshiabu,3,2024,136,9629,D S,21,1125,0,0.2994107417762279,0,0.2994107417762279,0,0.2835954241454601,5,5,2,1,3.2514192443341017,3.1303545143455267
GER-Bundesliga,2425,RasenBallsport Leipzig,Eljif Elmas,3,2024,136,7912,S,2,37,0,0.0592064037919044,0,0.0592064037919044,0,0.0,1,0,1,0,0.0592064037919044,0.0592064037919044
GER-Bundesliga,2425,RasenBallsport Leipzig,Faik Sakar,3,2024,136,13240,S,1,1,0,0.0,0,0.0,0,0.0,0,0,0,0,0.0,0.0
GER-Bundesliga,2425,RasenBallsport Leipzig,Kevin Kampl,3,2024,136,188,M S,26,1598,1,0.8466038163751364,1,0.8466038163751364,0,1.485494876280427,7,15,5,0,8.709301918745041,8.061680361628532
GER-Bundesliga,2425,RasenBallsport Leipzig,Kosta Nedeljkovic,3,2024,136,12775,D S,10,479,0,0.6430388912558556,0,0.6430388912558556,0,0.2849142178893089,4,3,1,0,1.2428867742419245,0.5224717259407043
GER-Bundesliga,2425,RasenBallsport Leipzig,Loïs Openda,3,2024,136,10832,F M S,33,2489,9,10.03450933098793,9,9.27673265337944,5,3.765269065275788,78,28,3,1,15.741462273523211,4.010902209207416
GER-Bundesliga,2425,RasenBallsport Leipzig,Lukas Klostermann,3,2024,136,5358,D S,28,1832,1,0.4720908403396606,1,0.4720908403396606,0,0.0794194061309099,4,2,5,0,3.890428561717272,3.735141519457102
GER-Bundesliga,2425,RasenBallsport Leipzig,Lutsharel Geertruida,3,2024,136,13064,D S,24,1554,1,1.2319737458601594,1,1.2319737458601594,0,0.5369388461112976,8,8,2,0,5.479023423045874,4.789323031902313
GER-Bundesliga,2425,RasenBallsport Leipzig,Maarten Vandevoordt,3,2024,136,12942,GK S,6,425,0,0.0,0,0.0,0,0.0,0,0,0,0,0.6834543664008379,0.6834543664008379
GER-Bundesliga,2425,RasenBallsport Leipzig,Mohamed Simakan,3,2024,136,7551,D,1,58,0,0.0,0,0.0,0,0.1261313706636428,0,3,0,0,0.0590156428515911,0.0
GER-Bundesliga,2425,RasenBallsport Leipzig,Nicolas Seiwald,3,2024,136,11871,D M S,30,2081,0,0.1574913430958986,0,0.1574913430958986,0,2.60853142477572,5,20,2,0,7.612222496420145,6.73781743645668
GER-Bundesliga,2425,RasenBallsport Leipzig,Péter Gulácsi,3,2024,136,5241,GK,30,2635,0,0.0,0,0.0,0,0.0,0,0,0,0,2.389899790287018,2.389899790287018
GER-Bundesliga,2425,RasenBallsport Leipzig,Tidiam Gomis,3,2024,136,13442,F S,8,135,0,0.3557802066206932,0,0.3557802066206932,1,0.9084494970738888,5,3,2,0,1.8082721084356308,0.6518878042697906
GER-Bundesliga,2425,RasenBallsport Leipzig,Viggo Gebel,3,2024,136,12943,S,1,10,0,0.0,0,0.0,0,0.0,0,0,0,0,0.0595486164093017,0.0595486164093017
GER-Bundesliga,2425,RasenBallsport Leipzig,Willi Orban,3,2024,136,5257,D,25,2228,5,5.23684098944068,5,5.23684098944068,0,1.062859384343028,22,8,4,2,8.339662676677108,6.81000073812902
GER-Bundesliga,2425,RasenBallsport Leipzig,Xaver Schlager,3,2024,136,7783,M S,4,181,0,0.0509397462010383,0,0.0509397462010383,0,0.4579550623893738,1,1,1,0,1.0786748602986336,0.5697800517082214
GER-Bundesliga,2425,RasenBallsport Leipzig,Xavi Simons,3,2024,136,8700,M,25,2171,10,6.223592175170779,10,6.223592175170779,6,6.1870312336832285,50,50,5,0,16.81583746895194,6.952227101661265
GER-Bundesliga,2425,RasenBallsport Leipzig,Yussuf Poulsen,3,2024,136,5250,F M S,22,329,2,2.7897273637354374,2,2.7897273637354374,0,1.045419522561133,14,7,1,0,5.272889630869031,1.4640625081956389
GER-Bundesliga,2425,St. Pauli,Abdoulie Ceesay,3,2024,288,13326,S,7,45,0,0.0,0,0.0,0,0.0162329655140638,0,1,1,0,0.0162329655140638,0.0
GER-Bundesliga,2425,St. Pauli,Adam Dzwigala,3,2024,288,12984,D S,16,350,0,0.5729740587994456,0,0.5729740587994456,0,0.0,6,0,2,1,1.376060789451003,0.9805232640355824
GER-Bundesliga,2425,St. Pauli,Andreas Albers,3,2024,288,13008,S,14,40,1,0.6953884139657021,1,0.6953884139657021,0,0.0627559330314397,3,2,0,0,0.7405319102108479,0.0
GER-Bundesliga,2425,St. Pauli,Ben Voll,3,2024,288,12985,GK S,2,91,0,0.0,0,0.0,0,0.2172373384237289,0,1,1,0,0.2559289634227752,0.0386916100978851
GER-Bundesliga,2425,St. Pauli,Carlo Boukhalfa,3,2024,288,8814,F M S,25,1668,2,2.420892712660134,2,2.420892712660134,0,1.8025974249467251,22,11,1,0,6.430872698314488,4.595581805333495
GER-Bundesliga,2425,St. Pauli,Connor Metcalfe,3,2024,288,12979,F M S,10,340,0,0.8638678248971701,0,0.8638678248971701,0,0.2064672783017158,6,3,0,1,0.9690996948629618,0.0460640834644436
GER-Bundesliga,2425,St. Pauli,Danel Sinani,3,2024,288,12983,F M S,26,1254,2,1.9044134840369225,2,1.9044134840369225,1,3.201399885118008,35,24,3,0,5.472688834182918,3.217567342333496
GER-Bundesliga,2425,St. Pauli,David Nemeth,3,2024,288,10003,D,24,2147,0,0.1715667424723506,0,0.1715667424723506,1,0.1151886824518442,5,3,3,0,5.116796931251884,4.970173241570592
GER-Bundesliga,2425,St. Pauli,Elias Saad,3,2024,288,12980,F M S,18,906,3,2.7371819969266653,3,2.7371819969266653,2,1.1837855270132422,26,14,1,0,4.010569434612989,0.5438273660838604
GER-Bundesliga,2425,St. Pauli,Eric Smith,3,2024,288,12975,D M,32,2829,1,1.7202240666374564,1,1.7202240666374564,1,1.6359744193032384,24,27,7,0,6.848655146546662,6.433330034837127
GER-Bundesliga,2425,St. Pauli,Erik Ahlstrand,3,2024,288,13184,S,5,34,0,0.0,0,0.0,0,0.0,0,0,0,0,0.1699562445282936,0.1699562445282936
GER-Bundesliga,2425,St. Pauli,Finley Stevens,3,2024,288,9916,S,1,1,0,0.0,0,0.0,0,0.0,0,0,0,0,0.082712173461914,0.082712173461914
GER-Bundesliga,2425,St. Pauli,Hauke Wahl,3,2024,288,5344,D,33,2970,0,1.120411867275834,0,1.120411867275834,0,0.5894053112715483,11,9,1,0,5.961080563254654,5.807068501599133
GER-Bundesliga,2425,St. Pauli,Jackson Irvine,3,2024,288,12978,M,29,2610,0,3.682750564068556,0,3.682750564068556,6,4.798954357858747,41,33,2,0,9.905083059333265,4.877807507291436
GER-Bundesliga,2425,St. Pauli,James Sands,3,2024,288,13325,M S,7,451,0,0.0834821388125419,0,0.0834821388125419,0,0.010509910993278,1,1,1,0,1.445773628540337,1.435263717547059
GER-Bundesliga,2425,St. Pauli,Johannes Eggestein,3,2024,288,6084,F S,27,1890,3,5.848114471882582,2,4.332561027258635,4,2.1683141449466348,36,24,3,0,8.224175401031971,2.451903762295842
GER-Bundesliga,2425,St. Pauli,Karol Mets,3,2024,288,12974,D,10,900,0,0.115471813827753,0,0.115471813827753,0,0.0566690303385257,2,3,1,0,1.381996676325798,1.3495077043771744
GER-Bundesliga,2425,St. Pauli,Lars Ritzka,3,2024,288,12977,D M S,21,918,1,0.2573535982519388,1,0.2573535982519388,0,0.2301499405875802,8,5,1,0,1.758440488949418,1.3678814256563785
GER-Bundesliga,2425,St. Pauli,Manolis Saliakas,3,2024,288,12981,D M S,30,2339,2,1.4435952631756663,2,1.4435952631756663,1,2.733168365433812,29,26,4,0,8.117746539413929,5.545812098309398
GER-Bundesliga,2425,St. Pauli,Maurides,3,2024,288,13241,S,1,1,0,0.0,0,0.0,0,0.0,0,0,0,0,0.0,0.0
GER-Bundesliga,2425,St. Pauli,Morgan Guilavogui,3,2024,288,11762,F M S,25,1828,6,8.65836637839675,6,8.65836637839675,2,3.0779383797198534,41,27,6,0,11.957147855311632,3.651807775720954
GER-Bundesliga,2425,St. Pauli,Nikola Vasilj,3,2024,288,12973,GK,33,2970,0,0.0,0,0.0,0,0.0174614619463682,0,1,0,1,2.092847622931004,2.0753861628472805
GER-Bundesliga,2425,St. Pauli,Oladapo Afolayan,3,2024,288,12982,F M S,32,1644,3,3.067957188934088,3,3.067957188934088,1,3.728218238800764,38,22,3,0,8.217836495488882,2.534572133794427
GER-Bundesliga,2425,St. Pauli,Philipp Treu,3,2024,288,12976,D M,33,2894,0,1.0967688458040357,0,1.0967688458040357,2,2.7964528873562813,18,22,2,0,10.973553114570676,8.870090406388044
GER-Bundesliga,2425,St. Pauli,Robert Wagner,3,2024,288,10474,M S,12,398,0,0.1419104039669037,0,0.1419104039669037,0,0.0,2,0,1,0,1.1897150725126266,1.047804668545723
GER-Bundesliga,2425,St. Pauli,Scott Banks,3,2024,288,9737,S,12,85,0,0.4491133857518434,0,0.4491133857518434,0,0.0734525173902511,4,1,1,0,0.8105128612369299,0.3888399507850408
GER-Bundesliga,2425,St. Pauli,Siebe Van der Heyden,3,2024,288,11749,D S,13,881,1,1.2505954056978226,1,1.2505954056978226,0,0.0370820090174675,3,2,2,1,1.7203670255839825,1.7009914629161358
GER-Bundesliga,2425,Union Berlin,Alexander Schwolow,3,2024,240,5262,GK,6,540,0,0.0,0,0.0,0,0.0,0,0,0,0,0.076565034687519,0.076565034687519
GER-Bundesliga,2425,Union Berlin,Aljoscha Kemlein,3,2024,240,11236,M S,15,937,1,1.1507091633975506,1,1.1507091633975506,0,0.8132021389901638,11,10,3,0,3.812397550791502,2.0459428429603577
GER-Bundesliga,2425,Union Berlin,Andras Schafer,3,2024,240,7410,M S,26,1540,1,0.6617573574185371,1,0.6617573574185371,1,1.2446431815624237,12,9,3,0,3.4801805214956403,1.9088122537359595
GER-Bundesliga,2425,Union Berlin,Andrej Ilic,3,2024,240,12421,F S,16,954,7,5.666820885613561,6,4.909044222906232,0,0.3420870099216699,27,6,1,0,4.31884459964931,0.4574203137308359
GER-Bundesliga,2425,Union Berlin,Benedict Hollerbach,3,2024,240,11981,F M S,34,2594,9,9.080473525449634,9,9.080473525449634,1,2.390376001596451,76,28,3,0,12.341620037332175,2.798220462165773
GER-Bundesliga,2425,Union Berlin,Christopher Trimmel,3,2024,240,7875,D M S,26,1753,0,0.2142976783215999,0,0.2142976783215999,3,2.457096786238253,9,35,4,0,2.9533445546403527,2.432303099893033
GER-Bundesliga,2425,Union Berlin,Danilho Doekhi,3,2024,240,10725,D,34,3060,1,3.0633004140108824,1,3.0633004140108824,0,1.9867287343367932,31,12,4,0,5.202799412421882,3.052881366573274
GER-Bundesliga,2425,Union Berlin,David Preu,3,2024,240,13406,M S,5,113,0,0.106883555650711,0,0.106883555650711,0,0.0,2,0,1,0,0.1738826185464859,0.0669990703463554
GER-Bundesliga,2425,Union Berlin,Diogo Leite,3,2024,240,10724,D S,30,2545,1,1.8135780673474076,1,1.8135780673474076,2,1.5577390175312755,18,14,3,0,4.588494240306318,4.142583115957677
GER-Bundesliga,2425,Union Berlin,Frederik Rönnow,3,2024,240,7048,GK,28,2520,0,0.1273142397403717,0,0.1273142397403717,0,0.0,1,0,2,0,1.9204023405909536,1.9204023405909536
GER-Bundesliga,2425,Union Berlin,Ivan Prtajin,3,2024,240,3918,F S,5,151,0,1.1783978072926402,0,1.1783978072926402,0,0.0537815019488334,8,1,0,0,1.2372317984700203,0.057400831952691
GER-Bundesliga,2425,Union Berlin,Janik Haberer,3,2024,240,4271,D M S,28,1723,0,0.579868745058775,0,0.579868745058775,0,0.9658870846033096,15,7,1,0,3.881269328296185,3.2138795107603078
GER-Bundesliga,2425,Union Berlin,Jordan Siebatcheu,3,2024,240,3682,F S,18,905,0,4.464340187609196,0,4.464340187609196,1,0.9026430007070304,23,14,2,0,3.3882756140083075,0.6213688850402832
GER-Bundesliga,2425,Union Berlin,Josip Juranovic,3,2024,240,11333,D S,17,1160,0,0.2710151607170701,0,0.2710151607170701,0,2.334141382947564,7,27,4,0,3.201693071052432,1.6347584621980786
GER-Bundesliga,2425,Union Berlin,Jérôme Roussillon,3,2024,240,3339,D S,7,120,0,0.0786420237272977,0,0.0786420237272977,0,0.0,2,0,0,0,0.1560756862163543,0.1008054614067077
GER-Bundesliga,2425,Union Berlin,Kevin Vogt,3,2024,240,133,D S,18,1381,1,0.75777667760849,0,0.0,0,0.0446771997958421,1,2,6,0,3.764570463448763,3.719893265515566
GER-Bundesliga,2425,Union Berlin,Kevin Volland,3,2024,240,83,S,4,50,0,0.0,0,0.0,0,0.0910099819302558,0,1,1,0,0.1601099446415901,0.0690999627113342
GER-Bundesliga,2425,Union Berlin,Leopold Querfeld,3,2024,240,12920,D S,27,1725,2,1.1735255559906363,2,1.1735255559906363,2,1.2863922994583843,16,10,7,0,2.1833029007539158,1.5961796352639794
GER-Bundesliga,2425,Union Berlin,Lucas Tousart,3,2024,240,3743,M S,15,553,0,0.3679580669850111,0,0.3679580669850111,1,0.7085067741572857,9,3,2,0,1.352454800158739,0.3966208547353744
GER-Bundesliga,2425,Union Berlin,László Bénes,3,2024,240,5258,F M S,23,522,2,1.0959070464596152,2,1.0959070464596152,1,0.986007533967495,19,18,4,0,1.4692914932966232,0.6869005393236876
GER-Bundesliga,2425,Union Berlin,Marin Ljubicic,3,2024,240,13428,F S,13,251,1,0.4213086869567632,1,0.4213086869567632,1,0.5501003861427307,2,2,1,0,1.0941104348748922,0.5515302568674088
GER-Bundesliga,2425,Union Berlin,Rani Khedira,3,2024,240,5251,M S,32,2737,1,1.349864898249507,1,1.349864898249507,1,1.164187591522932,14,12,7,0,5.2213902566581964,3.95057432539761
GER-Bundesliga,2425,Union Berlin,Robert Skov,3,2024,240,7867,D M S,15,866,2,1.7968645300716162,1,1.0390878673642874,2,2.9618297405540943,17,19,1,0,3.0182035099714994,1.3240411318838596
GER-Bundesliga,2425,Union Berlin,Robin Gosens,3,2024,240,6155,D,1,90,0,0.0238371808081865,0,0.0238371808081865,0,0.0,1,0,1,0,0.097538448870182,0.0737012699246406
GER-Bundesliga,2425,Union Berlin,Tim Skarke,3,2024,240,10926,F M S,33,1126,0,1.8874823031947017,0,1.8874823031947017,2,1.4547926597297192,20,16,1,0,4.5260762674734,1.596790213137865
GER-Bundesliga,2425,Union Berlin,Tom Rothe,3,2024,240,10550,D M S,26,1679,3,2.0692028012126684,3,2.0692028012126684,3,1.5009428430348637,22,12,5,1,5.175764583982527,2.6981976814568043
GER-Bundesliga,2425,Union Berlin,Woo-Yeong Jeong,3,2024,240,7267,F M S,23,1308,3,2.6452455278486013,3,2.6452455278486013,2,1.5804441962391138,25,17,2,0,5.976339317858219,2.3333379440009594
GER-Bundesliga,2425,Union Berlin,Yorbe Vertessen,3,2024,240,12424,F M S,17,713,1,1.427236683666706,1,1.427236683666706,0,1.9219457749277356,27,15,2,0,3.096983138471842,1.279122594743967
GER-Bundesliga,2425,VfB Stuttgart,Alexander Nübel,3,2024,133,2639,GK,34,3060,0,0.0,0,0.0,1,0.2302871420979499,0,3,0,0,11.132628194987774,10.902341041713951
GER-Bundesliga,2425,VfB Stuttgart,Ameen Al Dakhil,3,2024,133,11699,D S,7,448,0,0.0534590110182762,0,0.0534590110182762,0,0.1547779478132724,1,2,0,1,1.846856404095888,1.829824537038803
GER-Bundesliga,2425,VfB Stuttgart,Angelo Stiller,3,2024,133,9725,D M S,32,2746,1,2.0366965932771564,1,2.0366965932771564,8,7.884617529809475,20,57,6,0,20.341689500957727,15.394947450608017
GER-Bundesliga,2425,VfB Stuttgart,Anrie Chase,3,2024,133,12407,D S,12,719,0,0.1970731057226658,0,0.1970731057226658,0,0.0516038835048675,5,1,1,0,6.079055428504944,6.04193802177906
GER-Bundesliga,2425,VfB Stuttgart,Anthony Rouault,3,2024,133,10789,D S,18,1223,1,0.3848630059510469,1,0.3848630059510469,0,0.2562181651592254,5,5,1,0,5.836662899702787,5.68607796356082
GER-Bundesliga,2425,VfB Stuttgart,Atakan Karazor,3,2024,133,8878,M S,32,2656,2,2.637512478977442,2,2.637512478977442,4,2.457861628383398,15,15,8,1,15.256661543622611,13.521607171744108
GER-Bundesliga,2425,VfB Stuttgart,Chris Führich,3,2024,133,6449,D M S,33,2010,2,3.4481728821992874,2,3.4481728821992874,3,5.244775582104921,36,33,1,0,16.97763792797923,11.23559838347137
GER-Bundesliga,2425,VfB Stuttgart,Dan-Axel Zagadou,3,2024,133,6103,S,2,22,0,0.0,0,0.0,0,0.0,0,0,1,0,0.0,0.0
GER-Bundesliga,2425,VfB Stuttgart,Deniz Undav,3,2024,133,10804,F M S,27,1733,9,11.975074492394924,9,11.975074492394924,3,4.6570643819868565,75,26,4,0,19.974650152027607,5.010630551725626
GER-Bundesliga,2425,VfB Stuttgart,El Bilal Touré,3,2024,133,8294,F S,12,339,2,1.5996956340968609,2,1.5996956340968609,1,1.221990479156375,14,7,0,0,3.4262010231614117,0.900679936632514
GER-Bundesliga,2425,VfB Stuttgart,Enzo Millot,3,2024,133,8645,M S,29,1863,6,8.739531425759196,6,7.981754807755351,5,2.9312736243009567,44,24,9,0,15.809536406770349,7.308554684743285
GER-Bundesliga,2425,VfB Stuttgart,Ermedin Demirovic,3,2024,133,6496,F S,34,1847,15,17.190185952931643,15,15.674632657319307,1,2.3308997359126806,66,18,2,0,18.022325498983264,3.6710129603743553
GER-Bundesliga,2425,VfB Stuttgart,Fabian Rieder,3,2024,133,12038,M S,21,855,1,1.4751421865075829,1,1.4751421865075829,3,2.142737478017807,20,12,1,0,6.1427635587751865,3.629049882292748
GER-Bundesliga,2425,VfB Stuttgart,Finn Jeltsch,3,2024,133,13426,D S,12,774,0,0.075764107517898,0,0.075764107517898,0,0.1231634365394711,2,2,2,0,3.3299831449985504,3.304995998740196
GER-Bundesliga,2425,VfB Stuttgart,Jamie Leweling,3,2024,133,9718,D M S,27,1710,2,2.331845246255398,2,2.331845246255398,1,4.925153277814388,29,24,4,0,9.747993640601637,4.5908546801656485
GER-Bundesliga,2425,VfB Stuttgart,Jarzinho Malanga,3,2024,133,13217,S,1,1,0,0.0,0,0.0,0,0.0,0,0,0,0,0.0,0.0
GER-Bundesliga,2425,VfB Stuttgart,Joshua Vagnoman,3,2024,133,6626,D M S,26,1828,1,1.6710744313895702,1,1.6710744313895702,1,2.32663943618536,15,22,4,0,9.857273247092962,6.737412739545107
GER-Bundesliga,2425,VfB Stuttgart,Julian Chabot,3,2024,133,7937,D S,31,2285,3,2.8814538531005383,3,2.8814538531005383,1,0.8693449972197413,19,6,9,1,13.541587248444555,13.30634319782257
GER-Bundesliga,2425,VfB Stuttgart,Justin Diehl,3,2024,133,11319,S,6,83,1,0.8649402894079685,1,0.8649402894079685,0,0.119648702442646,7,1,0,0,1.1548970267176628,0.1703079938888549
GER-Bundesliga,2425,VfB Stuttgart,Leonidas Stergiou,3,2024,133,11975,D S,12,866,1,0.8773484081029892,1,0.8773484081029892,2,0.6330368714407086,4,4,0,1,4.860380470752716,3.941569127142429
GER-Bundesliga,2425,VfB Stuttgart,Luca Jaquez,3,2024,133,13425,D S,5,250,0,0.1187925040721893,0,0.1187925040721893,0,0.0,1,0,0,0,3.378763794898987,3.378763794898987
GER-Bundesliga,2425,VfB Stuttgart,Maximilian Mittelstädt,3,2024,133,419,D S,31,2491,1,1.0721671869978309,1,1.0721671869978309,7,5.543677728623152,21,46,5,0,17.572674959897995,15.34994976595044
GER-Bundesliga,2425,VfB Stuttgart,Nick Woltemade,3,2024,133,8117,F M S,28,1604,12,12.919283613562584,10,10.64595346339047,2,5.339851493015885,49,36,3,1,18.696467697620392,5.270718416199088
GER-Bundesliga,2425,VfB Stuttgart,Nikolas Nartey,3,2024,133,6415,S,1,20,0,0.0,0,0.0,0,0.0,0,0,0,0,0.6144895553588867,0.6144895553588867
GER-Bundesliga,2425,VfB Stuttgart,Pascal Stenzel,3,2024,133,326,D S,10,298,0,0.3691052198410034,0,0.3691052198410034,0,0.5108424127101898,8,5,0,0,1.4098423421382904,1.0407370831817389
GER-Bundesliga,2425,VfB Stuttgart,Ramon Hendriks,3,2024,133,12927,D S,25,1108,0,0.3593189045786857,0,0.3593189045786857,1,1.453582584857941,5,6,3,0,4.762099333107472,3.893851261585951
GER-Bundesliga,2425,VfB Stuttgart,Yannik Keitel,3,2024,133,8206,M S,11,251,0,0.6678604111075401,0,0.6678604111075401,0,0.0496810749173164,5,1,1,0,2.485224075615406,2.341953434050083
GER-Bundesliga,2425,Werder Bremen,Amos Pieper,3,2024,123,7320,D S,23,1500,0,0.6369104459881783,0,0.6369104459881783,0,0.3163368552923202,7,4,3,0,3.343800563365221,3.0488044656813145
GER-Bundesliga,2425,Werder Bremen,Anthony Jung,3,2024,123,5217,D S,28,1890,0,0.0232361778616905,0,0.0232361778616905,0,0.1124214623123407,1,2,1,0,6.208588877692819,6.163195053115487
GER-Bundesliga,2425,Werder Bremen,Derrick Köhn,3,2024,123,13093,D M S,27,1341,2,1.037180721759796,2,1.037180721759796,2,1.9997920859605076,13,17,2,0,6.99837414175272,4.82307169213891
GER-Bundesliga,2425,Werder Bremen,Felix Agu,3,2024,123,8804,D S,22,1786,3,2.230589810758829,3,2.230589810758829,0,2.077587559819221,10,20,1,0,8.308103524148464,4.878118548542261
GER-Bundesliga,2425,Werder Bremen,Issa Kabore,3,2024,123,9619,D S,9,300,0,0.4616494923830032,0,0.4616494923830032,1,1.2211057189852,7,7,0,0,1.717530369758606,0.7496853247284889
GER-Bundesliga,2425,Werder Bremen,Jens Stage,3,2024,123,10734,M S,28,2215,10,7.943040877580643,10,7.943040877580643,5,3.238111473619938,44,23,10,0,15.3200044631958,7.953148111701012
GER-Bundesliga,2425,Werder Bremen,Julián Malatini,3,2024,123,12360,D S,10,451,1,0.3170763403177261,1,0.3170763403177261,1,0.2834270484745502,3,2,1,0,1.85516769438982,1.5717406421899796
GER-Bundesliga,2425,Werder Bremen,Justin Njinmah,3,2024,123,10585,F M S,26,927,3,4.510545656085014,3,4.510545656085014,2,1.7561358297243714,31,12,1,0,8.618928104639053,2.53895618673414
GER-Bundesliga,2425,Werder Bremen,Keke Maximilian Topp,3,2024,123,11314,F S,19,211,2,1.0255268886685371,2,1.0255268886685371,2,2.323020476847887,7,10,1,0,3.6001669205725197,0.8607565239071846
GER-Bundesliga,2425,Werder Bremen,Leonardo Bittencourt,3,2024,123,262,M S,27,954,2,1.8689279910176992,2,1.8689279910176992,1,1.6297570504248142,27,14,3,0,5.892129752784967,3.599821927025914
GER-Bundesliga,2425,Werder Bremen,Marco Friedl,3,2024,123,5340,D S,26,2174,0,0.6404807511717081,0,0.6404807511717081,0,0.2139342464506626,4,3,9,2,6.594071260653436,6.437075666151941
GER-Bundesliga,2425,Werder Bremen,Marco Grüll,3,2024,123,12924,F M S,30,1189,6,4.213682193309069,6,4.213682193309069,1,2.065882398746908,25,11,1,0,7.891282428056002,2.1898325979709625
GER-Bundesliga,2425,Werder Bremen,Marvin Ducksch,3,2024,123,4329,F S,32,2477,8,10.446885596960785,7,8.931332174688578,8,10.059994157403708,71,61,3,0,19.355842046439648,4.983372114598751
GER-Bundesliga,2425,Werder Bremen,Michael Zetterer,3,2024,123,126,GK,34,3060,0,0.0,0,0.0,0,0.0,0,0,2,0,4.1273373067379,4.1273373067379
GER-Bundesliga,2425,Werder Bremen,Milos Veljkovic,3,2024,123,2691,D S,14,1029,0,0.9244216084480286,0,0.9244216084480286,1,0.2692924961447716,2,3,1,0,5.5727716609835625,5.356455586850643
GER-Bundesliga,2425,Werder Bremen,Mitchell Weiser,3,2024,123,28,D M,32,2874,5,5.540983958169818,5,5.540983958169818,8,6.046214004978538,43,41,7,1,18.330695912241936,10.379622384905815
GER-Bundesliga,2425,Werder Bremen,Niklas Stark,3,2024,123,418,D S,26,2126,0,1.3413271456956863,0,1.3413271456956863,1,0.1055416613817215,12,1,4,1,4.811165703460574,4.762159641832113
GER-Bundesliga,2425,Werder Bremen,Oliver Burke,3,2024,123,5256,F S,25,872,5,5.17337729409337,5,5.17337729409337,0,1.484443936496973,35,14,4,0,7.6511080376803875,1.8381715761497617
GER-Bundesliga,2425,Werder Bremen,Olivier Deman,3,2024,123,12028,S,9,42,0,0.0,0,0.0,0,0.0,0,0,1,0,0.0,0.0
GER-Bundesliga,2425,Werder Bremen,Romano Schmid,3,2024,123,9069,M,32,2856,5,4.85783976316452,4,4.100063048303127,4,6.564444359391928,48,68,3,0,19.91676950454712,13.533827669918535
GER-Bundesliga,2425,Werder Bremen,Senne Lynen,3,2024,123,11835,M,32,2780,0,0.9697776082903148,0,0.9697776082903148,1,0.5434056557714939,24,8,9,0,10.628164935857058,9.579863369464874
GER-Bundesliga,2425,Werder Bremen,Skelly Alvero,3,2024,123,12013,M S,12,222,0,0.0343166850507259,0,0.0343166850507259,0,0.0,1,0,1,0,0.1748683750629425,0.1748683750629425
GER-Bundesliga,2425,Wolfsburg,Andreas Skov Olsen,3,2024,131,7934,D F M S,12,526,1,0.8644867595285177,1,0.8644867595285177,1,2.5118116699159145,7,18,0,0,3.366842344403267,1.5164300370961428
GER-Bundesliga,2425,Wolfsburg,Aster Vranckx,3,2024,131,9935,M S,14,545,0,0.0,0,0.0,0,0.0863919183611869,0,1,1,0,1.5761092752218246,1.4897173568606377
GER-Bundesliga,2425,Wolfsburg,Bence Dárdai,3,2024,131,12965,M S,21,1333,1,1.1589803658425808,1,1.1589803658425808,1,1.495081041008234,11,11,0,0,3.533677311614156,1.5043751318007708
GER-Bundesliga,2425,Wolfsburg,David Odogu,3,2024,131,11536,D S,3,191,0,0.0695097241550684,0,0.0695097241550684,0,0.0,2,0,0,0,0.4305368587374687,0.4305368587374687
GER-Bundesliga,2425,Wolfsburg,Denis Vavro,3,2024,131,7940,D S,29,2468,2,1.5691240392625332,2,1.5691240392625332,0,0.1929797548800707,25,8,4,0,8.006442196667194,7.743786200881004
GER-Bundesliga,2425,Wolfsburg,Jakub Kaminski,3,2024,131,10732,D M S,22,1105,0,1.105729464441538,0,1.105729464441538,2,3.519135355949402,15,24,2,0,4.910887062549591,2.15205841884017
GER-Bundesliga,2425,Wolfsburg,Joakim Maehle,3,2024,131,9233,D M S,28,2187,3,2.742252243682742,3,2.742252243682742,4,2.2128251316025853,19,20,6,0,7.756310272030532,4.024230643175542
GER-Bundesliga,2425,Wolfsburg,Jonas Wind,3,2024,131,10394,F M S,31,1966,9,6.339151995256543,8,4.8235986810177565,3,4.765156495384872,40,33,2,0,9.863119781017303,4.174212370067835
GER-Bundesliga,2425,Wolfsburg,Kamil Grabara,3,2024,131,12964,GK,29,2589,0,0.0,0,0.0,0,0.0652356334030628,0,2,2,0,2.0407195538282394,1.9754839204251768
GER-Bundesliga,2425,Wolfsburg,Kevin Behrens,3,2024,131,9712,S,18,123,1,2.0381569489836693,1,2.0381569489836693,0,0.1441530250012874,8,2,2,0,2.8833060897886758,0.7598720453679562
GER-Bundesliga,2425,Wolfsburg,Kevin Paredes,3,2024,131,10395,D,2,132,0,0.2548681795597076,0,0.2548681795597076,1,0.0828192085027694,4,2,1,0,0.3376874029636383,0.0
GER-Bundesliga,2425,Wolfsburg,Kilian Fischer,3,2024,131,11031,D S,32,2337,1,0.3048850502818823,1,0.3048850502818823,0,0.5165639873594046,6,12,7,0,5.465556034818292,5.066874543204904
GER-Bundesliga,2425,Wolfsburg,Konstantinos Koulierakis,3,2024,131,13063,D S,30,2478,0,1.091104881837964,0,1.091104881837964,2,1.2700119502842426,22,10,4,0,6.415782926604152,6.07377159036696
GER-Bundesliga,2425,Wolfsburg,Lovro Majer,3,2024,131,9931,M S,9,296,2,1.4159954469650984,1,0.6582187097519636,1,1.4358294662088156,7,8,1,0,2.7713141962885857,1.588914230465889
GER-Bundesliga,2425,Wolfsburg,Lukas Nmecha,3,2024,131,6544,F S,19,427,3,4.476938123814762,3,4.476938123814762,0,0.2152470983564853,20,3,1,0,5.461467794142664,0.806901890784502
GER-Bundesliga,2425,Wolfsburg,Mads Roerslev,3,2024,131,9685,D S,7,281,0,0.0,0,0.0,0,0.0702850744128227,0,1,0,0,0.6111173927783966,0.6111173927783966
GER-Bundesliga,2425,Wolfsburg,Marius Müller,3,2024,131,5285,GK S,6,471,0,0.0,0,0.0,0,0.0,0,0,0,0,0.3266148399561643,0.3266148399561643
GER-Bundesliga,2425,Wolfsburg,Mattias Svanberg,3,2024,131,6974,M S,20,1232,3,4.231742708012462,3,4.231742708012462,1,2.277713842689991,21,15,4,0,7.183938827365637,4.114412795752287
GER-Bundesliga,2425,Wolfsburg,Maximilian Arnold,3,2024,131,153,M S,28,2356,3,1.1958508677780628,3,1.1958508677780628,5,4.061138896271586,27,45,7,1,9.191960662603378,8.58002938516438
GER-Bundesliga,2425,Wolfsburg,Mohammed Amoura,3,2024,131,13062,F M S,31,2512,10,10.863602759316564,8,9.348049404099584,9,4.308450622484088,76,35,6,0,16.025755416601896,5.196772448718548
GER-Bundesliga,2425,Wolfsburg,Patrick Wimmer,3,2024,131,9730,F M S,29,1815,3,4.326380535960197,3,4.326380535960197,4,3.0010927617549896,42,24,5,1,11.253519002348185,6.853250550106168
GER-Bundesliga,2425,Wolfsburg,Sebastiaan Bornauw,3,2024,131,7791,D S,15,779,2,1.7804388739168644,2,1.7804388739168644,1,0.7998678088188171,8,1,2,0,1.1846494562923908,1.10103964433074
GER-Bundesliga,2425,Wolfsburg,Tiago Tomás,3,2024,131,10367,F M S,32,1919,6,5.56389169767499,6,5.56389169767499,1,2.606959294527769,42,19,7,0,9.028159266337752,2.590786171145737
GER-Bundesliga,2425,Wolfsburg,Yannick Gerhardt,3,2024,131,140,D M S,29,1494,1,1.4532910119742155,1,1.4532910119742155,1,0.9091332638636233,14,5,5,1,6.618672305718064,5.830893058329821
ITA-Serie A,2425,AC Milan,Alejandro Jiménez,2,2024,111,12168,D M S,22,1285,0,1.2752824798226357,0,1.2752824798226357,1,1.689367761835456,15,12,6,0,7.944430101662874,5.334013137966394
ITA-Serie A,2425,AC Milan,Alessandro Florenzi,2,2024,111,1254,S,1,4,0,0.0,0,0.0,0,0.0,0,0,0,0,0.0,0.0
ITA-Serie A,2425,AC Milan,Alexis Saelemaekers,2,2024,111,8297,D F M S,23,1510,7,3.0717705376446247,7,3.0717705376446247,3,3.0003358367830515,25,26,4,0,12.420274063013494,8.638530646450818
ITA-Serie A,2425,AC Milan,Bob Omoregbe,2,2024,111,13328,S,1,2,0,0.0,0,0.0,0,0.0,0,0,0,0,0.0,0.0
ITA-Serie A,2425,AC Milan,Christian Pulisic,2,2024,111,2662,F M S,34,2518,11,11.676121918484569,8,8.63092665374279,9,7.215573945082724,57,69,1,0,21.96822089701891,9.794868961907923
ITA-Serie A,2425,AC Milan,Davide Bartesaghi,2,2024,111,11967,D S,4,115,0,0.0303207039833068,0,0.0303207039833068,0,0.1432030163705349,1,2,0,1,0.9094470888376236,0.8431871682405472
ITA-Serie A,2425,AC Milan,Davide Calabria,2,2024,111,1574,D S,18,949,0,0.6295975679531693,0,0.6295975679531693,1,1.406565360724926,6,14,3,0,4.348398424685001,3.165448322892189
ITA-Serie A,2425,AC Milan,Emerson,2,2024,111,7430,D S,17,1392,0,0.3471805658191442,0,0.3471805658191442,0,0.955795057117939,10,15,5,0,5.5557965859770775,4.902985647320747
ITA-Serie A,2425,AC Milan,Fikayo Tomori,2,2024,111,703,D S,22,1590,0,0.1242979001253843,0,0.1242979001253843,1,0.5303027667105198,2,8,2,1,7.266339126974344,6.786335755139589
ITA-Serie A,2425,AC Milan,Filippo Terracciano,2,2024,111,8512,D M S,13,527,0,0.1482792533934116,0,0.1482792533934116,0,0.0855127684772014,3,2,3,0,1.264762431383133,1.1627901270985603
ITA-Serie A,2425,AC Milan,Francesco Camarda,2,2024,111,12218,F S,10,194,0,0.5220109783113003,0,0.5220109783113003,0,0.2813009992241859,8,5,0,0,1.516376305371523,0.8795242458581924
ITA-Serie A,2425,AC Milan,Ismael Bennacer,2,2024,111,6981,M S,6,308,0,0.0465902052819728,0,0.0465902052819728,0,0.1160538140684366,3,4,2,0,1.397074207663536,1.3504839986562729
ITA-Serie A,2425,AC Milan,João Félix,2,2024,111,7892,M S,15,761,2,2.875185754150152,2,2.875185754150152,0,1.5514497235417366,29,10,3,0,6.425452150404453,3.1223751958459616
ITA-Serie A,2425,AC Milan,Kevin Zeroli,2,2024,111,11968,M S,9,404,0,0.4978923872113228,0,0.4978923872113228,1,0.6236989796161652,6,2,0,0,1.3252834109589458,0.2679762719199061
ITA-Serie A,2425,AC Milan,Kyle Walker,2,2024,111,638,D S,11,658,0,0.0353304492309689,0,0.0353304492309689,0,0.7268215194344521,2,6,1,0,4.442914701998234,3.9260381013154975
ITA-Serie A,2425,AC Milan,Luka Jovic,2,2024,111,6228,F S,15,549,2,2.270533040165901,2,2.270533040165901,0,1.1450764555484056,11,12,1,0,3.655979346483946,1.315719859674573
ITA-Serie A,2425,AC Milan,Malick Thiaw,2,2024,111,8378,D S,22,1800,0,0.4467847943305969,0,0.4467847943305969,0,0.169118070974946,7,4,2,0,9.644850574433804,9.563174664974213
ITA-Serie A,2425,AC Milan,Marco Sportiello,2,2024,111,1501,GK S,2,124,0,0.0,0,0.0,0,0.0,0,0,0,0,1.021978735923767,1.021978735923767
ITA-Serie A,2425,AC Milan,Matteo Gabbia,2,2024,111,4920,D S,26,2159,2,1.5626689977943895,2,1.5626689977943895,0,0.1732339262962341,14,2,4,0,10.157022289931774,10.14400365203619
ITA-Serie A,2425,AC Milan,Mattia Liberali,2,2024,111,13151,M,1,63,0,0.0684014484286308,0,0.0684014484286308,0,0.0760993361473083,2,1,0,0,0.3106605112552643,0.1809192299842834
ITA-Serie A,2425,AC Milan,Mike Maignan,2,2024,111,3737,GK,37,3296,0,0.0,0,0.0,0,0.5241070203483105,0,5,1,0,8.307053437456489,7.820246497169137
ITA-Serie A,2425,AC Milan,Noah Okafor,2,2024,111,11966,F M S,15,435,1,2.230065990239382,1,2.230065990239382,0,0.7641346864402294,13,7,0,0,3.62198705971241,0.64883628860116
ITA-Serie A,2425,AC Milan,Rafael Leão,2,2024,111,7193,F M S,34,2329,8,8.671459373086691,8,8.671459373086691,8,7.545301603153348,67,58,5,0,19.97986435238272,9.706410181708634
ITA-Serie A,2425,AC Milan,Riccardo Sottil,2,2024,111,6672,M S,24,932,1,1.176107570528984,1,1.176107570528984,1,1.387419410049915,24,15,1,0,4.663248609751463,2.823948331177234
ITA-Serie A,2425,AC Milan,Ruben Loftus-Cheek,2,2024,111,688,M S,19,1022,0,0.7318667685613036,0,0.7318667685613036,0,1.7056302540004251,9,16,3,0,5.9890375174582005,4.160362552851439
ITA-Serie A,2425,AC Milan,Samuel Chukwueze,2,2024,111,7208,F M S,26,910,3,2.7906703650951385,3,2.7906703650951385,2,3.146787761710584,32,27,0,0,6.90047693438828,2.527507521212101
ITA-Serie A,2425,AC Milan,Santiago Giménez,2,2024,111,13453,F S,14,665,5,4.460054490715265,5,3.6987556889653206,2,1.6851547174155712,23,6,3,1,5.886839214712381,1.0301849097013474
ITA-Serie A,2425,AC Milan,Strahinja Pavlovic,2,2024,111,8642,D S,24,1866,2,2.1691710744053125,2,2.1691710744053125,1,1.2954732533544302,17,6,3,1,8.996752217411995,7.717672035098076
ITA-Serie A,2425,AC Milan,Tammy Abraham,2,2024,111,702,F S,29,1174,3,7.742781264707446,2,6.220183564350009,4,2.491778311319649,28,15,1,0,9.899299249053,2.1633672695606947
ITA-Serie A,2425,AC Milan,Theo Hernández,2,2024,111,2547,D S,33,2698,4,3.1725775552913547,4,2.411278731189668,3,5.343857791274786,44,48,4,1,16.70346779935062,14.54358809813857
ITA-Serie A,2425,AC Milan,Tijjani Reijnders,2,2024,111,11965,M S,37,3136,10,8.066354492679238,10,8.066354492679238,4,4.986120350658894,77,46,2,1,25.90405914932489,16.791109887883067
ITA-Serie A,2425,AC Milan,Warren Bondo,2,2024,111,10898,M S,24,1797,0,0.4223553575575351,0,0.4223553575575351,0,0.3216595239937305,14,6,4,1,6.933657519519329,6.372226420789957
ITA-Serie A,2425,AC Milan,Youssouf Fofana,2,2024,111,6945,M S,35,2516,1,1.1362495608627796,1,1.1362495608627796,6,3.525792809203267,36,24,5,0,14.933577582240105,11.940524335950611
ITA-Serie A,2425,AC Milan,Yunus Musah,2,2024,111,8771,D F M S,29,1561,0,2.601052531041205,0,2.601052531041205,2,2.041550690308213,22,23,5,0,9.60949918627739,7.54957664385438
ITA-Serie A,2425,AC Milan,Álvaro Morata,2,2024,111,1804,F M S,16,1110,5,4.817088529467583,5,4.817088529467583,0,0.9593266900628804,27,7,5,0,7.887570891529322,3.076422202400863
ITA-Serie A,2425,Atalanta,Ademola Lookman,2,2024,107,5556,F M S,31,2295,15,13.808704778552055,14,13.047405943274498,5,8.88729977607727,82,60,4,0,24.82031987607479,8.259659683331847
ITA-Serie A,2425,Atalanta,Alberto Manzoni,2,2024,107,12252,S,1,1,0,0.0327237732708454,0,0.0327237732708454,0,0.0,1,0,0,0,0.0327237732708454,0.0
ITA-Serie A,2425,Atalanta,Ben Godfrey,2,2024,107,7689,S,1,21,0,0.0,0,0.0,0,0.0,0,0,0,0,0.0,0.0
ITA-Serie A,2425,Atalanta,Berat Gjimshiti,2,2024,107,1927,D S,34,2653,1,3.073660319671035,1,3.073660319671035,2,1.7291569849476218,20,11,6,0,11.93463903106749,10.687764661386607
ITA-Serie A,2425,Atalanta,Charles De Ketelaere,2,2024,107,10877,F M S,36,2092,7,9.455427888780832,7,9.455427888780832,7,6.690482780337334,48,39,1,0,21.813689198344942,11.468675585463645
ITA-Serie A,2425,Atalanta,Daniel Maldini,2,2024,107,8163,F M S,30,1574,6,6.705157367512584,6,6.705157367512584,0,1.6986502315849066,49,16,5,0,9.631431639194489,2.1939726937562227
ITA-Serie A,2425,Atalanta,Davide Zappacosta,2,2024,107,1178,D M S,30,2102,4,3.0307677779346704,4,3.0307677779346704,2,2.927798919379711,39,23,3,0,11.398830203339458,7.707523886114359
ITA-Serie A,2425,Atalanta,Federico Cassa,2,2024,107,12889,S,2,7,0,0.0,0,0.0,0,0.0,0,0,0,0,0.0,0.0
ITA-Serie A,2425,Atalanta,Gianluca Scamacca,2,2024,107,6253,S,1,2,0,0.1265710592269897,0,0.1265710592269897,0,0.0,1,0,0,0,0.1265710592269897,0.0
ITA-Serie A,2425,Atalanta,Giorgio Scalvini,2,2024,107,9107,D S,6,284,0,0.0859476793557405,0,0.0859476793557405,0,0.0,4,0,2,0,0.0639345087110996,0.0223530810326337
ITA-Serie A,2425,Atalanta,Isak Hien,2,2024,107,11053,D S,30,2336,0,0.953118370845914,0,0.953118370845914,0,0.0765873752534389,8,2,10,0,11.485736094415188,11.40914871543646
ITA-Serie A,2425,Atalanta,Juan Cuadrado,2,2024,107,1089,D F M S,23,800,0,1.4727812930941582,0,1.4727812930941582,2,2.286779422312975,16,19,3,0,5.509815413504839,3.117791526019573
ITA-Serie A,2425,Atalanta,Juan Musso,2,2024,107,7095,GK,1,90,0,0.0,0,0.0,0,0.0,0,0,0,0,0.0,0.0
ITA-Serie A,2425,Atalanta,Lazar Samardzic,2,2024,107,8341,M S,31,1119,2,1.92628039047122,2,1.92628039047122,1,3.317144453525543,33,35,3,0,8.127213651314378,4.740726798772812
ITA-Serie A,2425,Atalanta,Marco Brescianini,2,2024,107,7284,M S,29,959,4,4.397535916417837,4,4.397535916417837,2,1.2350470423698423,20,7,1,0,7.267041644081473,2.323193995282054
ITA-Serie A,2425,Atalanta,Marco Carnesecchi,2,2024,107,8871,GK,34,3060,0,0.0,0,0.0,0,0.3005107939243316,0,1,1,0,6.58033574745059,6.279824946075678
ITA-Serie A,2425,Atalanta,Marco Palestra,2,2024,107,11551,D S,9,213,0,0.0,0,0.0,0,0.2432294562458992,0,3,0,0,1.3319834247231483,1.0887539610266683
ITA-Serie A,2425,Atalanta,Mario Pasalic,2,2024,107,1134,M S,34,1973,3,7.044077763333917,3,6.282778928056359,4,3.9745980985462666,46,32,1,0,19.13353493064642,11.964951280504463
ITA-Serie A,2425,Atalanta,Marten de Roon,2,2024,107,1710,D M S,36,3060,4,1.263384023681283,4,1.263384023681283,4,2.7508939653635025,14,25,5,0,20.36193405464292,18.280003871768717
ITA-Serie A,2425,Atalanta,Mateo Retegui,2,2024,107,11898,F S,36,2435,25,23.05881144106388,21,19.252317164093256,8,5.460668161511421,104,38,3,0,26.73618371039629,7.063065273687244
ITA-Serie A,2425,Atalanta,Matteo Ruggeri,2,2024,107,8872,D M S,30,1739,0,0.4958635475486517,0,0.4958635475486517,3,2.565743682906032,3,24,2,0,10.165499176830052,9.297339864075184
ITA-Serie A,2425,Atalanta,Mitchel Bakker,2,2024,107,8310,S,1,20,0,0.0,0,0.0,0,0.0,0,0,0,0,0.0,0.0
ITA-Serie A,2425,Atalanta,Nicolo Zaniolo,2,2024,107,6686,F M S,23,665,2,1.9149079006165264,2,1.9149079006165264,2,1.2455867566168308,20,12,6,0,4.722219057381153,1.9833912942558527
ITA-Serie A,2425,Atalanta,Odilon Kossounou,2,2024,107,9714,D S,18,1126,0,1.0900323893874884,0,1.0900323893874884,0,0.0669493824243545,6,1,1,0,5.160535207018256,4.8585813865065575
ITA-Serie A,2425,Atalanta,Rafael Toloi,2,2024,107,1484,D S,11,448,0,0.0903102029114961,0,0.0903102029114961,0,0.2550573423504829,3,3,1,0,3.726253092288971,3.514479838311672
ITA-Serie A,2425,Atalanta,Raoul Bellanova,2,2024,107,6412,D M S,35,2505,0,2.013998356647789,0,2.013998356647789,9,6.1611766256392,19,35,3,0,14.86794231645763,9.299048135057092
ITA-Serie A,2425,Atalanta,Rui Patrício,2,2024,107,6849,GK,3,270,0,0.0,0,0.0,0,0.0,0,0,0,0,0.5274441204965115,0.5274441204965115
ITA-Serie A,2425,Atalanta,Sead Kolasinac,2,2024,107,342,D,23,1917,0,0.8305487222969532,0,0.8305487222969532,2,2.8309976141899824,10,17,7,0,11.083419598639011,9.720477867871525
ITA-Serie A,2425,Atalanta,Stefan Posch,2,2024,107,5329,D S,19,1087,0,0.6908558821305633,0,0.6908558821305633,0,0.7738735899329185,5,10,1,0,4.537061788141728,3.7357107251882553
ITA-Serie A,2425,Atalanta,Sulemana,2,2024,107,10985,M S,9,282,2,0.580807913094759,2,0.580807913094759,0,0.0257358904927968,5,1,1,0,0.8711340129375458,0.6467559784650803
ITA-Serie A,2425,Atalanta,Vanja Vlahovic,2,2024,107,13009,S,3,56,0,0.0756982043385505,0,0.0756982043385505,0,0.1344557404518127,1,2,0,0,0.2101539373397827,0.0
ITA-Serie A,2425,Atalanta,Éderson,2,2024,107,10404,M S,37,2898,4,4.337195685133338,4,4.337195685133338,1,5.689773496240377,39,37,3,1,22.29255823791027,16.017200173810124
ITA-Serie A,2425,Bologna,Benjamín Domínguez,2,2024,97,13061,F M S,24,1309,3,2.4306969847530127,3,2.4306969847530127,2,0.7319683395326138,30,10,0,0,6.142895981669426,3.652416937053204
ITA-Serie A,2425,Bologna,Charalampos Lykogiannis,2,2024,97,6517,D S,17,1056,0,0.2580707278102636,0,0.2580707278102636,4,2.01151954382658,6,19,3,0,2.597348084673285,1.813718343153596
ITA-Serie A,2425,Bologna,Dan Ndoye,2,2024,97,8662,F M S,30,2166,8,8.556749558076262,6,7.034151768311858,4,4.083700603805482,52,28,4,0,13.290657203644514,3.763250576332212
ITA-Serie A,2425,Bologna,Emil Holm,2,2024,97,10956,D S,21,1129,1,0.7301032273098826,1,0.7301032273098826,1,1.009086690843105,10,10,3,0,3.90553546603769,2.899813083000481
ITA-Serie A,2425,Bologna,Estanis Pedrola,2,2024,97,10222,S,1,8,0,0.1183046326041221,0,0.1183046326041221,0,0.1421719491481781,2,2,0,0,0.2604765892028808,0.0
ITA-Serie A,2425,Bologna,Federico Ravaglia,2,2024,97,1544,GK S,12,1056,0,0.0,0,0.0,0,0.044319562613964,0,1,0,0,1.1570559367537498,1.1127363666892052
ITA-Serie A,2425,Bologna,Giovanni Fabbian,2,2024,97,11964,M S,30,992,3,2.881918359547853,3,2.881918359547853,1,1.5135211404412985,21,10,2,0,3.6327195819467306,1.3713714592158794
ITA-Serie A,2425,Bologna,Jens Odgaard,2,2024,97,7005,F M S,29,1987,6,5.312568726018071,6,5.312568726018071,1,2.575037257745862,49,17,1,0,10.966926940716805,3.653994394466281
ITA-Serie A,2425,Bologna,Jesper Karlsson,2,2024,97,12006,F M S,20,802,2,2.348971612751484,1,1.587672770023346,0,0.8065090542659163,16,12,3,0,2.584194025024772,1.008876221254468
ITA-Serie A,2425,Bologna,Jhon Lucumí,2,2024,97,11038,D S,32,2626,0,0.7916854955255985,0,0.7916854955255985,1,0.5481209829449654,12,9,8,1,8.904810205101967,8.749637074768543
ITA-Serie A,2425,Bologna,Juan Miranda,2,2024,97,7286,D S,31,2271,0,0.7252577831968665,0,0.7252577831968665,6,6.941843368113041,22,57,4,1,12.564794145524502,10.431560006923974
ITA-Serie A,2425,Bologna,Kacper Urbanski,2,2024,97,9503,M S,15,737,1,0.6933421511203051,1,0.6933421511203051,0,0.8474208787083626,9,13,3,0,2.1637091329321265,0.8631252218037844
ITA-Serie A,2425,Bologna,Lewis Ferguson,2,2024,97,11039,M S,16,974,1,0.948494052514434,0,0.1871952172368765,1,1.5487658977508545,6,14,0,0,5.328851531259716,3.822157620452344
ITA-Serie A,2425,Bologna,Lorenzo De Silvestri,2,2024,97,1193,D S,18,1074,1,1.0870488844811916,1,1.0870488844811916,0,0.3082828223705292,9,5,1,0,3.170561768114567,2.871158439666033
ITA-Serie A,2425,Bologna,Lukasz Skorupski,2,2024,97,1305,GK,27,2364,0,0.0,0,0.0,0,0.0,0,0,1,0,2.8055365150794387,2.8055365150794387
ITA-Serie A,2425,Bologna,Martin Erlic,2,2024,97,2053,D S,8,326,0,0.2383443117141723,0,0.2383443117141723,0,0.0,6,0,0,0,0.1023738905787468,0.0908693708479404
ITA-Serie A,2425,Bologna,Michel Aebischer,2,2024,97,10383,M S,14,729,0,0.4345237482339144,0,0.4345237482339144,0,0.3845790233463049,10,8,2,0,1.69877275172621,1.2707355553284287
ITA-Serie A,2425,Bologna,Nicolò Cambiaghi,2,2024,97,7576,F M S,18,581,1,0.7282730583101511,1,0.7282730583101511,3,2.0716569516807795,14,10,0,0,4.488316844217479,2.113939735107124
ITA-Serie A,2425,Bologna,Nicolò Casale,2,2024,97,8829,D S,17,1036,0,0.2745541278272867,0,0.2745541278272867,1,0.4303916692733764,5,3,1,0,2.387233568355441,2.031178129836917
ITA-Serie A,2425,Bologna,Nikola Moro,2,2024,97,8626,M S,22,1223,0,0.4687464339658618,0,0.4687464339658618,2,1.3277965327724814,14,20,1,0,4.535771451890469,3.809156246483326
ITA-Serie A,2425,Bologna,Oussama El Azzouzi,2,2024,97,11962,S,2,11,0,0.0,0,0.0,0,0.0,0,0,0,0,0.0556897111237049,0.0556897111237049
ITA-Serie A,2425,Bologna,Remo Freuler,2,2024,97,1488,M,37,3230,1,1.4950652588158846,1,1.4950652588158846,2,1.9593567317351697,17,36,6,0,11.353501968085766,8.221530951559544
ITA-Serie A,2425,Bologna,Riccardo Orsolini,2,2024,97,6160,F M S,30,1914,15,10.357791488990188,12,8.073895009234548,4,4.652595203369856,75,30,2,0,13.579532280564308,3.471814767457545
ITA-Serie A,2425,Bologna,Sam Beukema,2,2024,97,11961,D S,35,3010,0,1.6605565324425695,0,1.6605565324425695,1,1.1881455723196268,15,10,1,0,9.021669746376574,8.621597194112837
ITA-Serie A,2425,Bologna,Samuel Iling-Junior,2,2024,97,10616,S,7,98,1,0.1766015514731407,1,0.1766015514731407,0,0.0679608359932899,4,1,0,0,0.4406674802303314,0.2640659213066101
ITA-Serie A,2425,Bologna,Santiago Castro,2,2024,97,12528,F S,36,2313,8,8.536016429774463,8,7.774717587046325,4,3.1317079812288284,63,29,7,0,12.768449267372487,4.18105199560523
ITA-Serie A,2425,Bologna,Thijs Dallinga,2,2024,97,10794,F S,31,1124,3,5.5362889394164085,3,5.5362889394164085,2,0.5392365166917443,31,12,1,0,6.434516295790672,0.6634038519114256
ITA-Serie A,2425,Bologna,Tommaso Pobega,2,2024,97,8912,M S,21,1180,2,2.5043334010988474,2,2.5043334010988474,2,1.3730711620301008,24,11,4,2,5.308426357805729,3.1972428830340505
ITA-Serie A,2425,Cagliari,Adam Obert,2,2024,116,10073,D M S,21,1072,1,1.016501558944583,1,1.016501558944583,1,0.4556614402681589,9,10,4,0,3.512360665947199,2.2209675293415785
ITA-Serie A,2425,Cagliari,Alen Sherri,2,2024,116,12867,GK,7,627,0,0.0,0,0.0,0,0.0228375680744647,0,1,0,0,0.1196601148694753,0.1196601148694753
ITA-Serie A,2425,Cagliari,Alessandro Deiola,2,2024,116,1634,M S,29,1439,2,1.4592230711132288,2,1.4592230711132288,1,0.776571724563837,18,6,6,0,4.446037642657757,2.7486743927001958
ITA-Serie A,2425,Cagliari,Antoine Makoumbou,2,2024,116,11957,M S,33,2189,0,0.1962309386581182,0,0.1962309386581182,3,0.903908770531416,7,8,2,1,8.027866251766682,7.405774045735598
ITA-Serie A,2425,Cagliari,Elia Caprile,2,2024,116,7087,GK S,22,1945,0,0.0,0,0.0,0,0.0,0,0,0,0,1.3403159100562334,1.3403159100562334
ITA-Serie A,2425,Cagliari,Florinel Coman,2,2024,116,13444,M S,9,253,1,0.1312998887151479,1,0.1312998887151479,0,0.0133624384179711,4,1,2,0,0.4400611231103539,0.3507751170545816
ITA-Serie A,2425,Cagliari,Gabriele Zappa,2,2024,116,8857,D S,37,3070,2,0.7887675790116191,2,0.7887675790116191,0,4.328659053891897,11,28,4,0,8.3868967005983,5.076139492914081
ITA-Serie A,2425,Cagliari,Gianluca Gaetano,2,2024,116,7507,M S,28,976,2,4.630177354440093,2,4.630177354440093,4,2.379545057192445,30,22,0,0,7.970997171476483,2.2628479339182377
ITA-Serie A,2425,Cagliari,Gianluca Lapadula,2,2024,116,1136,F S,12,281,0,1.5435456782579422,0,1.5435456782579422,0,0.0630264393985271,15,3,1,0,1.7620294522494078,0.4839400500059128
ITA-Serie A,2425,Cagliari,Giuseppe Ciocci,2,2024,116,8185,S,1,3,0,0.0,0,0.0,0,0.0,0,0,0,0,0.0,0.0
ITA-Serie A,2425,Cagliari,José Luis Palomino,2,2024,116,4733,D S,18,1067,1,0.2968503274023533,1,0.2968503274023533,0,0.0592363402247428,2,1,3,0,2.4993635714054108,2.4401272237300877
ITA-Serie A,2425,Cagliari,Kingstone Mutandwa,2,2024,116,12334,S,6,102,0,0.2073217704892158,0,0.2073217704892158,0,0.0,4,0,0,0,1.0372788980603218,0.8299571257084608
ITA-Serie A,2425,Cagliari,Leonardo Pavoletti,2,2024,116,1104,F S,26,377,2,2.766921676695347,2,2.766921676695347,0,1.3929061777889729,18,9,5,0,5.622105723246932,1.962111784145236
ITA-Serie A,2425,Cagliari,Mateusz Wieteska,2,2024,116,10781,D S,5,170,0,0.3743296265602112,0,0.3743296265602112,0,0.1158414855599403,1,1,1,0,0.2021644469350576,0.0863229613751173
ITA-Serie A,2425,Cagliari,Matteo Prati,2,2024,116,11959,M S,12,579,0,0.0736525598913431,0,0.0736525598913431,0,0.5021635591983795,4,6,1,0,1.219874769449234,0.9838402755558492
ITA-Serie A,2425,Cagliari,Mattia Felici,2,2024,116,12868,M S,20,908,0,1.0934456456452608,0,1.0934456456452608,3,1.2246886799111962,10,10,1,0,3.3920855671167374,2.592358149588108
ITA-Serie A,2425,Cagliari,Nadir Zortea,2,2024,116,9866,D M S,35,2749,6,2.9334294591099024,6,2.9334294591099024,2,3.842565463855863,32,29,2,0,11.5493196696043,5.947565328329802
ITA-Serie A,2425,Cagliari,Ndary Adopo,2,2024,116,6706,M S,35,2416,1,1.1319589167833328,1,1.1319589167833328,1,2.4681363748386502,20,19,3,1,9.339320386759937,6.932965071871877
ITA-Serie A,2425,Cagliari,Nicola Pintus,2,2024,116,13562,S,1,1,0,0.0,0,0.0,0,0.0,0,0,0,0,0.0,0.0
ITA-Serie A,2425,Cagliari,Nicolas Viola,2,2024,116,6196,F M S,27,1293,3,3.0422234144061804,3,3.0422234144061804,1,3.0116874668747187,31,29,2,0,5.7125649359077215,2.6841415483504534
ITA-Serie A,2425,Cagliari,Paulo Azzi,2,2024,116,11956,D S,6,437,0,0.6600406542420387,0,0.6600406542420387,0,0.800193764269352,8,5,2,0,2.4045355208218098,1.7738776132464409
ITA-Serie A,2425,Cagliari,Razvan Marin,2,2024,116,8856,M S,33,1374,3,2.198327684774995,1,0.6757300570607185,2,3.3134645614773035,24,33,4,0,7.719012740068138,5.908012542873621
ITA-Serie A,2425,Cagliari,Roberto Piccoli,2,2024,116,7375,F,37,3180,10,17.91569169005379,9,17.154392854776233,1,1.1450618766248226,97,11,6,0,18.1155537343584,2.081625021062792
ITA-Serie A,2425,Cagliari,Sebastiano Luperto,2,2024,116,1639,D,36,3240,1,2.471910698339343,1,2.471910698339343,3,0.995182365179062,21,7,4,0,6.183798227459192,5.459973908960819
ITA-Serie A,2425,Cagliari,Simone Scuffet,2,2024,116,1158,GK,14,1260,0,0.0,0,0.0,0,0.0,0,0,0,0,0.5037520937621593,0.5037520937621593
ITA-Serie A,2425,Cagliari,Tommaso Augello,2,2024,116,7938,D M S,38,2724,0,0.2021524487063288,0,0.2021524487063288,7,5.069064102135599,8,40,3,0,10.314077788963914,7.162536110728979
ITA-Serie A,2425,Cagliari,Yerry Mina,2,2024,116,6521,D,31,2590,1,2.4685893896967173,1,2.4685893896967173,0,0.5654018130153418,26,4,4,1,4.85687483754009,3.831982440315187
ITA-Serie A,2425,Cagliari,Zito,2,2024,116,10380,F M S,26,1634,2,1.856324827298522,2,1.856324827298522,2,3.802188882604242,23,17,2,0,7.253765940666199,2.3899503760039806
ITA-Serie A,2425,Como,Alberto Cerri,2,2024,286,4906,S,5,74,0,1.4675566963851452,0,1.4675566963851452,0,0.0,4,0,0,0,1.5237245075404644,0.0561678260564804
ITA-Serie A,2425,Como,Alberto Dossena,2,2024,286,11955,D S,23,1834,0,0.6554462192580104,0,0.6554462192580104,2,1.222608104348183,12,5,1,1,3.436672180891037,3.3512209616601467
ITA-Serie A,2425,Como,Alberto Moreno,2,2024,286,608,D M S,24,1740,0,0.3882313752546906,0,0.3882313752546906,0,1.6175133232027292,14,19,4,0,5.581042844802141,4.772035701200366
ITA-Serie A,2425,Como,Alessandro Gabrielloni,2,2024,286,12909,S,15,109,1,0.2875324171036482,1,0.2875324171036482,1,0.6300930082798004,5,4,1,0,0.7825651317834854,0.0117887826636433
ITA-Serie A,2425,Como,Alessio Iovine,2,2024,286,12996,D S,10,373,0,0.0153612773865461,0,0.0153612773865461,0,0.197709696367383,1,3,2,0,0.7458569463342428,0.6428565289825201
ITA-Serie A,2425,Como,Ali Jasim,2,2024,286,12998,S,2,8,0,0.0,0,0.0,0,0.0,0,0,0,0,0.0,0.0
ITA-Serie A,2425,Como,Alieu Fadera,2,2024,286,12997,D M S,28,1652,1,1.79731765948236,1,1.79731765948236,3,3.3553921189159155,28,23,2,1,9.128523889929056,4.841113898903132
ITA-Serie A,2425,Como,Andrea Belotti,2,2024,286,1186,F S,18,584,2,2.582710526883602,2,2.582710526883602,0,0.5775738749653101,19,7,1,0,2.759082268923521,0.0870181517675519
ITA-Serie A,2425,Como,Assane Diao,2,2024,286,12081,F M S,15,1268,8,3.5162678882479668,8,3.5162678882479668,1,0.7812048885971308,28,8,2,0,7.248157672584057,3.6590865924954414
ITA-Serie A,2425,Como,Ben Kone,2,2024,286,6443,S,4,43,0,0.0117887826636433,0,0.0117887826636433,0,0.0,1,0,1,0,0.0908796191215515,0.0908796191215515
ITA-Serie A,2425,Como,Daniele Baselli,2,2024,286,1182,M S,2,22,0,0.0,0,0.0,0,0.0,0,0,0,0,0.0,0.0
ITA-Serie A,2425,Como,Dele Alli,2,2024,286,645,S,1,8,0,0.0,0,0.0,0,0.0,0,0,0,1,0.0188860855996608,0.0188860855996608
ITA-Serie A,2425,Como,Edoardo Goldaniga,2,2024,286,1264,D S,32,2525,1,2.380076947622001,1,2.380076947622001,0,0.2964764069765806,12,5,10,1,5.93805193156004,5.848595153540373
ITA-Serie A,2425,Como,Emil Audero,2,2024,286,1302,GK,8,720,0,0.0408126413822174,0,0.0408126413822174,0,0.0,1,0,0,0,0.5066414633765817,0.5066414633765817
ITA-Serie A,2425,Como,Federico Barba,2,2024,286,1320,D S,7,434,0,0.6274126172065735,0,0.6274126172065735,0,0.0,2,0,0,0,0.1915287654846906,0.1915287654846906
ITA-Serie A,2425,Como,Fellipe Jack,2,2024,286,13112,D S,7,162,0,0.0,0,0.0,0,0.0991043522953987,0,1,2,0,0.1337760621681809,0.0346717098727822
ITA-Serie A,2425,Como,Gabriel Strefezza,2,2024,286,7944,F M S,37,2648,6,3.988355965353549,6,3.988355965353549,4,4.323990189470351,57,57,5,0,10.79126682691276,4.154899511486292
ITA-Serie A,2425,Como,Ignace Van der Brempt,2,2024,286,13050,D S,20,1256,0,0.5743862800300121,0,0.5743862800300121,1,0.4266951140016317,7,10,3,0,2.9767110673710704,2.443053009919822
ITA-Serie A,2425,Como,Ivan Smolcic,2,2024,286,13443,D S,9,627,0,0.7790971677750349,0,0.7790971677750349,0,0.1207934692502021,7,2,2,0,1.1278045997023582,0.9111174307763577
ITA-Serie A,2425,Como,Jean Butez,2,2024,286,5610,GK S,19,1663,0,0.0,0,0.0,0,0.0309079997241497,0,1,0,0,2.407521625980735,2.376613626256585
ITA-Serie A,2425,Como,Jonathan Ikone,2,2024,286,5661,F M S,27,831,2,3.4286174327135086,2,3.4286174327135086,0,0.4965145708993077,25,4,1,0,6.160221628844738,2.8455714769661427
ITA-Serie A,2425,Como,José Reina,2,2024,286,1374,GK,12,1034,0,0.0,0,0.0,0,0.0,0,0,0,1,0.5694548841565847,0.5694548841565847
ITA-Serie A,2425,Como,Luca Mazzitelli,2,2024,286,1477,M S,11,330,1,0.2186603108420968,1,0.2186603108420968,1,0.8467894122004509,7,6,1,0,1.4401760520413518,0.4003149205818772
ITA-Serie A,2425,Como,Lucas Da Cunha,2,2024,286,8182,M S,36,2639,3,1.5810190811753273,3,1.5810190811753273,2,4.5990445874631405,37,54,4,0,11.007021154277028,8.987369268201292
ITA-Serie A,2425,Como,Marc-Oliver Kempf,2,2024,286,4291,D M S,31,2622,0,1.4569693058729172,0,1.4569693058729172,0,1.563671639189124,20,10,4,1,10.118817562237382,9.970695631578565
ITA-Serie A,2425,Como,Marco Sala,2,2024,286,12907,D S,10,325,0,0.0,0,0.0,0,0.4168045446276665,0,2,3,0,0.7204070463776588,0.4111374393105507
ITA-Serie A,2425,Como,Matthias Braunöder,2,2024,286,12908,M S,8,267,0,0.0626943130046129,0,0.0626943130046129,0,0.0,2,0,1,1,0.0412727184593677,0.0412727184593677
ITA-Serie A,2425,Como,Maxence Caqueret,2,2024,286,7328,M S,18,1110,2,0.7744915895164013,2,0.7744915895164013,3,2.1084248200058937,8,19,4,0,5.449922807514668,3.510226085782051
ITA-Serie A,2425,Como,Mergim Vojvoda,2,2024,286,8819,D S,28,1836,1,0.6811647824943066,1,0.6811647824943066,2,3.3965131770819426,9,24,6,0,8.322450945153832,5.191704824566841
ITA-Serie A,2425,Como,Máximo Perrone,2,2024,286,11378,M S,26,1866,0,0.9457318838685752,0,0.9457318838685752,3,1.9598194928839805,10,30,6,0,9.632720220834017,7.242648001760244
ITA-Serie A,2425,Como,Nico Paz,2,2024,286,11541,F M S,35,2704,6,9.964229883626103,6,9.202931048348546,8,5.478746464475989,110,54,6,0,16.96518620289862,5.573194831609726
ITA-Serie A,2425,Como,Oliver Abildgaard,2,2024,286,8359,S,1,7,0,0.0,0,0.0,0,0.0,0,0,0,0,0.0,0.0
ITA-Serie A,2425,Como,Patrick Cutrone,2,2024,286,4918,F S,33,2058,7,8.805660281330347,7,8.044361483305693,4,2.885559193789959,69,19,1,0,10.929393373429775,2.338491410017013
ITA-Serie A,2425,Como,Sergi Roberto,2,2024,286,2104,M S,13,692,0,0.5105091407895088,0,0.5105091407895088,1,0.5382862146943808,6,14,4,0,4.18746898137033,3.373993579298258
ITA-Serie A,2425,Como,Simone Verdi,2,2024,286,1445,S,9,97,0,0.066993904300034,0,0.066993904300034,0,0.4079585280269384,2,6,1,0,0.3578436886891722,0.0403800988569855
ITA-Serie A,2425,Como,Tasos Douvikas,2,2024,286,12030,F S,13,587,2,3.1398374401032925,2,3.1398374401032925,2,1.389390304684639,14,8,1,0,5.04932864010334,1.431522836908698
ITA-Serie A,2425,Como,Yannick Engelhardt,2,2024,286,10497,D M S,26,1134,1,0.8142325235530734,1,0.8142325235530734,1,1.483450741507113,8,12,4,0,4.55920197814703,2.9768388494849205
ITA-Serie A,2425,Como,Álex Valle,2,2024,286,12822,D S,15,1042,0,0.3290951885282993,0,0.3290951885282993,0,0.5185151733458042,9,11,2,0,3.680663496255874,3.0706890635192394
ITA-Serie A,2425,Empoli,Alberto Grassi,2,2024,108,1504,M S,28,2245,1,1.165816916152835,1,1.165816916152835,0,0.7257651910185814,11,7,8,0,6.6722745527513325,4.9939055615104735
ITA-Serie A,2425,Empoli,Ardian Ismajli,2,2024,108,9090,D,29,2510,0,0.5098618930205703,0,0.5098618930205703,0,0.0300749484449625,5,2,3,0,2.167395389638841,2.15336153563112
ITA-Serie A,2425,Empoli,Christian Kouamé,2,2024,108,7091,F M S,26,1100,1,3.3584845028817654,1,3.3584845028817654,1,2.642054849304259,25,18,1,0,5.656952547840774,1.3118883343413472
ITA-Serie A,2425,Empoli,Devis Vásquez,2,2024,108,11299,GK,32,2880,0,0.0,0,0.0,0,0.0,0,0,2,0,0.810832651797682,0.810832651797682
ITA-Serie A,2425,Empoli,Emmanuel Ekong,2,2024,108,9856,S,15,146,0,0.1341847870498895,0,0.1341847870498895,0,0.1024129986763,4,2,1,0,0.6242885012179613,0.3876907210797071
ITA-Serie A,2425,Empoli,Emmanuel Gyasi,2,2024,108,8913,D M,37,3238,2,5.102962395176292,2,5.102962395176292,1,1.4408680945634842,22,17,5,0,9.220969841815531,4.194316642358899
ITA-Serie A,2425,Empoli,Faustino Anjorin,2,2024,108,8383,M S,22,1127,2,0.78926155064255,2,0.78926155064255,3,2.284856982529164,23,17,3,0,3.605555894784629,0.8866018038243055
ITA-Serie A,2425,Empoli,Francesco Caputo,2,2024,108,6980,S,1,1,0,0.0,0,0.0,0,0.0,0,0,0,0,0.0892815142869949,0.0892815142869949
ITA-Serie A,2425,Empoli,Giuseppe Pezzella,2,2024,108,1281,D M S,35,2914,0,0.5580153008922935,0,0.5580153008922935,3,5.642576732672751,15,36,7,0,9.08206911664456,5.107970929704607
ITA-Serie A,2425,Empoli,Ismael Konaté,2,2024,108,13071,S,12,87,0,0.4259603722020983,0,0.4259603722020983,1,0.0326822707429528,3,2,0,0,0.4586426438763737,0.0
ITA-Serie A,2425,Empoli,Jacopo Bacci,2,2024,108,13244,S,3,24,0,0.0,0,0.0,0,0.0,0,0,0,0,0.5372961163520813,0.5372961163520813
ITA-Serie A,2425,Empoli,Jacopo Fazzini,2,2024,108,10303,F M S,20,1403,4,3.692545833066106,4,3.692545833066106,1,1.0941042816266418,26,12,1,1,6.923686906695366,2.6492027305066586
ITA-Serie A,2425,Empoli,Jacopo Seghetti,2,2024,108,11170,GK,1,90,0,0.0,0,0.0,0,0.0,0,0,0,0,0.0,0.0
ITA-Serie A,2425,Empoli,Junior Sambia,2,2024,108,6239,D S,17,350,0,0.539000703021884,0,0.539000703021884,0,0.2328954925760626,10,5,0,0,1.4956626882776618,1.2405201010406015
ITA-Serie A,2425,Empoli,Liam Henderson,2,2024,108,7925,M S,36,2358,0,0.5047031184658408,0,0.5047031184658408,4,4.136965589597821,22,32,10,0,7.070838793180883,4.5941177373752
ITA-Serie A,2425,Empoli,Liberato Cacace,2,2024,108,10385,D M S,33,2224,2,4.268769123591483,2,4.268769123591483,4,2.0169987874105573,29,27,6,0,8.474104415625334,3.736823833547533
ITA-Serie A,2425,Empoli,Lorenzo Colombo,2,2024,108,8478,F M S,37,2254,6,6.488613783381879,5,5.727314888499677,2,2.66440793685615,56,21,3,1,12.387053904123604,4.715949258767068
ITA-Serie A,2425,Empoli,Lorenzo Tosto,2,2024,108,12802,S,1,1,0,0.0,0,0.0,0,0.0,0,0,0,0,0.0,0.0
ITA-Serie A,2425,Empoli,Luca Marianucci,2,2024,108,11876,D M S,18,1058,0,0.6265358319506049,0,0.6265358319506049,0,0.1536990092135965,8,3,0,1,1.946455044671893,1.854816257953644
ITA-Serie A,2425,Empoli,Marco Silvestri,2,2024,108,6132,GK,5,450,0,0.0,0,0.0,0,0.0,0,0,0,0,0.4752395078539848,0.4752395078539848
ITA-Serie A,2425,Empoli,Mattia De Sciglio,2,2024,108,1120,D S,16,750,1,0.7994552589952946,1,0.7994552589952946,0,0.135404678992927,5,3,0,0,0.8791246926411986,0.7065426781773567
ITA-Serie A,2425,Empoli,Mattia Viti,2,2024,108,9855,D,30,2580,1,1.030984944663942,1,1.030984944663942,0,0.2220074795186519,11,5,3,0,3.366817817091942,3.027767294086516
ITA-Serie A,2425,Empoli,Nicolas Haas,2,2024,108,6161,M S,10,270,0,0.0143319033086299,0,0.0143319033086299,0,0.1896519511938095,1,3,1,0,0.6599506363272667,0.4702986851334572
ITA-Serie A,2425,Empoli,Ola Solbakken,2,2024,108,11289,F M S,21,750,0,0.7903557196259499,0,0.7903557196259499,0,0.5749603006988764,4,9,2,0,1.7711380869150162,0.4644903261214494
ITA-Serie A,2425,Empoli,Petar Stojanovic,2,2024,108,9849,S,1,1,0,0.0,0,0.0,0,0.0,0,0,0,0,0.0,0.0
ITA-Serie A,2425,Empoli,Pietro Pellegri,2,2024,108,4932,F S,11,411,3,0.5232967622578144,3,0.5232967622578144,0,0.6099942177534103,8,6,3,0,1.5464684441685677,0.5057045128196478
ITA-Serie A,2425,Empoli,Saba Goglichidze,2,2024,108,12356,D S,33,2560,0,0.2618827680125832,0,0.2618827680125832,1,0.3744480684399605,6,3,3,1,2.4100154601037502,1.9589530508965252
ITA-Serie A,2425,Empoli,Sebastian Walukiewicz,2,2024,108,8030,D S,31,1853,0,0.3898047879338264,0,0.3898047879338264,0,0.4117371141910553,6,5,6,0,3.649339665658772,3.0089227156713605
ITA-Serie A,2425,Empoli,Sebastiano Esposito,2,2024,108,7969,F M S,33,2370,8,6.238269167486578,7,4.715671496931464,0,2.359053977765143,61,35,1,0,9.80134324869141,4.868899008259177
ITA-Serie A,2425,Empoli,Szymon Zurkowski,2,2024,108,7910,S,5,90,0,0.1167134344577789,0,0.1167134344577789,0,0.0,2,0,0,0,0.7882494628429413,0.6715360321104527
ITA-Serie A,2425,Empoli,Thomas Campaniello,2,2024,108,13269,S,3,19,0,0.3638376891613006,0,0.3638376891613006,0,0.0,1,0,0,0,0.3746410859748721,0.3746410859748721
ITA-Serie A,2425,Empoli,Tyronne Ebuehi,2,2024,108,9877,S,4,64,0,0.0,0,0.0,0,0.0,0,0,0,0,0.3135741949081421,0.3135741949081421
ITA-Serie A,2425,Empoli,Viktor Kovalenko,2,2024,108,9344,S,6,61,0,0.1474630162119865,0,0.1474630162119865,0,0.0,3,0,0,0,0.4157380815595388,0.3982327058911323
ITA-Serie A,2425,Empoli,Youssef Maleh,2,2024,108,9893,M S,22,1524,0,0.9958969270810484,0,0.9958969270810484,1,0.900695376098156,17,12,3,1,3.4599987901747227,2.395837927237153
ITA-Serie A,2425,Fiorentina,Albert Gudmundsson,2,2024,110,10366,F M S,24,1284,6,4.845826052129269,4,3.323228407651186,1,1.832509456202388,27,15,2,0,7.442773260176182,3.083286017179489
ITA-Serie A,2425,Fiorentina,Alessandro Bianco,2,2024,110,9322,M S,35,2636,1,1.3939758026972413,1,1.3939758026972413,0,1.4734479561448095,26,18,9,0,6.815836355090141,4.914733601734042
ITA-Serie A,2425,Fiorentina,Amir Richardson,2,2024,110,11752,M S,27,1083,1,1.0827028583735228,1,1.0827028583735228,1,0.6237350255250931,11,8,6,0,3.1449933713302016,2.048963035456836
ITA-Serie A,2425,Fiorentina,Andrea Colpani,2,2024,110,6718,M S,25,1469,2,3.3541502580046654,2,3.3541502580046654,1,1.1401456985622644,36,17,1,0,7.350004870444536,3.4852827321738005
ITA-Serie A,2425,Fiorentina,Antonin Barak,2,2024,110,6208,M,1,57,0,0.0515915714204311,0,0.0515915714204311,0,0.2532969415187835,2,3,0,0,0.2659206688404083,0.0259614530950784
ITA-Serie A,2425,Fiorentina,Cher Ndour,2,2024,110,11768,M S,9,397,0,0.1504337266087532,0,0.1504337266087532,0,0.0,4,0,1,0,1.4026796147227287,1.3219382259994743
ITA-Serie A,2425,Fiorentina,Cristiano Biraghi,2,2024,110,1164,D S,23,1585,1,0.6364892479032278,1,0.6364892479032278,0,3.2530914284288883,15,31,1,0,3.9441848695278168,2.5033633075654507
ITA-Serie A,2425,Fiorentina,Danilo Cataldi,2,2024,110,1206,M S,25,1762,3,0.7924351925030351,3,0.7924351925030351,0,0.5937809273600578,13,14,1,0,7.411614859476685,6.710566373541951
ITA-Serie A,2425,Fiorentina,David de Gea,2,2024,110,546,GK,35,3150,0,0.0,0,0.0,1,0.5911908186972141,0,3,1,0,4.432341421023011,3.8411506097763777
ITA-Serie A,2425,Fiorentina,Dodô,2,2024,110,10935,D M,35,3126,0,1.4068531906232238,0,1.4068531906232238,5,4.798341209068894,27,37,8,0,13.066202946938574,9.197617669589818
ITA-Serie A,2425,Fiorentina,Edoardo Bove,2,2024,110,9518,M S,12,863,1,1.26268844678998,1,1.26268844678998,2,1.4585404973477123,7,11,3,0,5.152803368866444,3.4689552523195744
ITA-Serie A,2425,Fiorentina,Fabiano Parisi,2,2024,110,9924,D M S,26,1107,2,0.4368079118430614,2,0.4368079118430614,0,1.035966550000012,9,4,3,0,3.231815998442471,1.777893790975213
ITA-Serie A,2425,Fiorentina,Luca Ranieri,2,2024,110,6696,D S,36,3085,1,1.383564260788262,1,1.383564260788262,3,1.7717870529741049,11,16,7,0,6.849961528554559,5.043334582820535
ITA-Serie A,2425,Fiorentina,Lucas Beltrán,2,2024,110,11900,F M S,33,1965,5,6.0504823960363865,3,3.76658596470952,4,2.9424900263547897,29,29,6,0,12.85442740097642,7.148263560608029
ITA-Serie A,2425,Fiorentina,Lucas Martínez Quarta,2,2024,110,9019,D S,8,341,1,0.9090237375348806,1,0.9090237375348806,0,0.0115291764959692,3,1,1,0,1.0869984542950988,1.0567965134978294
ITA-Serie A,2425,Fiorentina,Maat Caprini,2,2024,110,12584,S,2,7,0,0.0,0,0.0,0,0.0,0,0,0,0,0.0,0.0
ITA-Serie A,2425,Fiorentina,Marin Pongracic,2,2024,110,8303,D S,20,1380,0,0.0933051649481058,0,0.0933051649481058,0,0.4449959006160497,3,5,1,1,3.3791268803179264,3.275415424257517
ITA-Serie A,2425,Fiorentina,Matías Moreno,2,2024,110,13083,D S,4,144,0,0.0,0,0.0,0,0.0448241345584392,0,2,0,0,0.0614193584769964,0.0373679716140031
ITA-Serie A,2425,Fiorentina,Michael Folorunsho,2,2024,110,11877,D M S,20,662,0,0.6155886743217707,0,0.6155886743217707,0,0.7538418211042881,10,3,5,0,3.04950394295156,1.7586079202592373
ITA-Serie A,2425,Fiorentina,Michael Kayode,2,2024,110,11281,D S,5,118,0,0.0939566791057586,0,0.0939566791057586,0,0.2801200151443481,1,1,0,0,0.6066556721925735,0.5126989930868149
ITA-Serie A,2425,Fiorentina,Moise Kean,2,2024,110,1304,F S,32,2722,19,21.887753661721945,18,20.365155961364508,3,2.322036488913,105,19,6,0,22.372604370117188,2.2697757203131914
ITA-Serie A,2425,Fiorentina,Nicolo Fagioli,2,2024,110,7379,M S,32,1514,1,0.8893392160534859,1,0.8893392160534859,2,3.0206517837941647,22,27,4,0,9.793622113764286,8.04011969268322
ITA-Serie A,2425,Fiorentina,Pablo Marí,2,2024,110,8380,D S,32,2731,0,0.3249391512945294,0,0.3249391512945294,0,0.1311936639249324,7,3,4,1,8.417624782770872,8.417624782770872
ITA-Serie A,2425,Fiorentina,Pietro Comuzzo,2,2024,110,11902,D S,33,2192,1,0.47288110665977,1,0.47288110665977,0,0.3625793624669313,4,6,5,0,5.206593118607998,5.145380796864629
ITA-Serie A,2425,Fiorentina,Pietro Terracciano,2,2024,110,6977,GK,3,270,0,0.0,0,0.0,0,0.0,0,0,0,0,0.1180033385753631,0.1180033385753631
ITA-Serie A,2425,Fiorentina,Robin Gosens,2,2024,110,6155,D M S,32,2544,5,2.4154493268579245,5,2.4154493268579245,5,2.93827155418694,23,27,6,0,11.139119654893875,7.044390741735697
ITA-Serie A,2425,Fiorentina,Rolando Mandragora,2,2024,110,3821,M S,29,1940,4,2.280061637982726,3,1.5187628027051687,3,3.924611158668995,38,31,7,0,7.940919827669859,5.204633484594524
ITA-Serie A,2425,Fiorentina,Sofyan Amrabat,2,2024,110,7927,M,2,180,0,0.0,0,0.0,0,0.0502852164208889,0,2,0,0,0.1331173405051231,0.107695747166872
ITA-Serie A,2425,Fiorentina,Tommaso Rubino,2,2024,110,13178,S,1,5,0,0.0,0,0.0,0,0.0910502225160598,0,1,0,0,0.0910502225160598,0.0
ITA-Serie A,2425,Fiorentina,Yacine Adli,2,2024,110,6762,M S,26,1246,4,0.90202596783638,4,0.90202596783638,6,3.4848021315410733,14,23,1,1,6.728238292038441,4.386798335239291
ITA-Serie A,2425,Genoa,Aarón Martín,2,2024,101,5133,D M S,36,3100,0,0.7377785928547382,0,0.7377785928547382,8,5.775845801457763,16,65,5,0,8.169334080535918,6.565924710128456
ITA-Serie A,2425,Genoa,Alan Matturro,2,2024,101,12078,D S,13,888,0,0.1578726852312684,0,0.1578726852312684,0,0.2325288951396942,4,3,2,0,1.3593639694154265,1.0876875780522823
ITA-Serie A,2425,Genoa,Alessandro Marcandalli,2,2024,101,12958,D S,10,407,0,0.5659685600548983,0,0.5659685600548983,0,0.0,2,0,2,0,0.2606982812285423,0.2606982812285423
ITA-Serie A,2425,Genoa,Alessandro Vogliacco,2,2024,101,12124,D S,22,1499,2,1.5824130047112703,2,1.5824130047112703,0,0.124764054082334,6,4,5,0,2.4423297978937626,2.386560793966055
ITA-Serie A,2425,Genoa,Alessandro Zanoli,2,2024,101,9876,D M S,31,1716,1,0.653908365406096,1,0.653908365406096,0,1.1977330967783928,11,19,3,0,3.935621116310358,2.3123090155422688
ITA-Serie A,2425,Genoa,Andrea Pinamonti,2,2024,101,4895,F S,36,2886,10,7.931828275322914,10,7.1705294996500015,1,1.8391901552677157,79,15,4,0,12.397627600468695,4.713260012678802
ITA-Serie A,2425,Genoa,Benjamin Siegrist,2,2024,101,13411,GK,2,154,0,0.0,0,0.0,0,0.0,0,0,0,0,0.0,0.0
ITA-Serie A,2425,Genoa,Brooke Norton-Cuffy,2,2024,101,13136,D F M S,14,726,0,0.2189343944191932,0,0.2189343944191932,0,0.1128443405032157,5,2,0,0,1.3186640366911888,0.9868852980434896
ITA-Serie A,2425,Genoa,Caleb Ekuban,2,2024,101,9843,F S,18,526,1,3.429166266694665,1,3.429166266694665,3,0.8587063550949097,18,8,1,0,3.8718484360724688,0.7761340718716383
ITA-Serie A,2425,Genoa,Daniele Sommariva,2,2024,101,1922,S,1,26,0,0.0,0,0.0,0,0.0,0,0,0,0,0.0,0.0
ITA-Serie A,2425,Genoa,David Ankeye,2,2024,101,12440,S,4,38,0,0.0,0,0.0,0,0.0,0,0,0,0,0.0,0.0
ITA-Serie A,2425,Genoa,Emil Bohinen,2,2024,101,9425,M S,3,158,0,0.0799746364355087,0,0.0799746364355087,0,0.0874356999993324,2,3,0,0,0.6050263606011868,0.5149470828473568
ITA-Serie A,2425,Genoa,Fabio Miretti,2,2024,101,9966,M S,25,1718,3,3.491154466755688,3,3.491154466755688,3,2.238197275437414,24,22,2,0,6.609325652010739,2.104139558970928
ITA-Serie A,2425,Genoa,Federico Accornero,2,2024,101,12778,S,1,1,0,0.0,0,0.0,0,0.0,0,0,0,0,0.0,0.0
ITA-Serie A,2425,Genoa,Filippo Melegoni,2,2024,101,4959,M S,3,87,0,0.0368894226849079,0,0.0368894226849079,1,0.3455231189727783,1,1,0,0,0.3824125416576862,0.0
ITA-Serie A,2425,Genoa,Gastón Pereiro,2,2024,101,8289,S,2,26,0,0.0,0,0.0,0,0.0,0,0,0,0,0.085628405213356,0.085628405213356
ITA-Serie A,2425,Genoa,Honest Ahanor,2,2024,101,12779,D M S,6,263,0,0.6984457075595856,0,0.6984457075595856,0,0.064913185313344,3,2,0,0,0.5303681567311287,0.0726009905338287
ITA-Serie A,2425,Genoa,Jean Onana,2,2024,101,8330,M S,9,291,0,0.0098431883379817,0,0.0098431883379817,0,0.0821026042103767,1,2,1,0,0.3065032279118895,0.2145574353635311
ITA-Serie A,2425,Genoa,Jeff Ekhator,2,2024,101,12776,F M S,24,727,1,1.3274079076945782,1,1.3274079076945782,1,1.373926709406078,10,10,1,0,2.3448909549042583,0.5531844501383603
ITA-Serie A,2425,Genoa,Johan Vásquez,2,2024,101,9985,D S,36,3036,3,2.439728694036603,3,2.439728694036603,0,0.3345777271315455,36,7,9,0,5.903322666883469,5.486615629866719
ITA-Serie A,2425,Genoa,Junior Messias,2,2024,101,8838,F M S,17,832,1,2.6005900129675865,1,1.8392911776900287,1,0.6972742862999439,18,8,1,0,2.1805835757404566,0.7364483065903187
ITA-Serie A,2425,Genoa,Koni de Winter,2,2024,101,9964,D S,25,2132,3,2.767489257268608,3,2.767489257268608,0,0.2700792625546455,13,3,6,0,6.329930320382118,6.263988450169563
ITA-Serie A,2425,Genoa,Lior Kasa,2,2024,101,13046,M S,8,221,0,0.8909140527248383,0,0.8909140527248383,0,0.038125853985548,5,2,2,0,1.4693591110408306,0.6169382594525814
ITA-Serie A,2425,Genoa,Lorenzo Venturino,2,2024,101,13349,M S,6,149,2,1.1552968937903645,2,1.1552968937903645,0,0.1815433800220489,4,3,0,0,1.3504673931747675,0.0495559647679328
ITA-Serie A,2425,Genoa,Mario Balotelli,2,2024,101,1817,S,6,46,0,0.0565739087760448,0,0.0565739087760448,0,0.0,2,0,2,0,0.1139658614993095,0.1139658614993095
ITA-Serie A,2425,Genoa,Mattia Bani,2,2024,101,6212,D S,20,1513,0,1.4961620587855575,0,1.4961620587855575,0,0.1171032823622226,8,2,3,0,4.108662291429937,3.991559020243585
ITA-Serie A,2425,Genoa,Maxwel Cornet,2,2024,101,3278,M S,7,240,2,1.0113862305879593,2,1.0113862305879593,1,1.0651200264692309,5,5,0,0,1.869239717721939,0.8866638094186783
ITA-Serie A,2425,Genoa,Milan Badelj,2,2024,101,1430,M S,23,1525,1,0.9570948630571364,1,0.9570948630571364,0,1.2159679476171732,13,12,2,0,6.448246106505394,4.448463158681989
ITA-Serie A,2425,Genoa,Morten Frendrup,2,2024,101,10365,M,35,3115,2,1.6894174106419086,2,1.6894174106419086,0,0.7124996110796928,31,14,5,0,8.62092512845993,6.655704429373145
ITA-Serie A,2425,Genoa,Morten Thorsby,2,2024,101,7939,F M S,30,1907,0,2.8997801784425974,0,2.8997801784425974,1,2.3799595832824707,15,26,6,0,7.648120200261474,4.157784847542644
ITA-Serie A,2425,Genoa,Nicola Leali,2,2024,101,1873,GK,29,2610,0,0.0,0,0.0,0,0.0,0,0,1,0,3.933131657540798,3.933131657540798
ITA-Serie A,2425,Genoa,Patrizio Masini,2,2024,101,12777,M S,26,1528,1,0.4354055868461728,1,0.4354055868461728,0,0.2544679529964924,8,6,3,0,3.3008227180689573,3.045926110818982
ITA-Serie A,2425,Genoa,Pierluigi Gollini,2,2024,101,1841,GK,7,630,0,0.0,0,0.0,0,0.0,0,0,1,0,0.4883729945868253,0.4883729945868253
ITA-Serie A,2425,Genoa,Ruslan Malinovskiy,2,2024,101,7947,M S,9,372,0,0.2389437360689044,0,0.2389437360689044,2,1.3566759591922164,9,7,2,0,2.6264201309531927,1.517782198265195
ITA-Serie A,2425,Genoa,Sebastian Otoa,2,2024,101,13478,D,3,183,0,0.0,0,0.0,0,0.0,0,0,1,1,0.0759811587631702,0.0759811587631702
ITA-Serie A,2425,Genoa,Stefano Sabelli,2,2024,101,1898,D S,34,2072,0,0.1367928409017622,0,0.1367928409017622,2,1.975696962326765,6,18,3,0,6.253503069281578,5.011690195649862
ITA-Serie A,2425,Genoa,Vitinha,2,2024,101,11380,F M S,25,1346,2,1.7762191742658615,2,1.7762191742658615,3,4.115728894248605,33,17,2,0,5.696292694658041,1.6133615635335443
ITA-Serie A,2425,Inter,Alessandro Bastoni,2,2024,106,4939,D S,33,2468,1,0.672028174623847,1,0.672028174623847,5,3.40167273581028,13,28,4,1,16.253236640244722,14.77019675821066
ITA-Serie A,2425,Inter,Benjamin Pavard,2,2024,106,3363,D S,23,1581,0,0.4774392433464527,0,0.4774392433464527,1,0.8174420408904552,8,8,4,0,6.429699372500181,5.86882683262229
ITA-Serie A,2425,Inter,Carlos Augusto,2,2024,106,10891,D M S,29,1658,3,3.478978853672743,3,3.478978853672743,2,1.9167723655700684,24,9,1,0,9.37629859149456,7.548568494617939
ITA-Serie A,2425,Inter,Davide Frattesi,2,2024,106,4981,M S,28,1194,5,5.315815009176731,5,5.315815009176731,1,1.0950888358056543,28,7,1,0,8.426437519490719,2.8256054520606995
ITA-Serie A,2425,Inter,Denzel Dumfries,2,2024,106,9840,D M S,29,1929,7,6.130226218141615,7,6.130226218141615,2,3.6943740658462048,37,21,4,0,13.06925655901432,5.048348389565945
ITA-Serie A,2425,Inter,Federico Dimarco,2,2024,106,1324,D M S,33,2214,4,4.162737088277936,4,4.162737088277936,7,7.332246446982026,56,48,3,0,15.370240172371268,7.947630537673831
ITA-Serie A,2425,Inter,Francesco Acerbi,2,2024,106,1463,D S,23,1695,0,0.3371179103851318,0,0.3371179103851318,1,0.695211872458458,5,8,0,0,7.623959269374609,7.433021267876029
ITA-Serie A,2425,Inter,Hakan Calhanoglu,2,2024,106,189,M S,29,1999,5,4.414205387234688,2,1.3690101206302645,6,7.045005705207586,46,49,5,0,13.450780309736729,11.181228714063764
ITA-Serie A,2425,Inter,Henrikh Mkhitaryan,2,2024,106,317,M S,32,2441,1,1.7231267150491476,1,1.7231267150491476,4,3.286845152266324,23,29,4,0,16.204422222450376,12.255357168614864
ITA-Serie A,2425,Inter,Joaquín Correa,2,2024,106,1809,F M S,19,701,2,2.388469398021698,2,2.388469398021698,2,1.6234094053506851,14,10,3,0,6.5976563561707735,3.296074714511633
ITA-Serie A,2425,Inter,Josep Martínez,2,2024,106,9052,GK,5,450,0,0.0,0,0.0,0,0.0643583759665489,0,1,0,0,0.9503895416855812,0.8860311661846936
ITA-Serie A,2425,Inter,Kristjan Asllani,2,2024,106,9854,M S,22,960,2,2.2790823988616467,0,0.756484741345048,2,1.5879101548343897,16,14,4,0,4.228175640106201,3.637131825089455
ITA-Serie A,2425,Inter,Lautaro Martínez,2,2024,106,7006,F,31,2605,12,14.972904972732069,12,14.972904972732069,3,5.210264602676034,102,37,1,0,20.420169971883297,4.456489903852344
ITA-Serie A,2425,Inter,Luka Topalovic,2,2024,106,13340,S,1,5,0,0.0,0,0.0,0,0.0,0,0,0,0,0.0,0.0
ITA-Serie A,2425,Inter,Marcus Thuram,2,2024,106,5992,F S,32,2316,14,12.12327221222222,14,12.12327221222222,4,4.545049572363496,65,39,1,0,20.54565922170877,6.454995878040791
ITA-Serie A,2425,Inter,Marko Arnautovic,2,2024,106,865,F S,18,531,4,4.483994249254465,4,4.483994249254465,2,0.9996647089719772,14,7,1,0,4.679309174418449,1.4731150679290297
ITA-Serie A,2425,Inter,Matteo Darmian,2,2024,106,557,D S,29,1781,3,2.304794460535049,3,2.304794460535049,2,1.397296465933323,11,15,3,0,9.96199467778206,6.824119355529547
ITA-Serie A,2425,Inter,Mehdi Taremi,2,2024,106,12780,F S,26,781,1,3.3251225762069225,0,2.563823733478785,2,1.829333458095789,14,15,1,0,6.388202100992203,2.292017860338092
ITA-Serie A,2425,Inter,Nicola Zalewski,2,2024,106,9036,D M S,23,963,1,0.4306339602917433,1,0.4306339602917433,1,3.076297538354993,10,21,4,0,6.606423620134592,3.7020213827490807
ITA-Serie A,2425,Inter,Nicolò Barella,2,2024,106,1409,M S,33,2485,3,2.0158462561666965,3,2.0158462561666965,6,4.790416604839265,43,55,4,0,14.60711894929409,11.276230716146529
ITA-Serie A,2425,Inter,Piotr Zielinski,2,2024,106,1386,M S,26,947,2,2.6944100074470043,0,1.1718123368918896,2,0.618134144693613,17,13,0,0,6.736713929101825,5.561824133619666
ITA-Serie A,2425,Inter,Stefan de Vrij,2,2024,106,1541,D S,26,1719,3,1.8668567053973677,3,1.8668567053973677,0,0.0575266703963279,13,1,2,0,8.949557587504387,8.351457685232162
ITA-Serie A,2425,Inter,Tajon Buchanan,2,2024,106,12322,S,6,79,0,0.0,0,0.0,0,0.0637583658099174,0,1,0,0,0.2777990475296974,0.2140406817197799
ITA-Serie A,2425,Inter,Tomás Palacios,2,2024,106,13095,D S,10,447,0,0.0448183268308639,0,0.0448183268308639,0,0.0,1,0,2,0,0.5129926465451717,0.5129926465451717
ITA-Serie A,2425,Inter,Yann Bisseck,2,2024,106,6414,D S,27,1646,3,2.454003557562828,3,2.454003557562828,2,1.4668675772845745,21,7,4,0,9.753132335841656,8.009181194007397
ITA-Serie A,2425,Inter,Yann Sommer,2,2024,106,199,GK,33,2970,0,0.0,0,0.0,0,0.0,0,0,0,0,8.29308963380754,8.29308963380754
ITA-Serie A,2425,Juventus,Alberto Costa,2,2024,98,13354,D S,9,342,0,1.0256558116525412,0,1.0256558116525412,1,0.120165679603815,7,2,3,0,3.014067862182856,2.2493527457118034
ITA-Serie A,2425,Juventus,Andrea Cambiaso,2,2024,98,9841,D F M S,33,2227,2,0.9298030640929936,2,0.9298030640929936,3,2.9846264300867915,17,34,4,0,13.496584210544825,11.93434378877282
ITA-Serie A,2425,Juventus,Bremer,2,2024,98,6960,D,6,540,0,0.1310868449509143,0,0.1310868449509143,0,0.0,3,0,2,0,2.9775117337703705,2.964154303073883
ITA-Serie A,2425,Juventus,Danilo,2,2024,98,2244,D S,12,573,0,0.0577665157616138,0,0.0577665157616138,1,0.8046743385493755,1,3,2,0,5.81393438577652,5.480348378419876
ITA-Serie A,2425,Juventus,Diego Pugno,2,2024,98,13254,S,1,5,0,0.0,0,0.0,0,0.0523221231997013,0,1,0,0,0.0523221231997013,0.0
ITA-Serie A,2425,Juventus,Douglas Luiz,2,2024,98,6122,M S,19,491,0,0.6867432445287704,0,0.6867432445287704,0,1.156847040168941,8,14,2,0,3.9437844902276993,3.053325790911913
ITA-Serie A,2425,Juventus,Dusan Vlahovic,2,2024,98,7084,F S,29,1793,10,15.096059490926564,6,12.050864440388978,4,1.744228720664978,77,16,3,0,16.02136825490743,3.582811534404754
ITA-Serie A,2425,Juventus,Federico Gatti,2,2024,98,10993,D S,30,2207,1,2.6437892597168684,1,2.6437892597168684,0,0.2836914574727416,25,6,2,0,6.388843132182956,5.920589059591293
ITA-Serie A,2425,Juventus,Francisco Conceição,2,2024,98,13052,F M S,26,1320,3,3.1290370896458626,3,3.1290370896458626,3,4.405173312872648,40,28,3,1,12.86916140280664,7.611164345405996
ITA-Serie A,2425,Juventus,Jonas Rouhi,2,2024,98,12906,D S,5,206,0,0.0,0,0.0,0,0.0,0,0,0,0,0.3243759274482727,0.3243759274482727
ITA-Serie A,2425,Juventus,Juan Cabal,2,2024,98,11054,D S,7,464,0,0.1306802649050951,0,0.1306802649050951,0,0.1720451265573501,5,1,0,0,3.065493978559971,3.04121283441782
ITA-Serie A,2425,Juventus,Kenan Yildiz,2,2024,98,11942,F M S,35,2414,7,4.914883994497359,7,4.914883994497359,4,5.661711638793349,61,56,2,1,13.799040334299209,5.859337801113725
ITA-Serie A,2425,Juventus,Kephren Thuram,2,2024,98,7265,M S,35,2331,4,3.5313255190849304,4,3.5313255190849304,5,4.682116312906146,36,25,5,0,15.060948219150305,9.894022192806004
ITA-Serie A,2425,Juventus,Lloyd Kelly,2,2024,98,8090,D S,12,1018,0,0.6167027596384287,0,0.6167027596384287,0,0.1340404450893402,7,3,1,0,3.028360364958644,2.810955699533224
ITA-Serie A,2425,Juventus,Lorenzo Anghelè,2,2024,98,12999,S,1,2,0,0.0,0,0.0,0,0.0,0,0,0,0,0.0,0.0
ITA-Serie A,2425,Juventus,Manuel Locatelli,2,2024,98,1122,M S,36,2852,2,1.728091100230813,1,0.9667923059314488,2,3.160760385915637,25,29,9,0,15.23953227698803,12.483740866184236
ITA-Serie A,2425,Juventus,Mattia Perin,2,2024,98,1093,GK,5,450,0,0.0,0,0.0,0,0.0,0,0,0,0,1.6500126346945765,1.6500126346945765
ITA-Serie A,2425,Juventus,Michele Di Gregorio,2,2024,98,10890,GK,33,2970,0,0.0,0,0.0,0,0.3083939254283905,0,1,0,0,3.53214343264699,3.53214343264699
ITA-Serie A,2425,Juventus,Nicolás González,2,2024,98,7074,D F M S,26,1789,3,4.388662149198353,3,4.388662149198353,2,1.3247456587851048,45,19,3,0,7.834341991692781,3.530604605562985
ITA-Serie A,2425,Juventus,Nicolò Savona,2,2024,98,12905,D S,28,1724,2,0.6217741407454014,2,0.6217741407454014,1,1.6131829097867012,6,16,5,0,6.450548764318228,5.277569431811571
ITA-Serie A,2425,Juventus,Pierre Kalulu Kyatengwa,2,2024,98,8313,D S,29,2330,1,0.848704170435667,1,0.848704170435667,0,0.5810731491073966,7,11,2,1,9.870267361402512,9.1310306340456
ITA-Serie A,2425,Juventus,Randal Kolo Muani,2,2024,98,5743,F M S,16,1175,8,4.807359151542187,7,4.046060346066952,1,1.422960128635168,26,17,0,0,6.10349890217185,1.3632007539272308
ITA-Serie A,2425,Juventus,Renato Veiga,2,2024,98,11383,D S,13,1091,0,0.8249842878431082,0,0.8249842878431082,1,0.0397374331951141,12,2,2,0,3.344063217751682,3.2855254961177707
ITA-Serie A,2425,Juventus,Samuel Mbangula,2,2024,98,12904,M S,23,687,3,0.4565087296068668,3,0.4565087296068668,3,1.7539049219340086,9,15,1,0,3.577903801575303,1.5901758465915918
ITA-Serie A,2425,Juventus,Teun Koopmeiners,2,2024,98,9969,F M S,28,1998,3,4.893107362091541,3,4.893107362091541,3,2.562169134616852,42,37,3,0,9.23165249824524,3.934658458456397
ITA-Serie A,2425,Juventus,Timothy Weah,2,2024,98,6601,D F M S,30,1636,5,3.7299512615427375,5,3.7299512615427375,2,1.9956131614744663,21,19,4,0,9.210717367008328,5.046265376731753
ITA-Serie A,2425,Juventus,Vasilije Adzic,2,2024,98,13072,S,6,33,0,0.0272424314171075,0,0.0272424314171075,0,0.0,1,0,0,0,0.0982828885316848,0.0710404552519321
ITA-Serie A,2425,Juventus,Weston McKennie,2,2024,98,5360,D F M S,32,2334,2,2.9408072270452976,2,2.9408072270452976,4,4.656233137473464,22,32,3,0,10.659127198159696,5.942629124969244
ITA-Serie A,2425,Lazio,Adam Marusic,2,2024,96,6176,D M S,35,2336,4,2.1844769613817334,4,2.1844769613817334,0,0.6067054634913802,22,13,1,0,7.717258364893496,6.355395727790892
ITA-Serie A,2425,Lazio,Alessio Romagnoli,2,2024,96,1119,D S,32,2676,2,3.565914835780859,2,3.565914835780859,0,0.7020909860730171,20,10,4,2,10.539792001247406,10.252787809818985
ITA-Serie A,2425,Lazio,Arijon Ibrahimovic,2,2024,96,10248,S,1,6,0,0.0620220825076103,0,0.0620220825076103,0,0.0,2,0,0,0,0.0620220825076103,0.0
ITA-Serie A,2425,Lazio,Boulaye Dia,2,2024,96,7224,F M S,35,2220,9,6.899342581629753,9,6.899342581629753,3,4.609769284725189,39,26,2,0,14.7047260357067,6.049787209369242
ITA-Serie A,2425,Lazio,Christos Mandas,2,2024,96,12043,GK,9,810,0,0.0,0,0.0,0,0.0,0,0,0,0,2.291612671688199,2.291612671688199
ITA-Serie A,2425,Lazio,Elseid Hysaj,2,2024,96,1375,D S,11,413,0,0.0913472548127174,0,0.0913472548127174,3,1.4991598725318909,2,6,0,1,2.2431315034627914,1.7872814126312733
ITA-Serie A,2425,Lazio,Fisayo Dele-Bashiru,2,2024,96,12872,M S,20,947,3,1.4858720265328884,3,1.4858720265328884,1,0.7893589623272419,16,9,0,0,3.404227823019028,1.4639215217903256
ITA-Serie A,2425,Lazio,Gaetano Castrovilli,2,2024,96,7909,M S,21,725,0,0.6471601650118828,0,0.6471601650118828,0,0.9265814088284968,8,9,0,0,2.259173730388284,0.8896340914070606
ITA-Serie A,2425,Lazio,Gustav Isaksen,2,2024,96,11951,F M S,37,2254,4,5.236178271472454,4,5.236178271472454,2,3.084163647145033,55,36,5,0,12.200112521648409,5.998448936268687
ITA-Serie A,2425,Lazio,Ivan Provedel,2,2024,96,6982,GK,29,2610,0,0.0,0,0.0,0,0.2428949847817421,0,3,0,0,4.041067577898502,3.85493978112936
ITA-Serie A,2425,Lazio,Loum Tchaouna,2,2024,96,9977,F M S,24,624,1,2.584312392398715,1,2.584312392398715,0,0.6861412897706032,23,10,2,1,4.432393677532673,1.6853936556726694
ITA-Serie A,2425,Lazio,Luca Pellegrini,2,2024,96,4970,D S,22,1045,0,0.7439164789393544,0,0.7439164789393544,4,2.876966577023268,13,21,5,0,5.017272999510169,3.497437519952655
ITA-Serie A,2425,Lazio,Manuel Lazzari,2,2024,96,6180,D S,25,1408,0,0.1302815210074186,0,0.1302815210074186,1,1.791149029508233,6,20,3,0,4.5267760921269655,2.9567021764814854
ITA-Serie A,2425,Lazio,Mario Gila,2,2024,96,10577,D S,32,2740,1,0.9575563902035356,1,0.9575563902035356,0,0.7198654301464558,15,15,8,0,11.041901929304004,10.882915522903204
ITA-Serie A,2425,Lazio,Matteo Guendouzi,2,2024,96,5759,M,37,3281,1,1.5578105077147484,1,1.5578105077147484,3,3.081902503967285,27,43,7,0,19.77757119387388,16.28183127194643
ITA-Serie A,2425,Lazio,Mattia Zaccagni,2,2024,96,1958,F M S,34,2750,8,6.876200471073389,6,5.353602815419436,6,5.215368155390024,48,55,10,0,16.111151101067662,9.00402908027172
ITA-Serie A,2425,Lazio,Matías Vecino,2,2024,96,1423,M S,20,843,2,3.101402133703232,2,3.101402133703232,3,3.248251875862479,16,11,7,0,5.65881534293294,1.4020736617967486
ITA-Serie A,2425,Lazio,Nicolo Rovella,2,2024,96,7411,M S,33,2747,0,1.6033612098544836,0,1.6033612098544836,3,2.8911108635365963,28,30,13,0,12.793603636324406,10.814154289662838
ITA-Serie A,2425,Lazio,Nuno Tavares,2,2024,96,9691,D S,23,1725,0,1.5730981789529324,0,1.5730981789529324,8,6.447076931595802,28,34,2,1,9.160245101898909,5.097952570766211
ITA-Serie A,2425,Lazio,Oliver Provstgaard,2,2024,96,13447,S,2,27,0,0.0,0,0.0,0,0.0,0,0,1,0,0.0365833155810833,0.0365833155810833
ITA-Serie A,2425,Lazio,Patric,2,2024,96,1204,D S,10,593,1,0.877030536532402,1,0.877030536532402,0,0.012614113278687,2,1,2,0,1.8100600996986032,1.8100600996986032
ITA-Serie A,2425,Lazio,Pedro,2,2024,96,687,F M S,30,1057,10,6.393306020647287,8,4.870708409696817,1,1.4419082198292017,39,22,2,0,10.305274097248912,4.8102878127247095
ITA-Serie A,2425,Lazio,Reda Belahyane,2,2024,96,11049,M S,28,1849,0,0.1940229153260588,0,0.1940229153260588,2,1.198390127159655,6,16,4,2,5.804689330048859,4.648497930727899
ITA-Serie A,2425,Lazio,Samuel Gigot,2,2024,96,6773,D S,15,692,2,1.3551291171461344,2,1.3551291171461344,0,0.0,4,0,2,0,3.7404720038175583,3.608620271086693
ITA-Serie A,2425,Lazio,Tijjani Noslin,2,2024,96,12378,F M S,30,830,2,2.656429646536708,2,2.656429646536708,2,1.5994202382862568,19,12,2,0,5.096717353910208,2.3080015797168016
ITA-Serie A,2425,Lazio,Valentín Castellanos,2,2024,96,10948,F S,29,2407,10,16.131397516466677,8,13.84750095102936,3,3.629513030871749,108,26,9,1,19.230164020322263,5.09424526616931
ITA-Serie A,2425,Lecce,Andy Pelmard,2,2024,243,6501,D S,3,124,0,0.0,0,0.0,0,0.0,0,0,1,0,0.0872347876429557,0.0872347876429557
ITA-Serie A,2425,Lecce,Ante Rebic,2,2024,243,1852,F M S,27,753,1,1.7934200260788202,1,1.7934200260788202,0,2.400962082669139,13,18,3,1,4.24037903547287,0.9161173533648252
ITA-Serie A,2425,Lecce,Antonino Gallo,2,2024,243,8009,D,31,2624,0,0.3414014270529151,0,0.3414014270529151,2,3.284633100964129,9,43,3,1,6.571943439543247,4.682043295353651
ITA-Serie A,2425,Lecce,Balthazar Pierret,2,2024,243,8241,M S,30,1741,0,0.1400149362161755,0,0.1400149362161755,0,0.5047942474484444,6,10,2,0,4.396204272285104,3.9150002412498
ITA-Serie A,2425,Lecce,Danilo Veiga,2,2024,243,13395,D S,13,332,0,0.7220241073518991,0,0.7220241073518991,0,0.3290029633790254,5,6,0,0,1.6650652419775724,0.8138769175857306
ITA-Serie A,2425,Lecce,Federico Baschirotto,2,2024,243,10902,D,38,3420,2,1.786151384934783,2,1.786151384934783,0,0.4555621715262532,22,6,3,0,5.909337832592428,5.701119958423078
ITA-Serie A,2425,Lecce,Filip Marchwinski,2,2024,243,12886,S,1,13,0,0.0,0,0.0,0,0.0,0,0,0,0,0.0,0.0
ITA-Serie A,2425,Lecce,Frederic Guilbert,2,2024,243,3253,D M,31,2488,0,0.3119491282850504,0,0.3119491282850504,1,1.8118632491678,11,18,3,2,5.815500842407346,4.113950845785439
ITA-Serie A,2425,Lecce,Gaby Jean,2,2024,243,13027,D S,19,1384,0,0.0758519172668457,0,0.0758519172668457,0,0.0571330264210701,1,1,0,0,2.0158384051173925,2.0158384051173925
ITA-Serie A,2425,Lecce,Hamza Rafia,2,2024,243,9010,M S,18,1083,0,0.4039858905598521,0,0.4039858905598521,0,1.1233587395399809,10,16,4,0,3.56144916638732,2.3710656855255365
ITA-Serie A,2425,Lecce,Kevin Bonifazi,2,2024,243,3951,S,3,56,0,0.0,0,0.0,0,0.0,0,0,0,0,0.1094284504652023,0.1094284504652023
ITA-Serie A,2425,Lecce,Kialonda Gaspar,2,2024,243,12885,D,24,2148,0,0.7673945985734463,0,0.7673945985734463,1,1.029505891725421,16,6,3,0,3.646687723696232,3.560416884720325
ITA-Serie A,2425,Lecce,Konan N’Dri,2,2024,243,13451,M S,11,285,0,0.4773371573537588,0,0.4773371573537588,0,0.1473285099491477,9,6,0,0,0.5176749816164374,0.1157025210559368
ITA-Serie A,2425,Lecce,Lameck Banda,2,2024,243,7628,F M S,15,592,0,1.562277276068926,0,1.562277276068926,1,0.9776029624044896,17,11,1,0,2.743831116706133,0.4744632542133331
ITA-Serie A,2425,Lecce,Lassana Coulibaly,2,2024,243,3334,M S,38,2687,1,1.2990855276584623,1,1.2990855276584623,0,1.0492202918976543,9,12,3,0,7.347924545407295,5.172801356762648
ITA-Serie A,2425,Lecce,Medon Berisha,2,2024,243,10908,M S,17,697,0,0.6646855622529984,0,0.6646855622529984,1,0.7705809716135263,24,11,5,0,1.8912896253168583,1.05741735547781
ITA-Serie A,2425,Lecce,Mohamed Kaba,2,2024,243,11946,M S,15,422,0,0.647593978792429,0,0.647593978792429,0,0.0307085905224084,4,1,1,0,0.9743184950202703,0.8636524956673384
ITA-Serie A,2425,Lecce,Nicola Sansone,2,2024,243,1826,S,5,54,0,0.1622256785631179,0,0.1622256785631179,0,0.0732918381690979,3,1,0,0,0.1247635036706924,0.0383419282734394
ITA-Serie A,2425,Lecce,Nikola Krstovic,2,2024,243,12008,F,37,3096,11,12.192179908044636,9,9.908283424563706,5,3.5718187177553773,137,30,6,0,13.792114338837564,3.114339157938957
ITA-Serie A,2425,Lecce,Patrick Dorgu,2,2024,243,11944,D F M,21,1843,3,3.1648835986852646,3,3.1648835986852646,1,1.512625027447939,36,19,2,1,8.149002324789762,4.312539998441935
ITA-Serie A,2425,Lecce,Rares Burnete,2,2024,243,11947,S,4,17,0,0.0571330264210701,0,0.0571330264210701,0,0.0,1,0,0,0,0.0571330264210701,0.0
ITA-Serie A,2425,Lecce,Remi Oudin,2,2024,243,6884,M S,11,285,0,0.112958313897252,0,0.112958313897252,0,0.3877572789788246,3,6,1,0,1.0996708665043116,0.96848520077765
ITA-Serie A,2425,Lecce,Santiago Pierotti,2,2024,243,12362,F M S,36,1963,4,4.261026685126126,4,4.261026685126126,2,2.861844254657626,32,25,4,1,7.331456171348691,1.794905719347298
ITA-Serie A,2425,Lecce,Tete Morente,2,2024,243,8895,F M S,31,2036,3,3.1021080827340484,3,3.1021080827340484,2,1.8323508612811563,41,25,5,0,7.266147148795426,2.6662099501118064
ITA-Serie A,2425,Lecce,Thórir Helgason,2,2024,243,10906,M S,21,1156,0,1.3021719567477703,0,1.3021719567477703,4,0.9663341771811248,16,22,0,0,2.938693890348077,1.4568527415394783
ITA-Serie A,2425,Lecce,Tiago Gabriel,2,2024,243,13396,S,2,92,0,0.0,0,0.0,0,0.0,0,0,0,0,0.0453136339783668,0.0453136339783668
ITA-Serie A,2425,Lecce,Valentin Gendrey,2,2024,243,7742,D,2,180,0,0.1657107193022966,0,0.1657107193022966,0,0.1238877177238464,2,2,0,0,0.5757324602454901,0.3072855081409216
ITA-Serie A,2425,Lecce,Wladimiro Falcone,2,2024,243,4984,GK,38,3420,0,0.0,0,0.0,0,0.0,0,0,2,0,2.4041416253894567,2.4041416253894567
ITA-Serie A,2425,Lecce,Ylber Ramadani,2,2024,243,11945,M S,29,1831,1,0.5368887726217508,1,0.5368887726217508,1,0.8912339806556702,17,16,3,0,5.1174457632005215,3.889126590453088
ITA-Serie A,2425,Monza,Andrea Carboni,2,2024,271,8232,D M S,26,2209,0,0.344784278422594,0,0.344784278422594,1,0.1529489485546946,8,4,5,0,4.886373091489077,4.654283985495567
ITA-Serie A,2425,Monza,Andrea Mazza,2,2024,271,12357,S,1,7,0,0.0,0,0.0,0,0.0,0,0,0,0,0.0,0.0
ITA-Serie A,2425,Monza,Andrea Petagna,2,2024,271,1493,F S,13,319,0,0.2489668056368827,0,0.2489668056368827,0,0.0414404720067977,4,1,1,0,0.3679312029853463,0.1397826606407761
ITA-Serie A,2425,Monza,Armando Izzo,2,2024,271,1096,D S,30,2455,1,0.4861759934574365,1,0.4861759934574365,1,1.0162390042096376,6,11,12,0,6.275955243036151,5.299630461260676
ITA-Serie A,2425,Monza,Arvid Brorsson,2,2024,271,13400,D S,6,357,0,0.0,0,0.0,0,0.0,0,0,0,0,0.8185673002153635,0.8185673002153635
ITA-Serie A,2425,Monza,Danilo D'Ambrosio,2,2024,271,1523,D S,20,1098,0,0.7285793609917164,0,0.7285793609917164,1,0.5376804694533348,9,5,2,1,2.087382886558771,1.662583826109767
ITA-Serie A,2425,Monza,Dany Mota,2,2024,271,10895,F M S,31,2121,5,4.940644808113575,5,4.940644808113575,2,1.9611132070422173,42,21,3,0,9.050512425601482,3.241640606895089
ITA-Serie A,2425,Monza,Georgios Kyriakopoulos,2,2024,271,8034,D S,34,2865,2,1.027892344631255,2,1.027892344631255,4,3.4542827997356653,27,41,5,0,5.571459736675024,2.9557580947875977
ITA-Serie A,2425,Monza,Gianluca Caprari,2,2024,271,1170,F M S,34,1644,3,3.863158030435443,1,2.340560359880328,2,2.0879268255084757,29,29,3,0,6.640162381343544,3.3056100392714143
ITA-Serie A,2425,Monza,Jean-Daniel Akpa-Akpro,2,2024,271,3209,D M S,14,979,0,0.4298765882849693,0,0.4298765882849693,0,0.2380453012883663,4,3,4,0,2.818972907960415,2.5731213949620724
ITA-Serie A,2425,Monza,Keita,2,2024,271,1210,F S,11,644,2,1.8753624334931371,2,1.8753624334931371,0,0.2091236896812915,14,4,2,0,2.8264651000499725,1.191562789492309
ITA-Serie A,2425,Monza,Kevin Martins,2,2024,271,13129,D S,9,163,0,0.0,0,0.0,1,0.395392594859004,0,2,1,0,0.7607177495956421,0.7607177495956421
ITA-Serie A,2425,Monza,Luca Caldirola,2,2024,271,3,D S,14,865,0,0.3377504227682948,0,0.3377504227682948,0,0.0862647034227848,4,2,5,0,0.9976316206157207,0.9445620588958265
ITA-Serie A,2425,Monza,Matteo Pessina,2,2024,271,7013,M S,11,866,0,0.1847082301974296,0,0.1847082301974296,0,0.1058181272819638,3,4,2,0,1.6727564288303256,1.504181757569313
ITA-Serie A,2425,Monza,Mattia Valoti,2,2024,271,3899,S,5,31,0,0.0,0,0.0,0,0.0,0,0,1,0,0.0203121155500412,0.0203121155500412
ITA-Serie A,2425,Monza,Milan Djuric,2,2024,271,3856,F S,27,1522,5,4.078131872229278,5,4.078131872229278,1,0.8377221208065748,28,5,4,0,4.488791679032147,0.3141458183526993
ITA-Serie A,2425,Monza,Mirko Maric,2,2024,271,11498,F S,18,439,0,1.1305477246642113,0,1.1305477246642113,0,0.1022352464497089,7,3,0,0,1.1157330609858036,0.8022486865520477
ITA-Serie A,2425,Monza,Omari Forson,2,2024,271,12340,F S,9,198,0,0.4280303474515676,0,0.4280303474515676,0,0.3216859586536884,5,8,0,0,0.8694537989795208,0.1912885531783104
ITA-Serie A,2425,Monza,Patrick Ciurria,2,2024,271,10894,D F M S,21,1101,1,0.5166725674644113,1,0.5166725674644113,1,2.2959581948816776,11,13,1,0,2.598977845162153,0.5054212380200624
ITA-Serie A,2425,Monza,Pedro Pereira,2,2024,271,1241,D S,35,2689,1,1.7392617259174583,1,1.7392617259174583,3,2.2384377252310514,13,14,10,0,7.526778059080243,5.5956121776252985
ITA-Serie A,2425,Monza,Roberto Gagliardini,2,2024,271,1496,S,8,148,0,0.0,0,0.0,0,0.0823206976056099,0,1,1,0,0.2389168106019497,0.2389168106019497
ITA-Serie A,2425,Monza,Samuele Birindelli,2,2024,271,10892,D M S,21,1497,3,1.8879536800086496,3,1.8879536800086496,0,1.681458842009306,15,18,2,0,6.660150051116943,3.367040239274502
ITA-Serie A,2425,Monza,Samuele Vignato,2,2024,271,10897,M S,17,444,0,0.2273637987673282,0,0.2273637987673282,0,0.0098639708012342,4,1,0,0,0.7696044538170099,0.5323766693472862
ITA-Serie A,2425,Monza,Semuel Pizzignacco,2,2024,271,6507,GK S,9,735,0,0.0,0,0.0,0,0.0,0,0,0,0,0.0293079614639282,0.0293079614639282
ITA-Serie A,2425,Monza,Silvère Ganvoula,2,2024,271,9707,F S,7,324,0,0.3896697089076042,0,0.3896697089076042,0,0.1397376507520675,4,1,0,0,0.5616965629160404,0.1021412257105112
ITA-Serie A,2425,Monza,Stefan Lekovic,2,2024,271,12310,D S,7,355,0,0.0651790769770741,0,0.0651790769770741,0,0.0,3,0,0,0,0.23060785792768,0.23060785792768
ITA-Serie A,2425,Monza,Stefano Sensi,2,2024,271,1465,M S,12,253,1,0.8939067367464304,0,0.132607901468873,0,0.3312928956001997,7,3,0,0,0.933458210900426,0.8687582919374108
ITA-Serie A,2425,Monza,Stefano Turati,2,2024,271,8101,GK,30,2678,0,0.0,0,0.0,0,0.0,0,0,1,0,4.33682818338275,4.33682818338275
ITA-Serie A,2425,Napoli,Alessandro Buongiorno,2,2024,105,5025,D,22,1931,1,0.7932021021842957,1,0.7932021021842957,0,0.6279377229511738,8,5,2,0,8.373556986451149,8.244964852929115
ITA-Serie A,2425,Napoli,Alessio Zerbin,2,2024,105,4911,D M S,20,1523,1,2.1581489220261574,1,2.1581489220261574,1,2.365778660401702,17,24,4,0,5.175491515547037,1.3222598982974887
ITA-Serie A,2425,Napoli,Alex Meret,2,2024,105,1892,GK,34,3005,0,0.0,0,0.0,0,0.0,0,0,0,0,6.570487875491381,6.570487875491381
ITA-Serie A,2425,Napoli,Amir Rrahmani,2,2024,105,7924,D,38,3410,1,2.2584940614178777,1,2.2584940614178777,3,1.5486852955073118,28,11,2,0,13.18892247788608,12.652464220300317
ITA-Serie A,2425,Napoli,Billy Gilmour,2,2024,105,7988,M S,26,1161,0,0.6270224712789059,0,0.6270224712789059,1,1.503951701335609,9,21,0,0,8.001585158519447,6.564580678939819
ITA-Serie A,2425,Napoli,Cyril Ngonge,2,2024,105,11306,F S,18,177,0,0.5907556600868702,0,0.5907556600868702,0,0.1964319981634616,13,3,2,0,0.797872643917799,0.1580876559019088
ITA-Serie A,2425,Napoli,David Neres,2,2024,105,12993,F S,28,1268,2,2.994298680685461,2,2.994298680685461,4,3.375439688563347,29,26,1,0,9.530023638159037,4.620999600738287
ITA-Serie A,2425,Napoli,Franck Zambo,2,2024,105,6434,M S,35,2862,6,5.063090787269175,6,5.063090787269175,4,2.627801673486829,44,26,5,0,14.759264782071114,9.68088625371456
ITA-Serie A,2425,Napoli,Giacomo Raspadori,2,2024,105,7500,F M S,26,1110,6,5.084815743379295,6,5.084815743379295,1,2.190453313291073,42,29,1,0,8.41600340232253,2.6321063581854105
ITA-Serie A,2425,Napoli,Giovanni Di Lorenzo,2,2024,105,6978,D,37,3330,3,3.556538237258792,3,3.556538237258792,2,4.060254374518991,21,37,6,0,13.787290934473276,11.077612202614546
ITA-Serie A,2425,Napoli,Giovanni Simeone,2,2024,105,1102,F S,30,349,1,2.2662558434531093,1,2.2662558434531093,1,0.9974416717886924,13,8,1,0,3.654563601128757,1.0467244498431685
ITA-Serie A,2425,Napoli,Juan Jesus,2,2024,105,1247,D S,15,1076,0,0.2597546130418777,0,0.2597546130418777,1,0.1041164621710777,3,1,2,0,2.991619162261486,2.991619162261486
ITA-Serie A,2425,Napoli,Khvicha Kvaratskhelia,2,2024,105,7453,F M S,17,1201,5,4.196013361215591,4,3.434714525938034,3,3.705155532807112,50,27,1,0,8.84681673720479,3.6589537039399143
ITA-Serie A,2425,Napoli,Leonardo Spinazzola,2,2024,105,1500,D F S,27,1531,1,1.021505981683731,1,1.021505981683731,1,4.10211580991745,12,26,1,0,9.819637268781662,5.675645746290684
ITA-Serie A,2425,Napoli,Mathías Olivera,2,2024,105,6368,D S,32,2360,0,1.097764770500362,0,1.097764770500362,2,1.817230924963951,16,25,4,0,13.384824394248426,11.29226868506521
ITA-Serie A,2425,Napoli,Matteo Politano,2,2024,105,1473,D F M S,37,2881,3,3.645138157531619,3,3.645138157531619,4,6.106871038675308,56,55,3,0,14.71786006912589,9.300267823040484
ITA-Serie A,2425,Napoli,Pasquale Mazzocchi,2,2024,105,9902,D S,20,691,0,0.3297137916088104,0,0.3297137916088104,0,0.4411404579877853,3,5,2,0,2.241537034511566,1.548105027526617
ITA-Serie A,2425,Napoli,Philip Billing,2,2024,105,6034,M S,10,164,1,1.9009495750069616,1,1.9009495750069616,0,0.1413416489958763,6,3,1,0,1.9609037414193156,0.6691972948610783
ITA-Serie A,2425,Napoli,Rafa Marín,2,2024,105,10200,D S,4,133,0,0.0963965579867363,0,0.0963965579867363,0,0.0,2,0,1,0,0.5633276551961899,0.547226145863533
ITA-Serie A,2425,Napoli,Romelu Lukaku,2,2024,105,594,F S,36,2913,14,13.292909391224384,11,10.247714065015316,10,4.244027925655246,64,34,4,0,16.940836619585752,4.888765563257039
ITA-Serie A,2425,Napoli,Scott McTominay,2,2024,105,5560,M S,34,2938,12,8.857582463882864,12,8.857582463882864,4,2.8353318478912115,76,26,3,0,17.02024569362402,7.907815325073898
ITA-Serie A,2425,Napoli,Stanislav Lobotka,2,2024,105,6125,M S,32,2678,0,0.2537906588986516,0,0.2537906588986516,1,1.2683991631492972,7,17,3,0,13.80389129370451,13.176433347165585
ITA-Serie A,2425,Napoli,Walid Cheddira,2,2024,105,11989,S,1,5,0,0.0,0,0.0,0,0.0640204176306724,0,1,0,0,0.0640204176306724,0.0
ITA-Serie A,2425,Parma Calcio 1913,Adrian Benedyczak,2,2024,230,13172,M S,9,195,0,0.1726186573505401,0,0.1726186573505401,0,0.0382277425378561,3,2,0,0,0.2750710733234882,0.0642246752977371
ITA-Serie A,2425,Parma Calcio 1913,Adrián Bernabé,2,2024,230,8867,M S,21,1464,1,1.5122445924207568,1,1.5122445924207568,1,1.6502636158838868,27,23,1,0,8.45220860093832,6.969147564843297
ITA-Serie A,2425,Parma Calcio 1913,Alessandro Circati,2,2024,230,12783,D,6,540,0,0.1777893677353859,0,0.1777893677353859,0,0.0216004382818937,2,1,1,0,1.000532565638423,0.9789321273565292
ITA-Serie A,2425,Parma Calcio 1913,Anas Haj Mohamed,2,2024,230,12788,M S,15,450,1,1.0511461086571217,1,1.0511461086571217,2,1.2685235664248466,7,9,4,0,2.5591691844165325,0.9298625811934472
ITA-Serie A,2425,Parma Calcio 1913,Ange-Yoan Bonny,2,2024,230,12784,F S,37,2580,6,8.872624272480607,4,6.588727781549096,4,4.270201579667628,63,30,2,0,11.49412840604782,2.431112524122
ITA-Serie A,2425,Parma Calcio 1913,Antoine Hainaut,2,2024,230,12785,D M S,25,1184,2,0.853666452690959,2,0.853666452690959,0,0.7657707277685404,6,9,4,0,2.990510476753116,2.2022153213620186
ITA-Serie A,2425,Parma Calcio 1913,Botond Balogh,2,2024,230,8569,D S,29,2055,0,0.5026530101895332,0,0.5026530101895332,1,0.3208771962672472,3,2,5,0,4.25353516638279,4.232133310288191
ITA-Serie A,2425,Parma Calcio 1913,Dennis Man,2,2024,230,9303,F M S,33,1997,4,7.004470095038414,4,7.004470095038414,4,4.645356995984912,49,45,0,0,12.554394412785769,3.31936795450747
ITA-Serie A,2425,Parma Calcio 1913,Drissa Camara,2,2024,230,7203,F S,21,395,0,1.3038886561989784,0,1.3038886561989784,0,0.8044669926166534,15,5,3,0,3.5401441380381584,1.4914720226079226
ITA-Serie A,2425,Parma Calcio 1913,Emanuele Valeri,2,2024,230,11027,D M S,35,2883,2,1.603562337346375,1,0.8422635281458497,6,5.606089581735432,27,36,1,0,9.662433922290802,4.945689929649234
ITA-Serie A,2425,Parma Calcio 1913,Enrico Del Prato,2,2024,230,6692,D M S,34,2944,4,1.9651844333857296,4,1.9651844333857296,0,1.280717672780156,12,15,8,0,8.776847595348954,7.230205884203315
ITA-Serie A,2425,Parma Calcio 1913,Gabriel Charpentier,2,2024,230,13030,S,10,242,1,0.852648101747036,1,0.852648101747036,2,0.6286597438156605,9,6,1,0,1.3949673753231764,0.0456237904727458
ITA-Serie A,2425,Parma Calcio 1913,Giovanni Leoni,2,2024,230,13031,D S,17,1210,1,0.3942391201853752,1,0.3942391201853752,0,0.013675395399332,2,1,3,1,1.960203677415848,1.946528282016516
ITA-Serie A,2425,Parma Calcio 1913,Hernani,2,2024,230,5509,M S,25,1330,3,2.768267986364662,0,0.4843715196475386,3,2.086292065680027,20,24,7,0,3.7652265951037407,2.650100890547037
ITA-Serie A,2425,Parma Calcio 1913,Jacob Ondrejka,2,2024,230,13386,M S,12,408,5,1.3530066162347794,5,1.3530066162347794,0,1.156918689608574,14,8,0,0,2.6188761815428734,1.2010995410382748
ITA-Serie A,2425,Parma Calcio 1913,Lautaro Valenti,2,2024,230,8967,D S,20,1559,1,0.1997213764116168,1,0.1997213764116168,0,0.1470062136650085,7,4,4,1,3.46219614520669,3.351312763988972
ITA-Serie A,2425,Parma Calcio 1913,Leandro Chichizola,2,2024,230,6078,GK,1,90,0,0.0,0,0.0,0,0.0,0,0,0,0,0.2782973647117615,0.2782973647117615
ITA-Serie A,2425,Parma Calcio 1913,Mandela Keita,2,2024,230,13097,M S,30,1852,0,0.0985107105225324,0,0.0985107105225324,2,1.207997653633356,5,16,4,1,6.091869512572885,5.132593246176839
ITA-Serie A,2425,Parma Calcio 1913,Mateo Pellegrino,2,2024,230,13446,F S,13,742,3,4.878659307956696,3,4.878659307956696,1,0.4318407028913498,22,5,2,0,5.234482780098915,1.5947542488574982
ITA-Serie A,2425,Parma Calcio 1913,Mateusz Kowalski,2,2024,230,12786,M,1,61,0,0.5485414266586304,0,0.5485414266586304,0,0.0,1,0,0,0,0.5689487457275391,0.0204073097556829
ITA-Serie A,2425,Parma Calcio 1913,Mathias Løvik,2,2024,230,13331,S,6,77,0,0.1374384760856628,0,0.1374384760856628,0,0.1217529103159904,1,1,0,0,0.4857194051146507,0.2265280112624168
ITA-Serie A,2425,Parma Calcio 1913,Matteo Cancellieri,2,2024,230,9071,F M S,27,1453,3,2.508650751784444,3,2.508650751784444,0,0.5385912079364061,22,10,2,1,3.886869568377733,1.2166336849331856
ITA-Serie A,2425,Parma Calcio 1913,Mihai Valentin Mihaila,2,2024,230,9226,F M S,21,1315,0,2.550204722210765,0,2.550204722210765,3,1.3676811531186104,30,17,2,0,4.922204859554768,1.9117422420531511
ITA-Serie A,2425,Parma Calcio 1913,Nahuel Estévez,2,2024,230,9065,M S,14,658,0,0.0965209947898984,0,0.0965209947898984,0,0.5345467198640108,5,6,2,0,1.988280588760972,1.584996396675706
ITA-Serie A,2425,Parma Calcio 1913,Pontus Almqvist,2,2024,230,9061,D F M S,29,1085,1,2.062207432463765,1,2.062207432463765,1,1.6867310833185911,26,10,5,0,5.689991846680641,2.2183973472565413
ITA-Serie A,2425,Parma Calcio 1913,Simon Sohm,2,2024,230,9029,M S,37,3015,4,4.3499494809657335,4,4.3499494809657335,0,2.630914680659771,34,20,6,0,15.720251835882664,9.804565664380789
ITA-Serie A,2425,Parma Calcio 1913,Woyo Coulibaly,2,2024,230,12782,D S,14,1082,0,0.1118743168190121,0,0.1118743168190121,1,1.3046283889561892,3,8,1,1,3.635269640013576,2.4448944218456745
ITA-Serie A,2425,Parma Calcio 1913,Wylan Cyprien,2,2024,230,4768,S,2,21,0,0.3532252907752991,0,0.3532252907752991,0,0.0,1,0,0,0,0.3532252907752991,0.0
ITA-Serie A,2425,Parma Calcio 1913,Yordan Osorio,2,2024,230,8012,D S,3,170,0,0.0262460224330425,0,0.0262460224330425,0,0.1142310500144958,1,1,0,0,0.4919546470046043,0.3777235969901085
ITA-Serie A,2425,Parma Calcio 1913,Zion Suzuki,2,2024,230,12781,GK,37,3319,0,0.0,0,0.0,0,0.0,0,0,0,1,5.399743342772126,5.399743342772126
ITA-Serie A,2425,Roma,Anass Salah-Eddine,2,2024,95,13450,D S,3,156,0,0.4623778164386749,0,0.4623778164386749,1,0.0463808365166187,2,2,0,0,2.121259570121765,1.6293084435164928
ITA-Serie A,2425,Roma,Angelino,2,2024,95,1040,D M S,38,3182,2,1.4242041343823075,2,1.4242041343823075,1,5.52251351904124,24,50,1,0,13.30595819465816,9.541474713012576
ITA-Serie A,2425,Roma,Artem Dovbyk,2,2024,95,11736,F S,32,2454,12,14.354873014613986,10,12.832275385037065,2,2.92091160826385,63,25,0,0,14.934369965456426,3.34222876932472
ITA-Serie A,2425,Roma,Bryan Cristante,2,2024,95,1168,M S,30,2046,4,2.4521201327443123,4,2.4521201327443123,2,1.721342091448605,30,18,8,0,10.653758198022842,8.618931483477354
ITA-Serie A,2425,Roma,Devyne Rensch,2,2024,95,13389,D S,14,458,0,0.6233813874423504,0,0.6233813874423504,1,0.7634415775537491,3,2,0,0,2.320372387766838,2.1854646783322096
ITA-Serie A,2425,Roma,Eldor Shomurodov,2,2024,95,5954,F M S,27,1082,4,5.652864208444953,4,5.652864208444953,4,1.8670945186167955,29,17,1,0,7.127035621553659,1.596219727769494
ITA-Serie A,2425,Roma,Enzo Le Fée,2,2024,95,8651,M S,6,317,0,0.1899425163865089,0,0.1899425163865089,0,0.1334311068058014,4,3,1,0,1.0235081762075424,0.7803870625793934
ITA-Serie A,2425,Roma,Evan Ndicka,2,2024,95,7049,D,38,3420,0,1.0002613915130496,0,1.0002613915130496,1,1.0897020567208529,18,8,2,0,14.56415120139718,14.46067021600902
ITA-Serie A,2425,Roma,Gianluca Mancini,2,2024,95,6159,D S,37,3152,2,2.963864615187049,2,2.963864615187049,0,1.0477176792919636,22,15,8,0,12.107092240825295,11.160773133859038
ITA-Serie A,2425,Roma,Kouadio Kone,2,2024,95,7482,M S,34,2597,2,2.9576583448797464,2,2.9576583448797464,1,1.7725180741399529,34,19,6,0,14.167982800863683,11.84147794637829
ITA-Serie A,2425,Roma,Leandro Paredes,2,2024,95,1248,M S,22,1370,3,2.1564809433184564,1,0.6338833100162446,1,1.6625222507864237,26,21,4,0,10.667602295055984,9.504389160312712
ITA-Serie A,2425,Roma,Lorenzo Pellegrini,2,2024,95,1471,M S,25,1648,2,5.427780851721764,1,4.666482016444206,1,2.6245815753936768,42,27,4,0,9.614778824150562,4.58295938745141
ITA-Serie A,2425,Roma,Lucas Gourna Douath,2,2024,95,8372,M S,6,220,0,0.2261843979358673,0,0.2261843979358673,0,0.0930719077587127,3,2,2,0,1.0990982353687286,0.8322771042585373
ITA-Serie A,2425,Roma,Mario Hermoso,2,2024,95,6136,D S,8,228,0,0.0701736435294151,0,0.0701736435294151,0,0.0,1,0,0,1,0.4513957612216472,0.4513957612216472
ITA-Serie A,2425,Roma,Mats Hummels,2,2024,95,373,D S,14,925,0,0.6159650785848498,0,0.6159650785848498,0,0.0773359723389148,8,2,1,0,5.503668360412121,5.38141018897295
ITA-Serie A,2425,Roma,Matìas Soulè Malvano,2,2024,95,9965,D F M S,27,1807,5,3.697174882516265,5,3.697174882516265,5,6.449352219700813,42,51,3,0,14.13892114534974,6.339091908186674
ITA-Serie A,2425,Roma,Mehmet Zeki Çelik,2,2024,95,6872,D M S,31,2270,0,0.6175438268110156,0,0.6175438268110156,2,1.8601762130856516,13,19,5,0,6.364265374839306,5.347411056980491
ITA-Serie A,2425,Roma,Mile Svilar,2,2024,95,10967,GK,38,3420,0,0.0802524909377098,0,0.0802524909377098,0,0.0,1,0,1,0,7.252380753867328,7.252380753867328
ITA-Serie A,2425,Roma,Niccolò Pisilli,2,2024,95,11470,M S,28,1198,2,3.067274132743478,2,3.067274132743478,1,0.9415066838264464,27,10,7,0,5.933968747034669,3.9242928493767977
ITA-Serie A,2425,Roma,Paulo Dybala,2,2024,95,1294,F M S,24,1431,6,7.097136401571333,3,4.813239821232855,3,6.226575620472431,50,40,2,0,12.7716128481552,7.265248727984726
ITA-Serie A,2425,Roma,Samuel Dahl,2,2024,95,12869,S,2,39,0,0.0,0,0.0,0,0.0,0,0,0,0,0.0634294301271438,0.0634294301271438
ITA-Serie A,2425,Roma,Saud Abdulhamid,2,2024,95,13053,D S,4,208,0,0.0149639835581183,0,0.0149639835581183,1,0.3789634853601455,1,2,0,0,1.148334621451795,0.7544071078300476
ITA-Serie A,2425,Roma,Stephan El Shaarawy,2,2024,95,1252,D F M S,31,1075,3,2.968658696860075,3,2.968658696860075,4,1.2206020690500736,28,15,2,0,8.5647276006639,5.534490182995796
ITA-Serie A,2425,Roma,Tommaso Baldanzi,2,2024,95,9951,M S,31,777,1,1.9191363900899887,1,1.9191363900899887,1,1.3112524915486574,20,10,2,0,5.2209326811134815,2.456991894170642
ITA-Serie A,2425,Roma,Victor Nelsson,2,2024,95,13449,D S,4,179,0,0.0469137728214263,0,0.0469137728214263,0,0.0,1,0,0,0,0.5982119515538216,0.5982119515538216
ITA-Serie A,2425,Torino,Aaron Ciammaglichella,2,2024,113,11463,S,1,1,0,0.0,0,0.0,0,0.0,0,0,0,0,0.0,0.0
ITA-Serie A,2425,Torino,Adam Masina,2,2024,113,1441,D S,28,1911,1,0.8731769127771258,1,0.8731769127771258,2,0.5124717773869634,7,4,5,0,3.155869249254465,3.124552465975285
ITA-Serie A,2425,Torino,Adrien Tameze,2,2024,113,5996,D M S,20,647,0,0.2971748486161232,0,0.2971748486161232,0,1.1384672857820988,7,6,3,0,1.7423053700476885,0.9978323206305504
ITA-Serie A,2425,Torino,Alberto Paleari,2,2024,113,9044,GK,1,90,0,0.0,0,0.0,0,0.0,0,0,0,0,0.0,0.0
ITA-Serie A,2425,Torino,Alessio Cacciamani,2,2024,113,13599,S,2,21,0,0.0,0,0.0,0,0.0,0,0,0,0,0.2961850762367248,0.2961850762367248
ITA-Serie A,2425,Torino,Ali Dembélé,2,2024,113,11279,D S,15,369,1,0.3785240538418293,1,0.3785240538418293,0,0.1086953617632389,5,3,2,1,0.5299162268638611,0.215679925866425
ITA-Serie A,2425,Torino,Alieu Njie,2,2024,113,12365,S,16,361,1,1.2351643005385995,1,1.2351643005385995,0,0.5602473244071007,9,4,1,0,1.7521601133048534,0.0310470722615718
ITA-Serie A,2425,Torino,Antonio Sanabria,2,2024,113,2217,F S,26,1321,2,2.5742118433117867,2,1.812913067638874,1,0.31946961581707,19,8,2,0,2.688256904482841,1.093564716167748
ITA-Serie A,2425,Torino,Borna Sosa,2,2024,113,7075,D S,19,1195,0,0.2137429593130946,0,0.2137429593130946,0,0.8588731754571199,4,11,0,0,3.20372952427715,2.3541967459023
ITA-Serie A,2425,Torino,Cesare Casadei,2,2024,113,10433,F M S,15,1030,1,1.2500655204057691,1,1.2500655204057691,1,0.3901698719710111,14,7,1,0,3.119248924776912,1.903520254418254
ITA-Serie A,2425,Torino,Che Adams,2,2024,113,7700,F S,36,2650,9,9.513159267604353,9,8.751860439777374,3,2.1832971647381783,64,26,2,0,12.417382868006824,3.57548772636801
ITA-Serie A,2425,Torino,Duván Zapata,2,2024,113,1148,F,7,597,3,3.206736508756876,3,3.206736508756876,0,0.5824607098475099,21,9,1,0,4.070810154080391,0.7009266540408134
ITA-Serie A,2425,Torino,Eljif Elmas,2,2024,113,7912,F M S,13,1032,4,1.376329985447228,4,1.376329985447228,0,0.536102406680584,19,10,0,0,3.8012698255479336,2.1076339967548847
ITA-Serie A,2425,Torino,Guillermo Maripán,2,2024,113,6073,D S,28,2340,1,1.0367044052109122,1,1.0367044052109122,1,1.2979081273078918,12,5,4,1,3.93311261292547,3.244001834653318
ITA-Serie A,2425,Torino,Gvidas Gineitis,2,2024,113,11278,M S,30,1431,3,1.846869610249996,3,1.846869610249996,1,2.1717008724808693,29,21,5,0,5.020252310670912,2.374197735451162
ITA-Serie A,2425,Torino,Ivan Ilic,2,2024,113,8828,M S,19,898,1,1.1345241209492087,1,1.1345241209492087,0,0.9605423053726554,11,9,4,0,4.03326803445816,2.487295724451542
ITA-Serie A,2425,Torino,Karol Linetty,2,2024,113,1226,M S,28,1548,1,0.8516321126371622,1,0.8516321126371622,0,0.7127992520108819,17,10,6,0,3.1275448435917497,2.5471969498321414
ITA-Serie A,2425,Torino,Marcus Pedersen,2,2024,113,12012,D S,29,1349,0,0.8383578862994909,0,0.8383578862994909,0,0.3139798147603869,8,7,3,0,2.568528109230101,1.559088763780892
ITA-Serie A,2425,Torino,Nikola Vlasic,2,2024,113,6276,F M S,30,2127,5,3.3855708930641413,3,1.86297326721251,4,2.641710100695491,31,32,0,0,7.903357891365886,4.79482457973063
ITA-Serie A,2425,Torino,Saba Sazonov,2,2024,113,9381,S,1,1,0,0.0,0,0.0,0,0.0,0,0,0,0,0.0,0.0
ITA-Serie A,2425,Torino,Samuele Ricci,2,2024,113,7530,M,34,2863,1,1.2636383641511202,1,1.2636383641511202,1,0.6732697440311313,22,15,8,1,6.681054439395666,4.934482039883733
ITA-Serie A,2425,Torino,Saúl Coco,2,2024,113,11741,D,32,2851,2,1.9452431565150616,2,1.9452431565150616,0,0.0062868800014257,20,1,10,0,4.081076920032501,4.014715070836246
ITA-Serie A,2425,Torino,Sergiu Perciun,2,2024,113,13270,S,5,133,0,0.0616049394011497,0,0.0616049394011497,0,0.0655697956681251,2,2,0,0,0.5593453757464886,0.4321706444025039
ITA-Serie A,2425,Torino,Tommaso Gabellini,2,2024,113,13164,S,1,8,0,0.0165546219795942,0,0.0165546219795942,0,0.0,1,0,0,0,0.0165546219795942,0.0
ITA-Serie A,2425,Torino,Valentino Lazaro,2,2024,113,6352,D M S,33,2335,0,1.252574815414846,0,1.252574815414846,6,3.495082600042224,16,33,6,0,7.490926083177328,5.380676664412022
ITA-Serie A,2425,Torino,Vanja Milinkovic-Savic,2,2024,113,6167,GK,37,3330,0,0.0,0,0.0,0,0.1168199703097343,0,3,3,0,3.699137863703072,3.5823178878054023
ITA-Serie A,2425,Torino,Yann Karamoh,2,2024,113,5700,F M S,29,1031,0,1.7456839065998793,0,1.7456839065998793,1,1.0140743786469102,25,9,2,0,3.1664749179035425,0.6353210043162107
ITA-Serie A,2425,Udinese,Alexis Sánchez,2,2024,99,498,F S,13,435,0,1.230900346301496,0,1.230900346301496,0,0.1015414707362651,7,3,0,0,2.664339796639979,1.4354362692683935
ITA-Serie A,2425,Udinese,Arthur Atta,2,2024,99,11800,M S,27,1223,0,1.5434948615729809,0,1.5434948615729809,1,1.7459386195987463,26,18,5,0,4.884303130209446,2.524522189050913
ITA-Serie A,2425,Udinese,Brenner,2,2024,99,12342,F M S,9,389,1,0.4947841465473175,1,0.4947841465473175,2,0.5186105389147997,7,5,0,0,1.1117826737463474,0.1805124096572399
ITA-Serie A,2425,Udinese,Christian Kabasele,2,2024,99,1725,D S,16,1164,2,2.2601508777588606,2,2.2601508777588606,0,0.3534695822745561,15,6,0,0,0.8825029470026493,0.5794381741434336
ITA-Serie A,2425,Udinese,Damián Pizarro,2,2024,99,13049,S,2,12,0,0.0,0,0.0,0,0.0,0,0,0,0,0.0,0.0
ITA-Serie A,2425,Udinese,Daniele Padelli,2,2024,99,1195,GK,1,90,0,0.0,0,0.0,0,0.0,0,0,0,0,0.0917804986238479,0.0917804986238479
ITA-Serie A,2425,Udinese,Enzo Ebosse,2,2024,99,8632,S,2,83,0,0.0,0,0.0,0,0.0514530539512634,0,1,1,0,0.1033825911581516,0.0519295372068882
ITA-Serie A,2425,Udinese,Florian Thauvin,2,2024,99,942,F M S,25,2010,8,9.337323119863868,7,7.053426733240485,3,4.883188674226403,54,38,0,0,12.177254557609558,4.74868880212307
ITA-Serie A,2425,Udinese,Hassane Kamara,2,2024,99,3729,D M S,30,2020,1,0.7477439409121871,1,0.7477439409121871,4,3.255213731899857,17,25,6,1,5.070894621312618,3.514498222619295
ITA-Serie A,2425,Udinese,Iker Bravo,2,2024,99,10090,F M S,29,629,2,1.1998920924961567,2,1.1998920924961567,1,0.5227264482527971,13,7,3,0,2.38471445068717,0.674788711592555
ITA-Serie A,2425,Udinese,Jaka Bijol,2,2024,99,6807,D,34,2964,1,2.1401905212551355,1,2.1401905212551355,0,0.6740374462679029,19,12,11,1,7.283961589448154,6.610245150513947
ITA-Serie A,2425,Udinese,James Abankwah,2,2024,99,10881,S,6,70,0,0.1146742552518844,0,0.1146742552518844,0,0.0,1,0,1,0,0.4268139153718948,0.3121396601200104
ITA-Serie A,2425,Udinese,Jesper Karlström,2,2024,99,12853,M S,37,3201,0,1.0215017618611455,0,1.0215017618611455,3,1.6782602947205305,13,21,9,0,8.539285136386752,6.683409044519067
ITA-Serie A,2425,Udinese,Jordan Zemura,2,2024,99,10740,D S,23,1401,1,1.0848796032369137,1,1.0848796032369137,2,1.7748898016288877,13,11,2,0,3.965422187000513,2.0313164219260216
ITA-Serie A,2425,Udinese,Jurgen Ekkelenkamp,2,2024,99,9993,M S,34,1884,3,3.1339307287707925,3,3.1339307287707925,2,1.634106621146202,26,16,2,0,7.973995503038168,4.543551272712648
ITA-Serie A,2425,Udinese,Keinan Davis,2,2024,99,1053,F S,23,1049,2,3.069802690297365,2,3.069802690297365,1,2.451004257425666,29,20,2,0,5.503186270594597,1.115274365991354
ITA-Serie A,2425,Udinese,Kingsley Ehizibue,2,2024,99,7785,D M S,33,2534,0,1.6657815780490637,0,1.6657815780490637,1,2.317279883660376,14,22,5,0,7.501473223790526,3.715930735692382
ITA-Serie A,2425,Udinese,Lautaro Giannetti,2,2024,99,12341,D S,15,892,1,0.0769269755110144,1,0.0769269755110144,0,0.0951495468616485,2,2,4,0,0.6581898517906666,0.5630403058603406
ITA-Serie A,2425,Udinese,Lorenzo Lucca,2,2024,99,11936,F S,33,2369,12,9.25349983945489,11,8.492201004177332,1,1.4154015257954595,66,14,10,0,9.291834384202955,1.9438087791204453
ITA-Serie A,2425,Udinese,Maduka Okoye,2,2024,99,8326,GK,25,2250,0,0.0,0,0.0,0,0.0,0,0,1,0,1.6492060236632824,1.6492060236632824
ITA-Serie A,2425,Udinese,Martín Payero,2,2024,99,12084,M S,25,1391,1,1.3691439758986237,1,1.3691439758986237,1,1.263338158838451,31,15,5,0,4.44339719042182,3.080846358090639
ITA-Serie A,2425,Udinese,Matteo Palma,2,2024,99,12635,S,1,2,0,0.0,0,0.0,0,0.0,0,0,0,0,0.0,0.0
ITA-Serie A,2425,Udinese,Nehuén Pérez,2,2024,99,7516,D,2,180,0,0.0,0,0.0,0,0.0,0,0,0,0,0.0,0.0
ITA-Serie A,2425,Udinese,Oier Zarraga,2,2024,99,8728,M S,22,881,1,0.2872130675241351,1,0.2872130675241351,0,0.3232956565916538,6,6,0,0,2.017476899549365,1.489111479371786
ITA-Serie A,2425,Udinese,Oumar Solet,2,2024,99,6618,D,19,1676,1,0.8947085021063685,1,0.8947085021063685,2,1.2162842229008677,12,18,1,1,3.9687442146241674,3.1539295949041843
ITA-Serie A,2425,Udinese,Razvan Sava,2,2024,99,8321,GK,12,1080,0,0.0,0,0.0,0,0.0,0,0,1,0,0.1836187932640314,0.1836187932640314
ITA-Serie A,2425,Udinese,Rui Modesto,2,2024,99,13099,D S,20,581,0,0.5112633872777224,0,0.5112633872777224,1,0.6775725353509188,3,14,1,0,1.939987700432539,1.0906022023409605
ITA-Serie A,2425,Udinese,Sandi Lovric,2,2024,99,10878,M S,36,2370,2,2.558918621391058,2,2.558918621391058,3,3.452964967116713,49,32,5,0,9.900501234456897,5.352557154372335
ITA-Serie A,2425,Udinese,Simone Pafundi,2,2024,99,10596,S,9,94,0,0.0618065930902957,0,0.0618065930902957,0,0.6294282283633947,2,3,0,0,0.2961852122098207,0.2107119094580412
ITA-Serie A,2425,Udinese,Souleymane Isaak Touré,2,2024,99,10854,D S,12,742,1,0.7402979917824268,1,0.7402979917824268,0,0.0290865339338779,4,2,2,2,2.073045678436756,2.073045678436756
ITA-Serie A,2425,Udinese,Thomas Thiesson Kristensen,2,2024,99,12040,D S,24,1747,1,0.9477472146973014,1,0.9477472146973014,0,0.3604104518890381,4,4,5,0,3.453938253223896,3.3669678196311
ITA-Serie A,2425,Venezia,Alfred Duncan,2,2024,265,1474,M S,16,965,0,0.968411073088646,0,0.968411073088646,0,1.9832440372556448,15,11,2,0,3.4534763414412737,1.5767809636890888
ITA-Serie A,2425,Venezia,Antonio Candela,2,2024,265,7412,D S,14,1020,0,0.2107732538133859,0,0.2107732538133859,1,0.8027737401425838,5,9,2,0,2.94451604783535,2.0917825028300285
ITA-Serie A,2425,Venezia,Antonio Raimondo,2,2024,265,9539,S,9,71,0,0.5108163952827454,0,0.5108163952827454,0,0.1056013479828834,1,1,0,0,0.6164177432656288,0.0
ITA-Serie A,2425,Venezia,Bjarki Steinn Bjarkason,2,2024,265,9889,D S,9,153,0,0.0,0,0.0,0,0.0505398325622081,0,1,2,0,0.0682868808507919,0.0682868808507919
ITA-Serie A,2425,Venezia,Cheick Conde,2,2024,265,13338,M S,9,136,0,0.0,0,0.0,0,0.0083109177649021,0,1,2,0,0.4384280852973461,0.430117167532444
ITA-Serie A,2425,Venezia,Christian Gytkjær,2,2024,265,10893,F S,29,720,2,3.4311846122145653,1,2.669885747134685,1,0.7098643705248833,18,7,0,0,2.1699485518038277,0.4514015540480613
ITA-Serie A,2425,Venezia,Daniel Fila,2,2024,265,13448,F S,10,495,2,1.922950215637684,2,1.922950215637684,0,0.3483077250421047,8,6,1,1,2.6668144688010216,0.4618998505175113
ITA-Serie A,2425,Venezia,Domen Crnigoj,2,2024,265,9903,M S,8,121,0,0.0925334468483924,0,0.0925334468483924,0,0.0,1,0,0,0,0.182824295014143,0.0902908481657505
ITA-Serie A,2425,Venezia,Fali Candé,2,2024,265,10389,D,17,1530,1,0.8236780585721135,1,0.8236780585721135,1,0.804043959826231,5,4,4,0,2.158546522259712,1.4531347639858725
ITA-Serie A,2425,Venezia,Filip Stankovic,2,2024,265,8308,GK,16,1367,0,0.0,0,0.0,0,0.0,0,0,1,0,0.5519082397222519,0.5519082397222519
ITA-Serie A,2425,Venezia,Francesco Zampano,2,2024,265,1161,D M S,24,1633,1,1.283414401113987,1,1.283414401113987,2,1.1868484076112509,7,12,5,0,4.346421523019671,1.996891152113676
ITA-Serie A,2425,Venezia,Franco Ezequiel Carboni,2,2024,265,9057,D M S,8,220,0,0.0143228555098176,0,0.0143228555098176,0,0.0930403778329491,1,2,2,0,0.2046486185863614,0.1956575401127338
ITA-Serie A,2425,Venezia,Gaetano Oristanio,2,2024,265,11958,F M S,37,2353,3,5.692690180614591,3,5.692690180614591,3,2.3286834582686424,44,33,3,0,8.785600032657385,2.129219925031066
ITA-Serie A,2425,Venezia,Gianluca Busio,2,2024,265,9904,F M S,33,2537,2,2.8546703048050404,2,2.8546703048050404,0,1.6145903673022983,36,28,4,0,6.50524911377579,2.829230998642742
ITA-Serie A,2425,Venezia,Giorgio Altare,2,2024,265,4968,D S,12,750,0,0.0842535831034183,0,0.0842535831034183,0,0.1047791242599487,3,1,2,0,0.4232188854366541,0.3866354469209909
ITA-Serie A,2425,Venezia,Hans Nicolussi Caviglia,2,2024,265,7483,M S,35,2883,4,2.240483092144132,4,2.240483092144132,2,2.812581107020378,53,29,5,1,6.240041554905474,4.334810188040137
ITA-Serie A,2425,Venezia,Ionut Radu,2,2024,265,1830,GK,15,1350,0,0.0,0,0.0,0,0.0,0,0,1,0,2.2083784909918904,2.2083784909918904
ITA-Serie A,2425,Venezia,Issa Doumbia,2,2024,265,12878,M S,24,922,0,1.5646562036126852,0,1.5646562036126852,0,0.1171914394944906,17,3,0,0,2.518975531682372,1.2910603070631623
ITA-Serie A,2425,Venezia,Jay Idzes,2,2024,265,12989,D,35,3130,1,2.105722848325968,1,2.105722848325968,0,1.5452221520245075,16,8,5,0,5.570156503468752,4.609417419880629
ITA-Serie A,2425,Venezia,Jesse Joronen,2,2024,265,7955,GK S,8,703,0,0.0,0,0.0,0,0.0,0,0,0,0,1.264470400288701,1.264470400288701
ITA-Serie A,2425,Venezia,Joel Pohjanpalo,2,2024,265,5222,F S,20,1635,6,7.442887621931732,3,4.397692278958857,0,1.742062452249229,38,14,1,0,6.818921614438295,1.4799817521125078
ITA-Serie A,2425,Venezia,John Yeboah,2,2024,265,7234,F M S,33,1198,1,2.5314945550635457,1,2.5314945550635457,1,2.961378918029368,30,20,6,0,6.871234200894833,2.028984921053052
ITA-Serie A,2425,Venezia,Joël Schingtienne,2,2024,265,13006,D S,16,1124,0,0.0,0,0.0,0,0.0965624712407589,0,3,2,0,0.4356286553665995,0.4160086130723357
ITA-Serie A,2425,Venezia,Kike Pérez,2,2024,265,8470,M S,16,1130,1,1.3553542979061604,1,1.3553542979061604,0,1.0465105026960373,13,18,4,0,3.395587347447872,1.424926709383726
ITA-Serie A,2425,Venezia,Magnus Kofod Andersen,2,2024,265,12875,M S,14,692,1,0.2297064270824194,1,0.2297064270824194,1,0.4962088577449322,8,10,1,0,1.7651554197072985,1.3734811171889303
ITA-Serie A,2425,Venezia,Marin Sverko,2,2024,265,12873,D S,16,1123,1,0.2006810456514358,1,0.2006810456514358,0,0.3804778158664703,3,2,3,0,2.041018757969141,1.827217359095812
ITA-Serie A,2425,Venezia,Michael Svoboda,2,2024,265,9887,D S,16,1311,1,0.2000991841778159,1,0.2000991841778159,0,0.9600300937891006,4,5,1,0,3.791474578902125,3.685541717335582
ITA-Serie A,2425,Venezia,Mikael Ellertsson,2,2024,265,10957,D M S,36,2503,2,1.3820830965414643,2,1.3820830965414643,2,2.1617317385971546,21,20,2,0,5.425039594992995,2.492546943947673
ITA-Serie A,2425,Venezia,Nicholas Pierini,2,2024,265,2012,S,2,77,0,0.0391007140278816,0,0.0391007140278816,0,0.0679236464202404,1,2,0,0,0.1263615116477012,0.092625506222248
ITA-Serie A,2425,Venezia,Nunzio Lella,2,2024,265,7321,S,1,2,0,0.0,0,0.0,0,0.0,0,0,0,0,0.0,0.0
ITA-Serie A,2425,Venezia,Richie Sagrado,2,2024,265,12874,D,3,145,0,0.0341544412076473,0,0.0341544412076473,0,0.0,1,0,1,0,0.0629419069737196,0.0287874657660722
ITA-Serie A,2425,Venezia,Ridgeciano Haps,2,2024,265,9952,D S,25,1369,1,1.4896735288202765,1,1.4896735288202765,1,1.001672275364399,15,7,3,0,4.628160126507282,2.384881101548672
ITA-Serie A,2425,Venezia,Saad El Haddad,2,2024,265,12990,S,3,23,0,0.0,0,0.0,0,0.018121900036931,0,1,0,0,0.0346195213496685,0.0164976213127374
ITA-Serie A,2425,Verona,Abdou Harroui,2,2024,94,9996,F M S,10,452,1,2.4512249622493982,1,2.4512249622493982,2,1.0444414168596268,15,4,1,0,4.008257923647761,1.457410605624318
ITA-Serie A,2425,Verona,Alphadjo Cissè,2,2024,94,11418,S,2,5,0,0.0392821114510297,0,0.0392821114510297,0,0.0,2,0,0,0,0.0192173589020967,0.0
ITA-Serie A,2425,Verona,Amin Sarr,2,2024,94,11350,F S,32,1940,4,4.79459623247385,4,4.79459623247385,1,2.119128202088177,23,22,1,0,8.290901853702962,2.3352970629930496
ITA-Serie A,2425,Verona,Antoine Bernede,2,2024,94,6360,M S,14,591,1,0.2186197899281978,1,0.2186197899281978,0,0.4662043675780296,4,10,2,0,1.219642659649253,0.625960398465395
ITA-Serie A,2425,Verona,Casper Tengstedt,2,2024,94,12855,F M S,25,1552,6,5.571623582392931,5,4.810324747115374,1,1.2589485691860318,38,12,2,0,7.137801101431251,1.7660519918426871
ITA-Serie A,2425,Verona,Cheikh Niasse,2,2024,94,7758,M S,11,760,0,0.1723746107891202,0,0.1723746107891202,0,0.0894045606255531,3,4,4,0,0.9442625353112816,0.6950129084289074
ITA-Serie A,2425,Verona,Dailon Livramento,2,2024,94,12856,F M S,29,922,1,2.382310029119253,1,2.382310029119253,1,1.0129290595650673,13,8,2,1,4.684611141681671,1.432822888717055
ITA-Serie A,2425,Verona,Dani Silva,2,2024,94,12380,M S,11,398,0,0.0324114789254963,0,0.0324114789254963,0,0.1477343197911977,2,3,1,0,1.5528571605682373,1.4024221748113632
ITA-Serie A,2425,Verona,Daniel Mosquera,2,2024,94,12857,F S,35,1334,5,7.168538000434637,5,7.168538000434637,1,1.859255077317357,57,12,4,0,10.489193508401511,3.695483503863216
ITA-Serie A,2425,Verona,Daniel Oyegoke,2,2024,94,13401,S,5,91,0,0.013305271975696,0,0.013305271975696,0,0.0,1,0,1,0,0.0,0.0
ITA-Serie A,2425,Verona,Daniele Ghilardi,2,2024,94,12858,D S,24,2029,0,0.5332020772621036,0,0.5332020772621036,0,0.1898812940344214,12,6,7,1,1.4485671985894442,1.2841083779931068
ITA-Serie A,2425,Verona,Darko Lazovic,2,2024,94,1106,D M S,27,1467,2,2.923182776197791,1,2.161883970722556,3,3.620596608147025,20,19,0,0,6.413260260596871,0.9932305105030536
ITA-Serie A,2425,Verona,Diego Coppola,2,2024,94,10169,D S,34,2928,2,1.3077915208414197,2,1.3077915208414197,0,0.0927545512095093,10,3,10,0,3.875566763803363,3.842023147270083
ITA-Serie A,2425,Verona,Domagoj Bradaric,2,2024,94,7755,D M S,28,1963,1,0.875758109614253,1,0.875758109614253,0,1.9564918112009764,9,25,6,0,3.303593335673213,1.487995870411396
ITA-Serie A,2425,Verona,Faride Alidou,2,2024,94,10695,S,3,63,0,0.0125049231573939,0,0.0125049231573939,0,0.0136390067636966,1,1,0,0,0.4287064578384161,0.4162015356123447
ITA-Serie A,2425,Verona,Flavius Daniliuc,2,2024,94,8663,D S,18,990,0,0.1272794436663389,0,0.1272794436663389,0,0.1013094000518322,3,2,0,0,2.4502988196909428,2.3834492675960064
ITA-Serie A,2425,Verona,Giangiacomo Magnani,2,2024,94,7002,D S,17,1049,1,1.5168068408966064,1,1.5168068408966064,0,0.0484468974173069,11,1,2,0,1.6146412249654531,1.1229047160595655
ITA-Serie A,2425,Verona,Grigoris Kastanos,2,2024,94,4951,F M S,27,852,1,1.0893141850829124,1,1.0893141850829124,1,1.5799968745559454,22,12,4,0,2.893082857131958,1.249175714328885
ITA-Serie A,2425,Verona,Jackson Tchatchoua,2,2024,94,12113,D M,36,3172,2,1.9549099691212175,2,1.9549099691212175,3,3.5700629903003573,18,34,7,1,9.686987875960767,4.775095266290009
ITA-Serie A,2425,Verona,Junior Ajayi,2,2024,94,12639,S,2,10,0,0.0,0,0.0,0,0.0,0,0,0,0,0.0,0.0
ITA-Serie A,2425,Verona,Lorenzo Montipò,2,2024,94,8881,GK,36,3240,0,0.0,0,0.0,0,0.0,0,0,0,0,1.1512864883989096,1.1512864883989096
ITA-Serie A,2425,Verona,Marco Faraoni,2,2024,94,3978,D M S,8,256,0,0.3070428967475891,0,0.3070428967475891,0,0.1053694803267717,1,2,0,0,0.4066033009439707,0.0995603920891881
ITA-Serie A,2425,Verona,Martin Frese,2,2024,94,12854,D M S,11,543,0,0.0555349979549646,0,0.0555349979549646,0,0.2642559595406055,2,5,0,0,1.2922106329351664,0.9994388073682784
ITA-Serie A,2425,Verona,Mathis Lambourde,2,2024,94,11996,S,7,69,1,0.3416186347603798,1,0.3416186347603798,0,0.0824995338916778,2,1,1,0,0.4241181686520576,0.0824995338916778
ITA-Serie A,2425,Verona,Nicolás Valentini,2,2024,94,13313,D S,14,1139,0,0.2727090008556843,0,0.2727090008556843,0,0.7699992805719376,8,6,3,1,1.0628653690218923,0.4007140025496483
ITA-Serie A,2425,Verona,Ondrej Duda,2,2024,94,5240,M S,28,2414,1,0.8872416876256466,1,0.8872416876256466,3,3.4387308126315475,25,32,10,1,8.706737032160163,6.527901178225875
ITA-Serie A,2425,Verona,Pawel Dawidowicz,2,2024,94,7923,D M S,26,1864,0,0.2021232508122921,0,0.2021232508122921,0,0.0,4,0,7,1,3.742027784697712,3.723629171960056
ITA-Serie A,2425,Verona,Simone Perilli,2,2024,94,11022,GK,2,180,0,0.0,0,0.0,0,0.0,0,0,0,0,0.0508153699338436,0.0508153699338436
ITA-Serie A,2425,Verona,Suat Serdar,2,2024,94,307,M S,22,1380,2,1.6178497727960348,2,1.6178497727960348,1,1.0614012964069843,30,10,2,1,3.9974643010646105,1.9205339886248112
ITA-Serie A,2425,Verona,Tomás Suslov,2,2024,94,12095,F M S,31,2123,0,1.6774194007739425,0,1.6774194007739425,1,2.037943887058645,32,27,5,1,7.891592211090028,5.554568611085415
ITA-Serie A,2425,Verona,Yllan Okou,2,2024,94,10460,S,1,1,0,0.0,0,0.0,0,0.0,0,0,0,0,0.0,0.0
ENG-Premier League,2526,Arsenal,Ben White,1,2025,83,7298,D S,12,703,0,0.2829237170517444,0,0.2829237170517444,1,1.557781394571066,5,8,0,0,4.4763969369232655,3.178620528429746
ENG-Premier League,2526,Arsenal,Bukayo Saka,1,2025,83,7322,F M S,31,2239,7,8.701195661909878,6,7.940026824362576,5,8.552797641605139,71,62,2,0,19.112561374902725,8.03783930838108
ENG-Premier League,2526,Arsenal,Christian Nørgaard,1,2025,83,7083,M S,7,93,0,0.0686947088688612,0,0.0686947088688612,0,0.0,2,0,0,0,0.8206457383930683,0.7719039916992188
ENG-Premier League,2526,Arsenal,Cristhian Mosquera,1,2025,83,10024,D S,20,976,0,0.0858541056513786,0,0.0858541056513786,0,0.2934531178325414,1,5,4,0,5.388046391308308,5.184731021523476
ENG-Premier League,2526,Arsenal,David Raya,1,2025,83,9676,GK,37,3330,0,0.0,0,0.0,0,0.1493939720094204,0,3,1,0,6.412498269230127,6.321507047861815
ENG-Premier League,2526,Arsenal,Declan Rice,1,2025,83,5553,D M S,36,3111,4,3.720960887148976,4,3.720960887148976,5,8.159449681639671,40,63,3,0,18.490907587111,12.956868270412087
ENG-Premier League,2526,Arsenal,Eberechi Eze,1,2025,83,8706,F M S,33,1928,7,4.807457456365228,7,4.807457456365228,2,2.63351690210402,63,17,1,0,10.355983335524796,4.074069639667869
ENG-Premier League,2526,Arsenal,Ethan Nwaneri,1,2025,83,11132,S,6,154,0,0.3292111651971936,0,0.3292111651971936,0,0.0484081842005252,6,1,0,0,1.166222719475627,0.9847383946180344
ENG-Premier League,2526,Arsenal,Gabriel,1,2025,83,5613,D S,32,2748,3,4.649077512323856,3,4.649077512323856,4,2.7250300347805023,27,7,4,0,8.894044917076826,8.309922948479652
ENG-Premier League,2526,Arsenal,Gabriel Jesus,1,2025,83,5543,F S,14,395,3,3.97648074105382,3,3.97648074105382,0,0.2085889764130115,19,3,3,0,4.36402528360486,1.269479103386402
ENG-Premier League,2526,Arsenal,Gabriel Martinelli,1,2025,83,7752,F M S,30,1025,1,5.357063241302967,1,5.357063241302967,4,2.569171307608485,29,13,3,0,10.0232590213418,3.6065212953835726
ENG-Premier League,2526,Arsenal,Jurriën Timber,1,2025,83,11707,D S,30,2475,3,4.030840836465359,3,4.030840836465359,5,2.5891424333676696,25,28,5,0,11.438589019700885,8.65939543582499
ENG-Premier League,2526,Arsenal,Kai Havertz,1,2025,83,5220,F M S,12,582,2,4.895509898662567,2,4.895509898662567,3,1.456983646377921,18,11,1,0,4.521999087184668,0.751641895622015
ENG-Premier League,2526,Arsenal,Kepa,1,2025,83,5061,GK,1,90,0,0.0,0,0.0,0,0.0,0,0,0,0,0.6973354816436768,0.6973354816436768
ENG-Premier League,2526,Arsenal,Leandro Trossard,1,2025,83,7698,F M S,31,2026,6,6.75317111518234,6,6.75317111518234,6,4.988008487969637,53,36,2,0,13.572629373520613,4.960563652217388
ENG-Premier League,2526,Arsenal,Martin Odegaard,1,2025,83,2517,M S,24,1347,1,1.219119856134057,1,1.219119856134057,6,4.978420486673713,22,38,0,0,11.73396972939372,7.588885592296719
ENG-Premier League,2526,Arsenal,Martín Zubimendi,1,2025,83,7526,D M S,38,3040,5,2.944296659901738,5,2.944296659901738,1,1.087823610752821,27,19,4,0,13.476701468229294,11.17571103386581
ENG-Premier League,2526,Arsenal,Max Dowman,1,2025,83,13872,M S,6,142,1,0.6690445654094219,1,0.6690445654094219,0,0.6337551325559616,6,4,0,0,1.6155864782631395,0.4801681600511074
ENG-Premier League,2526,Arsenal,Mikel Merino,1,2025,83,5304,F M S,22,1002,4,5.217843644320965,4,5.217843644320965,3,2.2901399955153465,22,12,1,0,8.36886066198349,3.812133368104696
ENG-Premier League,2526,Arsenal,Myles Lewis-Skelly,1,2025,83,12272,D M S,20,666,0,0.1256939582526683,0,0.1256939582526683,0,0.1785307899117469,2,4,3,0,2.1258894726634026,1.9670009650290008
ENG-Premier League,2526,Arsenal,Noni Madueke,1,2025,83,11357,F M S,26,1246,2,1.9964179322123528,2,1.9964179322123528,1,4.010977517813444,25,22,0,0,6.728137206286192,3.293942168354988
ENG-Premier League,2526,Arsenal,Piero Hincapié,1,2025,83,9911,D S,25,1786,1,0.4126348299905658,1,0.4126348299905658,2,2.1274072602391243,3,13,2,0,8.479371219873428,6.883014105260372
ENG-Premier League,2526,Arsenal,Riccardo Calafiori,1,2025,83,8129,D S,26,1755,1,3.469513338059187,1,3.469513338059187,2,0.6484237592667341,32,9,5,0,8.157827861607075,6.558366058394313
ENG-Premier League,2526,Arsenal,Viktor Gyokeres,1,2025,83,7254,F S,36,2255,14,13.871430788189173,11,11.58792421594262,1,2.6537387324497104,55,20,5,0,14.77520313858986,3.259540883824229
ENG-Premier League,2526,Arsenal,William Saliba,1,2025,83,6888,D S,31,2609,1,1.5777585953474045,1,1.5777585953474045,0,1.306027840822935,5,10,2,0,11.017331045120956,10.501945996657014
ENG-Premier League,2526,Aston Villa,Alysson Edward,1,2025,71,14446,S,3,34,0,0.052795436233282,0,0.052795436233282,0,0.0,1,0,0,0,0.1039408203214407,0.0511453840881586
ENG-Premier League,2526,Aston Villa,Amadou Onana,1,2025,71,9667,M S,25,1793,2,2.772524105384946,2,2.772524105384946,0,0.5039298757910728,19,7,3,0,6.815283706411719,5.313166355714202
ENG-Premier League,2526,Aston Villa,Andrés García,1,2025,71,13392,D S,6,82,0,0.0,0,0.0,0,0.0,0,0,0,0,0.4362176060676574,0.4362176060676574
ENG-Premier League,2526,Aston Villa,Boubacar Kamara,1,2025,71,5789,M S,18,1434,1,1.0521572744473815,1,1.0521572744473815,3,0.7290232917293906,7,15,5,0,5.69795267097652,4.270241666585207
ENG-Premier League,2526,Aston Villa,Bradley Burrowes,1,2025,71,13870,S,1,12,0,0.0,0,0.0,0,0.0,0,0,0,0,0.0,0.0
ENG-Premier League,2526,Aston Villa,Donyell Malen,1,2025,71,9749,F M S,21,600,4,4.73893653601408,4,4.73893653601408,1,0.3693819381296634,26,7,0,0,6.387579720467329,1.917095586657524
ENG-Premier League,2526,Aston Villa,Douglas Luiz,1,2025,71,6122,M S,21,936,1,0.70245710760355,1,0.70245710760355,0,1.822941738180816,11,19,3,0,4.070820711553097,2.810907289385796
ENG-Premier League,2526,Aston Villa,Emiliano Buendía,1,2025,71,2203,M S,36,1778,6,3.7844833629205823,6,3.7844833629205823,2,3.626239098608494,49,30,6,0,9.206152960658072,3.6858682241290808
ENG-Premier League,2526,Aston Villa,Emiliano Martinez,1,2025,71,4401,GK,32,2837,0,0.0,0,0.0,1,0.3538400158286094,0,2,2,0,4.597850669175386,4.244010683149099
ENG-Premier League,2526,Aston Villa,Evann Guessand,1,2025,71,8006,M S,21,920,1,1.8542680740356443,1,1.8542680740356443,2,1.2377337515354156,11,5,0,0,3.779372459277511,1.3025728072971106
ENG-Premier League,2526,Aston Villa,Ezri Konsa Ngoyo,1,2025,71,7726,D,34,3036,0,1.0740509293973446,0,1.0740509293973446,0,0.6014871783554554,11,5,0,1,9.361096058040856,8.838568899780512
ENG-Premier League,2526,Aston Villa,George Hemmings,1,2025,71,14193,S,2,19,0,0.0193882789462804,0,0.0193882789462804,0,0.0,1,0,0,0,0.3816603980958462,0.3622721172869205
ENG-Premier League,2526,Aston Villa,Harvey Elliott,1,2025,71,7546,M S,5,110,0,0.2895753085613251,0,0.2895753085613251,0,0.0938487127423286,5,1,0,0,0.7380336094647646,0.4125381279736757
ENG-Premier League,2526,Aston Villa,Ian Maatsen,1,2025,71,11807,D S,30,1587,0,1.2995175179094076,0,1.2995175179094076,1,2.966688236221671,20,25,2,0,5.083011580631137,3.724703008309007
ENG-Premier League,2526,Aston Villa,Jadon Sancho,1,2025,71,6345,M S,23,860,0,0.7688718903809786,0,0.7688718903809786,2,2.0520169995725155,10,21,0,0,5.16943079046905,3.2196586038917303
ENG-Premier League,2526,Aston Villa,Jamaldeen Jimoh,1,2025,71,13310,S,1,5,0,0.0,0,0.0,0,0.0,0,0,0,0,0.3433566093444824,0.3433566093444824
ENG-Premier League,2526,Aston Villa,John McGinn,1,2025,71,7723,M S,30,2221,5,2.999398436397314,5,2.999398436397314,4,4.862495846115053,28,39,5,0,10.930921144783497,5.892162735573947
ENG-Premier League,2526,Aston Villa,Lamare Bogarde,1,2025,71,10025,D M S,28,1011,0,0.0,0,0.0,0,0.0411524251103401,0,2,5,0,1.9570542350411413,1.915901817381382
ENG-Premier League,2526,Aston Villa,Leon Bailey,1,2025,71,5221,M S,13,437,0,0.7073369584977627,0,0.7073369584977627,1,1.1167646050453186,8,12,1,0,2.2412565387785435,1.1618106737732887
ENG-Premier League,2526,Aston Villa,Lucas Digne,1,2025,71,1823,D S,31,1857,0,0.7033488415181637,0,0.7033488415181637,6,3.052508193999529,14,26,3,0,5.530973820015788,4.1429683696478605
ENG-Premier League,2526,Aston Villa,Marco Bizot,1,2025,71,9614,GK S,7,583,0,0.0,0,0.0,0,0.0,0,0,1,0,1.0894597582519054,1.0894597582519054
ENG-Premier League,2526,Aston Villa,Matthew Cash,1,2025,71,8864,D S,35,3040,3,1.217919012531638,3,1.217919012531638,3,3.2148889815434813,30,31,9,0,10.301109017804263,8.072564328089356
ENG-Premier League,2526,Aston Villa,Morgan Rogers,1,2025,71,12412,F M,37,3301,10,7.145822267979384,10,7.145822267979384,6,7.475014166906476,84,48,7,0,18.204907912760973,7.18029835447669
ENG-Premier League,2526,Aston Villa,Ollie Watkins,1,2025,71,8865,F S,37,2908,16,18.82772558834404,16,18.82772558834404,3,2.816021606326103,83,23,4,0,21.74590409174561,4.3408186649903655
ENG-Premier League,2526,Aston Villa,Pau Torres,1,2025,71,6221,D S,21,1679,0,1.5826024003326893,0,1.5826024003326893,0,0.006894074846059,9,1,1,0,4.503719758242369,4.429494839161634
ENG-Premier League,2526,Aston Villa,Ross Barkley,1,2025,71,592,M S,21,818,3,1.9129743836820128,3,1.9129743836820128,1,2.0321620935574174,18,10,1,0,6.251385242678225,4.001594062894583
ENG-Premier League,2526,Aston Villa,Tammy Abraham,1,2025,71,702,F S,12,253,2,2.0484648095443845,2,2.0484648095443845,0,0.1292063184082508,9,4,0,0,2.102262650616467,0.0554445758461952
ENG-Premier League,2526,Aston Villa,Tyrone Mings,1,2025,71,1024,D S,17,1314,0,1.492117453366518,0,1.492117453366518,0,0.7093149498105049,9,5,1,0,3.90316248126328,3.59125361405313
ENG-Premier League,2526,Aston Villa,Victor Lindelöf,1,2025,71,6080,D M S,17,938,0,0.1561275906860828,0,0.1561275906860828,1,0.5980998799204826,3,2,0,0,2.5445900056511164,2.527874367311597
ENG-Premier League,2526,Aston Villa,Youri Tielemans,1,2025,71,5956,M S,25,1861,0,1.8399642640724776,0,1.8399642640724776,4,2.9822675781324506,24,32,0,0,9.826997235417366,7.487443540245295
ENG-Premier League,2526,Bournemouth,Adam Smith,1,2025,73,825,D S,22,1079,0,0.0,0,0.0,2,0.4984638234600425,0,6,3,0,4.537172414362431,4.063000334426761
ENG-Premier League,2526,Bournemouth,Adrien Truffert,1,2025,73,8640,D,38,3391,1,1.9886900894343853,1,1.9886900894343853,5,4.408130643889308,16,33,5,0,15.238870711997151,9.958876593969762
ENG-Premier League,2526,Bournemouth,Alejandro Jiménez,1,2025,73,12168,D M S,31,2354,1,1.210428036749363,1,1.210428036749363,0,1.7028822358697653,21,15,10,0,7.322333555668592,4.869594149291515
ENG-Premier League,2526,Bournemouth,Alex Scott,1,2025,73,12149,M S,37,2915,3,3.500135133042932,3,3.500135133042932,1,2.891912166960537,44,26,5,0,15.246188033372164,10.991569228470324
ENG-Premier League,2526,Bournemouth,Alex Tóth,1,2025,73,14374,M S,9,136,0,0.1811701506376266,0,0.1811701506376266,0,0.3572214804589748,2,5,1,0,1.2994535937905312,0.8679290320724249
ENG-Premier League,2526,Bournemouth,Amine Adli,1,2025,73,8211,M S,31,1036,3,3.5744741037487984,3,3.5744741037487984,1,1.2779199946671724,20,17,2,0,6.13513302244246,2.169084176421165
ENG-Premier League,2526,Bournemouth,Antoine Semenyo,1,2025,73,11363,F M,37,3220,17,12.836786897853017,16,11.31444920040667,4,4.130169393494725,83,38,7,0,20.870588455349207,7.893717190250754
ENG-Premier League,2526,Bournemouth,Bafode Diakite,1,2025,73,7268,D S,18,1276,0,0.0138677563518285,0,0.0138677563518285,0,0.0845660716295242,1,2,1,0,3.926532536745072,3.877728216350079
ENG-Premier League,2526,Bournemouth,Ben Doak,1,2025,73,11231,S,8,82,0,0.4458508342504501,0,0.4458508342504501,1,0.4571621716022491,3,1,0,0,1.9409847408533096,1.0379717126488686
ENG-Premier League,2526,Bournemouth,Ben Winterburn,1,2025,73,13242,S,1,3,0,0.0,0,0.0,0,0.0,0,0,0,0,0.0,0.0
ENG-Premier League,2526,Bournemouth,David Brooks,1,2025,73,6820,M S,31,1191,1,6.54012631252408,1,6.54012631252408,3,4.196839664131403,48,25,7,0,12.195374373346567,2.6664827950298786
ENG-Premier League,2526,Bournemouth,Djordje Petrovic,1,2025,73,12032,GK,38,3420,0,0.0,0,0.0,0,0.0,0,0,3,0,3.017996920272708,3.017996920272708
ENG-Premier League,2526,Bournemouth,Eli Junior Kroupi,1,2025,73,11504,F M S,33,1708,13,8.849121669307351,11,7.326783983036876,0,1.81576990429312,52,22,5,0,11.65668847411871,5.08306846767664
ENG-Premier League,2526,Bournemouth,Enes Ünal,1,2025,73,6219,S,22,158,1,2.326274909079075,1,2.326274909079075,0,0.2841262817382812,15,1,1,0,2.6457024663686752,0.3903236053884029
ENG-Premier League,2526,Bournemouth,Evanilson,1,2025,73,12963,F S,36,2810,6,11.830083925276996,6,11.830083925276996,1,3.069119781255722,72,30,2,0,15.950044002383947,3.485610034316778
ENG-Premier League,2526,Bournemouth,Hamed Junior Traore,1,2025,73,6986,S,1,13,0,0.0,0,0.0,1,0.0955900996923446,0,1,0,0,0.0955900996923446,0.0
ENG-Premier League,2526,Bournemouth,James Hill,1,2025,73,10747,D S,29,2100,0,0.9502518232911824,0,0.9502518232911824,3,1.4291670992970469,12,13,5,0,7.55955524276942,7.176162118092179
ENG-Premier League,2526,Bournemouth,Julio Soler,1,2025,73,13474,S,3,27,0,0.0,0,0.0,0,0.0,0,0,0,0,0.0643863454461097,0.0643863454461097
ENG-Premier League,2526,Bournemouth,Justin Kluivert,1,2025,73,6963,M S,20,934,2,2.293420127592981,2,2.293420127592981,0,2.294822184368968,17,22,5,0,5.311763904988766,2.3175806514918804
ENG-Premier League,2526,Bournemouth,Lewis Cook,1,2025,73,1789,D M S,17,841,0,0.0596457971259951,0,0.0596457971259951,1,0.3469301499426365,3,11,1,1,2.538989583030343,2.386723592877388
ENG-Premier League,2526,Bournemouth,Marcos Senesi,1,2025,73,10864,D,37,3298,0,1.850691837258637,0,1.850691837258637,5,4.026684596203268,16,24,8,0,14.265297041274607,10.905751962214708
ENG-Premier League,2526,Bournemouth,Marcus Tavernier,1,2025,73,10741,M S,34,2779,7,9.397737859748304,5,7.875400157645345,4,6.158757623285055,70,52,6,0,17.828483875840902,8.152811899781227
ENG-Premier League,2526,Bournemouth,Rayan,1,2025,73,14395,M S,15,1146,5,2.6684105955064297,5,2.6684105955064297,2,2.7789037879556417,28,14,1,0,6.337880494073033,2.8229257110506296
ENG-Premier League,2526,Bournemouth,Ryan Christie,1,2025,73,10744,M S,26,942,2,1.7907362105324864,2,1.7907362105324864,0,1.6195761244744062,25,11,3,1,7.692040719091892,4.515199979767203
ENG-Premier League,2526,Bournemouth,Tyler Adams,1,2025,73,7352,M S,25,1805,2,0.9289743825793266,2,0.9289743825793266,2,1.2302900850772858,10,7,8,0,6.869911018759012,5.867583338171244
ENG-Premier League,2526,Bournemouth,Veljko Milosavljevic,1,2025,73,14027,D S,7,363,0,0.357437402009964,0,0.357437402009964,0,0.0670101419091224,1,1,0,0,0.4575175084173679,0.3905073590576648
ENG-Premier League,2526,Brentford,Aaron Hickey,1,2025,244,8942,D M S,21,668,0,0.5498570688068867,0,0.5498570688068867,0,0.6038424372673035,6,1,1,0,2.695782231166959,2.2481193635612726
ENG-Premier League,2526,Brentford,Antoni Milambo,1,2025,244,13780,M,1,50,0,0.0,0,0.0,0,0.0,0,0,0,0,0.0437612235546112,0.0437612235546112
ENG-Premier League,2526,Brentford,Caoimhin Kelleher,1,2025,244,7904,GK,37,3330,0,0.0,0,0.0,0,0.1064014490693807,0,2,1,0,5.348196176812053,5.241794735193253
ENG-Premier League,2526,Brentford,Dango Ouattara,1,2025,244,9662,F M S,32,2303,7,8.694322310388088,7,8.694322310388088,3,5.863189795985818,56,27,5,0,13.248472003266215,2.525791243650019
ENG-Premier League,2526,Brentford,Ethan Pinnock,1,2025,244,9678,D,4,330,0,0.0091950073838233,0,0.0091950073838233,0,0.0,1,0,1,0,0.109051514416933,0.109051514416933
ENG-Premier League,2526,Brentford,Fabio Carvalho,1,2025,244,9501,M S,6,97,1,0.6895682029426098,1,0.6895682029426098,0,0.0,2,0,0,0,0.6895682029426098,0.0
ENG-Premier League,2526,Brentford,Frank Onyeka,1,2025,244,9681,S,6,68,0,0.0,0,0.0,1,0.3706037104129791,0,1,0,0,0.3706037104129791,0.3706037104129791
ENG-Premier League,2526,Brentford,Hákon Valdimarsson,1,2025,244,12595,GK,1,90,0,0.0,0,0.0,0,0.0,0,0,0,0,0.2126694023609161,0.2126694023609161
ENG-Premier League,2526,Brentford,Jordan Henderson,1,2025,244,605,M S,32,1935,1,0.5513727776706219,1,0.5513727776706219,3,3.320531530305743,6,19,6,0,8.78984696418047,6.131646819412708
ENG-Premier League,2526,Brentford,Josh Dasilva,1,2025,244,10405,S,2,2,0,0.0726943090558052,0,0.0726943090558052,0,0.0,1,0,0,0,0.2055410593748092,0.1328467428684234
ENG-Premier League,2526,Brentford,Kaye Furo,1,2025,244,14356,S,1,1,0,0.0,0,0.0,0,0.0,0,0,0,0,0.0,0.0
ENG-Premier League,2526,Brentford,Keane Lewis-Potter,1,2025,244,10809,D F M S,36,1949,3,3.214926864951849,3,3.214926864951849,3,2.714283775538206,31,19,1,0,7.842858789488673,3.1916828025132418
ENG-Premier League,2526,Brentford,Kevin Schade,1,2025,244,9156,F M S,35,2781,8,11.832689953967929,8,11.071521116420628,3,4.565257132053375,57,29,6,1,17.37519696727395,3.947028372436762
ENG-Premier League,2526,Brentford,Kristoffer Ajer,1,2025,244,9677,D S,27,1809,0,1.053914662450552,0,1.053914662450552,1,0.9042857214808464,10,5,4,0,5.491811184212565,3.873572135344148
ENG-Premier League,2526,Brentford,Mathias Jensen,1,2025,244,7166,M S,36,2258,3,1.5882399883121252,3,1.5882399883121252,1,5.333177657797933,29,33,3,0,10.393253115937114,7.005861360579729
ENG-Premier League,2526,Brentford,Michael Kayode,1,2025,244,11281,D,37,3281,1,1.169110944494605,1,1.169110944494605,1,3.184721387922764,9,33,8,0,13.046297889202831,9.568754518404605
ENG-Premier League,2526,Brentford,Mikkel Damsgaard,1,2025,244,8859,M S,33,2085,4,2.974404709413648,4,2.974404709413648,4,6.468690361827612,30,42,0,0,12.347467929124832,6.4731036853045225
ENG-Premier League,2526,Brentford,Myles Peart-Harris,1,2025,244,10205,S,1,1,0,0.0,0,0.0,0,0.0,0,0,0,0,0.0,0.0
ENG-Premier League,2526,Brentford,Nathan Collins,1,2025,244,9733,D S,35,2966,1,2.917149268090725,1,2.917149268090725,2,2.4296576268970966,20,9,7,0,10.035949086770415,8.510592883452773
ENG-Premier League,2526,Brentford,Reiss Nelson,1,2025,244,6492,S,10,104,0,0.9007361251860856,0,0.9007361251860856,1,0.059022057801485,5,2,0,0,1.5891219899058342,1.1232596561312675
ENG-Premier League,2526,Brentford,Rico Henry,1,2025,244,9679,D S,25,1315,0,0.1456592017784714,0,0.1456592017784714,1,0.3161719217896461,5,4,2,0,2.418498318642378,2.231708014383912
ENG-Premier League,2526,Brentford,Romelle Donovan,1,2025,244,14217,S,4,23,0,0.1047036871314048,0,0.1047036871314048,0,0.0320337601006031,3,1,0,0,0.1047036871314048,0.0
ENG-Premier League,2526,Brentford,Sepp van den Berg,1,2025,244,10721,D S,32,2758,0,3.3328840751200914,0,3.3328840751200914,2,2.197148658335209,23,7,2,0,8.73620273731649,6.425411341711879
ENG-Premier League,2526,Brentford,Thiago,1,2025,244,13222,F S,38,3292,22,24.68977300822735,14,17.83925338834524,1,3.4500465877354145,84,24,7,0,22.6934577524662,4.9276386722922325
ENG-Premier League,2526,Brentford,Vitaly Janelt,1,2025,244,9680,M S,25,1421,1,0.7498585553839803,1,0.7498585553839803,4,3.811057908460498,12,21,8,0,6.326032001525164,3.632891008630395
ENG-Premier League,2526,Brentford,Yehor Yarmolyuk,1,2025,244,11772,M S,37,2679,1,1.3752933973446488,1,1.3752933973446488,2,1.2573875626549125,16,14,7,0,9.288000541739166,7.919278662651777
ENG-Premier League,2526,Brighton,Bart Verbruggen,1,2025,220,11711,GK,38,3420,0,0.0,0,0.0,0,0.076464258134365,0,1,3,0,7.377120533958077,7.377120533958077
ENG-Premier League,2526,Brighton,Brajan Gruda,1,2025,220,11310,M S,18,716,1,1.772459496743977,1,1.772459496743977,1,1.215459401719272,16,16,2,0,5.479941666126251,2.844237370416522
ENG-Premier League,2526,Brighton,Carlos Baleba,1,2025,220,10527,M S,31,1692,0,0.5733493687584996,0,0.5733493687584996,0,0.812482200562954,20,9,5,0,5.856022956781089,4.607899966649711
ENG-Premier League,2526,Brighton,Charalampos Kostoulas,1,2025,220,14118,F S,21,309,2,2.256983704864979,2,2.256983704864979,1,1.2800643518567083,21,10,2,0,3.4958279952406883,0.5060958508402109
ENG-Premier League,2526,Brighton,Danny Welbeck,1,2025,220,501,F S,37,2286,13,12.718900069594383,12,10.435393424704673,1,2.2625304386019707,56,20,5,0,14.98485920764506,4.79668786842376
ENG-Premier League,2526,Brighton,Diego Coppola,1,2025,220,10169,D S,5,192,0,0.0,0,0.0,0,0.0,0,0,2,0,0.4860989674925804,0.4860989674925804
ENG-Premier League,2526,Brighton,Diego Gómez,1,2025,220,13364,F M S,32,2186,5,6.4177497662603855,5,6.4177497662603855,1,2.0924463979899883,42,20,9,0,14.40620754659176,7.100968384183943
ENG-Premier League,2526,Brighton,Ferdi Kadioglu,1,2025,220,13066,D M S,37,3145,1,2.019620954990387,1,2.019620954990387,0,2.244557812809944,28,22,6,0,14.008788719773293,11.695813551545143
ENG-Premier League,2526,Brighton,Georginio Rutter,1,2025,220,6937,F M S,32,1784,3,2.933251672424376,3,2.933251672424376,3,4.598605487495661,42,25,2,0,10.858153810724616,4.214052898809314
ENG-Premier League,2526,Brighton,Harry Howell,1,2025,220,13584,M S,3,91,0,0.0,0,0.0,0,0.0,0,0,0,0,0.0,0.0
ENG-Premier League,2526,Brighton,Jack Hinshelwood,1,2025,220,11269,D M S,27,1773,4,4.76202392950654,4,4.76202392950654,3,2.3572685150429606,37,16,0,0,11.615752866491675,5.945451917126775
ENG-Premier League,2526,Brighton,James Milner,1,2025,220,489,M S,20,773,1,0.9794258084148167,0,0.2182569708675146,1,0.6549300253391266,8,8,2,0,3.97909065335989,3.7933117747306815
ENG-Premier League,2526,Brighton,Jan Paul van Hecke,1,2025,220,10807,D,36,3214,3,3.358578664250672,3,3.358578664250672,3,1.0255657620728016,23,12,9,0,14.122217744588852,13.213500533252954
ENG-Premier League,2526,Brighton,Joe Knight,1,2025,220,13399,S,1,1,0,0.0,0,0.0,0,0.0,0,0,0,0,0.0,0.0
ENG-Premier League,2526,Brighton,Joël Veltman,1,2025,220,8780,D S,24,1025,1,1.064280278980732,1,1.064280278980732,0,0.252019003033638,4,4,5,0,2.46354559995234,2.3217557463794947
ENG-Premier League,2526,Brighton,Kaoru Mitoma,1,2025,220,10806,F M S,25,1723,3,4.789182621985674,3,4.789182621985674,1,3.54316034540534,32,30,5,0,11.286602273583412,4.618424783460796
ENG-Premier League,2526,Brighton,Lewis Dunk,1,2025,220,6048,D S,33,2831,1,1.3368871174752712,1,1.3368871174752712,0,0.5454101115465164,23,7,10,0,12.689484484493732,12.6021059602499
ENG-Premier League,2526,Brighton,Mats Wieffer,1,2025,220,12758,D S,26,1922,2,1.9274322018027303,2,1.9274322018027303,3,2.8690227568149567,18,19,8,0,10.283977266401052,8.267712463624775
ENG-Premier League,2526,Brighton,Matt O'Riley,1,2025,220,13206,M S,6,195,1,1.139720857143402,0,0.3785520195960998,0,0.1495994953438639,4,4,0,0,0.5305772870779037,0.1139591410756111
ENG-Premier League,2526,Brighton,Maxim De Cuyper,1,2025,220,13711,D M S,30,1412,2,1.7418285254389048,2,1.7418285254389048,3,4.685627582482994,13,32,2,0,6.840236205607653,3.4948783963918686
ENG-Premier League,2526,Brighton,Nehemiah Oriola,1,2025,220,14127,S,1,1,0,0.0,0,0.0,0,0.0,0,0,0,0,0.0,0.0
ENG-Premier League,2526,Brighton,Olivier Boscagli,1,2025,220,3645,D S,12,801,0,0.0207152105867862,0,0.0207152105867862,1,0.1475827321410179,1,3,2,0,3.5460157245397568,3.5085763186216354
ENG-Premier League,2526,Brighton,Pascal Groß,1,2025,220,239,M S,19,1635,1,1.2529933378100395,1,1.2529933378100395,3,3.2941888589411974,18,39,2,0,10.012519028037786,8.280529152601957
ENG-Premier League,2526,Brighton,Solly March,1,2025,220,6049,S,4,32,0,0.0564958602190017,0,0.0564958602190017,0,0.0,1,0,0,0,0.1435640007257461,0.0870681479573249
ENG-Premier League,2526,Brighton,Stefanos Tzimas,1,2025,220,14028,F S,9,111,1,0.6250067912042141,1,0.6250067912042141,1,0.3843204230070114,4,6,0,0,0.8074261322617531,0.0099379355087876
ENG-Premier League,2526,Brighton,Tom Watson,1,2025,220,14029,S,6,44,0,0.0247048325836658,0,0.0247048325836658,0,0.0,1,0,1,0,0.0247048325836658,0.0
ENG-Premier League,2526,Brighton,Yankuba Minteh,1,2025,220,12759,M S,34,2410,3,4.752463513985276,3,4.752463513985276,4,5.841520894318819,41,44,3,0,16.411175997927785,8.573732296004891
ENG-Premier League,2526,Brighton,Yasin Ayari,1,2025,220,11385,M S,29,1918,3,2.1179441660642624,3,2.1179441660642624,3,1.4007999636232853,41,15,1,0,7.900783270597458,5.476744862273336
ENG-Premier League,2526,Burnley,Armando Broja,1,2025,92,8384,F S,24,822,1,2.5165178887546062,1,2.5165178887546062,1,0.6097559537738562,16,5,0,0,2.6858433932065964,1.0258077569305897
ENG-Premier League,2526,Burnley,Ashley Barnes,1,2025,92,4422,S,7,25,0,0.4212423413991928,0,0.4212423413991928,0,0.0,2,0,1,0,0.1153883188962936,0.0
ENG-Premier League,2526,Burnley,Axel Tuanzebe,1,2025,92,934,D,14,1209,1,0.5582677125930786,1,0.5582677125930786,0,0.0,2,0,1,0,2.774651762098074,2.216384049504996
ENG-Premier League,2526,Burnley,Bashir Humphreys,1,2025,92,11243,D S,20,1585,0,0.5261353980749846,0,0.5261353980749846,0,0.8644249252974987,9,9,6,0,3.3381601544097066,2.934175559319556
ENG-Premier League,2526,Burnley,Chimuanya Ugochukwu,1,2025,92,9451,M S,35,2407,3,2.622456289827824,3,2.622456289827824,1,0.4493608232587576,22,10,1,1,7.266716599464416,4.90908182784915
ENG-Premier League,2526,Burnley,Florentino Luís,1,2025,92,8969,M S,31,2146,0,1.0381876304745674,0,1.0381876304745674,2,0.5375469047576189,13,13,6,0,4.911807460710406,4.165495180524886
ENG-Premier League,2526,Burnley,Hannibal Mejbri,1,2025,92,9558,M S,27,1251,1,0.7498194272629917,1,0.7498194272629917,4,2.838189367204905,19,21,10,0,5.953092758543789,3.3755732849240303
ENG-Premier League,2526,Burnley,Hjalmar Ekdal,1,2025,92,11704,D S,19,1545,0,0.6082124067470431,0,0.6082124067470431,0,0.1681445082649588,6,4,0,0,2.7116604670882225,2.586940612643957
ENG-Premier League,2526,Burnley,Jacob Bruun Larsen,1,2025,92,5355,F M S,28,1003,0,1.4321176074445248,0,1.4321176074445248,1,1.3782861307263374,17,12,0,0,4.528628235682845,2.252522235736251
ENG-Premier League,2526,Burnley,Jaidon Anthony,1,2025,92,10746,F M S,37,2777,8,5.564454321749508,8,5.564454321749508,2,4.374400090426207,55,37,4,0,12.432500068098308,5.833836998790503
ENG-Premier League,2526,Burnley,James Ward-Prowse,1,2025,92,843,M S,18,1082,0,0.1810428909957409,0,0.1810428909957409,1,3.429459560662508,5,23,1,0,3.5722367390990257,3.075804917141795
ENG-Premier League,2526,Burnley,Jaydon Banel,1,2025,92,14281,S,1,7,0,0.0,0,0.0,0,0.0,0,0,0,0,0.0,0.0
ENG-Premier League,2526,Burnley,Joe Worrall,1,2025,92,10756,D S,11,478,0,0.0381001383066177,0,0.0381001383066177,0,0.0,1,0,0,0,0.5445791333913803,0.5064789950847626
ENG-Premier League,2526,Burnley,Josh Cullen,1,2025,92,1018,M,18,1533,2,1.0142266415059566,2,1.0142266415059566,2,1.8168634045869112,11,13,2,0,6.162752605974674,4.625554047524929
ENG-Premier League,2526,Burnley,Josh Laurent,1,2025,92,13728,D M S,33,1720,1,1.0436750873923302,1,1.0436750873923302,0,0.7355106780305505,15,12,7,1,3.1661211233586077,1.6837338991463184
ENG-Premier League,2526,Burnley,Kyle Walker,1,2025,92,638,D M S,36,3101,0,0.0930412104353308,0,0.0930412104353308,2,1.6653890665620563,4,13,9,0,9.239772559143605,9.072032039053738
ENG-Premier League,2526,Burnley,Loum Tchaouna,1,2025,92,9977,F M S,29,1268,2,1.2590220803394914,2,1.2590220803394914,1,1.1996374279260635,23,13,2,0,4.213689148426056,1.974099012091756
ENG-Premier League,2526,Burnley,Lucas Pires,1,2025,92,11824,D S,20,1391,0,0.9026442989706992,0,0.9026442989706992,0,1.5199418039992452,16,20,1,1,3.833500165492296,2.3545368826016784
ENG-Premier League,2526,Burnley,Lyle Foster,1,2025,92,7498,F M S,26,1375,3,3.592184547334909,3,3.592184547334909,2,1.145955815911293,20,10,4,0,5.975080406293273,2.130239402875304
ENG-Premier League,2526,Burnley,Marcus Edwards,1,2025,92,13730,F M S,23,1054,1,2.2835088558495045,1,2.2835088558495045,3,2.546008862555027,23,20,0,0,6.092996638268232,3.1580835357308388
ENG-Premier League,2526,Burnley,Martin Dubravka,1,2025,92,6532,GK,35,3150,0,0.0,0,0.0,0,0.0,0,0,1,0,2.838488420471549,2.838488420471549
ENG-Premier League,2526,Burnley,Max Weiss,1,2025,92,13731,GK,3,270,0,0.0,0,0.0,0,0.1608665138483047,0,1,0,0,0.3129879906773567,0.1521214768290519
ENG-Premier League,2526,Burnley,Maxime Estève,1,2025,92,9487,D,34,2946,0,0.4516084846109152,0,0.4516084846109152,0,0.7021042061969638,10,6,1,0,4.438025475479662,4.28961091581732
ENG-Premier League,2526,Burnley,Mike Trésor,1,2025,92,12094,S,6,25,0,0.0,0,0.0,0,0.0,0,0,0,0,0.0272231623530387,0.0272231623530387
ENG-Premier League,2526,Burnley,Oliver Sonne,1,2025,92,13726,D S,7,149,1,0.3753026779741049,1,0.3753026779741049,0,0.0269181225448846,3,1,0,0,0.5079874768853188,0.1973782777786255
ENG-Premier League,2526,Burnley,Quilindschy Hartman,1,2025,92,13727,D,21,1843,0,0.377465664409101,0,0.377465664409101,5,2.790129487402737,9,20,1,0,5.23548704944551,4.075551783666015
ENG-Premier League,2526,Burnley,Zeki Amdouni,1,2025,92,11701,S,4,53,0,0.172810111194849,0,0.172810111194849,0,0.0,3,0,0,0,0.2553773000836372,0.0825671935454011
ENG-Premier League,2526,Burnley,Zian Flemming,1,2025,92,13729,F S,29,1795,11,9.554794699884951,9,8.032457021065056,0,0.6848367601633072,52,10,5,0,7.825265257619321,1.7185871880501509
ENG-Premier League,2526,Chelsea,Alejandro Garnacho,1,2025,80,10552,F M S,24,1285,1,4.111795756965876,1,4.111795756965876,4,4.21896393597126,33,29,2,0,12.953486386686563,6.525954343378544
ENG-Premier League,2526,Chelsea,Andrey Santos,1,2025,80,11808,M S,27,1217,1,2.5551512390375137,1,2.5551512390375137,0,0.6883775070309639,11,8,4,0,6.324630655348301,4.395013879984617
ENG-Premier League,2526,Chelsea,Benoit Badiashile Mukinayi,1,2025,80,7240,D S,8,478,0,0.0,0,0.0,0,0.0,0,0,2,0,1.0458098985254765,1.0458098985254765
ENG-Premier League,2526,Chelsea,Cole Palmer,1,2025,80,8497,F M S,26,2007,10,10.257518742233517,5,5.69050582125783,1,2.123134629800916,64,24,5,0,16.862019807100296,10.53817812167108
ENG-Premier League,2526,Chelsea,Dário Essugo,1,2025,80,13094,S,3,24,0,0.0,0,0.0,0,0.0,0,0,2,0,0.4316332601010799,0.4316332601010799
ENG-Premier League,2526,Chelsea,Enzo Fernández,1,2025,80,11356,M S,36,3149,10,11.91719657368958,8,10.394858876243234,4,8.865934781730175,72,68,10,0,27.90237918496132,16.159590516239405
ENG-Premier League,2526,Chelsea,Estêvão,1,2025,80,13775,F M S,22,854,2,3.874036334455013,2,3.874036334455013,2,2.8163073528558016,28,16,4,0,9.267625011503696,3.582291418686509
ENG-Premier League,2526,Chelsea,Facundo Buonanotte,1,2025,80,11362,M S,4,77,0,0.075097182765603,0,0.075097182765603,0,0.3006448894739151,2,3,1,0,0.2949840631335974,0.2198868803679943
ENG-Premier League,2526,Chelsea,Filip Jorgensen,1,2025,80,9272,GK S,5,365,0,0.0,0,0.0,0,0.0,0,0,0,0,1.312999188899994,1.312999188899994
ENG-Premier League,2526,Chelsea,Jamie Bynoe-Gittens,1,2025,80,10542,M S,16,455,0,0.8924727980047464,0,0.8924727980047464,2,0.978217288851738,10,9,0,0,2.936161085963249,1.3098940197378397
ENG-Premier League,2526,Chelsea,Jesse Derry,1,2025,80,14584,M,1,53,0,0.1001430451869964,0,0.1001430451869964,0,0.0,2,0,0,0,0.1972270905971527,0.0970840454101562
ENG-Premier League,2526,Chelsea,Jorrel Hato,1,2025,80,13776,D S,22,1131,0,0.3383092209696769,0,0.3383092209696769,0,0.7095918618142605,4,8,7,0,6.174443513154984,5.819172963500023
ENG-Premier League,2526,Chelsea,Josh Acheampong,1,2025,80,12535,D S,17,657,1,0.6709242314100266,1,0.6709242314100266,0,0.137966588139534,4,2,1,0,2.121888380497694,2.050211239606142
ENG-Premier League,2526,Chelsea,João Pedro,1,2025,80,8272,F M S,35,2698,15,15.723741941154003,15,15.723741941154003,5,3.983569510281086,73,29,5,0,19.279914382845163,4.795918667688966
ENG-Premier League,2526,Chelsea,Levi Colwill,1,2025,80,10805,D S,3,210,0,0.0,0,0.0,0,0.0,0,0,0,0,1.2937061935663223,1.2937061935663223
ENG-Premier League,2526,Chelsea,Liam Delap,1,2025,80,8868,F S,28,1064,1,5.030099527910352,1,5.030099527910352,0,0.1692549511790275,36,3,4,0,7.515913432464004,3.400637183338404
ENG-Premier League,2526,Chelsea,Malo Gusto,1,2025,80,9017,D M S,34,2306,2,1.941821174696088,2,1.941821174696088,3,3.805633621290326,12,27,3,1,16.337898954749107,13.553333889693022
ENG-Premier League,2526,Chelsea,Mamadou Sarr,1,2025,80,11253,D S,3,99,0,0.5694634318351746,0,0.5694634318351746,0,0.0,1,0,0,0,0.2305086031556129,0.2305086031556129
ENG-Premier League,2526,Chelsea,Marc Cucurella,1,2025,80,7134,D M S,34,2714,1,1.8860962446779013,1,1.8860962446779013,4,4.541678033769131,20,39,8,1,15.159206625074148,12.003521535545588
ENG-Premier League,2526,Chelsea,Marc Guiu,1,2025,80,11633,F S,10,250,0,2.5071037635207176,0,2.5071037635207176,1,0.7587333768606186,13,3,1,0,3.278472982347012,0.1225794777274131
ENG-Premier League,2526,Chelsea,Moisés Caicedo,1,2025,80,9453,M S,33,2811,3,1.5309751015156507,3,1.5309751015156507,1,2.626823216676712,27,18,11,1,17.209235347807407,15.360051840543749
ENG-Premier League,2526,Chelsea,Pedro Neto,1,2025,80,6382,F M S,34,2667,5,5.149658527225256,5,5.149658527225256,6,7.933838244527578,46,53,2,1,19.275073874741796,9.826909113675356
ENG-Premier League,2526,Chelsea,Reece James,1,2025,80,8067,D M S,29,1927,2,1.2280184961855412,2,1.2280184961855412,4,3.9933422207832336,22,27,4,0,11.531630601733925,9.75475050136447
ENG-Premier League,2526,Chelsea,Robert Sánchez,1,2025,80,9098,GK,35,3054,0,0.0,0,0.0,1,0.8848487213253975,0,5,4,1,10.15497968159616,9.270130960270762
ENG-Premier League,2526,Chelsea,Romeo Lavia,1,2025,80,10004,M S,12,366,0,0.2767128031700849,0,0.2767128031700849,0,0.4153143763542175,3,1,0,0,3.2999991066753864,3.252035230398178
ENG-Premier League,2526,Chelsea,Shumaira Mheuka,1,2025,80,13476,S,1,1,0,0.0,0,0.0,0,0.0,0,0,0,0,0.0,0.0
ENG-Premier League,2526,Chelsea,Tosin Adarabioyo,1,2025,80,5590,D S,16,791,0,0.0724174678325653,0,0.0724174678325653,0,0.4159756898880005,2,1,2,0,3.179009012877941,3.179009012877941
ENG-Premier League,2526,Chelsea,Trevoh Chalobah,1,2025,80,6615,D S,34,2781,3,1.84148343000561,3,1.84148343000561,0,0.6305756159126759,16,5,3,1,14.728520268574355,14.596847238019109
ENG-Premier League,2526,Chelsea,Tyrique George,1,2025,80,12573,M S,15,328,0,0.8288742527365685,0,0.8288742527365685,0,1.341641515493393,10,3,2,0,1.6617202535271645,0.9885738510638477
ENG-Premier League,2526,Chelsea,Wesley Fofana,1,2025,80,7589,D S,25,1745,0,0.5401721596717834,0,0.5401721596717834,1,0.658527560532093,8,3,5,2,8.765856113284826,8.73524048551917
ENG-Premier League,2526,Crystal Palace,Adam Wharton,1,2025,78,12409,M S,34,2596,1,1.1520960042253137,1,1.1520960042253137,5,6.6245664320886135,32,44,4,1,14.679165456444023,10.561547454446554
ENG-Premier League,2526,Crystal Palace,Borna Sosa,1,2025,78,7075,S,7,88,0,0.0390446111559867,0,0.0390446111559867,0,0.076265724375844,1,2,1,0,0.4843605980277061,0.3884894046932459
ENG-Premier League,2526,Crystal Palace,Brennan Johnson,1,2025,78,10760,D F M S,34,1709,2,2.5934192165732384,2,2.5934192165732384,1,1.281047284603119,23,19,6,0,5.23962683416903,1.934015018865466
ENG-Premier League,2526,Crystal Palace,Chadi Riad,1,2025,78,11167,D S,9,562,0,0.2799455123022198,0,0.2799455123022198,1,0.427691638469696,4,1,2,0,1.6205672025680542,1.5276411771774292
ENG-Premier League,2526,Crystal Palace,Chris Richards,1,2025,78,8430,D S,33,2819,1,1.7814537715166807,1,1.7814537715166807,0,0.4875335106626153,15,9,4,0,7.80950731690973,7.502825566567481
ENG-Premier League,2526,Crystal Palace,Christantus Uche,1,2025,78,12726,S,14,109,0,0.7797833420336246,0,0.7797833420336246,0,0.0,6,0,0,0,0.7532306127250195,0.0335573256015777
ENG-Premier League,2526,Crystal Palace,Daichi Kamada,1,2025,78,6145,M S,28,1924,0,1.4871895518153906,0,1.4871895518153906,0,2.585762256756425,19,20,3,0,9.884232659824193,7.305970148183405
ENG-Premier League,2526,Crystal Palace,Daniel Muñoz,1,2025,78,12408,D,29,2417,4,3.147003997117281,4,3.147003997117281,3,5.066070262342691,26,27,7,0,10.425639127381146,4.4382075956091285
ENG-Premier League,2526,Crystal Palace,Dean Henderson,1,2025,78,7702,GK,37,3330,0,0.0,0,0.0,0,0.0154756419360637,0,1,5,0,3.761154722422362,3.761154722422362
ENG-Premier League,2526,Crystal Palace,Eddie Nketiah,1,2025,78,6482,M S,12,396,2,1.942964792251587,2,1.942964792251587,0,0.9605132089927793,15,7,2,0,2.89599169138819,0.1487936852499842
ENG-Premier League,2526,Crystal Palace,Ismaila Sarr,1,2025,78,5675,F M S,28,2181,9,11.5433072373271,6,9.259800650179386,1,2.200463268905878,48,19,2,0,12.695851609110832,3.182719247415662
ENG-Premier League,2526,Crystal Palace,Jaydee Canvot,1,2025,78,13091,D S,20,1334,0,1.5658284928649664,0,1.5658284928649664,0,0.0823616674169898,7,3,3,0,3.845728666521609,3.81945420242846
ENG-Premier League,2526,Crystal Palace,Jean-Philippe Mateta,1,2025,78,5735,F S,32,2225,12,15.977427493780851,8,12.93275199458003,0,1.2496193014085293,63,9,2,0,15.170770466327667,2.393757389858365
ENG-Premier League,2526,Crystal Palace,Jefferson Lerma,1,2025,78,2182,D M S,31,1693,0,2.208588045090437,0,2.208588045090437,2,1.7842966839671135,19,13,7,0,7.616084651090205,6.042748659849167
ENG-Premier League,2526,Crystal Palace,Joél Drakes-Thomas,1,2025,78,14263,S,2,2,0,0.0,0,0.0,0,0.0,0,0,0,0,0.3753929138183594,0.3753929138183594
ENG-Premier League,2526,Crystal Palace,Justin Devenny,1,2025,78,13038,D F M S,21,762,1,2.2452754601836205,0,1.4841066226363182,0,0.3324787318706512,13,7,0,0,3.62430040538311,2.076643966138363
ENG-Premier League,2526,Crystal Palace,Jørgen Strand Larsen,1,2025,78,11070,F S,36,2353,4,6.514206910505891,3,4.991869203746319,1,0.6865616654977202,44,10,4,0,7.06976137124002,2.5690375342965126
ENG-Premier League,2526,Crystal Palace,Kaden Rodney,1,2025,78,11033,S,1,1,0,0.0,0,0.0,0,0.0,0,0,0,0,0.0,0.0
ENG-Premier League,2526,Crystal Palace,Marc Guehi,1,2025,78,7603,D,35,3150,3,4.697336498647928,3,4.697336498647928,3,2.726592278573662,32,18,6,0,17.67278046440333,15.488122279755771
ENG-Premier League,2526,Crystal Palace,Maxence Lacroix,1,2025,78,8853,D,35,3094,1,3.006834846921265,1,3.006834846921265,2,1.2868863735347986,25,7,4,1,10.744279656559227,9.981197169981897
ENG-Premier League,2526,Crystal Palace,Nathaniel Clyne,1,2025,78,603,D S,10,613,0,0.2701648138463497,0,0.2701648138463497,1,0.6744996476918459,3,3,1,0,1.4967839866876602,1.2266192231327295
ENG-Premier League,2526,Crystal Palace,Odsonne Edouard,1,2025,78,3697,S,1,1,0,0.0,0,0.0,0,0.0,0,0,0,0,0.0,0.0
ENG-Premier League,2526,Crystal Palace,Rio Cardines,1,2025,78,13777,D,1,90,0,0.0184464920312166,0,0.0184464920312166,0,0.2980242371559143,1,2,0,0,0.4059568345546722,0.1824121475219726
ENG-Premier League,2526,Crystal Palace,Romain Esse,1,2025,78,13387,S,4,29,0,0.0,0,0.0,0,0.0,0,0,0,0,0.0,0.0
ENG-Premier League,2526,Crystal Palace,Tyrick Mitchell,1,2025,78,8214,D S,38,3258,1,1.9847235046327116,1,1.9847235046327116,2,3.036134548485279,19,29,6,0,13.15546108223498,9.87049151957035
ENG-Premier League,2526,Crystal Palace,Walter Benítez,1,2025,78,5652,GK,1,90,0,0.0,0,0.0,0,0.0,0,0,0,0,0.0,0.0
ENG-Premier League,2526,Crystal Palace,Will Hughes,1,2025,78,6104,M S,31,1567,0,1.2812513932585716,0,1.2812513932585716,0,1.9265618100762367,17,21,7,0,7.058678660541773,5.38273361325264
ENG-Premier League,2526,Crystal Palace,Yeremi Pino,1,2025,78,9024,F M S,34,2134,2,4.372978935018182,2,4.372978935018182,2,8.502093791030347,45,48,4,0,13.46667707618326,4.587377788498998
ENG-Premier League,2526,Everton,Beto,1,2025,72,9983,F S,37,1552,9,10.947674445807934,9,10.947674445807934,1,1.0041863042861223,43,12,3,0,12.09721666574478,0.9316300563514232
ENG-Premier League,2526,Everton,Carlos Alcaraz,1,2025,72,11297,M S,20,681,0,1.0087895719334483,0,1.0087895719334483,1,1.21384940110147,20,9,4,0,2.683815789408982,1.3459198297932744
ENG-Premier League,2526,Everton,Dwight McNeil,1,2025,72,6756,F M S,22,1184,0,1.4632735215127468,0,1.4632735215127468,1,1.7390878200531006,24,15,1,0,4.620902612805367,2.5291305258870125
ENG-Premier League,2526,Everton,Harrison Armstrong,1,2025,72,12757,M S,13,520,0,0.4391051679849624,0,0.4391051679849624,0,0.1213887110352516,5,4,0,0,1.601274512708187,1.3438003733754158
ENG-Premier League,2526,Everton,Idrissa Gueye,1,2025,72,668,M,25,2120,2,1.9142106398940089,2,1.9142106398940089,3,1.693690698593855,29,13,1,1,9.138687188737094,6.896284964866936
ENG-Premier League,2526,Everton,Iliman Ndiaye,1,2025,72,9307,M,32,2805,6,6.143797228112817,4,4.621459530666471,3,4.457025814801455,43,30,2,0,15.463790696114302,6.865662005729973
ENG-Premier League,2526,Everton,Jack Grealish,1,2025,72,675,F M S,20,1645,2,3.084938551299274,2,3.084938551299274,6,4.558330744504929,26,38,2,1,9.290637398138642,3.2924681939184666
ENG-Premier League,2526,Everton,Jake O'Brien,1,2025,72,12014,D S,37,3146,1,1.3068652302026749,1,1.3068652302026749,1,0.7244354635477066,13,17,6,1,6.48744806367904,5.052895814180374
ENG-Premier League,2526,Everton,James Garner,1,2025,72,7438,D M,38,3417,2,2.075645294971764,2,2.075645294971764,7,6.066574491560459,45,56,12,0,11.283361876383424,8.333431598730385
ENG-Premier League,2526,Everton,James Tarkowski,1,2025,72,1665,D,37,3330,2,2.8690776508301497,2,2.8690776508301497,3,2.0567114762961864,20,18,8,0,6.824133190326393,5.569046746008098
ENG-Premier League,2526,Everton,Jarrad Branthwaite,1,2025,72,8476,D S,10,682,1,0.3099620118737221,1,0.3099620118737221,0,0.373225899413228,6,3,1,0,1.287902306765318,1.127036638557911
ENG-Premier League,2526,Everton,Jordan Pickford,1,2025,72,741,GK,38,3420,0,0.0,0,0.0,0,0.2333715260028839,0,2,4,0,3.0988036673516035,3.016686646267772
ENG-Premier League,2526,Everton,Kiernan Dewsbury-Hall,1,2025,72,9739,M S,31,2649,8,4.330071024596691,8,4.330071024596691,4,6.574528481811285,39,36,6,0,14.27813035994768,8.12063055485487
ENG-Premier League,2526,Everton,Merlin Röhl,1,2025,72,11331,M S,16,650,1,0.5586705394089222,1,0.5586705394089222,0,0.3609896339476108,11,6,0,0,1.4036217126995325,0.6960872486233711
ENG-Premier League,2526,Everton,Michael Keane,1,2025,72,1653,D S,33,2586,3,3.569063669070601,3,3.569063669070601,1,0.1301262713968753,26,2,1,1,5.3534705666825175,4.28355781827122
ENG-Premier League,2526,Everton,Nathan Patterson,1,2025,72,10292,D S,7,241,0,0.1701965481042862,0,0.1701965481042862,0,0.0,1,0,0,0,0.7384375408291817,0.5682409927248955
ENG-Premier League,2526,Everton,Seamus Coleman,1,2025,72,585,D S,5,13,0,0.0,0,0.0,0,0.0379066541790962,0,1,0,0,0.0379066541790962,0.0379066541790962
ENG-Premier League,2526,Everton,Thierno Barry,1,2025,72,12916,F S,38,1921,8,9.149327086284757,8,9.149327086284757,0,1.003938363865018,38,12,3,0,10.248973826877773,2.152141290716827
ENG-Premier League,2526,Everton,Tim Iroegbunam,1,2025,72,9554,M S,29,1496,0,0.5109043149277568,0,0.5109043149277568,2,1.847727376036346,12,8,9,0,4.414639215916395,2.8447110541164875
ENG-Premier League,2526,Everton,Tyler Dibling,1,2025,72,10586,M S,14,337,0,0.1377814710140228,0,0.1377814710140228,0,0.2132043652236461,4,4,2,0,0.8644972424954176,0.634521609172225
ENG-Premier League,2526,Everton,Vitalii Mykolenko,1,2025,72,10291,D,33,2963,0,0.2774586006999016,0,0.2774586006999016,1,1.1418284978717566,9,22,6,0,8.09473404660821,7.0455850679427385
ENG-Premier League,2526,Fulham,Adama Traoré,1,2025,228,900,M S,24,326,0,0.6883524060249329,0,0.6883524060249329,0,0.4146889857947826,7,3,1,0,1.7696308875456452,0.703641195781529
ENG-Premier League,2526,Fulham,Alex Iwobi,1,2025,228,500,M,29,2473,4,2.403212903998792,4,2.403212903998792,3,3.629966888576746,39,42,3,0,10.424585027620196,6.602384243160486
ENG-Premier League,2526,Fulham,Antonee Robinson,1,2025,228,8940,D S,22,1484,1,0.977246874012053,0,0.2160780364647507,0,1.090028055012226,6,21,5,0,4.561269454658032,3.8488879278302193
ENG-Premier League,2526,Fulham,Bernd Leno,1,2025,228,181,GK,38,3420,0,0.0,0,0.0,0,0.0,0,0,3,0,4.902563899755478,4.902563899755478
ENG-Premier League,2526,Fulham,Calvin Bassey,1,2025,228,11728,D S,30,2523,1,1.1909357141703367,1,1.1909357141703367,0,0.4309475254267454,11,10,5,0,6.188590038567781,5.893190614879131
ENG-Premier League,2526,Fulham,Emile Smith-Rowe,1,2025,228,7230,M S,37,1933,3,4.261428236961365,3,4.261428236961365,0,1.417598308995366,36,18,1,0,8.591270301491022,4.14689252525568
ENG-Premier League,2526,Fulham,Harrison Reed,1,2025,228,910,M S,7,79,1,0.0865944325923919,1,0.0865944325923919,0,0.4029217101633549,2,3,0,0,0.4040597602725029,0.2693337053060531
ENG-Premier League,2526,Fulham,Harry Wilson,1,2025,228,5596,M S,36,2751,10,5.759745923802257,10,5.759745923802257,7,5.503671173006296,78,37,7,0,11.091712068766356,4.132661418989301
ENG-Premier League,2526,Fulham,Issa Diop,1,2025,228,3203,D S,13,810,1,0.4416985362768173,1,0.4416985362768173,0,0.0,2,0,2,0,1.5519594810903072,1.5519594810903072
ENG-Premier League,2526,Fulham,Joachim Andersen,1,2025,228,6314,D,33,2882,0,1.659308227710426,0,1.659308227710426,1,0.5809159595519304,16,6,7,1,9.259830322116612,8.9278842844069
ENG-Premier League,2526,Fulham,Jonah Kusi-Asare,1,2025,228,13262,S,7,28,0,0.0,0,0.0,0,0.081977978348732,0,1,1,0,0.081977978348732,0.0
ENG-Premier League,2526,Fulham,Jorge Cuenca,1,2025,228,8489,D S,15,949,0,0.0508214943110942,0,0.0508214943110942,0,0.5158752724528313,1,3,6,0,2.3103927858173847,2.3103927858173847
ENG-Premier League,2526,Fulham,Joshua King,1,2025,228,12410,F M S,32,1306,1,3.79960710555315,1,3.79960710555315,2,1.0395643608644605,26,15,4,0,6.186926681548357,2.6014943681657314
ENG-Premier League,2526,Fulham,Kenny Tete,1,2025,228,5973,D S,22,1805,1,0.728774206712842,1,0.728774206712842,0,0.9490535911172628,16,11,2,0,3.944374708458781,3.1575920060276985
ENG-Premier League,2526,Fulham,Kevin,1,2025,228,14030,M S,26,1002,1,1.334008033387363,1,1.334008033387363,1,1.240381198003888,25,14,1,0,4.820031132549048,2.8916280269622803
ENG-Premier League,2526,Fulham,Oscar Bobb,1,2025,228,11903,F M S,23,1046,0,1.4291031155735254,0,1.4291031155735254,1,2.017092976719141,12,22,1,0,5.759685222059488,3.5445012114942074
ENG-Premier League,2526,Fulham,Raúl Jiménez,1,2025,228,4105,F S,36,2215,9,12.016586696729064,5,8.971911305561662,3,1.944130852818489,73,25,5,0,10.551293056458237,1.5579581297934055
ENG-Premier League,2526,Fulham,Rodrigo Muniz,1,2025,228,10717,F S,21,1001,1,4.545291785150766,1,4.545291785150766,1,0.9614864559844136,32,8,2,0,4.830986261367798,1.298047307878733
ENG-Premier League,2526,Fulham,Ryan Sessegnon,1,2025,228,6837,D M S,27,1830,3,2.04829409904778,3,2.04829409904778,1,2.228433128446341,16,14,0,0,8.259379532188177,5.088316984474659
ENG-Premier League,2526,Fulham,Samuel Chukwueze,1,2025,228,7208,M S,23,1052,3,2.3333342373371124,3,2.3333342373371124,4,2.836030565202236,25,24,0,0,7.104950949549675,2.852319191209972
ENG-Premier League,2526,Fulham,Sander Berge,1,2025,228,8285,M S,35,2935,0,1.3464614748954773,0,1.3464614748954773,1,1.985070546157658,14,21,5,0,10.621809985488651,8.998958602547646
ENG-Premier League,2526,Fulham,Sasa Lukic,1,2025,228,1537,M S,26,1731,1,2.339236881583929,1,2.339236881583929,2,2.163257449865341,18,27,9,0,6.226264594122768,3.358000723645091
ENG-Premier League,2526,Fulham,Timothy Castagne,1,2025,228,6157,D M S,30,1849,0,1.470174259506166,0,1.470174259506166,0,1.7460119286552072,14,18,4,0,6.83210355322808,5.599581710994244
ENG-Premier League,2526,Fulham,Tom Cairney,1,2025,228,6835,M S,24,747,2,0.8124629594385624,2,0.8124629594385624,0,0.6888010948896408,17,11,3,0,4.332617878913879,3.375612545758486
ENG-Premier League,2526,Leeds,Anton Stach,1,2025,245,9910,M S,29,2394,5,2.9207701720297337,5,2.9207701720297337,3,5.958144916221499,55,61,3,0,10.147935139015315,6.20686737075448
ENG-Premier League,2526,Leeds,Ao Tanaka,1,2025,245,13834,M S,28,1330,2,2.1981850005686283,2,2.1981850005686283,0,1.3577267043292522,17,18,1,0,6.806126736104488,4.313436454162002
ENG-Premier League,2526,Leeds,Brenden Aaronson,1,2025,245,10751,F M S,37,2517,4,5.881288753822446,4,5.881288753822446,5,5.662709843367338,46,34,3,0,13.203591203317046,3.4881920777261257
ENG-Premier League,2526,Leeds,Daniel James,1,2025,245,5595,D F S,19,538,0,0.799863189458847,0,0.799863189458847,0,0.4895355738699436,14,9,0,0,1.5797358211129904,0.3267992343753576
ENG-Premier League,2526,Leeds,Dominic Calvert-Lewin,1,2025,245,5555,F S,35,2732,14,18.671318570151925,10,14.865511130541565,1,1.5441157519817352,73,20,3,0,18.026230743154883,2.768353534862399
ENG-Premier League,2526,Leeds,Ethan Ampadu,1,2025,245,6369,M,35,3130,1,1.946105619892478,1,1.946105619892478,1,1.1763546681031585,26,19,10,0,11.866393697448077,10.690290067344904
ENG-Premier League,2526,Leeds,Gabriel Gudmundsson,1,2025,245,9944,D M S,32,2657,0,0.8777289493009448,0,0.8777289493009448,0,3.1013932153582573,18,21,4,1,6.76558150164783,4.271107049658895
ENG-Premier League,2526,Leeds,Ilia Gruev,1,2025,245,8000,M S,23,1310,0,0.7337606139481068,0,0.7337606139481068,3,1.4936000779271126,7,11,3,0,3.584418125450611,2.230386760085821
ENG-Premier League,2526,Leeds,Jack Harrison,1,2025,245,8720,F S,11,232,0,0.4338683113455772,0,0.4338683113455772,0,0.3380284607410431,6,1,0,0,1.0663754409179091,0.3290564557537436
ENG-Premier League,2526,Leeds,Jaka Bijol,1,2025,245,6807,D S,25,1895,1,0.718483354896307,1,0.718483354896307,2,1.399182764813304,15,7,4,0,5.490988912060857,4.503906073048711
ENG-Premier League,2526,Leeds,James Justin,1,2025,245,7753,D M S,29,1895,2,2.5627669915556908,2,2.5627669915556908,1,2.572751060128212,24,13,4,0,5.141626592725515,2.756110928952694
ENG-Premier League,2526,Leeds,Jayden Bogle,1,2025,245,9205,D M S,34,2822,1,1.892064114101231,1,1.892064114101231,2,3.5251562744379044,18,21,6,0,11.021193640306592,6.367132198065519
ENG-Premier League,2526,Leeds,Joe Rodon,1,2025,245,6377,D S,35,2954,2,1.8460459671914575,2,1.8460459671914575,0,0.4614792335778475,18,9,3,0,6.242629060521722,5.799875162541866
ENG-Premier League,2526,Leeds,Joël Piroe,1,2025,245,13835,F S,16,216,0,1.0837035588920116,0,1.0837035588920116,0,0.0858056545257568,14,1,0,0,1.2039332054555416,0.2169358264654874
ENG-Premier League,2526,Leeds,Karl Darlow,1,2025,245,780,GK,22,1980,0,0.0,0,0.0,0,0.0,0,0,1,0,1.8115539252758024,1.8115539252758024
ENG-Premier League,2526,Leeds,Lucas Perri,1,2025,245,12369,GK,16,1440,0,0.0,0,0.0,0,0.0,0,0,2,0,2.474491350352764,2.474491350352764
ENG-Premier League,2526,Leeds,Lukas Nmecha,1,2025,245,6544,F S,31,1076,6,8.14029767177999,4,5.856791136786342,1,1.684540869668126,30,11,0,0,6.9614828154444695,1.4674436636269093
ENG-Premier League,2526,Leeds,Noah Okafor,1,2025,245,11966,F M S,28,1592,8,6.296696716919541,8,6.296696716919541,1,2.259315438568592,35,19,3,0,10.915966423228385,3.821857213973999
ENG-Premier League,2526,Leeds,Pascal Struijk,1,2025,245,8717,D S,34,2940,0,2.967387342825532,0,2.967387342825532,1,1.093722109682858,31,12,5,0,7.120333257131279,6.181641686707735
ENG-Premier League,2526,Leeds,Sam Byram,1,2025,245,902,S,2,5,0,0.0,0,0.0,0,0.0,0,0,0,0,0.0,0.0
ENG-Premier League,2526,Leeds,Sean Longstaff,1,2025,245,7078,M S,23,999,2,1.3776587545871737,2,1.3776587545871737,2,2.7682253569364548,16,25,2,0,3.445849686861038,1.8182370737195013
ENG-Premier League,2526,Leeds,Sebastiaan Bornauw,1,2025,245,7791,D S,12,438,0,0.1316642463207245,0,0.1316642463207245,0,0.0,1,0,1,0,0.4923748522996902,0.4923748522996902
ENG-Premier League,2526,Leeds,Wilfried Gnonto,1,2025,245,11155,F S,23,493,0,0.4376505799591541,0,0.4376505799591541,1,1.2471250221133232,10,8,3,0,2.879379965364933,1.2366269938647747
ENG-Premier League,2526,Liverpool,Alexander Isak,1,2025,87,5232,F S,14,717,3,3.2453083600848918,3,3.2453083600848918,1,0.8461103290319443,17,2,0,0,4.25296457670629,0.9801311492919922
ENG-Premier League,2526,Liverpool,Alexis Mac Allister,1,2025,87,8379,M S,37,2683,2,4.071707676164806,2,4.071707676164806,4,2.849602391012013,52,34,7,0,13.185968162491918,8.344642542302608
ENG-Premier League,2526,Liverpool,Alisson,1,2025,87,1257,GK,26,2340,0,0.0,0,0.0,0,0.0,0,0,1,0,4.577883286401629,4.577883286401629
ENG-Premier League,2526,Liverpool,Andrew Robertson,1,2025,87,1688,D S,24,1160,1,1.047316076233983,1,1.047316076233983,0,1.5095006115734575,10,20,0,0,5.851028840988874,4.472272000275552
ENG-Premier League,2526,Liverpool,Cody Gakpo,1,2025,87,11296,F M S,36,2758,7,9.826099138706924,7,9.826099138706924,5,6.592332137748599,87,53,3,0,18.73160722479224,5.830895097926259
ENG-Premier League,2526,Liverpool,Conor Bradley,1,2025,87,10120,D S,15,962,0,0.2198291672393679,0,0.2198291672393679,1,1.1937107481062412,6,4,5,0,3.412436105310917,2.405481914058328
ENG-Premier League,2526,Liverpool,Curtis Jones,1,2025,87,6665,D M S,34,1910,1,2.4063171884045005,1,2.4063171884045005,2,2.8340956876054406,22,22,2,0,10.620183551684022,7.237103626132011
ENG-Premier League,2526,Liverpool,Dominik Szoboszlai,1,2025,87,9788,D F M,36,3236,6,4.724170769564807,6,3.963001917116344,7,8.835168853402138,70,78,8,1,21.543240651488304,15.061629813164473
ENG-Premier League,2526,Liverpool,Federico Chiesa,1,2025,87,1433,M S,26,247,2,1.6658269949257374,2,1.6658269949257374,1,1.4720365405082705,16,3,3,0,3.722939472645521,0.7541015595197678
ENG-Premier League,2526,Liverpool,Florian Wirtz,1,2025,87,8397,F M S,33,2426,5,7.576831823214889,5,7.576831823214889,3,5.384264823049307,51,60,1,0,20.641500685364008,10.743050179444252
ENG-Premier League,2526,Liverpool,Freddie Woodman,1,2025,87,852,GK S,3,210,0,0.0,0,0.0,0,0.0,0,0,0,0,0.6411428824067116,0.6411428824067116
ENG-Premier League,2526,Liverpool,Giorgi Mamardashvili,1,2025,87,9693,GK,10,870,0,0.0,0,0.0,0,0.0,0,0,0,0,2.2863197792321444,2.2863197792321444
ENG-Premier League,2526,Liverpool,Hugo Ekitike,1,2025,87,8995,F S,28,1835,11,11.932188130915163,11,11.932188130915163,4,2.49130567535758,65,21,0,0,16.322998896241188,4.886437067762017
ENG-Premier League,2526,Liverpool,Ibrahima Konaté,1,2025,87,6326,D,36,3133,1,1.9586246628314257,1,1.9586246628314257,0,0.7252839719876647,12,8,7,0,11.115987345576286,10.797563448548315
ENG-Premier League,2526,Liverpool,Jeremie Frimpong,1,2025,87,9328,D M S,21,1027,0,0.514072947204113,0,0.514072947204113,1,2.69134059548378,10,15,1,0,5.955447107553482,4.064382215961814
ENG-Premier League,2526,Liverpool,Joseph Gomez,1,2025,87,987,D S,21,577,0,0.1996985450387001,0,0.1996985450387001,2,1.2491662725806236,4,5,4,0,4.338553808629513,3.096942812204361
ENG-Premier League,2526,Liverpool,Milos Kerkez,1,2025,87,11709,D S,34,2271,2,1.3935871431604028,2,1.3935871431604028,1,1.8634965866804123,9,26,4,0,9.48909960873425,6.859379429370165
ENG-Premier League,2526,Liverpool,Mohamed Salah,1,2025,87,1250,F M S,27,2163,7,8.837686643004417,6,8.076517805457115,7,6.428150682710111,67,49,1,0,17.373253114521503,6.297699823975563
ENG-Premier League,2526,Liverpool,Rio Ngumoha,1,2025,87,13692,M S,19,515,2,1.2214453928172588,2,1.2214453928172588,1,2.126121360808611,16,16,0,0,4.779051471501589,1.6543097691610456
ENG-Premier League,2526,Liverpool,Ryan Gravenberch,1,2025,87,10697,M S,36,3008,5,1.5315213510766623,5,1.5315213510766623,3,2.368868850171566,38,29,5,0,13.042155539616942,10.718840256333351
ENG-Premier League,2526,Liverpool,Treymaurice Nyoni,1,2025,87,12203,S,6,13,0,0.4788391590118408,0,0.4788391590118408,0,0.0494166016578674,1,1,0,0,0.9795083701610564,0.4512526243925094
ENG-Premier League,2526,Liverpool,Virgil van Dijk,1,2025,87,833,D,38,3420,6,4.891236560419202,6,4.891236560419202,0,0.3285368140786886,30,11,4,0,12.485559825785458,11.383180485107005
ENG-Premier League,2526,Liverpool,Wataru Endo,1,2025,87,8808,D S,8,162,0,0.0619611144065856,0,0.0619611144065856,1,0.1389048248529434,1,1,1,0,0.9600183218717576,0.7591523677110672
ENG-Premier League,2526,Manchester City,Abduqodir Khusanov,1,2025,88,11763,D S,21,1421,0,0.6727990191429853,0,0.6727990191429853,0,0.5715384930372238,7,6,2,0,7.6340554766356945,7.126731883734465
ENG-Premier League,2526,Manchester City,Bernardo Silva,1,2025,88,3635,M S,38,2917,2,2.899573851376772,2,2.899573851376772,4,5.28287316672504,30,47,9,0,25.18876053020358,19.402738712728024
ENG-Premier League,2526,Manchester City,Divine Mukasa,1,2025,88,14055,S,2,21,0,0.0,0,0.0,0,0.211731594055891,0,2,0,0,0.7216724120080471,0.5099408626556396
ENG-Premier League,2526,Manchester City,Erling Haaland,1,2025,88,8260,F S,35,2979,27,28.795336209237576,24,25.7506607696414,8,5.507687093690038,125,25,2,0,32.735352732241154,5.163548586890101
ENG-Premier League,2526,Manchester City,Gianluigi Donnarumma,1,2025,88,1116,GK,34,3060,0,0.0,0,0.0,0,0.0,0,0,7,0,7.177661042660475,7.177661042660475
ENG-Premier League,2526,Manchester City,James Trafford,1,2025,88,9077,GK,4,360,0,0.0,0,0.0,0,0.0,0,0,0,0,1.546296613290906,1.546296613290906
ENG-Premier League,2526,Manchester City,John Stones,1,2025,88,586,D S,9,445,0,0.0,0,0.0,0,0.062762975692749,0,1,0,0,2.1914115212857723,2.1286485455930237
ENG-Premier League,2526,Manchester City,Josko Gvardiol,1,2025,88,9790,D S,18,1374,2,1.8614049591124056,2,1.8614049591124056,2,0.4376047477126121,17,4,2,0,10.09633487649262,9.54827414639294
ENG-Premier League,2526,Manchester City,Jéremy Doku,1,2025,88,8981,F M S,30,1783,5,3.9999447921290994,5,3.9999447921290994,5,7.553412737324834,39,59,0,0,18.843964545056224,9.702232458628714
ENG-Premier League,2526,Manchester City,Mateo Kovacic,1,2025,88,2254,M S,6,120,0,0.0921628773212432,0,0.0921628773212432,1,0.4274698607623577,2,4,0,0,1.728970788419247,1.2603889517486095
ENG-Premier League,2526,Manchester City,Matheus Nunes,1,2025,88,11000,D S,34,2865,1,0.6754733501002192,1,0.6754733501002192,5,3.0990526378154755,7,28,5,0,22.104165941476825,20.289072543382645
ENG-Premier League,2526,Manchester City,Mathis Cherki,1,2025,88,8094,F M S,33,1792,4,4.64134069904685,4,4.64134069904685,12,10.784712422639132,55,60,1,0,20.81021820381284,11.157610276713967
ENG-Premier League,2526,Manchester City,Max Alleyne,1,2025,88,13298,D,2,138,0,0.3813819289207458,0,0.3813819289207458,0,0.0321632847189903,2,1,0,0,0.3675581216812134,0.3675581216812134
ENG-Premier League,2526,Manchester City,Nathan Aké,1,2025,88,579,D S,18,681,0,1.096199356019497,0,1.096199356019497,0,0.7114442009478807,7,6,1,0,4.447547908872366,3.9373395331203938
ENG-Premier League,2526,Manchester City,Nico González,1,2025,88,9802,M S,25,1576,1,0.6088060820475221,1,0.6088060820475221,0,0.8885113457217813,14,11,6,0,14.795009016990662,14.172722114250064
ENG-Premier League,2526,Manchester City,Nico O'Reilly,1,2025,88,11592,D M S,34,2646,5,6.727011270821095,5,6.727011270821095,3,3.847439743578434,41,23,5,0,21.241205548867583,14.797816466540098
ENG-Premier League,2526,Manchester City,Omar Marmoush,1,2025,88,8393,F M S,21,693,3,3.76536438241601,3,3.76536438241601,3,2.126938968896866,30,12,3,0,6.192776508629322,0.7863435056060553
ENG-Premier League,2526,Manchester City,Phil Foden,1,2025,88,6055,F M S,33,2083,7,6.688582047820091,7,6.688582047820091,5,6.107132508419454,55,53,4,0,19.91397963277996,11.249179357662795
ENG-Premier League,2526,Manchester City,Rayan Ait Nouri,1,2025,88,6674,D M S,17,981,0,0.4981528613716364,0,0.4981528613716364,2,1.7330033089965582,9,12,2,0,7.305326489731669,6.587442610412836
ENG-Premier League,2526,Manchester City,Rico Lewis,1,2025,88,10847,D S,11,389,0,0.1365800127387046,0,0.1365800127387046,1,1.5545267909765244,3,7,2,0,2.9746604561805725,1.447780579328537
ENG-Premier League,2526,Manchester City,Rodri,1,2025,88,2496,M S,21,1500,1,1.1884781727567315,1,1.1884781727567315,0,2.2761295437812805,17,26,3,0,12.13792721182108,10.705944895744324
ENG-Premier League,2526,Manchester City,Rúben Dias,1,2025,88,8961,D S,26,2142,2,0.4370618928223848,2,0.4370618928223848,0,0.4225503513589501,10,7,3,0,14.6865739133209,14.24906044639647
ENG-Premier League,2526,Manchester City,Sávio,1,2025,88,11735,M S,24,792,1,3.269520847126841,1,3.269520847126841,1,0.9313512817025184,19,9,2,0,5.62423113361001,2.61976096406579
ENG-Premier League,2526,Manchester City,Tijjani Reijnders,1,2025,88,11965,F M S,28,1642,5,4.861917998641729,5,4.861917998641729,2,3.073294181376696,49,18,2,0,13.1919761672616,7.1736231576651335
ENG-Premier League,2526,Manchester United,Altay Bayindir,1,2025,89,12054,GK,6,540,0,0.0,0,0.0,0,0.2939172387123108,0,1,0,0,1.0489089861512184,0.7549917474389076
ENG-Premier League,2526,Manchester United,Amad Diallo Traore,1,2025,89,8127,D M S,32,2341,2,5.730035418644548,2,5.730035418644548,3,5.647227294743061,54,40,2,0,18.681302284821868,10.051697205752134
ENG-Premier League,2526,Manchester United,Ayden Heaven,1,2025,89,13080,D S,17,923,0,0.2150531085208058,0,0.2150531085208058,1,0.365470789372921,3,2,2,0,4.165300289168954,3.7110456619411702
ENG-Premier League,2526,Manchester United,Bendito Mantato,1,2025,89,14266,S,1,14,0,0.0,0,0.0,0,0.0364780984818935,0,1,0,0,0.1237963810563087,0.1237963810563087
ENG-Premier League,2526,Manchester United,Benjamin Sesko,1,2025,89,11974,F S,30,1636,11,12.504127995111048,11,12.504127995111048,1,0.5977376587688923,61,9,2,0,14.22715387493372,1.6295164097100496
ENG-Premier League,2526,Manchester United,Bruno Fernandes,1,2025,89,1228,M,35,3082,9,11.931805820204318,5,7.364792761392891,21,17.75713463127613,85,137,5,0,25.94416971784085,11.6638073772192
ENG-Premier League,2526,Manchester United,Bryan Mbeumo,1,2025,89,6552,F M S,33,2676,11,13.309208107180892,11,13.309208107180892,3,5.091009698808193,73,45,4,0,22.316140696406364,6.068183907307684
ENG-Premier League,2526,Manchester United,Casemiro,1,2025,89,2248,M S,34,2649,9,6.577375870198011,9,6.577375870198011,2,3.177681438624859,52,36,9,1,16.168739575892687,11.8755685351789
ENG-Premier League,2526,Manchester United,Diogo Dalot,1,2025,89,7281,D S,34,2614,1,2.194661596789956,1,2.194661596789956,3,3.5058063408359885,24,30,5,0,13.055216778069736,9.666520467028022
ENG-Premier League,2526,Manchester United,Harry Maguire,1,2025,89,1687,D S,23,1666,1,1.1766096334904432,1,1.1766096334904432,2,0.7251138463616371,14,4,3,1,5.068902220577002,5.068902220577002
ENG-Premier League,2526,Manchester United,Jack Fletcher,1,2025,89,13150,S,3,97,0,0.0373862497508525,0,0.0373862497508525,0,0.1148756481707096,1,2,0,0,0.2627697400748729,0.1478940844535827
ENG-Premier League,2526,Manchester United,Joshua Zirkzee,1,2025,89,8044,F M S,24,573,2,3.846635088324547,2,3.846635088324547,1,1.2162351589649916,25,11,3,0,6.710166962817311,2.60221391543746
ENG-Premier League,2526,Manchester United,Kobbie Mainoo,1,2025,89,11174,M S,28,1623,1,0.5174760585650802,1,0.5174760585650802,2,1.190059178508818,13,22,2,0,10.352579969912767,9.777145149186254
ENG-Premier League,2526,Manchester United,Leny Yoro,1,2025,89,10564,D S,32,1736,0,1.247398313134909,0,1.247398313134909,0,0.2197452150285244,9,4,1,0,4.670362060889602,4.498527536168695
ENG-Premier League,2526,Manchester United,Lisandro Martínez,1,2025,89,10802,D S,18,1217,0,0.1134660253301262,0,0.1134660253301262,0,0.4642033223062753,5,5,0,1,6.68968091532588,6.568602550774813
ENG-Premier League,2526,Manchester United,Luke Shaw,1,2025,89,1006,D,38,3269,1,0.5988588444888592,1,0.5988588444888592,1,1.4936611289158463,10,15,9,0,11.45667431410402,10.608856069855392
ENG-Premier League,2526,Manchester United,Manuel Ugarte,1,2025,89,11766,M S,22,850,0,0.8379190387204289,0,0.8379190387204289,0,0.1287948712706565,13,3,1,0,3.852708961814642,3.154600067064166
ENG-Premier League,2526,Manchester United,Mason Mount,1,2025,89,7768,M S,23,1021,3,1.7446828484535215,3,1.7446828484535215,0,1.3764615170657637,19,14,2,0,6.608267386443913,4.634791788645089
ENG-Premier League,2526,Manchester United,Matheus Cunha,1,2025,89,7080,F M S,33,2506,10,7.076101643964648,10,7.076101643964648,2,3.698060866445303,90,33,4,0,17.601462572813034,10.04429018124938
ENG-Premier League,2526,Manchester United,Matthijs de Ligt,1,2025,89,7902,D,13,1170,1,1.3233719654381275,1,1.3233719654381275,0,0.4281761646270752,11,3,0,0,2.8319015204906464,2.3887862116098404
ENG-Premier League,2526,Manchester United,Noussair Mazraoui,1,2025,89,10696,D S,20,990,0,0.1968064438551664,0,0.1968064438551664,0,0.2094872146844864,5,6,3,0,5.648671459406614,5.40038712322712
ENG-Premier League,2526,Manchester United,Patrick Dorgu,1,2025,89,11944,D M S,26,1436,4,2.987284906208515,4,2.987284906208515,4,3.1112868897616863,25,27,5,0,6.977159338071942,1.9963069763034584
ENG-Premier League,2526,Manchester United,Senne Lammens,1,2025,89,14056,GK,32,2880,0,0.0,0,0.0,0,0.0,0,0,0,0,5.00017312541604,5.00017312541604
ENG-Premier League,2526,Manchester United,Shea Lacey,1,2025,89,14198,S,3,31,0,0.0823024958372116,0,0.0823024958372116,0,0.0,4,0,0,0,0.1534859091043472,0.0711834114044904
ENG-Premier League,2526,Manchester United,Tyler Fletcher,1,2025,89,14272,S,2,14,0,0.0,0,0.0,0,0.0,0,0,0,0,0.0211312491446733,0.0211312491446733
ENG-Premier League,2526,Manchester United,Tyler Fredricson,1,2025,89,13467,S,1,1,0,0.0,0,0.0,0,0.0,0,0,0,0,0.0,0.0
ENG-Premier League,2526,Manchester United,Tyrell Malacia,1,2025,89,10803,S,3,7,0,0.0,0,0.0,0,0.0,0,0,0,0,0.0733854603022337,0.0733854603022337
ENG-Premier League,2526,Newcastle United,Aaron Ramsdale,1,2025,86,5603,GK S,12,998,0,0.0,0,0.0,0,0.0710007473826408,0,1,2,0,2.482472578063607,2.411471823230386
ENG-Premier League,2526,Newcastle United,Alex Murphy,1,2025,86,12199,S,2,2,0,0.0,0,0.0,0,0.0,0,0,0,0,0.0347357764840126,0.0347357764840126
ENG-Premier League,2526,Newcastle United,Anthony Elanga,1,2025,86,9524,F M S,32,1289,0,1.4534468036144972,0,1.4534468036144972,1,1.749520514160395,17,15,0,0,4.289053320884705,1.8433666191995144
ENG-Premier League,2526,Newcastle United,Anthony Gordon,1,2025,86,8150,F M S,26,1888,6,8.756197515875101,3,6.472690913826227,2,3.714877739548683,48,26,3,1,10.976929228752851,4.042658658698201
ENG-Premier League,2526,Newcastle United,Bruno Guimarães,1,2025,86,8327,M S,29,2467,9,6.597308051772416,7,5.074970376677811,5,3.869310455396771,42,44,6,0,14.09811718389392,9.365775737911465
ENG-Premier League,2526,Newcastle United,Dan Burn,1,2025,86,7382,D S,29,2205,1,0.9214910920709372,1,0.9214910920709372,2,0.4085770333185792,10,7,9,1,5.236281432211399,4.939116761088371
ENG-Premier League,2526,Newcastle United,Emil Krafth,1,2025,86,1545,D,1,51,0,0.0,0,0.0,0,0.0,0,0,0,0,0.0208761077374219,0.0208761077374219
ENG-Premier League,2526,Newcastle United,Fabian Schär,1,2025,86,76,D S,16,1096,0,0.9631823003292084,0,0.9631823003292084,0,0.1626780582591891,17,4,1,0,3.1928995680063963,3.059698922559619
ENG-Premier League,2526,Newcastle United,Harvey Barnes,1,2025,86,6681,F M S,37,1947,7,8.050524456426501,7,8.050524456426501,1,3.1062511932104826,58,23,1,0,12.753550255671144,4.153433019295335
ENG-Premier League,2526,Newcastle United,Jacob Murphy,1,2025,86,6063,D F M S,33,1630,3,3.1199456304311752,3,3.1199456304311752,2,4.785552207380533,42,23,2,0,8.429972594603896,2.7332380525767803
ENG-Premier League,2526,Newcastle United,Jacob Ramsey,1,2025,86,8941,M S,28,1421,2,1.2112666741013527,2,1.2112666741013527,3,1.5663878619670868,16,22,3,1,5.487635789439082,4.252015369012952
ENG-Premier League,2526,Newcastle United,Jamaal Lascelles,1,2025,86,766,S,2,8,0,0.0783025473356247,0,0.0783025473356247,0,0.0,1,0,0,0,0.0,0.0
ENG-Premier League,2526,Newcastle United,Joe Willock,1,2025,86,6630,M S,24,979,0,1.3859424609690905,0,1.3859424609690905,2,2.0978056583553557,17,14,3,0,5.043021183460951,3.405696664005518
ENG-Premier League,2526,Newcastle United,Joelinton,1,2025,86,87,M S,27,1958,2,2.178690475411713,2,2.178690475411713,1,1.8613738622516396,32,17,9,0,10.018592189997436,7.250156426802278
ENG-Premier League,2526,Newcastle United,Kieran Trippier,1,2025,86,652,D S,21,1606,0,0.0958994552493095,0,0.0958994552493095,1,1.8194941156543791,2,28,3,0,5.13017756678164,4.711885085329413
ENG-Premier League,2526,Newcastle United,Lewis Hall,1,2025,86,10216,D S,30,2164,1,1.28814219776541,1,1.28814219776541,1,2.5339094949886203,25,25,4,0,8.868408833630383,7.467507724650204
ENG-Premier League,2526,Newcastle United,Lewis Miley,1,2025,86,11386,D M S,23,1470,1,1.3760087750852108,1,1.3760087750852108,4,2.321293480694294,12,15,0,0,7.045767506584525,5.918216675519943
ENG-Premier League,2526,Newcastle United,Malick Thiaw,1,2025,86,8378,D S,35,2968,4,5.898031393066049,4,5.898031393066049,0,0.8268706873059273,28,6,4,0,9.148333224467931,8.644866692833602
ENG-Premier League,2526,Newcastle United,Nick Pope,1,2025,86,5552,GK,27,2422,0,0.1314873248338699,0,0.1314873248338699,0,0.0,1,0,2,0,2.810626602731645,2.810626602731645
ENG-Premier League,2526,Newcastle United,Nick Woltemade,1,2025,86,8117,F M S,33,1953,8,8.262036986649036,7,7.500868149101734,3,2.9012854490429163,32,22,0,0,8.79227769561112,2.300962809473276
ENG-Premier League,2526,Newcastle United,Sandro Tonali,1,2025,86,7958,M S,35,2586,0,1.4170023752376435,0,1.4170023752376435,2,3.7605556417256594,37,32,4,0,10.739618219435217,8.412985239177942
ENG-Premier League,2526,Newcastle United,Sean Neave,1,2025,86,13532,S,1,7,0,0.0347357764840126,0,0.0347357764840126,0,0.0,1,0,0,0,0.0347357764840126,0.0
ENG-Premier League,2526,Newcastle United,Sven Botman,1,2025,86,8635,D S,25,1842,1,1.5510299038141966,1,1.5510299038141966,0,1.4832177460193634,15,6,2,0,6.0209719482809305,5.722450278699398
ENG-Premier League,2526,Newcastle United,Valentino Livramento,1,2025,86,9512,D S,17,1323,0,0.1522857137024402,0,0.1522857137024402,1,0.6162818782031536,3,10,1,0,6.227930787950754,5.61184873059392
ENG-Premier League,2526,Newcastle United,William Osula,1,2025,86,9556,F S,24,777,7,4.915395822376013,7,4.915395822376013,0,0.4466546475887298,23,6,0,0,5.110440414398909,0.374596425332129
ENG-Premier League,2526,Newcastle United,Yoane Wissa,1,2025,86,5786,F S,19,492,1,3.238182602450252,1,3.238182602450252,0,0.1695390567183494,13,3,3,0,4.3540798760950565,1.3058659806847572
ENG-Premier League,2526,Nottingham Forest,Angus Gunn,1,2025,249,5544,S,1,38,0,0.0,0,0.0,0,0.0,0,0,0,0,0.013105385005474,0.013105385005474
ENG-Premier League,2526,Nottingham Forest,Arnaud Kalimuendo Muinga,1,2025,249,8056,S,9,75,0,0.2510882914066314,0,0.2510882914066314,0,0.0113487504422664,4,1,0,0,0.3131891824305057,0.0621008910238742
ENG-Premier League,2526,Nottingham Forest,Callum Hudson-Odoi,1,2025,249,6456,M S,30,1857,3,2.9516881722956896,3,2.9516881722956896,4,3.933808506466448,30,44,0,0,11.127739728428423,5.728919830173254
ENG-Premier League,2526,Nottingham Forest,Chris Wood,1,2025,249,4456,F S,15,913,3,3.365151971578598,3,3.365151971578598,0,0.321694266051054,23,5,0,0,3.2678276151418686,0.5070263929665089
ENG-Premier League,2526,Nottingham Forest,Dan Ndoye,1,2025,249,8662,F M S,24,1184,1,1.1724078450351954,1,1.1724078450351954,1,1.552884567528963,15,14,1,0,4.023802410811186,1.8127466365695
ENG-Premier League,2526,Nottingham Forest,Dilane Bakwa,1,2025,249,8920,M S,14,556,0,0.7644308656454086,0,0.7644308656454086,2,1.2161817625164986,9,11,1,0,2.93642945215106,1.6830938644707203
ENG-Premier League,2526,Nottingham Forest,Elliot Anderson,1,2025,249,9154,M S,38,3329,4,3.4442944694310427,3,2.6831256318837404,4,4.842637189663947,44,55,8,0,16.282568987458944,11.95789561793208
ENG-Premier League,2526,Nottingham Forest,Ibrahim Sangare,1,2025,249,5722,M S,28,2111,2,1.5703946938738227,2,1.5703946938738227,2,1.4491914678364992,16,12,5,0,7.422331970185041,5.2894406747072935
ENG-Premier League,2526,Nottingham Forest,Igor Jesus,1,2025,249,13778,F M S,37,2379,6,7.199080093763769,5,6.437911256216466,4,2.280350387096405,70,15,2,0,8.53495698235929,1.848353571258485
ENG-Premier League,2526,Nottingham Forest,Jair,1,2025,249,13779,D S,9,536,0,0.4848349690437317,0,0.4848349690437317,0,0.0787873566150665,3,1,0,0,1.1901298351585865,0.6265075467526913
ENG-Premier League,2526,Nottingham Forest,James McAtee,1,2025,249,10126,M S,14,263,0,0.1997519331052899,0,0.1997519331052899,1,0.8618234768509865,4,6,1,0,1.4418879048898816,0.6404392430558801
ENG-Premier League,2526,Nottingham Forest,John Victor,1,2025,249,14017,GK,5,440,0,0.0,0,0.0,0,0.0,0,0,1,0,0.8475470691919327,0.8475470691919327
ENG-Premier League,2526,Nottingham Forest,Jota Silva,1,2025,249,12766,S,1,7,0,0.0,0,0.0,0,0.0,0,0,0,0,0.0,0.0
ENG-Premier League,2526,Nottingham Forest,Lorenzo Lucca,1,2025,249,11936,F S,4,122,1,1.1845081560313702,1,1.1845081560313702,0,0.0366450361907482,4,1,0,0,1.6722171306610107,0.4877089392393827
ENG-Premier League,2526,Nottingham Forest,Luca Netz,1,2025,249,8401,D S,7,348,0,0.0,0,0.0,0,0.0980577766895294,0,2,0,0,3.1005989462137222,3.084221720695496
ENG-Premier League,2526,Nottingham Forest,Matz Sels,1,2025,249,6903,GK S,31,2672,0,0.0,0,0.0,0,0.0,0,0,2,0,2.225650984793901,2.225650984793901
ENG-Premier League,2526,Nottingham Forest,Morato,1,2025,249,13068,D S,21,1333,1,1.8853958677500489,1,1.8853958677500489,0,0.0936890179291367,5,2,5,0,4.478383164852858,3.847307574003935
ENG-Premier League,2526,Nottingham Forest,Morgan Gibbs-White,1,2025,249,6857,F M S,37,3142,15,11.671697720885277,14,10.910528883337976,4,4.5044658575207,83,48,1,0,17.26536614820361,5.41371457837522
ENG-Premier League,2526,Nottingham Forest,Murillo,1,2025,249,12123,D,25,2132,1,0.5957098556682467,1,0.5957098556682467,0,0.299396033398807,11,8,5,0,6.358569452539086,6.049851920455694
ENG-Premier League,2526,Nottingham Forest,Neco Williams,1,2025,249,8204,D S,37,3203,2,1.8705778289586303,2,1.8705778289586303,3,4.3956019571051,46,36,6,1,12.105098510161042,9.00960880704224
ENG-Premier League,2526,Nottingham Forest,Nicolás Domínguez,1,2025,249,8252,M S,27,1210,1,1.01239497307688,1,1.01239497307688,1,1.2798706572502851,18,11,2,0,5.395301561802626,4.228683076798916
ENG-Premier League,2526,Nottingham Forest,Nicolò Savona,1,2025,249,12905,D S,14,1036,2,1.2354809269309044,2,1.2354809269309044,0,0.5944582391530275,5,6,2,0,3.0064694937318563,1.5372497662901878
ENG-Premier League,2526,Nottingham Forest,Nikola Milenkovic,1,2025,249,6174,D S,38,3360,0,0.5094143021851778,0,0.5094143021851778,0,0.2675842642784118,15,3,6,0,8.06967337243259,7.998386854305863
ENG-Premier League,2526,Nottingham Forest,Ola Aina,1,2025,249,725,D,18,1595,0,0.4096037317067384,0,0.4096037317067384,0,0.341342007741332,12,9,3,0,3.950665080919862,3.527306206524372
ENG-Premier League,2526,Nottingham Forest,Oleksandr Zinchenko,1,2025,249,2958,D S,5,347,0,0.0767069980502128,0,0.0767069980502128,0,0.4507835283875465,4,5,0,0,1.777435079216957,1.6373481005430222
ENG-Premier League,2526,Nottingham Forest,Omari Hutchinson,1,2025,249,10348,M S,31,1664,1,2.1777186449617147,1,2.1777186449617147,5,4.931529551744461,25,33,1,0,10.328581249341369,5.619018649682403
ENG-Premier League,2526,Nottingham Forest,Ryan Yates,1,2025,249,11003,M S,22,550,0,0.674801416695118,0,0.674801416695118,2,0.2274915445595979,9,5,3,0,3.2866642624139786,2.774006627500057
ENG-Premier League,2526,Nottingham Forest,Stefan Ortega Moreno,1,2025,249,8786,GK,3,270,0,0.0,0,0.0,0,0.0,0,0,0,0,0.1292306631803512,0.1292306631803512
ENG-Premier League,2526,Nottingham Forest,Taiwo Awoniyi,1,2025,249,7814,F S,17,441,4,4.346804939210415,4,4.346804939210415,1,1.319865755736828,15,6,2,0,5.521583408117294,1.5340364016592505
ENG-Premier League,2526,Nottingham Forest,Zach Abbott,1,2025,249,13306,D S,3,166,0,0.0,0,0.0,0,0.0,0,0,0,0,0.0799943655729293,0.0799943655729293
ENG-Premier League,2526,Sunderland,Arthur Masuaku,1,2025,77,1760,D S,3,132,0,0.0784234628081321,0,0.0784234628081321,0,0.058063443750143,1,1,1,0,0.1554462164640426,0.0973827689886093
ENG-Premier League,2526,Sunderland,Bertrand Traoré,1,2025,77,695,F M S,12,675,1,0.6248076185584068,1,0.6248076185584068,0,0.9887753147631884,12,8,1,0,2.016919732093811,1.230125552974641
ENG-Premier League,2526,Sunderland,Brian Brobbey,1,2025,77,9789,F S,31,1943,7,7.111885398626328,7,7.111885398626328,1,1.5084331054240463,36,15,6,0,9.288086591288447,1.6009146478027103
ENG-Premier League,2526,Sunderland,Chemsdine Talbi,1,2025,77,13717,F M S,28,1556,4,2.32377387303859,4,2.32377387303859,1,0.6003798525780439,25,12,0,0,3.2277513165026903,1.188907701522112
ENG-Premier League,2526,Sunderland,Chris Rigg,1,2025,77,13719,M S,18,780,1,0.8001006729900837,1,0.8001006729900837,1,1.1892294473946097,12,9,1,0,1.9688882902264595,0.7253808416426182
ENG-Premier League,2526,Sunderland,Dan Ballard,1,2025,77,13715,D S,29,2143,2,3.6954356245696554,2,3.6954356245696554,0,1.5805855486541986,25,14,4,1,4.752503437921405,2.608859278261661
ENG-Premier League,2526,Sunderland,Dan Neil,1,2025,77,13720,S,3,13,0,0.0,0,0.0,0,0.0,0,0,0,0,0.0,0.0
ENG-Premier League,2526,Sunderland,Dennis Cirkin,1,2025,77,8537,D S,8,312,0,0.0663583949208259,0,0.0663583949208259,0,0.0,1,0,2,0,0.6025781407952309,0.5362197458744049
ENG-Premier League,2526,Sunderland,Djiamgone Jocelin Ta Bi,1,2025,77,14460,M,1,38,0,0.0,0,0.0,0,0.0,0,0,0,0,0.0,0.0
ENG-Premier League,2526,Sunderland,Eliezer Mayenda,1,2025,77,13718,F M S,20,740,2,2.0108928252011538,2,2.0108928252011538,0,0.7425303682684898,13,4,0,0,2.4835963249206543,0.4882403369992971
ENG-Premier League,2526,Sunderland,Enzo Le Fée,1,2025,77,8651,F M S,36,2953,5,5.268677884712815,2,2.224039314314723,6,7.54641820769757,36,53,5,0,13.179932279512286,7.138605147600174
ENG-Premier League,2526,Sunderland,Granit Xhaka,1,2025,77,204,M S,34,2896,1,0.8072718912735581,1,0.8072718912735581,6,3.7049803622066975,21,34,8,0,10.455324796028435,8.981416845694184
ENG-Premier League,2526,Sunderland,Habib Diarra,1,2025,77,9767,M S,20,1414,2,3.2528567891567945,1,2.4916879516094923,2,0.644760662689805,26,7,6,0,4.116263935342431,1.8810110297054048
ENG-Premier League,2526,Sunderland,Jenson Seelt,1,2025,77,13714,D S,2,135,0,0.0,0,0.0,0,0.0,0,0,0,0,0.3046077191829681,0.3046077191829681
ENG-Premier League,2526,Sunderland,Luke O'Nien,1,2025,77,14099,D S,12,556,0,0.2098914235830307,0,0.2098914235830307,1,0.1062447875738143,4,2,1,1,2.222415253520012,1.9999188929796217
ENG-Premier League,2526,Sunderland,Lutsharel Geertruida,1,2025,77,13064,D M S,28,1659,0,0.8372280839830637,0,0.8372280839830637,0,0.773734993301332,11,8,2,0,4.534097606316209,3.289936365559697
ENG-Premier League,2526,Sunderland,Melker Ellborg,1,2025,77,14425,GK,3,270,0,0.0,0,0.0,0,0.0,0,0,0,0,0.1012968495488166,0.1012968495488166
ENG-Premier League,2526,Sunderland,Nilson Angulo,1,2025,77,14424,M S,8,415,0,0.9055802077054976,0,0.9055802077054976,0,0.0528695490211248,7,3,1,0,0.894445426762104,0.1624106504023075
ENG-Premier League,2526,Sunderland,Noah Sadiki,1,2025,77,13716,M,33,2914,0,1.618839449249208,0,1.618839449249208,1,0.9295975510030984,19,19,9,0,8.34465430304408,6.268030912615359
ENG-Premier League,2526,Sunderland,Nordi Mukiele,1,2025,77,5659,D,32,2793,3,2.778892433270812,3,2.778892433270812,3,2.752836622297764,26,23,5,0,9.07671518996358,6.988744452595711
ENG-Premier League,2526,Sunderland,Omar Alderete,1,2025,77,8986,D S,33,2808,1,1.5455667236819863,1,1.5455667236819863,1,0.6074565481394529,24,9,6,0,4.549569208174944,3.7731494531035423
ENG-Premier League,2526,Sunderland,Patrick Roberts,1,2025,77,925,S,1,23,0,0.0680162906646728,0,0.0680162906646728,0,0.0,1,0,0,0,0.1093991622328758,0.0413828715682029
ENG-Premier League,2526,Sunderland,Reinildo,1,2025,77,7432,D S,25,1974,0,0.1700047692283988,0,0.1700047692283988,1,0.2958913259208202,4,6,7,1,3.946844458580017,3.70530366525054
ENG-Premier League,2526,Sunderland,Robin Roefs,1,2025,77,13712,GK,35,3150,0,0.0,0,0.0,0,0.7053439579904079,0,4,4,0,3.144571002572775,2.4392270259559155
ENG-Premier League,2526,Sunderland,Romaine Mundle,1,2025,77,11461,M S,14,370,0,0.673394400626421,0,0.673394400626421,0,0.0171345714479684,7,1,1,0,1.284482665359974,0.6110882572829723
ENG-Premier League,2526,Sunderland,Simon Adingra,1,2025,77,11710,F M S,14,665,1,0.3356043994426727,1,0.3356043994426727,0,0.7323711905628443,6,7,2,0,1.9754448235034945,1.0532179661095142
ENG-Premier League,2526,Sunderland,Trai Hume,1,2025,77,13713,D M S,38,3041,2,2.7079745400696997,2,2.7079745400696997,1,2.0842118076980114,34,27,9,0,8.229747292585671,4.202485715970397
ENG-Premier League,2526,Sunderland,Wilson Isidor,1,2025,77,7148,F S,32,1142,6,5.619414385408163,6,5.619414385408163,0,0.0,43,0,2,0,6.032191339880228,0.6748491153120995
ENG-Premier League,2526,Tottenham,Antonín Kinsky,1,2025,82,13348,GK,7,630,0,0.0,0,0.0,0,0.0,0,0,0,0,0.0540115609765052,0.0540115609765052
ENG-Premier League,2526,Tottenham,Archie Gray,1,2025,82,10184,D M S,24,1497,2,1.588539564050734,2,1.588539564050734,2,1.6584226582199335,11,8,5,0,3.5702104242518544,2.168477569706738
ENG-Premier League,2526,Tottenham,Ben Davies,1,2025,82,660,D S,3,137,1,0.7982581853866577,1,0.7982581853866577,0,0.0247377622872591,2,1,1,0,0.0247377622872591,0.0247377622872591
ENG-Premier League,2526,Tottenham,Callum Olusesi,1,2025,82,13224,S,1,12,0,0.0,0,0.0,0,0.0,0,0,0,0,0.0,0.0
ENG-Premier League,2526,Tottenham,Conor Gallagher,1,2025,82,9040,M S,16,1229,1,1.512411999516189,1,1.512411999516189,1,0.8551288228482008,11,13,2,0,4.173453446477652,2.5543361753225327
ENG-Premier League,2526,Tottenham,Cristian Romero,1,2025,82,7218,D S,23,1878,4,1.8381627183407545,4,1.8381627183407545,1,1.8169466238468883,17,12,9,2,6.1135033164173365,4.283094780519605
ENG-Premier League,2526,Tottenham,Dane Scarlett,1,2025,82,9332,S,2,4,0,0.0,0,0.0,0,0.0,0,0,0,0,0.0506130419671535,0.0506130419671535
ENG-Premier League,2526,Tottenham,Djed Spence,1,2025,82,10764,D M S,30,2068,0,1.1351130530238152,0,1.1351130530238152,0,1.8603137182071805,13,10,4,0,5.716236036270857,3.084719266742468
ENG-Premier League,2526,Tottenham,Dominic Solanke,1,2025,82,1679,F S,15,989,3,3.586364097893238,3,3.586364097893238,0,0.5976490452885628,20,6,1,0,4.704602524638176,1.6908956598490477
ENG-Premier League,2526,Tottenham,Guglielmo Vicario,1,2025,82,8858,GK,31,2790,0,0.0,0,0.0,0,0.0718652158975601,0,1,1,0,3.511237784288824,3.4393725832924247
ENG-Premier League,2526,Tottenham,Iyenoma Destiny Udogie,1,2025,82,8831,D S,20,1342,0,0.2184655116870999,0,0.2184655116870999,1,1.1220016870647669,4,12,4,0,5.176807938143611,4.279184946790338
ENG-Premier League,2526,Tottenham,James Maddison,1,2025,82,6818,S,3,25,0,0.5459706783294678,0,0.5459706783294678,0,0.0,2,0,0,0,0.5417023822665215,0.054310105741024
ENG-Premier League,2526,Tottenham,James Rowswell,1,2025,82,14176,S,1,1,0,0.0,0,0.0,0,0.0,0,0,0,0,0.0,0.0
ENG-Premier League,2526,Tottenham,João Palhinha,1,2025,82,10715,D M S,33,2180,5,3.407368754968047,5,3.407368754968047,2,0.7690385403111577,33,8,8,0,4.779836506582797,3.304838733747601
ENG-Premier League,2526,Tottenham,Jun'ai Byfield,1,2025,82,14134,S,1,1,0,0.0,0,0.0,0,0.0,0,0,0,0,0.0,0.0
ENG-Premier League,2526,Tottenham,Kevin Danso,1,2025,82,5261,D S,24,1489,0,0.5242262706160545,0,0.5242262706160545,0,0.1586722880601883,11,2,8,0,1.6506063239648938,1.5962962182238698
ENG-Premier League,2526,Tottenham,Lucas Bergvall,1,2025,82,12912,M S,23,956,1,1.4342994708567858,1,1.4342994708567858,3,0.2916291374713182,12,5,2,0,3.274197237566113,1.6925846990197897
ENG-Premier League,2526,Tottenham,Mathys Tel,1,2025,82,9780,F M S,31,1324,4,2.8263100758194923,4,2.8263100758194923,1,3.4139982480555773,35,29,1,0,6.1857428681105375,2.608160737901926
ENG-Premier League,2526,Tottenham,Micky van de Ven,1,2025,82,10050,D,35,3049,4,2.4525543581694365,4,2.4525543581694365,1,1.0142897926270962,16,5,9,1,5.581554230302572,5.243820492178202
ENG-Premier League,2526,Tottenham,Mohammed Kudus,1,2025,82,12027,F M,19,1577,2,2.362326920963824,2,2.362326920963824,5,2.574139247648418,26,21,3,0,4.9626108556985855,1.4065115749835968
ENG-Premier League,2526,Tottenham,Pape Sarr,1,2025,82,9021,M S,26,1347,2,2.047363305464387,2,2.047363305464387,4,2.433566828258336,17,11,3,0,7.017087802290916,4.9591697268188
ENG-Premier League,2526,Tottenham,Pedro Porro,1,2025,82,6912,D M S,34,2815,1,1.4028917597606778,1,1.4028917597606778,2,4.247651634737849,32,53,10,0,10.6049581207335,8.791748657822609
ENG-Premier League,2526,Tottenham,Radu Dragusin,1,2025,82,9105,D S,10,513,0,0.2077605351805687,0,0.2077605351805687,0,0.0,4,0,0,0,0.8118065074086189,0.8118065074086189
ENG-Premier League,2526,Tottenham,Randal Kolo Muani,1,2025,82,5743,F M S,30,1704,1,2.700563416816294,1,2.700563416816294,1,1.8472137674689293,20,19,3,0,4.246069150045514,0.7896932736039162
ENG-Premier League,2526,Tottenham,Richarlison,1,2025,82,6026,F M S,32,1926,11,9.866276641376317,11,9.866276641376317,4,3.4081881837919354,61,19,5,0,11.187864126637578,2.256451802328229
ENG-Premier League,2526,Tottenham,Rodrigo Bentancur,1,2025,82,6108,M S,26,1931,1,0.9771954659372568,1,0.9771954659372568,1,0.8773890770971775,13,10,7,0,4.669173881411552,4.175999607890844
ENG-Premier League,2526,Tottenham,Souza,1,2025,82,14410,D M S,4,136,0,0.0115449018776416,0,0.0115449018776416,0,0.2023620158433914,1,3,1,0,0.5580052882432938,0.3744830936193466
ENG-Premier League,2526,Tottenham,Wilson Odobert,1,2025,82,10822,F M S,24,946,0,2.460178238339722,0,2.460178238339722,2,1.9524234533309937,21,20,0,0,5.9682222586125135,2.8834201879799366
ENG-Premier League,2526,Tottenham,Xavi Simons,1,2025,82,8700,F M S,28,1768,2,2.716290816664696,2,2.716290816664696,5,4.650560335256159,42,34,5,1,9.529860531911254,5.203196081332862
ENG-Premier League,2526,Tottenham,Yves Bissouma,1,2025,82,5609,M S,11,619,0,0.2123817997053265,0,0.2123817997053265,0,0.0,5,0,4,0,1.075252041220665,0.9329388849437236
ENG-Premier League,2526,West Ham,Aaron Wan-Bissaka,1,2025,81,5584,D M S,25,2093,0,0.0,0,0.0,2,1.428995594382286,0,18,4,0,3.827808958478272,3.086061582900584
ENG-Premier League,2526,West Ham,Alphonse Areola,1,2025,81,2310,GK,20,1800,0,0.0,0,0.0,1,0.0221445709466934,0,1,0,0,0.4307949170470238,0.4307949170470238
ENG-Premier League,2526,West Ham,Andy Irving,1,2025,81,12774,M S,7,178,0,0.0,0,0.0,0,0.2021182812750339,0,3,0,0,0.1736587174236774,0.1385073959827423
ENG-Premier League,2526,West Ham,Axel Disasi,1,2025,81,6885,D,14,1258,0,1.0807171128690245,0,1.0807171128690245,0,0.0239046476781368,5,1,1,0,3.1754897963255644,2.873131012544036
ENG-Premier League,2526,West Ham,Callum Marshall,1,2025,81,12359,S,2,44,0,0.2289344072341919,0,0.2289344072341919,0,0.0,1,0,0,0,0.0,0.0
ENG-Premier League,2526,West Ham,Callum Wilson,1,2025,81,468,F M S,32,1229,7,7.60266119800508,7,7.60266119800508,1,1.0267592892050743,38,8,1,0,6.896431270986795,0.6376099903136492
ENG-Premier League,2526,West Ham,Crysencio Summerville,1,2025,81,9492,F M S,31,2509,5,5.6990333795547485,5,5.6990333795547485,2,3.23570919316262,54,28,6,0,11.091377541422844,3.962690422311425
ENG-Premier League,2526,West Ham,El Hadji Malick Diouf,1,2025,81,13723,D M S,32,2711,0,0.5592501647770405,0,0.5592501647770405,5,3.253779597580433,18,29,6,0,6.939549614675343,5.089005833491683
ENG-Premier League,2526,West Ham,Ezra Mayers,1,2025,81,13247,S,6,96,0,0.1098941266536712,0,0.1098941266536712,0,0.1163404732942581,1,2,0,0,0.391190942376852,0.1649563424289226
ENG-Premier League,2526,West Ham,Freddie Potts,1,2025,81,13724,M S,22,1152,0,0.2126328870654106,0,0.2126328870654106,1,1.2075103465467691,3,8,1,0,3.1646942142397165,2.264735572040081
ENG-Premier League,2526,West Ham,George Earthy,1,2025,81,12474,S,1,7,0,0.0,0,0.0,0,0.0,0,0,0,0,0.0,0.0
ENG-Premier League,2526,West Ham,Guido Rodríguez,1,2025,81,8267,M S,6,159,0,0.0242491047829389,0,0.0242491047829389,0,0.0,1,0,1,0,0.3224498257040977,0.2982007190585136
ENG-Premier League,2526,West Ham,Igor Julio,1,2025,81,7943,D S,4,94,0,0.0,0,0.0,0,0.0180993378162384,0,1,0,0,0.0698967278003692,0.0698967278003692
ENG-Premier League,2526,West Ham,Jarrod Bowen,1,2025,81,1776,F M,38,3416,9,8.273593910038471,8,7.512425065040588,11,8.43197707645595,79,44,4,0,14.380666948854923,3.877509349957109
ENG-Premier League,2526,West Ham,Jean-Clair Todibo,1,2025,81,6816,D S,23,1827,0,0.6560113653540611,0,0.6560113653540611,1,0.3799619134515524,2,5,5,1,1.824668494984508,1.5996535401791334
ENG-Premier League,2526,West Ham,Konstantinos Mavropanos,1,2025,81,6722,D S,31,2518,3,2.791105939541012,3,2.791105939541012,0,0.4895833916962147,23,4,2,0,4.458088889718056,4.093825729563832
ENG-Premier League,2526,West Ham,Kyle Walker-Peters,1,2025,81,885,D S,23,1365,1,1.1882447563111782,1,1.1882447563111782,0,0.3569928742945194,5,6,2,0,4.904916271567345,3.5975223556160927
ENG-Premier League,2526,West Ham,Lucas Paquetá,1,2025,81,7365,F M,18,1544,4,2.440835335291922,2,0.9184976601973176,1,3.011969303712249,23,23,5,1,4.265645559877157,1.5286574847996235
ENG-Premier League,2526,West Ham,Luis Guilherme,1,2025,81,13026,F S,5,118,0,0.0393501259386539,0,0.0393501259386539,0,0.0517973899841308,1,1,0,0,0.0911475159227848,0.0
ENG-Premier League,2526,West Ham,Mads Hermansen,1,2025,81,12910,GK,18,1620,0,0.0,0,0.0,1,0.0371963791549205,0,2,0,0,2.0422262623906136,2.0050298795104027
ENG-Premier League,2526,West Ham,Mateus Fernandes,1,2025,81,12948,M S,36,3044,3,1.821642781607807,3,1.821642781607807,4,3.336049569770694,28,37,6,0,10.3192302826792,6.989333409816027
ENG-Premier League,2526,West Ham,Max Kilman,1,2025,81,7332,D S,21,1552,0,1.1671122973784804,0,1.1671122973784804,0,0.2077075242996215,7,4,4,0,1.233875660225749,1.128087779507041
ENG-Premier League,2526,West Ham,Mohamadou Kanté,1,2025,81,14219,S,11,47,0,0.1030743010342121,0,0.1030743010342121,0,0.1098941266536712,2,1,2,0,0.3367427987977862,0.1237743711099028
ENG-Premier League,2526,West Ham,Naif Aguerd,1,2025,81,6935,D,2,180,0,0.0885777547955513,0,0.0885777547955513,0,0.0,2,0,0,0,0.1381545960903167,0.1381545960903167
ENG-Premier League,2526,West Ham,Niclas Füllkrug,1,2025,81,6098,F S,8,416,0,0.9830001182854176,0,0.9830001182854176,0,0.4490955099463463,9,7,0,0,0.9092727340757848,0.1229296624660492
ENG-Premier League,2526,West Ham,Oliver Scarles,1,2025,81,12358,D S,13,665,0,0.2387502118945121,0,0.2387502118945121,0,0.97617865819484,3,5,2,0,1.589765745215118,0.6791210677474737
ENG-Premier League,2526,West Ham,Pablo,1,2025,81,14290,F M S,14,844,0,1.4234614558517933,0,1.4234614558517933,1,1.2927714316174388,12,13,0,0,3.4716053334996104,0.811785725876689
ENG-Premier League,2526,West Ham,Soungoutou Magassa,1,2025,81,10770,M S,22,976,1,0.6193040320649743,1,0.6193040320649743,0,0.7463846588507295,7,5,4,0,2.418648761697113,1.531560224480927
ENG-Premier League,2526,West Ham,Tomas Soucek,1,2025,81,8288,M S,35,2206,5,5.214208725839853,5,5.214208725839853,0,0.8217995762825012,25,11,3,1,7.2598637118935585,4.53873631823808
ENG-Premier League,2526,West Ham,Valentín Castellanos,1,2025,81,10948,F S,18,1430,6,7.11984671279788,6,7.11984671279788,0,0.747508816421032,50,12,6,0,6.779488665983081,1.1389543628320098
ENG-Premier League,2526,Wolverhampton Wanderers,Adam Armstrong,1,2025,229,4419,F M,14,1170,2,2.8085783179849386,1,2.0474094804376364,2,1.501315450295806,18,6,3,0,2.8539646565914154,0.716374509036541
ENG-Premier League,2526,Wolverhampton Wanderers,André,1,2025,229,13022,M S,35,2763,1,0.5156588805839419,1,0.5156588805839419,0,1.24783924408257,15,18,12,0,6.220211643725634,5.526091292500496
ENG-Premier League,2526,Wolverhampton Wanderers,Angel Gomes,1,2025,229,5598,M S,12,475,0,0.1933972742408514,0,0.1933972742408514,0,0.2992059402167797,6,6,1,0,1.6750201545655727,1.3590065725147724
ENG-Premier League,2526,Wolverhampton Wanderers,Daniel Bentley,1,2025,229,11361,GK,3,270,0,0.0,0,0.0,0,0.0,0,0,0,0,0.2231011092662811,0.2231011092662811
ENG-Premier League,2526,Wolverhampton Wanderers,David Møller Wolfe,1,2025,229,13740,D S,22,1059,0,0.0825581811368465,0,0.0825581811368465,2,1.304669253528118,3,8,1,0,1.790265455842018,1.2973200660198927
ENG-Premier League,2526,Wolverhampton Wanderers,Emmanuel Agbadou,1,2025,229,10856,D S,14,1093,0,0.44676383305341,0,0.44676383305341,0,0.1717668529599905,10,4,1,1,1.6553496047854424,1.543709209188819
ENG-Premier League,2526,Wolverhampton Wanderers,Fernando López,1,2025,229,13200,M S,9,211,0,0.2181545086205005,0,0.2181545086205005,1,0.5119961202144623,5,3,1,0,0.8440351467579603,0.2290974706411361
ENG-Premier League,2526,Wolverhampton Wanderers,Hee-Chan Hwang,1,2025,229,8845,F M S,26,1469,2,2.6617424860596657,1,1.9005736485123637,2,1.881555620580912,19,15,5,0,5.158048531040549,1.74687934294343
ENG-Premier League,2526,Wolverhampton Wanderers,Hugo Bueno,1,2025,229,10140,D M S,35,2351,1,0.8962179943919182,1,0.8962179943919182,2,3.683292493224144,16,38,3,0,5.543084159493446,2.929296974092722
ENG-Premier League,2526,Wolverhampton Wanderers,Jackson Tchatchoua,1,2025,229,12113,D S,31,1822,0,0.1055051013827323,0,0.1055051013827323,1,2.24295702483505,3,21,3,0,6.032643620856106,4.169983727857471
ENG-Premier League,2526,Wolverhampton Wanderers,Jean-Ricner Bellegarde,1,2025,229,7762,F M S,26,1268,1,0.8698065197095275,1,0.8698065197095275,1,1.216556794941425,21,13,5,0,5.200756997801364,3.501467832364142
ENG-Premier League,2526,Wolverhampton Wanderers,Jerome Abbey,1,2025,229,14394,S,1,6,0,0.0,0,0.0,0,0.0,0,0,0,0,0.0,0.0
ENG-Premier League,2526,Wolverhampton Wanderers,Jhon Arias,1,2025,229,13741,F M S,23,1140,1,3.293146742507816,1,3.293146742507816,0,0.8962265644222498,16,11,1,0,4.877626428380609,1.3450943380594254
ENG-Premier League,2526,Wolverhampton Wanderers,José Sá,1,2025,229,9740,GK,23,2070,0,0.0,0,0.0,0,0.0831252336502075,0,1,2,0,1.548725701868534,1.4656004682183266
ENG-Premier League,2526,Wolverhampton Wanderers,João Gomes,1,2025,229,11384,M S,35,2845,1,1.2462569223716855,1,1.2462569223716855,1,1.441765757277608,18,16,10,0,6.201923135668039,5.079094551503658
ENG-Premier League,2526,Wolverhampton Wanderers,Ki-Jana Hoever,1,2025,229,8351,D S,8,437,0,0.0092321364209055,0,0.0092321364209055,0,0.3387711746618151,1,5,0,0,1.378377165645361,1.0303738564252851
ENG-Premier League,2526,Wolverhampton Wanderers,Ladislav Krejcí,1,2025,229,12721,D M S,28,2385,2,1.724472633562982,2,1.724472633562982,1,1.4908780492842195,21,9,3,1,4.148910779505968,2.5917173959314823
ENG-Premier League,2526,Wolverhampton Wanderers,Marshall Munetsi,1,2025,229,7908,F M S,13,863,1,1.8389983009546995,1,1.8389983009546995,1,0.3808544501662254,14,3,2,0,3.097170224413276,1.000556039623916
ENG-Premier League,2526,Wolverhampton Wanderers,Mateus Mané,1,2025,229,13484,M S,27,1784,3,1.9724454693496227,3,1.9724454693496227,1,3.281726311892271,41,30,0,0,5.257462016772479,2.4831578764133155
ENG-Premier League,2526,Wolverhampton Wanderers,Matt Doherty,1,2025,229,6852,D,11,822,0,0.0822684839367866,0,0.0822684839367866,0,0.172796219587326,3,3,4,0,0.3009897619485855,0.1281935349106788
ENG-Premier League,2526,Wolverhampton Wanderers,Pedro Lima,1,2025,229,13156,D S,9,254,0,0.4996851459145546,0,0.4996851459145546,0,0.2166344672441482,4,3,0,0,0.8329106271266937,0.2035349383950233
ENG-Premier League,2526,Wolverhampton Wanderers,Rodrigo Gomes,1,2025,229,12756,D F M S,22,951,3,2.28443655744195,3,2.28443655744195,0,0.1513135097920894,21,3,0,0,3.37700173817575,1.008143601939082
ENG-Premier League,2526,Wolverhampton Wanderers,Sam Johnstone,1,2025,229,978,GK,12,1080,0,0.0,0,0.0,0,0.0,0,0,0,0,0.3188386699184775,0.3188386699184775
ENG-Premier League,2526,Wolverhampton Wanderers,Santiago Bueno,1,2025,229,10945,D S,29,2549,3,1.995275340974331,3,1.995275340974331,1,0.9024237375706434,10,10,4,0,4.350156765431166,3.939035897143185
ENG-Premier League,2526,Wolverhampton Wanderers,Sasa Kalajdzic,1,2025,229,8812,S,1,11,0,0.0,0,0.0,0,0.0,0,0,0,0,0.0,0.0
ENG-Premier League,2526,Wolverhampton Wanderers,Tawanda Chirewa,1,2025,229,12234,S,2,20,0,0.0,0,0.0,0,0.0,0,0,0,0,0.0,0.0
ENG-Premier League,2526,Wolverhampton Wanderers,Tolu Arokodare,1,2025,229,8875,F S,33,1357,3,7.426559334620833,3,6.665390497073531,1,1.1596579402685163,46,11,1,0,5.404460851103067,1.1024699872359631
ENG-Premier League,2526,Wolverhampton Wanderers,Tom Edozie,1,2025,229,13220,S,3,6,1,0.1379609331488609,1,0.1379609331488609,0,0.0,2,0,0,0,0.1379609331488609,0.0
ENG-Premier League,2526,Wolverhampton Wanderers,Toti,1,2025,229,10293,D S,19,1437,0,0.9501397321000696,0,0.9501397321000696,0,0.1585849039256572,5,6,2,1,2.2873468389734626,2.10125913657248
ENG-Premier League,2526,Wolverhampton Wanderers,Yerson Mosquera,1,2025,229,9958,D S,27,2154,0,2.9658489003777504,0,2.9658489003777504,0,1.202757162041962,30,11,12,0,5.853062177076936,3.759005693718791
ESP-La Liga,2526,Alaves,Abderrahmane Rebbach,4,2025,158,11825,D F M S,30,1479,1,2.956959212198853,1,2.956959212198853,4,4.949423234909773,34,30,8,0,6.177632927894592,2.1951087564229965
ESP-La Liga,2526,Alaves,Aitor Mañas,4,2025,158,14222,S,9,105,0,1.0849704146385193,0,1.0849704146385193,0,0.0306509360671043,2,2,0,0,0.8037964031100273,0.2583816945552826
ESP-La Liga,2526,Alaves,Ander Guevara,4,2025,158,6126,M S,25,581,1,0.6449843011796474,1,0.6449843011796474,1,0.8938102275133133,5,6,2,1,2.792195681482553,1.921984908170998
ESP-La Liga,2526,Alaves,Antonio Blanco,4,2025,158,9280,M,36,3137,2,1.2193963313475251,2,1.2193963313475251,3,1.585560267791152,40,22,9,0,10.952894285321236,9.485621688887475
ESP-La Liga,2526,Alaves,Antonio Martínez,4,2025,158,6400,F S,37,2750,14,12.836471602320673,13,12.09319394826889,3,3.8200031016021967,93,24,2,0,15.361863365396855,3.4809861443936825
ESP-La Liga,2526,Alaves,Antonio Sivera,4,2025,158,6075,GK,38,3420,0,0.0,0,0.0,0,0.0,0,0,3,0,3.3321731872856617,3.3321731872856617
ESP-La Liga,2526,Alaves,Calebe,4,2025,158,13764,D F M S,19,767,0,0.1414615493267774,0,0.1414615493267774,0,0.4505636161193251,5,12,2,0,3.171772821806371,2.6320650037378077
ESP-La Liga,2526,Alaves,Carles Aleñá,4,2025,158,5058,F M S,34,2002,0,2.2455996740609407,0,2.2455996740609407,4,4.067961330525577,29,37,5,0,7.837335070595145,3.891140911728144
ESP-La Liga,2526,Alaves,Carlos Ballestero,4,2025,158,14117,S,1,1,0,0.0,0,0.0,0,0.0,0,0,0,0,0.0,0.0
ESP-La Liga,2526,Alaves,Carlos Benavídez,4,2025,158,11826,D S,13,311,0,0.2258257940411567,0,0.2258257940411567,0,0.1044813767075538,3,3,0,1,0.9414566792547704,0.6960180234164
ESP-La Liga,2526,Alaves,Carlos Vicente,4,2025,158,12294,F M S,21,1250,5,3.714753158390522,2,1.4849203303456306,0,3.857187973335385,12,26,1,0,5.572600442916155,1.6297904159873724
ESP-La Liga,2526,Alaves,Denis Suárez,4,2025,158,2308,M S,30,1407,1,1.503220658749342,1,1.503220658749342,2,1.729144150391221,9,24,6,0,7.904554916545749,5.969972092658281
ESP-La Liga,2526,Alaves,Diego Morcillo,4,2025,158,14116,S,1,8,0,0.5672497153282166,0,0.5672497153282166,0,0.0,1,0,0,0,0.6797209978103638,0.112471267580986
ESP-La Liga,2526,Alaves,Facundo Garcés,4,2025,158,13319,D S,10,786,0,0.61756222974509,0,0.61756222974509,0,0.0,8,0,3,0,0.7101098354905844,0.6371504832059145
ESP-La Liga,2526,Alaves,Ibrahim Diabate,4,2025,158,14465,F S,10,579,2,2.7270304802805185,2,2.7270304802805185,0,0.147997735068202,15,2,1,0,3.0350424721837044,0.7203780803829432
ESP-La Liga,2526,Alaves,Jon Guridi,4,2025,158,5179,F M S,28,1251,0,1.620393067598343,0,1.620393067598343,0,0.5416145175695419,15,11,1,0,5.297916954383254,3.662469517439604
ESP-La Liga,2526,Alaves,Jon Pacheco Dozagarat,4,2025,158,8423,D S,22,1737,0,0.2430377919226884,0,0.2430377919226884,0,0.7593822702765465,4,5,3,1,1.9814191441982985,1.834160102531314
ESP-La Liga,2526,Alaves,Jonny,4,2025,158,2280,D,34,3006,0,0.8803313318639994,0,0.8803313318639994,0,1.2115384247153995,9,17,7,0,11.327970540151,9.65009731054306
ESP-La Liga,2526,Alaves,Lander Pinillos,4,2025,158,13646,S,1,1,0,0.0,0,0.0,0,0.0,0,0,0,0,0.0,0.0
ESP-La Liga,2526,Alaves,Lucas Boyé,4,2025,158,1189,F M S,29,1960,11,11.103807976469398,8,8.873975029215217,1,2.709607819095254,63,28,2,1,12.193470728583634,3.775087649933994
ESP-La Liga,2526,Alaves,Mariano,4,2025,158,5110,F S,10,269,0,0.2497823312878608,0,0.2497823312878608,0,0.7592702507972717,6,2,1,0,1.028148341923952,0.019095754250884
ESP-La Liga,2526,Alaves,Moussa Diarra,4,2025,158,7613,D,3,225,0,0.0,0,0.0,0,0.0150750838220119,0,1,1,0,0.0612770691514015,0.0612770691514015
ESP-La Liga,2526,Alaves,Nahuel Tenaglia,4,2025,158,10364,D,36,3240,2,1.7934001060202718,2,1.7934001060202718,0,0.4346905034035444,24,8,3,0,6.442133508622646,6.039068607613444
ESP-La Liga,2526,Alaves,Pablo Ibáñez,4,2025,158,10857,M S,37,2278,1,3.925581350922585,1,3.925581350922585,1,1.288511484861374,47,19,7,0,7.198592909611762,4.9182582553476095
ESP-La Liga,2526,Alaves,Victor Parada,4,2025,158,12207,D S,30,2159,0,1.8650571862235663,0,1.8650571862235663,3,2.3767000967636704,12,14,7,1,8.099021699279547,6.922715965658426
ESP-La Liga,2526,Alaves,Ville Koski,4,2025,158,14519,D S,5,281,0,0.0168447066098451,0,0.0168447066098451,0,0.0680949166417121,1,1,0,0,0.0252987798303365,0.0252987798303365
ESP-La Liga,2526,Alaves,Youssef Lekhedim,4,2025,158,13278,D S,25,1332,0,0.7915327316150069,0,0.7915327316150069,1,2.768648535013199,11,16,6,0,5.751958949491382,3.135219857096672
ESP-La Liga,2526,Alaves,Ángel Pérez,4,2025,158,14392,D M S,16,1292,1,1.208032038062811,1,1.208032038062811,3,2.0683266557753086,14,24,4,0,5.207904314622283,2.590566510334611
ESP-La Liga,2526,Athletic Club,Adama Boiro,4,2025,147,12724,D S,14,810,0,0.0531698428094387,0,0.0531698428094387,0,0.1399121209979057,2,3,1,0,1.9122118912637236,1.7599158138036728
ESP-La Liga,2526,Athletic Club,Aitor Paredes,4,2025,147,8948,D S,19,1625,2,1.4780013747513294,2,1.4780013747513294,0,0.7596744522452354,13,4,4,0,4.101825453341007,3.928419820964336
ESP-La Liga,2526,Athletic Club,Alejandro Rego,4,2025,147,13627,M S,29,1231,1,0.5311379982158542,1,0.5311379982158542,1,0.799548452720046,11,11,6,0,3.1697750445455317,2.2423849515616894
ESP-La Liga,2526,Athletic Club,Alex Berenguer,4,2025,147,5091,F M S,31,2191,2,5.271908729337156,2,5.271908729337156,3,5.47127471677959,44,49,4,0,11.005357883870602,4.127182766795158
ESP-La Liga,2526,Athletic Club,Andoni Gorosabel,4,2025,147,6325,D S,24,1347,0,0.2154859928414225,0,0.2154859928414225,1,1.289799666032195,5,16,3,0,6.460969613865018,5.660822134464979
ESP-La Liga,2526,Athletic Club,Asier Hierro,4,2025,147,14183,S,1,30,0,0.0869530513882637,0,0.0869530513882637,0,0.0195711869746446,1,1,0,0,0.1065242365002632,0.0
ESP-La Liga,2526,Athletic Club,Aymeric Laporte,4,2025,147,2498,D S,25,2068,0,1.8204883504658935,0,1.8204883504658935,1,0.4414121750742197,15,7,4,0,5.202450418844819,4.778625398874283
ESP-La Liga,2526,Athletic Club,Beñat Prados,4,2025,147,9505,M S,2,87,0,0.0202444195747375,0,0.0202444195747375,0,0.03657878190279,1,2,1,0,0.1660694107413292,0.1294906288385391
ESP-La Liga,2526,Athletic Club,Dani Vivian,4,2025,147,6766,D S,31,2561,1,1.454393805935979,1,1.454393805935979,0,1.5971452463418243,17,6,8,1,7.594794306904077,6.529198620468378
ESP-La Liga,2526,Athletic Club,Eder García,4,2025,147,14216,S,2,30,0,0.0365744195878505,0,0.0365744195878505,0,0.0,1,0,1,0,0.0672711096704006,0.03069669008255
ESP-La Liga,2526,Athletic Club,Gorka Guruzeta,4,2025,147,7020,F M S,35,2401,10,11.726107958704231,9,10.982830349355936,3,3.501504704356193,84,26,4,1,16.107928594574332,4.2075874749571085
ESP-La Liga,2526,Athletic Club,Inigo Ruiz de Galarreta,4,2025,147,9755,M S,34,2289,1,0.6572877513244748,1,0.6572877513244748,2,3.3264776347205043,20,30,11,0,10.062924578785896,8.463831257075071
ESP-La Liga,2526,Athletic Club,Iñaki Williams,4,2025,147,2399,F M S,30,2188,3,8.660440864041448,2,7.9171632546931505,6,4.209227036684752,57,25,2,0,12.954110903665423,3.731445241719484
ESP-La Liga,2526,Athletic Club,Jesús Areso,4,2025,147,9768,D S,26,1498,0,0.095483249053359,0,0.095483249053359,1,1.5605541560798883,3,23,3,0,2.973411399871111,2.2149724885821342
ESP-La Liga,2526,Athletic Club,Maroan Sannadi,4,2025,147,13417,F S,10,268,1,1.0051096249371767,1,1.0051096249371767,0,0.5883069485425949,8,2,2,0,1.6283603627234695,0.0349437519907951
ESP-La Liga,2526,Athletic Club,Mikel Jauregizar,4,2025,147,12263,M S,36,2872,2,1.4105862826108932,2,1.4105862826108932,0,1.5787495290860534,39,28,5,1,8.875733049586415,6.796195255592465
ESP-La Liga,2526,Athletic Club,Mikel Vesga,4,2025,147,5077,M S,23,402,0,0.2157706804573536,0,0.2157706804573536,0,0.1244056141003966,3,4,0,0,1.2043952187523246,1.042739911004901
ESP-La Liga,2526,Athletic Club,Nico Williams,4,2025,147,9211,M S,25,1715,6,5.862554809078574,5,4.375999530777335,3,4.138543902896345,46,34,2,0,10.798387989401816,3.284014131873846
ESP-La Liga,2526,Athletic Club,Nicolás Serrano,4,2025,147,9825,M S,16,338,1,0.6888012327253819,1,0.6888012327253819,0,0.5655460767447948,16,10,0,0,1.3857197295874355,0.4696573466062546
ESP-La Liga,2526,Athletic Club,Oihan Sancet,4,2025,147,7779,M S,28,1832,4,7.056168496608734,2,5.569741144776344,0,1.445348110049963,48,27,4,1,7.564459195360541,2.206977505236864
ESP-La Liga,2526,Athletic Club,Roberto Navarro,4,2025,147,8765,M S,32,1246,6,3.3031710321083665,6,3.3031710321083665,1,2.0628209859132767,21,24,1,0,8.301526971161366,4.595135105773807
ESP-La Liga,2526,Athletic Club,Selton Sánchez,4,2025,147,14167,M S,7,191,0,0.2842219620943069,0,0.2842219620943069,1,0.1571777909994125,4,4,0,0,1.3910062201321125,0.949606478214264
ESP-La Liga,2526,Athletic Club,Unai Gómez,4,2025,147,11531,F M S,26,930,1,2.0704635065048933,1,2.0704635065048933,1,0.6146819815039635,23,8,1,1,3.052200043573976,0.7931436467915773
ESP-La Liga,2526,Athletic Club,Unai Simón,4,2025,147,5185,GK,37,3330,0,0.0,0,0.0,0,0.0318873859941959,0,1,1,0,3.199014876037836,3.167127501219511
ESP-La Liga,2526,Athletic Club,Urko Izeta,4,2025,147,13821,F S,13,153,1,1.7968661822378635,1,1.7968661822378635,0,0.3224271722137928,11,2,2,0,1.270498313009739,0.0324519015848636
ESP-La Liga,2526,Athletic Club,Yeray Álvarez,4,2025,147,5062,D S,7,517,0,0.1283213347196579,0,0.1283213347196579,0,0.1133810803294181,1,3,0,0,2.1851428039371967,2.112127650529146
ESP-La Liga,2526,Athletic Club,Yuri,4,2025,147,2229,D S,32,2708,0,0.6064393315464258,0,0.6064393315464258,6,4.848095130175352,24,30,5,0,10.560181383043528,8.312423763796687
ESP-La Liga,2526,Athletic Club,Álex Padilla,4,2025,147,12227,GK,1,90,0,0.0,0,0.0,0,0.0,0,0,0,0,0.0349024757742881,0.0349024757742881
ESP-La Liga,2526,Athletic Club,Íñigo Lekue,4,2025,147,2403,D S,11,607,0,0.1312863305211067,0,0.1312863305211067,0,0.0452195592224597,3,1,2,0,2.2843863498419523,2.107880437746644
ESP-La Liga,2526,Atletico Madrid,Ademola Lookman,4,2025,143,5556,F M S,12,638,4,4.462655797600746,3,3.719378188252449,0,1.687983624637127,21,10,1,0,6.548684094101191,2.55514994263649
ESP-La Liga,2526,Atletico Madrid,Aleksa Puric,4,2025,143,14224,S,2,40,0,0.0,0,0.0,0,0.0,0,0,0,0,0.3975091576576233,0.3975091576576233
ESP-La Liga,2526,Atletico Madrid,Alexander Sørloth,4,2025,143,6531,F S,35,1955,13,13.927608631551266,13,13.927608631551266,0,1.2237359210848808,68,10,4,1,15.904344144277276,2.849465993233025
ESP-La Liga,2526,Atletico Madrid,Antoine Griezmann,4,2025,143,2270,F S,34,1428,7,8.293904645368457,7,8.293904645368457,4,4.9885023310780525,47,32,0,0,17.252844139933586,7.144089825451374
ESP-La Liga,2526,Atletico Madrid,Clement Lenglet,4,2025,143,5050,D S,19,1402,0,0.3035862017422914,0,0.3035862017422914,1,0.3937023878097534,5,4,4,1,6.491023430600762,6.36877671815455
ESP-La Liga,2526,Atletico Madrid,Conor Gallagher,4,2025,143,9040,M S,19,630,2,1.2670744927600026,2,1.2670744927600026,0,0.4999467879533767,13,4,2,0,6.03503056243062,4.425485637038946
ESP-La Liga,2526,Atletico Madrid,Cubo,4,2025,143,14586,S,2,46,1,0.343914121389389,1,0.343914121389389,0,0.0,3,0,0,0,0.343914121389389,0.0
ESP-La Liga,2526,Atletico Madrid,Dani Martinez,4,2025,143,14233,D,1,90,0,0.0,0,0.0,0,0.0,0,0,0,0,0.6260418891906738,0.6260418891906738
ESP-La Liga,2526,Atletico Madrid,David Hancko,4,2025,143,7086,D S,30,2443,0,1.6438409592956305,0,1.6438409592956305,2,2.1513782758265734,21,13,2,0,12.420591298490764,10.175065614283085
ESP-La Liga,2526,Atletico Madrid,Giacomo Raspadori,4,2025,143,7500,F S,12,203,0,0.8766965568065643,0,0.8766965568065643,1,0.9504356123507024,7,4,1,0,1.947984542697668,0.268772192299366
ESP-La Liga,2526,Atletico Madrid,Giménez,4,2025,143,2278,D S,16,1165,0,1.5400749556720257,0,1.5400749556720257,1,0.5037803649902344,13,1,3,0,3.9388817995786662,3.3341927975416183
ESP-La Liga,2526,Atletico Madrid,Giuliano Simeone,4,2025,143,9796,D F M S,31,2153,4,6.101236687973142,4,6.101236687973142,6,5.526886135339737,36,29,2,0,18.556789096444845,9.045107055455446
ESP-La Liga,2526,Atletico Madrid,Iker Luque,4,2025,143,14324,S,1,26,1,0.2805066406726837,1,0.2805066406726837,0,0.0,3,0,0,0,0.536297082901001,0.2703782021999359
ESP-La Liga,2526,Atletico Madrid,Jan Oblak,4,2025,143,2261,GK,30,2700,0,0.0,0,0.0,0,0.0,0,0,0,0,5.149367045611143,5.149367045611143
ESP-La Liga,2526,Atletico Madrid,Jano Monserrate,4,2025,143,13889,S,2,14,0,0.0331510975956916,0,0.0331510975956916,0,0.0,1,0,0,0,0.0331510975956916,0.0
ESP-La Liga,2526,Atletico Madrid,Javi Galán,4,2025,143,7385,D S,25,1806,0,0.1987070022150874,0,0.1987070022150874,1,1.9444998521357773,6,30,3,0,6.001055222004652,4.955446168780327
ESP-La Liga,2526,Atletico Madrid,Javier Boñar,4,2025,143,14225,D S,4,294,1,0.4020915646106004,1,0.4020915646106004,0,0.1284143328666687,2,2,0,0,1.4182734191417694,0.8877674639225006
ESP-La Liga,2526,Atletico Madrid,Javier Morcillo,4,2025,143,14555,M S,5,152,0,0.1446019411087036,0,0.1446019411087036,0,0.0677114129066467,2,1,2,0,1.285095565021038,1.2471618428826332
ESP-La Liga,2526,Atletico Madrid,Johnny Cardoso,4,2025,143,12323,M S,15,905,0,0.0442219888791441,0,0.0442219888791441,0,0.3355124518275261,2,3,5,0,2.752377048134804,2.4710518792271614
ESP-La Liga,2526,Atletico Madrid,Juan Musso,4,2025,143,7095,GK,8,720,0,0.0,0,0.0,0,0.0,0,0,2,0,2.460761435329914,2.460761435329914
ESP-La Liga,2526,Atletico Madrid,Julio Díaz,4,2025,143,14323,D,4,322,0,0.0327764712274074,0,0.0327764712274074,1,0.5733384490013123,1,6,2,0,1.1388447135686874,1.0360560566186905
ESP-La Liga,2526,Atletico Madrid,Julián Álvarez,4,2025,143,10846,F S,29,1926,8,8.894600672647357,6,6.664767829701304,4,6.265264900401235,54,47,2,0,17.452052727341652,7.806348083540797
ESP-La Liga,2526,Atletico Madrid,Koke,4,2025,143,2269,M S,34,2237,2,0.96241644769907,2,0.96241644769907,2,3.4411915335804224,14,35,6,0,15.892835207283497,14.468499155715108
ESP-La Liga,2526,Atletico Madrid,Marc Pubill,4,2025,143,10189,D S,19,1377,1,1.324379259720445,1,1.324379259720445,1,0.6268223077058792,11,3,2,0,6.8829026222229,5.75148531794548
ESP-La Liga,2526,Atletico Madrid,Marcos Llorente,4,2025,143,2518,D M S,29,2190,0,2.2122418731451035,0,2.2122418731451035,4,4.202356196939945,18,20,5,1,17.013618292286992,12.5181664545089
ESP-La Liga,2526,Atletico Madrid,Matteo Ruggeri,4,2025,143,8872,D S,26,1767,0,0.2124060494825244,0,0.2124060494825244,3,3.959430998191237,5,25,4,0,12.70430188626051,10.55473866313696
ESP-La Liga,2526,Atletico Madrid,Nahuel Molina,4,2025,143,8963,D M S,26,1292,2,0.4005685858428478,2,0.4005685858428478,2,3.0108713675290346,14,20,4,0,8.971317809075117,6.135595750063658
ESP-La Liga,2526,Atletico Madrid,Nicolás González,4,2025,143,7074,D F M S,24,1480,5,5.666498072445393,5,5.666498072445393,0,1.7241394147276878,43,12,4,1,10.485972724854946,5.266246838495135
ESP-La Liga,2526,Atletico Madrid,Obed Vargas,4,2025,143,14439,M S,12,742,0,0.1979613173753023,0,0.1979613173753023,1,0.1968949781730771,5,4,2,0,2.4817810729146004,2.10262493789196
ESP-La Liga,2526,Atletico Madrid,Pablo Barrios Rivas,4,2025,143,10494,M S,23,1672,1,1.4689873531460762,1,1.4689873531460762,1,1.6999459583312273,23,20,0,0,10.741906240582466,8.18633103556931
ESP-La Liga,2526,Atletico Madrid,Rayane Belaid,4,2025,143,12257,F M,2,140,0,0.5801612287759781,0,0.5801612287759781,0,0.2035212367773056,4,2,0,0,0.8024381846189499,0.1510706506669521
ESP-La Liga,2526,Atletico Madrid,Robin Le Normand,4,2025,143,7276,D S,28,1776,1,1.2779291793704033,1,1.2779291793704033,1,0.3418054245412349,6,2,5,0,10.35181195102632,9.952938174828889
ESP-La Liga,2526,Atletico Madrid,Rodrigo Mendoza,4,2025,143,11216,F M S,24,1243,1,1.1190941371023655,1,1.1190941371023655,1,1.3093878580257297,17,15,6,0,4.651535008102655,2.700410184450448
ESP-La Liga,2526,Atletico Madrid,Taufik Seidu,4,2025,143,14080,S,1,15,0,0.0,0,0.0,0,0.0,0,0,1,0,0.0,0.0
ESP-La Liga,2526,Atletico Madrid,Thiago Almada,4,2025,143,13358,F M S,27,1327,3,3.557283066213131,3,3.557283066213131,1,2.7944966796785597,21,28,2,1,10.92075067013502,6.215710032731295
ESP-La Liga,2526,Atletico Madrid,Álex Baena,4,2025,143,8417,F M S,27,1615,2,1.78207378834486,2,1.78207378834486,3,6.565278625115752,29,46,5,0,11.438657112419603,6.362705545499921
ESP-La Liga,2526,Barcelona,Andreas Christensen,4,2025,148,200,D S,13,369,0,0.2639047838747501,0,0.2639047838747501,0,0.0158752612769603,4,1,2,0,2.129369180649519,2.0777733996510506
ESP-La Liga,2526,Barcelona,Dani Olmo,4,2025,148,8292,F M S,33,2109,7,8.75443153269589,7,8.75443153269589,8,6.657491793856025,70,50,1,0,22.55907628685236,10.709148935973644
ESP-La Liga,2526,Barcelona,Dro Fernández,4,2025,148,13749,M S,4,83,0,0.0,0,0.0,0,0.0516483634710311,0,2,0,0,0.6772245950996876,0.6255762316286564
ESP-La Liga,2526,Barcelona,Eric Garcia,4,2025,148,8045,D M S,34,2761,1,3.3442033734172583,1,3.3442033734172583,1,1.9652331974357369,25,30,5,0,24.66808094829321,23.55161388590932
ESP-La Liga,2526,Barcelona,Fermín López,4,2025,148,11822,F M S,30,1780,6,7.523078422993421,6,7.523078422993421,9,7.6479049026966095,68,34,3,0,24.60513487458229,12.423649363219738
ESP-La Liga,2526,Barcelona,Ferrán Torres,4,2025,148,6441,F M S,33,2025,16,16.183371974155307,16,16.183371974155307,2,3.157755734398961,69,23,1,0,23.031330455094576,5.379237103275955
ESP-La Liga,2526,Barcelona,Frenkie de Jong,4,2025,148,7781,M S,25,1597,1,1.0822599418461325,1,1.0822599418461325,5,5.096247639507055,7,35,3,1,20.46468347683549,16.202723745256662
ESP-La Liga,2526,Barcelona,Gavi,4,2025,148,9804,M S,11,578,0,0.0,0,0.0,1,0.68575119972229,0,8,3,0,3.056205559521913,2.558164868503809
ESP-La Liga,2526,Barcelona,Gerard Martín,4,2025,148,12821,D S,32,2145,0,0.304868983104825,0,0.304868983104825,0,0.7627371614798903,7,13,6,0,14.44864018075168,13.939255250617862
ESP-La Liga,2526,Barcelona,Joan García,4,2025,148,9773,GK,30,2700,0,0.0,0,0.0,0,0.0,0,0,1,0,11.522286765277386,11.522286765277386
ESP-La Liga,2526,Barcelona,Jofre Torrents,4,2025,148,13748,S,3,33,0,0.0,0,0.0,0,0.0,0,0,0,0,1.2118503153324127,1.2118503153324127
ESP-La Liga,2526,Barcelona,João Cancelo,4,2025,148,2379,D S,16,938,2,0.9704140685498714,2,0.9704140685498714,2,3.250015649944544,13,15,1,0,7.625581830739975,5.459999196231365
ESP-La Liga,2526,Barcelona,Jules Koundé,4,2025,148,6433,D S,30,2247,1,2.200108475983143,1,2.200108475983143,3,4.6446145586669445,14,23,6,0,21.09683826193213,18.555321093648672
ESP-La Liga,2526,Barcelona,Lamine Yamal,4,2025,148,11527,F M S,28,2291,16,14.664689928293228,13,11.691579438745975,11,12.566995456814766,117,73,1,0,33.655128441751,15.989167042076588
ESP-La Liga,2526,Barcelona,Marc Bernal,4,2025,148,12820,M S,22,798,2,1.022160867229104,2,1.022160867229104,1,0.6727183200418949,7,5,4,0,5.647717952728272,5.217132003977895
ESP-La Liga,2526,Barcelona,Marc Casadó,4,2025,148,11151,M S,24,957,0,1.0334394490346313,0,1.0334394490346313,1,0.5815958976745605,11,14,1,0,8.210956364870071,6.8881447948515415
ESP-La Liga,2526,Barcelona,Marcus Rashford,4,2025,148,556,F M S,32,1739,8,8.697766778059304,8,8.697766778059304,7,4.963629940524697,76,46,3,0,17.325936785899103,7.726865269243717
ESP-La Liga,2526,Barcelona,Pau Cubarsí,4,2025,148,12005,D,31,2733,1,0.5516378730535507,1,0.5516378730535507,0,0.4353954568505287,10,5,3,0,18.94529329240322,18.898506328463554
ESP-La Liga,2526,Barcelona,Pedri,4,2025,148,8935,M S,29,2117,2,2.386106515303254,2,2.386106515303254,9,5.947577686980367,21,63,0,1,25.240147041156888,19.385015258565545
ESP-La Liga,2526,Barcelona,Raphinha,4,2025,148,8026,F M S,22,1424,13,11.12714341841638,10,8.897310553118587,3,5.906838221475482,65,40,5,0,18.973049715161324,7.869677424430847
ESP-La Liga,2526,Barcelona,Robert Lewandowski,4,2025,148,227,F S,31,1630,14,16.066804450005293,13,13.836971666663883,2,2.279528703540564,63,13,2,0,19.4469972550869,6.116905840113759
ESP-La Liga,2526,Barcelona,Ronald Araújo,4,2025,148,8091,D S,24,1049,3,2.3027837397530675,3,2.3027837397530675,0,0.5996876899152994,12,3,2,0,6.535599049180746,5.450850985944271
ESP-La Liga,2526,Barcelona,Roony Bardghji,4,2025,148,14064,F M S,21,612,1,1.7539864536374807,1,1.7539864536374807,1,1.9085090141743424,22,14,0,0,7.304453872144222,5.050251752138138
ESP-La Liga,2526,Barcelona,Tomás Marqués,4,2025,148,14205,S,2,5,0,0.0,0,0.0,0,0.0,0,0,0,0,0.0,0.0
ESP-La Liga,2526,Barcelona,Toni Fernández,4,2025,148,13110,F,1,48,0,0.0,0,0.0,0,0.0881161764264106,0,1,0,0,0.0881161764264106,0.0
ESP-La Liga,2526,Barcelona,Wojciech Szczesny,4,2025,148,1244,GK,8,720,0,0.0,0,0.0,0,0.0,0,0,0,0,2.344018451869488,2.344018451869488
ESP-La Liga,2526,Barcelona,Xavi Espart,4,2025,148,14129,D S,4,157,0,0.02841611020267,0,0.02841611020267,0,0.0,1,0,0,0,0.2419061288237571,0.213490018621087
ESP-La Liga,2526,Barcelona,Álex Balde,4,2025,148,9805,D S,28,1910,0,0.7527575083076954,0,0.7527575083076954,2,2.8991151619702578,10,23,1,0,16.041015792638063,12.891519032418728
ESP-La Liga,2526,Barcelona,Álvaro Cortés,4,2025,148,13227,D,1,90,0,0.0,0,0.0,0,0.0,0,0,0,0,0.2356807291507721,0.2356807291507721
ESP-La Liga,2526,Celta Vigo,Andrés Antañón,4,2025,152,14500,F S,2,64,0,0.3174709677696228,0,0.3174709677696228,0,0.0,2,0,0,0,0.3359346985816955,0.0184637550264596
ESP-La Liga,2526,Celta Vigo,Borja Iglesias,4,2025,152,2543,F S,35,1903,14,11.60863982141018,10,8.635529387742281,2,1.6599800884723663,46,17,7,0,13.605882365256548,4.463654295541346
ESP-La Liga,2526,Celta Vigo,Bryan Zaragoza,4,2025,152,10143,F M S,19,1138,1,1.910445837303996,0,1.1671682186424732,1,2.2636110819876194,26,18,1,0,6.203656457364559,4.05707526486367
ESP-La Liga,2526,Celta Vigo,Carl Starfelt,4,2025,152,7655,D S,19,1492,0,0.3869095593690872,0,0.3869095593690872,0,0.0776824131608009,4,1,1,1,6.181167300790548,6.128349464386702
ESP-La Liga,2526,Celta Vigo,Carlos Domínguez,4,2025,152,9519,D S,8,602,0,0.4936205185949802,0,0.4936205185949802,0,0.0324050560593605,2,1,1,0,2.678647793829441,2.646242737770081
ESP-La Liga,2526,Celta Vigo,Damián Rodríguez,4,2025,152,10614,M,2,155,0,0.0666191801428794,0,0.0666191801428794,0,0.1211103573441505,3,2,1,0,1.6293264627456665,1.5556451082229614
ESP-La Liga,2526,Celta Vigo,Fernando López,4,2025,152,13200,F M S,17,1179,1,1.83419968560338,1,1.83419968560338,1,1.3501867074519396,13,11,3,0,6.000391744077206,3.702056234702468
ESP-La Liga,2526,Celta Vigo,Ferrán Jutglà,4,2025,152,8549,F M S,30,1702,9,6.59795877058059,9,6.59795877058059,3,1.5541915334761145,45,15,4,0,8.991645194590092,2.8614895455539227
ESP-La Liga,2526,Celta Vigo,Fran Beltrán,4,2025,152,6931,M S,27,1544,1,0.6319965291768312,1,0.6319965291768312,0,0.9035117849707603,16,13,3,0,7.461615744046867,6.426595215685666
ESP-La Liga,2526,Celta Vigo,Hugo Burcio,4,2025,152,14362,S,1,4,0,0.0,0,0.0,0,0.0,0,0,0,0,0.1351992636919021,0.1351992636919021
ESP-La Liga,2526,Celta Vigo,Hugo Gonzalez,4,2025,152,10082,S,1,4,0,0.0,0,0.0,0,0.0,0,0,0,0,0.0,0.0
ESP-La Liga,2526,Celta Vigo,Hugo Sotelo,4,2025,152,9520,M S,20,1350,0,0.0896841175854206,0,0.0896841175854206,2,2.2126377504318957,2,25,3,0,7.093898443505168,6.4456347450613976
ESP-La Liga,2526,Celta Vigo,Hugo Álvarez,4,2025,152,10078,D F M S,28,1359,4,2.272590968757868,4,2.272590968757868,2,2.45073258318007,14,25,2,0,8.504904292523861,5.041602535173297
ESP-La Liga,2526,Celta Vigo,Iago Aspas,4,2025,152,2290,F M S,32,1082,5,4.438365060836077,3,2.9518098421394825,3,4.45842863060534,28,30,3,0,11.226651870645584,6.235691965557635
ESP-La Liga,2526,Celta Vigo,Ilaix Moriba,4,2025,152,9243,M S,36,2484,2,1.7799642700701952,2,1.7799642700701952,3,2.5140312388539314,18,17,8,0,11.089109930209816,7.12512020021677
ESP-La Liga,2526,Celta Vigo,Ionut Radu,4,2025,152,1830,GK,38,3420,0,0.0,0,0.0,0,0.1440417915582656,0,1,2,0,8.14351802226156,7.999476215802133
ESP-La Liga,2526,Celta Vigo,Javier Rodríguez,4,2025,152,12180,D S,33,2568,0,0.9755693003535272,0,0.9755693003535272,1,1.070571830496192,13,10,5,0,9.956079953350129,9.42049274686724
ESP-La Liga,2526,Celta Vigo,Javier Rueda,4,2025,152,12643,D S,26,1403,2,1.6056091226637363,2,1.6056091226637363,6,3.7907144660130143,11,15,6,0,9.066061735153198,6.396314866840839
ESP-La Liga,2526,Celta Vigo,Jones El Abdellaoui,4,2025,152,13361,D F M S,22,621,2,2.383013777434826,2,2.383013777434826,0,0.5126708522439003,17,9,0,0,4.237487357109785,1.9190355464816091
ESP-La Liga,2526,Celta Vigo,Joseph Aidoo,4,2025,152,7826,D S,8,640,0,0.3532345592975616,0,0.3532345592975616,0,0.0,2,0,0,0,1.9199420809745789,1.9199420809745789
ESP-La Liga,2526,Celta Vigo,Manuel Fernández,4,2025,152,13787,D S,14,768,0,0.0420662704855203,0,0.0420662704855203,0,0.0310803558677434,2,2,2,0,3.841555669903755,3.768409088253975
ESP-La Liga,2526,Celta Vigo,Marcos Alonso,4,2025,152,1621,D S,32,2780,1,2.298372241668403,0,1.555094632320106,0,1.568596050143242,24,14,5,0,14.406851345673203,13.42302238382399
ESP-La Liga,2526,Celta Vigo,Matías Vecino,4,2025,152,1423,M S,6,136,0,0.0422598384320735,0,0.0422598384320735,0,0.0,2,0,0,0,0.9760599210858344,0.9568000212311744
ESP-La Liga,2526,Celta Vigo,Miguel Román,4,2025,152,13620,M S,19,1297,1,1.1040805764496326,1,1.1040805764496326,0,2.089981175027788,9,17,3,0,8.5124043636024,6.327844304963946
ESP-La Liga,2526,Celta Vigo,Mihailo Ristic,4,2025,152,5947,D S,5,266,0,0.01605817489326,0,0.01605817489326,0,0.0660375989973545,1,2,0,0,0.6196794584393501,0.5375836826860905
ESP-La Liga,2526,Celta Vigo,Pablo Durán,4,2025,152,11154,F M S,30,1451,2,4.305393448099494,2,4.305393448099494,2,2.150256644003093,37,10,1,0,6.900707961991429,1.5438736779615283
ESP-La Liga,2526,Celta Vigo,Sergio Carreira,4,2025,152,8122,D S,34,2695,2,1.9027378391474483,2,1.9027378391474483,1,1.643869117833674,16,19,2,0,13.548812368884684,11.5469787735492
ESP-La Liga,2526,Celta Vigo,Williot Swedberg,4,2025,152,10870,F M S,29,1237,5,5.188336543738842,5,5.188336543738842,5,1.9846364725381136,23,10,2,0,8.525909911841154,3.268151741474867
ESP-La Liga,2526,Celta Vigo,Yoel Lago,4,2025,152,12642,D S,12,966,0,0.0578714646399021,0,0.0578714646399021,0,0.0766500122845172,1,2,4,0,2.9164676181972027,2.892027758061886
ESP-La Liga,2526,Celta Vigo,Álvaro Núñez,4,2025,152,13836,D M S,25,2006,0,0.2243863698095083,0,0.2243863698095083,2,2.5366643499583006,6,21,2,0,9.689458632841706,8.704271027818322
ESP-La Liga,2526,Celta Vigo,Óscar Mingueza,4,2025,152,9011,D M S,34,1949,1,0.4965645000338554,1,0.4965645000338554,4,4.096559967845678,14,31,4,0,13.00799715705216,10.55303399823606
ESP-La Liga,2526,Elche,Adam El Mokhtari,4,2025,207,14013,S,7,85,1,0.2682787664234638,1,0.2682787664234638,0,0.0723635628819465,5,1,0,0,0.3396428460255265,0.1728641474619507
ESP-La Liga,2526,Elche,Adrià Pedrosa,4,2025,207,7174,D M S,27,1053,1,0.9618624746799468,1,0.9618624746799468,1,1.571348423603922,12,23,4,0,4.787631997838616,2.7506841495633125
ESP-La Liga,2526,Elche,Aleix Febas,4,2025,207,7842,M,36,3178,2,2.1838237196207047,2,2.1838237196207047,2,2.102244376204908,23,27,10,0,16.84352259710431,14.49692191183567
ESP-La Liga,2526,Elche,Ali Houary,4,2025,207,13838,M,2,133,0,0.0558448247611522,0,0.0558448247611522,0,0.0,2,0,0,0,0.0558448247611522,0.0
ESP-La Liga,2526,Elche,Alvaro Rodríguez,4,2025,207,11186,F S,34,2199,7,12.178225251846015,7,12.178225251846015,5,3.8613251298666,74,32,2,0,15.05247726943344,2.806102915666997
ESP-La Liga,2526,Elche,André Silva,4,2025,207,6170,F S,31,1858,10,10.836609966121614,7,8.606777063570917,0,1.556909404695034,57,22,3,0,9.467075154185297,2.252919040620327
ESP-La Liga,2526,Elche,Bambo Diaby,4,2025,207,13843,D S,4,98,0,0.0,0,0.0,0,0.0,0,0,1,0,0.0600255103781819,0.0600255103781819
ESP-La Liga,2526,Elche,Buba Sangaré,4,2025,207,12870,D S,12,556,0,0.0925227887928485,0,0.0925227887928485,0,0.0,2,1,3,0,0.9505368992686272,0.8770411163568497
ESP-La Liga,2526,Elche,David Affengruber,4,2025,207,13837,D S,36,2958,1,1.327795687597245,1,1.327795687597245,1,1.4741862853989005,14,9,7,1,9.452831268310549,8.721062500029802
ESP-La Liga,2526,Elche,Federico Redondo,4,2025,207,13841,M S,11,158,0,0.0722631886601448,0,0.0722631886601448,0,0.0104665448889136,1,1,0,0,0.0938160018995404,0.0833494570106267
ESP-La Liga,2526,Elche,German Valera,4,2025,207,8230,D F M S,36,2888,4,2.898498496040702,4,2.898498496040702,5,7.393028756603599,28,45,4,1,14.3036432787776,7.749514225870371
ESP-La Liga,2526,Elche,Gonzalo Villar,4,2025,207,6750,M S,12,722,1,0.214775089174509,1,0.214775089174509,0,0.0481224060058593,4,2,3,0,2.1673560813069344,1.957960419356823
ESP-La Liga,2526,Elche,Grady Diangana,4,2025,207,6651,F M S,20,937,1,1.3557052668184042,1,1.3557052668184042,0,1.090244321152568,16,10,3,0,4.737419964745641,2.660494836047292
ESP-La Liga,2526,Elche,Hector Fort,4,2025,207,12171,D S,14,478,2,0.7133369892835617,2,0.7133369892835617,2,0.2132606506347656,12,4,0,0,2.068314729258418,1.3800024185329676
ESP-La Liga,2526,Elche,Iñaki Peña,4,2025,207,7287,GK,16,1440,0,0.0,0,0.0,0,0.4040794968605041,0,3,0,0,3.897747155278921,3.5779708586633205
ESP-La Liga,2526,Elche,Jairo Izquierdo,4,2025,207,9008,S,1,22,0,0.0,0,0.0,0,0.0,0,0,0,0,0.0,0.0
ESP-La Liga,2526,Elche,John Donald,4,2025,207,9199,D M S,21,637,1,1.034037446603179,1,1.034037446603179,0,0.0337561890482902,6,1,3,0,4.0597220826894045,2.991928454488516
ESP-La Liga,2526,Elche,Josan,4,2025,207,8893,D M S,19,525,0,0.2787706330418587,0,0.2787706330418587,3,2.917447838932276,3,20,2,0,4.811085230670869,2.106689431704581
ESP-La Liga,2526,Elche,Leo Petrot,4,2025,207,7574,D S,32,1572,0,0.4956944026052952,0,0.4956944026052952,0,0.025175416842103,8,1,2,1,4.4949280973523855,4.273093161173165
ESP-La Liga,2526,Elche,Lucas Cepeda,4,2025,207,14400,M S,10,390,1,1.1138509334996345,1,1.1138509334996345,0,0.266533151268959,13,6,1,0,1.8939940771088004,0.8429856654256582
ESP-La Liga,2526,Elche,Marc Aguado,4,2025,207,13839,M S,35,2539,1,0.2163164913654327,1,0.2163164913654327,2,0.5746705206111073,3,11,3,0,5.5891433618962765,5.029345314949751
ESP-La Liga,2526,Elche,Martim Neto,4,2025,207,13840,F M S,25,1367,2,1.0407912489026785,2,1.0407912489026785,5,2.8169090934097767,12,26,2,0,6.866276768967509,4.922171989455819
ESP-La Liga,2526,Elche,Matías Dituro,4,2025,207,9793,GK,22,1980,0,0.0,0,0.0,0,0.1083411779254674,0,2,1,0,4.058199893683195,3.949858728796244
ESP-La Liga,2526,Elche,Mourad El Ghezouani,4,2025,207,8946,S,2,42,0,0.1101522445678711,0,0.1101522445678711,0,0.0302054788917303,1,1,0,0,0.2580279465764761,0.1176702231168747
ESP-La Liga,2526,Elche,Pedro Bigas,4,2025,207,2353,D S,28,2078,1,0.8961452543735504,1,0.8961452543735504,3,1.9694299679249525,10,15,3,1,9.460428934544325,8.860037345439196
ESP-La Liga,2526,Elche,Rafa Mir,4,2025,207,2589,F M S,27,1834,8,8.264916526153684,7,6.778489189222455,0,1.7095182929188013,69,9,4,0,11.559987911954522,4.549745937809348
ESP-La Liga,2526,Elche,Tete Morente,4,2025,207,8895,D M S,13,940,1,0.7541587688028812,1,0.7541587688028812,1,1.312638394534588,8,12,1,0,2.677897453308105,1.4394641816616058
ESP-La Liga,2526,Elche,Victor Chust,4,2025,207,8972,D S,31,2146,1,0.432083249092102,1,0.432083249092102,0,0.1454278174787759,8,5,6,1,5.763874681666493,5.705676449462771
ESP-La Liga,2526,Elche,Yago Alonso,4,2025,207,11617,M S,9,275,0,0.1545259803533554,0,0.1545259803533554,0,0.0823154151439666,2,2,1,0,0.6895101312547922,0.5053495075553656
ESP-La Liga,2526,Elche,Álex Sánchez,4,2025,207,14366,S,1,5,0,0.0,0,0.0,1,0.0798447132110595,0,1,0,0,0.0798447132110595,0.0798447132110595
ESP-La Liga,2526,Espanyol,Antoniu Roca,4,2025,141,12901,M S,13,262,0,0.2234912104904651,0,0.2234912104904651,0,0.1881865486502647,5,3,2,0,1.8667865842580795,1.4656611531972883
ESP-La Liga,2526,Espanyol,Carlos Romero,4,2025,141,11402,D,36,3207,6,2.956237475387752,6,2.956237475387752,3,3.295898557640612,42,28,4,0,11.255615886300802,7.793717348948121
ESP-La Liga,2526,Espanyol,Charles Pickel,4,2025,141,10936,M S,24,658,1,0.7815196216106415,1,0.7815196216106415,0,0.0352792246267199,10,2,1,2,2.819475682452321,2.26914856210351
ESP-La Liga,2526,Espanyol,Clemens Riedel,4,2025,141,11924,D S,20,1405,0,0.1087655127048492,0,0.1087655127048492,1,0.1781810065731406,3,4,5,0,2.985293955542147,2.905074262060225
ESP-La Liga,2526,Espanyol,Cyril Ngonge,4,2025,141,11306,M S,9,441,0,0.4527680687606334,0,0.4527680687606334,2,1.3367659226059914,11,8,4,0,1.2892310991883278,0.1015374576672911
ESP-La Liga,2526,Espanyol,Edu Expósito,4,2025,141,5081,F M S,36,2593,1,2.578492414671928,1,2.578492414671928,6,8.028833229094744,44,82,9,0,10.837253779172896,6.840502029284835
ESP-La Liga,2526,Espanyol,Fernando Calero,4,2025,141,6916,D S,28,2159,0,2.0030301241204143,0,2.0030301241204143,0,0.5543733611702919,11,3,5,0,2.6128574209287763,2.4083885895088315
ESP-La Liga,2526,Espanyol,Javi Puado,4,2025,141,6933,F M S,10,687,2,4.838970278389752,1,3.3524150969460607,0,0.9579164311289788,15,10,2,0,3.2629179880023003,1.2333675622940063
ESP-La Liga,2526,Espanyol,Jofre Carreras,4,2025,141,10209,M S,26,890,1,2.1467764284461737,1,2.1467764284461737,0,1.4310225043445826,23,15,1,0,4.282202575355768,1.191993448883295
ESP-La Liga,2526,Espanyol,José Salinas,4,2025,141,8902,D S,11,232,0,0.0947131365537643,0,0.0947131365537643,0,0.129030168056488,1,4,2,0,1.075101003050804,0.9603677988052368
ESP-La Liga,2526,Espanyol,Kike García,4,2025,141,5074,F S,37,1694,8,10.003981161862612,7,8.517553839832544,1,2.6575004514306784,60,19,3,0,12.71857414022088,2.124022038653493
ESP-La Liga,2526,Espanyol,Leandro Cabrera,4,2025,141,6168,D,37,3330,3,3.651096777059138,3,3.651096777059138,0,1.0857037864625454,40,11,4,0,7.0683932332322,6.544433953240514
ESP-La Liga,2526,Espanyol,Lluc Castell,4,2025,141,14588,S,1,15,0,0.0,0,0.0,0,0.0,0,0,0,0,0.0,0.0
ESP-La Liga,2526,Espanyol,Luca Koleosho,4,2025,141,10620,S,3,48,0,0.024271871894598,0,0.024271871894598,0,0.0189368296414613,1,1,0,0,0.2459692731499672,0.2027605772018432
ESP-La Liga,2526,Espanyol,Marko Dmitrovic,4,2025,141,6224,GK,37,3330,0,0.0,0,0.0,0,0.0304153487086296,0,1,0,0,4.61260715033859,4.58219179417938
ESP-La Liga,2526,Espanyol,Miguel Ángel Rubio,4,2025,141,6740,D S,12,168,1,0.5985301695764065,1,0.5985301695764065,0,0.0,2,0,0,0,0.2453732704743743,0.2453732704743743
ESP-La Liga,2526,Espanyol,Omar El Hilali,4,2025,141,10875,D S,36,2853,0,0.0136713292449712,0,0.0136713292449712,2,1.6936176465824246,1,17,9,0,5.094719165936112,3.9731050971895456
ESP-La Liga,2526,Espanyol,Pere Milla,4,2025,141,4175,F M S,33,2005,7,7.654542326927185,7,7.654542326927185,1,4.100008985027671,59,34,6,1,11.191884029656649,3.3394176652655005
ESP-La Liga,2526,Espanyol,Pol Lozano,4,2025,141,7916,M S,33,2211,2,0.7202332802116871,2,0.7202332802116871,1,1.3134498577564957,17,22,10,1,7.324701470322907,6.574305829592049
ESP-La Liga,2526,Espanyol,Ramón Terrats,4,2025,141,10947,F M S,29,1020,1,1.189048240892589,1,1.189048240892589,2,2.365290615707636,15,16,0,0,4.1886972123757005,1.2467945348471403
ESP-La Liga,2526,Espanyol,Roberto Fernández,4,2025,141,13350,F S,38,2388,7,9.296747288666666,6,8.553469679318368,3,3.156827750615776,59,18,3,0,12.14238354191184,2.0526475217193365
ESP-La Liga,2526,Espanyol,Rubén Sánchez,4,2025,141,10067,D M S,21,774,0,0.1750586377456784,0,0.1750586377456784,1,1.105343360453844,8,10,2,0,4.239415235817432,3.1734081245958805
ESP-La Liga,2526,Espanyol,Tyrhys Dolan,4,2025,141,13829,M S,36,2481,2,2.763452537357807,2,2.763452537357807,5,4.420420179143548,34,32,5,1,9.854958691634238,4.32685121987015
ESP-La Liga,2526,Espanyol,Urko Gonzalez,4,2025,141,8861,M S,36,2615,0,0.6285140076652169,0,0.6285140076652169,1,0.3392333183437586,18,10,7,0,5.933217795565724,5.271215932443738
ESP-La Liga,2526,Espanyol,Ángel Fortuño,4,2025,141,10874,GK,1,90,0,0.0,0,0.0,0,0.0,0,0,0,0,0.0523208528757095,0.0523208528757095
ESP-La Liga,2526,Getafe,Abdelkabir Abqar,4,2025,142,9297,D S,23,1479,0,0.3874060558155179,0,0.3874060558155179,2,0.7393411099910736,7,4,10,1,0.4710551081225276,0.3116732258349657
ESP-La Liga,2526,Getafe,Abu Kamara,4,2025,142,10526,M S,12,210,0,0.4204422682523727,0,0.4204422682523727,0,0.0988578666001558,4,3,1,0,0.5959860552102327,0.076685918495059
ESP-La Liga,2526,Getafe,Adrián Liso,4,2025,142,13789,F M S,28,1725,3,2.757198302075267,3,2.757198302075267,0,0.1507773920893669,26,4,3,1,3.0900558568537235,0.3200403545051813
ESP-La Liga,2526,Getafe,Alejandro Mestanza,4,2025,142,14287,M S,3,68,0,0.0186938811093568,0,0.0186938811093568,0,0.0,1,0,0,0,0.0623364271596074,0.0436425460502505
ESP-La Liga,2526,Getafe,Alex Sancris,4,2025,142,14086,F M S,18,693,0,0.3980247313156724,0,0.3980247313156724,1,0.996218825224787,13,9,2,1,1.1331927608698606,0.6849178597331047
ESP-La Liga,2526,Getafe,Alex Sola,4,2025,142,7424,S,1,10,0,0.0,0,0.0,0,0.0,0,0,0,0,0.0,0.0
ESP-La Liga,2526,Getafe,Borja Mayoral,4,2025,142,2252,F S,16,1072,4,3.4905536491423845,4,2.747275995090604,1,0.560979638248682,15,5,0,0,2.6726806866936386,0.4403858962468803
ESP-La Liga,2526,Getafe,Christantus Uche,4,2025,142,12726,F,3,270,1,1.4415657743811607,1,1.4415657743811607,1,0.6371117904782295,6,4,1,0,2.1472005546092987,0.0685230549424886
ESP-La Liga,2526,Getafe,Coba da Costa,4,2025,142,13047,M S,14,318,0,0.2343458440154791,0,0.2343458440154791,0,0.0849930155090987,5,3,1,0,0.6364300651475787,0.4354630215093493
ESP-La Liga,2526,Getafe,Damián Cáceres,4,2025,142,14603,M S,3,150,0,0.0,0,0.0,0,0.0,0,0,0,0,0.102011814713478,0.102011814713478
ESP-La Liga,2526,Getafe,David Soria,4,2025,142,2415,GK,38,3420,0,0.0,0,0.0,0,0.0465003028512001,0,1,2,0,1.7877731248736382,1.7877731248736382
ESP-La Liga,2526,Getafe,Davinchi,4,2025,142,13788,D S,14,688,0,0.1961896456778049,0,0.1961896456778049,0,0.0598578657954931,4,3,2,0,0.497814642265439,0.3077848814427852
ESP-La Liga,2526,Getafe,Diego Rico,4,2025,142,5065,D S,28,1723,0,0.2927396623417735,0,0.2927396623417735,0,0.8772552907466888,11,10,3,0,1.4686552183702588,0.5435091145336628
ESP-La Liga,2526,Getafe,Djené Dakonam,4,2025,142,6151,D M S,34,2601,0,0.0686510754749178,0,0.0686510754749178,0,0.2225943394005298,3,3,10,2,2.894673423841596,2.7105430271476507
ESP-La Liga,2526,Getafe,Domingos Duarte,4,2025,142,7860,D,34,2953,1,0.8303996156901121,1,0.8303996156901121,1,0.9081846736371516,13,2,12,0,1.415994401089847,1.2935767909511924
ESP-La Liga,2526,Getafe,Hugo Solozabal,4,2025,142,13638,S,1,4,0,0.0,0,0.0,0,0.0,0,0,0,0,0.0,0.0
ESP-La Liga,2526,Getafe,Ismael Bekhoucha,4,2025,142,13334,D S,4,106,0,0.0254324898123741,0,0.0254324898123741,1,0.721170961856842,1,1,2,0,1.1573026180267334,0.4361315965652466
ESP-La Liga,2526,Getafe,Javi Muñoz,4,2025,142,4168,F M S,17,527,0,0.3324222560040653,0,0.3324222560040653,0,0.2619094252586365,14,7,0,0,0.9011456496082246,0.4265056401491165
ESP-La Liga,2526,Getafe,Jorge Montes,4,2025,142,14202,S,1,24,0,0.0,0,0.0,0,0.0,0,1,0,0,0.0,0.0
ESP-La Liga,2526,Getafe,Joselu Pérez,4,2025,142,13790,S,2,16,0,0.0140858823433518,0,0.0140858823433518,0,0.0,1,0,0,0,0.0140858823433518,0.0
ESP-La Liga,2526,Getafe,Juan Iglesias,4,2025,142,9218,D M S,37,3189,1,1.226545930840075,1,1.226545930840075,2,2.002802025526762,26,17,4,0,7.210621759295464,5.044199001044035
ESP-La Liga,2526,Getafe,Juanmi,4,2025,142,897,S,8,152,1,0.1390442848205566,1,0.1390442848205566,0,0.0557351484894752,2,2,0,0,0.1778020001947879,0.0597276929765939
ESP-La Liga,2526,Getafe,Kiko Femenía,4,2025,142,5043,D M S,28,2070,1,0.9618913042359054,1,0.9618913042359054,1,1.918883431702852,8,17,6,0,3.811133926734328,1.2898593991994858
ESP-La Liga,2526,Getafe,Luis Milla,4,2025,142,8725,M,37,3288,1,1.4706194661557674,1,1.4706194661557674,10,6.843989523127675,27,78,4,1,7.731246910057962,4.78044979646802
ESP-La Liga,2526,Getafe,Luis Vázquez,4,2025,142,14388,F S,17,1232,3,2.6704405779019,3,2.6704405779019,1,0.1650496739894151,25,4,2,0,4.0771912625059485,1.7306871116161346
ESP-La Liga,2526,Getafe,Mario Martín,4,2025,142,11349,F M S,35,2158,2,2.951042834669352,2,2.951042834669352,1,0.916083893738687,26,8,11,0,3.979537969455123,1.4174842182546854
ESP-La Liga,2526,Getafe,Martín Satriano,4,2025,142,9001,F M,18,1609,6,4.711501374840736,6,4.711501374840736,1,2.4850312769412994,35,15,5,0,8.570994183421135,1.9049698896706104
ESP-La Liga,2526,Getafe,Mauro Arambarri,4,2025,142,3264,M,37,3279,6,8.078672235831618,4,5.848839415237308,2,0.9766136407852172,57,22,6,0,5.961405856534839,2.0200484236702323
ESP-La Liga,2526,Getafe,Nyom,4,2025,142,565,D S,15,522,0,0.1312073022127151,0,0.1312073022127151,1,1.1202348694205284,3,4,5,1,1.2234054617583752,0.0132335685193538
ESP-La Liga,2526,Getafe,Sebastián Boselli,4,2025,142,14389,D S,11,356,0,0.3955472148954868,0,0.3955472148954868,0,0.2820167243480682,4,1,4,0,0.3516185171902179,0.0474517010152339
ESP-La Liga,2526,Getafe,Veljko Birmancevic,4,2025,142,11091,F S,6,129,0,0.0635008849203586,0,0.0635008849203586,0,0.1094615757465362,2,2,0,0,1.493745282292366,1.3207827620208263
ESP-La Liga,2526,Getafe,Yvan Neyou,4,2025,142,8689,S,5,49,0,0.0,0,0.0,0,0.0,0,0,2,0,0.0,0.0
ESP-La Liga,2526,Getafe,Zaid Romero,4,2025,142,14387,D,15,1350,1,1.0052571017295122,1,1.0052571017295122,0,0.0902770534157753,10,2,3,1,2.842687303200364,2.554918821901083
ESP-La Liga,2526,Girona,Abel Ruiz,4,2025,223,7549,S,9,168,0,0.2920397743582725,0,0.2920397743582725,0,0.1312386691570282,5,2,0,0,1.2712495923042295,0.8877681791782379
ESP-La Liga,2526,Girona,Alejandro Francés,4,2025,223,12723,D S,24,1077,0,0.6590694738551974,0,0.6590694738551974,2,1.4396104291081429,16,10,2,1,6.060367487370968,5.5678981095552444
ESP-La Liga,2526,Girona,Arnau Martinez,4,2025,223,10949,D M S,35,2715,2,2.124434665776789,2,2.124434665776789,3,2.70481881685555,19,23,6,0,10.917901353910564,8.976429961621761
ESP-La Liga,2526,Girona,Axel Witsel,4,2025,223,3059,M S,32,2546,1,2.5918547697365284,1,2.5918547697365284,2,2.218277433887124,20,17,0,1,10.09136007912457,9.34759215824306
ESP-La Liga,2526,Girona,Azz-Eddine Ounahi,4,2025,223,8328,F M S,24,1777,5,3.850151646882296,4,3.106873992830515,2,5.440476134419441,51,35,6,0,13.077412985265257,8.065416779369116
ESP-La Liga,2526,Girona,Bojan Miovski,4,2025,223,12995,F,1,44,0,0.0,0,0.0,0,0.0,0,0,0,0,0.0,0.0
ESP-La Liga,2526,Girona,Bryan Gil Salvatierra,4,2025,223,7338,F M S,29,1607,0,3.14223606325686,0,3.14223606325686,3,3.625121179968119,27,21,5,0,11.089613553136587,6.996503568254411
ESP-La Liga,2526,Girona,Claudio Echeverri,4,2025,223,13649,F M S,17,606,1,2.120521953329444,1,2.120521953329444,1,1.088322913274169,21,8,4,0,4.070073027163744,1.4420119039714336
ESP-La Liga,2526,Girona,Cristhian Stuani,4,2025,223,1709,F S,21,359,5,5.82486117631197,2,2.851750649511814,0,0.1323026791214943,19,2,4,0,3.2117518186569214,0.5094254016876221
ESP-La Liga,2526,Girona,Daley Blind,4,2025,223,548,D S,31,2624,0,0.2643272480927408,0,0.2643272480927408,0,0.7392632644623518,5,11,1,0,10.429523061960936,10.079609762877226
ESP-La Liga,2526,Girona,David López,4,2025,223,1857,D S,5,300,0,0.6544463038444519,0,0.6544463038444519,0,0.0,1,0,0,0,0.7772146426141262,0.7772146426141262
ESP-La Liga,2526,Girona,Dawda Camara,4,2025,223,11381,F S,2,73,0,0.1603239923715591,0,0.1603239923715591,0,0.0742387026548385,2,1,0,0,0.1399038955569267,0.0
ESP-La Liga,2526,Girona,Donny van de Beek,4,2025,223,8821,M S,2,37,0,0.0774523969739675,0,0.0774523969739675,0,0.0,2,0,0,0,0.3744987845420837,0.2970463931560516
ESP-La Liga,2526,Girona,Hugo Rincón,4,2025,223,12189,D S,33,1713,1,0.6909217592328787,1,0.6909217592328787,1,1.3317618854343891,7,10,4,0,5.528506241738796,4.207219677045941
ESP-La Liga,2526,Girona,Iván Martín,4,2025,223,7529,M S,35,2558,0,1.1094311196357012,0,1.1094311196357012,1,2.176630087196827,13,26,3,1,10.834588035941124,8.479688461869955
ESP-La Liga,2526,Girona,Jhon Solis,4,2025,223,12046,M S,12,362,0,0.1824372038245201,0,0.1824372038245201,0,0.0616481304168701,3,1,0,0,0.8263201098889112,0.7203838434070349
ESP-La Liga,2526,Girona,Joel Roca,4,2025,223,10952,F M S,32,1463,3,4.518066472373903,3,4.518066472373903,1,1.951041013002396,48,16,4,1,8.29686073306948,1.9931063894182444
ESP-La Liga,2526,Girona,Juan Arango,4,2025,223,14227,S,2,14,0,0.0,0,0.0,0,0.0,0,0,1,0,0.0,0.0
ESP-La Liga,2526,Girona,Ladislav Krejcí,4,2025,223,12721,D,2,180,0,0.1215347275137901,0,0.1215347275137901,0,0.0,1,0,1,0,0.1134412828832864,0.1134412828832864
ESP-La Liga,2526,Girona,Lancinet Kourouma,4,2025,223,14089,S,5,23,0,0.0,0,0.0,0,0.0,0,0,0,1,0.0,0.0
ESP-La Liga,2526,Girona,Marc-André ter Stegen,4,2025,223,2090,GK,2,180,0,0.0,0,0.0,0,0.0,0,0,0,0,0.0245697945356369,0.0245697945356369
ESP-La Liga,2526,Girona,Paulo Gazzaniga,4,2025,223,973,GK,35,3102,0,0.0,0,0.0,0,0.0,0,0,4,1,4.276501512154937,4.276501512154937
ESP-La Liga,2526,Girona,Portu,4,2025,223,6118,F M S,10,463,0,1.6742162741720676,0,1.6742162741720676,0,0.189590573310852,9,3,2,0,2.053294636309147,0.457047451287508
ESP-La Liga,2526,Girona,Thomas Lemar,4,2025,223,3425,M S,27,1252,3,1.774252887815237,3,1.774252887815237,1,1.3809418808668852,17,19,4,0,6.247596652712673,3.81582584278658
ESP-La Liga,2526,Girona,Viktor Tsygankov,4,2025,223,11322,F M S,32,2672,6,7.313595972955227,6,7.313595972955227,5,4.26087084133178,50,55,3,0,15.098643213510512,5.471966687589884
ESP-La Liga,2526,Girona,Vitor Reis,4,2025,223,13380,D S,36,3137,1,1.9711542688310144,1,1.9711542688310144,1,0.8653075750917196,19,8,9,1,9.510100200772284,8.20014369674027
ESP-La Liga,2526,Girona,Vladyslav Krapyvtsov,4,2025,223,13420,GK S,2,136,0,0.0,0,0.0,0,0.0,0,0,0,0,0.0656651929020881,0.0656651929020881
ESP-La Liga,2526,Girona,Vladyslav Vanat,4,2025,223,14041,F,27,2003,9,9.496832385659218,6,7.2669995576143265,1,2.104125237092376,27,12,4,0,8.851113688200712,1.6265962794423103
ESP-La Liga,2526,Girona,Yangel Herrera,4,2025,223,7350,M S,14,638,0,0.689001614227891,0,0.689001614227891,0,0.0548966005444526,6,2,2,0,1.6791701149195433,1.4945150688290596
ESP-La Liga,2526,Girona,Yáser Asprilla,4,2025,223,13005,F M S,15,601,0,0.5583002185449004,0,0.5583002185449004,0,1.7849864326417446,15,12,0,0,1.4411142249591649,0.7090051285922527
ESP-La Liga,2526,Girona,Álex Moreno,4,2025,223,4120,D S,31,2554,0,1.5723254941403866,0,1.5723254941403866,3,2.917876537889242,17,16,5,0,10.622359491884708,6.971142928581685
ESP-La Liga,2526,Levante,Adrián De la Fuente,4,2025,151,10319,D S,33,2704,3,4.289415382780135,2,2.0595825174823403,1,1.4081206684932113,39,18,5,0,6.009899263270199,5.362125953659415
ESP-La Liga,2526,Levante,Alan Matturro,4,2025,151,12078,D S,19,918,1,0.9369660560041666,1,0.9369660560041666,1,1.1987895714119077,8,4,0,1,3.3469478487968445,1.891314934939146
ESP-La Liga,2526,Levante,Carlos Espí,4,2025,151,13769,F S,25,1328,11,9.884630508720877,11,9.884630508720877,0,0.6899255998432636,57,9,3,0,9.323621347546576,0.3610123936086893
ESP-La Liga,2526,Levante,Carlos Álvarez,4,2025,151,11264,M S,30,1910,3,2.646204930730164,3,2.646204930730164,1,4.597994323819876,31,40,3,0,10.988976924680172,6.164044106379151
ESP-La Liga,2526,Levante,Diego Pampín,4,2025,151,6291,D S,8,526,0,0.1348268613219261,0,0.1348268613219261,0,0.1039556264877319,3,3,3,0,1.497636705636978,1.25885421782732
ESP-La Liga,2526,Levante,Etta Eyong,4,2025,151,10930,F S,33,1657,7,11.02054724190384,7,10.277269617654383,4,2.822161927819252,50,15,3,0,12.05828979704529,2.071900935843587
ESP-La Liga,2526,Levante,Goduine Koyalipou,4,2025,151,13335,F S,11,217,1,1.2652598228305578,1,1.2652598228305578,0,0.358752429485321,10,1,1,0,1.43799864128232,0.0
ESP-La Liga,2526,Levante,Iker Losada,4,2025,151,7825,M S,23,882,3,2.140321670100093,3,2.140321670100093,1,0.5301704537123442,14,11,1,0,2.3661416564136744,0.4045812226831913
ESP-La Liga,2526,Levante,Iván Romero,4,2025,151,9275,F M S,32,2339,7,9.59401980228722,7,8.850742192938924,1,2.88573707267642,59,25,5,0,14.721420374698935,4.722817124798894
ESP-La Liga,2526,Levante,Jeremy Toljan,4,2025,151,257,D,37,3199,1,0.848660696297884,1,0.848660696297884,4,4.971433887258172,9,28,8,0,12.49036306887865,9.120427509769796
ESP-La Liga,2526,Levante,Jon Ander Olasagasti,4,2025,151,9466,F M S,33,1712,1,2.1322602536529303,1,2.1322602536529303,5,4.480237754993141,28,36,2,1,7.844179574400186,4.710497124120593
ESP-La Liga,2526,Levante,Jorge Cabello,4,2025,151,13766,D S,5,367,0,0.0,0,0.0,0,0.0,0,0,1,0,0.7887009792029858,0.7887009792029858
ESP-La Liga,2526,Levante,Kareem Tunde,4,2025,151,14258,M S,21,1183,0,1.294460777193308,0,1.294460777193308,1,0.6319677345454693,21,6,3,0,3.713249473832548,2.09413805231452
ESP-La Liga,2526,Levante,Kervin Arriaga,4,2025,151,14050,M S,27,1511,3,1.0908419089391828,3,1.0908419089391828,3,1.162239396944642,16,7,6,1,5.125545285642147,3.795021541416645
ESP-La Liga,2526,Levante,Manuel Sánchez,4,2025,151,7605,D S,33,2844,1,1.2062672171741724,1,1.2062672171741724,2,1.9893938563764093,13,17,8,0,9.18354762159288,7.061968881636858
ESP-La Liga,2526,Levante,Mat Ryan,4,2025,151,2385,GK,36,3240,0,0.0933680385351181,0,0.0933680385351181,0,0.0,2,0,4,0,3.368032854050398,3.27466481551528
ESP-La Liga,2526,Levante,Matías Moreno,4,2025,151,13083,D S,28,2265,0,1.2664381377398968,0,1.2664381377398968,0,0.6804856397211552,10,8,8,0,8.4254733286798,7.82221532985568
ESP-La Liga,2526,Levante,Morales,4,2025,151,2186,M S,20,298,1,2.511188435833901,0,1.767910826485604,1,1.1046443730592728,11,7,1,0,5.004151001106948,2.22667851485312
ESP-La Liga,2526,Levante,Nacho Pérez,4,2025,151,13772,D S,3,147,0,0.0,0,0.0,0,0.1981816329061985,0,2,1,0,0.223194021731615,0.0250123757869005
ESP-La Liga,2526,Levante,Oriol Rey,4,2025,151,8764,M S,20,1316,0,0.3515440141782164,0,0.3515440141782164,1,0.257574962452054,8,10,3,0,6.560898684896529,6.077804811298847
ESP-La Liga,2526,Levante,Pablo Cuñat,4,2025,151,9424,GK,2,180,0,0.0,0,0.0,0,0.0,0,0,0,0,0.0,0.0
ESP-La Liga,2526,Levante,Pablo Martínez,4,2025,151,8183,M S,27,1878,1,1.9152403939515352,1,1.9152403939515352,5,5.476440030150116,28,36,3,0,8.163186241872609,4.934909150004387
ESP-La Liga,2526,Levante,Paco Cortés,4,2025,151,13770,F M S,12,456,0,0.5373847614973783,0,0.5373847614973783,0,1.0183412544429302,12,6,2,0,2.012773670256138,0.5975478962063789
ESP-La Liga,2526,Levante,Roger Brugué,4,2025,151,13767,F M S,19,1008,1,4.378684105351567,1,4.378684105351567,1,0.8359398394823074,28,8,1,1,6.560833714902401,3.038923174142837
ESP-La Liga,2526,Levante,Sergio Lozano,4,2025,151,8416,S,1,7,0,0.0,0,0.0,0,0.0,0,0,0,0,0.0,0.0
ESP-La Liga,2526,Levante,Tai Abed,4,2025,151,14397,S,7,68,0,0.1629865318536758,0,0.1629865318536758,0,0.3915646374225616,2,1,0,0,0.5877043940126896,0.0331532098352909
ESP-La Liga,2526,Levante,Ugo Raghouber,4,2025,151,10397,M S,16,705,0,0.0831064730882644,0,0.0831064730882644,0,0.1725852377712726,3,4,1,0,1.1282448451966047,1.0098904836922884
ESP-La Liga,2526,Levante,Unai Elgezabal,4,2025,151,13765,D M S,12,963,1,0.6192532349377871,1,0.6192532349377871,0,0.1339095868170261,3,2,2,0,1.465649597346783,1.465649597346783
ESP-La Liga,2526,Levante,Unai Vencedor,4,2025,151,8329,M S,16,837,0,0.0,0,0.0,0,1.509224282577634,0,12,3,1,2.1353150978684425,1.1437988132238388
ESP-La Liga,2526,Levante,Víctor García,4,2025,151,8500,F M S,21,1065,2,1.9078138787299397,2,1.9078138787299397,1,1.7659303694963455,19,14,1,0,3.2827370427548885,0.8745370730757713
ESP-La Liga,2526,Mallorca,Abdón Prats,4,2025,239,8014,S,15,92,0,0.6957777887582779,0,0.6957777887582779,0,0.114988125860691,5,2,0,0,1.335592957213521,0.6818445790559053
ESP-La Liga,2526,Mallorca,Antonio Sánchez,4,2025,239,9970,D M S,30,1016,0,0.5342528652399778,0,0.5342528652399778,0,1.0588115602731705,6,12,3,1,3.9616350531578064,2.470979319885373
ESP-La Liga,2526,Mallorca,Dani Rodríguez,4,2025,239,7841,S,2,56,0,0.0234660059213638,0,0.0234660059213638,0,0.0,1,0,0,0,0.0965382605791091,0.0730722546577453
ESP-La Liga,2526,Mallorca,David López,4,2025,239,12074,D S,14,827,0,0.1796310562640428,0,0.1796310562640428,0,0.0,4,0,2,0,1.622873079031706,1.622873079031706
ESP-La Liga,2526,Mallorca,Jan Salas,4,2025,239,12951,S,2,6,0,0.0,0,0.0,0,0.0,0,0,0,0,0.0,0.0
ESP-La Liga,2526,Mallorca,Jan Virgili,4,2025,239,13991,F M S,31,1807,2,2.593278208747506,2,2.593278208747506,4,3.7704717284068474,32,31,0,1,7.063589424826205,2.66401737742126
ESP-La Liga,2526,Mallorca,Javi Llabrés,4,2025,239,10128,M S,16,147,0,0.3135058674961328,0,0.3135058674961328,0,0.0436721295118331,5,1,0,0,0.3589514493942261,0.0748725105077028
ESP-La Liga,2526,Mallorca,Javier Olaizola,4,2025,239,14093,S,2,44,0,0.0,0,0.0,0,0.0,0,0,0,0,0.0722008645534515,0.0722008645534515
ESP-La Liga,2526,Mallorca,Johan Mojica,4,2025,239,6242,D S,35,2723,0,0.8061857065185905,0,0.8061857065185905,4,3.927842003293336,17,35,6,1,9.051305999979377,5.788199552334845
ESP-La Liga,2526,Mallorca,Justin-Noel Kalumba,4,2025,239,11494,F S,3,81,0,0.0639324560761451,0,0.0639324560761451,0,0.0,1,0,0,0,0.3317155018448829,0.2677830457687378
ESP-La Liga,2526,Mallorca,Leo Román,4,2025,239,9839,GK,33,2970,0,0.0,0,0.0,0,0.0,0,0,4,0,3.981423040851951,3.981423040851951
ESP-La Liga,2526,Mallorca,Lucas Bergström,4,2025,239,11809,GK,5,450,0,0.0,0,0.0,0,0.0,0,0,1,0,0.9126056060194968,0.9126056060194968
ESP-La Liga,2526,Mallorca,Luis Orejuela,4,2025,239,14613,D,1,90,0,0.0477552004158496,0,0.0477552004158496,0,0.0,1,0,0,0,0.0652059540152549,0.0652059540152549
ESP-La Liga,2526,Mallorca,Manuel Morlanes,4,2025,239,6592,M S,32,1801,3,1.6544483443722129,3,1.6544483443722129,0,1.4072198066860435,13,17,3,1,8.313975814729929,5.546532068401575
ESP-La Liga,2526,Mallorca,Marash Kumbulla,4,2025,239,6324,D S,8,434,0,0.0868991632014513,0,0.0868991632014513,0,0.0225842390209436,3,1,1,0,0.6233834195882082,0.5607796404510736
ESP-La Liga,2526,Mallorca,Marc Domenech,4,2025,239,12883,M S,7,198,0,0.1169546842575073,0,0.1169546842575073,1,0.5047692880034447,3,2,0,0,0.6539514735341072,0.0512349978089332
ESP-La Liga,2526,Mallorca,Martin Valjent,4,2025,239,7838,D,37,3311,0,0.9677190342918038,0,0.9677190342918038,0,0.1400438267737627,17,3,6,0,9.191905220970511,8.853639227338135
ESP-La Liga,2526,Mallorca,Mateo Joseph,4,2025,239,11208,F M S,29,1707,2,5.396834125742316,2,5.396834125742316,3,1.590326721780002,33,13,2,0,7.219164989888668,1.723413680680096
ESP-La Liga,2526,Mallorca,Mateu Morey,4,2025,239,8070,D M S,18,723,1,0.1837131008505821,1,0.1837131008505821,0,0.516222694888711,4,3,2,0,2.113346297293901,1.4928959049284458
ESP-La Liga,2526,Mallorca,Miguel Calatayud,4,2025,239,14612,S,2,34,0,0.028024910017848,0,0.028024910017848,0,0.0,1,0,0,0,0.028024910017848,0.0
ESP-La Liga,2526,Mallorca,Omar Mascarell,4,2025,239,2456,D M S,30,2251,2,0.3696496002376079,2,0.3696496002376079,2,0.6136066876351833,7,8,5,0,6.234465690329671,5.480494217947125
ESP-La Liga,2526,Mallorca,Pablo Maffeo,4,2025,239,1003,D S,31,2690,1,0.2975822696462273,1,0.2975822696462273,2,1.7551907701417804,7,20,10,0,8.127348667941988,6.862479947507381
ESP-La Liga,2526,Mallorca,Pablo Torre,4,2025,239,11025,M S,35,1614,4,2.8149523828178644,4,2.8149523828178644,4,2.9544795835390687,25,34,4,0,8.271478340029716,4.640594145283103
ESP-La Liga,2526,Mallorca,Raíllo,4,2025,239,2584,D S,24,2069,0,0.6311804680153728,0,0.6311804680153728,1,0.3643940649926662,12,7,4,0,4.512468161061406,4.202221794053912
ESP-La Liga,2526,Mallorca,Samú Costa,4,2025,239,10974,M S,34,2731,7,4.27746016997844,7,4.27746016997844,2,1.979983518831432,39,17,11,0,9.480698188766835,5.15883654076606
ESP-La Liga,2526,Mallorca,Sergi Darder,4,2025,239,2621,M S,38,2715,1,2.2581017958000302,1,2.2581017958000302,5,5.54317428637296,36,57,3,0,10.62109318934381,7.191008800640702
ESP-La Liga,2526,Mallorca,Takuma Asano,4,2025,239,6087,F M S,20,662,1,2.239371344447136,1,2.239371344447136,0,1.018438033759594,17,3,2,0,3.7131067626178265,1.4350337330251932
ESP-La Liga,2526,Mallorca,Toni Lato,4,2025,239,2479,D M S,12,601,0,0.0,0,0.0,1,0.4910133834928274,0,4,3,0,1.7519583329558372,1.357103642076254
ESP-La Liga,2526,Mallorca,Vedat Muriqi,4,2025,239,9002,F S,37,3150,23,21.630785251036286,18,16.427841836586595,1,2.485310326330364,114,24,4,1,18.902257680892944,4.6435397625900805
ESP-La Liga,2526,Mallorca,Zito,4,2025,239,10380,F M S,10,511,0,0.9731584936380386,0,0.9731584936380386,2,0.9998054932802916,9,9,1,0,2.6188953332602978,0.6459314078092575
ESP-La Liga,2526,Osasuna,Abel Bretones,4,2025,157,12790,D M S,28,1600,1,0.5832634549587965,1,0.5832634549587965,2,1.463532455265522,11,13,5,1,3.3724373634904623,2.147059232927859
ESP-La Liga,2526,Osasuna,Aimar Oroz,4,2025,157,8424,F M S,31,2175,0,1.6443974245339632,0,1.6443974245339632,2,3.740993956103921,29,37,6,0,7.147825986146927,4.407638059929013
ESP-La Liga,2526,Osasuna,Aitor Fernández,4,2025,157,4193,GK S,2,134,0,0.0,0,0.0,0,0.0,0,0,0,0,0.1070201769471168,0.1070201769471168
ESP-La Liga,2526,Osasuna,Alejandro Catena,4,2025,157,7604,D,35,3083,3,2.8552996991202235,3,2.8552996991202235,2,1.1020762361586094,19,11,11,1,5.703319581225514,4.280373828485608
ESP-La Liga,2526,Osasuna,Ante Budimir,4,2025,157,1235,F S,37,2995,17,19.19176504760981,11,13.24554404988885,0,1.7123363316059113,103,16,3,0,12.536680994555354,1.237377729266882
ESP-La Liga,2526,Osasuna,Asier Osambela,4,2025,157,12537,D S,17,295,1,0.4081305339932441,1,0.4081305339932441,0,0.585698839277029,6,3,1,0,1.2552912291139364,0.5480579566210508
ESP-La Liga,2526,Osasuna,Enzo Boyomo,4,2025,157,12893,D S,30,2544,1,1.1597838830202818,1,1.1597838830202818,2,1.4222577046602964,11,9,7,0,5.139672014862299,3.720889106392861
ESP-La Liga,2526,Osasuna,Iker Benito,4,2025,157,10273,M S,6,148,1,0.3859800510108471,1,0.3859800510108471,0,0.1449243836104869,2,2,1,0,0.672303281724453,0.2468011081218719
ESP-La Liga,2526,Osasuna,Iker Muñoz,4,2025,157,11395,M S,19,928,0,0.3214873829856515,0,0.3214873829856515,0,0.252276461571455,9,5,5,0,1.885208336636424,1.586097290739417
ESP-La Liga,2526,Osasuna,Iñigo Arguibide,4,2025,157,12472,D S,6,187,0,0.0,0,0.0,0,0.0317141897976398,0,1,0,1,0.1376515524461865,0.1059373626485467
ESP-La Liga,2526,Osasuna,Jon Moncayola,4,2025,157,7857,D M S,36,3061,0,2.3341868557035923,0,2.3341868557035923,4,4.85785942338407,23,39,9,0,10.213275477290154,5.148858282715082
ESP-La Liga,2526,Osasuna,Jorge Herrando,4,2025,157,10858,D S,28,1597,0,0.1706695649772882,0,0.1706695649772882,1,0.6935188174247742,3,2,3,0,1.8340701051056385,1.8011348769068718
ESP-La Liga,2526,Osasuna,Juan Cruz,4,2025,157,8744,D S,15,644,0,0.5461479425430298,0,0.5461479425430298,0,0.0736327618360519,1,2,1,0,1.510681690648198,1.4370489101856947
ESP-La Liga,2526,Osasuna,Kike Barja,4,2025,157,5140,M S,27,369,2,1.248927740380168,2,1.248927740380168,2,0.6617407351732254,8,10,4,0,3.1038959324359894,1.19322744384408
ESP-La Liga,2526,Osasuna,Lucas Torró,4,2025,157,7050,M S,34,2362,0,2.2390968278050423,0,2.2390968278050423,1,1.2621251428499818,29,15,6,0,5.123437849804759,3.7546714833006254
ESP-La Liga,2526,Osasuna,Moi Gómez,4,2025,157,2198,M S,26,1202,0,0.4181990008801222,0,0.4181990008801222,2,1.9109276719391344,11,16,3,0,5.146273463964462,3.1553665651008487
ESP-La Liga,2526,Osasuna,Raul García,4,2025,157,8042,F S,36,926,7,6.938203576952219,7,6.938203576952219,1,1.1225733663886786,39,12,2,1,7.228577986359596,1.1627431195229292
ESP-La Liga,2526,Osasuna,Raul Moro,4,2025,157,8584,M S,14,628,0,0.2312967237085104,0,0.2312967237085104,2,1.70481850579381,6,9,0,0,3.413567554205656,1.6930943839251995
ESP-La Liga,2526,Osasuna,Rubén García,4,2025,157,2183,F M S,35,2297,2,2.5968636460602283,2,2.5968636460602283,5,5.863754561170936,31,45,6,0,7.120284520089626,3.818244206719101
ESP-La Liga,2526,Osasuna,Sergio Herrera,4,2025,157,7859,GK,37,3284,0,0.0,0,0.0,0,0.0,0,0,3,1,2.1348039116710424,2.1348039116710424
ESP-La Liga,2526,Osasuna,Sheraldo Becker,4,2025,157,7882,S,9,124,0,0.1651192680001258,0,0.1651192680001258,0,0.2503879070281982,3,2,0,0,0.4155071675777435,0.0
ESP-La Liga,2526,Osasuna,Valentin Rosier,4,2025,157,5615,D S,31,2563,1,0.9383662464097142,1,0.9383662464097142,1,1.9486182387918236,19,16,4,1,6.748972576111555,4.230974381789565
ESP-La Liga,2526,Osasuna,Víctor Muñoz,4,2025,157,13279,F M S,34,2705,6,7.114694999530912,6,7.114694999530912,2,2.412180700339377,81,27,3,0,11.554271526634691,3.834848198108375
ESP-La Liga,2526,Rayo Vallecano,Abdul Mumin,4,2025,145,11105,D S,3,77,0,0.0,0,0.0,0,0.0,0,0,0,0,0.560370683670044,0.560370683670044
ESP-La Liga,2526,Rayo Vallecano,Alemão,4,2025,145,14059,F S,26,1118,4,4.114549320191145,4,4.114549320191145,0,0.3112838324159384,25,7,3,0,6.356759304180741,2.0705359429121017
ESP-La Liga,2526,Rayo Vallecano,Alfonso Espino,4,2025,145,8733,D M S,30,1472,2,2.0612591905519366,2,2.0612591905519366,0,3.0738462451845407,20,19,3,0,7.71520034596324,4.115802895277739
ESP-La Liga,2526,Rayo Vallecano,Andrei Ratiu,4,2025,145,7515,D M S,35,2791,0,2.3735468704253435,0,2.3735468704253435,4,6.194820357486606,31,44,8,0,16.08938203752041,11.390583541244268
ESP-La Liga,2526,Rayo Vallecano,Augusto Batalla,4,2025,145,12298,GK,34,3060,0,0.0,0,0.0,0,0.0504690390080213,0,2,5,0,7.632259892299771,7.612099843099713
ESP-La Liga,2526,Rayo Vallecano,Carlos Martín,4,2025,145,10101,F M S,11,473,0,1.149516565725207,0,1.149516565725207,0,0.5790477748960257,9,3,1,0,2.493734013289213,0.8341227322816849
ESP-La Liga,2526,Rayo Vallecano,Daniel Cárdenas,4,2025,145,8108,GK,4,360,0,0.0,0,0.0,0,0.0,0,0,0,0,0.9386077299714088,0.9386077299714088
ESP-La Liga,2526,Rayo Vallecano,Florian Lejeune,4,2025,145,5073,D,36,3233,2,2.6121565653011203,2,2.6121565653011203,1,1.1719966726377606,50,16,7,0,10.796885312534869,9.678738729096947
ESP-La Liga,2526,Rayo Vallecano,Fran Pérez,4,2025,145,10944,F M S,29,1226,2,2.508813252672553,2,2.508813252672553,1,1.6743681291118264,17,13,4,0,6.37276441603899,2.6528973691165447
ESP-La Liga,2526,Rayo Vallecano,Gerard Gumbau,4,2025,145,2609,M S,28,1153,0,1.1357509652152658,0,1.1357509652152658,3,2.5143625792115927,20,23,4,0,6.054331148043275,4.46986211836338
ESP-La Liga,2526,Rayo Vallecano,Ilias Akhomach,4,2025,145,10121,F M S,20,876,0,2.596906803548336,0,2.596906803548336,1,1.5595727320760489,24,13,2,0,5.816525641828775,2.7779084891080856
ESP-La Liga,2526,Rayo Vallecano,Isi Palazón,4,2025,145,9812,F M S,31,2294,3,4.703491798602045,1,3.2169365379959345,3,4.25213922560215,52,39,10,1,11.040195340290666,6.673252057284117
ESP-La Liga,2526,Rayo Vallecano,Iván Balliu,4,2025,145,5672,D S,14,572,0,0.9272420238703488,0,0.9272420238703488,0,0.0937120970338583,4,3,3,0,2.041639376431704,1.0687691681087017
ESP-La Liga,2526,Rayo Vallecano,Jorge De Frutos,4,2025,145,8107,F M S,36,2526,10,12.133321626111863,9,11.390043957158923,1,3.344836812466383,63,31,3,0,16.192682379856706,2.233673200942576
ESP-La Liga,2526,Rayo Vallecano,Jozhua Vertrouwd,4,2025,145,13694,D S,9,433,0,0.0846294984221458,0,0.0846294984221458,0,0.077861838042736,1,2,0,0,0.8880379656329751,0.8812460610643029
ESP-La Liga,2526,Rayo Vallecano,Luiz Felipe,4,2025,145,6177,D S,10,473,0,0.2370056584477424,0,0.2370056584477424,0,0.0198127329349517,3,1,1,0,0.7661405727267265,0.7661405727267265
ESP-La Liga,2526,Rayo Vallecano,Nobel Mendy,4,2025,145,12286,D S,24,1834,2,2.1846237517893314,2,2.1846237517893314,0,0.3597838692367077,11,3,7,2,3.957274748012424,3.546960476785898
ESP-La Liga,2526,Rayo Vallecano,Pathé Ciss,4,2025,145,9815,D M S,29,1974,2,3.959737098775804,2,3.959737098775804,1,0.4796251012012362,20,12,9,2,10.748411556705832,8.874764986336231
ESP-La Liga,2526,Rayo Vallecano,Pedro Díaz,4,2025,145,12863,F M S,34,1868,0,1.7679051300510764,0,1.7679051300510764,1,1.6380874933674932,44,23,2,0,7.993919337168336,5.8795163836330175
ESP-La Liga,2526,Rayo Vallecano,Pelayo Fernández,4,2025,145,12864,S,1,37,0,0.0570813156664371,0,0.0570813156664371,0,0.0,1,0,0,0,0.0853876248002052,0.0853876248002052
ESP-La Liga,2526,Rayo Vallecano,Pep Chavarría,4,2025,145,11087,D S,33,2672,1,0.6448125010356307,1,0.6448125010356307,2,3.702762270346284,18,27,4,1,11.969282133504748,8.858007108792663
ESP-La Liga,2526,Rayo Vallecano,Randy Nteka,4,2025,145,9813,F S,13,342,3,3.415595294907689,3,2.6723177153617144,0,0.1294365096837282,13,4,3,0,3.300931954756379,0.6292829792946577
ESP-La Liga,2526,Rayo Vallecano,Samu Becerra,4,2025,145,13695,S,3,9,0,0.0,0,0.0,0,0.0846294984221458,0,1,0,0,0.0,0.0
ESP-La Liga,2526,Rayo Vallecano,Sergio Camello,4,2025,145,7528,F M S,22,810,5,3.886531239375472,5,3.886531239375472,1,1.591644560918212,27,17,2,1,5.900235395878553,0.5705750286579132
ESP-La Liga,2526,Rayo Vallecano,Unai López,4,2025,145,4091,M S,28,1637,0,1.0071794828400016,0,1.0071794828400016,4,2.520821467973292,22,36,6,1,7.014563919045031,5.052038587629795
ESP-La Liga,2526,Rayo Vallecano,Álvaro García,4,2025,145,7071,F M S,32,2123,4,6.8708263747394085,4,6.8708263747394085,5,7.334621558897197,47,40,3,0,14.599677024409177,2.0335369165986776
ESP-La Liga,2526,Rayo Vallecano,Óscar Trejo,4,2025,145,3208,M S,7,131,0,0.1115266382694244,0,0.1115266382694244,1,0.7296474687755108,1,7,1,0,1.5641020610928535,0.7660680264234543
ESP-La Liga,2526,Rayo Vallecano,Óscar Valentín,4,2025,145,9811,M S,33,2143,1,1.4860157845541837,1,1.4860157845541837,0,0.9415555438026786,13,10,3,1,10.363398014567792,8.101587588898838
ESP-La Liga,2526,Real Betis,Abdessamad Ezzalzouli,4,2025,153,10095,F M S,29,2275,10,10.301263853907583,10,10.301263853907583,8,6.2180118300020695,73,32,3,0,18.697799935936928,4.9303385354578495
ESP-La Liga,2526,Real Betis,Adrián,4,2025,153,527,GK,1,90,0,0.0,0,0.0,0,0.0,0,0,0,0,0.147800400853157,0.147800400853157
ESP-La Liga,2526,Real Betis,Aitor Ruibal,4,2025,153,6427,D F M S,27,1809,4,4.419992010109127,4,4.419992010109127,2,1.795642390847206,31,19,4,1,10.049647815525532,4.529752524569631
ESP-La Liga,2526,Real Betis,Antony,4,2025,153,11094,F M S,32,2495,8,9.02497192658484,8,9.02497192658484,6,6.643909856677055,90,56,6,1,22.010275080800056,10.2550476831384
ESP-La Liga,2526,Real Betis,Cédric Bakambu,4,2025,153,2306,F S,18,542,3,4.446228556334972,3,4.446228556334972,1,1.0754088601097465,21,4,1,0,5.470247928053141,1.102149996906519
ESP-La Liga,2526,Real Betis,Dani Pérez,4,2025,153,12044,S,1,1,0,0.0,0,0.0,0,0.0,0,0,0,0,0.0,0.0
ESP-La Liga,2526,Real Betis,Diego Llorente,4,2025,153,2163,D S,18,1221,1,1.1309194639325142,1,1.1309194639325142,0,0.0534076169133186,4,1,5,0,3.991023997310549,3.7352525391615927
ESP-La Liga,2526,Real Betis,Ezequiel Ávila,4,2025,153,6955,F S,16,350,1,1.645847663283348,0,0.902570053935051,0,0.4049630733206868,8,9,2,0,1.516266454011202,0.8896453380584717
ESP-La Liga,2526,Real Betis,Giovani Lo Celso,4,2025,153,5681,F M S,24,1396,2,2.9037401657551527,2,2.9037401657551527,3,2.8784077670425177,30,32,4,0,10.672939863055944,6.766227323561907
ESP-La Liga,2526,Real Betis,Héctor Bellerín,4,2025,153,492,D S,27,1822,2,0.5421263910830021,2,0.5421263910830021,3,3.8523782826960087,7,24,2,0,8.855655074119568,6.866296399384737
ESP-La Liga,2526,Real Betis,Isco,4,2025,153,2255,M S,8,213,1,0.998250227421522,0,0.254972618073225,1,0.6222779601812363,7,5,0,0,1.3436147421598434,1.0085393972694874
ESP-La Liga,2526,Real Betis,Iván Corralejo,4,2025,153,13855,S,1,11,0,0.0,0,0.0,0,0.0,0,0,0,0,0.0551396198570728,0.0551396198570728
ESP-La Liga,2526,Real Betis,Juan Camilo Hernández,4,2025,153,6954,F S,32,2623,11,12.400350131094456,10,11.65707252174616,3,4.870423881337047,89,34,5,0,19.107489496469498,5.405497080646455
ESP-La Liga,2526,Real Betis,Júnior Firpo,4,2025,153,6485,D S,12,846,0,0.4448377713561058,0,0.4448377713561058,1,0.957407258450985,5,8,2,0,2.8417121320962906,2.3680821657180786
ESP-La Liga,2526,Real Betis,Marc Bartra,4,2025,153,2453,D S,25,1973,1,0.7785803359001875,1,0.7785803359001875,0,0.1219159569591283,16,5,3,0,6.516638816334307,6.29856242146343
ESP-La Liga,2526,Real Betis,Marc Roca,4,2025,153,5086,M S,29,2020,1,0.9589633732102812,1,0.9589633732102812,2,2.0623733028769493,16,19,1,0,8.206119364127517,7.05390945635736
ESP-La Liga,2526,Real Betis,Natan,4,2025,153,11890,D S,33,2820,0,0.5199076561257243,0,0.5199076561257243,0,0.3320370214059949,10,7,8,0,7.9655610248446465,7.7015365883708
ESP-La Liga,2526,Real Betis,Nelson Deossa,4,2025,153,14001,M S,20,725,0,0.473878163844347,0,0.473878163844347,0,0.6545962225645781,18,8,3,0,4.098076751455665,3.2412512339651585
ESP-La Liga,2526,Real Betis,Pablo Fornals,4,2025,153,2335,F M S,37,2912,9,4.941328717395663,9,4.941328717395663,6,7.8924933429807425,43,84,2,0,23.12612571939826,12.777029509656131
ESP-La Liga,2526,Real Betis,Pablo García,4,2025,153,13376,M S,15,346,0,1.411434426903725,0,1.411434426903725,0,0.0550342518836259,13,2,1,0,1.6470036320388317,0.3475204855203628
ESP-La Liga,2526,Real Betis,Pau López,4,2025,153,2107,GK,9,810,0,0.0,0,0.0,0,0.0,0,0,1,0,0.5678549129515886,0.5678549129515886
ESP-La Liga,2526,Real Betis,Ricardo Rodríguez,4,2025,153,308,D S,23,1552,0,0.1410916894674301,0,0.1410916894674301,1,0.4879046082496643,3,7,0,0,2.7929348312318325,2.435595016926527
ESP-La Liga,2526,Real Betis,Rodrigo Riquelme,4,2025,153,8002,M S,25,788,1,2.6496557127684355,1,2.6496557127684355,1,1.466417740099132,24,14,2,0,6.590603470802307,2.7007025675848126
ESP-La Liga,2526,Real Betis,Sergi Altimira,4,2025,153,11953,M S,24,1176,1,0.5072789322584867,1,0.5072789322584867,2,0.5556181967258453,7,11,3,0,4.316389311105013,3.7588356025516982
ESP-La Liga,2526,Real Betis,Sofyan Amrabat,4,2025,153,7927,M S,17,1297,0,0.2392287040129304,0,0.2392287040129304,0,0.2395817404612898,8,7,4,0,3.977388694882393,3.5761187840253115
ESP-La Liga,2526,Real Betis,Valentín Gómez,4,2025,153,13845,D S,28,1852,1,0.953595282509923,1,0.953595282509923,0,2.110032780095935,11,10,5,0,5.001710316166282,3.893445262685418
ESP-La Liga,2526,Real Betis,Álvaro Fidalgo,4,2025,153,14440,M S,9,567,1,0.5265598297119141,1,0.5265598297119141,0,0.1963401176035404,4,4,0,0,2.017945224419236,1.3912485651671886
ESP-La Liga,2526,Real Betis,Álvaro Vallés,4,2025,153,11740,GK,28,2520,0,0.0,0,0.0,0,0.0,0,0,1,0,3.662847968749702,3.662847968749702
ESP-La Liga,2526,Real Betis,Ángel Ortiz,4,2025,153,13374,D S,13,584,0,0.0273902136832475,0,0.0273902136832475,0,0.8803559150546789,1,6,1,0,1.54257298912853,0.8120450833812356
ESP-La Liga,2526,Real Madrid,Andriy Lunin,4,2025,150,7194,GK,6,540,0,0.0,0,0.0,0,0.0,0,0,0,0,0.967596147209406,0.967596147209406
ESP-La Liga,2526,Real Madrid,Antonio Rüdiger,4,2025,150,1822,D S,18,1501,1,1.4131802674382925,1,1.4131802674382925,0,0.3116191700100899,13,2,0,0,4.972962256520987,4.591328982263804
ESP-La Liga,2526,Real Madrid,Arda Güler,4,2025,150,12190,F M S,33,2076,4,4.8113659825176,4,4.8113659825176,9,8.848396001383662,49,70,1,0,16.119426768273115,8.680156823247671
ESP-La Liga,2526,Real Madrid,Aurelien Tchouameni,4,2025,150,6560,M S,33,2656,1,3.0622244104743004,1,3.0622244104743004,0,2.313327204436064,45,24,8,0,13.883047316223385,11.357132777571678
ESP-La Liga,2526,Real Madrid,Brahim Diaz,4,2025,150,6421,F M S,30,1243,1,1.7095827870070934,1,1.7095827870070934,6,3.635775487869978,15,30,2,0,7.436839532107115,2.803654298186302
ESP-La Liga,2526,Real Madrid,César Palacios,4,2025,150,14352,S,5,68,0,0.1309255510568618,0,0.1309255510568618,0,0.0289352163672447,2,1,0,0,0.45789235830307,0.2980315908789634
ESP-La Liga,2526,Real Madrid,Dani Ceballos,4,2025,150,2446,M S,16,451,0,0.0812624134123325,0,0.0812624134123325,0,0.589991744607687,3,9,1,0,5.687696643173695,5.359475754201412
ESP-La Liga,2526,Real Madrid,Daniel Carvajal,4,2025,150,2260,D S,17,965,0,0.2845469722524285,0,0.2845469722524285,1,1.9865489229559896,5,11,0,0,4.963872527703643,3.1964759286493063
ESP-La Liga,2526,Real Madrid,Daniel Yáñez,4,2025,150,13266,S,2,40,0,0.0,0,0.0,1,0.3712937831878662,0,2,0,0,0.1727207265794277,0.1727207265794277
ESP-La Liga,2526,Real Madrid,David Alaba,4,2025,150,391,D S,11,419,0,0.2578099928796291,0,0.2578099928796291,0,0.0,4,0,1,0,2.121829517185688,2.0296965166926384
ESP-La Liga,2526,Real Madrid,David Jiménez,4,2025,150,13113,D S,2,78,0,0.090881623327732,0,0.090881623327732,0,0.0,1,0,0,0,0.2897253930568695,0.198843777179718
ESP-La Liga,2526,Real Madrid,Dean Huijsen,4,2025,150,11943,D S,28,2046,2,2.327382738701999,2,2.327382738701999,2,1.1454473715275526,20,10,7,1,10.47981822490692,10.072807345539331
ESP-La Liga,2526,Real Madrid,Diego Aguado,4,2025,150,13236,S,1,24,0,0.0,0,0.0,0,0.0,0,0,0,0,0.1427914202213287,0.1427914202213287
ESP-La Liga,2526,Real Madrid,Eder Militão,4,2025,150,7829,D S,16,1147,2,1.8924340261146424,2,1.8924340261146424,1,1.1158691756427288,21,8,2,0,6.2966620568186045,5.192408312112093
ESP-La Liga,2526,Real Madrid,Eduardo Camavinga,4,2025,150,7359,D M S,29,1507,1,1.1423941813409328,1,1.1423941813409328,0,1.8246677611023188,13,15,2,0,7.222875934094191,5.800564680248499
ESP-La Liga,2526,Real Madrid,Endrick,4,2025,150,12884,S,1,5,0,0.0,0,0.0,0,0.0,0,0,0,0,0.0,0.0
ESP-La Liga,2526,Real Madrid,Federico Valverde,4,2025,150,6241,D F M S,33,2765,5,2.2435944536700845,5,2.2435944536700845,8,5.012471796944737,51,43,3,1,19.056539345532656,15.301276870071888
ESP-La Liga,2526,Real Madrid,Ferland Mendy,4,2025,150,6233,D S,5,204,0,0.0,0,0.0,0,0.0,0,0,0,0,0.4247454553842544,0.4247454553842544
ESP-La Liga,2526,Real Madrid,Fran García,4,2025,150,9810,D M S,13,930,1,0.946589097380638,1,0.946589097380638,1,0.3020932860672474,6,5,0,1,4.634012538939714,3.96155970916152
ESP-La Liga,2526,Real Madrid,Franco Mastantuono,4,2025,150,13847,D F M S,23,1026,1,2.6822766698896885,1,2.6822766698896885,0,2.86138834618032,30,16,5,1,7.648913703858852,4.390332970768213
ESP-La Liga,2526,Real Madrid,Gonzalo García,4,2025,150,12035,F S,30,923,6,5.269253443926573,6,5.269253443926573,1,1.6349990256130695,21,13,2,0,8.073908843100071,1.9430877678096292
ESP-La Liga,2526,Real Madrid,Jorge Cestero,4,2025,150,14246,S,2,8,0,0.0,0,0.0,0,0.0,0,0,0,0,0.0,0.0
ESP-La Liga,2526,Real Madrid,Jude Bellingham,4,2025,150,8824,M S,28,1933,6,7.732056498527527,6,7.732056498527527,4,3.037935324013233,51,36,3,0,13.966085232794285,8.35675865970552
ESP-La Liga,2526,Real Madrid,Kylian Mbappe-Lottin,4,2025,150,3423,F S,31,2623,25,25.796528611332175,17,19.107029650360342,5,7.240631651133299,146,65,4,0,27.866944551467896,7.233587654307485
ESP-La Liga,2526,Real Madrid,Manuel Serrano,4,2025,150,14630,S,1,3,0,0.0,0,0.0,0,0.0,0,0,0,0,0.5011940598487854,0.5011940598487854
ESP-La Liga,2526,Real Madrid,Manuel Ángel,4,2025,150,14502,M S,4,86,0,0.0614622384309768,0,0.0614622384309768,0,0.0,2,0,0,0,0.3262549117207527,0.2647926788777113
ESP-La Liga,2526,Real Madrid,Raúl,4,2025,150,13201,D S,23,1692,2,1.511999098584056,2,1.511999098584056,0,0.4637518934905529,14,5,4,0,7.886597044765949,7.307897858321667
ESP-La Liga,2526,Real Madrid,Rodrygo,4,2025,150,8015,F M S,19,633,1,2.848481699824333,1,2.848481699824333,3,2.88282679207623,27,17,2,0,4.605150379240513,1.4849299378693104
ESP-La Liga,2526,Real Madrid,Thiago Pitarch,4,2025,150,13848,M S,10,615,0,0.3488739095628261,0,0.3488739095628261,2,0.894539013504982,6,6,2,0,2.404643889516592,1.81363170966506
ESP-La Liga,2526,Real Madrid,Thibaut Courtois,4,2025,150,680,GK,32,2880,0,0.0,0,0.0,0,0.0,0,0,1,0,6.53979423083365,6.53979423083365
ESP-La Liga,2526,Real Madrid,Trent Alexander-Arnold,4,2025,150,1791,D M S,21,1175,0,0.403125662356615,0,0.403125662356615,4,2.0283965058624744,10,28,4,0,6.278945114463568,5.344461210072041
ESP-La Liga,2526,Real Madrid,Valde,4,2025,150,13543,D,1,81,0,0.0,0,0.0,0,0.018097510561347,0,1,0,0,0.162386879324913,0.1442893743515014
ESP-La Liga,2526,Real Madrid,Vinícius Júnior,4,2025,150,7008,F M S,36,2865,16,14.403762575238945,12,10.687374416738749,5,7.155190063640475,100,69,7,0,23.04617050290108,8.551076833158731
ESP-La Liga,2526,Real Madrid,Álvaro Fernández,4,2025,150,10576,D S,28,2334,2,0.7583160568028688,2,0.7583160568028688,3,1.7765214759856462,9,29,5,1,16.8298107534647,15.121318858116863
ESP-La Liga,2526,Real Madrid,Álvaro Leiva,4,2025,150,14353,S,1,2,0,0.0,0,0.0,0,0.0,0,0,0,0,0.0,0.0
ESP-La Liga,2526,Real Oviedo,Aarón,4,2025,289,2346,GK,37,3330,0,0.0,0,0.0,1,0.4407059326767921,0,2,4,0,3.903619561344385,3.4629136249423027
ESP-La Liga,2526,Real Oviedo,Alberto Reina,4,2025,289,13700,F M S,38,2616,4,3.899130245670676,4,3.899130245670676,1,4.210082144476473,25,35,4,1,8.353435187600553,3.1385123571380973
ESP-La Liga,2526,Real Oviedo,Borja Sánchez,4,2025,289,13702,S,1,9,0,0.0,0,0.0,0,0.0,0,0,0,0,0.0,0.0
ESP-La Liga,2526,Real Oviedo,Dani Calvo,4,2025,289,2597,D S,21,1688,0,0.9167876914143562,0,0.9167876914143562,0,0.4952077195048332,4,2,2,0,0.8509417865425348,0.8154006768018007
ESP-La Liga,2526,Real Oviedo,David Carmo,4,2025,289,13983,D S,22,1785,1,0.9620246645063162,1,0.9620246645063162,0,0.5050461739301682,9,7,6,1,3.8941762782633305,2.9872417859733105
ESP-La Liga,2526,Real Oviedo,David Costas,4,2025,289,4160,D S,25,2073,1,1.367807979695499,1,1.367807979695499,0,0.1881906613707542,5,5,3,0,3.668113366700709,3.6066044019535184
ESP-La Liga,2526,Real Oviedo,Eric Bailly,4,2025,289,1739,D,16,1327,1,0.3379696104675531,1,0.3379696104675531,0,0.1631991881877184,7,3,3,0,1.960602704435587,1.890581227838993
ESP-La Liga,2526,Real Oviedo,Federico Viñas,4,2025,289,13705,F M S,34,2575,9,9.87893870100379,7,8.392383448779583,1,3.027751691639424,60,29,5,3,8.796410974115133,2.640840981155634
ESP-La Liga,2526,Real Oviedo,Haissem Hassan,4,2025,289,11401,F M S,38,1937,0,1.9617184847593307,0,1.9617184847593307,3,1.7974820844829082,34,19,1,0,5.390570223331451,2.5027807988226414
ESP-La Liga,2526,Real Oviedo,Horatiu Moldovan,4,2025,289,12393,GK,2,180,0,0.0,0,0.0,0,0.0,0,0,0,0,0.0176513418555259,0.0176513418555259
ESP-La Liga,2526,Real Oviedo,Ilyas Chaira,4,2025,289,13701,F M S,37,2584,7,7.220865061506629,7,7.220865061506629,2,2.07834442704916,84,22,2,1,11.205173783004284,3.461104169487953
ESP-La Liga,2526,Real Oviedo,Javier López,4,2025,289,8413,D S,26,1825,0,0.7022638451308012,0,0.7022638451308012,1,1.1921943556517365,7,18,3,1,3.971468263305724,3.430697724223137
ESP-La Liga,2526,Real Oviedo,Josip Brekalo,4,2025,289,5353,F M S,14,482,0,0.3088910253718495,0,0.3088910253718495,0,1.6458159163594246,9,11,1,0,2.2394321858882904,0.8675312828272581
ESP-La Liga,2526,Real Oviedo,Kwasi Sibo,4,2025,289,13699,M S,27,1782,0,0.3234209390357137,0,0.3234209390357137,0,0.0500031504780054,10,3,3,1,4.401804143562913,4.066265448927879
ESP-La Liga,2526,Real Oviedo,Leander Dendoncker,4,2025,289,7236,M S,19,1338,1,0.538357574492693,1,0.538357574492693,0,0.4306179387494921,9,7,2,0,2.1508139576762915,1.4654122050851583
ESP-La Liga,2526,Real Oviedo,Lucas Ahijado,4,2025,289,14018,D S,20,1086,0,1.1217116303741932,0,1.1217116303741932,1,1.3586394265294075,10,9,3,0,4.464726865757257,2.8245097422041
ESP-La Liga,2526,Real Oviedo,Luka Ilic,4,2025,289,10388,F M S,19,731,1,1.7625892590731382,1,1.7625892590731382,0,0.419754147529602,9,3,2,1,2.6002833172678947,1.0306000001728537
ESP-La Liga,2526,Real Oviedo,Marco Esteban,4,2025,289,13703,S,1,40,0,0.0,0,0.0,0,0.0,0,0,0,0,0.0,0.0
ESP-La Liga,2526,Real Oviedo,Nacho Vidal,4,2025,289,5162,D S,30,2383,0,2.859865885227918,0,2.859865885227918,0,0.3238163329660892,17,7,4,0,5.2956321854144335,2.365584071725607
ESP-La Liga,2526,Real Oviedo,Nicolás Fonseca,4,2025,289,14316,M S,19,1028,0,0.1822443902492523,0,0.1822443902492523,0,0.0975932888686657,8,3,6,0,2.805281972512603,2.65612081810832
ESP-La Liga,2526,Real Oviedo,Oier Luengo,4,2025,289,13697,D,3,228,0,0.070125862956047,0,0.070125862956047,1,0.098943255841732,1,1,0,0,0.2799486219882965,0.2799486219882965
ESP-La Liga,2526,Real Oviedo,Omar Falah,4,2025,289,13704,S,1,9,0,0.0,0,0.0,0,0.0,0,0,0,0,0.0,0.0
ESP-La Liga,2526,Real Oviedo,Ovie Ejaria,4,2025,289,1762,M S,9,207,0,0.2249453254044056,0,0.2249453254044056,0,0.0751299932599067,3,1,1,0,1.2129120826721191,1.0246025137603283
ESP-La Liga,2526,Real Oviedo,Pablo Agudín,4,2025,289,14173,S,8,60,0,0.0426228204742074,0,0.0426228204742074,0,0.0,2,0,0,0,0.0299487896263599,0.0
ESP-La Liga,2526,Real Oviedo,Rahim Alhassane,4,2025,289,13698,D S,28,1689,0,0.0599290756508708,0,0.0599290756508708,0,1.573213404044509,3,17,2,0,4.904392350465059,3.995352517813444
ESP-La Liga,2526,Real Oviedo,Salomón Rondón,4,2025,289,813,F S,16,1054,2,3.783308571204543,2,3.0400309544056654,0,0.1934819892048835,24,5,2,0,3.1170474737882614,0.3357116375118494
ESP-La Liga,2526,Real Oviedo,Santiago Cazorla,4,2025,289,965,M S,29,877,0,0.3128305342979729,0,0.3128305342979729,1,2.333839040249586,7,28,2,1,5.003484875429422,4.37852508854121
ESP-La Liga,2526,Real Oviedo,Santiago Colombatto,4,2025,289,13953,M S,33,2157,0,0.732619327493012,0,0.732619327493012,1,2.820774817839265,16,25,6,0,6.469618431292474,5.312525178305805
ESP-La Liga,2526,Real Oviedo,Thiago Borbas,4,2025,289,14334,S,12,140,0,0.7139516249299049,0,0.7139516249299049,0,0.0,5,0,1,0,0.1709319315850734,0.0351529419422149
ESP-La Liga,2526,Real Oviedo,Thiago Fernández,4,2025,289,14393,F M S,17,919,0,0.8692414863035083,0,0.8692414863035083,4,2.8690570928156376,15,12,4,0,4.160179313272238,1.7156872656196356
ESP-La Liga,2526,Real Oviedo,Álex Forés,4,2025,289,13954,F S,18,331,0,0.7922417521476746,0,0.7922417521476746,1,0.0199069753289222,8,1,0,0,1.3318030647933483,0.5996671952307224
ESP-La Liga,2526,Real Sociedad,Aihen Muñoz,4,2025,140,7306,D S,21,829,1,0.4659921936690807,1,0.4659921936690807,0,0.4135719016194343,6,5,1,0,3.544042121618986,2.887334957718849
ESP-La Liga,2526,Real Sociedad,Ander Barrenetxea,4,2025,140,7308,F M S,30,1794,3,3.134013439528644,3,3.134013439528644,5,6.596155438572168,35,45,5,0,13.03077031299472,6.245771812275052
ESP-La Liga,2526,Real Sociedad,Aritz Elustondo,4,2025,140,2228,D S,16,723,0,0.5001932755112648,0,0.5001932755112648,1,0.026317611336708,4,1,0,0,2.531999623402953,2.5056820269674063
ESP-La Liga,2526,Real Sociedad,Arkaitz Mariezkurrena,4,2025,140,13267,S,1,1,0,0.0,0,0.0,0,0.0,0,0,0,0,0.0,0.0
ESP-La Liga,2526,Real Sociedad,Arsen Zakharyan,4,2025,140,8760,M S,17,424,0,1.1044645830988884,0,1.1044645830988884,0,1.1248002797365189,14,10,2,0,2.9856996089220047,1.2410607375204563
ESP-La Liga,2526,Real Sociedad,Beñat Turrientes,4,2025,140,9465,M S,27,1355,0,0.8817815221846104,0,0.8817815221846104,3,1.1862656697630882,20,12,7,0,5.57944718375802,4.06466400437057
ESP-La Liga,2526,Real Sociedad,Brais Méndez,4,2025,140,6227,F M S,29,1708,6,6.033863070420921,5,4.547307777218521,2,3.3276691418141127,36,26,4,1,12.2444488145411,5.582106248475611
ESP-La Liga,2526,Real Sociedad,Carlos Soler,4,2025,140,2478,F M S,33,2346,4,3.2679054085165262,4,3.2679054085165262,3,5.041204136796296,35,46,3,1,12.060087494552135,8.075280973687768
ESP-La Liga,2526,Real Sociedad,Daniel Díaz,4,2025,140,13558,S,1,13,0,0.0,0,0.0,0,0.0,0,0,0,0,0.0,0.0
ESP-La Liga,2526,Real Sociedad,Duje Caleta-Car,4,2025,140,7007,D S,27,2140,1,1.877065658569336,1,1.877065658569336,0,0.1966800149530172,13,3,6,1,6.151753548532724,5.95507350936532
ESP-La Liga,2526,Real Sociedad,Gonçalo Guedes,4,2025,140,5682,F M S,32,1833,8,4.142274813726544,8,4.142274813726544,4,2.665413634851575,46,24,3,0,12.011291518807411,7.679975047707558
ESP-La Liga,2526,Real Sociedad,Gorka Carrera,4,2025,140,14208,S,3,49,0,0.5620909333229065,0,0.5620909333229065,0,0.0,1,0,1,0,0.5806836429983377,0.0185927096754312
ESP-La Liga,2526,Real Sociedad,Ibai Aguirre,4,2025,140,14322,S,1,4,0,0.0,0,0.0,0,0.0,0,0,0,0,0.0,0.0
ESP-La Liga,2526,Real Sociedad,Igor Zubeldia,4,2025,140,2417,D S,25,2080,0,0.3188817761838436,0,0.3188817761838436,1,0.6090575475245714,6,5,9,0,6.32798408344388,5.914616275578737
ESP-La Liga,2526,Real Sociedad,Iñaki Rupérez,4,2025,140,12354,S,1,1,0,0.0,0,0.0,0,0.0,0,0,0,0,0.0,0.0
ESP-La Liga,2526,Real Sociedad,Job Ochieng,4,2025,140,14364,M S,2,92,0,0.0861476957798004,0,0.0861476957798004,0,0.1534191071987152,1,2,0,0,0.7767086327075958,0.6509783715009689
ESP-La Liga,2526,Real Sociedad,Jon Aramburu,4,2025,140,12182,D S,35,2789,1,2.057084806263447,1,2.057084806263447,0,0.4437111411243677,21,11,11,0,6.378528879955411,5.833133289590478
ESP-La Liga,2526,Real Sociedad,Jon Gorrotxategi,4,2025,140,13936,M S,30,2235,1,0.9011643519625068,1,0.9011643519625068,3,0.9900850029662251,13,18,7,0,9.608818357810378,8.54557849932462
ESP-La Liga,2526,Real Sociedad,Jon Karrikaburu,4,2025,140,9922,S,7,107,0,0.7094465997070074,0,0.7094465997070074,0,0.0238551869988441,7,1,0,0,0.4835655074566602,0.0
ESP-La Liga,2526,Real Sociedad,Jon Martín,4,2025,140,12353,D,25,2250,2,2.422728887759149,2,2.422728887759149,0,0.1884760037064552,15,2,6,0,8.53424921259284,8.280994322150946
ESP-La Liga,2526,Real Sociedad,Lander Astiazarán,4,2025,140,14259,S,1,1,0,0.0211206022650003,0,0.0211206022650003,0,0.0,1,0,0,0,0.0,0.0
ESP-La Liga,2526,Real Sociedad,Luka Sucic,4,2025,140,12862,F M S,22,1003,3,1.760162802413106,3,1.760162802413106,1,0.3618826083838939,23,9,1,0,3.46739802043885,1.5475199660286307
ESP-La Liga,2526,Real Sociedad,Luken Beitia,4,2025,140,13482,D S,2,91,0,0.0,0,0.0,0,0.0,0,0,0,0,0.6515876054763794,0.6515876054763794
ESP-La Liga,2526,Real Sociedad,Mikel Goti,4,2025,140,13580,M S,4,64,0,0.7785072475671768,0,0.7785072475671768,0,0.0,3,0,0,0,0.1768126040697097,0.0
ESP-La Liga,2526,Real Sociedad,Mikel Oyarzabal,4,2025,140,2234,F S,34,2727,15,16.028234442695975,8,10.825419073924422,4,5.957455115392804,79,42,3,0,20.298587683588263,6.757064882665873
ESP-La Liga,2526,Real Sociedad,Orri Óskarsson,4,2025,140,13048,F S,20,822,9,7.336163688451052,9,7.336163688451052,0,0.4746837932616472,27,4,5,0,7.516883730888367,0.4190300051122904
ESP-La Liga,2526,Real Sociedad,Pablo Marín,4,2025,140,11185,M S,34,1491,0,1.247849544510245,0,1.247849544510245,1,1.8537570256739853,13,13,2,0,7.044556712731719,4.112739890813828
ESP-La Liga,2526,Real Sociedad,Remiro,4,2025,140,2555,GK,37,3330,0,0.0,0,0.0,0,0.3873771876096725,0,4,1,0,6.81348979100585,6.426112595945597
ESP-La Liga,2526,Real Sociedad,Sergio Gómez,4,2025,140,6656,D M S,35,2712,0,0.8500185953453183,0,0.8500185953453183,6,7.414878661744296,12,45,5,1,11.900510411709549,8.49614124558866
ESP-La Liga,2526,Real Sociedad,Takefusa Kubo,4,2025,140,8001,F M S,24,1531,2,2.659126302227378,2,2.659126302227378,4,4.556258842349052,28,32,2,0,7.780967563390732,3.3929872550070286
ESP-La Liga,2526,Real Sociedad,Umar Sadiq,4,2025,140,1450,F S,25,1028,4,5.453680071979761,4,5.453680071979761,2,1.716763524338603,30,10,4,0,8.170098496600986,1.6392004117369652
ESP-La Liga,2526,Real Sociedad,Unai Marrero,4,2025,140,9198,GK,1,90,0,0.0,0,0.0,0,0.0,0,0,1,0,0.0421100705862045,0.0421100705862045
ESP-La Liga,2526,Real Sociedad,Wesley,4,2025,140,14413,M S,5,74,0,0.0101176528260111,0,0.0101176528260111,0,0.0,1,0,0,0,0.0711119649931788,0.0609943121671676
ESP-La Liga,2526,Real Sociedad,Álvaro Odriozola,4,2025,140,2418,D S,5,196,1,0.5725881457328796,1,0.5725881457328796,0,1.1418001726269722,1,3,0,0,1.8545968532562256,0.1402085274457931
ESP-La Liga,2526,Sevilla,Adnan Januzaj,4,2025,138,323,F M S,12,283,0,0.2582807317376137,0,0.2582807317376137,0,0.6689504720270634,7,11,1,0,1.0545724965631962,0.7336611598730087
ESP-La Liga,2526,Sevilla,Akor Adams,4,2025,138,11783,F S,32,2048,10,10.047341846860943,7,7.8175089890137315,3,1.1498911064118147,61,13,3,0,9.731918376870452,1.3182228859513998
ESP-La Liga,2526,Sevilla,Alexis Sánchez,4,2025,138,498,F M S,28,1278,4,3.5005651153624058,3,2.757287496700883,2,1.831439543515444,25,27,3,0,6.62530991435051,2.9326467169448733
ESP-La Liga,2526,Sevilla,Alfon,4,2025,138,9241,D M S,21,691,2,2.92619794793427,2,2.92619794793427,0,0.508796339854598,18,9,0,0,4.655024819076061,1.35974483191967
ESP-La Liga,2526,Sevilla,Andrés Castrín,4,2025,138,13600,D S,19,1251,1,0.5596901206299663,1,0.5596901206299663,0,0.1021546982228756,11,2,4,0,2.3782171308994293,2.264212667942047
ESP-La Liga,2526,Sevilla,Batista Mendy,4,2025,138,8283,M S,27,1632,1,0.8640541210770607,1,0.8640541210770607,0,0.4901229040697217,17,9,6,0,4.13434686139226,3.504842003807425
ESP-La Liga,2526,Sevilla,Chidera Ejuke,4,2025,138,8694,F M S,27,866,1,1.918383196927607,1,1.918383196927607,1,0.9294496746733784,23,13,0,0,4.256661459803581,2.0848007388412952
ESP-La Liga,2526,Sevilla,César Azpilicueta,4,2025,138,681,D,17,1233,0,0.0123422164469957,0,0.0123422164469957,1,0.5649564769119024,1,3,4,0,2.7488847002387047,2.219164974987507
ESP-La Liga,2526,Sevilla,Djibril Sow,4,2025,138,2624,M S,33,2235,5,1.5513262078166008,5,1.5513262078166008,4,2.01867562904954,19,25,6,0,6.6189771089702845,4.309138225391507
ESP-La Liga,2526,Sevilla,Dodi Lukebakio,4,2025,138,5706,M,2,180,1,0.0546624809503555,1,0.0546624809503555,0,0.8578585088253021,2,9,0,0,1.0068341195583344,0.2612600550055504
ESP-La Liga,2526,Sevilla,Federico Gattoni,4,2025,138,11705,S,1,5,0,0.0,0,0.0,0,0.0,0,0,0,0,0.0,0.0
ESP-La Liga,2526,Sevilla,Fábio Cardoso,4,2025,138,14012,D,4,309,0,0.0,0,0.0,0,0.0,0,0,0,0,0.2649941742420196,0.2649941742420196
ESP-La Liga,2526,Sevilla,Gabriel Suazo,4,2025,138,11343,D S,29,2107,0,0.3101932983845472,0,0.3101932983845472,2,2.7886302415281534,5,36,7,0,6.195922497659922,4.48605795763433
ESP-La Liga,2526,Sevilla,Isaac Romero,4,2025,138,12305,F M S,29,1506,4,5.542458679527044,4,4.799181040376425,0,1.0822319444268942,41,14,6,1,7.964388970285654,2.7966378815472126
ESP-La Liga,2526,Sevilla,Joan Jordán,4,2025,138,2122,S,3,15,0,0.0,0,0.0,0,0.0,0,0,1,0,0.4800020158290863,0.4800020158290863
ESP-La Liga,2526,Sevilla,José Ángel Carmona,4,2025,138,9809,D M S,35,2561,1,0.9539876133203506,1,0.9539876133203506,3,2.3566217375919223,20,22,13,0,9.38717579189688,7.580831928178668
ESP-La Liga,2526,Sevilla,Juanlu Sanchez,4,2025,138,8409,D M S,32,2016,0,0.7494942769408226,0,0.7494942769408226,3,1.898656453937292,14,22,4,1,5.390602208673954,3.3558341786265373
ESP-La Liga,2526,Sevilla,Kike Salas,4,2025,138,10334,D S,26,2199,2,1.0958839217200875,2,1.0958839217200875,0,0.3995983246713877,19,7,1,0,4.352849245071411,3.696122121065855
ESP-La Liga,2526,Sevilla,Lucien Agoume,4,2025,138,8165,F M S,34,2728,1,0.8295221757143736,1,0.8295221757143736,3,3.1899660043418407,15,27,11,0,9.656975163146852,6.904327908530831
ESP-La Liga,2526,Sevilla,Manu Bueno,4,2025,138,11266,M S,8,256,0,0.111180773936212,0,0.111180773936212,0,0.200551226735115,2,2,2,0,1.3741315342485905,1.1735803224146366
ESP-La Liga,2526,Sevilla,Marcão,4,2025,138,10999,D S,13,935,1,0.9158304017037152,1,0.9158304017037152,0,0.0,10,0,3,1,2.0380470361560583,2.0380470361560583
ESP-La Liga,2526,Sevilla,Miguel Sierra,4,2025,138,13823,S,4,50,0,0.1966240983456373,0,0.1966240983456373,0,0.0,4,0,0,0,0.2267779856920242,0.0301538873463869
ESP-La Liga,2526,Sevilla,Neal Maupay,4,2025,138,3621,F S,12,884,2,2.1214609295129776,2,2.1214609295129776,1,0.566957282833755,17,13,2,0,3.811862051486969,1.2760496363043785
ESP-La Liga,2526,Sevilla,Nemanja Gudelj,4,2025,138,7888,D M S,34,2349,2,1.475432573352009,2,1.475432573352009,0,0.832065112888813,31,8,9,0,5.2675101440399885,4.190701778978109
ESP-La Liga,2526,Sevilla,Nianzou Kouassi,4,2025,138,7981,D S,12,670,0,0.5957351680845022,0,0.5957351680845022,0,0.1417838707566261,9,2,5,1,1.8371144905686376,1.6802604347467422
ESP-La Liga,2526,Sevilla,Odisseas Vlachodimos,4,2025,138,375,GK,33,2970,0,0.0,0,0.0,0,0.0,0,0,1,0,2.363366136327386,2.363366136327386
ESP-La Liga,2526,Sevilla,Oso,4,2025,138,13615,D F M S,21,1397,2,1.4908289685845375,2,1.4908289685845375,3,2.1163112185895443,17,20,0,0,4.947251755744219,2.594837572425604
ESP-La Liga,2526,Sevilla,Peque,4,2025,138,12742,F M S,26,952,2,0.7655831780284643,2,0.7655831780284643,1,0.6110825892537832,15,15,7,0,3.0857485216110945,2.012060156092048
ESP-La Liga,2526,Sevilla,Ramón Martínez,4,2025,138,13198,S,2,99,0,0.0,0,0.0,0,0.0,0,0,0,0,0.885494738817215,0.885494738817215
ESP-La Liga,2526,Sevilla,Ruben Vargas,4,2025,138,7810,F M S,24,1670,3,3.4263215493410826,2,2.683043917641044,6,3.1103639528155327,41,28,2,0,6.954289648681879,2.946367779746652
ESP-La Liga,2526,Sevilla,Stanis Idumbo Muzambo,4,2025,138,12426,M,1,48,0,0.0494507662951946,0,0.0494507662951946,0,0.2678038775920868,1,1,0,0,0.3172546625137329,0.0
ESP-La Liga,2526,Sevilla,Ørjan Nyland,4,2025,138,250,GK,5,450,0,0.0,0,0.0,0,0.0,0,0,1,0,0.8262858241796494,0.8262858241796494
ESP-La Liga,2526,Valencia,André Almeida,4,2025,146,11057,F M S,22,1007,0,0.874655444175005,0,0.874655444175005,2,2.1850007213652134,9,19,0,0,6.30531516764313,4.309371467679739
ESP-La Liga,2526,Valencia,Arnaut Danjuma Groeneveld,4,2025,146,8066,F M S,30,1612,3,5.226826310157776,3,4.483548700809479,2,4.247381461784244,36,17,0,0,9.88978798687458,2.371374111622572
ESP-La Liga,2526,Valencia,Baptiste Santamaria,4,2025,146,5654,M S,19,731,1,0.516353402286768,1,0.516353402286768,1,0.7424618415534496,6,4,2,0,2.4516765056177974,2.205951330251992
ESP-La Liga,2526,Valencia,Copete,4,2025,146,10982,D S,21,1767,0,1.944704715162516,0,1.944704715162516,0,0.1642674310132861,13,5,5,0,4.536973598413169,4.47673115786165
ESP-La Liga,2526,Valencia,César Tárrega,4,2025,146,10107,D S,32,2588,0,0.6626794598996639,0,0.6626794598996639,0,0.09015997312963,11,2,7,0,6.760804255492985,6.695694123394787
ESP-La Liga,2526,Valencia,Diego López,4,2025,146,9694,F M S,34,1781,4,3.476579644717276,4,3.476579644717276,1,2.03228465653956,28,16,2,0,8.334774944931269,3.1896458361297846
ESP-La Liga,2526,Valencia,Dimitri Foulquier,4,2025,146,2509,D S,15,1149,0,0.4250113200396299,0,0.4250113200396299,0,0.2367486469447612,6,6,1,0,4.307144995778799,4.124748399481177
ESP-La Liga,2526,Valencia,Eray Cömert,4,2025,146,10382,D S,17,1341,2,1.5202789390459657,2,1.5202789390459657,1,0.5236826231703162,11,6,3,1,5.98669982329011,4.8674942292273045
ESP-La Liga,2526,Valencia,Filip Ugrinic,4,2025,146,13761,F M S,27,1515,0,0.6209417562931776,0,0.6209417562931776,3,3.7198971258476377,20,24,3,0,6.901665989309549,5.459673470817506
ESP-La Liga,2526,Valencia,Guido Rodríguez,4,2025,146,8267,M S,16,1310,4,0.80956956371665,4,0.80956956371665,0,0.3541121035814285,15,7,4,0,4.893359726294875,4.198376424610615
ESP-La Liga,2526,Valencia,Hugo Duro,4,2025,146,6637,F S,36,1979,10,10.062427267432213,9,8.575872018933296,0,1.7364629544317722,36,17,4,1,11.142762534320354,2.7996803987771277
ESP-La Liga,2526,Valencia,Javier Guerra,4,2025,146,10322,F M S,36,2086,4,3.004997119307518,4,3.004997119307518,6,3.467247355729341,31,31,3,0,11.069295661523938,6.21899560559541
ESP-La Liga,2526,Valencia,Jesús Vázquez,4,2025,146,9217,D S,24,936,0,0.2909505907446146,0,0.2909505907446146,0,1.52333901822567,8,14,2,0,5.841807333752513,4.413359213620424
ESP-La Liga,2526,Valencia,José Gayá,4,2025,146,2505,D S,32,2491,1,0.7618178110569715,1,0.7618178110569715,2,2.337341061793268,13,25,6,1,7.108978026546538,4.710423985496163
ESP-La Liga,2526,Valencia,Julen Agirrezabala,4,2025,146,9824,GK,18,1620,0,0.0,0,0.0,0,0.0134038729593157,0,1,1,0,0.8106938730925322,0.8106938730925322
ESP-La Liga,2526,Valencia,Largie Ramazani,4,2025,146,10975,F M S,27,1200,6,6.468218728899956,3,4.23838584497571,1,2.4562970297411084,51,17,4,0,9.884040178731084,3.9631658289581537
ESP-La Liga,2526,Valencia,Lucas Beltrán,4,2025,146,11900,F S,27,1377,1,4.7564667742699385,1,4.7564667742699385,2,1.9911325313150885,34,14,1,0,9.75975489616394,3.336976980790496
ESP-La Liga,2526,Valencia,Luis Rioja,4,2025,146,7870,D F M S,37,2676,3,2.6316598393023014,3,2.6316598393023014,6,4.349898550659418,44,38,1,0,11.246069345623257,5.814940087497234
ESP-La Liga,2526,Valencia,Mouctar Diakhaby,4,2025,146,5666,D S,8,539,1,0.632166750729084,1,0.632166750729084,0,0.0550495460629463,4,1,3,0,1.056779257953167,1.0017297193408012
ESP-La Liga,2526,Valencia,Pepelu,4,2025,146,2551,D M S,31,2253,2,3.292334547266364,1,1.0625016819685698,0,1.2570957019925115,24,21,4,0,7.367125847376883,6.865758649073541
ESP-La Liga,2526,Valencia,Raba,4,2025,146,5199,F S,13,247,0,0.3700273502618074,0,0.3700273502618074,1,0.3187341094017029,9,2,0,0,0.6549640549346805,0.2562267566099763
ESP-La Liga,2526,Valencia,Renzo Saravia,4,2025,146,14518,D S,5,358,0,0.0165427662432193,0,0.0165427662432193,0,0.0186504311859607,1,1,2,0,0.774496179074049,0.7579534165561199
ESP-La Liga,2526,Valencia,Rubén Iranzo,4,2025,146,10155,S,1,1,0,0.0,0,0.0,0,0.0,0,0,0,0,0.0,0.0
ESP-La Liga,2526,Valencia,Stole Dimitrievski,4,2025,146,2619,GK,20,1800,0,0.0,0,0.0,0,0.0,0,0,1,0,2.704712343402207,2.704712343402207
ESP-La Liga,2526,Valencia,Thierry Correia,4,2025,146,8058,D S,24,1386,0,0.2800837680697441,0,0.2800837680697441,2,1.7092203814536333,5,13,5,0,5.648564742878079,4.133561937138438
ESP-La Liga,2526,Valencia,Unai Núñez,4,2025,146,6149,D S,13,927,0,0.3963765976950526,0,0.3963765976950526,0,0.3761296048760414,9,2,3,0,2.810891135595739,2.466373040340841
ESP-La Liga,2526,Villarreal,Adrià Alti,4,2025,154,11834,S,1,7,0,0.0,0,0.0,0,0.0,0,0,0,0,0.028195347636938,0.028195347636938
ESP-La Liga,2526,Villarreal,Alassane Diatta,4,2025,154,13229,S,1,19,0,0.0,0,0.0,0,0.0,0,0,0,0,0.2692759037017822,0.2692759037017822
ESP-La Liga,2526,Villarreal,Alberto Moleiro,4,2025,154,12160,F M S,38,2535,10,5.6144147682935,10,5.6144147682935,5,5.77781119197607,46,38,5,0,15.232634784653785,5.500843932852149
ESP-La Liga,2526,Villarreal,Alexander Freeman,4,2025,154,14396,D S,10,332,0,0.0165326949208974,0,0.0165326949208974,0,0.0153919970616698,1,1,0,0,2.269592549651861,2.2376678586006165
ESP-La Liga,2526,Villarreal,Alfonso,4,2025,154,2521,D M S,27,1700,1,1.2216445626690984,1,1.2216445626690984,3,4.221796698868275,11,21,8,0,7.652054479345679,4.4062813855707645
ESP-La Liga,2526,Villarreal,Arnau Tenas,4,2025,154,8548,GK,11,990,0,0.0,0,0.0,0,0.0,0,0,0,0,0.7170081175863743,0.7170081175863743
ESP-La Liga,2526,Villarreal,Ayoze Pérez,4,2025,154,770,F S,26,1154,5,5.862349048256874,4,5.119071401655674,4,2.57591051235795,25,17,4,0,8.997008547186852,1.811542371287942
ESP-La Liga,2526,Villarreal,Carlos Macià,4,2025,154,14221,S,5,65,0,0.0231574438512325,0,0.0231574438512325,0,0.0,1,0,1,0,0.0448665767908096,0.0217091329395771
ESP-La Liga,2526,Villarreal,Daniel Parejo,4,2025,154,2378,M S,33,1474,1,0.8934992030262947,0,0.1502215936779976,0,1.7723483508452773,3,25,3,0,7.067310675978661,6.175191489979625
ESP-La Liga,2526,Villarreal,Georges Mikautadze,4,2025,154,8187,F S,33,2155,13,15.062094315886496,13,15.062094315886496,6,4.149701787158847,66,29,1,0,19.971632717177272,2.1160078616812825
ESP-La Liga,2526,Villarreal,Gerard Moreno,4,2025,154,2120,F S,22,1368,10,7.015236139297485,7,4.78540326654911,0,3.00478845089674,39,23,0,0,9.858238596469164,4.95141988992691
ESP-La Liga,2526,Villarreal,Hugo Lopez,4,2025,154,13997,M S,2,57,0,0.0,0,0.0,0,0.0,0,0,0,0,0.0,0.0
ESP-La Liga,2526,Villarreal,Juan Foyth,4,2025,154,6306,D S,13,946,0,0.0737326610833406,0,0.0737326610833406,0,0.0,2,0,2,0,4.523703388869762,4.523703388869762
ESP-La Liga,2526,Villarreal,Logan Costa,4,2025,154,8200,S,2,21,0,0.0,0,0.0,0,0.1427489966154098,0,1,0,0,0.4285685271024704,0.4285685271024704
ESP-La Liga,2526,Villarreal,Luiz Júnior,4,2025,154,12917,GK,28,2520,0,0.0,0,0.0,0,0.0,0,0,3,0,6.171994894742966,6.171994894742966
ESP-La Liga,2526,Villarreal,Manor Solomon,4,2025,154,10716,M S,6,129,1,0.608427070081234,1,0.608427070081234,1,0.471932552754879,2,2,0,0,2.177966743707657,1.168964058160782
ESP-La Liga,2526,Villarreal,Nicolas Pepe,4,2025,154,5656,F M S,37,2497,9,9.80356877669692,7,8.317013502120972,8,8.080096108838916,65,55,4,0,21.613017408177257,7.798260133713484
ESP-La Liga,2526,Villarreal,Pape Alassane Gueye,4,2025,154,8696,M S,31,2280,5,5.21023759432137,4,4.466959962621331,2,2.2214559176936746,48,25,8,0,15.24400033056736,10.280141228809953
ESP-La Liga,2526,Villarreal,Pau Cabanes De La Torre,4,2025,154,13036,S,1,10,0,0.0,0,0.0,0,0.0,0,0,0,0,0.0,0.0
ESP-La Liga,2526,Villarreal,Pau Navarro,4,2025,154,12914,D,24,2034,0,0.0560820512473583,0,0.0560820512473583,0,0.4357209205627441,2,4,4,0,6.9807911813259125,6.582743391394615
ESP-La Liga,2526,Villarreal,Rafa Marín,4,2025,154,10200,D S,23,1975,1,0.2321406872943043,1,0.2321406872943043,0,0.9869795441627502,5,7,1,0,8.320692155510187,7.3985674269497395
ESP-La Liga,2526,Villarreal,Renato Veiga,4,2025,154,11383,D S,33,2553,0,0.1982421772554516,0,0.1982421772554516,0,0.1171861607581377,9,3,5,1,12.081188935786486,11.930671013891695
ESP-La Liga,2526,Villarreal,Santiago Comesaña,4,2025,154,7070,M S,34,2428,3,4.922558205202222,3,4.922558205202222,6,3.088725697249174,27,27,5,1,17.868470140732825,11.845108757726848
ESP-La Liga,2526,Villarreal,Santiago Mouriño,4,2025,154,13003,D S,29,2485,1,1.2299248855561018,1,1.2299248855561018,2,0.8433887027204037,16,9,9,1,10.451558804139497,10.024434583261607
ESP-La Liga,2526,Villarreal,Sergi Cardona,4,2025,154,11744,D S,32,2028,1,1.0293074119836092,1,1.0293074119836092,4,3.018667984753847,18,20,4,0,10.10306180268526,8.429138597100973
ESP-La Liga,2526,Villarreal,Tajon Buchanan,4,2025,154,12322,F M S,35,1873,7,2.74269391130656,7,2.74269391130656,1,2.5965847074985504,27,15,8,0,7.827929214574397,2.7268755370751023
ESP-La Liga,2526,Villarreal,Tani Oluwaseyi,4,2025,154,13996,F S,28,949,2,3.61861627176404,2,3.61861627176404,2,2.047514596953988,16,6,1,0,5.991559530608356,0.396169975399971
ESP-La Liga,2526,Villarreal,Thomas Partey,4,2025,154,2328,M S,26,892,0,0.5110291205346584,0,0.5110291205346584,0,0.3267965614795685,11,8,1,0,3.928447524085641,3.3953940495848656
ESP-La Liga,2526,Villarreal,Willy Kambwala,4,2025,154,12275,D S,2,85,0,0.0,0,0.0,0,0.0,0,0,0,0,0.3595073595643043,0.3595073595643043
ESP-La Liga,2526,Villarreal,Yeremi Pino,4,2025,154,9024,M,2,165,0,0.1250712722539901,0,0.1250712722539901,1,0.8602673262357712,2,6,0,0,2.0280728340148926,1.4558568000793457
FRA-Ligue 1,2526,Angers,Abdoulaye Bamba,5,2025,167,5732,D S,6,255,0,0.0148292882367968,0,0.0148292882367968,0,0.0,1,0,1,0,0.384023517370224,0.3691942393779754
FRA-Ligue 1,2526,Angers,Amine Sbaï,5,2025,167,14131,F M S,25,1865,3,4.347094478085637,3,3.5869993288069963,1,2.760798776522279,34,27,1,1,8.644016150385141,3.04599804058671
FRA-Ligue 1,2526,Angers,Bané Diatta,5,2025,167,14571,S,1,1,0,0.0,0,0.0,0,0.0,0,0,0,0,0.0,0.0
FRA-Ligue 1,2526,Angers,Branco van den Boomen,5,2025,167,10790,M S,15,1254,0,1.0635485812090335,0,0.3034534617327153,1,2.3352177385240798,13,28,3,0,5.750964725390077,4.139429623261094
FRA-Ligue 1,2526,Angers,Carlens Arcus,5,2025,167,5756,D S,26,2053,0,0.2048528864979744,0,0.2048528864979744,3,2.0858899280428886,9,16,7,0,8.311523443087935,7.4888695646077394
FRA-Ligue 1,2526,Angers,Dan Sinaté,5,2025,167,14160,S,3,25,0,0.0591515302658081,0,0.0591515302658081,0,0.0,1,0,0,0,0.0846241191029548,0.0254725851118564
FRA-Ligue 1,2526,Angers,Djibirin Harouna,5,2025,167,14132,M S,15,286,2,1.2620018012821674,2,1.2620018012821674,1,0.6283082962036133,7,4,2,0,1.8520428966730835,0.4525685086846351
FRA-Ligue 1,2526,Angers,Emmanuel Biumla,5,2025,167,12851,D S,9,378,0,0.0490937940776348,0,0.0490937940776348,0,0.0,2,0,0,0,0.2214213348925113,0.1817069798707962
FRA-Ligue 1,2526,Angers,Esteban Lepaul,5,2025,167,12850,F S,34,2761,21,15.734724316745996,18,12.694475065916777,5,3.3852440919727087,87,23,3,0,17.0145684145391,4.0013463869690895
FRA-Ligue 1,2526,Angers,Florent Hanin,5,2025,167,12848,D S,25,857,0,0.0746449474245309,0,0.0746449474245309,0,0.7792584672570229,3,8,0,0,3.0628660544753075,2.31902040168643
FRA-Ligue 1,2526,Angers,Goduine Koyalipou,5,2025,167,13335,F S,13,669,2,3.3784401938319206,1,2.6183450743556023,1,0.304029518738389,22,5,0,0,3.393016342073679,0.8722083270549774
FRA-Ligue 1,2526,Angers,Haris Belkebla,5,2025,167,7732,M,33,2894,0,0.1648719646036625,0,0.1648719646036625,0,0.588433382101357,5,16,7,0,6.914338298141956,6.294488521292806
FRA-Ligue 1,2526,Angers,Himad Abdelli,5,2025,167,10923,M S,21,1075,2,1.9301752112805843,0,0.4099849201738834,0,0.554893160238862,15,9,2,0,6.202800817787647,5.655766012147069
FRA-Ligue 1,2526,Angers,Jacques Ekomie,5,2025,167,10243,D S,32,2242,0,1.0237290244549513,0,1.0237290244549513,0,1.394510144367814,13,12,3,0,4.699804873205721,2.860295772086829
FRA-Ligue 1,2526,Angers,Jim Allevinah,5,2025,167,9645,S,6,110,1,0.7092178463935852,1,0.7092178463935852,0,0.0279313083738088,5,1,0,0,0.8133896142244339,0.0762404650449752
FRA-Ligue 1,2526,Angers,Jordan Lefort,5,2025,167,6895,D,34,3060,0,0.6379672419279814,0,0.6379672419279814,2,0.8968721181154251,11,8,2,0,8.235661486163735,7.759192215278745
FRA-Ligue 1,2526,Angers,Justin-Noel Kalumba,5,2025,167,11494,F M S,4,224,0,0.0164420362561941,0,0.0164420362561941,0,0.2669835407286882,1,4,0,0,0.3195158392190933,0.1083559468388557
FRA-Ligue 1,2526,Angers,Kouakou Herve Koffi,5,2025,167,6015,GK,30,2661,0,0.0,0,0.0,0,0.0,0,0,1,0,4.953274139203131,4.953274139203131
FRA-Ligue 1,2526,Angers,Lanroy Machine,5,2025,167,13612,F S,22,466,1,1.794658513739705,1,1.794658513739705,0,0.187988013960421,15,4,1,0,2.86862790863961,0.990886607207358
FRA-Ligue 1,2526,Angers,Lilian Raolisoa,5,2025,167,11294,D F M S,32,1975,2,1.03963359631598,2,1.03963359631598,4,3.5283372923731804,16,22,3,0,8.350225617177784,4.537761720828712
FRA-Ligue 1,2526,Angers,Louis Mouton,5,2025,167,10295,M S,32,1947,2,3.078808242455125,2,3.078808242455125,1,2.3375241328030825,36,22,2,1,7.97324248123914,3.225932060740888
FRA-Ligue 1,2526,Angers,Marius Courcoul,5,2025,167,13158,M S,18,336,0,0.0531341508030891,0,0.0531341508030891,0,0.1314946906641125,2,3,0,0,0.940909923054278,0.7930673100054264
FRA-Ligue 1,2526,Angers,Marius Louãr,5,2025,167,13159,D S,9,535,0,0.0,0,0.0,0,0.2255099937319755,0,4,1,0,0.7833105176687241,0.6050125956535339
FRA-Ligue 1,2526,Angers,Melvin Zinga,5,2025,167,12849,GK S,3,219,0,0.0,0,0.0,0,0.0,0,0,0,0,0.3656762950122356,0.3656762950122356
FRA-Ligue 1,2526,Angers,Oumar Pona,5,2025,167,13798,GK,2,180,0,0.0,0,0.0,0,0.0,0,0,1,0,0.4477007836103439,0.4477007836103439
FRA-Ligue 1,2526,Angers,Ousmane Camara,5,2025,167,11016,D S,32,2724,1,0.6418565474450588,1,0.6418565474450588,0,0.2501995433121919,13,4,3,0,7.059348467737436,6.810051258653402
FRA-Ligue 1,2526,Angers,Pierrick Capelle,5,2025,167,3495,M S,16,643,0,0.7181477919220924,0,0.7181477919220924,1,0.6064471378922462,10,6,2,0,2.7191668786108494,1.6408849731087685
FRA-Ligue 1,2526,Angers,Prosper Peter,5,2025,167,13604,F S,29,1257,5,6.074337815865874,5,6.074337815865874,0,0.8983762171119452,23,11,0,0,7.393127646297216,0.566795882768929
FRA-Ligue 1,2526,Angers,Sidiki Chérif,5,2025,167,12847,F M S,19,1187,4,2.8283863738179207,4,2.8283863738179207,0,0.6020375601947308,28,5,3,0,5.694960653781891,2.5473209153860807
FRA-Ligue 1,2526,Angers,Yassin Belkhdim,5,2025,167,10517,M S,27,2175,2,2.30356415361166,2,2.30356415361166,2,1.5286035342141986,33,15,5,0,7.509297637268901,4.55259077064693
FRA-Ligue 1,2526,Auxerre,Assane Diousse,5,2025,275,1326,M S,15,187,0,0.1560398302972316,0,0.1560398302972316,0,0.1471826359629631,4,3,3,0,0.8970118267461658,0.7924451166763902
FRA-Ligue 1,2526,Auxerre,Bryan Okoh,5,2025,275,14408,D S,13,1005,3,0.9676289018243552,3,0.9676289018243552,0,0.2563950940966606,8,3,2,0,1.8299480453133583,1.6139809861779213
FRA-Ligue 1,2526,Auxerre,Clément Akpa,5,2025,275,12824,D S,26,1940,0,0.2357997857034206,0,0.2357997857034206,0,0.4232827648520469,6,9,2,1,2.524600649252534,2.4244638979434967
FRA-Ligue 1,2526,Auxerre,Danny Namaso,5,2025,275,13888,F M S,30,2544,3,7.317179087549448,3,7.317179087549448,3,3.9502968033775687,61,32,9,0,11.781863667070866,4.277199324220419
FRA-Ligue 1,2526,Auxerre,Donovan Léon,5,2025,275,7735,GK,29,2465,0,0.0,0,0.0,0,0.0648864954710006,0,1,1,2,1.6310187000781298,1.5661322008818388
FRA-Ligue 1,2526,Auxerre,Elisha Owusu,5,2025,275,6333,M S,29,2366,0,0.1431004349142313,0,0.1431004349142313,0,1.0085062738507986,7,12,7,0,5.528114141896367,4.889742797240615
FRA-Ligue 1,2526,Auxerre,Francisco Sierralta,5,2025,275,7081,D S,10,869,1,0.7252583894878626,1,0.7252583894878626,0,0.0387212000787258,7,1,2,0,1.4416037444025278,1.4416037444025278
FRA-Ligue 1,2526,Auxerre,Fredrik Oppegård,5,2025,275,13407,D M S,23,1238,0,0.5601710639894009,0,0.5601710639894009,0,0.6256506145000458,10,11,1,1,2.55569008924067,1.6407343791797755
FRA-Ligue 1,2526,Auxerre,Gabriel Osho,5,2025,275,12151,D,2,139,0,0.0,0,0.0,0,0.0,0,0,0,0,0.650982778519392,0.650982778519392
FRA-Ligue 1,2526,Auxerre,Gideon Mensah,5,2025,275,9807,D S,30,2353,0,0.0131184523925185,0,0.0131184523925185,2,1.6474777832627296,1,17,8,0,5.018066395074129,4.069401972927153
FRA-Ligue 1,2526,Auxerre,Ibrahim Osman,5,2025,275,13792,F M S,14,631,0,1.9371187165379524,0,1.9371187165379524,2,1.1821768693625927,18,7,0,0,3.7771418634802094,1.6237635500729084
FRA-Ligue 1,2526,Auxerre,Josué Casimir,5,2025,275,11789,D F M S,31,1509,1,2.738457161933184,1,1.9783619977533815,0,1.4077786430716517,22,10,4,1,5.288893414661288,2.5423824563622475
FRA-Ligue 1,2526,Auxerre,Kévin Danois,5,2025,275,10818,M S,33,2852,3,2.123984556645155,3,2.123984556645155,1,4.617172429338098,25,52,3,0,9.194329353049396,5.501396361738443
FRA-Ligue 1,2526,Auxerre,Lamine Sy,5,2025,275,13793,D S,24,1519,0,1.06524639390409,0,1.06524639390409,0,1.4679450262337923,13,13,1,0,4.671046022325754,2.8898561857640743
FRA-Ligue 1,2526,Auxerre,Lassine Sinayoko,5,2025,275,10815,F M,32,2811,12,13.613020814955236,9,10.57264032587409,4,4.946237799711525,93,40,8,0,15.242396891117096,3.0789404874667525
FRA-Ligue 1,2526,Auxerre,Lasso Coulibaly,5,2025,275,12826,M S,17,271,0,0.2644320409744978,0,0.2644320409744978,0,0.2651809938251972,3,4,1,0,0.4808667823672294,0.1118076220154762
FRA-Ligue 1,2526,Auxerre,Mamoudou Cissokho,5,2025,275,14228,S,2,2,0,0.0,0,0.0,0,0.0,0,0,0,0,0.0,0.0
FRA-Ligue 1,2526,Auxerre,Marvin Senaya,5,2025,275,9092,D S,25,1796,1,1.403174713253975,1,1.403174713253975,0,0.2376676574349403,15,6,6,0,2.581851320341229,2.269769674167037
FRA-Ligue 1,2526,Auxerre,Naouirou Ahamada,5,2025,275,9274,M S,15,676,0,0.42560575902462,0,0.42560575902462,1,0.436866957694292,6,6,0,0,1.4489535465836525,0.5864808410406113
FRA-Ligue 1,2526,Auxerre,Oussama El Azzouzi,5,2025,275,11962,D M S,11,821,1,0.6952410852536559,1,0.6952410852536559,0,0.5211914069950581,5,9,1,1,1.5860830247402191,0.8512548767030239
FRA-Ligue 1,2526,Auxerre,Romain Faivre,5,2025,275,6420,F M S,10,592,0,0.4254572987556457,0,0.4254572987556457,2,1.0503338649868963,11,10,0,0,0.9647739827632904,0.6326931342482567
FRA-Ligue 1,2526,Auxerre,Rudy Matondo,5,2025,275,13577,D M S,27,1333,2,1.8190970439463852,2,1.8190970439463852,0,0.2419236395508051,13,5,4,1,3.063255394808948,2.4010575069114566
FRA-Ligue 1,2526,Auxerre,Ryan Rodin,5,2025,275,14081,S,3,16,0,0.0,0,0.0,0,0.0,0,0,0,0,0.0844174921512603,0.0844174921512603
FRA-Ligue 1,2526,Auxerre,Sinaly Diomande,5,2025,275,8703,D,24,2138,2,2.9510611221194267,2,2.9510611221194267,2,0.5142716225236654,9,5,2,1,2.522182999178767,2.470422202721238
FRA-Ligue 1,2526,Auxerre,Sékou Mara,5,2025,275,8970,F S,27,1231,3,3.05426874384284,3,3.05426874384284,2,1.0970151722431185,33,9,0,0,5.127975841984153,1.3498488226905463
FRA-Ligue 1,2526,Auxerre,Telli Siwe,5,2025,275,13596,D,4,320,0,0.0661855973303318,0,0.0661855973303318,0,0.0386768914759159,2,1,0,0,0.061690067872405,0.0230131763964891
FRA-Ligue 1,2526,Auxerre,Theo Bair,5,2025,275,12825,S,2,4,0,0.0,0,0.0,0,0.0,0,0,0,0,0.0,0.0
FRA-Ligue 1,2526,Auxerre,Théo De Percin,5,2025,275,11250,GK S,8,589,0,0.0,0,0.0,0,0.0,0,0,0,0,0.2186872474849224,0.2186872474849224
FRA-Ligue 1,2526,Auxerre,Tidiane Devernois,5,2025,275,14103,S,2,2,0,0.0,0,0.0,0,0.1240701107308268,0,2,0,0,0.0082670329138636,0.0082670329138636
FRA-Ligue 1,2526,Auxerre,Yvan Zaddy,5,2025,275,14163,S,1,1,0,0.0,0,0.0,0,0.0,0,0,0,0,0.0,0.0
FRA-Ligue 1,2526,Brest,Axel Camblan,5,2025,241,9826,S,1,6,0,0.0,0,0.0,0,0.0274760853499174,0,1,0,0,0.1070601195096969,0.1070601195096969
FRA-Ligue 1,2526,Brest,Bradley Locko,5,2025,241,9659,D S,21,1281,0,0.0710438583046197,0,0.0710438583046197,2,1.333613121882081,2,8,0,0,3.9428437734022737,3.614086621440947
FRA-Ligue 1,2526,Brest,Brendan Chardonnet,5,2025,241,7736,D,29,2555,1,1.0160756586119533,1,1.0160756586119533,3,2.5328441374003887,12,10,6,0,6.095753340050578,5.317027410492301
FRA-Ligue 1,2526,Brest,Daouda Guindo,5,2025,241,13968,D S,25,1689,1,1.0396253047510982,1,1.0396253047510982,1,0.8110729418694973,21,9,4,1,3.2362389899790287,2.005129542201757
FRA-Ligue 1,2526,Brest,Eric Junior Dina Ebimbe,5,2025,241,7562,D F M S,27,1161,5,4.377322880551219,5,4.377322880551219,0,1.1943688429892063,27,8,3,0,5.206158727407456,1.4347593672573566
FRA-Ligue 1,2526,Brest,Grégoire Coudert,5,2025,241,9616,GK S,25,2188,0,0.0,0,0.0,0,0.0,0,0,2,0,1.60645292699337,1.60645292699337
FRA-Ligue 1,2526,Brest,Hamidou Makalou,5,2025,241,13552,M S,17,292,0,0.1326363990083336,0,0.1326363990083336,0,1.1064399033784866,4,7,0,0,2.010116720572114,1.7905622133985162
FRA-Ligue 1,2526,Brest,Hugo Magnetti,5,2025,241,5742,M S,33,2721,1,0.59883688762784,1,0.59883688762784,1,1.2192494422197342,22,17,4,0,8.628967057913542,7.482888407073915
FRA-Ligue 1,2526,Brest,Ibrahim Kanté,5,2025,241,12962,S,1,6,0,0.0,0,0.0,0,0.0,0,0,0,0,0.0,0.0
FRA-Ligue 1,2526,Brest,Joris Chotard,5,2025,241,7739,M S,33,2790,2,1.2767780357971787,2,1.2767780357971787,1,0.5311056403443217,25,11,2,0,9.970360890962183,8.666880403645337
FRA-Ligue 1,2526,Brest,Julien Le Cardinal,5,2025,241,11259,D S,5,323,1,0.4954712763428688,1,0.4954712763428688,0,0.0292062759399414,5,1,1,0,0.3809934593737125,0.0494261644780635
FRA-Ligue 1,2526,Brest,Justin Bourgault,5,2025,241,13388,S,1,12,0,0.0337523818016052,0,0.0337523818016052,0,0.0,1,0,0,0,0.0337523818016052,0.0
FRA-Ligue 1,2526,Brest,Kamory Doumbia,5,2025,241,10100,F M S,24,1805,5,4.997975110076368,5,4.997975110076368,4,4.44614515081048,43,27,6,0,12.94832083582878,4.904536673799157
FRA-Ligue 1,2526,Brest,Kenny Lala,5,2025,241,5975,D S,32,2793,0,0.2368002831935882,0,0.2368002831935882,3,3.7020830307155848,8,26,4,0,10.935884578153493,8.608638597652316
FRA-Ligue 1,2526,Brest,Luc Zogbe,5,2025,241,12258,D S,9,281,0,0.0479104351252317,0,0.0479104351252317,0,0.0833600759506225,3,1,0,0,1.5539409331977367,1.5539409331977367
FRA-Ligue 1,2526,Brest,Lucas Tousart,5,2025,241,3743,D M S,24,820,1,0.6973812971264124,1,0.6973812971264124,0,0.4796754773706198,8,4,0,0,2.1092285737395287,1.305947981774807
FRA-Ligue 1,2526,Brest,Ludovic Ajorque,5,2025,241,6905,F,32,2834,8,9.856391444802284,8,9.856391444802284,9,3.817546840757132,55,41,9,1,16.418825870379806,5.105777461081743
FRA-Ligue 1,2526,Brest,Mama Baldé,5,2025,241,7747,F M S,18,712,2,2.966491736471653,2,2.966491736471653,2,0.4717954136431217,31,7,0,0,3.534056179225445,0.7337474254891276
FRA-Ligue 1,2526,Brest,Michel Diaz,5,2025,241,11061,D S,20,1555,0,0.8775945119559765,0,0.8775945119559765,0,0.0303069576621055,7,1,4,0,2.8094221614301205,2.2683826945722103
FRA-Ligue 1,2526,Brest,Pathé Mboup,5,2025,241,14052,M S,28,1028,1,3.5491064712405205,1,3.5491064712405205,0,1.455665335059166,23,9,6,0,7.232004079967737,2.2468214193359017
FRA-Ligue 1,2526,Brest,Pierre Lees-Melou,5,2025,241,5619,M S,24,1971,1,1.580171943642199,1,1.580171943642199,3,2.861335970461369,31,19,5,1,8.927949897944927,6.179184839129448
FRA-Ligue 1,2526,Brest,Radoslaw Majecki,5,2025,241,8641,GK,10,868,0,0.0,0,0.0,0,0.0,0,0,0,1,0.7219709865748882,0.7219709865748882
FRA-Ligue 1,2526,Brest,Raphaël Le Guen,5,2025,241,13283,D S,6,365,0,0.2512061223387718,0,0.2512061223387718,0,0.0,4,0,0,0,0.8646828979253769,0.8646828979253769
FRA-Ligue 1,2526,Brest,Remy Labeau Lascary,5,2025,241,11065,F M S,27,1177,5,5.339445449411869,5,5.339445449411869,1,2.657169260084629,34,13,2,0,8.572859641164541,1.6721731591969728
FRA-Ligue 1,2526,Brest,Romain Del Castillo,5,2025,241,3721,F M,32,2686,9,8.386032570153475,3,2.3052715435624123,3,6.569920150563121,34,55,2,1,12.779396329075098,6.169922332279384
FRA-Ligue 1,2526,Brest,Serigne Diop,5,2025,241,13024,S,2,2,0,0.0950392112135887,0,0.0950392112135887,0,0.0,1,0,0,0,0.0,0.0
FRA-Ligue 1,2526,Brest,Soumaila Coulibaly,5,2025,241,10467,D S,16,1343,0,0.2997979279607534,0,0.2997979279607534,0,0.0143665354698896,6,1,3,0,3.665989134460688,3.665989134460688
FRA-Ligue 1,2526,Le Havre,Abdoulaye Touré,5,2025,282,3674,M S,11,740,2,1.529643937945366,2,0.769548799842596,0,0.1853813733905553,13,3,2,0,2.433296410366893,1.6395775396376848
FRA-Ligue 1,2526,Le Havre,Arouna Sangante,5,2025,282,11788,D,28,2357,1,0.4403181094676256,1,0.4403181094676256,1,0.4031094592064619,9,10,4,2,5.05374320782721,4.814039522781968
FRA-Ligue 1,2526,Le Havre,Ayumu Seko,5,2025,282,13742,D M S,30,2629,0,0.9660781314596534,0,0.9660781314596534,0,0.4601332331076264,17,10,6,0,6.02835941594094,5.555001525208354
FRA-Ligue 1,2526,Le Havre,Damián Pizarro,5,2025,282,13049,S,2,15,0,0.0,0,0.0,0,0.0,0,0,0,0,0.0123843951150774,0.0123843951150774
FRA-Ligue 1,2526,Le Havre,Daren Mosengo,5,2025,282,12731,S,7,90,0,0.0,0,0.0,0,0.0,0,0,0,0,0.168661069124937,0.168661069124937
FRA-Ligue 1,2526,Le Havre,Enzo Koffi,5,2025,282,14083,D S,14,370,0,0.3517147842794657,0,0.3517147842794657,0,0.2414804548025131,4,4,2,0,1.2503153309226036,1.0184170790016651
FRA-Ligue 1,2526,Le Havre,Felix Mambimbi,5,2025,282,13744,F M S,17,515,1,0.5050474088639021,1,0.5050474088639021,0,0.6854475047439337,5,7,1,0,1.5925639206543565,0.5822047553956509
FRA-Ligue 1,2526,Le Havre,Fodé Doucouré,5,2025,282,8684,F M S,26,1271,3,2.584720955230296,3,2.584720955230296,1,2.5097016375511885,20,18,2,0,7.345032512210309,2.81273215636611
FRA-Ligue 1,2526,Le Havre,Gautier Lloris,5,2025,282,3701,D S,29,2397,1,1.2026095436885953,1,1.2026095436885953,1,1.0743397623300552,12,4,1,1,4.047221319749951,3.9577493350952864
FRA-Ligue 1,2526,Le Havre,Georges Gomis,5,2025,282,13746,S,1,1,0,0.0,0,0.0,0,0.0,0,0,0,0,0.0,0.0
FRA-Ligue 1,2526,Le Havre,Godson Kyeremeh,5,2025,282,13743,F S,13,350,1,0.9026919268071651,1,0.9026919268071651,1,0.4994545765221119,6,5,0,0,1.3432015217840672,0.5874974466860294
FRA-Ligue 1,2526,Le Havre,Issa Soumaré,5,2025,282,11792,F M S,34,2942,8,14.245313878171146,7,11.965028430335224,5,4.380414232611656,77,29,3,0,16.239788457751274,3.462058510631323
FRA-Ligue 1,2526,Le Havre,Kenny Quetant,5,2025,282,14241,F S,9,378,1,0.9725517965853214,1,0.9725517965853214,0,0.0230902209877967,8,1,1,0,0.5541733372956514,0.1824631877243518
FRA-Ligue 1,2526,Le Havre,Lionel Mpasi,5,2025,282,13745,GK S,4,308,0,0.0,0,0.0,0,0.0,0,0,1,0,0.0,0.0
FRA-Ligue 1,2526,Le Havre,Loïc Négo,5,2025,282,11787,D M S,30,2339,0,0.5308519587852061,0,0.5308519587852061,0,1.5366831179708242,16,15,3,0,4.094172183424234,3.173476282507181
FRA-Ligue 1,2526,Le Havre,Lucas Gourna Douath,5,2025,282,8372,M S,15,1275,0,0.2040942274034023,0,0.2040942274034023,0,0.1832763087004423,9,6,5,0,2.2300780918449163,1.9834622982889412
FRA-Ligue 1,2526,Le Havre,Mbwana Samatta,5,2025,282,8287,F S,27,1550,2,5.862232429906726,2,5.862232429906726,1,1.9108041394501925,42,18,4,0,7.997209070250392,1.7263006046414375
FRA-Ligue 1,2526,Le Havre,Mory Diaw,5,2025,282,10780,GK,30,2662,0,0.0,0,0.0,1,0.2680368945002556,0,3,1,0,4.21309878397733,3.9779294030740857
FRA-Ligue 1,2526,Le Havre,Noam Obougou,5,2025,282,14229,S,5,84,1,0.1607356611639261,1,0.1607356611639261,0,0.0,4,0,0,0,0.1486101411283016,0.0
FRA-Ligue 1,2526,Le Havre,Paul Argney,5,2025,282,12467,GK,1,90,0,0.0,0,0.0,0,0.0,0,0,0,0,0.0,0.0
FRA-Ligue 1,2526,Le Havre,Rassoul Ndiaye,5,2025,282,11790,F M S,33,2600,4,3.080671327188611,4,3.080671327188611,4,2.7814114429056644,34,29,2,0,9.35743105225265,4.941063133999705
FRA-Ligue 1,2526,Le Havre,Reda Khadra,5,2025,282,9250,F S,8,208,0,0.255093090236187,0,0.255093090236187,0,0.3646051771938801,6,6,0,0,0.3439607117325067,0.082182053476572
FRA-Ligue 1,2526,Le Havre,Simon Ebonog,5,2025,282,12446,M S,30,1775,1,1.9645931422710416,1,1.9645931422710416,0,0.3390792347490787,22,7,8,0,3.289260070770979,1.3946211924776435
FRA-Ligue 1,2526,Le Havre,Sofiane Boufal,5,2025,282,1734,F M S,17,1050,1,1.5026695374399424,1,0.7425743956118822,4,3.634537594392896,19,27,2,0,5.128283802419901,1.9721620082855225
FRA-Ligue 1,2526,Le Havre,Stephan Zagadou,5,2025,282,13548,D S,8,503,1,0.100525863468647,1,0.100525863468647,0,0.1055814241990447,1,2,0,1,0.8398977145552635,0.8263909742236137
FRA-Ligue 1,2526,Le Havre,Thomas Delaine,5,2025,282,7765,D M S,5,200,0,0.0810187254101038,0,0.0810187254101038,0,0.2349496707320213,3,3,0,0,0.5613143611699343,0.530651330947876
FRA-Ligue 1,2526,Le Havre,Timothee Pembele,5,2025,282,8701,D S,14,354,0,0.2248245291411876,0,0.2248245291411876,0,0.0487215127795934,4,2,2,0,0.3499179538339376,0.3063123635947704
FRA-Ligue 1,2526,Le Havre,Yanis Zouaoui,5,2025,282,12732,D M S,30,2380,1,1.2848391653969884,0,0.524744008667767,1,3.175815327093005,16,36,7,0,6.167215092107654,5.196353107690811
FRA-Ligue 1,2526,Le Havre,Yassine Kechta,5,2025,282,11795,F M S,30,1343,2,1.540558686479926,2,1.540558686479926,1,1.839314803481102,21,15,3,0,5.696476763114333,2.616341471672058
FRA-Ligue 1,2526,Le Havre,Younes Namli,5,2025,282,7649,F M S,12,300,0,0.1397290034219622,0,0.1397290034219622,1,0.4426164589822292,4,2,2,0,0.6029007220640779,0.4048599619418382
FRA-Ligue 1,2526,Le Havre,Étienne Youté,5,2025,282,11796,D M S,9,415,0,0.0,0,0.0,0,0.0365060158073902,0,1,2,0,0.8774306029081345,0.8409245871007442
FRA-Ligue 1,2526,Lens,Abdallah Sima,5,2025,210,11046,D F M S,21,693,2,3.332493230700493,2,3.332493230700493,2,0.7596801817417145,30,10,3,0,5.5135756358504295,1.938925914466381
FRA-Ligue 1,2526,Lens,Adrien Thomasson,5,2025,210,3549,M S,32,2714,3,6.460448982194066,3,6.460448982194066,9,8.477983359247446,43,80,11,0,23.375807873904705,13.438357058912516
FRA-Ligue 1,2526,Lens,Allan Saint-Maximin,5,2025,210,101,M S,10,380,3,1.4870970454066992,3,1.4870970454066992,3,2.0143274627625942,21,19,1,0,5.06191750895232,2.14484291523695
FRA-Ligue 1,2526,Lens,Amadou Haidara,5,2025,210,7501,M S,7,241,1,0.3569767819717526,1,0.3569767819717526,1,0.1644637584686279,2,2,0,0,1.0245064916089175,0.5030659437179565
FRA-Ligue 1,2526,Lens,Andrija Bulatovic,5,2025,210,13733,M S,19,720,0,0.9166814982891084,0,0.9166814982891084,4,2.8796335868537426,11,16,2,0,4.078927747905254,2.6556012630462646
FRA-Ligue 1,2526,Lens,Andy Diouf,5,2025,210,9523,M,1,90,0,0.1755841225385666,0,0.1755841225385666,0,0.0,3,0,0,0,0.2758803963661194,0.1002962738275528
FRA-Ligue 1,2526,Lens,Anthony Bermont,5,2025,210,12344,S,10,68,0,0.1944949701428413,0,0.1944949701428413,0,0.0,4,0,0,0,1.239801548421383,1.0453065782785416
FRA-Ligue 1,2526,Lens,Arthur Masuaku,5,2025,210,1760,D S,4,235,0,0.0112900361418724,0,0.0112900361418724,0,0.0515531189739704,1,2,1,0,2.171033039689064,2.159743085503578
FRA-Ligue 1,2526,Lens,Deiver Machado,5,2025,210,9632,D M S,19,1201,0,0.9087755605578424,0,0.9087755605578424,1,1.3946983963251114,13,7,3,0,4.014362066984177,1.735212780535221
FRA-Ligue 1,2526,Lens,Erawan Garnier,5,2025,210,14357,S,1,2,0,0.0,0,0.0,0,0.0981142669916153,0,1,0,0,0.0981142669916153,0.0
FRA-Ligue 1,2526,Lens,Florian Sotoca,5,2025,210,3348,F M S,26,458,1,0.7197620361112058,1,0.7197620361112058,0,0.9359718095511198,13,7,1,0,4.370859146118164,3.1931214928627014
FRA-Ligue 1,2526,Lens,Florian Thauvin,5,2025,210,942,M S,33,2510,11,12.10416847653687,9,9.82388306595385,6,9.864261759445071,74,80,6,0,25.550733275711536,11.329093262553217
FRA-Ligue 1,2526,Lens,Fodé Sylla,5,2025,210,11952,M S,4,94,0,0.0,0,0.0,0,0.033555407077074,0,1,0,0,0.4241098240017891,0.3905544206500053
FRA-Ligue 1,2526,Lens,Jonathan Gradit,5,2025,210,7206,D,9,810,0,0.10594142973423,0,0.10594142973423,0,0.0885385647416114,2,2,2,0,2.78721896186471,2.739480827003717
FRA-Ligue 1,2526,Lens,Kyllian Antonio,5,2025,210,13141,D S,4,183,0,0.0487033985555172,0,0.0487033985555172,1,0.2253687977790832,1,1,1,0,0.4417223110795021,0.2163535133004188
FRA-Ligue 1,2526,Lens,Malang Sarr,5,2025,210,5648,D,33,2933,0,1.7760464074090123,0,1.7760464074090123,1,0.4707724899053573,23,6,4,0,15.254046250134706,14.718481972813606
FRA-Ligue 1,2526,Lens,Mamadou Sangaré,5,2025,210,13917,M S,29,2347,3,3.285702032968402,3,3.285702032968402,4,2.838592778891325,53,37,5,0,18.11810380127281,13.861056490801277
FRA-Ligue 1,2526,Lens,Mathieu Gorgelin,5,2025,210,3283,GK,1,90,0,0.0,0,0.0,0,0.0,0,0,0,0,0.0476509667932987,0.0476509667932987
FRA-Ligue 1,2526,Lens,Matthieu Udol,5,2025,210,5745,D S,34,3000,1,4.393044971395284,1,4.393044971395284,7,11.901465432718396,47,55,2,0,20.10867326706648,10.899186950176954
FRA-Ligue 1,2526,Lens,Mezian Soares,5,2025,210,14608,S,1,10,1,0.1069712117314338,1,0.1069712117314338,0,0.0781174078583717,1,1,0,0,0.1850886195898056,0.0
FRA-Ligue 1,2526,Lens,Morgan Guilavogui,5,2025,210,11762,M S,16,444,1,1.7886713072657583,1,1.7886713072657583,0,1.1636604741215706,10,11,3,1,4.216861076653004,2.2034296356141567
FRA-Ligue 1,2526,Lens,Nidal Celik,5,2025,210,13432,D,8,637,0,0.1184364110231399,0,0.1184364110231399,0,0.0,1,0,2,0,1.7790353894233704,1.7790353894233704
FRA-Ligue 1,2526,Lens,Odsonne Edouard,5,2025,210,3697,F S,29,1879,12,13.342069167643784,11,12.581974048167467,3,2.0989868957549334,60,20,1,0,15.112782396376131,3.2517467588186264
FRA-Ligue 1,2526,Lens,Pierre Ganiou,5,2025,210,11142,D S,23,2018,3,2.156112081371248,3,2.156112081371248,0,0.5016434397548437,23,9,2,1,10.864848166704178,10.46088870614767
FRA-Ligue 1,2526,Lens,Rayan Fofana,5,2025,210,13506,F M S,25,759,5,6.315318438224495,5,6.315318438224495,0,0.3365894369781017,36,5,0,0,7.498886909335852,1.428857408463955
FRA-Ligue 1,2526,Lens,Robin Risser,5,2025,210,10769,GK,33,2970,0,0.0,0,0.0,1,0.0707157272845506,0,2,2,0,5.969834169372916,5.8991184420883656
FRA-Ligue 1,2526,Lens,Ruben Aguilar,5,2025,210,6006,D S,26,1751,2,1.0442059729248283,2,1.0442059729248283,2,3.235480770468712,13,26,4,1,10.672712955623863,8.755061404779553
FRA-Ligue 1,2526,Lens,Samson Baidoo,5,2025,210,13732,D S,23,1823,2,2.39372334536165,2,2.39372334536165,1,0.4557065162807703,16,3,2,0,6.110715292394161,5.60930996760726
FRA-Ligue 1,2526,Lens,Saud Abdulhamid,5,2025,210,13053,D S,25,1335,2,1.1027701515704391,2,1.1027701515704391,4,2.749265618622303,8,23,4,1,8.15099280513823,4.640084641054273
FRA-Ligue 1,2526,Lens,Wesley Said,5,2025,210,3799,M S,29,2061,12,12.056348741054537,11,11.296253591775894,2,5.918922264128923,60,27,2,0,20.721070244908333,7.559701979160309
FRA-Ligue 1,2526,Lille,Aissa Mandi,5,2025,160,3237,D S,29,2432,1,0.8599839098751545,1,0.8599839098751545,0,1.0037057306617498,14,10,8,0,10.866545291617513,10.554649014025928
FRA-Ligue 1,2526,Lille,Alexsandro Ribeiro,5,2025,160,10810,D S,9,511,0,0.2516534775495529,0,0.2516534775495529,0,0.0,7,0,0,1,3.515724942088127,3.515724942088127
FRA-Ligue 1,2526,Lille,André Gomes,5,2025,160,2383,S,2,4,0,0.0,0,0.0,0,0.0,0,0,0,0,0.1375834643840789,0.1375834643840789
FRA-Ligue 1,2526,Lille,Arnaud Bodart,5,2025,160,13785,GK S,3,218,0,0.0,0,0.0,0,0.0,0,0,0,0,0.4509392380714416,0.4509392380714416
FRA-Ligue 1,2526,Lille,Ayyoub Bouaddi,5,2025,160,12162,D M S,30,2354,0,1.0655275946483016,0,1.0655275946483016,1,2.003947176970541,16,21,7,1,12.056816457770765,10.517980525270104
FRA-Ligue 1,2526,Lille,Benjamin André,5,2025,160,3223,M S,27,2328,2,2.5734788700938225,2,2.5734788700938225,2,1.9330890672281384,27,23,9,0,11.715144013985991,9.41398911178112
FRA-Ligue 1,2526,Lille,Berke Özer,5,2025,160,13781,GK,32,2842,0,0.0,0,0.0,1,0.082175962626934,0,3,5,0,6.718440880998969,6.654093122109771
FRA-Ligue 1,2526,Lille,Calvin Verdonk,5,2025,160,14048,D S,18,785,0,0.0447092773392796,0,0.0447092773392796,0,0.6956469472497702,3,8,3,1,3.652131300419569,3.151029270142317
FRA-Ligue 1,2526,Lille,Chancel Mbemba,5,2025,160,849,D S,13,949,0,0.3366753682494163,0,0.3366753682494163,0,0.5853789737448096,7,4,3,0,4.433986961841583,4.335267826914787
FRA-Ligue 1,2526,Lille,Ethan Mbappé,5,2025,160,12066,F M S,18,530,3,1.8669115900993347,3,1.8669115900993347,1,1.4914258159697056,14,15,1,0,3.409807451069355,1.0010536201298237
FRA-Ligue 1,2526,Lille,Felix Correia,5,2025,160,9444,M S,34,2124,4,5.806952535174787,4,5.806952535174787,5,5.867727227509022,37,39,2,0,18.30624265410006,9.31839063204825
FRA-Ligue 1,2526,Lille,Gaetan Perrin,5,2025,160,3285,F M S,12,314,1,0.6199672203511,1,0.6199672203511,0,1.1194870546460152,7,10,2,0,2.49208552390337,1.150658831000328
FRA-Ligue 1,2526,Lille,Hamza Igamane,5,2025,160,13976,F S,13,406,5,3.7606138456612825,5,3.7606138456612825,1,0.6632731482386589,24,4,2,0,6.564457813277841,2.366913989186287
FRA-Ligue 1,2526,Lille,Hákon Haraldsson,5,2025,160,11757,F M S,32,2517,8,8.196693381294608,8,8.196693381294608,2,4.53067035600543,50,53,6,0,18.88669960573316,9.129945868626235
FRA-Ligue 1,2526,Lille,Marius Broholm,5,2025,160,13783,M S,11,269,1,0.9693003743886948,0,0.2092052325606346,1,0.5659592226147652,4,8,0,0,0.7709199376404285,0.401414081454277
FRA-Ligue 1,2526,Lille,Matias Fernandez-Pardo,5,2025,160,13051,F M S,29,2408,8,11.11183587089181,6,9.591645512729883,5,4.855040938593447,68,36,5,0,16.976635068655014,6.166970239020884
FRA-Ligue 1,2526,Lille,Maxima Goffi,5,2025,160,13784,S,1,33,0,0.0,0,0.0,0,0.0,0,0,0,0,0.170015349984169,0.170015349984169
FRA-Ligue 1,2526,Lille,Nabil Bentaleb,5,2025,160,914,M S,26,1253,2,1.2046611299738288,1,0.4445659844204783,2,1.771717581897974,18,12,3,0,10.07475517038256,8.462944879196584
FRA-Ligue 1,2526,Lille,Nathan Ngoy,5,2025,160,13782,D S,29,2397,1,1.562451058998704,1,1.562451058998704,2,1.2294035255908966,22,4,10,1,10.76134012453258,10.554853018373253
FRA-Ligue 1,2526,Lille,Ngal'ayel Mukau,5,2025,160,12800,M S,30,1548,1,2.5761082526296377,1,2.5761082526296377,0,0.5113314716145396,20,13,3,0,6.840969190001488,5.0014454033225775
FRA-Ligue 1,2526,Lille,Noah Edjouma,5,2025,160,12330,F M S,15,319,0,0.6705907993018627,0,0.6705907993018627,0,0.4905140548944473,10,7,0,0,1.5204327329993248,0.512029554694891
FRA-Ligue 1,2526,Lille,Olivier Giroud,5,2025,160,502,F S,30,1610,7,8.869264025241137,4,5.828883409500122,1,1.851565897464752,41,18,2,0,9.002260066568851,2.159651977941394
FRA-Ligue 1,2526,Lille,Osame Sahraoui,5,2025,160,12801,M S,18,471,1,1.278020929545164,1,1.278020929545164,2,0.8066076152026653,12,9,0,0,4.35419411957264,2.556916333734989
FRA-Ligue 1,2526,Lille,Ousmane Touré,5,2025,160,11758,D,1,57,0,0.0,0,0.0,0,0.0,0,0,0,0,0.1789066791534423,0.1789066791534423
FRA-Ligue 1,2526,Lille,Romain Perraud,5,2025,160,6500,D S,30,2262,3,1.604667505249381,3,1.604667505249381,4,4.023106466047466,33,37,4,1,11.817956924438477,8.654695246368647
FRA-Ligue 1,2526,Lille,Soriba Diaoune,5,2025,160,13471,M S,10,160,1,0.9795868322253228,1,0.9795868322253228,1,0.2010346315801143,10,5,0,0,1.3917466141283512,0.5611154288053513
FRA-Ligue 1,2526,Lille,Thomas Meunier,5,2025,160,5680,D S,25,1911,2,1.4096983447670937,2,1.4096983447670937,2,2.757778810337186,19,18,3,0,10.962973842397332,8.176924237981439
FRA-Ligue 1,2526,Lille,Tiago Santos,5,2025,160,11756,D S,15,714,0,0.5296922102570534,0,0.5296922102570534,0,0.7291203085333109,9,6,0,0,3.5128089524805546,2.978833455592394
FRA-Ligue 1,2526,Lille,Ugo Raghouber,5,2025,160,10397,S,1,1,0,0.0,0,0.0,0,0.0,0,0,0,0,0.5803102254867554,0.5803102254867554
FRA-Ligue 1,2526,Lille,Vincent Burlet,5,2025,160,12589,S,1,13,0,0.0,0,0.0,0,0.3438287079334259,0,1,0,0,0.3438287079334259,0.3438287079334259
FRA-Ligue 1,2526,Lorient,Abdoulaye Faye,5,2025,179,13904,D S,17,1444,0,0.575211126357317,0,0.575211126357317,0,0.0521239135414361,8,2,8,0,3.336865071207285,3.3101836778223515
FRA-Ligue 1,2526,Lorient,Ahmadou Bamba Dieng,5,2025,179,9345,F S,22,1239,10,9.474379494786264,9,7.954189226031303,1,1.150337222032249,45,11,2,0,7.221809398382902,1.4927732981741428
FRA-Ligue 1,2526,Lorient,Aiyegun Tosin,5,2025,179,12049,F M S,27,1068,5,6.6367923226207495,5,5.876697203144431,0,1.0361506454646587,30,11,1,0,6.243498589843512,0.4303169213235378
FRA-Ligue 1,2526,Lorient,Arsène Kouassi,5,2025,179,13794,D S,31,2642,2,0.644349536858499,2,0.644349536858499,6,4.931435273960233,9,32,4,0,8.279572056606412,6.358415907248855
FRA-Ligue 1,2526,Lorient,Arthur Avom,5,2025,179,12328,M S,31,2095,2,1.0540359923616052,2,1.0540359923616052,1,3.175200704485178,21,31,3,0,9.312216808088124,6.713715405203402
FRA-Ligue 1,2526,Lorient,Bamo Meïté,5,2025,179,9699,D S,25,1977,0,0.87373461201787,0,0.87373461201787,3,1.2407074691727755,8,7,5,0,3.8321797102689743,3.398215990513563
FRA-Ligue 1,2526,Lorient,Bingourou Kamara,5,2025,179,5974,GK,3,270,0,0.0,0,0.0,0,0.0,0,0,0,0,0.0,0.0
FRA-Ligue 1,2526,Lorient,Daniel Semedo,5,2025,179,14514,S,1,7,0,0.0,0,0.0,0,0.0,0,0,0,0,0.0,0.0
FRA-Ligue 1,2526,Lorient,Darline Yongwa,5,2025,179,10844,D S,23,1285,0,0.7409866116940975,0,0.7409866116940975,1,2.4014131873846054,10,17,4,1,4.1103757210075855,1.5042753145098686
FRA-Ligue 1,2526,Lorient,Dermane Karim,5,2025,179,13795,F M S,30,1371,1,1.3594817034900188,1,1.3594817034900188,2,2.476931821554899,16,16,3,0,6.1817604545503855,3.060548465698957
FRA-Ligue 1,2526,Lorient,Formose Mendy,5,2025,179,11770,D,2,142,0,0.0,0,0.0,0,0.0,0,0,1,0,0.594171829521656,0.594171829521656
FRA-Ligue 1,2526,Lorient,Igor Silva,5,2025,179,9661,D S,17,1208,1,0.3544914918020367,1,0.3544914918020367,0,0.5010415175929666,8,8,1,0,2.105978773906827,1.8507669549435375
FRA-Ligue 1,2526,Lorient,Jean-Victor Makengo,5,2025,179,3536,F M S,31,1842,4,3.3909959215670824,4,3.3909959215670824,2,1.9122456898912787,39,26,2,0,6.606918966397643,3.9485616013407703
FRA-Ligue 1,2526,Lorient,Joel Mvuka,5,2025,179,12004,D S,15,549,0,0.6974976677447557,0,0.6974976677447557,0,1.0097364392131567,8,4,0,0,1.845053747296333,0.3056419380009174
FRA-Ligue 1,2526,Lorient,Laurent Abergel,5,2025,179,4882,M S,28,2347,1,0.7855375036597252,1,0.7855375036597252,0,0.8618717035278678,22,15,7,0,7.721735946834087,6.832115706056356
FRA-Ligue 1,2526,Lorient,Martin Bley,5,2025,179,14011,S,1,1,0,0.0,0,0.0,0,0.0,0,0,0,0,0.0,0.0
FRA-Ligue 1,2526,Lorient,Mohamed Bamba,5,2025,179,12383,F S,18,664,1,2.8765433095395565,1,2.116448190063238,2,1.6329459995031357,13,6,3,0,3.6792133301496506,0.6662338711321354
FRA-Ligue 1,2526,Lorient,Montassar Talbi,5,2025,179,9873,D,29,2610,0,0.8630059463903308,0,0.8630059463903308,1,0.8650193754583597,14,7,3,0,6.319058058783412,6.078627992421389
FRA-Ligue 1,2526,Lorient,Nathaniel Adjei,5,2025,179,12382,D S,15,830,0,0.5435007661581039,0,0.5435007661581039,0,0.0711866319179534,4,1,0,0,1.2726756948977709,1.2014890629798174
FRA-Ligue 1,2526,Lorient,Noah Cadiou,5,2025,179,13975,M S,28,1851,3,2.319805635139346,3,2.319805635139346,1,0.6930346991866827,19,10,2,0,6.738548027351499,4.918760793283582
FRA-Ligue 1,2526,Lorient,Pablo Pagis,5,2025,179,10347,F M S,28,1799,10,7.786515640094876,8,6.266325371339917,5,4.751152578741312,59,43,1,0,10.172008087858558,2.895855251699686
FRA-Ligue 1,2526,Lorient,Panos Katseris,5,2025,179,12381,D S,16,728,1,0.8765109218657017,1,0.8765109218657017,2,2.371944934129715,7,10,3,0,4.036447171121836,2.3180487267673016
FRA-Ligue 1,2526,Lorient,Sambou Soumano,5,2025,179,10074,F S,31,891,4,6.807313602417707,4,6.047218482941389,2,1.8067509941756723,28,10,2,0,5.822775289416313,0.3803564552217722
FRA-Ligue 1,2526,Lorient,Souleymane Isaak Touré,5,2025,179,10854,S,1,25,0,0.0,0,0.0,0,0.0,0,0,0,0,0.0669149309396743,0.0669149309396743
FRA-Ligue 1,2526,Lorient,Théo Le Bris,5,2025,179,9929,D S,28,1915,2,1.935364414472133,2,1.935364414472133,2,1.3978275619447231,17,13,0,0,4.595136150252074,2.6511300066486
FRA-Ligue 1,2526,Lorient,Yvon Mvogo,5,2025,179,6110,GK,31,2790,0,0.0,0,0.0,0,0.0835237056016922,0,1,0,0,3.308992366306484,3.308992366306484
FRA-Ligue 1,2526,Lyon,Abner,5,2025,178,11318,D F M S,26,2182,3,2.2416549902409315,3,2.2416549902409315,2,3.11980695836246,17,21,4,1,13.472650602459908,9.003189485520124
FRA-Ligue 1,2526,Lyon,Adam Karabec,5,2025,178,13734,M S,21,922,1,1.5626697093248367,1,1.5626697093248367,0,2.095198465511203,9,21,3,0,5.530647456645966,3.182189006358385
FRA-Ligue 1,2526,Lyon,Adil Hamdani,5,2025,178,14195,S,4,20,0,0.0911009721457958,0,0.0911009721457958,0,0.0,2,0,0,0,0.063235267996788,0.0
FRA-Ligue 1,2526,Lyon,Afonso Moreira,5,2025,178,13739,D F M S,27,1695,4,3.1612205244600773,4,3.1612205244600773,7,5.9273083889856935,40,32,3,0,13.23570010252297,5.611478790640831
FRA-Ligue 1,2526,Lyon,Ainsley Maitland-Niles,5,2025,178,1750,D M S,30,2496,1,2.553889507427812,1,1.7937943432480097,4,3.50098211504519,14,21,5,1,11.776218626648188,7.495480893179774
FRA-Ligue 1,2526,Lyon,Clinton Mata,5,2025,178,11819,D,32,2845,0,0.1720375660806894,0,0.1720375660806894,0,0.0863934475928545,5,2,5,0,11.681384408846498,11.58082594908774
FRA-Ligue 1,2526,Lyon,Corentin Tolisso,5,2025,178,3603,F M S,30,2319,11,10.556918144226074,9,8.27663278579712,4,4.521071578375995,54,33,4,0,19.739002807065845,10.05990707874298
FRA-Ligue 1,2526,Lyon,Dominik Greif,5,2025,178,9756,GK,29,2610,0,0.0,0,0.0,1,0.1348658353090286,0,2,1,0,5.989278774708509,5.8544129319489
FRA-Ligue 1,2526,Lyon,Endrick,5,2025,178,12884,F M S,16,1248,5,6.475340409204364,4,5.7152452897280455,7,4.547948397696018,49,30,4,1,11.143983148038387,2.17605359852314
FRA-Ligue 1,2526,Lyon,Enzo Molébé,5,2025,178,13010,S,1,7,0,0.0,0,0.0,0,0.0,0,0,0,0,0.0,0.0
FRA-Ligue 1,2526,Lyon,Ernest Nuamah,5,2025,178,12060,S,3,16,0,0.1711354404687881,0,0.1711354404687881,0,0.0,2,0,0,0,0.7869331538677216,0.6157977283000946
FRA-Ligue 1,2526,Lyon,Georges Mikautadze,5,2025,178,8187,F,2,180,1,1.2365504503250122,1,1.2365504503250122,0,0.0,10,0,0,0,1.773119866847992,0.5973338335752487
FRA-Ligue 1,2526,Lyon,Hans Hateboer,5,2025,178,4941,D S,16,744,0,0.3286443073302507,0,0.3286443073302507,0,0.0340640284121036,7,1,0,1,2.8689861558377743,2.6208875365555286
FRA-Ligue 1,2526,Lyon,Khalis Merah,5,2025,178,13736,F M S,22,1187,0,1.3525805659592152,0,1.3525805659592152,1,1.5075017232447865,6,12,2,0,6.724210884422064,5.000600062310696
FRA-Ligue 1,2526,Lyon,Malick Fofana,5,2025,178,12336,M S,12,766,2,2.7092563677579165,2,2.7092563677579165,1,2.255652729421854,19,10,1,0,6.958968311548233,2.9745498783886437
FRA-Ligue 1,2526,Lyon,Martín Satriano,5,2025,178,9001,F S,11,696,2,2.151202028617263,2,2.151202028617263,1,1.252128679305315,16,10,0,0,3.52288687415421,1.1022675083950162
FRA-Ligue 1,2526,Lyon,Mathys de Carvalho,5,2025,178,13737,M S,11,279,0,0.3661429677158594,0,0.3661429677158594,0,0.0353253707289695,7,1,1,0,1.3563930429518225,1.1285228598862886
FRA-Ligue 1,2526,Lyon,Moussa Niakhate,5,2025,178,5989,D S,32,2750,0,0.1709757754579186,0,0.1709757754579186,2,0.8175685852766037,4,14,3,0,13.671839209273458,13.137365105561912
FRA-Ligue 1,2526,Lyon,Nicolás Tagliafico,5,2025,178,10701,D S,20,1292,0,1.8607485853135584,0,1.8607485853135584,3,2.174845789559185,15,13,3,2,6.438942648470402,4.168301462195814
FRA-Ligue 1,2526,Lyon,Noah Nartey,5,2025,178,14406,M S,11,536,2,1.0777640342712402,2,1.0777640342712402,0,0.0831712540239095,5,3,0,0,2.997236616909504,1.9676812607795
FRA-Ligue 1,2526,Lyon,Noham Kamara,5,2025,178,13594,S,2,2,0,0.0,0,0.0,0,0.0,0,0,0,0,0.0,0.0
FRA-Ligue 1,2526,Lyon,Orel Mangala,5,2025,178,6088,M S,9,414,0,0.1820595450699329,0,0.1820595450699329,0,0.1646348182111978,4,5,0,0,1.319554977118969,1.0466066375374794
FRA-Ligue 1,2526,Lyon,Pavel Sulc,5,2025,178,13735,F M S,27,1562,10,8.200931411236525,10,8.200931411236525,3,3.44930923357606,44,22,3,0,14.770196340978146,5.432968702167273
FRA-Ligue 1,2526,Lyon,Rachid Ghezzal,5,2025,178,3276,F M S,10,211,0,0.2386271227151155,0,0.2386271227151155,0,0.0212944336235523,4,1,0,0,0.8847337290644646,0.7071213498711586
FRA-Ligue 1,2526,Lyon,Remy Descamps,5,2025,178,5768,GK,5,450,0,0.0,0,0.0,0,0.0,0,0,0,0,0.873858168721199,0.873858168721199
FRA-Ligue 1,2526,Lyon,Roman Yaremchuk,5,2025,178,12041,F S,11,566,4,3.279270388185978,4,3.279270388185978,1,0.6049698125571012,16,6,1,0,4.823097825050354,1.034571833908558
FRA-Ligue 1,2526,Lyon,Ruben Kluivert,5,2025,178,13738,D S,16,767,1,0.556617259979248,1,0.556617259979248,2,0.7292618155479431,2,2,4,0,2.847681365907192,2.847681365907192
FRA-Ligue 1,2526,Lyon,Rémi Himbert,5,2025,178,14363,F S,6,114,1,1.180612087249756,1,1.180612087249756,0,0.0,10,0,0,0,0.807693213224411,0.0340640284121036
FRA-Ligue 1,2526,Lyon,Sael Kumbedi,5,2025,178,11157,D,1,69,0,0.0316654555499553,0,0.0316654555499553,0,0.0,1,0,1,0,0.5758469104766846,0.5758469104766846
FRA-Ligue 1,2526,Lyon,Steeve Kango,5,2025,178,14517,D S,4,76,0,0.0,0,0.0,0,0.0,0,0,0,0,0.5653758943080902,0.5653758943080902
FRA-Ligue 1,2526,Lyon,Tanner Tessmann,5,2025,178,9885,D M S,29,1938,1,2.568478574976325,1,2.568478574976325,0,1.4022282604128122,26,13,2,0,12.365749502554536,10.186031161807476
FRA-Ligue 1,2526,Lyon,Tyler Morton,5,2025,178,10091,M,29,2549,2,2.0557506382465363,2,2.0557506382465363,2,2.42852935846895,28,28,6,1,12.164382623508573,10.008787211030722
FRA-Ligue 1,2526,Marseille,Adrien Rabiot,5,2025,164,3291,M,1,90,0,0.0285489968955516,0,0.0285489968955516,0,0.1987203657627105,1,4,1,0,0.2597158551216125,0.1337805688381195
FRA-Ligue 1,2526,Marseille,Amine Gouiri,5,2025,164,6401,F M S,22,1318,8,7.237069595605135,8,7.237069595605135,3,3.988559890538454,38,33,1,0,11.248107068240644,2.8222608156502247
FRA-Ligue 1,2526,Marseille,Amir Murillo,5,2025,164,12111,D M S,16,978,2,1.0468609929084778,2,1.0468609929084778,1,1.9396317675709724,9,11,4,0,9.449122466146946,7.076627906411886
FRA-Ligue 1,2526,Marseille,Ange Lago,5,2025,164,14511,S,2,44,0,0.5383378863334656,0,0.5383378863334656,0,0.1217760145664215,2,1,1,0,0.6601138710975647,0.1217760145664215
FRA-Ligue 1,2526,Marseille,Angel Gomes,5,2025,164,5598,M S,14,919,3,2.0597879961133003,3,2.0597879961133003,0,1.0676721185445786,11,18,4,0,7.522297575138509,4.833005172200501
FRA-Ligue 1,2526,Marseille,Arthur Vermeeren,5,2025,164,12392,M S,20,806,0,0.3678686078637838,0,0.3678686078637838,1,0.7389395069330931,3,11,1,1,4.488341554999352,3.467931855469942
FRA-Ligue 1,2526,Marseille,Benjamin Pavard,5,2025,164,3363,D S,27,1932,1,1.0296637825667858,1,1.0296637825667858,2,2.101283404976129,11,12,6,0,11.098421754315495,10.662597270682454
FRA-Ligue 1,2526,Marseille,Bilal Nadir,5,2025,164,9673,M S,20,564,0,0.3718383200466633,0,0.3718383200466633,4,1.9472699239850044,7,11,4,1,7.013857154175639,4.764937616884708
FRA-Ligue 1,2526,Marseille,CJ Egan-Riley,5,2025,164,10174,D S,11,624,0,0.0,0,0.0,0,0.5053555741906166,0,2,1,1,2.0329333720728755,1.5275778053328395
FRA-Ligue 1,2526,Marseille,Darryl Bakola,5,2025,164,12601,S,8,46,0,0.0401496291160583,0,0.0401496291160583,0,0.0255114305764436,2,1,0,0,1.3969884980469942,1.3313274383544922
FRA-Ligue 1,2526,Marseille,Derek Cornelius,5,2025,164,12769,S,2,58,0,0.0,0,0.0,0,0.0,0,0,0,0,0.0,0.0
FRA-Ligue 1,2526,Marseille,Emerson,5,2025,164,1245,D S,28,2110,0,0.5063266586512327,0,0.5063266586512327,3,5.679353667423129,15,46,3,0,14.778152668848634,12.660715032368898
FRA-Ligue 1,2526,Marseille,Ethan Nwaneri,5,2025,164,11132,M S,9,334,2,0.8861830700188875,2,0.8861830700188875,1,0.979939728975296,9,5,1,0,2.8284013345837598,1.836508059874177
FRA-Ligue 1,2526,Marseille,Facundo Medina,5,2025,164,8664,D S,17,1381,0,0.4502068478614092,0,0.4502068478614092,1,1.3081317506730556,4,7,7,0,9.715698964893818,9.559939444065094
FRA-Ligue 1,2526,Marseille,Geoffrey Kondogbia,5,2025,164,1516,D M S,10,635,0,0.2751816101372242,0,0.2751816101372242,0,0.0944272764027118,4,2,3,0,2.983300684019923,2.946565704420209
FRA-Ligue 1,2526,Marseille,Gerónimo Rulli,5,2025,164,2225,GK,29,2610,0,0.072814255952835,0,0.072814255952835,0,0.0521727837622165,1,1,2,0,5.286058641970158,5.286058641970158
FRA-Ligue 1,2526,Marseille,Hamed Junior Traore,5,2025,164,6986,D M S,13,612,2,2.745228759944439,2,2.745228759944439,1,0.8870153054594994,13,10,1,0,5.932478129863739,2.3697810266166925
FRA-Ligue 1,2526,Marseille,Hilan Slimani,5,2025,164,14578,S,1,1,0,0.0,0,0.0,0,0.0,0,0,0,0,0.0354030653834342,0.0354030653834342
FRA-Ligue 1,2526,Marseille,Igor Paixão,5,2025,164,14010,D M S,30,1979,6,5.585691841319203,6,5.585691841319203,5,2.523950425907969,57,29,3,0,13.25075446255505,7.190278485417366
FRA-Ligue 1,2526,Marseille,Jeffrey de Lange,5,2025,164,12772,GK,5,450,0,0.0,0,0.0,0,0.1029973775148391,0,1,0,0,2.4000284634530544,2.2970311008393764
FRA-Ligue 1,2526,Marseille,Jonathan Rowe,5,2025,164,10172,M,1,69,0,0.4206070303916931,0,0.4206070303916931,0,0.0,5,0,0,0,0.5255916714668274,0.132924884557724
FRA-Ligue 1,2526,Marseille,Leonardo Balerdi,5,2025,164,7486,D S,26,1996,0,2.5971892066299915,0,2.5971892066299915,1,0.2388758808374405,20,5,5,0,13.10189403500408,12.960436417721212
FRA-Ligue 1,2526,Marseille,Mason Greenwood,5,2025,164,7490,F M S,32,2503,16,14.337145529687405,10,8.256384439766407,7,7.642338250763714,116,56,3,0,23.296432835049927,12.582058395259082
FRA-Ligue 1,2526,Marseille,Matt O'Riley,5,2025,164,13206,M S,15,725,1,0.8605696111917496,1,0.8605696111917496,2,3.089729510247708,7,12,2,0,6.183519525453448,4.171106377616525
FRA-Ligue 1,2526,Marseille,Naif Aguerd,5,2025,164,6935,D,16,1407,2,0.8858112841844559,2,0.8858112841844559,0,0.2695878790691495,10,3,4,0,9.148570242337884,9.126714654266834
FRA-Ligue 1,2526,Marseille,Neal Maupay,5,2025,164,3621,S,1,1,0,0.0,0,0.0,0,0.0,0,0,0,0,0.0,0.0
FRA-Ligue 1,2526,Marseille,Nouhoum Kamissoko,5,2025,164,14577,S,3,14,0,0.0622450746595859,0,0.0622450746595859,0,0.5824454575777054,1,2,0,0,0.1231032833456993,0.0859715417027473
FRA-Ligue 1,2526,Marseille,Pierre-Emerick Aubameyang,5,2025,164,318,F M S,30,2074,10,15.525875067338347,10,15.525875067338347,5,5.136944656725973,60,27,1,0,20.571721328422427,3.708862965926528
FRA-Ligue 1,2526,Marseille,Pierre-Emile Højbjerg,5,2025,164,343,M S,32,2716,4,3.916560214012861,4,3.916560214012861,5,4.429353263229132,46,40,4,0,19.90152898989618,15.455716629512608
FRA-Ligue 1,2526,Marseille,Pol Lirola,5,2025,164,1461,S,3,19,0,0.0,0,0.0,0,0.0796073451638221,0,1,0,0,0.0796073451638221,0.0
FRA-Ligue 1,2526,Marseille,Quinten Timber,5,2025,164,14376,M S,15,1135,0,1.134893774986267,0,1.134893774986267,0,0.4600138962268829,10,8,4,0,3.7130206748843193,3.1272013261914253
FRA-Ligue 1,2526,Marseille,Robinio Vaz,5,2025,164,13330,F S,14,346,4,2.746501445770264,4,2.746501445770264,2,0.9652759805321692,8,6,2,0,4.458853058516979,1.978359200060368
FRA-Ligue 1,2526,Marseille,Tadjidine Mmadi,5,2025,164,14159,S,3,34,0,0.1089987754821777,0,0.1089987754821777,0,0.0229813698679208,2,1,0,0,0.3921969179064035,0.2831981126219034
FRA-Ligue 1,2526,Marseille,Timothy Weah,5,2025,164,6601,D M S,29,2286,2,2.7870269222185016,2,2.7870269222185016,2,3.784172408282757,29,30,5,0,17.289419043809175,12.779591096565127
FRA-Ligue 1,2526,Marseille,Tochukwu Nnadi,5,2025,164,14499,D M S,8,354,0,0.5654442869126797,0,0.5654442869126797,1,0.2553234100341797,4,2,1,0,2.65683763474226,2.0913934241980314
FRA-Ligue 1,2526,Marseille,Ugo El Kadmiri,5,2025,164,14576,S,3,15,0,0.5168357491493225,0,0.5168357491493225,0,0.0,1,0,0,0,0.6414924263954163,0.1246566399931907
FRA-Ligue 1,2526,Marseille,Ulisses García,5,2025,164,399,D S,4,203,0,0.0429399330168962,0,0.0429399330168962,0,0.0308229159563779,2,1,1,1,0.190365944057703,0.1376217044889927
FRA-Ligue 1,2526,Metz,Alpha Touré,5,2025,180,13812,D M S,30,1591,0,1.0313540250062945,0,1.0313540250062945,1,0.4349074102938175,17,11,4,0,3.260238066315651,2.2326008649542928
FRA-Ligue 1,2526,Metz,Believe Munongo,5,2025,180,14147,M S,11,426,0,0.190040803514421,0,0.190040803514421,0,0.1578348763287067,5,3,1,0,1.1782105080783367,0.9074407890439034
FRA-Ligue 1,2526,Metz,Benjamin Stambouli,5,2025,180,3290,M S,19,948,0,0.3095360938459635,0,0.3095360938459635,0,0.9149716086685658,6,8,0,0,2.0300648361444478,1.5586694106459618
FRA-Ligue 1,2526,Metz,Boubacar Traore,5,2025,180,8119,M S,20,1414,1,0.9408415667712688,1,0.9408415667712688,0,0.221991928294301,19,4,4,0,2.3840327383950357,1.5097705023363233
FRA-Ligue 1,2526,Metz,Bouna Sarr,5,2025,180,3393,D M S,12,898,0,1.810309385880828,0,1.810309385880828,0,0.7083156369626522,15,8,1,0,4.318000100553036,2.3380876444280148
FRA-Ligue 1,2526,Metz,Brian Madjo,5,2025,180,13810,F S,5,157,0,0.3160543292760849,0,0.3160543292760849,0,0.0,3,0,0,0,0.3160543292760849,0.0
FRA-Ligue 1,2526,Metz,Cheick Tidiane Sabaly,5,2025,180,8686,F M S,14,972,0,1.4295627772808075,0,1.4295627772808075,2,1.8838837835937736,8,10,2,0,3.6454500779509535,0.5496342591941357
FRA-Ligue 1,2526,Metz,Cleo Mélières,5,2025,180,13903,S,2,26,0,0.0,0,0.0,0,0.0,0,0,1,0,0.0571590811014175,0.0571590811014175
FRA-Ligue 1,2526,Metz,Fode Toure,5,2025,180,5803,D S,13,866,0,0.2401369120925665,0,0.2401369120925665,0,0.9939170219004154,5,4,2,0,1.0049719577655196,0.7275086650624871
FRA-Ligue 1,2526,Metz,Gauthier Hein,5,2025,180,5727,F M S,29,2355,8,7.256195746362209,3,3.4557200483977795,7,4.457953127101064,44,58,1,1,9.394331835210323,4.18543278798461
FRA-Ligue 1,2526,Metz,Giorgi Abuashvili,5,2025,180,13813,D F M S,23,655,2,1.1833200315013528,2,1.1833200315013528,0,0.5751661360263824,23,7,1,0,3.10530792362988,1.852052802219987
FRA-Ligue 1,2526,Metz,Giorgi Kvilitaia,5,2025,180,14431,F S,10,503,2,1.3176763448864222,2,1.3176763448864222,0,1.193804420530796,12,9,1,0,1.1540779788047075,0.2850138414651155
FRA-Ligue 1,2526,Metz,Giorgi Tsitaishvili,5,2025,180,13809,D F M S,33,2475,3,1.53672016505152,3,1.53672016505152,2,4.272120799869299,31,44,3,0,8.109842337667942,3.1248387955129147
FRA-Ligue 1,2526,Metz,Habib Diallo,5,2025,180,5769,F S,25,1908,4,5.928135938942432,4,5.168040789663792,1,0.7432543095201254,38,12,0,0,6.45493212621659,1.7053034035488963
FRA-Ligue 1,2526,Metz,Ibou Sané,5,2025,180,12000,F M S,16,520,1,0.3316338993608951,1,0.3316338993608951,1,0.943551391363144,6,5,2,0,1.4006390273571014,0.232405548915267
FRA-Ligue 1,2526,Metz,Idrissa Gueye,5,2025,180,13811,F S,3,126,0,0.1229544505476951,0,0.1229544505476951,0,0.0,2,0,0,0,0.0465278960764408,0.0
FRA-Ligue 1,2526,Metz,Ismaël Guerti,5,2025,180,13902,S,3,15,0,0.0,0,0.0,0,0.0,0,0,0,0,0.0495099872350692,0.0495099872350692
FRA-Ligue 1,2526,Metz,Jahyann Pandore,5,2025,180,14532,S,4,71,1,0.7361021339893341,1,0.7361021339893341,0,0.0298503618687391,2,1,0,0,1.111371835693717,0.3454193342477083
FRA-Ligue 1,2526,Metz,Jean-Philippe Gbamin,5,2025,180,4764,D M S,31,2487,1,1.949738541617989,1,1.949738541617989,1,1.4501640880480409,14,15,2,1,6.170843430794776,4.885069870389998
FRA-Ligue 1,2526,Metz,Jessy Deminguet,5,2025,180,6308,M S,31,2059,2,1.1191442692652345,2,1.1191442692652345,0,0.6021527666598558,17,4,4,0,5.570983536541462,4.136053280904889
FRA-Ligue 1,2526,Metz,Joel Asoro,5,2025,180,1754,F S,8,220,0,0.7841950580477715,0,0.7841950580477715,0,0.0951687544584274,4,1,0,0,0.890510804951191,0.1063157469034195
FRA-Ligue 1,2526,Metz,Jonathan Fischer,5,2025,180,13807,GK S,27,2349,0,0.0,0,0.0,0,0.031860314309597,0,1,0,0,2.2079796250909567,2.2079796250909567
FRA-Ligue 1,2526,Metz,Joseph N'Duquidi,5,2025,180,12001,S,1,4,0,0.0,0,0.0,0,0.0,0,0,0,0,0.0,0.0
FRA-Ligue 1,2526,Metz,Koffi Kouao,5,2025,180,11798,D,27,2296,2,1.6477266969159243,2,1.6477266969159243,1,1.2461658138781786,23,11,10,0,5.849459524266422,3.4310527173802257
FRA-Ligue 1,2526,Metz,Lucas Michal,5,2025,180,12376,M S,11,245,0,0.8605251368135214,0,0.8605251368135214,0,0.098887275904417,8,2,1,0,0.958315153606236,0.1268871249631047
FRA-Ligue 1,2526,Metz,Malick Mbaye,5,2025,180,11802,M S,5,302,0,0.0794959422200918,0,0.0794959422200918,0,0.1359674669802189,2,2,1,0,0.276722751557827,0.1487007550895214
FRA-Ligue 1,2526,Metz,Maxime Colin,5,2025,180,11797,D S,22,1697,0,0.2320893183350563,0,0.2320893183350563,0,0.2164770439267158,7,6,1,0,2.7880767323076725,2.666722809895873
FRA-Ligue 1,2526,Metz,Michel Mboula,5,2025,180,13808,D S,14,756,0,0.1100235544145107,0,0.1100235544145107,0,0.0,2,0,2,0,2.052970141172409,2.004369828850031
FRA-Ligue 1,2526,Metz,Morgan Bokele,5,2025,180,13815,D S,10,208,0,0.2119899019598961,0,0.2119899019598961,0,0.0904730334877967,3,2,0,0,0.359622023999691,0.1079056411981582
FRA-Ligue 1,2526,Metz,Nathan Mbala,5,2025,180,14407,F M S,13,426,2,0.6993163898587227,2,0.6993163898587227,2,1.0733802691102028,15,13,0,0,1.9092871956527235,0.5620502680540085
FRA-Ligue 1,2526,Metz,Pape Sy,5,2025,180,13814,GK,8,711,0,0.0,0,0.0,0,0.0,0,0,0,0,0.5357143543660641,0.5357143543660641
FRA-Ligue 1,2526,Metz,Sadibou Sané,5,2025,180,11806,D S,23,1940,2,0.2977111414074898,2,0.2977111414074898,1,0.2727304138243198,6,3,5,2,4.214317724108696,4.214317724108696
FRA-Ligue 1,2526,Metz,Terry Yegbe,5,2025,180,13999,D S,24,1977,0,1.2832730244845152,0,1.2832730244845152,1,0.4399317279458046,6,5,3,0,2.7807160019874573,2.70413526147604
FRA-Ligue 1,2526,Monaco,Aladji Bamba,5,2025,171,13214,M S,18,830,0,0.110935527831316,0,0.110935527831316,2,1.7227396704256537,2,13,3,0,3.5805662348866463,2.6919214464724064
FRA-Ligue 1,2526,Monaco,Aleksandr Golovin,5,2025,171,2897,M S,25,1695,5,4.700230384245515,5,4.700230384245515,5,2.307285126298666,34,24,2,1,11.270541843026876,5.069507037289441
FRA-Ligue 1,2526,Monaco,Anssumane Fati,5,2025,171,7967,F M S,25,1058,11,11.288535937666891,8,8.248155388981104,0,1.9022937566041944,43,15,1,0,12.93921096622944,4.0356128960847855
FRA-Ligue 1,2526,Monaco,Ben Seghir,5,2025,171,10771,S,2,40,0,0.0649819150567054,0,0.0649819150567054,0,0.0,1,0,0,0,0.0649819150567054,0.0
FRA-Ligue 1,2526,Monaco,Caio Henrique,5,2025,171,5177,D M S,22,1527,0,0.1910106763243675,0,0.1910106763243675,2,3.198100356385112,2,21,2,0,4.503836177289486,3.891177363693714
FRA-Ligue 1,2526,Monaco,Christian Mawissa Elebi,5,2025,171,11131,D S,18,1178,0,0.3248561099171638,0,0.3248561099171638,0,0.3562596291303634,2,5,4,0,3.712346743792296,3.0805793963372707
FRA-Ligue 1,2526,Monaco,Denis Zakaria,5,2025,171,6147,D M S,24,2039,2,2.5516049545258284,2,2.5516049545258284,1,1.4270154759287834,18,6,4,1,7.711904387921095,6.586218696087599
FRA-Ligue 1,2526,Monaco,Eric Dier,5,2025,171,643,D S,9,693,1,0.5377254784107208,1,0.5377254784107208,0,0.028601836413145,3,1,0,0,2.885582761839032,2.856980921700597
FRA-Ligue 1,2526,Monaco,Folarin Balogun,5,2025,171,9690,F S,30,2281,13,14.09382818453014,10,11.813542751595378,4,4.190360508859158,77,24,4,1,15.975783936679363,1.964771009981632
FRA-Ligue 1,2526,Monaco,George Ilenikhena,5,2025,171,12804,F S,15,343,2,1.2629067562520504,2,1.2629067562520504,0,0.2268627993762493,15,3,0,0,2.503964938223362,1.0573195964097977
FRA-Ligue 1,2526,Monaco,Ilane Touré,5,2025,171,14293,S,2,21,0,0.0,0,0.0,0,0.0481799952685833,0,1,0,0,0.0931520238518714,0.0449720285832881
FRA-Ligue 1,2526,Monaco,Jordan Teze,5,2025,171,12950,D M S,33,2515,1,0.7771280901506543,1,0.7771280901506543,2,4.184554500505328,14,35,7,0,11.871654331684113,8.597043918445706
FRA-Ligue 1,2526,Monaco,Kassoum Ouattara,5,2025,171,12186,D M S,15,992,0,1.185075655579567,0,1.185075655579567,3,2.7024725899100304,12,17,3,0,7.205395624041557,4.093011476099491
FRA-Ligue 1,2526,Monaco,Krépin Diatta,5,2025,171,9279,D M S,18,997,0,0.9261248912662268,0,0.9261248912662268,1,1.7593798488378525,7,12,2,0,5.158774934709072,3.25042811781168
FRA-Ligue 1,2526,Monaco,Lamine Camara,5,2025,171,11799,M S,24,1870,3,1.3439804669469595,3,1.3439804669469595,4,5.089582786895335,25,35,6,0,11.131023939698936,7.78083136677742
FRA-Ligue 1,2526,Monaco,Lukas Hradecky,5,2025,171,281,GK,17,1445,0,0.0,0,0.0,0,0.0,0,0,1,0,2.8517859540879726,2.8517859540879726
FRA-Ligue 1,2526,Monaco,Maghnes Akliouche,5,2025,171,10058,F M S,31,2430,6,6.614660864695907,6,6.614660864695907,6,5.355240166187286,48,44,3,0,18.967163242399693,8.312718050554395
FRA-Ligue 1,2526,Monaco,Mamadou Coulibaly,5,2025,171,12285,F M S,25,1402,3,1.987246561795473,3,1.987246561795473,3,1.762764260172844,13,12,6,1,7.969235442578793,5.6005539782345295
FRA-Ligue 1,2526,Monaco,Mika Biereth,5,2025,171,10349,F M S,32,1051,2,3.207695998251438,2,3.207695998251438,2,2.307873759418726,19,18,0,0,7.502748765051365,2.434636209160089
FRA-Ligue 1,2526,Monaco,Mohammed Salisu,5,2025,171,6923,D,12,1080,1,0.8756848890334368,1,0.8756848890334368,0,0.1508046872913837,8,2,3,0,3.4531896859407425,3.2525459304451942
FRA-Ligue 1,2526,Monaco,Pape Cabral,5,2025,171,14098,S,4,53,0,0.5059756189584732,0,0.5059756189584732,0,0.0,3,0,0,0,0.5961288139224052,0.5003542080521584
FRA-Ligue 1,2526,Monaco,Paris Brunner,5,2025,171,12255,F S,7,113,0,0.5115629099309444,0,0.5115629099309444,0,0.0,4,0,1,0,0.5115629099309444,0.0
FRA-Ligue 1,2526,Monaco,Paul Pogba,5,2025,171,1740,M S,6,102,0,0.0949839726090431,0,0.0949839726090431,0,0.0,2,0,0,0,0.069953553378582,0.069953553378582
FRA-Ligue 1,2526,Monaco,Philipp Köhn,5,2025,171,11781,GK S,19,1615,0,0.0,0,0.0,0,0.0,0,0,0,0,2.2199502903968096,2.2199502903968096
FRA-Ligue 1,2526,Monaco,Samuel Nibombé,5,2025,171,13181,S,1,1,0,0.0,0,0.0,0,0.0,0,0,0,0,0.0,0.0
FRA-Ligue 1,2526,Monaco,Simon Adingra,5,2025,171,11710,D F M S,14,871,3,2.902374248951673,3,2.902374248951673,2,1.4592509008944037,22,14,0,0,5.136130463331938,1.4835271500051022
FRA-Ligue 1,2526,Monaco,Stanis Idumbo Muzambo,5,2025,171,12426,S,8,129,1,1.0647227093577385,1,1.0647227093577385,1,0.4020053409039974,6,3,0,0,1.4752825424075129,0.036861315369606
FRA-Ligue 1,2526,Monaco,Takumi Minamino,5,2025,171,8239,F M S,15,976,3,3.37246372550726,3,3.37246372550726,2,2.100285714492202,21,9,4,0,6.809733860194683,1.606742171570659
FRA-Ligue 1,2526,Monaco,Thilo Kehrer,5,2025,171,2674,D,28,2368,0,1.5215591192245483,0,1.5215591192245483,0,0.3930577524006367,16,5,5,2,8.062811072915792,8.046329613775015
FRA-Ligue 1,2526,Monaco,Vanderson,5,2025,171,10271,D M S,14,609,0,0.1478172391653061,0,0.1478172391653061,2,1.3581282254308462,3,11,4,0,3.2797976564615965,2.639238817617297
FRA-Ligue 1,2526,Monaco,Wout Faes,5,2025,171,8646,D S,14,1136,0,0.559219591319561,0,0.559219591319561,0,0.040780272334814,5,1,3,0,3.3923608884215355,3.3923608884215355
FRA-Ligue 1,2526,Nantes,Abakar Sylla,5,2025,168,11816,D S,3,68,0,0.3827866427600384,0,0.3827866427600384,0,0.0,2,0,0,0,0.1025833263993263,0.1025833263993263
FRA-Ligue 1,2526,Nantes,Ali Youssef,5,2025,168,14378,D,1,90,0,0.0,0,0.0,0,0.0,0,0,1,0,0.4589385688304901,0.4589385688304901
FRA-Ligue 1,2526,Nantes,Ali Youssif,5,2025,168,14432,D S,12,875,0,0.2759618051350117,0,0.2759618051350117,0,0.1898415144532919,6,3,3,0,0.3063813932240009,0.2620907239615917
FRA-Ligue 1,2526,Nantes,Amady Camara,5,2025,168,13828,F S,10,131,0,0.6945584956556559,0,0.6945584956556559,0,0.1180351264774799,6,2,0,0,0.9101400710642338,0.0975464200600981
FRA-Ligue 1,2526,Nantes,Anthony Lopes,5,2025,168,3269,GK,32,2879,0,0.1900636162608862,0,0.1900636162608862,0,0.0,3,0,4,0,1.477401552721858,1.373960392549634
FRA-Ligue 1,2526,Nantes,Bahereba Guirassy,5,2025,168,12844,F M S,20,799,2,1.986866552382708,2,1.986866552382708,1,1.0273366682231426,15,7,1,0,3.3992551025003195,0.4723921976983547
FRA-Ligue 1,2526,Nantes,Bahmed Deuff,5,2025,168,14034,M S,11,213,0,0.2442027619108557,0,0.2442027619108557,0,0.1548909842967987,7,1,0,0,0.5262306118384004,0.1271368712186813
FRA-Ligue 1,2526,Nantes,Chidozie Awaziem,5,2025,168,6017,D S,27,2329,1,0.5838352423161268,1,0.5838352423161268,2,1.5799404215067625,11,10,6,0,4.797361323609948,3.7837975714355703
FRA-Ligue 1,2526,Nantes,Dehmaine Assoumani,5,2025,168,12387,D F M S,27,1261,1,1.7984376410022378,1,1.7984376410022378,0,2.0394907854497437,29,20,4,1,3.9870292702689767,1.7710418915376067
FRA-Ligue 1,2526,Nantes,Fabien Centonze,5,2025,168,7763,D M S,15,738,3,0.9628630634397268,3,0.9628630634397268,0,0.1462906636297702,8,4,4,0,2.047831054776907,1.1290168827399611
FRA-Ligue 1,2526,Nantes,Francis Coquelin,5,2025,168,497,M S,16,669,0,0.1458436166867613,0,0.1458436166867613,1,0.2469020374119281,6,4,2,0,0.75743393227458,0.4982971716672182
FRA-Ligue 1,2526,Nantes,Frederic Guilbert,5,2025,168,3253,D M S,8,614,0,0.340896600857377,0,0.340896600857377,0,1.5390042420476675,7,7,1,0,1.85949700884521,1.641930215060711
FRA-Ligue 1,2526,Nantes,Hong Hyun-Seok,5,2025,168,13016,M S,6,281,0,0.5409451853483915,0,0.5409451853483915,0,0.0377709530293941,4,1,0,0,0.8386293146759272,0.3660714421421289
FRA-Ligue 1,2526,Nantes,Ibrahima Sissoko,5,2025,168,6904,D M S,14,901,0,0.1656182212755084,0,0.1656182212755084,0,0.8984191156923771,6,4,4,0,4.065130893141031,3.4186657033860683
FRA-Ligue 1,2526,Nantes,Ignatius Ganago,5,2025,168,6238,F M S,14,934,3,3.503245037049055,2,2.7431498877704144,1,0.8179156705737114,23,7,1,0,3.946759879589081,1.6002203933894634
FRA-Ligue 1,2526,Nantes,Johann Lepenant,5,2025,168,10702,F M S,28,2265,0,0.8502923585474491,0,0.8502923585474491,1,2.2118827141821384,22,33,4,0,5.685858994722366,4.117297636345029
FRA-Ligue 1,2526,Nantes,Junior Mwanga,5,2025,168,10581,D M,20,1651,1,1.1464128233492374,1,1.1464128233492374,1,1.0721323154866695,10,18,2,1,5.190453128889203,3.505918676033616
FRA-Ligue 1,2526,Nantes,Kelvin Adou,5,2025,168,3785,D S,23,1964,0,0.340591112151742,0,0.340591112151742,1,1.3137031211517751,10,8,3,0,4.207194481045008,3.044281706213951
FRA-Ligue 1,2526,Nantes,Kwon Hyeok-Kyu,5,2025,168,13826,M S,12,777,0,0.1029223259538412,0,0.1029223259538412,0,0.0,3,0,2,0,0.5964700691401958,0.5764972977340221
FRA-Ligue 1,2526,Nantes,Louis Leroux,5,2025,168,12846,D M S,23,1443,1,1.6188924480229616,1,1.6188924480229616,1,0.7465226091444492,15,16,2,0,3.097193729132414,1.815334405750036
FRA-Ligue 1,2526,Nantes,Mathieu Acapandié,5,2025,168,12845,D M S,7,348,0,0.0,0,0.0,0,0.2842267602682113,0,4,0,0,0.9171111807227136,0.6666844263672829
FRA-Ligue 1,2526,Nantes,Matthis Abline,5,2025,168,9490,F M S,33,2591,6,8.401815695688128,6,7.641720516607165,4,4.085846895352006,85,30,6,0,12.297505926340818,3.86945753544569
FRA-Ligue 1,2526,Nantes,Mayckel Lahdo,5,2025,168,14033,F M S,8,434,1,0.659747552126646,1,0.659747552126646,1,0.1672076191753149,3,4,1,0,1.5088953264057636,0.7161721922457218
FRA-Ligue 1,2526,Nantes,Mohamed Kaba,5,2025,168,11946,M S,13,1028,0,1.3476893231272695,0,1.3476893231272695,2,1.95227812230587,11,12,2,0,4.149868421256542,1.6434682048857212
FRA-Ligue 1,2526,Nantes,Mostafa Mohamed,5,2025,168,10831,F S,24,1152,4,3.018826650455594,4,3.018826650455594,0,1.1388814579695463,34,9,1,0,2.9717396833002567,0.2210416812449693
FRA-Ligue 1,2526,Nantes,Nicolas Cozza,5,2025,168,6007,D S,30,2387,0,1.9409650396555664,0,1.9409650396555664,1,0.4439432024955749,11,10,2,0,2.8587443996220827,2.391083136200905
FRA-Ligue 1,2526,Nantes,Patrik Carlgren,5,2025,168,13089,GK S,3,181,0,0.0,0,0.0,0,0.0,0,0,0,0,0.0,0.0
FRA-Ligue 1,2526,Nantes,Rémy Cabella,5,2025,168,3390,F M S,12,651,2,2.6006658375263214,1,1.84076938778162,0,1.1487493216991425,10,16,1,0,4.199691403657198,1.7681113071739674
FRA-Ligue 1,2526,Nantes,Sékou Doucouré,5,2025,168,13137,D S,2,127,0,0.0156705901026725,0,0.0156705901026725,0,0.0,1,0,0,0,0.0,0.0
FRA-Ligue 1,2526,Nantes,Tylel Tati,5,2025,168,13825,D,20,1728,0,0.4968229848891496,0,0.4968229848891496,0,0.0154627989977598,3,1,5,1,3.6279613599181175,3.540383316576481
FRA-Ligue 1,2526,Nantes,Uros Radakovic,5,2025,168,8028,D S,6,91,0,0.0,0,0.0,0,0.0908905118703842,0,1,0,0,0.0908905118703842,0.0
FRA-Ligue 1,2526,Nantes,Yassine Benhattab,5,2025,168,13827,F M S,10,479,0,0.1792120113968849,0,0.1792120113968849,0,0.6935239918529987,4,6,0,0,1.123983647674322,0.3270279392600059
FRA-Ligue 1,2526,Nantes,Youssef El-Arabi,5,2025,168,2082,F S,25,943,3,4.204976715147495,3,3.444881595671177,0,0.5688040424138308,15,9,0,0,2.720785405486822,0.5000742729753256
FRA-Ligue 1,2526,Nice,Ali Abdi,5,2025,170,13070,D M S,22,1156,3,2.4035323709249496,3,2.4035323709249496,0,2.0493611991405487,16,17,2,1,2.7499186024069786,1.635716256685555
FRA-Ligue 1,2526,Nice,Antoine Mendy,5,2025,170,9514,D S,25,2105,1,2.194048591889441,1,2.194048591889441,0,0.0372293330729007,17,1,5,0,6.499726684764028,5.918382707983255
FRA-Ligue 1,2526,Nice,Badredine Bouanani,5,2025,170,11062,M S,2,88,0,0.0596934780478477,0,0.0596934780478477,0,0.0380774699151515,1,1,0,0,0.7065351828932762,0.6087642312049866
FRA-Ligue 1,2526,Nice,Bernard Nguene,5,2025,170,13281,S,6,111,0,0.17829130589962,0,0.17829130589962,0,0.0,3,0,1,0,0.6149792969226837,0.4366880059242248
FRA-Ligue 1,2526,Nice,Billal Brahimi,5,2025,170,9658,S,1,1,0,0.0,0,0.0,0,0.0987878814339637,0,1,0,0,0.0987878814339637,0.0987878814339637
FRA-Ligue 1,2526,Nice,Brad-Hamilton Mantsounga,5,2025,170,14165,D,1,90,0,0.0,0,0.0,0,0.0,0,0,0,0,0.4459130764007568,0.4459130764007568
FRA-Ligue 1,2526,Nice,Charles Vanhoutte,5,2025,170,14031,M S,26,1801,0,0.2521444540470838,0,0.2521444540470838,2,1.149057075381279,5,15,7,0,6.881905682384968,5.568232594057918
FRA-Ligue 1,2526,Nice,Dante,5,2025,170,148,D S,12,861,0,0.2175557473674416,0,0.2175557473674416,1,0.075519535690546,7,2,1,0,2.9663416743278503,2.9388745287433267
FRA-Ligue 1,2526,Nice,Djibril Coulibaly,5,2025,170,13753,S,2,6,0,0.0,0,0.0,0,0.0,0,0,0,0,0.047170702368021,0.047170702368021
FRA-Ligue 1,2526,Nice,Everton Pereira,5,2025,170,13265,M S,2,71,0,0.0265566799789667,0,0.0265566799789667,0,0.0,1,0,0,0,0.04556879773736,0.04556879773736
FRA-Ligue 1,2526,Nice,Everton Pereira da Silva,5,2025,170,14296,M,1,71,0,0.0754055231809616,0,0.0754055231809616,0,0.0,1,0,0,0,0.0352478735148906,0.0352478735148906
FRA-Ligue 1,2526,Nice,Gabin Bernardeau,5,2025,170,13752,M S,4,90,0,0.0966928359121084,0,0.0966928359121084,0,0.1070689260959625,3,2,0,0,0.1256759222596883,0.0
FRA-Ligue 1,2526,Nice,Hamza Koutoune,5,2025,170,13754,S,1,1,0,0.0,0,0.0,0,0.0,0,0,0,0,0.0,0.0
FRA-Ligue 1,2526,Nice,Hichem Boudaoui,5,2025,170,8050,M S,25,1697,1,2.2907996512949467,1,2.2907996512949467,2,1.5970600554719567,21,16,4,0,6.359252665191889,3.213657854124904
FRA-Ligue 1,2526,Nice,Isak Jansson,5,2025,170,13751,F M S,22,623,1,1.4099341221153736,1,1.4099341221153736,0,0.9481424372643232,16,8,3,0,2.826853290200233,1.280724035575986
FRA-Ligue 1,2526,Nice,Jeremie Boga,5,2025,170,3544,F M S,14,645,2,2.242340716533363,2,2.242340716533363,2,1.6494678808376193,15,13,0,0,4.732685995288193,1.3068652814254165
FRA-Ligue 1,2526,Nice,Jonathan Clauss,5,2025,170,8697,D M S,30,2529,1,1.4057410368695855,1,1.4057410368695855,6,8.050188221037388,23,64,0,0,12.174329970031977,5.863777427002788
FRA-Ligue 1,2526,Nice,Juma Bah,5,2025,170,13100,D S,26,1947,0,1.1328875198960304,0,1.1328875198960304,0,1.5613946039229631,7,6,7,0,5.29360275901854,4.628072407096624
FRA-Ligue 1,2526,Nice,Kail Boudache,5,2025,170,14379,M S,13,507,1,2.86060961522162,1,2.86060961522162,0,0.199295156635344,13,4,1,0,2.168492004275322,0.2338301874697208
FRA-Ligue 1,2526,Nice,Kevin Omoruyi,5,2025,170,8768,F S,23,864,0,3.996253340505064,0,3.996253340505064,0,0.4324168488383293,22,3,3,0,4.623655288480222,1.3291925340890884
FRA-Ligue 1,2526,Nice,Kojo Peprah Oppong,5,2025,170,13750,D S,29,2440,1,1.3100588582456112,1,1.3100588582456112,0,0.5910270726308227,10,6,4,0,6.248266958631575,5.50323548540473
FRA-Ligue 1,2526,Nice,Maxime Dupé,5,2025,170,3414,GK,8,720,0,0.0,0,0.0,0,0.0287394300103187,0,1,0,0,0.6414920538663864,0.6414920538663864
FRA-Ligue 1,2526,Nice,Melvin Bard,5,2025,170,8190,D M S,29,2393,2,0.796496226452291,2,0.796496226452291,1,1.8040241403505208,15,15,4,0,7.336340324953198,5.745990822091699
FRA-Ligue 1,2526,Nice,Mohamed Ali-Cho,5,2025,170,8685,F M S,24,1717,4,4.278947148472071,4,4.278947148472071,3,3.5190721238031983,32,23,1,0,9.6834735609591,4.643952438607812
FRA-Ligue 1,2526,Nice,Morgan Sanson,5,2025,170,3696,M S,31,1759,0,2.0870378920808434,0,2.0870378920808434,2,1.4652982922270894,19,12,4,0,4.909108147956431,1.953938601538539
FRA-Ligue 1,2526,Nice,Moïse Bombito,5,2025,170,12969,D,2,154,0,0.0,0,0.0,0,0.0,0,0,1,0,0.0,0.0
FRA-Ligue 1,2526,Nice,Pablo Rosario,5,2025,170,9655,S,1,19,0,0.0812314674258232,0,0.0812314674258232,0,0.1006641313433647,2,1,0,0,0.2268148213624954,0.1455833613872528
FRA-Ligue 1,2526,Nice,Salis Abdul Samed,5,2025,170,9642,M S,18,935,0,0.0150888161733746,0,0.0150888161733746,0,0.0130633702501654,1,1,3,0,1.7302154079079628,1.7171520367264748
FRA-Ligue 1,2526,Nice,Sepe Elye Wahi,5,2025,170,9182,F S,14,937,5,4.234686259180307,4,3.474591109901666,1,0.7982091940939426,23,8,5,0,4.848278559744358,1.0522057861089706
FRA-Ligue 1,2526,Nice,Sofiane Diop,5,2025,170,6846,F M S,33,2191,8,8.183862524107099,6,6.663672225549817,2,3.579524790868163,54,36,5,0,13.850084845907986,5.422367064282298
FRA-Ligue 1,2526,Nice,Tanguy NDombele Alvaro,5,2025,170,5962,M S,8,273,0,0.2731320112943649,0,0.2731320112943649,1,0.4950277805328369,5,5,0,0,0.9504848010838032,0.2175728492438793
FRA-Ligue 1,2526,Nice,Terem Igobor Moffi,5,2025,170,8997,F S,10,484,2,2.451147548854351,2,2.451147548854351,0,0.6640479266643524,16,5,0,0,3.3552748262882237,0.5393990576267242
FRA-Ligue 1,2526,Nice,Tiago Gouveia,5,2025,170,14032,D M S,15,507,0,0.9029901213943958,0,0.9029901213943958,0,0.6395432502031326,12,2,2,0,1.151403535157442,0.701687641441822
FRA-Ligue 1,2526,Nice,Tom Louchet,5,2025,170,11515,D F M S,27,1344,3,3.120163287036121,3,3.120163287036121,2,3.325116191059351,21,20,1,1,7.88985560555011,3.209448383189738
FRA-Ligue 1,2526,Nice,Yehvann Diouf,5,2025,170,6709,GK,26,2340,0,0.0,0,0.0,0,0.0,0,0,1,0,2.103915302082896,2.103915302082896
FRA-Ligue 1,2526,Nice,Youssouf Ndayishimiye,5,2025,170,11339,M S,2,71,0,0.0,0,0.0,0,0.0,0,0,0,1,0.0,0.0
FRA-Ligue 1,2526,Nice,Zoumana Diallo,5,2025,170,14242,S,1,7,0,0.0,0,0.0,0,0.0824455916881561,0,1,0,0,0.0824455916881561,0.0
FRA-Ligue 1,2526,Paris,Adama Camara,5,2025,290,13805,D M S,29,2198,1,1.9149737488478424,1,1.9149737488478424,0,1.39525724388659,18,16,8,0,9.099290944635868,7.309254512190819
FRA-Ligue 1,2526,Paris,Alimami Gory,5,2025,290,13801,D F M S,24,959,5,3.891201537102461,5,3.891201537102461,1,0.6714342199265957,19,5,3,0,4.999185955151916,1.0015269126743078
FRA-Ligue 1,2526,Paris,Ciro Immobile,5,2025,290,1209,F S,12,736,2,2.3328911624848843,2,2.3328911624848843,2,1.9044423550367355,15,9,2,0,4.8917010352015495,2.161927657201886
FRA-Ligue 1,2526,Paris,Diego Coppola,5,2025,290,10169,D,13,1170,0,0.3868824653327465,0,0.3868824653327465,2,0.6742797177284956,5,3,1,0,3.065292614512145,2.7477271733805537
FRA-Ligue 1,2526,Paris,Hamari Traore,5,2025,290,3239,D S,18,1169,0,0.3639629986137151,0,0.3639629986137151,1,0.8060098411515355,4,9,4,0,4.230144029483199,3.7136071901768446
FRA-Ligue 1,2526,Paris,Ilan Kebbal,5,2025,290,9656,F M S,29,2247,9,6.201891345903277,6,3.1615764759480958,4,5.013933707028627,50,60,7,0,13.746420331299303,7.55346611700952
FRA-Ligue 1,2526,Paris,Jean-Phillipe Krasso,5,2025,290,8690,F S,25,1082,2,4.304056554101408,1,3.5439614383503795,2,3.1578205032274127,27,23,0,0,7.954925827682018,1.9078789902850983
FRA-Ligue 1,2526,Paris,Jonathan Ikone,5,2025,290,5661,F M S,23,1107,3,3.6328962482512,3,3.6328962482512,1,2.535602707415819,25,14,2,0,7.337351243942976,2.210764056071639
FRA-Ligue 1,2526,Paris,Julien Lopez,5,2025,290,13803,S,5,31,0,0.0,0,0.0,0,0.0,0,0,0,0,0.0238264705985784,0.0238264705985784
FRA-Ligue 1,2526,Paris,Kevin Trapp,5,2025,290,3286,GK,22,1980,0,0.0,0,0.0,0,0.0,0,0,2,0,2.614942293614149,2.614942293614149
FRA-Ligue 1,2526,Paris,Lohann Doucet,5,2025,290,10270,M S,5,114,1,0.6114895138889551,1,0.6114895138889551,0,0.0927539598196744,2,4,2,0,0.7432505246251822,0.0653122887015342
FRA-Ligue 1,2526,Paris,Luca Koleosho,5,2025,290,10620,M S,16,517,3,2.7315033990889788,3,2.7315033990889788,1,1.6554799880832434,17,8,0,0,5.772499497979879,2.4311221688985825
FRA-Ligue 1,2526,Paris,Mamadou Mbow,5,2025,290,9563,D S,31,2711,0,0.5624838881194592,0,0.5624838881194592,1,0.5212737750262022,10,4,5,0,8.553314772434533,8.509468046016991
FRA-Ligue 1,2526,Paris,Marshall Munetsi,5,2025,290,7908,F M S,15,985,4,4.142309173941612,4,4.142309173941612,1,0.841992974281311,19,7,0,0,4.212618008255959,1.621576115489006
FRA-Ligue 1,2526,Paris,Mathieu Cafaro,5,2025,290,3786,F S,10,133,0,0.3560937438160181,0,0.3560937438160181,0,0.2414950653910637,7,3,0,0,0.8715657591819763,0.555083841085434
FRA-Ligue 1,2526,Paris,Maxime Lopez,5,2025,290,3772,M S,26,1972,0,1.19584228284657,0,1.19584228284657,3,5.305629551410675,13,44,9,0,15.837323753163218,11.921094071120024
FRA-Ligue 1,2526,Paris,Mohamed Benoit-Dao,5,2025,290,14320,S,1,1,0,0.0,0,0.0,0,0.0,0,0,0,0,0.0,0.0
FRA-Ligue 1,2526,Paris,Moses Simon,5,2025,290,7169,F M S,29,2062,3,2.882196793332696,3,2.882196793332696,3,4.325151562690735,34,33,1,0,9.658759605139494,4.0332848858088255
FRA-Ligue 1,2526,Paris,Nhoa Sangui,5,2025,290,12317,D S,26,1723,0,0.5336753763258457,0,0.5336753763258457,0,1.2438078951090574,4,17,0,0,7.389661949127912,6.244092863053083
FRA-Ligue 1,2526,Paris,Nouha Dicko,5,2025,290,13802,S,8,51,1,0.6042886339128017,1,0.6042886339128017,1,0.2991392016410827,5,1,0,0,0.8723113313317299,0.3390029333531856
FRA-Ligue 1,2526,Paris,Obed Nkambadio,5,2025,290,13799,GK,12,1080,0,0.0,0,0.0,0,0.0066623808816075,0,1,0,0,3.50345600116998,3.496793620288372
FRA-Ligue 1,2526,Paris,Otávio,5,2025,290,13871,D S,23,1907,1,0.5789848626591265,1,0.5789848626591265,0,0.1723948009312153,12,4,6,1,5.907242963090539,5.754136506468058
FRA-Ligue 1,2526,Paris,Pierre-Yves Hamel,5,2025,290,5762,F S,2,78,0,0.0,0,0.0,0,0.0,0,0,0,0,0.1015194579958915,0.1015194579958915
FRA-Ligue 1,2526,Paris,Samir Chergui,5,2025,290,13800,D M S,15,1157,1,1.7387075843289497,1,1.7387075843289497,0,0.1467773839831352,13,2,1,0,4.541268460452557,4.155108980834484
FRA-Ligue 1,2526,Paris,Thibault De Smet,5,2025,290,8647,D S,17,1153,0,0.1855126786977052,0,0.1855126786977052,1,0.3585076257586479,4,4,2,2,4.638216312974691,4.51627979055047
FRA-Ligue 1,2526,Paris,Timothée Kolodziejczak,5,2025,290,2063,D S,11,660,0,0.0428484007716178,0,0.0428484007716178,0,0.0367399360984563,1,2,2,0,1.1362606137990952,1.0995206870138643
FRA-Ligue 1,2526,Paris,Tuomas Ollila,5,2025,290,13804,D S,10,297,0,0.1213762518018484,0,0.1213762518018484,0,0.1540660858154297,4,1,0,0,0.5127232279628515,0.3913469761610031
FRA-Ligue 1,2526,Paris,Vincent Marchetti,5,2025,290,5696,M S,23,798,2,2.1302939681336284,2,2.1302939681336284,1,0.5922490283846855,24,4,1,0,5.424442227929831,2.774930212646723
FRA-Ligue 1,2526,Paris,Willem Geubbels,5,2025,290,6332,F S,24,1013,5,5.863018184900284,4,5.102923050522804,0,0.5414527244865894,30,7,0,0,5.953760713338852,0.914133483543992
FRA-Ligue 1,2526,Paris Saint Germain,Achraf Hakimi,5,2025,161,5197,D F S,18,1382,2,2.801814373582601,2,2.801814373582601,2,1.457746408879757,27,21,3,1,9.875811459496616,7.461580440402031
FRA-Ligue 1,2526,Paris Saint Germain,Beraldo,5,2025,161,12346,D M S,20,1579,2,1.3617767803370953,2,1.3617767803370953,1,1.5083925519138577,14,14,2,0,11.281047388911247,10.67724785208702
FRA-Ligue 1,2526,Paris Saint Germain,Bradley Barcola,5,2025,161,10016,F S,29,1778,11,11.655976854264736,11,11.655976854264736,1,4.783318970352411,66,38,2,0,20.67596305720508,7.601958399638534
FRA-Ligue 1,2526,Paris Saint Germain,Dimitri Lucea,5,2025,161,14616,D S,2,59,0,0.0,0,0.0,0,0.0,0,0,0,0,0.1929029338061809,0.1929029338061809
FRA-Ligue 1,2526,Paris Saint Germain,Dro Fernández,5,2025,161,13749,M S,12,680,1,1.1994387656450272,1,1.1994387656450272,0,0.3181849550455808,9,7,0,0,4.123585641384125,3.072950217872858
FRA-Ligue 1,2526,Paris Saint Germain,Désiré Doué,5,2025,161,10431,F M S,23,1372,7,8.188008099794388,7,7.427912965416908,4,3.8526204489171514,55,29,0,0,15.078180879354475,6.510691784322262
FRA-Ligue 1,2526,Paris Saint Germain,Fabián,5,2025,161,2447,M S,20,1138,1,1.869937714189291,1,1.869937714189291,4,2.1869753282517195,19,19,1,0,8.531593032181263,6.012352647259831
FRA-Ligue 1,2526,Paris Saint Germain,Gonçalo Ramos,5,2025,161,11767,F S,30,1293,6,9.366714945062997,5,7.846524586901069,1,1.5339764999225736,58,17,2,1,7.911083575338125,3.1021426245570183
FRA-Ligue 1,2526,Paris Saint Germain,Ibrahim Mbaye,5,2025,161,12733,F M S,24,973,3,3.4287336245179176,3,3.4287336245179176,2,2.3628985602408648,24,20,0,0,8.629046227782965,3.1470533721148968
FRA-Ligue 1,2526,Paris Saint Germain,Illia Zabarnyi,5,2025,161,11486,D S,28,2387,1,0.5713930502533913,1,0.5713930502533913,0,0.1647182032465934,4,4,6,0,13.267120525240898,13.244858965277672
FRA-Ligue 1,2526,Paris Saint Germain,João Neves,5,2025,161,12734,M S,21,1280,5,3.160619251430034,5,3.160619251430034,1,2.475291315466165,27,14,0,0,9.292038716375828,7.089921586215496
FRA-Ligue 1,2526,Paris Saint Germain,Khvicha Kvaratskhelia,5,2025,161,7453,F S,28,1477,8,7.978250507265329,7,7.218155387789011,4,5.74300504103303,65,34,1,0,17.08897763863206,8.842163369059563
FRA-Ligue 1,2526,Paris Saint Germain,Lee Kang-In,5,2025,161,7313,F M S,27,1527,3,3.1583685893565416,3,3.1583685893565416,4,6.6062276884913445,37,58,3,0,13.055885864421723,7.922523466870189
FRA-Ligue 1,2526,Paris Saint Germain,Lucas Chevalier,5,2025,161,8638,GK,17,1530,0,0.0,0,0.0,0,0.0,0,0,0,0,3.965225800871849,3.965225800871849
FRA-Ligue 1,2526,Paris Saint Germain,Lucas Hernández,5,2025,161,2276,D S,25,1749,0,0.641115945763886,0,0.641115945763886,3,1.280301958322525,11,15,4,0,13.89805230870843,12.697192337363958
FRA-Ligue 1,2526,Paris Saint Germain,Marquinhos,5,2025,161,3297,D S,14,1040,0,0.0568516142666339,0,0.0568516142666339,0,0.0329714883118867,3,2,0,0,5.328810071572661,5.295838570222259
FRA-Ligue 1,2526,Paris Saint Germain,Mathis Jangeal,5,2025,161,14101,S,1,6,0,0.0,0,0.0,0,0.0,0,0,0,0,0.136464461684227,0.136464461684227
FRA-Ligue 1,2526,Paris Saint Germain,Matvey Safonov,5,2025,161,5480,GK,15,1350,0,0.0,0,0.0,0,0.0981416627764701,0,2,0,0,3.062261149287224,2.9641194865107536
FRA-Ligue 1,2526,Paris Saint Germain,Noah Nsoki,5,2025,161,14318,S,1,4,0,0.0,0,0.0,0,0.0,0,0,0,0,0.0,0.0
FRA-Ligue 1,2526,Paris Saint Germain,Nuno Mendes,5,2025,161,9961,D F S,20,1251,4,3.810142569243908,3,3.0500474497675896,5,5.055273981764913,30,29,1,0,11.64341450855136,9.271545879542828
FRA-Ligue 1,2526,Paris Saint Germain,Ousmane Dembélé,5,2025,161,3226,F S,22,1050,10,6.604901619255543,8,4.324616186320782,7,5.207486420869827,45,41,0,0,10.21094974130392,4.470038652420044
FRA-Ligue 1,2526,Paris Saint Germain,Pierre Mounguengue,5,2025,161,14597,S,1,15,0,0.6912807822227478,0,0.6912807822227478,0,0.0,2,0,0,0,0.7156164050102234,0.0243356321007013
FRA-Ligue 1,2526,Paris Saint Germain,Quentin Ndjantou,5,2025,161,13626,M S,10,344,1,1.466904889792204,1,1.466904889792204,1,0.3161036949604749,9,5,1,0,3.159311279654503,1.608749993145466
FRA-Ligue 1,2526,Paris Saint Germain,Renato Marin,5,2025,161,12304,GK,2,180,0,0.0,0,0.0,0,0.0,0,0,0,0,0.1977738849818706,0.1977738849818706
FRA-Ligue 1,2526,Paris Saint Germain,Senny Mayulu,5,2025,161,12345,D F M S,26,1704,4,4.818055000156164,4,4.818055000156164,4,4.020334480330348,35,39,2,0,11.622840972617269,5.123189397156239
FRA-Ligue 1,2526,Paris Saint Germain,Vitinha,5,2025,161,8777,M S,29,2122,1,0.9833967238664628,1,0.9833967238664628,7,3.455289619043469,34,34,2,0,20.08155496791005,17.677632499486208
FRA-Ligue 1,2526,Paris Saint Germain,Warren Zaïre-Emery,5,2025,161,10786,D M S,32,2460,3,2.0695376126095653,3,2.0695376126095653,4,4.277606188319624,19,42,3,0,20.938116820529103,16.631349600851536
FRA-Ligue 1,2526,Paris Saint Germain,William Pacho,5,2025,161,11910,D S,23,1910,0,0.4116395451128483,0,0.4116395451128483,0,0.086424134671688,8,2,0,0,13.224247073754668,13.1378229316324
FRA-Ligue 1,2526,Rennes,Abdelhamid Aït Boudlal,5,2025,163,13329,D S,20,1396,2,1.8210137831047175,2,1.8210137831047175,1,0.531465470790863,13,1,3,1,4.456149698235095,4.422290397807956
FRA-Ligue 1,2526,Rennes,Alidu Seidu,5,2025,163,9652,D S,21,1194,0,0.0986225018277764,0,0.0986225018277764,1,1.1613133689388633,5,8,1,0,5.668631431646645,5.559483170509338
FRA-Ligue 1,2526,Rennes,Anthony Rouault,5,2025,163,10789,D S,21,1723,1,2.573473647236824,1,2.573473647236824,0,0.1675164084881544,9,6,4,0,6.358025182038546,5.803711373358965
FRA-Ligue 1,2526,Rennes,Arnaud Nordin,5,2025,163,5684,D F M S,10,586,1,1.3559088744223118,1,1.3559088744223118,3,1.4128927364945412,20,6,1,0,3.168128479272127,1.475553690455854
FRA-Ligue 1,2526,Rennes,Bertug Yildirim,5,2025,163,12039,S,1,1,0,0.0,0,0.0,0,0.1205417215824127,0,1,0,0,0.1205417215824127,0.1205417215824127
FRA-Ligue 1,2526,Rennes,Breel Embolo,5,2025,163,5356,F S,31,1870,9,9.035452591255307,9,9.035452591255307,3,1.4657922452315688,41,15,2,0,11.81740845553577,3.815189575776458
FRA-Ligue 1,2526,Rennes,Brice Samba,5,2025,163,4748,GK,32,2880,0,0.0,0,0.0,0,0.0573797356337308,0,2,5,0,6.368423242121935,6.332895465195179
FRA-Ligue 1,2526,Rennes,Christopher Wooh,5,2025,163,9631,D S,2,64,0,0.0,0,0.0,0,0.0,0,0,0,1,0.3322351574897766,0.3322351574897766
FRA-Ligue 1,2526,Rennes,Djaoui Cissé,5,2025,163,12451,M S,24,965,0,0.7663131225854158,0,0.7663131225854158,0,0.8388501536101103,24,13,3,0,4.438290206715465,3.444454189389944
FRA-Ligue 1,2526,Rennes,Elias Legendre,5,2025,163,14201,S,6,27,0,0.4692566990852356,0,0.4692566990852356,0,0.1309029906988144,1,2,0,0,0.7294263541698456,0.1292666643857956
FRA-Ligue 1,2526,Rennes,Fabian Rieder,5,2025,163,12038,M S,3,144,0,0.0142771871760487,0,0.0142771871760487,0,0.2747606635093689,1,2,0,0,0.4903169274330139,0.2012790739536285
FRA-Ligue 1,2526,Rennes,Glen Kamara,5,2025,163,12879,S,4,47,0,0.0,0,0.0,0,0.0,0,0,0,0,0.2629594877362251,0.2629594877362251
FRA-Ligue 1,2526,Rennes,Henrick Do Marcolino,5,2025,163,13356,S,1,1,0,0.0,0,0.0,0,0.0,0,0,0,0,0.0,0.0
FRA-Ligue 1,2526,Rennes,Ibrahim Salah,5,2025,163,11371,S,2,22,0,0.0487111434340477,0,0.0487111434340477,0,0.0,1,0,0,0,0.385202556848526,0.385202556848526
FRA-Ligue 1,2526,Rennes,Jérémy Jacquet,5,2025,163,11545,D,19,1678,0,0.7883376181125641,0,0.7883376181125641,0,0.5708747990429401,11,8,4,1,7.01008303463459,6.824784852564335
FRA-Ligue 1,2526,Rennes,Lilian Brassier,5,2025,163,8677,D S,27,2253,0,0.8947227848693728,0,0.8947227848693728,1,0.9079731702804564,11,13,2,0,8.077245973050594,7.724599443376064
FRA-Ligue 1,2526,Rennes,Lucas Rosier,5,2025,163,14161,S,2,2,0,0.0,0,0.0,0,0.0,0,0,0,0,0.0,0.0
FRA-Ligue 1,2526,Rennes,Ludovic Blas,5,2025,163,3475,D F M S,32,1521,5,4.744255687110126,3,3.224065418355167,4,6.979083426296711,47,48,1,0,13.111039499752223,6.562168078497052
FRA-Ligue 1,2526,Rennes,Mahamadou Nagida,5,2025,163,12159,D S,19,780,0,0.5822554156184196,0,0.5822554156184196,0,0.1402588495984673,13,5,2,0,3.799535229802132,3.1996151953935623
FRA-Ligue 1,2526,Rennes,Mahdi Camara,5,2025,163,6452,D M S,32,2670,3,2.641194898635149,3,2.641194898635149,1,2.1875408850610256,29,23,5,1,12.445880690589547,8.626727394759655
FRA-Ligue 1,2526,Rennes,Mathys Silistre,5,2025,163,13905,GK,2,180,0,0.0,0,0.0,0,0.0,0,0,0,0,0.0600561387836933,0.0600561387836933
FRA-Ligue 1,2526,Rennes,Mikayil Faye,5,2025,163,12530,S,1,5,0,0.0,0,0.0,0,0.0,0,0,0,0,0.1205417215824127,0.1205417215824127
FRA-Ligue 1,2526,Rennes,Mohamed Meïté,5,2025,163,13210,F S,17,502,3,4.262058779597282,3,4.262058779597282,2,1.3208915255963802,22,5,0,0,5.048720572143793,1.39393512904644
FRA-Ligue 1,2526,Rennes,Mousa Al Tamari,5,2025,163,11782,D F M S,33,2265,6,4.307022389955819,6,4.307022389955819,6,4.362868030555546,64,34,4,0,13.49890786781907,5.7597999684512615
FRA-Ligue 1,2526,Rennes,Nordan Mukiele,5,2025,163,13906,S,8,69,1,0.1403165059164166,1,0.1403165059164166,0,0.0916880220174789,4,1,0,0,0.5470891110599041,0.4067725948989391
FRA-Ligue 1,2526,Rennes,Przemyslaw Frankowski,5,2025,163,9633,D M S,19,1230,1,0.3376607820391655,1,0.3376607820391655,2,2.6184137174859643,9,29,5,0,6.106847031973302,5.379636352881789
FRA-Ligue 1,2526,Rennes,Quentin Merlin,5,2025,163,9399,D M S,33,2534,1,1.84683189727366,1,1.84683189727366,5,4.493204697966576,26,47,2,0,12.003213994204998,8.729623379185796
FRA-Ligue 1,2526,Rennes,Sebastian Szymanski,5,2025,163,7631,M S,16,796,1,0.5328370127826929,1,0.5328370127826929,3,2.565967228263617,12,19,2,0,4.675009226426482,3.267172910273075
FRA-Ligue 1,2526,Rennes,Seko Fofana,5,2025,163,1144,M S,12,659,1,0.7612503450363874,1,0.7612503450363874,0,0.6452769339084625,9,11,0,0,3.743103414773941,2.6357836835086346
FRA-Ligue 1,2526,Rennes,Valentin Rongier,5,2025,163,3673,M,31,2750,2,0.782729365862906,2,0.782729365862906,5,4.391351553611457,22,44,6,0,15.28383518382907,12.994579819962382
FRA-Ligue 1,2526,Rennes,Yassir Zabiri,5,2025,163,14459,S,6,29,0,0.6431567743420601,0,0.6431567743420601,0,0.0,4,0,0,0,0.6074235904961824,0.0583335906267166
FRA-Ligue 1,2526,Strasbourg,Aaron Anselmino,5,2025,225,13460,S,3,12,0,0.0,0,0.0,0,0.0,0,0,0,0,0.0,0.0
FRA-Ligue 1,2526,Strasbourg,Amadou Cissé,5,2025,225,13246,D,1,90,0,0.0,0,0.0,0,0.0709103196859359,0,1,0,0,0.1132614761590957,0.0423511564731597
FRA-Ligue 1,2526,Strasbourg,Andrew Omobamidele,5,2025,225,9833,D S,25,1336,1,0.9338973155245184,1,0.9338973155245184,0,0.0,4,0,4,0,6.619090389460325,6.619090389460325
FRA-Ligue 1,2526,Strasbourg,Ben Chilwell,5,2025,225,782,D M S,20,1613,0,0.2908765040338039,0,0.2908765040338039,2,1.4190899282693863,5,7,4,0,7.4669726844877,6.263752227649093
FRA-Ligue 1,2526,Strasbourg,David Datro Fofana,5,2025,225,11295,F S,5,172,0,0.9711511135101318,0,0.9711511135101318,0,0.0276005733758211,3,1,0,0,1.0593343377113342,0.2839768826961517
FRA-Ligue 1,2526,Strasbourg,Diego Moreira,5,2025,225,11978,D M S,27,2063,4,2.222741227596998,4,2.222741227596998,7,6.940216278657317,29,37,4,0,14.191159365698695,8.783062366768718
FRA-Ligue 1,2526,Strasbourg,Dilane Bakwa,5,2025,225,8920,S,3,94,1,0.0750504583120346,1,0.0750504583120346,2,0.6692362725734711,2,3,0,0,1.7559681087732315,1.680917650461197
FRA-Ligue 1,2526,Strasbourg,Emanuel Emegha,5,2025,225,11817,F S,10,427,4,4.252192250452936,4,4.252192250452936,2,1.264881502836943,17,3,3,0,4.948436848819256,0.4580105412751436
FRA-Ligue 1,2526,Strasbourg,Felix Lemarechal,5,2025,225,10057,F M S,11,556,0,0.911349218338728,0,0.911349218338728,2,1.2359443046152592,10,7,1,0,3.2352783121168613,1.358577482402325
FRA-Ligue 1,2526,Strasbourg,Gessime Yassine,5,2025,225,14359,M S,12,505,0,0.5050588417798281,0,0.5050588417798281,1,1.593078263103962,8,7,0,0,2.7707884162664413,1.095685675740242
FRA-Ligue 1,2526,Strasbourg,Guela Doué,5,2025,225,10868,D M S,24,2065,2,1.8365227379836144,2,1.8365227379836144,6,2.7406088560819626,12,19,3,0,10.025115761905909,7.648034475743771
FRA-Ligue 1,2526,Strasbourg,Guemissongui Ouattara,5,2025,225,10485,D M S,28,1763,2,2.817349845543504,2,2.817349845543504,0,1.7850391454994678,27,6,2,0,8.862127166241407,6.286148220300674
FRA-Ligue 1,2526,Strasbourg,Idrissa Sabaly,5,2025,225,14581,M,1,58,0,0.0272270683199167,0,0.0272270683199167,0,0.0,1,0,0,0,0.0441134385764598,0.016886368393898
FRA-Ligue 1,2526,Strasbourg,Ismaël Doukouré,5,2025,225,10390,D M,25,2090,0,0.520645690150559,0,0.520645690150559,2,0.7339983405545354,7,6,4,2,8.15952231734991,7.986851118505001
FRA-Ligue 1,2526,Strasbourg,Jean-Baptiste Bosey,5,2025,225,14469,S,1,1,0,0.0,0,0.0,0,0.0,0,0,0,0,0.0,0.0
FRA-Ligue 1,2526,Strasbourg,Joaquín Panichelli,5,2025,225,12413,F M S,27,2202,16,14.715991329401731,11,10.155420538038015,1,2.9524750281125307,58,21,3,0,14.645621437579392,3.873768337070942
FRA-Ligue 1,2526,Strasbourg,Julio Enciso,5,2025,225,11058,F M S,27,1918,3,7.675233259797096,2,6.915138140320778,6,4.41795701906085,61,26,2,0,15.821536289528012,5.9863391406834126
FRA-Ligue 1,2526,Strasbourg,Karl-Johan Johnsson,5,2025,225,5690,GK,1,90,0,0.0,0,0.0,0,0.0,0,0,0,0,0.3783048093318939,0.3783048093318939
FRA-Ligue 1,2526,Strasbourg,Kendry Páez,5,2025,225,13818,F M S,15,411,1,1.0802584141492844,1,1.0802584141492844,0,0.4478355869650841,10,6,0,0,2.189251961186528,0.9697998259216548
FRA-Ligue 1,2526,Strasbourg,Lucas Høgsberg,5,2025,225,13817,D S,24,1805,0,0.2162238508462906,0,0.2162238508462906,0,0.0,4,0,2,1,5.591882798820734,5.591882798820734
FRA-Ligue 1,2526,Strasbourg,Mamadou Sarr,5,2025,225,11253,D,15,1306,0,0.0497182086110115,0,0.0497182086110115,0,0.0402926057577133,1,1,3,0,4.751081405207515,4.710788814350963
FRA-Ligue 1,2526,Strasbourg,Martial Godo,5,2025,225,11164,M S,28,1602,10,8.613017499446869,10,8.613017499446869,1,2.2593456469476223,41,22,2,0,15.288090150803328,5.07086955755949
FRA-Ligue 1,2526,Strasbourg,Mathis Amougou,5,2025,225,12808,M S,12,407,0,0.1451113596558571,0,0.1451113596558571,0,0.2477673664689064,3,5,1,0,0.8676219303160906,0.5532037187367678
FRA-Ligue 1,2526,Strasbourg,Maxi Oyedele,5,2025,225,13819,D M S,8,456,1,0.076160529628396,1,0.076160529628396,0,0.0185837969183921,2,1,3,0,1.2190726716071367,1.142537610605359
FRA-Ligue 1,2526,Strasbourg,Mike Penders,5,2025,225,13816,GK,33,2970,0,0.0,0,0.0,0,0.0,0,0,3,0,6.352632600814104,6.352632600814104
FRA-Ligue 1,2526,Strasbourg,Rabby Nzingoula,5,2025,225,12400,S,4,44,0,0.0482503212988376,0,0.0482503212988376,0,0.073959931731224,1,1,0,1,0.1222102530300617,0.0
FRA-Ligue 1,2526,Strasbourg,Rafael Luís,5,2025,225,13916,D M S,12,573,0,0.163346279412508,0,0.163346279412508,1,0.5335858296602964,5,6,0,0,2.021889232099056,1.414797704666853
FRA-Ligue 1,2526,Strasbourg,Samir El Mourabet,5,2025,225,12284,M S,33,2145,1,0.3717561801895499,1,0.3717561801895499,2,2.710016814060509,12,28,4,0,9.81571489572525,7.251820180565119
FRA-Ligue 1,2526,Strasbourg,Samuel Amo-Ameyaw,5,2025,225,11618,D M S,25,1010,2,1.184529721736908,2,1.184529721736908,2,1.229766269214451,17,13,2,0,4.935548759996891,3.270142339169979
FRA-Ligue 1,2526,Strasbourg,Sebastian Nanasi,5,2025,225,12970,M S,19,1039,7,4.77130252122879,7,4.77130252122879,2,2.442550702020526,19,17,0,0,8.60329944267869,2.163847930729389
FRA-Ligue 1,2526,Strasbourg,Tyrese Noubissie,5,2025,225,14411,S,4,41,0,0.0,0,0.0,0,0.0123038841411471,0,1,1,0,0.7714074496179819,0.7714074496179819
FRA-Ligue 1,2526,Strasbourg,Valentín Barco,5,2025,225,12498,M S,27,2187,2,3.289822520688176,2,3.289822520688176,4,5.2952551282942295,27,38,5,1,17.073288526386023,10.955026110634208
FRA-Ligue 1,2526,Strasbourg,Yaya Diémé,5,2025,225,14605,F S,3,159,0,0.1817108392715454,0,0.1817108392715454,0,0.0,2,0,2,0,0.1019145250320434,0.0521633476018905
FRA-Ligue 1,2526,Toulouse,Abu Francis,5,2025,174,14049,M S,8,546,0,0.1765392795205116,0,0.1765392795205116,0,0.0443781726062297,6,1,2,0,1.878791879862547,1.688640858978033
FRA-Ligue 1,2526,Toulouse,Alexis Vossah,5,2025,174,13757,M S,23,1097,1,0.4475819719955325,1,0.4475819719955325,1,0.6934271529316902,9,7,5,1,2.707592196762562,2.048197515308857
FRA-Ligue 1,2526,Toulouse,Aron Dønnum,5,2025,174,12045,D F M,28,2438,4,4.60387984290719,1,2.323594458401203,4,6.289067713543773,40,63,8,1,11.223862638697028,5.957076565362513
FRA-Ligue 1,2526,Toulouse,Charlie Cresswell,5,2025,174,9220,D S,29,2537,3,4.463126664981246,3,4.463126664981246,2,1.1976852640509603,38,11,8,0,6.1904706954956055,4.257518079131842
FRA-Ligue 1,2526,Toulouse,Cristian Cásseres Jr.,5,2025,174,11777,M S,31,2596,2,1.70372299477458,2,0.943627830594778,3,3.142685988917947,26,37,6,0,9.059219665825369,7.050339192152023
FRA-Ligue 1,2526,Toulouse,Dayann Methalie,5,2025,174,12841,D S,28,1996,2,1.47647943533957,2,1.47647943533957,1,2.0381923392415047,15,11,9,0,6.005196031183004,3.231016034260392
FRA-Ligue 1,2526,Toulouse,Djibril Sidibe,5,2025,174,3357,D S,33,2259,3,3.01466503739357,2,1.4944747984409332,4,1.9726380528882144,8,15,1,0,5.725381668657064,4.560083646327257
FRA-Ligue 1,2526,Toulouse,Emersonn,5,2025,174,14082,F S,28,1607,7,7.415036683902144,7,7.415036683902144,2,1.8788170740008356,51,19,5,1,8.169102063402534,1.4885814795270562
FRA-Ligue 1,2526,Toulouse,Frank Magri,5,2025,174,10193,F M S,17,1297,5,4.1963038221001625,5,3.436208687722683,1,0.8383028265088797,33,14,3,0,3.482685424387455,1.0790665484964848
FRA-Ligue 1,2526,Toulouse,Guillaume Restes,5,2025,174,11776,GK,34,3033,0,0.0,0,0.0,0,0.0612147636711597,0,1,3,0,2.951088210567832,2.951088210567832
FRA-Ligue 1,2526,Toulouse,Ilyas Azizi,5,2025,174,13608,S,3,23,0,0.0573430694639682,0,0.0573430694639682,0,0.0287496279925107,1,1,0,0,0.1490794345736503,0.1203298009932041
FRA-Ligue 1,2526,Toulouse,Jacen Russell-Rowe,5,2025,174,14435,F S,13,461,1,1.5652745682746172,1,1.5652745682746172,0,0.2025160547345876,11,6,0,0,1.8706004470586777,0.5934525821357965
FRA-Ligue 1,2526,Toulouse,Jaydee Canvot,5,2025,174,13091,D M,2,180,0,0.100351944565773,0,0.100351944565773,0,0.0,2,0,1,0,0.1547568142414093,0.0544048696756362
FRA-Ligue 1,2526,Toulouse,Julián Vignolo,5,2025,174,13918,M S,13,154,2,1.6874926052987576,2,1.6874926052987576,0,0.330946609377861,8,7,0,0,0.6546274572610855,0.129887368530035
FRA-Ligue 1,2526,Toulouse,Kjetil Haug,5,2025,174,10800,S,1,27,0,0.0,0,0.0,0,0.0,0,0,0,0,0.3960287570953369,0.3960287570953369
FRA-Ligue 1,2526,Toulouse,Mark McKenzie,5,2025,174,12842,D S,30,2497,0,0.2593727596104145,0,0.2593727596104145,2,2.299533972516656,6,17,7,1,7.279053285717964,5.792841300368309
FRA-Ligue 1,2526,Toulouse,Mathis Saka,5,2025,174,13211,S,1,2,0,0.0,0,0.0,0,0.0,0,0,0,0,0.0,0.0
FRA-Ligue 1,2526,Toulouse,Mário Sauer,5,2025,174,13755,M S,25,611,1,1.286695908755064,1,1.286695908755064,0,0.1282690949738025,14,3,4,0,2.095279081724584,0.7933451663702726
FRA-Ligue 1,2526,Toulouse,Pape Diop,5,2025,174,14358,M S,16,1277,1,1.532203583046794,1,1.532203583046794,2,1.71294922567904,29,20,2,0,4.120846760459244,2.7289467100054026
FRA-Ligue 1,2526,Toulouse,Rafik Messali,5,2025,174,12598,D M S,12,493,0,0.0,0,0.0,0,0.6397527754306793,0,3,2,0,1.0807295013219118,0.4409767556935549
FRA-Ligue 1,2526,Toulouse,Rasmus Nicolaisen,5,2025,174,10788,D S,33,2672,1,0.8822177099063993,1,0.8822177099063993,0,0.097613513469696,15,2,3,0,4.627384912222624,4.41113942489028
FRA-Ligue 1,2526,Toulouse,Santiago Hidalgo,5,2025,174,13756,F M S,29,1387,4,4.3010341711342335,4,4.3010341711342335,6,2.72281704004854,34,13,4,0,6.958296973258257,2.094240222126245
FRA-Ligue 1,2526,Toulouse,Seny Koumbassa,5,2025,174,13758,D S,10,522,1,0.4978318251669407,1,0.4978318251669407,0,0.0,3,0,0,0,0.8287217114120722,0.8287217114120722
FRA-Ligue 1,2526,Toulouse,Warren Kamanzi,5,2025,174,11291,D S,24,825,1,1.5046230126172304,1,1.5046230126172304,1,0.5564930234104395,12,9,1,0,3.678338922560215,1.8030570596456528
FRA-Ligue 1,2526,Toulouse,Yann Gboho,5,2025,174,6874,F M S,32,2709,8,5.64604014903307,8,5.64604014903307,4,4.147567499428988,58,57,1,1,13.230931421741843,5.129378456622362
GER-Bundesliga,2526,Augsburg,Aiman Dardari,3,2025,121,13981,S,3,21,0,0.0560666285455226,0,0.0560666285455226,0,0.0,1,0,1,0,0.0560666285455226,0.0
GER-Bundesliga,2526,Augsburg,Alexis Claude Maurice,3,2025,121,5752,F M S,29,2135,5,6.339031929150224,4,4.82347852922976,4,3.215671157464385,71,32,3,0,10.869376560673118,5.332539309747517
GER-Bundesliga,2526,Augsburg,Anton Kade,3,2025,121,10288,D F M S,28,1740,6,6.7122930232435465,6,6.7122930232435465,0,3.0941985473036766,48,25,3,0,10.916635751724243,1.8429135736078024
GER-Bundesliga,2526,Augsburg,Arne Maier,3,2025,121,5298,S,1,1,0,0.0,0,0.0,0,0.0,0,0,0,0,0.0,0.0
GER-Bundesliga,2526,Augsburg,Arthur Chaves,3,2025,121,13101,D S,15,1062,2,1.0467653088271618,2,1.0467653088271618,0,0.2324150362983346,5,4,2,0,1.9321790896356104,1.686458982527256
GER-Bundesliga,2526,Augsburg,Chrislain Matsima,3,2025,121,8643,D S,18,1494,1,0.5652054697275162,1,0.5652054697275162,1,0.5844853427261114,7,4,5,0,2.247604363597929,2.1535102361813188
GER-Bundesliga,2526,Augsburg,Cédric Zesiger,3,2025,121,11850,D S,27,1798,0,1.7500400636345148,0,1.7500400636345148,0,0.5558719579130411,12,9,5,0,4.428809206932783,3.970293586142361
GER-Bundesliga,2526,Augsburg,Dimitris Giannoulis,3,2025,121,9745,D S,27,1957,2,0.9717476665973664,2,0.9717476665973664,5,3.862480258569122,10,33,8,0,6.426895641721785,3.064006181433797
GER-Bundesliga,2526,Augsburg,Elias Saad,3,2025,121,12980,F M S,10,518,0,0.3716530837118625,0,0.3716530837118625,0,0.6210179030895233,6,12,1,0,1.412656469270587,0.5558570027351379
GER-Bundesliga,2526,Augsburg,Elvis Rexhbecaj,3,2025,121,6445,D M S,26,1098,2,0.5392126142978668,2,0.5392126142978668,0,0.7069284673780203,11,9,3,0,2.577535273507237,1.4284834694117308
GER-Bundesliga,2526,Augsburg,Fabian Rieder,3,2025,121,12038,D F M S,32,2387,6,4.166463605128229,4,2.650910287164152,3,5.375069449655712,38,44,4,0,11.631565358489752,6.491243749856949
GER-Bundesliga,2526,Augsburg,Finn Dahmen,3,2025,121,6596,GK,34,3060,0,0.6633901596069336,0,0.6633901596069336,0,0.2969367634505033,1,4,1,0,4.446497203782201,4.14956040866673
GER-Bundesliga,2526,Augsburg,Han-Noah Massengo,3,2025,121,7264,M S,33,2455,2,1.7316314969211817,2,1.7316314969211817,1,1.635585960932076,20,17,5,0,8.934063652530313,5.818135930225253
GER-Bundesliga,2526,Augsburg,Ismaël Gharbi,3,2025,121,9766,S,6,71,0,0.2259623706340789,0,0.2259623706340789,0,0.0321240313351154,3,1,0,0,0.1278797946870327,0.0604740791022777
GER-Bundesliga,2526,Augsburg,Jeffrey Gouweleeuw,3,2025,121,2665,D S,11,857,0,0.236933896318078,0,0.236933896318078,1,0.378789821639657,5,5,3,0,1.2999653723090887,1.004734518006444
GER-Bundesliga,2526,Augsburg,Keven Schlotterbeck,3,2025,121,7401,D S,24,2025,0,1.3001904971897602,0,0.5424138195812702,1,1.029070470482111,12,12,5,1,5.31422508880496,4.888037363067269
GER-Bundesliga,2526,Augsburg,Kristijan Jakic,3,2025,121,9986,D M S,26,1655,2,1.4403803190216422,2,1.4403803190216422,1,1.360763007774949,18,13,5,0,4.3531388053670526,3.167064012028277
GER-Bundesliga,2526,Augsburg,Mads Pedersen,3,2025,121,7809,D S,7,182,0,0.1650688666850328,0,0.1650688666850328,0,0.1485102549195289,3,4,0,0,1.0306250602006912,0.7902142554521561
GER-Bundesliga,2526,Augsburg,Marius Wolf,3,2025,121,2693,D F M S,29,1002,1,1.7143956972286103,1,1.7143956972286103,1,3.691459383815527,14,21,4,0,4.361116588115692,1.4035527957603335
GER-Bundesliga,2526,Augsburg,Mert Kömür,3,2025,121,11604,F M S,28,1455,2,4.645504482090473,2,4.645504482090473,4,2.76681075245142,41,21,1,0,7.051191717386246,1.7611310807988048
GER-Bundesliga,2526,Augsburg,Michael Gregoritsch,3,2025,121,171,F S,17,926,6,6.215451763942838,5,5.457675086334348,2,1.5184729620814323,29,7,2,0,6.945263855159283,2.202855406329036
GER-Bundesliga,2526,Augsburg,Noahkai Banks,3,2025,121,13149,D S,23,1746,1,1.230864397250116,1,1.230864397250116,1,0.9259122600778936,9,7,8,0,4.726021298207343,3.706311522051692
GER-Bundesliga,2526,Augsburg,Phillip Tietz,3,2025,121,11845,F S,29,1811,6,11.598579058423638,6,10.840802321210504,2,1.9211469320580363,51,19,4,0,15.156334765255451,4.183608392253518
GER-Bundesliga,2526,Augsburg,Robin Fellhauer,3,2025,121,13865,D M S,34,2829,3,2.591770839877426,3,2.591770839877426,2,2.142268791794777,29,31,2,0,8.661767035722733,4.585818454623222
GER-Bundesliga,2526,Augsburg,Rodrigo Ribeiro,3,2025,121,12418,F S,14,629,2,4.629444479942322,2,4.629444479942322,0,0.0266821533441543,26,1,1,0,5.407829083502293,1.2390874158591032
GER-Bundesliga,2526,Augsburg,Samuel Essende,3,2025,121,12922,F S,14,361,1,1.4566263109445572,1,1.4566263109445572,0,0.4276743633672595,17,4,2,0,1.6914420491084456,0.1369437035173177
GER-Bundesliga,2526,Augsburg,Tim Schnitzer,3,2025,121,14252,S,1,1,0,0.0,0,0.0,0,0.0,0,0,0,0,0.0,0.0
GER-Bundesliga,2526,Augsburg,Uchenna Ogundu,3,2025,121,14455,S,5,33,0,0.1586935222148895,0,0.1586935222148895,0,0.0,3,0,0,0,0.2753217816352844,0.1592796854674816
GER-Bundesliga,2526,Augsburg,Yannik Keitel,3,2025,121,8206,D M S,6,247,0,0.0,0,0.0,0,0.0,0,0,2,0,0.5297181829810143,0.5297181829810143
GER-Bundesliga,2526,Bayer Leverkusen,Aleix García,3,2025,119,1055,M S,33,2708,3,2.478695845231414,3,2.478695845231414,7,6.065944831818342,30,49,6,0,21.396803221665323,18.524734436534345
GER-Bundesliga,2526,Bayer Leverkusen,Alejo Sarco,3,2025,119,13505,S,6,107,0,0.4211624972522259,0,0.4211624972522259,0,0.2505437489598989,4,2,0,0,0.9105963241308928,0.2895685136318207
GER-Bundesliga,2526,Bayer Leverkusen,Arthur,3,2025,119,11868,D S,20,1130,1,1.1891322792507708,1,1.1891322792507708,3,1.199713435024023,10,15,3,0,6.4784804452210665,5.219180366024375
GER-Bundesliga,2526,Bayer Leverkusen,Axel Tape,3,2025,119,13215,D S,6,214,0,0.1425793543457985,0,0.1425793543457985,0,0.0,3,0,1,0,0.692778505384922,0.5725748687982559
GER-Bundesliga,2526,Bayer Leverkusen,Ben Seghir,3,2025,119,10771,M S,10,229,0,0.0945551376789808,0,0.0945551376789808,0,1.20674866437912,5,5,2,0,1.474426168948412,0.2767635583877563
GER-Bundesliga,2526,Bayer Leverkusen,Christian Kofane,3,2025,119,13856,F M S,29,1231,5,8.046371582895517,5,8.046371582895517,4,2.242532966658473,46,17,3,0,11.18430045247078,1.869088165462017
GER-Bundesliga,2526,Bayer Leverkusen,Claudio Echeverri,3,2025,119,13649,M S,6,112,0,0.113501064479351,0,0.113501064479351,0,0.040528729557991,1,1,0,0,0.2705470249056816,0.1570459604263305
GER-Bundesliga,2526,Bayer Leverkusen,Edmond Tapsoba,3,2025,119,8317,D,29,2579,5,4.23943140450865,5,4.23943140450865,3,1.7085091285407543,29,11,7,0,16.401180177927017,14.981057460419834
GER-Bundesliga,2526,Bayer Leverkusen,Ernest Poku,3,2025,119,13857,D M S,29,1471,5,3.727354511618614,5,3.727354511618614,5,3.15851978585124,27,27,0,0,10.750237088650463,4.377705059945583
GER-Bundesliga,2526,Bayer Leverkusen,Exequiel Palacios,3,2025,119,8325,M S,18,1079,0,0.439077272079885,0,0.439077272079885,1,1.3159740213304758,10,13,3,0,7.690991470590234,7.098266148939729
GER-Bundesliga,2526,Bayer Leverkusen,Ezequiél Fernández,3,2025,119,14008,M S,20,1009,0,0.534800324589014,0,0.534800324589014,1,0.7951555736362934,11,8,2,1,7.950819112360477,7.362088220193982
GER-Bundesliga,2526,Bayer Leverkusen,Ibrahim Maza,3,2025,119,11484,M S,28,1845,3,6.0146804098039865,3,6.0146804098039865,4,4.390553383156657,53,28,2,0,17.926695466041565,9.699600376188757
GER-Bundesliga,2526,Bayer Leverkusen,Janis Blaswich,3,2025,119,4313,GK S,11,928,0,0.0,0,0.0,0,0.0981956124305725,0,2,1,0,1.5909389518201351,1.4927433393895626
GER-Bundesliga,2526,Bayer Leverkusen,Jarell Quansah,3,2025,119,10187,D S,28,2303,3,3.567939020693302,3,3.567939020693302,0,0.9014928825199604,18,11,9,0,12.289946498349307,9.830473124980928
GER-Bundesliga,2526,Bayer Leverkusen,Jeanuël Belocian,3,2025,119,10300,D S,22,1543,0,0.4228645600378513,0,0.4228645600378513,1,0.4648522362112999,4,4,3,0,4.143129628151655,3.372005421668291
GER-Bundesliga,2526,Bayer Leverkusen,Jonas Hofmann,3,2025,119,320,D M S,23,997,2,2.1885164361447096,2,2.1885164361447096,2,2.7552873007953167,23,16,2,0,9.790684130042791,5.792823223397136
GER-Bundesliga,2526,Bayer Leverkusen,Loic Bade,3,2025,119,8665,D S,23,1655,0,1.2505972078070045,0,1.2505972078070045,0,0.1378594860434532,12,2,5,0,10.064088642597198,9.906061917543411
GER-Bundesliga,2526,Bayer Leverkusen,Lucas Vázquez,3,2025,119,2253,D S,12,483,1,0.9143912717700003,1,0.9143912717700003,2,2.509555133059621,4,10,2,0,5.7617636397480965,2.454696498811245
GER-Bundesliga,2526,Bayer Leverkusen,Malik Tillman,3,2025,119,9860,M S,29,1681,6,5.122428148984909,6,5.122428148984909,1,3.604807078838349,34,27,2,0,12.581189319491386,5.058479489758611
GER-Bundesliga,2526,Bayer Leverkusen,Mark Flekken,3,2025,119,7047,GK,24,2132,0,0.0,0,0.0,0,0.0720671415328979,0,1,1,0,5.080403530970216,5.008336389437318
GER-Bundesliga,2526,Bayer Leverkusen,Martin Terrier,3,2025,119,5611,F M S,18,667,4,3.201124083250761,4,3.201124083250761,1,1.0998335517942903,17,10,1,0,6.173402037471533,2.4726594015955925
GER-Bundesliga,2526,Bayer Leverkusen,Montrell Culbreath,3,2025,119,14126,D S,12,756,1,2.02140474319458,1,2.02140474319458,0,0.3996955826878547,8,6,0,0,4.640004459768534,2.365470964461565
GER-Bundesliga,2526,Bayer Leverkusen,Nathan Tella,3,2025,119,8456,D M S,17,890,1,2.7824456579983234,1,2.7824456579983234,4,3.822403874248266,24,20,2,0,8.58071481436491,3.400095050223172
GER-Bundesliga,2526,Bayer Leverkusen,Patrik Schick,3,2025,119,1236,F M S,28,2005,16,19.421328123658892,12,15.632444690912962,3,3.1920390371233225,72,14,2,0,18.84750088304281,3.710258255712688
GER-Bundesliga,2526,Bayer Leverkusen,Piero Hincapié,3,2025,119,9911,D,1,90,0,0.5172572731971741,0,0.5172572731971741,0,0.0,2,0,0,0,0.1158374845981597,0.056226696819067
GER-Bundesliga,2526,Bayer Leverkusen,Robert Andrich,3,2025,119,7877,D M S,32,2550,2,0.8109990963712335,2,0.8109990963712335,0,0.5380814289674163,12,12,4,1,14.814566032029688,14.427350432612002
GER-Bundesliga,2526,Bayer Leverkusen,Tim Oermann,3,2025,119,10862,S,2,12,0,0.0,0,0.0,0,0.0605628974735736,0,1,0,0,0.0,0.0
GER-Bundesliga,2526,Bayer Leverkusen,Álex Grimaldo,3,2025,119,11866,D,29,2539,8,6.761390760540962,5,4.488060817122459,7,10.24105754122138,61,69,5,0,19.19080664217472,13.631710644811392
GER-Bundesliga,2526,Bayern Munich,Aleksandar Pavlovic,3,2025,117,11547,M S,24,1451,3,1.549274168908596,3,1.549274168908596,1,1.9520273748785255,10,21,2,0,14.45808819681406,12.501133061945438
GER-Bundesliga,2526,Bayern Munich,Alphonso Davies,3,2025,117,7345,D S,13,521,1,0.4413026720285415,1,0.4413026720285415,3,1.301999389193952,4,9,1,0,6.602924805134535,5.091645808890462
GER-Bundesliga,2526,Bayern Munich,Bara Sapoko Ndiaye,3,2025,117,14569,M S,4,146,0,0.0,0,0.0,0,0.0,0,0,0,0,0.4601020887494087,0.4601020887494087
GER-Bundesliga,2526,Bayern Munich,Cassiano Kiala,3,2025,117,14071,S,1,1,0,0.0,0,0.0,0,0.0,0,0,0,0,0.4981572926044464,0.4981572926044464
GER-Bundesliga,2526,Bayern Munich,David Santos,3,2025,117,14130,S,2,25,0,0.0303500760346651,0,0.0303500760346651,0,0.0,1,0,0,0,1.1598855257034302,1.1598855257034302
GER-Bundesliga,2526,Bayern Munich,Dayotchanculle Upamecano,3,2025,117,5243,D S,24,1805,1,0.8303499147295952,1,0.8303499147295952,1,1.4384191930294037,8,11,4,0,14.301490493118765,13.812318220734596
GER-Bundesliga,2526,Bayern Munich,Deniz Ofli,3,2025,117,14269,S,1,2,0,0.0,0,0.0,0,0.0,0,0,0,0,0.0,0.0
GER-Bundesliga,2526,Bayern Munich,Erblin Osmani,3,2025,117,14542,S,1,2,0,0.0,0,0.0,0,0.0,0,0,0,0,0.0,0.0
GER-Bundesliga,2526,Bayern Munich,Felipe Chávez,3,2025,117,14267,S,9,88,0,0.2693987935781479,0,0.2693987935781479,0,0.1114266514778137,6,1,0,0,0.5579832904040813,0.3327908180654049
GER-Bundesliga,2526,Bayern Munich,Harry Kane,3,2025,117,647,F M S,31,2385,36,29.57998568098992,26,21.244441921822727,5,7.403329385444522,119,40,1,0,34.28957922756672,10.577369537204504
GER-Bundesliga,2526,Bayern Munich,Hiroki Ito,3,2025,117,9715,D S,16,918,1,1.4966442808508873,1,1.4966442808508873,2,1.0980801191180944,10,6,0,0,5.908010467886925,5.104044854640961
GER-Bundesliga,2526,Bayern Munich,Jamal Musiala,3,2025,117,8418,F M S,15,666,3,5.00371415540576,2,4.245937447994947,4,2.740937683731317,30,17,1,0,9.54637109860778,3.10221653431654
GER-Bundesliga,2526,Bayern Munich,Jonah Kusi-Asare,3,2025,117,13262,S,1,1,0,0.0,0,0.0,0,0.0,0,0,0,0,0.0,0.0
GER-Bundesliga,2526,Bayern Munich,Jonas Urbig,3,2025,117,9861,GK S,14,1100,0,0.0,0,0.0,0,0.1030491515994072,0,1,0,0,5.324276648461819,5.324276648461819
GER-Bundesliga,2526,Bayern Munich,Jonathan Tah,3,2025,117,183,D S,28,2031,2,0.6638064542785287,2,0.6638064542785287,1,0.5882400423288345,8,5,7,0,11.72725062072277,11.33160012960434
GER-Bundesliga,2526,Bayern Munich,Joshua Kimmich,3,2025,117,223,M S,29,2268,2,2.3646036218851805,2,2.3646036218851805,8,7.569489678367972,28,56,3,0,27.785482317209244,21.9056276679039
GER-Bundesliga,2526,Bayern Munich,Josip Stanisic,3,2025,117,9458,D S,26,1842,2,1.4695102348923683,2,1.4695102348923683,3,3.6430143248289824,7,24,1,0,17.444418190047145,15.49496734701097
GER-Bundesliga,2526,Bayern Munich,Kim Min-Jae,3,2025,117,10986,D S,25,1621,1,0.7258729934692383,1,0.7258729934692383,1,0.4743431285023689,5,4,1,0,14.77258349210024,14.365923717617989
GER-Bundesliga,2526,Bayern Munich,Konrad Laimer,3,2025,117,6109,D M S,29,1997,3,2.826949080452323,3,2.826949080452323,9,4.989689355716109,17,43,9,0,20.52084405720234,14.751735255122185
GER-Bundesliga,2526,Bayern Munich,Lennart Karl,3,2025,117,13573,M S,26,1268,5,7.12136466614902,5,7.12136466614902,5,2.79079039208591,42,23,1,0,17.725263914093375,9.104842718690634
GER-Bundesliga,2526,Bayern Munich,Leon Goretzka,3,2025,117,335,M S,31,2004,5,4.884574018418789,5,4.884574018418789,3,2.346890510059893,35,21,4,0,16.531479734927416,14.036005043424666
GER-Bundesliga,2526,Bayern Munich,Luis Díaz,3,2025,117,10408,M S,32,2464,15,14.85997650027275,15,14.85997650027275,14,10.122723823413253,88,65,5,1,36.54146680980921,15.259370246902108
GER-Bundesliga,2526,Bayern Munich,Manuel Neuer,3,2025,117,217,GK,22,1870,0,0.0,0,0.0,0,0.0,0,0,0,0,7.137187179178,7.137187179178
GER-Bundesliga,2526,Bayern Munich,Maycon Douglas Cardozo,3,2025,117,14505,S,2,31,0,0.0,0,0.0,0,0.0,0,0,0,0,0.6299315690994263,0.6299315690994263
GER-Bundesliga,2526,Bayern Munich,Michael Olise,3,2025,117,9948,M S,32,2308,15,11.545709690079091,15,11.545709690079091,19,17.044203309342265,102,79,8,0,39.00864061713219,16.973004333674908
GER-Bundesliga,2526,Bayern Munich,Nicolas Jackson,3,2025,117,10048,F M S,23,991,8,8.492001624777913,8,8.492001624777913,1,2.0896335784345865,38,17,2,1,13.03456012159586,3.193916742689908
GER-Bundesliga,2526,Bayern Munich,Raphael Guerreiro,3,2025,117,3455,M S,18,779,5,3.528638795018196,5,3.528638795018196,2,2.275534149259329,12,19,0,0,9.012822458520532,4.25221517123282
GER-Bundesliga,2526,Bayern Munich,Sacha Boey,3,2025,117,7511,D S,9,458,0,0.3924324251711368,0,0.3924324251711368,0,0.1832207404077053,6,4,1,0,2.850109562277794,2.335632123053074
GER-Bundesliga,2526,Bayern Munich,Serge Gnabry,3,2025,117,993,F M S,21,1280,8,6.26451538130641,8,6.26451538130641,6,5.150685242377222,50,22,1,0,16.288242295384407,8.140462888404727
GER-Bundesliga,2526,Bayern Munich,Sven Ulreich,3,2025,117,231,GK,1,90,0,0.0,0,0.0,0,0.0,0,0,1,0,0.4750842452049255,0.4750842452049255
GER-Bundesliga,2526,Bayern Munich,Tom Bischof,3,2025,117,10289,D M S,26,1282,3,1.9813645593822,3,1.9813645593822,3,2.8520854637026787,30,24,2,0,11.289959888905289,8.018809024244547
GER-Bundesliga,2526,Bayern Munich,Wisdom Mike,3,2025,117,13421,S,4,18,0,0.1048471331596374,0,0.1048471331596374,0,0.0,2,0,0,0,0.3597072288393974,0.25486009567976
GER-Bundesliga,2526,Borussia Dortmund,Aaron Anselmino,3,2025,129,13460,D S,6,368,1,0.054409060627222,1,0.054409060627222,0,0.0,1,0,0,0,1.099787350744009,1.099787350744009
GER-Bundesliga,2526,Borussia Dortmund,Almugera Kabar,3,2025,129,13056,S,1,14,0,0.048916608095169,0,0.048916608095169,0,0.0,1,0,0,0,0.048916608095169,0.0
GER-Bundesliga,2526,Borussia Dortmund,Carney Chukwuemeka,3,2025,129,9356,F M S,28,869,2,2.446924611926079,2,2.446924611926079,0,0.6348967775702477,18,11,2,0,5.285868251696229,2.7434701044112444
GER-Bundesliga,2526,Borussia Dortmund,Cole Campbell,3,2025,129,13131,S,6,64,0,0.1899189911782741,0,0.1899189911782741,0,0.2815333306789398,2,3,0,0,1.1457072533667088,0.7706655748188496
GER-Bundesliga,2526,Borussia Dortmund,Daniel Svensson,3,2025,129,13424,D M S,33,2454,2,2.9300006814301014,2,2.9300006814301014,2,4.297698555514216,12,35,0,0,10.653507748618722,6.346277633681893
GER-Bundesliga,2526,Borussia Dortmund,Emre Can,3,2025,129,604,D S,9,627,3,2.363978619687259,0,0.0906485868617892,0,0.0,5,0,3,0,2.4536785297095776,2.376001711934805
GER-Bundesliga,2526,Borussia Dortmund,Fabio Silva,3,2025,129,8778,F M S,28,784,2,2.105187201872468,2,2.105187201872468,6,2.759688064455986,23,17,3,0,7.064148070290685,2.9445341546088457
GER-Bundesliga,2526,Borussia Dortmund,Felix Nmecha,3,2025,129,9202,M S,29,2208,2,3.364070465788245,2,2.6062937285751104,3,1.8235643226653335,33,20,0,0,12.040448106825352,9.09173360094428
GER-Bundesliga,2526,Borussia Dortmund,Filippo Mané,3,2025,129,13017,D S,4,142,0,0.0,0,0.0,0,0.0,0,0,0,1,0.6807209551334381,0.6807209551334381
GER-Bundesliga,2526,Borussia Dortmund,Gregor Kobel,3,2025,129,5288,GK,34,3060,0,0.0,0,0.0,0,0.0,0,0,3,0,5.751318110153079,5.751318110153079
GER-Bundesliga,2526,Borussia Dortmund,Jobe Bellingham,3,2025,129,13887,M S,32,1779,0,0.9893369525671004,0,0.9893369525671004,1,0.7723528351634741,19,9,2,1,9.601684469729662,8.472049668431282
GER-Bundesliga,2526,Borussia Dortmund,Julian Brandt,3,2025,129,261,F M S,29,1601,7,5.1042488645762205,7,5.1042488645762205,4,5.293923227116466,38,30,0,0,13.624381331726909,5.712044969201088
GER-Bundesliga,2526,Borussia Dortmund,Julian Ryerson,3,2025,129,7997,D S,31,2288,0,1.086410315707326,0,1.086410315707326,15,10.857275873422624,12,57,8,0,13.329593954607844,9.274812629446387
GER-Bundesliga,2526,Borussia Dortmund,Karim Adeyemi,3,2025,129,10772,F M S,28,1218,7,5.215220987796784,7,5.215220987796784,4,3.458098405972123,31,16,5,0,11.94034506380558,4.0952072106301785
GER-Bundesliga,2526,Borussia Dortmund,Luca Reggiani,3,2025,129,14420,D S,8,515,1,0.460574084892869,1,0.460574084892869,0,0.0403863340616226,3,2,2,0,2.269562177360058,2.2139969542622566
GER-Bundesliga,2526,Borussia Dortmund,Marcel Sabitzer,3,2025,129,5248,M S,26,1835,1,1.149563044309616,1,1.149563044309616,2,2.240061067044735,20,15,3,0,8.931432373821735,6.333587545901537
GER-Bundesliga,2526,Borussia Dortmund,Mathis Albert,3,2025,129,14422,S,1,1,0,0.0,0,0.0,0,0.0,0,0,0,0,0.0272418428212404,0.0272418428212404
GER-Bundesliga,2526,Borussia Dortmund,Maximilian Beier,3,2025,129,8137,D F M S,32,2069,9,8.248568028211594,9,8.248568028211594,6,4.9559360314160585,50,25,3,0,16.043212147429585,5.098700201138854
GER-Bundesliga,2526,Borussia Dortmund,Nico Schlotterbeck,3,2025,129,7485,D,28,2520,5,3.80366291385144,5,3.80366291385144,1,1.0600993894040585,32,12,8,0,11.601791122928262,10.63110581971705
GER-Bundesliga,2526,Borussia Dortmund,Niklas Süle,3,2025,129,75,D S,11,487,0,0.0335541702806949,0,0.0335541702806949,1,0.2960160970687866,2,2,3,0,2.3257176280021667,2.232322722673416
GER-Bundesliga,2526,Borussia Dortmund,Pascal Groß,3,2025,129,239,M S,11,619,0,0.8347828388214111,0,0.8347828388214111,1,1.3404343351721764,8,11,0,0,4.495197154581547,3.2702609561383724
GER-Bundesliga,2526,Borussia Dortmund,Ramy Bensebaini,3,2025,129,3349,D S,21,1524,5,3.257725358940661,3,1.742172003723681,2,0.7206321377307177,17,11,6,0,6.887229710817337,6.485647883266211
GER-Bundesliga,2526,Borussia Dortmund,Salih Özcan,3,2025,129,5294,S,11,55,0,0.1352226883172989,0,0.1352226883172989,0,0.1514878366142511,1,2,0,0,0.904110236093402,0.6446415539830923
GER-Bundesliga,2526,Borussia Dortmund,Samuele Inácio,3,2025,129,14421,M S,7,371,1,2.006677269935608,1,2.006677269935608,0,0.9181690961122512,9,8,2,0,3.439340591430664,1.4145637080073357
GER-Bundesliga,2526,Borussia Dortmund,Serhou Guirassy,3,2025,129,3738,F S,33,2366,17,19.91118175908923,16,17.63785172626376,1,1.9295950140804048,84,20,3,0,19.162629645317796,4.181204119697213
GER-Bundesliga,2526,Borussia Dortmund,Waldemar Anton,3,2025,129,106,D,32,2880,2,1.8469386994838717,2,1.8469386994838717,0,0.4476184593513608,16,8,3,0,13.16260596551001,12.66744858212769
GER-Bundesliga,2526,Borussia Dortmund,Yan Couto,3,2025,129,10946,D M S,19,989,2,0.9633320793509484,2,0.9633320793509484,2,2.849770877510309,9,17,4,0,6.886968974024057,4.392777647823095
GER-Bundesliga,2526,Borussia M.Gladbach,Charles Herrmann,3,2025,130,13621,S,1,1,0,0.0,0,0.0,1,0.3786399960517883,0,1,0,0,0.0,0.0
GER-Bundesliga,2526,Borussia M.Gladbach,Fabio Chiarodia,3,2025,130,11073,D S,15,669,0,0.9675312228500844,0,0.9675312228500844,0,0.0137004479765892,4,1,1,0,1.9361455738544464,1.8917616251856089
GER-Bundesliga,2526,Borussia M.Gladbach,Florian Neuhaus,3,2025,130,7065,F M S,17,945,0,1.392402342054993,0,1.392402342054993,1,1.0026175901293757,22,9,0,0,4.8506131283938885,3.389763910323381
GER-Bundesliga,2526,Borussia M.Gladbach,Franck Honorat,3,2025,130,3314,D F M S,28,2021,2,0.8942651934921741,2,0.8942651934921741,6,7.341735703870654,17,45,0,0,9.130235239863396,3.1209773272275925
GER-Bundesliga,2526,Borussia M.Gladbach,Giovanni Reyna,3,2025,130,8191,M S,19,485,1,0.667095934972167,1,0.667095934972167,0,1.5534863928332925,7,12,1,0,3.324709984473884,1.414455235004425
GER-Bundesliga,2526,Borussia M.Gladbach,Grant-Leon Ranos,3,2025,130,11847,S,8,89,1,0.5348599851131439,1,0.5348599851131439,0,0.08121008425951,4,1,1,0,0.5956991165876389,0.0572183914482593
GER-Bundesliga,2526,Borussia M.Gladbach,Haris Tabakovic,3,2025,130,13013,F S,32,2424,13,14.339333239942787,13,12.823779825121164,2,1.8832440096884968,67,16,5,0,12.75254580192268,2.841423818841577
GER-Bundesliga,2526,Borussia M.Gladbach,Hugo Bolin,3,2025,130,14428,M S,13,534,1,1.1613999009132383,1,1.1613999009132383,1,0.507491935044527,15,8,0,0,2.3938754983246326,0.9783000312745572
GER-Bundesliga,2526,Borussia M.Gladbach,Jan Urbich,3,2025,130,14121,S,3,28,0,0.0,0,0.0,0,0.0271963588893413,0,1,0,0,0.1319699585437774,0.1047735959291458
GER-Bundesliga,2526,Borussia M.Gladbach,Jens Castrop,3,2025,130,13919,D F M S,26,1613,3,4.301225297152996,3,4.301225297152996,1,1.405629888176918,30,18,2,2,8.649649377912283,4.086695464327931
GER-Bundesliga,2526,Borussia M.Gladbach,Joe Scally,3,2025,130,9674,D M S,32,2615,2,2.700111205689609,2,2.700111205689609,3,1.6180403884500263,17,18,8,0,9.640508973039688,6.971373248845339
GER-Bundesliga,2526,Borussia M.Gladbach,Kevin Diks,3,2025,130,1427,D S,30,2472,5,4.184454521164298,1,1.153347745537758,0,0.704138720408082,23,8,6,0,8.415256265550852,7.45520737580955
GER-Bundesliga,2526,Borussia M.Gladbach,Kevin Stöger,3,2025,130,7058,M S,29,1322,1,2.0543773360550404,1,1.2966006584465504,1,2.050934341736138,23,27,3,0,6.800350913777947,5.208155047148466
GER-Bundesliga,2526,Borussia M.Gladbach,Kota Takai,3,2025,130,14279,D S,8,329,0,0.4108753725886345,0,0.4108753725886345,0,0.03324531391263,3,2,1,0,1.190738558769226,0.8015755638480186
GER-Bundesliga,2526,Borussia M.Gladbach,Luca Netz,3,2025,130,8401,D S,15,937,0,0.0383716374635696,0,0.0383716374635696,2,2.432344384491444,2,10,1,0,3.802498570643365,3.305356069467962
GER-Bundesliga,2526,Borussia M.Gladbach,Lukas Ullrich,3,2025,130,11991,D M S,23,1301,0,0.7565966881811619,0,0.7565966881811619,0,0.9062265641987324,10,14,2,0,5.585675872862339,4.3064204677939415
GER-Bundesliga,2526,Borussia M.Gladbach,Marvin Friedrich,3,2025,130,370,D S,6,144,0,0.0,0,0.0,0,0.0,0,0,0,0,0.1700651422142982,0.1700651422142982
GER-Bundesliga,2526,Borussia M.Gladbach,Moritz Nicolas,3,2025,130,6321,GK,34,3060,0,0.0,0,0.0,0,0.3480205573141575,0,2,1,0,4.788933951407671,4.440913397818804
GER-Bundesliga,2526,Borussia M.Gladbach,Nico Elvedi,3,2025,130,212,D,33,2968,0,0.3812519991770386,0,0.3812519991770386,2,1.362134398892522,9,13,5,0,8.829203316941857,7.860639678314328
GER-Bundesliga,2526,Borussia M.Gladbach,Oscar Fraulo,3,2025,130,10728,S,4,30,1,0.7350285053253174,1,0.7350285053253174,0,0.0,1,0,0,0,0.8669984638690948,0.1319699585437774
GER-Bundesliga,2526,Borussia M.Gladbach,Philipp Sander,3,2025,130,12915,D M S,30,2475,2,1.3780800057575109,2,1.3780800057575109,0,0.8148279991000891,25,11,4,0,10.055795773863792,8.980093076825142
GER-Bundesliga,2526,Borussia M.Gladbach,Robin Hack,3,2025,130,6351,M S,8,311,1,0.7763836495578289,1,0.7763836495578289,0,0.8660388067364693,11,12,1,0,2.028105780482292,0.7544244416058064
GER-Bundesliga,2526,Borussia M.Gladbach,Rocco Reitz,3,2025,130,8826,M,31,2669,0,2.6513977786526084,0,2.6513977786526084,4,3.992779002524912,47,28,8,1,13.191347749903798,8.105832872912288
GER-Bundesliga,2526,Borussia M.Gladbach,Shuto Machino,3,2025,130,12934,F M S,32,1046,3,3.816984537988901,3,3.816984537988901,1,1.0832749512046576,25,14,2,0,6.017082850448787,1.487306335940957
GER-Bundesliga,2526,Borussia M.Gladbach,Tim Kleindienst,3,2025,130,6142,S,3,5,0,0.0,0,0.0,0,0.0,0,0,0,0,0.0,0.0
GER-Bundesliga,2526,Borussia M.Gladbach,Wael Mohya,3,2025,130,14123,F M S,15,533,2,1.0975704565644264,2,1.0975704565644264,1,0.1975120026618242,11,4,1,0,1.5268700160086155,0.8649591617286205
GER-Bundesliga,2526,Borussia M.Gladbach,Yannick Engelhardt,3,2025,130,10497,M S,31,2506,2,2.415684091858566,2,2.415684091858566,2,1.0784621722996235,21,15,7,0,8.806699713692069,6.679585227742791
GER-Bundesliga,2526,Eintracht Frankfurt,Ansgar Knauff,3,2025,132,8989,D F M S,28,1302,4,3.700697695836425,4,3.700697695836425,1,2.9085339084267616,34,17,3,0,9.420183572918177,3.920056432485581
GER-Bundesliga,2526,Eintracht Frankfurt,Arnaud Kalimuendo Muinga,3,2025,132,8056,F M S,19,1431,6,4.879936292767525,6,4.879936292767525,1,1.597496423870325,30,22,4,0,7.523353155702352,2.052781267091632
GER-Bundesliga,2526,Eintracht Frankfurt,Arthur Theate,3,2025,132,9999,D,24,2147,1,1.423735129646957,1,1.423735129646957,0,0.5266659539192915,16,11,8,0,9.639633066952229,8.652226217091084
GER-Bundesliga,2526,Eintracht Frankfurt,Aurèle Amenda,3,2025,132,12955,D S,24,1664,0,1.009096633642912,0,1.009096633642912,0,0.3360993862152099,10,6,5,0,5.7146389447152615,5.516352321952581
GER-Bundesliga,2526,Eintracht Frankfurt,Aurélio Buta,3,2025,132,11311,D S,4,131,0,0.0293444767594337,0,0.0293444767594337,0,0.0767484679818153,1,1,1,0,0.2225238606333732,0.1457753926515579
GER-Bundesliga,2526,Eintracht Frankfurt,Ayoube Amaimouni-Echghouyab,3,2025,132,14331,D F M S,17,551,2,0.5620515374466777,2,0.5620515374466777,3,0.641688815318048,12,6,1,0,1.6453642882406712,0.6972493827342987
GER-Bundesliga,2526,Eintracht Frankfurt,Can Uzun,3,2025,132,12954,M S,21,1178,8,4.544798476621509,7,3.7870217841118574,4,2.6320750545710325,41,19,3,0,8.537243850529194,3.061049897223711
GER-Bundesliga,2526,Eintracht Frankfurt,Elias Baum,3,2025,132,12250,S,5,64,0,0.0,0,0.0,0,0.022907193750143,0,1,0,0,0.193947222083807,0.1710400320589542
GER-Bundesliga,2526,Eintracht Frankfurt,Ellyes Skhiri,3,2025,132,3347,D M S,25,1439,0,0.7644057050347328,0,0.7644057050347328,0,0.3066457267850637,8,7,1,1,6.156647648662329,5.555669544264674
GER-Bundesliga,2526,Eintracht Frankfurt,Farès Chaïbi,3,2025,132,10792,D F M S,28,1822,2,3.5245760353282094,2,3.5245760353282094,9,5.035042706876993,35,40,2,0,11.084196873009205,5.737020939588547
GER-Bundesliga,2526,Eintracht Frankfurt,Hugo Larsson,3,2025,132,11911,M S,25,1839,2,1.4220624901354313,2,1.4220624901354313,2,1.1869177855551245,13,19,0,0,5.631294704973698,3.755781836807728
GER-Bundesliga,2526,Eintracht Frankfurt,Jean Négoce,3,2025,132,10830,F M S,27,1322,3,2.1764128422364597,3,2.1764128422364597,4,4.017119113355875,29,31,2,0,8.62068572640419,3.9261697940528393
GER-Bundesliga,2526,Eintracht Frankfurt,Jessic Ngankam,3,2025,132,8396,S,3,50,0,0.0,0,0.0,0,0.0,0,0,0,0,0.0,0.0
GER-Bundesliga,2526,Eintracht Frankfurt,Jonathan Burkardt,3,2025,132,7108,F S,22,1351,13,13.116983085870745,9,10.085876282304524,1,0.6681167893111706,41,9,1,0,12.243965607136488,3.214979793876409
GER-Bundesliga,2526,Eintracht Frankfurt,Kauã Santos,3,2025,132,12075,GK,13,1084,0,0.0,0,0.0,0,0.0,0,0,0,0,2.191868357360363,2.191868357360363
GER-Bundesliga,2526,Eintracht Frankfurt,Love Arrhov,3,2025,132,14415,M S,5,58,0,0.0,0,0.0,0,0.0852611809968948,0,1,1,0,0.0852611809968948,0.0
GER-Bundesliga,2526,Eintracht Frankfurt,Mahmoud Dahoud,3,2025,132,205,F M S,15,722,2,0.7852020431309938,2,0.7852020431309938,3,0.3229838218539953,17,7,0,0,3.258342294022441,2.4602439450100064
GER-Bundesliga,2526,Eintracht Frankfurt,Mario Götze,3,2025,132,422,M S,21,880,0,0.4346178546547889,0,0.4346178546547889,0,2.859270012006164,5,14,1,0,3.92476156540215,2.630390318110585
GER-Bundesliga,2526,Eintracht Frankfurt,Michael Zetterer,3,2025,132,126,GK S,22,1976,0,0.0,0,0.0,0,0.0,0,0,1,0,3.528816443867981,3.528816443867981
GER-Bundesliga,2526,Eintracht Frankfurt,Michy Batshuayi,3,2025,132,1678,F S,6,123,1,1.0145394168794155,0,0.2567627318203449,0,0.186081625521183,5,2,0,0,0.4821904711425304,0.1719956696033477
GER-Bundesliga,2526,Eintracht Frankfurt,Nathaniel Brown,3,2025,132,13122,D M S,33,2668,4,2.06600034981966,4,2.06600034981966,4,3.1800129488110542,18,34,3,0,10.054680230095984,6.042703531682491
GER-Bundesliga,2526,Eintracht Frankfurt,Nnamdi Collins,3,2025,132,12430,D S,23,1490,1,0.6856478173285723,1,0.6856478173285723,2,0.4561577998101711,3,3,4,0,6.877490270882845,6.092026978731155
GER-Bundesliga,2526,Eintracht Frankfurt,Oscar Højlund,3,2025,132,12952,M S,24,1082,1,0.6138702277094126,1,0.6138702277094126,1,1.0660392343997955,7,7,2,1,3.1818068362772465,1.8266832381486893
GER-Bundesliga,2526,Eintracht Frankfurt,Rasmus Kristensen,3,2025,132,10750,D S,22,1555,2,1.1268442515283823,2,1.1268442515283823,0,1.3801484052091837,15,8,4,1,6.246252434328198,5.263705998659134
GER-Bundesliga,2526,Eintracht Frankfurt,Ritsu Doan,3,2025,132,8791,D F M S,31,2425,5,4.125860132277012,5,4.125860132277012,5,6.517447140067816,41,39,5,0,13.874625666067004,6.948057568632066
GER-Bundesliga,2526,Eintracht Frankfurt,Robin Koch,3,2025,132,6273,D,32,2840,3,1.926746228709817,3,1.926746228709817,1,0.7194755170494318,15,10,1,1,8.281017616391182,7.552546437829733
GER-Bundesliga,2526,Eintracht Frankfurt,Sepe Elye Wahi,3,2025,132,9182,F S,10,309,0,1.0327077973634005,0,1.0327077973634005,1,0.5964227598160505,7,4,1,0,1.7842910178005695,0.2781498059630394
GER-Bundesliga,2526,Eintracht Frankfurt,Timothy Chandler,3,2025,132,359,S,1,6,0,0.0,0,0.0,0,0.0438250191509723,0,1,0,0,0.0438250191509723,0.0438250191509723
GER-Bundesliga,2526,Eintracht Frankfurt,Younes Ebnoutalib,3,2025,132,14329,F S,5,127,1,0.5632690861821175,1,0.5632690861821175,0,0.1448395550251007,5,2,0,0,0.6283156871795654,0.093784675002098
GER-Bundesliga,2526,Cologne,Alessio Castro-Montes,3,2025,134,14025,D M S,14,662,1,1.2529878905043006,1,1.2529878905043006,3,2.332611743360758,8,23,2,0,5.1476816944777966,2.3612621556967497
GER-Bundesliga,2526,Cologne,Cenk Özkacar,3,2025,134,9015,D S,25,1786,0,1.0993556138128042,0,1.0993556138128042,0,0.2053632773458957,11,5,2,0,4.010641107335687,3.955500142648816
GER-Bundesliga,2526,Cologne,Cenny Neumann,3,2025,134,14237,D S,2,74,0,0.0,0,0.0,0,0.0,0,0,0,0,0.8872855305671692,0.8872855305671692
GER-Bundesliga,2526,Cologne,Denis Huseinbasic,3,2025,134,11074,M S,15,726,0,0.2053355174139142,0,0.2053355174139142,0,0.2871539294719696,6,4,1,0,1.7169383829459548,1.3208936033770442
GER-Bundesliga,2526,Cologne,Dominique Heintz,3,2025,134,129,D S,9,381,0,0.0,0,0.0,0,0.0753370970487594,0,1,0,0,0.7893091775476933,0.7139720823615789
GER-Bundesliga,2526,Cologne,Eric Martel,3,2025,134,9053,D M S,31,2579,2,1.814234547317028,2,1.814234547317028,2,2.0577999372035265,23,14,10,1,9.843018800020218,7.845337048172951
GER-Bundesliga,2526,Cologne,Florian Kainz,3,2025,134,5231,M S,15,245,1,0.930009800940752,1,0.930009800940752,1,0.3186944723129272,8,8,1,0,2.48546302318573,1.5909147337079048
GER-Bundesliga,2526,Cologne,Fynn Schenten,3,2025,134,14253,F S,7,86,0,0.0301627833396196,0,0.0301627833396196,0,0.361863225698471,1,1,0,0,0.3920260090380907,0.361863225698471
GER-Bundesliga,2526,Cologne,Gian-Luca Waldschmidt,3,2025,134,294,F M S,24,633,5,5.948785305023193,3,4.433231964707375,5,2.634590631350875,26,14,1,0,9.19165263697505,3.074689901433885
GER-Bundesliga,2526,Cologne,Jahmai Simpson-Pusey,3,2025,134,13185,D S,11,863,0,0.305854395031929,0,0.305854395031929,0,0.0993250086903572,6,2,2,1,1.997569991275668,1.8982449751347303
GER-Bundesliga,2526,Cologne,Jakub Kaminski,3,2025,134,10732,D F M,34,3031,7,7.96647222340107,7,7.96647222340107,3,5.589305056259036,62,50,4,0,18.4370434358716,9.42793507874012
GER-Bundesliga,2526,Cologne,Jan Thielmann,3,2025,134,8205,D F M S,26,1582,3,2.051962135359645,3,2.051962135359645,1,0.9982307981699704,27,14,4,0,7.126834977418184,4.80776459723711
GER-Bundesliga,2526,Cologne,Joël Schmied,3,2025,134,13907,D S,16,1090,0,0.2212208164855837,0,0.2212208164855837,0,0.1458053737878799,4,2,5,0,2.9376384019851685,2.8404782209545374
GER-Bundesliga,2526,Cologne,Jusuf Gazibegovic,3,2025,134,13912,S,1,17,0,0.0,0,0.0,0,0.0,0,0,0,0,0.044752363115549,0.044752363115549
GER-Bundesliga,2526,Cologne,Kristoffer Lund,3,2025,134,13909,D M S,33,2319,0,0.631946531124413,0,0.631946531124413,2,1.743918489664793,20,20,2,0,8.249548189342022,6.765429270453751
GER-Bundesliga,2526,Cologne,Linton Maina,3,2025,134,6638,D F M S,24,1007,2,1.2888539992272854,2,1.2888539992272854,0,3.1843907181173563,20,17,0,0,6.206527906470001,2.01717865280807
GER-Bundesliga,2526,Cologne,Marius Bülter,3,2025,134,7879,F M S,32,1578,5,3.979684112593532,5,3.979684112593532,4,4.703826729208231,42,26,3,0,10.374455876648426,3.821078972890973
GER-Bundesliga,2526,Cologne,Marvin Schwäbe,3,2025,134,4376,GK,34,3060,0,0.0,0,0.0,0,0.3641906082630157,0,1,2,0,5.936441767960787,5.572251129895449
GER-Bundesliga,2526,Cologne,Ragnar Ache,3,2025,134,8869,F S,29,1739,7,11.002535559237003,7,11.002535559237003,4,2.971193479374051,52,28,3,0,12.966331753879786,3.521890965290368
GER-Bundesliga,2526,Cologne,Rav van den Berg,3,2025,134,13913,D S,14,1138,0,0.107068583369255,0,0.107068583369255,1,0.4956986010074615,1,1,0,1,2.7127026673406363,2.7127026673406363
GER-Bundesliga,2526,Cologne,Said El Mala,3,2025,134,13911,F M S,34,1965,13,12.582745539024472,12,11.824968876317143,4,4.186228644102812,74,20,4,0,17.244747333228588,3.3356826342642307
GER-Bundesliga,2526,Cologne,Sebastian Sebulonsen,3,2025,134,13908,D S,31,2519,0,1.4893776644021273,0,1.4893776644021273,0,2.7618500273674726,31,21,5,0,11.2205195389688,8.312318425625563
GER-Bundesliga,2526,Cologne,Timo Hübers,3,2025,134,6403,D,8,681,0,0.0,0,0.0,0,0.0,0,0,0,0,2.0205610003322363,2.0205610003322363
GER-Bundesliga,2526,Cologne,Tom Krauß,3,2025,134,8092,D M S,26,1779,0,0.3886736305430531,0,0.3886736305430531,2,1.2642290331423285,9,15,4,0,7.146091844886541,6.019498575478792
GER-Bundesliga,2526,Cologne,Youssoupha Niang,3,2025,134,14337,M S,10,179,0,0.3172231260687113,0,0.3172231260687113,0,0.183741956949234,5,3,0,0,0.5464278757572174,0.0647930428385734
GER-Bundesliga,2526,Cologne,Ísak Bergmann Jóhannesson,3,2025,134,13910,M S,31,1830,2,1.4332966785877943,2,1.4332966785877943,2,2.4116498064249754,14,33,6,0,9.597796699032187,7.102902231737971
GER-Bundesliga,2526,Heidenheim,Adam Kölle,3,2025,280,13862,S,6,73,1,1.0184025764465332,1,1.0184025764465332,0,0.0353274457156658,3,1,1,0,0.1584107019007206,0.0353274457156658
GER-Bundesliga,2526,Heidenheim,Adrian Beck,3,2025,280,11855,M S,24,847,1,1.0052050724625587,1,1.0052050724625587,1,2.5323722325265408,11,18,1,0,4.769298311322928,3.3315641935914755
GER-Bundesliga,2526,Heidenheim,Arijon Ibrahimovic,3,2025,280,10248,D F M S,32,2196,2,5.665725396946073,1,4.907948734238744,4,6.767920413985848,47,56,1,0,12.540066696703434,3.623182998038829
GER-Bundesliga,2526,Heidenheim,Benedikt Gimber,3,2025,280,11864,D S,21,1467,0,0.4965052902698517,0,0.4965052902698517,0,0.2124537825584411,4,1,6,0,2.2927268696948886,2.2330755470320582
GER-Bundesliga,2526,Heidenheim,Budu Zivzivadze,3,2025,280,13323,F S,20,1148,6,5.819976218044758,6,5.819976218044758,0,0.9086363017559052,28,7,2,1,5.734111532568932,0.7583490833640099
GER-Bundesliga,2526,Heidenheim,Christian Conteh,3,2025,280,14451,F M S,9,398,0,0.1334600299596786,0,0.1334600299596786,0,1.375052973628044,3,7,0,0,2.305172055959701,0.796659043058753
GER-Bundesliga,2526,Heidenheim,Diant Ramaj,3,2025,280,9753,GK,31,2790,0,0.0,0,0.0,1,0.3030021786689758,0,1,2,0,4.836176889017224,4.533174702897668
GER-Bundesliga,2526,Heidenheim,Eren Sami Dinkci,3,2025,280,9201,D F M S,22,1401,3,4.117178400978446,3,4.117178400978446,1,1.117031842470169,29,10,4,0,6.608787912875414,2.334158256649971
GER-Bundesliga,2526,Heidenheim,Frank Feller,3,2025,280,12494,GK,3,270,0,0.0,0,0.0,0,0.0,0,0,0,0,0.5666816979646683,0.5666816979646683
GER-Bundesliga,2526,Heidenheim,Hennes Behrens,3,2025,280,13414,D S,16,1321,1,0.3234625067561865,1,0.3234625067561865,2,2.7504402678459883,9,19,0,0,6.172940738499165,4.869937736541033
GER-Bundesliga,2526,Heidenheim,Jan Schöppner,3,2025,280,11865,M S,31,2286,3,2.7691161446273327,3,2.7691161446273327,3,2.977410864084959,25,14,5,0,9.141754516400397,5.333098980598152
GER-Bundesliga,2526,Heidenheim,Jonas Föhrenbach,3,2025,280,5347,D M S,27,2333,1,0.6362145002931356,1,0.6362145002931356,1,2.2612353581935167,6,22,3,0,4.08684488851577,2.9511223332956438
GER-Bundesliga,2526,Heidenheim,Julian Niehues,3,2025,280,13429,M S,24,1416,3,2.098195953294635,3,2.098195953294635,0,0.7285752408206463,18,7,1,0,4.336162481456995,2.817117601633072
GER-Bundesliga,2526,Heidenheim,Leart Paqarada,3,2025,280,11892,D,1,6,0,0.0,0,0.0,0,0.0,0,0,0,0,0.0,0.0
GER-Bundesliga,2526,Heidenheim,Leonidas Stergiou,3,2025,280,11975,D S,6,194,0,0.0463435985147953,0,0.0463435985147953,0,0.0,1,0,0,0,0.4933373257517814,0.4469937309622764
GER-Bundesliga,2526,Heidenheim,Luca Kerber,3,2025,280,12987,M S,18,670,2,1.526185255497694,2,1.526185255497694,0,0.1521664950996637,9,2,3,0,1.823819350451231,0.5324585903435946
GER-Bundesliga,2526,Heidenheim,Léo Scienza,3,2025,280,12986,M,2,180,1,0.1424524337053299,1,0.1424524337053299,0,1.3223831057548523,4,3,0,0,1.1770203709602356,0.7020066827535629
GER-Bundesliga,2526,Heidenheim,Marnon Busch,3,2025,280,4312,D M S,29,1901,1,0.7969588423147798,1,0.7969588423147798,5,3.2484856420196597,12,16,4,0,6.242594827432185,4.60207387059927
GER-Bundesliga,2526,Heidenheim,Marvin Pieringer,3,2025,280,11856,F M S,27,1689,4,5.809882741421461,3,5.0521060936152935,1,2.210926704108715,32,17,2,0,7.950898176059127,3.375379236415029
GER-Bundesliga,2526,Heidenheim,Mathias Honsak,3,2025,280,11917,F M S,27,1263,2,3.318507017567754,2,3.318507017567754,1,1.4457622598856688,31,11,1,0,6.105871044099331,1.940842181444168
GER-Bundesliga,2526,Heidenheim,Mikkel Kaufmann,3,2025,280,12053,F S,16,519,1,1.3755719233304262,1,1.3755719233304262,1,1.2740651369094849,11,4,2,0,1.907257506623864,0.1608265489339828
GER-Bundesliga,2526,Heidenheim,Niklas Dorsch,3,2025,280,6411,M S,32,2293,0,0.565851017832756,0,0.565851017832756,1,2.0714712161570787,14,24,2,0,9.595492578111587,9.10862572863698
GER-Bundesliga,2526,Heidenheim,Omar Traoré,3,2025,280,11859,D S,26,1506,0,0.5020455876365304,0,0.5020455876365304,2,1.4571367260068655,10,13,2,0,3.855576592497528,3.29358384013176
GER-Bundesliga,2526,Heidenheim,Patrick Mainka,3,2025,280,11853,D,34,3060,2,3.0282052140682936,2,3.0282052140682936,2,1.7703800983726978,37,10,2,0,8.954858318902552,7.189261053688824
GER-Bundesliga,2526,Heidenheim,Sirlord Conteh,3,2025,280,12988,F M S,15,585,2,3.1821698397397995,2,3.1821698397397995,1,0.6179677061736584,10,9,1,0,3.3415900003165007,0.6492735873907804
GER-Bundesliga,2526,Heidenheim,Stefan Schimmer,3,2025,280,11861,F S,27,737,5,5.915202781558037,5,5.915202781558037,1,1.6511298958212135,32,12,1,0,8.382787432521582,1.3862062525004148
GER-Bundesliga,2526,Heidenheim,Thomas Keller,3,2025,280,12023,D S,4,193,0,0.054272930137813,0,0.054272930137813,0,0.0,2,0,1,0,0.123614870943129,0.1129664648324251
GER-Bundesliga,2526,Heidenheim,Tim Siersleben,3,2025,280,8854,D S,15,1085,0,0.6296908538788557,0,0.6296908538788557,0,0.1155702322721481,5,2,2,0,1.3642809763550758,1.074270966462791
GER-Bundesliga,2526,Heidenheim,Tobias Weigel,3,2025,280,14096,S,1,1,0,0.0,0,0.0,0,0.0,0,0,0,0,0.0353274457156658,0.0353274457156658
GER-Bundesliga,2526,Heidenheim,Yannik Wagner,3,2025,280,13863,S,4,31,0,0.0242794156074523,0,0.0242794156074523,0,0.2785300724208355,1,3,0,0,0.265305258333683,0.0799528881907463
GER-Bundesliga,2526,Freiburg,Anthony Jung,3,2025,135,5217,D S,12,502,0,0.036658052355051,0,0.036658052355051,0,0.2247737990692258,1,4,2,0,1.299984865821898,1.1594009175896645
GER-Bundesliga,2526,Freiburg,Bruno Ogbus,3,2025,135,12926,D S,18,1180,0,0.7863243324682117,0,0.7863243324682117,0,0.0279476325958967,5,1,1,0,3.66468408331275,3.310525771230459
GER-Bundesliga,2526,Freiburg,Christian Günter,3,2025,135,4243,D S,24,1559,0,0.3919804766774177,0,0.3919804766774177,3,2.233008475974202,9,19,2,0,5.913286862894893,4.075682835653424
GER-Bundesliga,2526,Freiburg,Cyriaque Irié,3,2025,135,13864,M S,10,331,0,0.6037380173802376,0,0.6037380173802376,0,0.1298124156892299,7,4,3,0,1.3675258830189705,0.7877949215471745
GER-Bundesliga,2526,Freiburg,Derry Scherhant,3,2025,135,10860,M S,31,1253,5,3.31635710503906,5,3.31635710503906,1,1.9648405443876984,36,22,2,0,5.468948429450393,1.754570497199893
GER-Bundesliga,2526,Freiburg,Igor Matanovic,3,2025,135,12953,F S,31,1536,11,9.582080019637942,10,8.066526612266898,2,2.236247749999165,51,22,0,0,9.787673662416635,1.3800859227776527
GER-Bundesliga,2526,Freiburg,Jan-Niklas Beste,3,2025,135,11982,M S,28,1721,2,3.4977346565574408,2,3.4977346565574408,2,3.7758378759026527,24,36,5,0,10.3288358990103,5.829450925812125
GER-Bundesliga,2526,Freiburg,Johan Manzambi,3,2025,135,13102,M S,27,2145,5,4.023786528035998,5,4.023786528035998,4,3.578555628657341,51,19,4,2,12.458620447665451,7.704472800716758
GER-Bundesliga,2526,Freiburg,Jordy Makengo,3,2025,135,12070,D S,20,1160,0,0.0,0,0.0,1,0.7270807102322578,0,5,1,0,3.012997498735785,2.975373087450862
GER-Bundesliga,2526,Freiburg,Junior Adamu,3,2025,135,12069,F S,9,456,1,1.7867614552378654,1,1.7867614552378654,1,1.2455768771469593,8,5,1,0,2.3196257650852203,0.8252495266497135
GER-Bundesliga,2526,Freiburg,Lucas Höler,3,2025,135,6475,F M S,33,2070,3,5.246343094855547,3,5.246343094855547,1,2.082939330488444,33,24,4,0,8.25760810635984,2.614948822185397
GER-Bundesliga,2526,Freiburg,Lukas Kübler,3,2025,135,5263,D S,23,1616,2,2.6487669441848998,2,2.6487669441848998,2,1.39156642742455,19,11,3,0,4.891823662444949,3.227331643924117
GER-Bundesliga,2526,Freiburg,Matthias Ginter,3,2025,135,315,D,32,2845,3,2.0582033302634954,3,2.0582033302634954,3,2.107471376657486,19,14,3,0,11.456075862050056,9.3837448656559
GER-Bundesliga,2526,Freiburg,Max Rosenfelder,3,2025,135,12626,D S,12,476,0,0.0172707736492156,0,0.0172707736492156,0,0.0,1,0,0,0,0.7206106707453728,0.7206106707453728
GER-Bundesliga,2526,Freiburg,Maximilian Eggestein,3,2025,135,125,M,34,3060,3,3.3948508631438017,3,3.3948508631438017,1,1.4131045453250408,44,19,4,0,10.904619429260492,8.16909633204341
GER-Bundesliga,2526,Freiburg,Maximilian Philipp,3,2025,135,4247,S,2,22,0,0.0,0,0.0,0,0.0,0,0,0,0,0.2912693321704864,0.2912693321704864
GER-Bundesliga,2526,Freiburg,Merlin Röhl,3,2025,135,11331,S,2,52,0,0.0,0,0.0,0,0.0,0,0,0,0,0.5478483885526657,0.5478483885526657
GER-Bundesliga,2526,Freiburg,Nicolas Höfler,3,2025,135,4250,M S,13,262,0,0.1117162872105836,0,0.1117162872105836,0,0.0,4,0,0,0,0.7971062641590834,0.7745334655046463
GER-Bundesliga,2526,Freiburg,Noah Atubolu,3,2025,135,10160,GK,34,3060,0,0.0,0,0.0,0,0.3416177351027727,0,3,1,0,5.907610785216093,5.56599305011332
GER-Bundesliga,2526,Freiburg,Patrick Osterhage,3,2025,135,9711,M S,20,1190,1,1.2812672033905983,1,1.2812672033905983,0,0.3329730369150638,7,6,4,0,3.087803818285465,1.5657243579626083
GER-Bundesliga,2526,Freiburg,Philipp Lienhart,3,2025,135,2611,D S,20,1296,1,0.9484050497412682,1,0.9484050497412682,0,0.1434269901365041,8,4,2,1,5.8486660327762365,5.743671094998717
GER-Bundesliga,2526,Freiburg,Philipp Treu,3,2025,135,12976,D M S,28,2195,1,1.471756223589182,1,1.471756223589182,2,1.812682246789336,17,20,2,0,7.696102367714047,4.845858434215188
GER-Bundesliga,2526,Freiburg,Rouven Tarnutzer,3,2025,135,14461,S,1,4,0,0.0,0,0.0,0,0.0,0,0,0,0,0.0,0.0
GER-Bundesliga,2526,Freiburg,Vincenzo Grifo,3,2025,135,5266,M S,33,1733,7,5.46098705381155,3,2.429960750043392,4,5.387601099908352,30,39,0,0,10.17651617899537,5.148983117192984
GER-Bundesliga,2526,Freiburg,Yuito Suzuki,3,2025,135,11354,M S,25,1645,4,4.17771103978157,4,4.17771103978157,2,2.0996621567755938,38,25,3,0,8.436173535883427,3.1268309205770493
GER-Bundesliga,2526,Hamburger SV,Aboubaka Soumahoro,3,2025,118,13927,D S,4,140,0,0.0,0,0.0,0,0.0205673892050981,0,1,1,0,0.0691862553358078,0.0691862553358078
GER-Bundesliga,2526,Hamburger SV,Albert Grønbæk,3,2025,118,12880,D M S,7,500,1,0.415574955753982,1,0.415574955753982,2,1.4378090538084507,8,8,0,0,2.706360399723053,1.1875548586249352
GER-Bundesliga,2526,Hamburger SV,Albert Sambi Lokonga,3,2025,118,9689,M S,26,1724,5,1.667557841166854,5,1.667557841166854,0,1.3766824714839458,19,25,3,0,6.4992835521698,4.499082233756781
GER-Bundesliga,2526,Hamburger SV,Alexander Røssing-Lelesiit,3,2025,118,13926,F M S,11,319,0,0.0890325643122196,0,0.0890325643122196,1,0.7265190482139587,2,5,1,1,0.8746454827487469,0.0590938683599233
GER-Bundesliga,2526,Hamburger SV,Bakery Jatta,3,2025,118,5225,D M S,15,934,1,1.5474212262779474,1,1.5474212262779474,1,0.2965631820261478,11,5,1,0,2.998817972838878,1.4511013012379408
GER-Bundesliga,2526,Hamburger SV,Damion Downs,3,2025,118,11411,F S,12,534,0,0.4918728657066822,0,0.4918728657066822,0,0.7069971961900592,7,7,0,0,1.3340397626161575,0.1351697221398353
GER-Bundesliga,2526,Hamburger SV,Daniel Elfadli,3,2025,118,13920,D S,21,1257,0,0.6049705110490322,0,0.6049705110490322,0,0.1704634763300418,4,2,4,1,1.874638892710209,1.6594158932566645
GER-Bundesliga,2526,Hamburger SV,Daniel Heuer Fernandes,3,2025,118,5283,GK,33,2970,0,0.1280906349420547,0,0.1280906349420547,0,0.0,1,0,3,0,5.012303248047829,5.012303248047829
GER-Bundesliga,2526,Hamburger SV,Emir Sahiti,3,2025,118,13924,F,2,124,0,0.0,0,0.0,0,0.0135703915730118,0,1,0,0,0.0135703915730118,0.0
GER-Bundesliga,2526,Hamburger SV,Fabio Baldé,3,2025,118,14036,F M S,16,422,1,0.946309395134449,1,0.946309395134449,1,1.2405132353305817,9,5,0,0,2.457134682685137,0.4607332050800323
GER-Bundesliga,2526,Hamburger SV,Fábio Vieira,3,2025,118,11007,F M S,29,2241,7,4.894621319137514,6,4.136844581924379,5,4.638651036657393,59,39,2,2,12.298777882009745,5.455926336348057
GER-Bundesliga,2526,Hamburger SV,Giorgi Gocholeishvili,3,2025,118,13921,D S,24,909,0,0.9827461671084166,0,0.9827461671084166,1,0.6386436335742474,14,9,1,1,3.0658979546278715,1.6764663234353063
GER-Bundesliga,2526,Hamburger SV,Guilherme Ramos,3,2025,118,9731,S,8,31,0,0.1210436820983886,0,0.1210436820983886,0,0.0,1,0,0,0,0.1867151726037264,0.1867151726037264
GER-Bundesliga,2526,Hamburger SV,Immanuel Pherai,3,2025,118,8405,S,6,19,0,0.0289674550294876,0,0.0289674550294876,0,0.0,1,0,0,1,0.1531147733330726,0.1531147733330726
GER-Bundesliga,2526,Hamburger SV,Jean-Luc Dompe,3,2025,118,5969,F M S,20,1132,3,2.179867002181709,2,1.4220903245732188,0,4.045239001512528,25,33,0,0,5.373646780848503,1.3945018351078031
GER-Bundesliga,2526,Hamburger SV,Jonas Meffert,3,2025,118,5346,M S,4,134,0,0.0,0,0.0,0,0.127674862742424,0,2,0,0,0.3951718807220459,0.2674970142543316
GER-Bundesliga,2526,Hamburger SV,Jordan Torunarigha,3,2025,118,5238,D S,24,1963,0,0.309758860617876,0,0.309758860617876,0,0.1416927427053451,5,2,3,0,2.372671600896865,2.242847737390548
GER-Bundesliga,2526,Hamburger SV,Louis Lemke,3,2025,118,14398,S,1,1,0,0.0,0,0.0,0,0.0,0,0,0,0,0.0,0.0
GER-Bundesliga,2526,Hamburger SV,Luka Vuskovic,3,2025,118,13725,D S,28,2440,6,4.682130139321089,5,3.924353461712599,0,0.5671260496601462,31,11,6,0,8.051702403463423,6.383656639605761
GER-Bundesliga,2526,Hamburger SV,Miro Muheim,3,2025,118,13922,D M S,29,2443,0,1.3705227468162775,0,1.3705227468162775,4,3.492499830201268,24,40,7,1,6.304988786578178,4.909944733604789
GER-Bundesliga,2526,Hamburger SV,Nicolai Remberg,3,2025,118,12937,D M,32,2880,0,1.0534912925213575,0,1.0534912925213575,2,2.1542654521763325,17,13,11,0,9.058403618633749,7.185781825333834
GER-Bundesliga,2526,Hamburger SV,Nicolás Capaldo,3,2025,118,13923,D M S,26,2029,1,2.6900635082274675,1,2.6900635082274675,3,1.8462919499725103,22,22,10,0,6.40477589238435,2.652264328673482
GER-Bundesliga,2526,Hamburger SV,Otto Stange,3,2025,118,13928,F S,10,275,0,0.6612029634416103,0,0.6612029634416103,0,0.1039289310574531,9,1,0,0,0.7412202656269073,0.1597113646566867
GER-Bundesliga,2526,Hamburger SV,Philip Otele,3,2025,118,14423,F M S,9,504,1,1.006495863199234,1,1.006495863199234,1,0.961767042055726,7,9,3,1,2.0749266296625137,0.3153763115406036
GER-Bundesliga,2526,Hamburger SV,Ransford Königsdörffer,3,2025,118,13925,F M S,33,2425,5,8.097989899106324,5,7.340213228948414,0,1.2930769845843315,65,20,2,0,10.459908859804273,2.80921021476388
GER-Bundesliga,2526,Hamburger SV,Rayan Philippe,3,2025,118,7749,F M S,28,1272,5,5.646055448800325,5,4.888278741389513,0,1.3564898148179054,39,15,2,0,6.413698500022292,1.2521088868379593
GER-Bundesliga,2526,Hamburger SV,Robert Glatzel,3,2025,118,9326,F S,19,594,3,2.8448161985725164,2,2.0870395209640265,2,0.8636805173009634,16,6,0,0,3.0260464753955603,0.5884653031826019
GER-Bundesliga,2526,Hamburger SV,Sander Tangvik,3,2025,118,14368,GK,1,90,0,0.0,0,0.0,0,0.0,0,0,0,0,0.0531585700809955,0.0531585700809955
GER-Bundesliga,2526,Hamburger SV,Shafiq Nandja,3,2025,118,14551,S,2,12,0,0.0,0,0.0,0,0.0,0,0,0,0,0.0,0.0
GER-Bundesliga,2526,Hamburger SV,Warmed Omari,3,2025,118,9491,D S,20,1606,0,0.0689202584326267,0,0.0689202584326267,1,0.4060542713850736,3,8,0,0,2.701174132525921,2.4303623382002115
GER-Bundesliga,2526,Hamburger SV,William Mikelbrencis,3,2025,118,9537,D M S,26,1384,0,1.4683683505281806,0,1.4683683505281806,4,2.816693114116788,12,16,3,0,4.9622572138905525,0.8413018770515919
GER-Bundesliga,2526,Hamburger SV,Yussuf Poulsen,3,2025,118,5250,F S,15,286,1,0.6910383813083172,1,0.6910383813083172,0,0.2802915424108505,7,2,4,0,1.617140244692564,0.806505823507905
GER-Bundesliga,2526,Hoffenheim,Adam Hlozek,3,2025,120,10774,S,5,30,0,1.1858347058296204,0,1.1858347058296204,0,0.0,3,0,0,0,1.2055274061858654,0.019692700356245
GER-Bundesliga,2526,Hoffenheim,Albian Hajdari,3,2025,120,13973,D S,30,2449,1,1.951246085576713,1,1.951246085576713,2,1.4744714088737965,19,9,10,0,9.048692982643844,7.608659699559212
GER-Bundesliga,2526,Hoffenheim,Alexander Prass,3,2025,120,12928,D M S,32,1269,3,1.6435396876186132,3,1.6435396876186132,2,2.1666669230908155,18,18,4,0,6.382722614333034,3.386800726875663
GER-Bundesliga,2526,Hoffenheim,Andrej Kramaric,3,2025,120,956,F M S,34,2256,14,13.078245226293802,9,9.289361868053676,6,4.530489624477923,65,35,2,0,18.172342345118523,7.810636706650257
GER-Bundesliga,2526,Hoffenheim,Bazoumana Touré,3,2025,120,13427,D F M S,30,2379,5,5.141797917895019,5,5.141797917895019,9,7.229519298300147,48,44,2,0,16.133680978789926,6.017529154196382
GER-Bundesliga,2526,Hoffenheim,Bernardo,3,2025,120,5245,D S,29,2340,0,0.4374553086236119,0,0.4374553086236119,0,0.3528335839509964,10,9,9,0,8.209371864795685,7.91454927995801
GER-Bundesliga,2526,Hoffenheim,Fisnik Asllani,3,2025,120,10113,F M S,33,2429,10,9.504826286807656,10,9.504826286807656,7,5.401737725362182,73,34,2,0,19.754683665931225,6.661823563277721
GER-Bundesliga,2526,Hoffenheim,Grischa Prömel,3,2025,120,4340,M S,33,1696,7,5.130105700343847,7,5.130105700343847,2,2.619504975154996,42,17,4,0,10.6988823749125,3.4885037057101727
GER-Bundesliga,2526,Hoffenheim,Ihlas Bebou,3,2025,120,6271,S,16,129,0,0.6424789670854807,0,0.6424789670854807,0,0.9731176495552064,5,2,1,0,2.42434592731297,0.8316981624811888
GER-Bundesliga,2526,Hoffenheim,Kevin Akpoguma,3,2025,120,6327,D S,8,46,0,0.0,0,0.0,0,0.0,0,0,0,1,0.165156252682209,0.165156252682209
GER-Bundesliga,2526,Hoffenheim,Koki Machida,3,2025,120,13859,D,1,45,0,0.0,0,0.0,0,0.0,0,0,1,0,0.0450697056949138,0.0450697056949138
GER-Bundesliga,2526,Hoffenheim,Leon Avdullahu,3,2025,120,13861,M S,33,2860,0,0.5229936568066478,0,0.5229936568066478,1,1.3252581506967545,14,22,5,0,13.051670419052243,11.703141951933503
GER-Bundesliga,2526,Hoffenheim,Luka Djuric,3,2025,120,13416,S,1,5,0,0.0,0,0.0,0,0.0,0,0,0,0,0.0583806261420249,0.0583806261420249
GER-Bundesliga,2526,Hoffenheim,Max Moerstedt,3,2025,120,12470,F S,22,334,2,1.2503958828747272,2,1.2503958828747272,0,0.6729935109615326,6,2,2,0,3.1903133746236563,1.2669239956885576
GER-Bundesliga,2526,Hoffenheim,Muhammed Damar,3,2025,120,10730,F M S,15,243,0,1.7655513063073158,0,1.7655513063073158,0,1.013223455287516,12,12,0,0,3.105889745056629,0.7359195481985807
GER-Bundesliga,2526,Hoffenheim,Oliver Baumann,3,2025,120,73,GK,34,3060,0,0.0,0,0.0,0,0.033280711621046,0,1,3,0,5.951814202591777,5.951814202591777
GER-Bundesliga,2526,Hoffenheim,Ozan Kabak,3,2025,120,7376,D S,25,1731,4,4.639676934108138,4,4.639676934108138,0,0.4478818494826555,35,9,5,0,8.401237551122904,5.430384643375874
GER-Bundesliga,2526,Hoffenheim,Robin Hranác,3,2025,120,13012,D S,29,2261,1,2.0698564872145653,1,2.0698564872145653,0,0.1279042270034551,8,3,5,0,7.542697021737695,7.542697021737695
GER-Bundesliga,2526,Hoffenheim,Tim Lemperle,3,2025,120,8407,F M S,29,2008,8,9.412074415013194,7,8.654297707602382,2,2.5754604805260897,53,26,1,1,13.365150267258286,2.924194620922208
GER-Bundesliga,2526,Hoffenheim,Umut Tohumcu,3,2025,120,10595,M S,5,120,0,0.0893327984958887,0,0.0893327984958887,0,0.0,2,0,2,0,0.231160482391715,0.2098498176783323
GER-Bundesliga,2526,Hoffenheim,Valentin Gendrey,3,2025,120,7742,S,8,38,1,0.3482030779123306,1,0.3482030779123306,1,0.72549694404006,2,3,0,0,1.073700025677681,0.0
GER-Bundesliga,2526,Hoffenheim,Vladimir Coufal,3,2025,120,8965,D M,34,3032,1,0.9888284020125866,1,0.9888284020125866,8,7.478693185374141,26,58,4,0,15.418089099228382,11.00063280761242
GER-Bundesliga,2526,Hoffenheim,Wouter Burger,3,2025,120,13860,M,30,2486,4,4.212299581617117,4,4.212299581617117,5,5.882515028119087,36,51,7,1,14.252158349379895,7.125719597563148
GER-Bundesliga,2526,Hoffenheim,Yannick Eduardo,3,2025,120,12314,S,1,1,0,0.0,0,0.0,0,0.0,0,0,0,0,0.0,0.0
GER-Bundesliga,2526,Mainz 05,Andreas Hanche-Olsen,3,2025,125,11309,D S,13,843,0,0.2357495911419391,0,0.2357495911419391,1,0.709290836006403,6,3,3,0,2.0370114482939243,1.2583506405353546
GER-Bundesliga,2526,Mainz 05,Anthony Caci,3,2025,125,6380,D M S,10,531,0,0.2611511684954166,0,0.2611511684954166,0,1.723295472562313,6,11,3,0,3.7935716342180967,3.304370043799281
GER-Bundesliga,2526,Mainz 05,Armindo Sieb,3,2025,125,9350,F S,22,497,2,2.8665214106440544,2,2.8665214106440544,0,0.598957596346736,18,8,1,0,4.1541723646223545,0.9499620124697684
GER-Bundesliga,2526,Mainz 05,Arnaud Nordin,3,2025,125,5684,D F M S,13,468,0,0.7219278290867805,0,0.7219278290867805,0,0.140843529254198,13,2,0,0,1.0664126202464104,0.3882246594876051
GER-Bundesliga,2526,Mainz 05,Ben Bobzien,3,2025,125,9786,S,1,3,0,0.0,0,0.0,0,0.0,0,0,0,0,0.2946255207061767,0.2946255207061767
GER-Bundesliga,2526,Mainz 05,Benedict Hollerbach,3,2025,125,11981,F M S,14,903,1,2.9790893960744143,1,2.9790893960744143,2,1.8817622810602188,22,4,0,0,4.888501934707165,1.3094587735831738
GER-Bundesliga,2526,Mainz 05,Daniel Batz,3,2025,125,12029,GK,21,1890,0,0.0,0,0.0,0,0.0,0,0,2,0,3.298780217766762,3.298780217766762
GER-Bundesliga,2526,Mainz 05,Danny da Costa,3,2025,125,249,D M S,34,2689,2,2.4268228095024824,2,2.4268228095024824,3,2.82913017924875,14,16,3,0,9.897982249036431,7.192822508513928
GER-Bundesliga,2526,Mainz 05,Dominik Kohr,3,2025,125,269,D S,29,2366,2,1.8827898502349851,2,1.8827898502349851,0,1.911913337185979,16,10,9,2,7.240472108125687,6.1323061883449554
GER-Bundesliga,2526,Mainz 05,Fabio Moreno Fell,3,2025,125,14164,F S,2,80,0,0.0517515055835247,0,0.0517515055835247,0,0.0,1,0,0,0,0.0,0.0
GER-Bundesliga,2526,Mainz 05,Jae-Sung Lee,3,2025,125,9783,F M S,28,2229,4,4.2225238950923085,4,4.2225238950923085,2,3.3260836768895388,30,22,4,0,9.91366148367524,3.64221465587616
GER-Bundesliga,2526,Mainz 05,Kacper Potulski,3,2025,125,14187,D S,15,1061,1,2.6196836456656456,1,2.6196836456656456,0,0.6171241998672485,14,2,3,0,1.225274246186018,0.9039126615971328
GER-Bundesliga,2526,Mainz 05,Kaishu Sano,3,2025,125,12918,M,34,3060,1,1.6013844851404428,1,1.6013844851404428,2,3.6190584171563382,24,25,1,0,14.120248086750507,10.931938745081425
GER-Bundesliga,2526,Mainz 05,Lasse Rieß,3,2025,125,10423,GK S,4,290,0,0.0,0,0.0,0,0.0,0,0,0,0,0.0500621423125267,0.0500621423125267
GER-Bundesliga,2526,Mainz 05,Lennard Maloney,3,2025,125,10071,D M S,21,444,0,0.5511733032763004,0,0.5511733032763004,0,0.0430457219481468,5,1,1,0,0.2704647099599242,0.2606308832764625
GER-Bundesliga,2526,Mainz 05,Maxim Leitsch,3,2025,125,9703,D S,3,158,0,0.0245072413235902,0,0.0245072413235902,0,0.0,1,0,0,0,0.3597921729087829,0.3597921729087829
GER-Bundesliga,2526,Mainz 05,Nadiem Amiri,3,2025,125,82,F M S,26,2112,12,10.704714082181454,4,4.642500706017017,2,6.560079865157604,54,64,6,0,12.271673714742064,5.860426990315318
GER-Bundesliga,2526,Mainz 05,Nelson Weiper,3,2025,125,11143,F S,24,486,0,2.777646102011204,0,2.777646102011204,0,0.3957122415304184,13,7,0,0,1.864802185446024,0.2630641795694828
GER-Bundesliga,2526,Mainz 05,Nikolas Veratschnig,3,2025,125,12919,D M S,21,614,0,0.147859844379127,0,0.147859844379127,1,1.0244743488729,4,4,3,0,1.3057616231963038,0.501030370593071
GER-Bundesliga,2526,Mainz 05,Paul Nebel,3,2025,125,8846,M S,30,2087,5,5.769457034766674,5,5.769457034766674,2,5.342756656929851,32,41,2,2,14.08178748562932,4.246757362037897
GER-Bundesliga,2526,Mainz 05,Philipp Mwene,3,2025,125,7106,D M S,29,2081,1,2.0332534685730934,1,2.0332534685730934,2,2.139080299064517,10,18,4,0,8.51742416061461,6.025996465235949
GER-Bundesliga,2526,Mainz 05,Robin Zentner,3,2025,125,449,GK,10,878,0,0.0,0,0.0,0,0.0,0,0,2,1,0.803024910390377,0.803024910390377
GER-Bundesliga,2526,Mainz 05,Sheraldo Becker,3,2025,125,7882,F S,14,975,3,4.820014007389545,3,4.820014007389545,3,3.5413313172757626,29,17,2,0,10.662561360746622,2.4736453220248222
GER-Bundesliga,2526,Mainz 05,Silas Wamangituka,3,2025,125,8807,F S,8,346,1,2.3329260647296906,1,2.3329260647296906,0,0.1923276670277118,8,3,1,0,2.63218654692173,0.1207570396363735
GER-Bundesliga,2526,Mainz 05,Silvan Widmer,3,2025,125,1139,D M S,27,1855,2,2.7386183850467205,2,2.7386183850467205,1,1.8089449182152748,20,8,5,0,7.704604331403971,4.957497945055366
GER-Bundesliga,2526,Mainz 05,Sota Kawasaki,3,2025,125,13995,D M S,10,295,0,0.04572444409132,0,0.04572444409132,0,0.0,1,0,1,0,0.2289929389953613,0.1832684949040413
GER-Bundesliga,2526,Mainz 05,Stefan Bell,3,2025,125,40,D S,18,1044,2,1.840271808207035,2,1.840271808207035,1,1.202451154589653,12,5,4,0,3.578166848048568,1.6757325250655413
GER-Bundesliga,2526,Mainz 05,Stefan Posch,3,2025,125,5329,D,16,1399,0,0.4011011412367224,0,0.4011011412367224,0,0.4894324410706758,10,8,4,0,4.902905914932489,4.450077299028635
GER-Bundesliga,2526,Mainz 05,William Bøving,3,2025,125,14022,M S,9,206,0,0.0132987955585122,0,0.0132987955585122,1,0.5447267256677151,1,4,1,0,0.3725819587707519,0.3725819587707519
GER-Bundesliga,2526,RasenBallsport Leipzig,Andrija Maksimovic,3,2025,136,13972,S,8,77,0,0.0663988795131445,0,0.0663988795131445,0,0.3666895739734173,2,3,0,0,0.4284807443618774,0.4025103766471147
GER-Bundesliga,2526,RasenBallsport Leipzig,Antonio Nusa,3,2025,136,12941,F M S,31,2048,4,5.204239755868912,4,5.204239755868912,3,4.748528776690364,61,33,0,0,16.717872930690646,8.048371147364378
GER-Bundesliga,2526,RasenBallsport Leipzig,Assan Ouédraogo,3,2025,136,13191,F M S,19,970,4,2.8071718588471413,4,2.8071718588471413,3,3.0103504192084074,27,14,0,0,8.333011165261269,5.714822366833687
GER-Bundesliga,2526,RasenBallsport Leipzig,Benjamin Henrichs,3,2025,136,435,D S,17,275,1,0.1952432431280613,1,0.1952432431280613,0,0.1661444157361984,4,3,0,0,2.9554218724370003,2.643328309059143
GER-Bundesliga,2526,RasenBallsport Leipzig,Bote Baku,3,2025,136,6708,D S,32,2538,2,3.1076600458472967,2,3.1076600458472967,3,5.799184195697308,30,37,4,0,19.285520542413,15.120991684496405
GER-Bundesliga,2526,RasenBallsport Leipzig,Brajan Gruda,3,2025,136,11310,F M S,13,760,3,3.530667640268802,3,3.530667640268802,3,3.072212206199765,21,17,1,0,8.732655480504036,3.745684714987874
GER-Bundesliga,2526,RasenBallsport Leipzig,Castello Lukeba,3,2025,136,9511,D S,26,2176,1,0.8890010062605143,1,0.8890010062605143,0,0.2401187624782323,8,6,3,0,13.522159865126014,13.34397491067648
GER-Bundesliga,2526,RasenBallsport Leipzig,Christoph Baumgartner,3,2025,136,7422,M S,33,2811,13,18.02284111827612,13,17.26506443321705,8,4.292830726131797,81,37,10,0,24.001264337450262,8.360922181978822
GER-Bundesliga,2526,RasenBallsport Leipzig,Conrad Harder,3,2025,136,14023,F S,29,886,3,4.679239679127932,3,4.679239679127932,3,2.816276628524065,42,14,3,0,7.420943347737193,1.14351468347013
GER-Bundesliga,2526,RasenBallsport Leipzig,David Raum,3,2025,136,9724,D S,30,2570,3,2.401866391301155,2,1.644089713692665,7,11.038921784609556,24,96,6,0,20.633256940171123,16.384972443804145
GER-Bundesliga,2526,RasenBallsport Leipzig,El Chadaille Bitshiabu,3,2025,136,9629,D S,11,661,0,0.1294711865484714,0,0.1294711865484714,0,0.0567568056285381,2,2,0,0,3.4552890360355377,3.4552890360355377
GER-Bundesliga,2526,RasenBallsport Leipzig,Ezechiel Banzuzi,3,2025,136,13851,M S,24,521,0,1.248297218233347,0,1.248297218233347,1,0.353797547519207,15,7,3,0,3.044343562796712,1.8351374585181477
GER-Bundesliga,2526,RasenBallsport Leipzig,Johan Bakayoko,3,2025,136,13850,F M S,20,764,2,2.3763104043900967,2,2.3763104043900967,0,1.30585958622396,24,10,1,0,6.649200826883316,3.972378112375736
GER-Bundesliga,2526,RasenBallsport Leipzig,Kevin Kampl,3,2025,136,188,S,3,3,0,0.0,0,0.0,0,0.0,0,0,0,0,0.0,0.0
GER-Bundesliga,2526,RasenBallsport Leipzig,Kosta Nedeljkovic,3,2025,136,12775,D S,5,251,0,0.0,0,0.0,0,0.0,0,0,0,0,0.3027626611292362,0.3027626611292362
GER-Bundesliga,2526,RasenBallsport Leipzig,Loïs Openda,3,2025,136,10832,F S,2,54,0,0.1550452373921871,0,0.1550452373921871,0,0.0519096367061138,3,1,0,0,0.5808013305068016,0.5808013305068016
GER-Bundesliga,2526,RasenBallsport Leipzig,Lukas Klostermann,3,2025,136,5358,D S,5,94,0,0.1061005108058452,0,0.1061005108058452,1,0.161961805075407,2,2,0,0,1.1594983972609043,0.9541020207107068
GER-Bundesliga,2526,RasenBallsport Leipzig,Maarten Vandevoordt,3,2025,136,12942,GK S,12,1052,0,0.0,0,0.0,0,0.0,0,0,0,0,3.504514906555414,3.504514906555414
GER-Bundesliga,2526,RasenBallsport Leipzig,Max Finkgrafe,3,2025,136,11894,D S,13,491,1,0.2259244993329048,1,0.2259244993329048,1,0.6198278795927763,4,12,2,0,4.128876706585288,3.778356781229377
GER-Bundesliga,2526,RasenBallsport Leipzig,Nicolas Seiwald,3,2025,136,11871,D M S,33,2730,0,1.818481955677271,0,1.818481955677271,2,1.8090799655765293,20,15,2,0,16.26779694482684,14.033266069367528
GER-Bundesliga,2526,RasenBallsport Leipzig,Péter Gulácsi,3,2025,136,5241,GK,23,2008,0,0.0,0,0.0,0,0.0,0,0,1,0,5.831954948604107,5.831954948604107
GER-Bundesliga,2526,RasenBallsport Leipzig,Rômulo,3,2025,136,13852,F M S,30,2246,9,15.93664027750492,9,15.178863540291786,4,3.606802409514785,63,25,3,0,23.735963854938745,7.021602770313621
GER-Bundesliga,2526,RasenBallsport Leipzig,Samba Konate,3,2025,136,14223,S,1,1,0,0.0413617305457592,0,0.0413617305457592,0,0.0,1,0,0,0,0.0,0.0
GER-Bundesliga,2526,RasenBallsport Leipzig,Tidiam Gomis,3,2025,136,13442,F S,18,309,1,0.6109884418547153,1,0.6109884418547153,0,0.4877947866916656,9,3,1,0,1.586239816620946,0.7072353083640337
GER-Bundesliga,2526,RasenBallsport Leipzig,Timo Werner,3,2025,136,65,S,3,11,0,0.0,0,0.0,0,0.0,0,0,0,0,0.0475450567901134,0.0475450567901134
GER-Bundesliga,2526,RasenBallsport Leipzig,Willi Orban,3,2025,136,5257,D,33,2952,2,3.142488135956228,2,3.142488135956228,0,0.7130345124751329,20,11,4,0,16.448472633957863,15.863021917641165
GER-Bundesliga,2526,RasenBallsport Leipzig,Xaver Schlager,3,2025,136,7783,M S,26,1844,3,2.157680917531252,3,2.157680917531252,1,2.197766998782754,21,21,6,0,20.343336034566164,17.009082730859518
GER-Bundesliga,2526,RasenBallsport Leipzig,Xavi Simons,3,2025,136,8700,M,1,90,0,0.0,0,0.0,0,0.029227266088128,0,1,0,0,0.2565662562847137,0.2565662562847137
GER-Bundesliga,2526,RasenBallsport Leipzig,Yan Diomande,3,2025,136,13561,F M S,33,2507,12,8.03020796738565,12,8.03020796738565,8,10.04887573234737,53,57,2,0,29.46964485943317,14.411308905109763
GER-Bundesliga,2526,St. Pauli,Abdoulie Ceesay,3,2025,288,13326,S,20,282,3,1.543990956619382,3,1.543990956619382,0,0.4445373900234699,11,3,4,0,1.7915069554001093,0.2432233467698097
GER-Bundesliga,2526,St. Pauli,Adam Dzwigala,3,2025,288,12984,D S,19,1303,1,0.1554847173392772,1,0.1554847173392772,1,0.2130086086690426,4,5,5,0,2.644652418792248,2.524500971660018
GER-Bundesliga,2526,St. Pauli,Andréas Hountondji,3,2025,288,13885,F M S,21,1092,4,4.958361548837274,4,4.200584930833429,0,0.7058144751936197,21,6,2,0,3.75940072350204,0.1124955490231514
GER-Bundesliga,2526,St. Pauli,Arkadiusz Pyrka,3,2025,288,13882,D M S,31,2596,0,1.008908435702324,0,1.008908435702324,1,2.223026978783309,19,24,3,0,8.325334949418902,6.6152997855097055
GER-Bundesliga,2526,St. Pauli,Connor Metcalfe,3,2025,288,12979,F M S,25,536,0,0.7382826870307326,0,0.7382826870307326,2,1.1607451755553484,16,9,2,0,1.9794561108574271,0.7128131743520498
GER-Bundesliga,2526,St. Pauli,Danel Sinani,3,2025,288,12983,F M S,30,2080,5,5.747947253286839,2,3.474617220461369,3,3.705269183032215,49,45,4,0,9.47156412154436,5.238701125606895
GER-Bundesliga,2526,St. Pauli,Eric Smith,3,2025,288,12975,D M S,27,2313,2,0.814800588414073,2,0.814800588414073,2,0.8954977933317423,12,18,4,1,5.893046077340841,5.734260914847255
GER-Bundesliga,2526,St. Pauli,Finley Stevens,3,2025,288,9916,S,1,25,0,0.0,0,0.0,0,0.0,0,0,0,0,0.0418283976614475,0.0418283976614475
GER-Bundesliga,2526,St. Pauli,Hauke Wahl,3,2025,288,5344,D S,30,2591,2,0.5231343070045114,2,0.5231343070045114,1,0.6354480646550655,10,6,1,0,3.7871760576963434,3.6133358404040337
GER-Bundesliga,2526,St. Pauli,Jackson Irvine,3,2025,288,12978,M S,24,1617,0,1.6277177091687918,0,1.6277177091687918,1,0.908556679263711,19,11,0,1,4.692420791834593,2.735986944288016
GER-Bundesliga,2526,St. Pauli,James Sands,3,2025,288,13325,M S,24,1957,1,0.8688814658671618,1,0.8688814658671618,0,0.9661839380860328,16,10,4,0,4.826324421912432,3.583524534478784
GER-Bundesliga,2526,St. Pauli,Joel Chima Fujita,3,2025,288,13883,F M S,32,2689,1,1.4086154643446207,1,1.4086154643446207,3,4.352827329188585,32,30,6,0,9.678257964551449,4.85630483366549
GER-Bundesliga,2526,St. Pauli,Karol Mets,3,2025,288,12974,D S,23,1938,1,0.7716115931980312,1,0.7716115931980312,0,0.1689066644757986,7,4,3,0,3.623257830739021,3.603599851019681
GER-Bundesliga,2526,St. Pauli,Lars Ritzka,3,2025,288,12977,D M S,21,974,0,0.225738238543272,0,0.225738238543272,0,0.8755739834159613,4,6,1,0,1.4658792736008763,0.7808276889845729
GER-Bundesliga,2526,St. Pauli,Louis Oppie,3,2025,288,13884,D M S,23,1606,1,1.1548993904143572,1,1.1548993904143572,0,1.1255840882658958,15,10,0,0,4.7634373884648085,2.7592283356934786
GER-Bundesliga,2526,St. Pauli,Manolis Saliakas,3,2025,288,12981,D M S,17,1118,1,0.5466044023633003,1,0.5466044023633003,3,0.9010673672892152,16,12,2,0,2.8804356046020985,1.7787759266793728
GER-Bundesliga,2526,St. Pauli,Martijn Kaars,3,2025,288,13966,F S,29,1331,3,3.80478292517364,2,3.047006232663989,1,1.339794876985252,23,10,2,0,6.194270332343876,3.194861490279436
GER-Bundesliga,2526,St. Pauli,Mathias Rasmussen,3,2025,288,14390,M S,13,692,0,0.7939996533095837,0,0.7939996533095837,0,0.26394072920084,6,5,0,0,2.191186435520649,1.7720584273338318
GER-Bundesliga,2526,St. Pauli,Nikola Vasilj,3,2025,288,12973,GK,34,3060,0,0.0,0,0.0,0,0.0,0,0,0,0,2.8116685058921576,2.8116685058921576
GER-Bundesliga,2526,St. Pauli,Oladapo Afolayan,3,2025,288,12982,M S,7,135,0,0.526158856227994,0,0.526158856227994,0,0.0837487746030092,4,2,1,0,0.7736875526607037,0.1637799143791198
GER-Bundesliga,2526,St. Pauli,Pereira Lage,3,2025,288,7743,D F M S,28,2067,2,4.428796678781509,2,4.428796678781509,2,2.062663111835718,43,24,3,0,6.917279999703169,2.1819291338324547
GER-Bundesliga,2526,St. Pauli,Ricky-Jade Jones,3,2025,288,14197,F S,9,344,2,2.837136209011078,2,2.837136209011078,0,1.4098595241084697,11,7,1,0,4.384352348744869,0.1761478222906589
GER-Bundesliga,2526,St. Pauli,Taichi Hara,3,2025,288,9776,S,4,23,0,0.2931467592716217,0,0.2931467592716217,0,0.0,1,0,0,0,0.2931467592716217,0.0
GER-Bundesliga,2526,St. Pauli,Tomoya Ando,3,2025,288,14345,D S,15,1263,0,0.5493685305118561,0,0.5493685305118561,1,1.295797783881426,8,6,3,0,3.70635798573494,3.663719467818737
GER-Bundesliga,2526,Union Berlin,Alex Kral,3,2025,240,8017,M S,20,394,0,0.3584795072674751,0,0.3584795072674751,0,0.272127328440547,7,4,1,0,1.076263951137662,0.6060352418571711
GER-Bundesliga,2526,Union Berlin,Aljoscha Kemlein,3,2025,240,11236,M S,30,1984,0,1.4002653919160366,0,1.4002653919160366,2,1.5705977864563463,17,14,4,0,6.956056768074632,5.00193196348846
GER-Bundesliga,2526,Union Berlin,Andras Schafer,3,2025,240,7410,M S,28,1420,2,1.778747895732522,2,1.778747895732522,1,0.7768908403813839,27,6,2,1,5.5322664473205805,3.3308603167533875
GER-Bundesliga,2526,Union Berlin,Andrej Ilic,3,2025,240,12421,F M S,32,2238,5,11.113924760371448,5,10.356148082762957,9,4.753498738631606,71,30,5,0,13.322315469384192,2.385981469415128
GER-Bundesliga,2526,Union Berlin,Carl Klaus,3,2025,240,13292,GK S,4,330,0,0.0,0,0.0,0,0.0,0,0,0,0,0.5431037116795778,0.5431037116795778
GER-Bundesliga,2526,Union Berlin,Christopher Trimmel,3,2025,240,7875,D S,29,1904,0,0.0736503908410668,0,0.0736503908410668,3,5.092283573001623,5,52,8,0,4.565780051983893,3.3375917868688703
GER-Bundesliga,2526,Union Berlin,Danilho Doekhi,3,2025,240,10725,D,34,3060,5,4.879229350015521,5,4.879229350015521,0,0.54770487267524,45,8,4,0,4.549193911254406,3.164020985364914
GER-Bundesliga,2526,Union Berlin,Derrick Köhn,3,2025,240,13093,D S,29,1887,1,2.375174617394805,0,1.6173979174345732,2,3.0893841087818146,28,25,5,1,4.535877007059753,2.7453682981431484
GER-Bundesliga,2526,Union Berlin,Diogo Leite,3,2025,240,10724,D,23,1998,0,0.7947779260575771,0,0.7947779260575771,0,0.4625474046915769,10,9,4,0,4.022552821785212,3.751455467194319
GER-Bundesliga,2526,Union Berlin,Dmytro Bogdanov,3,2025,240,14109,S,2,2,0,0.5116710662841797,0,0.5116710662841797,0,0.0,3,0,0,0,0.4415141642093658,0.0
GER-Bundesliga,2526,Union Berlin,Frederik Rönnow,3,2025,240,7048,GK,30,2640,0,0.0,0,0.0,0,0.0186647586524486,0,1,2,0,1.797542778775096,1.7788780201226473
GER-Bundesliga,2526,Union Berlin,Ilyas Ansah,3,2025,240,13866,F M S,33,1960,5,3.8260167790576816,5,3.8260167790576816,1,1.5223449170589447,33,17,1,0,6.577519843354821,2.9834984317421918
GER-Bundesliga,2526,Union Berlin,Janik Haberer,3,2025,240,4271,D M S,28,1662,0,0.6165919480845332,0,0.6165919480845332,1,1.4660948365926745,11,21,8,0,2.625936538912356,1.615098069421947
GER-Bundesliga,2526,Union Berlin,Josip Juranovic,3,2025,240,11333,D S,11,309,1,0.7259451868012547,1,0.7259451868012547,1,1.2349283397197723,4,12,1,0,1.2414962649345398,0.4408333860337734
GER-Bundesliga,2526,Union Berlin,Leopold Querfeld,3,2025,240,12920,D S,31,2701,3,3.893261847086251,1,1.6199317695572972,0,2.300974193960428,29,21,7,0,4.945359595119953,3.97544520162046
GER-Bundesliga,2526,Union Berlin,Linus Güther,3,2025,240,14567,S,1,4,0,0.0,0,0.0,0,0.0,0,0,1,0,0.0,0.0
GER-Bundesliga,2526,Union Berlin,Livan Burcu,3,2025,240,14177,F M S,18,621,1,2.16127123311162,1,2.16127123311162,1,0.5088458983227611,16,9,4,0,2.686813432723284,0.9930684771388768
GER-Bundesliga,2526,Union Berlin,Marin Ljubicic,3,2025,240,13428,S,2,11,2,1.5059347748756409,2,1.5059347748756409,0,0.0,2,0,0,0,0.6139925122261047,0.0
GER-Bundesliga,2526,Union Berlin,Matheo Raab,3,2025,240,13867,GK,1,90,0,0.0,0,0.0,0,0.0,0,0,0,0,0.0,0.0
GER-Bundesliga,2526,Union Berlin,Oliver Burke,3,2025,240,5256,F M S,29,1699,6,6.0373401287943125,6,6.0373401287943125,2,2.2901990823447704,34,23,4,0,9.287183087319136,1.809681724756956
GER-Bundesliga,2526,Union Berlin,Rani Khedira,3,2025,240,5251,M,32,2854,5,2.2710952758789062,5,2.2710952758789062,1,2.3157351221889257,23,16,7,0,6.596783770248294,3.21970677934587
GER-Bundesliga,2526,Union Berlin,Robert Skov,3,2025,240,7867,D,3,236,0,0.0324681997299194,0,0.0324681997299194,0,0.0800095424056053,1,1,0,0,0.3229803517460823,0.2905121520161629
GER-Bundesliga,2526,Union Berlin,Stanley N'Soki,3,2025,240,6436,D S,13,837,1,0.1332546882331371,1,0.1332546882331371,2,0.2016350086778402,3,4,2,0,1.0962544791400433,0.9779290817677976
GER-Bundesliga,2526,Union Berlin,Tim Skarke,3,2025,240,10926,F M S,22,555,1,0.906526424922049,1,0.906526424922049,1,1.448102950118482,14,11,0,0,3.765563036315143,1.586321622133255
GER-Bundesliga,2526,Union Berlin,Tom Rothe,3,2025,240,10550,D S,21,1018,2,1.6000693328678608,2,1.6000693328678608,0,0.9030134752392768,19,11,1,1,2.1565405651926994,1.3000704422593117
GER-Bundesliga,2526,Union Berlin,Woo-Yeong Jeong,3,2025,240,7267,F M S,28,1182,4,2.681515445932746,4,2.681515445932746,1,0.4271412957459688,22,6,0,0,4.1683559119701385,1.4844767227768898
GER-Bundesliga,2526,VfB Stuttgart,Alexander Nübel,3,2025,133,2639,GK,34,3060,0,0.0,0,0.0,1,0.3682400248944759,0,4,0,0,7.689679289236665,7.51086644269526
GER-Bundesliga,2526,VfB Stuttgart,Ameen Al Dakhil,3,2025,133,11699,D S,8,368,0,0.062562808394432,0,0.062562808394432,0,0.0814990736544132,1,2,1,0,0.7323282063007355,0.717394694685936
GER-Bundesliga,2526,VfB Stuttgart,Angelo Stiller,3,2025,133,9725,M S,34,2752,2,3.622028611600399,2,2.864251904189586,5,6.064722905866802,17,54,1,0,19.65218799188733,14.8945678062737
GER-Bundesliga,2526,VfB Stuttgart,Atakan Karazor,3,2025,133,8878,M S,28,1906,0,1.0594271700829268,0,1.0594271700829268,1,1.621204137802124,7,13,5,1,11.42892475426197,8.954623859375715
GER-Bundesliga,2526,VfB Stuttgart,Badredine Bouanani,3,2025,133,11062,F M S,14,451,0,1.0744991190731523,0,1.0744991190731523,0,0.5685664489865303,16,5,1,0,4.118053063750267,2.8789315968751907
GER-Bundesliga,2526,VfB Stuttgart,Bilal El Khannouss,3,2025,133,13020,F M S,25,1654,4,3.092769087292254,4,3.092769087292254,5,5.275783350691199,42,44,6,0,11.292239958420396,5.437266502529383
GER-Bundesliga,2526,VfB Stuttgart,Chema Andres,3,2025,133,13078,M S,25,1299,3,1.97593117505312,3,1.97593117505312,0,1.2185792801901698,15,15,5,0,8.577176412567496,7.514525938779116
GER-Bundesliga,2526,VfB Stuttgart,Chris Führich,3,2025,133,6449,F M S,33,1727,7,4.271757278591394,7,4.271757278591394,7,7.827977802604437,45,49,2,0,17.83286163210869,10.075685493648052
GER-Bundesliga,2526,VfB Stuttgart,Dan-Axel Zagadou,3,2025,133,6103,D,3,216,0,0.2956633493304252,0,0.2956633493304252,0,0.0886286199092865,6,1,0,0,0.9479237943887712,0.7582869995385408
GER-Bundesliga,2526,VfB Stuttgart,Deniz Undav,3,2025,133,10804,F M S,29,2261,19,19.05754723213613,19,18.299770614132285,6,5.584789767861366,124,38,5,0,30.379802346229557,9.69207865279168
GER-Bundesliga,2526,VfB Stuttgart,Ermedin Demirovic,3,2025,133,6496,F S,25,1507,12,8.664393775165081,11,7.906617097556591,3,2.179655436426401,41,17,5,0,13.179813992232084,4.325801435858011
GER-Bundesliga,2526,VfB Stuttgart,Finn Jeltsch,3,2025,133,13426,D S,23,1501,0,0.1950984485447406,0,0.1950984485447406,1,0.1018767990171909,3,5,3,0,5.332050487399101,5.174723267555237
GER-Bundesliga,2526,VfB Stuttgart,Jamie Leweling,3,2025,133,9718,D M S,32,2385,7,4.102848822250962,7,4.102848822250962,9,6.05470309779048,49,41,4,0,17.34269355610013,9.02036947198212
GER-Bundesliga,2526,VfB Stuttgart,Jeremy Arévalo,3,2025,133,14338,S,7,21,0,0.1582863703370094,0,0.1582863703370094,1,0.0620802752673625,3,1,0,0,0.349437266588211,0.1290706247091293
GER-Bundesliga,2526,VfB Stuttgart,Joshua Vagnoman,3,2025,133,6626,D M S,27,1589,1,3.556872447952628,1,3.556872447952628,3,2.121924228966236,19,16,3,0,7.574769550934434,3.1966566257178783
GER-Bundesliga,2526,VfB Stuttgart,Julian Chabot,3,2025,133,7937,D S,27,2307,0,1.6176300728693604,0,1.6176300728693604,0,0.2743483893573284,18,7,3,0,11.031767396256328,10.77568300254643
GER-Bundesliga,2526,VfB Stuttgart,Lazar Jovanovic,3,2025,133,13868,S,3,23,0,0.0999414473772049,0,0.0999414473772049,0,0.0953161157667636,1,2,0,0,0.1952575594186782,0.0
GER-Bundesliga,2526,VfB Stuttgart,Lorenz Assignon,3,2025,133,8973,D S,24,1091,0,0.6752535561099648,0,0.6752535561099648,0,1.0527520487084985,12,10,3,1,5.320500722154975,4.25156906992197
GER-Bundesliga,2526,VfB Stuttgart,Luca Jaquez,3,2025,133,13425,D S,14,893,0,0.1529901893809437,0,0.1529901893809437,1,0.4413405451923609,4,5,1,0,3.8481910564005375,3.353291839361191
GER-Bundesliga,2526,VfB Stuttgart,Maximilian Mittelstädt,3,2025,133,419,D M S,32,2200,6,4.954262416809797,2,1.9231557194143531,4,5.520105980336666,31,37,4,0,16.285320289433002,12.091185672208669
GER-Bundesliga,2526,VfB Stuttgart,Nick Woltemade,3,2025,133,8117,M,1,90,0,0.0,0,0.0,0,0.3476715981960296,0,1,0,0,0.5924015045166016,0.2447298914194107
GER-Bundesliga,2526,VfB Stuttgart,Nikolas Nartey,3,2025,133,6415,F M S,28,1255,4,4.401471285149455,4,4.401471285149455,3,3.354308173060417,22,24,2,0,12.59413393214345,5.368743376806378
GER-Bundesliga,2526,VfB Stuttgart,Pascal Stenzel,3,2025,133,326,D,2,114,0,0.1592021947726607,0,0.1592021947726607,0,0.0,3,0,2,0,0.2664077952504158,0.1181570217013359
GER-Bundesliga,2526,VfB Stuttgart,Ramon Hendriks,3,2025,133,12927,D S,31,2011,0,0.2131752036511898,0,0.2131752036511898,3,0.5864755865186453,5,6,3,0,9.381356485188007,9.077877201139929
GER-Bundesliga,2526,VfB Stuttgart,Tiago Tomás,3,2025,133,10367,F M S,27,996,5,5.533668488264084,5,5.533668488264084,3,1.2588633932173252,35,11,4,0,8.350152125582099,2.681462910026312
GER-Bundesliga,2526,Werder Bremen,Amos Pieper,3,2025,123,7320,D,19,1510,0,0.3870185147970915,0,0.3870185147970915,0,0.0697134993970394,8,2,4,0,2.2050731107592583,2.1713340766727924
GER-Bundesliga,2526,Werder Bremen,Cameron Puertas,3,2025,123,14058,F M S,28,1867,1,2.220278110355139,1,2.220278110355139,2,2.42338989302516,37,28,6,0,7.052124924957752,4.755718288943172
GER-Bundesliga,2526,Werder Bremen,Felix Agu,3,2025,123,8804,D M S,11,757,0,0.0819280599243938,0,0.0819280599243938,0,0.4471510555595159,2,7,1,0,1.301962075755,1.035733675584197
GER-Bundesliga,2526,Werder Bremen,Isaac Schmidt,3,2025,123,13974,D S,19,671,1,0.5206902362406254,1,0.5206902362406254,0,0.5155902737751603,5,10,2,0,3.2245144806802277,2.3847034201025963
GER-Bundesliga,2526,Werder Bremen,Isak Hansen-Aaröen,3,2025,123,12431,S,1,1,0,0.0,0,0.0,0,0.0,0,0,0,0,0.0,0.0
GER-Bundesliga,2526,Werder Bremen,Jens Stage,3,2025,123,10734,M,29,2489,10,6.0983161851763725,10,6.0983161851763725,2,3.476818254217505,57,26,5,0,12.630906242877243,5.692467089742422
GER-Bundesliga,2526,Werder Bremen,Jovan Milosevic,3,2025,123,11840,F S,13,476,3,2.319580804556608,3,2.319580804556608,1,0.2436453625559806,12,3,2,0,2.8273107409477234,0.4218983128666878
GER-Bundesliga,2526,Werder Bremen,Julián Malatini,3,2025,123,12360,D S,11,508,0,0.0284452866762876,0,0.0284452866762876,0,0.1550656594336033,2,2,3,0,1.295384829863906,1.235657211393118
GER-Bundesliga,2526,Werder Bremen,Justin Njinmah,3,2025,123,10585,D F M S,33,1963,5,6.778727872297168,5,6.778727872297168,0,1.2397968284785748,62,17,2,0,11.163103096187116,3.214089992456138
GER-Bundesliga,2526,Werder Bremen,Karim Coulibaly,3,2025,123,13496,D S,27,2128,1,1.1301267184317112,1,1.1301267184317112,0,0.1937260031700134,6,7,3,1,4.018573129549623,3.783440677449107
GER-Bundesliga,2526,Werder Bremen,Karl Hein,3,2025,123,9692,GK,2,180,0,0.0,0,0.0,0,0.0,0,0,0,0,0.270400308072567,0.270400308072567
GER-Bundesliga,2526,Werder Bremen,Keke Maximilian Topp,3,2025,123,11314,F S,20,617,1,2.021150179207325,1,2.021150179207325,1,0.873332935385406,25,9,4,0,4.603332705795765,2.0922563280910254
GER-Bundesliga,2526,Werder Bremen,Leonardo Bittencourt,3,2025,123,262,M S,17,588,0,0.215122521854937,0,0.215122521854937,1,0.8824588861316442,7,5,5,0,2.723938686773181,2.383876219391823
GER-Bundesliga,2526,Werder Bremen,Marco Friedl,3,2025,123,5340,D S,30,2552,1,0.729124104604125,1,0.729124104604125,0,0.2931987326592207,8,5,9,1,5.801214318722487,5.562721598893404
GER-Bundesliga,2526,Werder Bremen,Marco Grüll,3,2025,123,12924,F M S,33,2039,3,4.225460607558489,3,4.225460607558489,1,2.3132778629660606,43,33,5,0,9.543412220664322,4.941745131276548
GER-Bundesliga,2526,Werder Bremen,Maximilian Wöber,3,2025,123,7366,S,2,29,0,0.0,0,0.0,0,0.426640123128891,0,1,0,0,0.426640123128891,0.426640123128891
GER-Bundesliga,2526,Werder Bremen,Mick Schmetgens,3,2025,123,13422,S,2,34,0,0.0,0,0.0,0,0.0,0,0,0,0,0.2390525937080383,0.2390525937080383
GER-Bundesliga,2526,Werder Bremen,Mio Backhaus,3,2025,123,12925,GK,32,2880,0,0.0,0,0.0,0,0.0,0,0,1,0,3.336742208339274,3.336742208339274
GER-Bundesliga,2526,Werder Bremen,Niklas Stark,3,2025,123,418,D S,14,721,0,0.5795709788799286,0,0.5795709788799286,0,0.0,3,0,4,2,0.4512885939329862,0.4041371922940016
GER-Bundesliga,2526,Werder Bremen,Olivier Deman,3,2025,123,12028,D S,16,1251,1,0.428515175357461,1,0.428515175357461,2,1.47944251075387,10,17,3,0,4.93840117380023,3.729718029499054
GER-Bundesliga,2526,Werder Bremen,Patrice Covic,3,2025,123,13291,M S,15,326,1,1.1091214641928673,1,1.1091214641928673,0,0.940799904987216,5,4,1,0,2.82220889814198,1.3946651984006166
GER-Bundesliga,2526,Werder Bremen,Romano Schmid,3,2025,123,9069,F M,34,3004,4,7.935770924203098,1,4.904664213769138,8,10.276878538541496,57,87,4,0,17.899825293570757,6.946343030780554
GER-Bundesliga,2526,Werder Bremen,Salim Musah,3,2025,123,14481,F S,8,182,1,0.4705605544149875,1,0.4705605544149875,0,0.252941220998764,7,3,0,0,0.8138958923518658,0.1823151037096977
GER-Bundesliga,2526,Werder Bremen,Samuel Mbangula,3,2025,123,12904,F M S,26,1160,3,1.8366767894476648,3,1.8366767894476648,2,1.0369327440857887,17,14,0,0,4.303910743445158,1.90781073551625
GER-Bundesliga,2526,Werder Bremen,Senne Lynen,3,2025,123,11835,D M,31,2766,0,1.0010085487738252,0,1.0010085487738252,0,1.2373423893004656,25,14,4,0,9.094095415435731,7.418055593036115
GER-Bundesliga,2526,Werder Bremen,Skelly Alvero,3,2025,123,12013,S,2,23,0,0.0,0,0.0,0,0.0,0,0,0,0,0.0728349313139915,0.0728349313139915
GER-Bundesliga,2526,Werder Bremen,Victor Boniface,3,2025,123,11867,F S,11,309,0,0.908873425796628,0,0.908873425796628,2,1.0533378049731257,16,7,1,0,2.354151902720332,0.713976114988327
GER-Bundesliga,2526,Werder Bremen,Yukinari Sugawara,3,2025,123,12761,D S,31,2444,0,1.6741932658478618,0,1.6741932658478618,6,2.4432157278060918,30,20,2,1,8.13111265283078,5.448099664412439
GER-Bundesliga,2526,Wolfsburg,Aaron Zehnter,3,2025,131,10863,D M S,20,1467,2,1.8096191370859744,2,1.8096191370859744,0,1.0538889579474926,11,16,0,0,5.76640553586185,3.103568371385336
GER-Bundesliga,2526,Wolfsburg,Adam Daghim,3,2025,131,14024,F M S,27,1328,2,3.1088089011609554,2,3.1088089011609554,3,3.074686413630843,27,18,3,0,9.786626935005188,4.455633115023375
GER-Bundesliga,2526,Wolfsburg,Andreas Skov Olsen,3,2025,131,7934,M S,8,365,1,0.1957429936155676,1,0.1957429936155676,0,0.8937978446483612,7,7,1,0,2.4187796115875244,1.530781688168645
GER-Bundesliga,2526,Wolfsburg,Bence Dárdai,3,2025,131,12965,S,1,31,0,0.0,0,0.0,0,0.0124272247776389,0,1,0,0,0.0124272247776389,0.0
GER-Bundesliga,2526,Wolfsburg,Christian Eriksen,3,2025,131,646,M S,31,2446,3,5.570981449447572,0,2.539874809794128,9,7.904180903919041,38,62,4,0,14.289100974798204,8.979044845327735
GER-Bundesliga,2526,Wolfsburg,Denis Vavro,3,2025,131,7940,D S,17,1168,1,1.6649845857173204,1,1.6649845857173204,0,0.1777781695127487,12,3,2,0,1.7065384555608034,1.423941339366138
GER-Bundesliga,2526,Wolfsburg,Dzenan Pejcinovic,3,2025,131,11227,F S,30,1445,8,8.291429496370256,8,8.291429496370256,0,1.645487703382969,51,12,1,0,9.861923123709856,1.750562708824873
GER-Bundesliga,2526,Wolfsburg,Jan Bürger,3,2025,131,13634,D S,7,247,0,0.0601265747100114,0,0.0601265747100114,0,0.1284901462495327,2,2,0,0,1.0541414730250835,0.9940148964524268
GER-Bundesliga,2526,Wolfsburg,Jenson Seelt,3,2025,131,13714,D S,9,681,0,0.1075635813176631,0,0.1075635813176631,0,0.0,2,0,0,0,1.855355310253799,1.855355310253799
GER-Bundesliga,2526,Wolfsburg,Jesper Lindstrom,3,2025,131,9752,M S,13,362,0,0.9394969940185548,0,0.9394969940185548,0,0.7942945100367069,9,4,2,0,1.9680058527737856,0.7649932485073805
GER-Bundesliga,2526,Wolfsburg,Joakim Maehle,3,2025,131,9233,D M S,16,1226,1,0.6766485814005136,1,0.6766485814005136,2,1.6462530652061105,14,14,1,0,5.031030514277518,3.4584580026566982
GER-Bundesliga,2526,Wolfsburg,Jonas Adjetey,3,2025,131,14419,D S,4,134,0,0.0873863417655229,0,0.0873863417655229,0,0.0,3,0,1,0,0.2091567032039165,0.1757383421063423
GER-Bundesliga,2526,Wolfsburg,Jonas Wind,3,2025,131,10394,F S,11,480,1,1.382240418344736,1,1.382240418344736,0,0.2623850591480732,9,5,1,0,2.308900620788336,1.0269743390381336
GER-Bundesliga,2526,Wolfsburg,Kamil Grabara,3,2025,131,12964,GK,34,3060,0,0.0364092700183391,0,0.0364092700183391,0,0.0404902063310146,1,3,1,0,4.599022266454995,4.5585320591926575
GER-Bundesliga,2526,Wolfsburg,Kento Shiogai,3,2025,131,14371,M S,12,292,1,1.8814079575240608,1,1.8814079575240608,0,0.5708257630467415,9,2,3,0,2.8516479656100278,0.4630212336778641
GER-Bundesliga,2526,Wolfsburg,Kevin Paredes,3,2025,131,10395,M S,6,151,0,0.0639815423637628,0,0.0639815423637628,0,0.0430809929966926,2,1,1,0,0.6420955136418343,0.535032982006669
GER-Bundesliga,2526,Wolfsburg,Kilian Fischer,3,2025,131,11031,D S,11,801,0,0.0871237516403198,0,0.0871237516403198,0,0.4677412435412407,2,3,0,0,1.9711496345698836,1.804927940480411
GER-Bundesliga,2526,Wolfsburg,Konstantinos Koulierakis,3,2025,131,13063,D S,29,2476,4,3.5553980004042387,4,3.5553980004042387,1,1.7689252914860845,26,14,5,0,7.746201686561108,6.606250849552453
GER-Bundesliga,2526,Wolfsburg,Lovro Majer,3,2025,131,9931,M S,28,1390,2,3.5951214293017983,2,3.5951214293017983,3,2.931819343939424,27,21,5,0,8.230100117623806,2.8397826477885246
GER-Bundesliga,2526,Wolfsburg,Mattias Svanberg,3,2025,131,6974,M S,24,814,3,3.0017038471996784,3,3.0017038471996784,1,0.8542640991508961,21,6,4,1,4.753424547612667,2.098399179056287
GER-Bundesliga,2526,Wolfsburg,Maximilian Arnold,3,2025,131,153,M S,25,1837,1,0.367392455227673,1,0.367392455227673,4,4.247929247096181,13,29,5,0,5.136144082993269,4.320300527848303
GER-Bundesliga,2526,Wolfsburg,Mohammed Amoura,3,2025,131,13062,F M S,30,1949,8,9.9565003933385,7,9.198723715730011,3,3.972602378576994,60,24,2,0,14.962777476757765,4.446937231346965
GER-Bundesliga,2526,Wolfsburg,Moritz Jenz,3,2025,131,9943,D S,22,1795,1,0.6638292074203491,1,0.6638292074203491,0,0.068161042407155,5,2,6,1,3.456455777399242,3.388294734992087
GER-Bundesliga,2526,Wolfsburg,Patrick Wimmer,3,2025,131,9730,F M S,25,1678,4,3.6373985055834055,4,3.6373985055834055,3,2.249568970873952,24,16,4,0,8.324480776675045,3.472630725242197
GER-Bundesliga,2526,Wolfsburg,Pharell Hensel,3,2025,131,14174,M S,5,68,0,0.0186023861169815,0,0.0186023861169815,0,0.0,1,0,0,0,0.0186023861169815,0.0
GER-Bundesliga,2526,Wolfsburg,Sael Kumbedi,3,2025,131,11157,D M S,24,1825,0,0.4646370662376284,0,0.4646370662376284,5,3.120423424988985,5,18,2,0,6.11135661881417,4.07589796371758
GER-Bundesliga,2526,Wolfsburg,Vinicius Souza,3,2025,131,10872,M S,24,1794,0,0.7309565888717771,0,0.7309565888717771,0,0.7795633533969522,9,8,5,0,5.024353690445423,4.415433967486024
GER-Bundesliga,2526,Wolfsburg,Václav Cerny,3,2025,131,11851,S,2,40,0,0.07103131711483,0,0.07103131711483,0,0.0,1,0,0,0,0.0934526398777961,0.0224213246256113
GER-Bundesliga,2526,Wolfsburg,Yannick Gerhardt,3,2025,131,140,D M S,19,1080,1,1.152172677218914,1,1.152172677218914,0,0.9047546237707138,11,8,1,0,2.5076904222369194,1.179125288501382
ITA-Serie A,2526,AC Milan,Adrien Rabiot,2,2025,111,3291,M S,29,2546,6,4.362811662256718,6,4.362811662256718,4,3.9378524888306856,46,27,4,1,15.66315065138042,10.026626612991096
ITA-Serie A,2526,AC Milan,Alejandro Jiménez,2,2025,111,12168,S,1,42,0,0.0,0,0.0,0,0.1404095441102981,0,2,1,0,0.3835609853267669,0.2431514263153076
ITA-Serie A,2526,AC Milan,Alexis Saelemaekers,2,2025,111,8297,D F M S,35,2819,3,3.5981931975111365,3,3.5981931975111365,3,4.787930195219815,43,53,5,0,18.2068260461092,11.067787064239385
ITA-Serie A,2526,AC Milan,Ardon Jashari,2,2025,111,13895,M S,14,703,0,0.2434516996145248,0,0.2434516996145248,1,1.1303722113370895,7,9,0,0,3.5845713447779417,2.445791095495224
ITA-Serie A,2526,AC Milan,Cheveyo Mul,2,2025,111,13970,S,2,2,0,0.0848034471273422,0,0.0848034471273422,0,0.0,1,0,0,0,0.0848034471273422,0.0
ITA-Serie A,2526,AC Milan,Christian Pulisic,2,2025,111,2662,F S,30,1612,8,9.544671326875688,8,8.78337250649929,4,5.038487618789077,54,38,0,0,16.272753523662686,6.288353566080332
ITA-Serie A,2526,AC Milan,Christopher Nkunku,2,2025,111,3300,F S,32,1343,7,9.940500289201736,2,6.134006172418594,3,1.6137207765132189,29,16,0,0,8.721460867673159,2.4926984682679176
ITA-Serie A,2526,AC Milan,David Odogu,2,2025,111,11536,S,2,3,0,0.0,0,0.0,0,0.0,0,0,0,0,0.0,0.0
ITA-Serie A,2526,AC Milan,Davide Bartesaghi,2,2025,111,11967,D M S,31,2447,2,1.3741471637040377,2,1.3741471637040377,0,3.913629310205579,22,44,3,0,9.807490270584822,7.979077003896236
ITA-Serie A,2526,AC Milan,Estupiñán,2,2025,111,5136,D S,19,1045,1,0.4771555783227086,1,0.4771555783227086,1,1.5814345702528954,9,13,5,1,7.527399258688092,6.920363070443273
ITA-Serie A,2526,AC Milan,Fikayo Tomori,2,2025,111,703,D S,33,2572,0,0.594410877674818,0,0.594410877674818,2,1.0016300892457366,9,4,6,1,8.909132670611143,7.46826982870698
ITA-Serie A,2526,AC Milan,Koni de Winter,2,2025,111,9964,D S,26,1797,1,0.7965529607608914,1,0.7965529607608914,1,0.6498572872951627,7,5,1,0,8.046976586803794,7.892384415492415
ITA-Serie A,2526,AC Milan,Luka Modric,2,2025,111,2250,M S,34,2827,2,1.2469155695289371,2,1.2469155695289371,3,4.025909835472703,20,50,4,0,15.23719035461545,13.89836597442627
ITA-Serie A,2526,AC Milan,Matteo Gabbia,2,2025,111,4920,D S,30,2531,0,1.5443233884871006,0,1.5443233884871006,0,0.0519444094970822,19,2,4,0,8.185640977695584,7.89401094801724
ITA-Serie A,2526,AC Milan,Mike Maignan,2,2025,111,3737,GK,37,3296,0,0.0,0,0.0,0,0.0,0,0,4,0,5.275465501472354,5.275465501472354
ITA-Serie A,2526,AC Milan,Niclas Füllkrug,2,2025,111,6098,F S,20,626,1,3.413054244592786,1,2.651755439117551,0,2.275935359299183,16,9,0,0,6.835285836830735,2.7036399245262146
ITA-Serie A,2526,AC Milan,Pietro Terracciano,2,2025,111,6977,GK S,2,124,0,0.0,0,0.0,0,0.0,0,0,0,0,0.3073457181453705,0.3073457181453705
ITA-Serie A,2526,AC Milan,Rafael Leão,2,2025,111,7193,F S,29,1874,9,9.601861637085676,7,8.079263962805271,3,4.9774565836414695,63,23,5,0,15.73306704312563,4.835623417049646
ITA-Serie A,2526,AC Milan,Ruben Loftus-Cheek,2,2025,111,688,F M S,28,1122,3,4.139354669488967,3,4.139354669488967,1,1.0412129200994968,29,10,2,0,7.335022354498506,4.437150865793228
ITA-Serie A,2526,AC Milan,Samuel Chukwueze,2,2025,111,7208,S,1,23,0,0.0,0,0.0,0,0.0,0,0,0,0,0.0210899077355861,0.0210899077355861
ITA-Serie A,2526,AC Milan,Samuele Ricci,2,2025,111,7530,M S,31,1273,1,2.1061665676534176,1,2.1061665676534176,4,2.7816384192556143,18,20,3,0,8.74880488216877,5.324380742385984
ITA-Serie A,2526,AC Milan,Santiago Giménez,2,2025,111,13453,F S,16,905,0,3.7894718274474144,0,3.7894718274474144,1,0.5480921231210232,27,4,2,0,4.311729162931442,1.1985082384198904
ITA-Serie A,2526,AC Milan,Strahinja Pavlovic,2,2025,111,8642,D S,34,2876,5,3.910906858742237,5,3.910906858742237,1,0.7155323065817356,26,15,3,0,12.916616784408689,10.892403895035386
ITA-Serie A,2526,AC Milan,Youssouf Fofana,2,2025,111,6945,M S,33,2231,2,4.585123873315752,2,4.585123873315752,3,3.638393623754382,44,36,4,0,13.358851363882422,6.3727181646972895
ITA-Serie A,2526,AC Milan,Yunus Musah,2,2025,111,8771,D M S,20,623,1,0.7452922910451889,1,0.7452922910451889,0,0.7338241711258888,7,4,1,0,4.711621839553118,3.270248807966709
ITA-Serie A,2526,AC Milan,Zachary Athekame,2,2025,111,13896,D S,27,804,2,0.381818194873631,2,0.381818194873631,2,1.562887266278267,13,12,3,0,4.83278364315629,3.5311308968812227
ITA-Serie A,2526,Atalanta,Ademola Lookman,2,2025,107,5556,F M S,12,803,2,3.853021115064621,2,3.853021115064621,0,2.281141601502896,27,17,0,0,6.121153548359871,1.5856311172246933
ITA-Serie A,2526,Atalanta,Berat Gjimshiti,2,2025,107,1927,D S,34,2522,0,1.6940214959904552,0,1.6940214959904552,0,0.3319271430373192,16,5,4,0,9.58841962274164,8.927216066978872
ITA-Serie A,2526,Atalanta,Charles De Ketelaere,2,2025,107,10877,F M S,31,2206,3,4.545966546982527,3,4.545966546982527,5,10.65264681726694,46,64,4,0,19.828982893377542,7.581169381737709
ITA-Serie A,2526,Atalanta,Daniel Maldini,2,2025,107,8163,F M S,21,944,2,2.8131038434803486,2,2.8131038434803486,1,1.1871156906709075,23,11,1,0,4.705114088952541,1.7460139524191618
ITA-Serie A,2526,Atalanta,Davide Zappacosta,2,2025,107,1178,D M S,35,2605,3,3.226649757474661,3,3.226649757474661,3,4.505483852699399,37,42,3,0,14.347047809511425,9.38390316069126
ITA-Serie A,2526,Atalanta,Dominic Vavassori,2,2025,107,12891,S,1,9,0,0.0,0,0.0,0,0.0,0,0,0,0,0.0,0.0
ITA-Serie A,2526,Atalanta,Giacomo Raspadori,2,2025,107,7500,F M S,13,784,3,3.4865498393774037,3,3.4865498393774037,1,1.2000453984364867,28,17,0,0,6.076622746884823,1.7490264791995287
ITA-Serie A,2526,Atalanta,Gianluca Scamacca,2,2025,107,6253,F S,24,1318,10,8.868786808103323,8,7.346189212054014,1,1.356632051989436,57,17,2,0,10.201008120551704,3.702565290033817
ITA-Serie A,2526,Atalanta,Giorgio Scalvini,2,2025,107,9107,D S,24,1841,3,3.860559612512589,3,3.860559612512589,1,1.580893311649561,20,14,2,0,12.34991330653429,10.11700438708067
ITA-Serie A,2526,Atalanta,Honest Ahanor,2,2025,107,12779,D S,22,1368,0,2.38193753361702,0,2.38193753361702,0,0.1237909533083438,13,2,2,1,3.2897915095090866,2.9145306274294853
ITA-Serie A,2526,Atalanta,Isak Hien,2,2025,107,11053,D S,28,1951,1,1.0833443198353052,1,1.0833443198353052,0,0.1072509177029132,9,2,5,0,6.416519846767187,6.356766816228628
ITA-Serie A,2526,Atalanta,Kamaldeen Sulemana,2,2025,107,9630,M S,25,993,2,2.4879335798323154,2,2.4879335798323154,1,2.279735462740064,25,13,4,0,7.907776966691017,3.8877192325890064
ITA-Serie A,2526,Atalanta,Lazar Samardzic,2,2025,107,8341,M S,26,1005,2,2.776425752788782,2,2.776425752788782,1,2.376872181892395,25,28,1,0,8.550659781321883,4.545059723779559
ITA-Serie A,2526,Atalanta,Lorenzo Bernasconi,2,2025,107,11520,D M S,23,1570,0,0.4185952385887503,0,0.4185952385887503,3,3.146109139546752,9,27,3,0,7.764180159196258,6.473759057000279
ITA-Serie A,2526,Atalanta,Marco Brescianini,2,2025,107,7284,M S,26,1018,2,2.351007338613272,2,2.351007338613272,1,1.2417720863595605,13,10,2,0,4.8565372144803405,2.457272893749177
ITA-Serie A,2526,Atalanta,Marco Carnesecchi,2,2025,107,8871,GK,37,3330,0,0.0,0,0.0,0,0.0,0,0,0,0,6.905917014926672,6.905917014926672
ITA-Serie A,2526,Atalanta,Marco Sportiello,2,2025,107,1501,GK,1,90,0,0.0,0,0.0,0,0.0,0,0,0,0,0.4066589772701263,0.4066589772701263
ITA-Serie A,2526,Atalanta,Mario Pasalic,2,2025,107,1134,M S,33,1922,3,3.4538544081151485,3,3.4538544081151485,4,6.249310817569494,24,40,3,0,16.428963288664818,10.395109225064516
ITA-Serie A,2526,Atalanta,Marten de Roon,2,2025,107,1710,D M S,34,2720,1,0.824793690815568,1,0.824793690815568,2,1.586717877537012,16,23,6,1,15.483431348577142,13.585763746872544
ITA-Serie A,2526,Atalanta,Mitchel Bakker,2,2025,107,8310,S,1,7,0,0.0,0,0.0,0,0.0,0,0,0,0,0.0368793755769729,0.0368793755769729
ITA-Serie A,2526,Atalanta,Nicola Zalewski,2,2025,107,9036,D M S,33,1917,2,3.13883500918746,2,3.13883500918746,4,5.143455224111676,38,36,3,0,10.349049489945171,5.962576111778617
ITA-Serie A,2526,Atalanta,Nikola Krstovic,2,2025,107,12008,F S,33,1781,10,15.67498453706503,10,15.67498453706503,5,3.230607645586133,99,23,4,0,19.62596950680017,3.146167431026697
ITA-Serie A,2526,Atalanta,Odilon Kossounou,2,2025,107,9714,D S,19,981,1,0.2642052415758371,1,0.2642052415758371,0,0.2571885026991367,5,4,1,0,4.142970737069845,3.8508499525487423
ITA-Serie A,2526,Atalanta,Raoul Bellanova,2,2025,107,6412,D M S,24,1374,0,0.5010053906589746,0,0.5010053906589746,1,1.9426204562187197,13,21,2,0,5.808547647669911,4.122412154451013
ITA-Serie A,2526,Atalanta,Sead Kolasinac,2,2025,107,342,D S,19,1233,0,0.122791800647974,0,0.122791800647974,0,0.0,3,0,3,0,4.200706224888563,4.168808490037918
ITA-Serie A,2526,Atalanta,Éderson,2,2025,107,10404,M S,30,2253,2,5.546352312900126,1,4.785053477622569,1,2.210425505414605,35,25,3,0,16.25540943443775,12.244340799748898
ITA-Serie A,2526,Bologna,Benjamín Domínguez,2,2025,97,13061,M S,15,553,0,0.6471717953681946,0,0.6471717953681946,3,0.2637887708842754,12,7,1,0,2.346475001424551,1.5743254204280674
ITA-Serie A,2526,Bologna,Charalampos Lykogiannis,2,2025,97,6517,D S,10,627,0,0.2231357134878635,0,0.2231357134878635,1,1.4965692646801472,7,13,3,0,1.564978839829564,0.9745610002428292
ITA-Serie A,2526,Bologna,Ciro Immobile,2,2025,97,1209,F S,6,185,0,0.062911570072174,0,0.062911570072174,0,0.0633853375911712,2,1,1,0,0.2141840010881424,0.1259481459856033
ITA-Serie A,2526,Bologna,Eivind Helland,2,2025,97,14382,D,6,497,0,0.0996828228235244,0,0.0996828228235244,0,0.1498643718659877,1,3,2,0,0.8593118786811829,0.7094475030899048
ITA-Serie A,2526,Bologna,Emil Holm,2,2025,97,10956,D S,18,891,1,1.1488585537299514,1,1.1488585537299514,4,2.278636334463954,13,9,1,1,4.335210639052093,3.059872541576624
ITA-Serie A,2526,Bologna,Federico Bernardeschi,2,2025,97,1424,F M S,29,1198,4,3.179261529818177,3,2.41796269454062,2,3.570297403261065,39,29,3,0,8.06808358617127,3.1546717965975404
ITA-Serie A,2526,Bologna,Federico Ravaglia,2,2025,97,1544,GK S,17,1468,0,0.0,0,0.0,0,0.0,0,0,4,0,1.1016265656799078,1.1016265656799078
ITA-Serie A,2526,Bologna,Giovanni Fabbian,2,2025,97,11964,M S,29,1160,2,2.665424160659313,2,2.665424160659313,0,1.65299897454679,22,9,2,0,5.044444873929024,1.9827907886356115
ITA-Serie A,2526,Bologna,Jens Odgaard,2,2025,97,7005,F M S,26,1391,5,2.728798510506749,5,2.728798510506749,1,0.936283141374588,35,14,1,0,5.993094911798835,3.132464464753866
ITA-Serie A,2526,Bologna,Jhon Lucumí,2,2025,97,11038,D S,29,2282,1,1.3786265589296818,1,1.3786265589296818,0,0.7872928977012634,8,7,5,0,7.493933078367263,6.784966338891536
ITA-Serie A,2526,Bologna,Jonathan Rowe,2,2025,97,10172,F M S,28,1612,3,4.977084977552295,3,4.977084977552295,2,2.6996529325842857,48,21,2,0,8.23259355314076,1.3820700384676456
ITA-Serie A,2526,Bologna,João Mário,2,2025,97,13946,D S,20,1003,1,0.2812202759087086,1,0.2812202759087086,0,0.7328075990080833,7,8,2,0,3.5707893492653966,2.740538847632706
ITA-Serie A,2526,Bologna,Juan Miranda,2,2025,97,7286,D S,32,2576,1,0.5171072538942099,1,0.5171072538942099,3,4.504574298858643,13,64,6,0,11.67654135497287,9.17404536018148
ITA-Serie A,2526,Bologna,Lewis Ferguson,2,2025,97,11039,M S,27,1576,1,0.6512357760220766,1,0.6512357760220766,0,1.5657932441681623,13,16,5,1,5.200136251747608,4.374258171766996
ITA-Serie A,2526,Bologna,Lorenzo De Silvestri,2,2025,97,1193,D S,12,499,0,0.0,0,0.0,0,0.1587319131940603,0,5,2,0,0.8127099629491568,0.6539780553430319
ITA-Serie A,2526,Bologna,Lukasz Skorupski,2,2025,97,1305,GK,19,1594,0,0.0,0,0.0,0,0.0,0,0,1,1,1.617395529523492,1.617395529523492
ITA-Serie A,2526,Bologna,Martin Vitík,2,2025,97,13893,D S,19,1320,0,0.7379880752414465,0,0.7379880752414465,0,0.170901820063591,8,3,3,0,1.804028332233429,1.5788080394268036
ITA-Serie A,2526,Bologna,Massimo Pessina,2,2025,97,13237,GK S,4,353,0,0.0,0,0.0,0,0.0,0,0,0,0,0.3042548187077045,0.3042548187077045
ITA-Serie A,2526,Bologna,Nadir Zortea,2,2025,97,9866,D S,32,1776,0,0.4220857946202159,0,0.4220857946202159,2,2.858346225693822,11,26,2,0,5.77900561131537,3.2570625115185976
ITA-Serie A,2526,Bologna,Nicolò Cambiaghi,2,2025,97,7576,F M S,28,1510,3,2.916797866113484,3,2.916797866113484,4,3.030234506353736,24,18,3,1,6.658601673319936,1.8299096524715424
ITA-Serie A,2526,Bologna,Nicolò Casale,2,2025,97,8829,D S,12,672,0,0.7464245669543743,0,0.7464245669543743,0,0.2049335874617099,5,4,0,0,1.794011733494699,1.707671201787889
ITA-Serie A,2526,Bologna,Nikola Moro,2,2025,97,8626,M S,30,1784,1,0.9313860163092612,1,0.9313860163092612,0,2.0523393927142024,21,26,1,0,6.237979667261243,5.088687775656581
ITA-Serie A,2526,Bologna,Remo Freuler,2,2025,97,1488,M S,29,2236,1,1.6811274103820324,1,1.6811274103820324,2,1.3417738927528262,8,22,5,0,9.675127479247749,7.1491998406127095
ITA-Serie A,2526,Bologna,Riccardo Orsolini,2,2025,97,6160,F M S,35,2146,10,10.890181131660938,6,6.322388224303722,1,1.7088488563895226,82,26,2,0,12.810560373589396,6.704501977190375
ITA-Serie A,2526,Bologna,Santiago Castro,2,2025,97,12528,F S,35,2381,7,8.299087951891124,7,8.299087951891124,2,2.7326227221637964,63,28,3,0,10.868452872149646,1.5710173277184367
ITA-Serie A,2526,Bologna,Simon Sohm,2,2025,97,9029,M S,28,1447,0,0.7936277445405722,0,0.7936277445405722,1,2.04474865924567,9,15,3,0,4.9742969293147326,3.7022214271128178
ITA-Serie A,2526,Bologna,Sulemana,2,2025,97,10985,M S,19,866,1,1.692176567390561,1,1.692176567390561,0,0.1446987427771091,11,6,3,0,2.706570972688496,1.8741704896092413
ITA-Serie A,2526,Bologna,Thijs Dallinga,2,2025,97,10794,F S,23,785,2,3.886146053671837,2,3.886146053671837,2,0.7199398213997483,24,10,2,0,5.551288968883455,1.0566577464342115
ITA-Serie A,2526,Bologna,Tommaso Pobega,2,2025,97,8912,M S,26,1446,3,1.8404578557237985,3,1.8404578557237985,1,0.5510165924206376,25,6,2,1,5.318103016354144,3.350840594619513
ITA-Serie A,2526,Bologna,Torbjørn Heggem,2,2025,97,13894,D S,27,2109,0,1.0151279531419275,0,1.0151279531419275,0,0.050894595682621,11,2,0,1,4.1579109420999885,4.145889705978334
ITA-Serie A,2526,Cagliari,Adam Obert,2,2025,116,10073,D S,35,2813,0,1.3562092930078506,0,1.3562092930078506,3,3.709252428263426,10,26,8,1,9.10701741091907,7.374641459435224
ITA-Serie A,2526,Cagliari,Agustín Albarracín,2,2025,116,14399,S,2,23,0,0.0,0,0.0,0,0.0,0,0,0,0,0.0780318900942802,0.0780318900942802
ITA-Serie A,2526,Cagliari,Alberto Dossena,2,2025,116,11955,D S,12,850,0,0.8983321329578757,0,0.8983321329578757,1,0.6100350879132748,7,3,5,0,1.512564353644848,1.2154917791485786
ITA-Serie A,2526,Cagliari,Alessandro Deiola,2,2025,116,1634,D M S,20,1444,0,2.228636055253446,0,2.228636055253446,2,0.5954971769824624,22,6,3,0,4.545566329732537,2.970381209626794
ITA-Serie A,2526,Cagliari,Alessandro Di Pardo,2,2025,116,9134,S,3,50,0,0.1000637710094451,0,0.1000637710094451,0,0.0,1,0,0,0,0.1000637710094451,0.0
ITA-Serie A,2526,Cagliari,Andrea Belotti,2,2025,116,1186,F S,8,212,2,2.310628950595856,1,1.5493301749229431,0,0.0408160090446472,6,1,0,0,1.016254037618637,0.2606043629348278
ITA-Serie A,2526,Cagliari,Elia Caprile,2,2025,116,7087,GK,38,3420,0,0.0,0,0.0,0,0.1229132413864135,0,1,2,0,2.390499006025493,2.26758576463908
ITA-Serie A,2526,Cagliari,Gabriele Zappa,2,2025,116,8857,D S,31,1583,0,1.1292200051248074,0,1.1292200051248074,3,2.106568494811654,11,13,2,0,6.058917995542288,4.171539556235075
ITA-Serie A,2526,Cagliari,Gennaro Borrelli,2,2025,116,11883,F S,27,1263,5,4.579960027709603,5,4.579960027709603,1,0.8707911921665072,30,12,4,0,5.725788693875074,2.594655658118427
ITA-Serie A,2526,Cagliari,Gianluca Gaetano,2,2025,116,7507,F M S,33,1920,2,1.996237703599036,2,1.996237703599036,4,2.214853904210031,34,27,4,0,7.68703128490597,5.646638568490744
ITA-Serie A,2526,Cagliari,Joseph Liteta,2,2025,116,14020,M,4,277,0,0.0,0,0.0,0,0.0,0,0,0,0,0.1539649814367294,0.1539649814367294
ITA-Serie A,2526,Cagliari,Juan Rodríguez,2,2025,116,14065,D S,17,1327,1,1.198434928432107,1,1.198434928432107,0,0.0,3,0,3,0,2.5587312020361423,2.53060919418931
ITA-Serie A,2526,Cagliari,Leonardo Pavoletti,2,2025,116,1104,F S,13,193,1,1.3747940957546234,1,1.3747940957546234,1,0.3619416300207376,6,2,1,0,1.7779649775475264,0.4217170421034097
ITA-Serie A,2526,Cagliari,Luca Mazzitelli,2,2025,116,1477,M S,18,753,2,0.7084781415760517,2,0.7084781415760517,2,1.069239970296621,15,5,3,0,3.09368846565485,2.3530206037685275
ITA-Serie A,2526,Cagliari,Marco Palestra,2,2025,116,11551,D F M S,37,3087,1,1.6532281721010804,1,1.6532281721010804,4,4.397553648799658,29,32,3,0,8.444047356024384,3.87338453065604
ITA-Serie A,2526,Cagliari,Matteo Prati,2,2025,116,11959,M S,33,1893,1,1.6766500296071172,1,1.6766500296071172,1,1.699283911846578,31,13,5,0,6.055320294573903,4.262527488172054
ITA-Serie A,2526,Cagliari,Mattia Felici,2,2025,116,12868,D M S,12,397,2,1.336680732667446,2,1.336680732667446,1,0.7564891278743744,9,8,3,0,2.2656255550682545,0.6046547405421734
ITA-Serie A,2526,Cagliari,Michael Folorunsho,2,2025,116,11877,D F M S,27,2032,2,2.947147471830249,2,2.947147471830249,0,0.9439696660265326,36,14,3,0,5.254418143071234,2.6885152058675885
ITA-Serie A,2526,Cagliari,Ndary Adopo,2,2025,116,6706,D M S,38,3074,1,2.5289438869804144,1,2.5289438869804144,2,2.4404895724728703,28,27,4,0,8.808407304808497,5.819650985300541
ITA-Serie A,2526,Cagliari,Nicolò Cavuoti,2,2025,116,9895,S,4,34,0,0.0,0,0.0,0,0.0,0,0,0,0,0.0,0.0
ITA-Serie A,2526,Cagliari,Othniël Raterink,2,2025,116,14444,S,1,4,0,0.0,0,0.0,0,0.0,0,0,0,0,0.0236606132239103,0.0236606132239103
ITA-Serie A,2526,Cagliari,Paul Mendy,2,2025,116,14445,F S,9,326,2,2.3890278404578567,2,2.3890278404578567,0,0.2572284191846847,15,6,1,0,2.721623335033655,0.8244506865739822
ITA-Serie A,2526,Cagliari,Riyad Idrissi,2,2025,116,13929,D S,23,737,2,0.7890109941363335,2,0.7890109941363335,0,0.2484424067661166,6,6,3,0,3.7340927477926016,3.2926744939759374
ITA-Serie A,2526,Cagliari,Sebastiano Esposito,2,2025,116,7969,F M S,36,2751,7,5.744417134672403,6,4.983118314296007,5,5.577771823387593,57,71,6,0,11.48640700429678,4.763355305418372
ITA-Serie A,2526,Cagliari,Sebastiano Luperto,2,2025,116,1639,D,34,3024,1,0.9484533411450684,1,0.9484533411450684,1,1.270846989005804,12,6,4,0,5.05174197955057,4.660151047632098
ITA-Serie A,2526,Cagliari,Semih Kiliçsoy,2,2025,116,13930,F S,22,973,4,2.0539160827174783,4,2.0539160827174783,0,0.3908173693343997,17,11,1,0,2.991133206523955,1.0485907513648272
ITA-Serie A,2526,Cagliari,Yael Trepy,2,2025,116,14264,S,8,68,1,0.5980131141841412,1,0.5980131141841412,0,0.1456443965435028,7,2,0,0,0.6774523053318262,0.0
ITA-Serie A,2526,Cagliari,Yerry Mina,2,2025,116,6521,D,26,2162,2,1.761018111370504,2,1.761018111370504,0,0.4277909696102142,10,8,3,1,4.631761448457837,4.594839323312044
ITA-Serie A,2526,Cagliari,Zito,2,2025,116,10380,F M S,12,304,0,1.151164494454861,0,1.151164494454861,0,0.3884659241884947,12,3,0,0,1.925946459174156,0.4089712295681238
ITA-Serie A,2526,Cagliari,Zé Pedro,2,2025,116,14019,D S,23,1723,0,0.7449751049280167,0,0.7449751049280167,1,0.4578208215534687,7,3,6,0,3.503966052085161,3.028582524508238
ITA-Serie A,2526,Como,Alberto Moreno,2,2025,286,608,D S,19,1240,2,1.5935251340270042,2,1.5935251340270042,1,1.9240656215697527,11,15,4,0,6.835680209100246,4.881311055272818
ITA-Serie A,2526,Como,Andréa Le Borgne,2,2025,286,14140,S,1,1,0,0.0,0,0.0,0,0.0,0,0,0,0,0.0,0.0
ITA-Serie A,2526,Como,Assane Diao,2,2025,286,12081,M S,17,1098,2,3.17557692155242,2,3.17557692155242,1,1.6823896700516343,31,9,2,0,6.436402162536979,1.8002320639789104
ITA-Serie A,2526,Como,Diego Carlos,2,2025,286,5712,D S,27,1946,1,1.6734400745481253,1,1.6734400745481253,0,0.0478520281612873,8,2,8,0,5.324253041297197,5.265754908323288
ITA-Serie A,2526,Como,Edoardo Goldaniga,2,2025,286,1264,S,2,12,0,0.0,0,0.0,0,0.0,0,0,0,0,0.0,0.0
ITA-Serie A,2526,Como,Ignace Van der Brempt,2,2025,286,13050,D S,20,915,0,0.1629508137702942,0,0.1629508137702942,1,0.8157258443534374,3,5,2,0,4.370813526213169,4.091412968933582
ITA-Serie A,2526,Como,Ivan Smolcic,2,2025,286,13443,D S,28,1685,0,1.130530584603548,0,1.130530584603548,1,1.458752404898405,12,14,8,0,5.349467679858208,4.847194198518992
ITA-Serie A,2526,Como,Jacobo Ramón,2,2025,286,12436,D S,32,2744,2,5.472400579601526,2,5.472400579601526,0,1.0274589136242869,39,11,11,1,11.14709885045886,10.425094533711672
ITA-Serie A,2526,Como,Jayden Addai,2,2025,286,13978,M S,12,688,3,1.5144574735313654,3,1.5144574735313654,0,1.0214554481208324,13,7,4,0,3.735154617577791,1.3605918884277344
ITA-Serie A,2526,Como,Jean Butez,2,2025,286,5610,GK,38,3420,0,0.0,0,0.0,1,0.4511870332062244,0,3,3,0,8.169484661892056,7.718297624960542
ITA-Serie A,2526,Como,Jesús Rodriguez,2,2025,286,13059,F M S,31,1728,2,3.921451119706034,2,3.921451119706034,9,6.971315912902355,45,36,3,1,13.897016979753973,4.475679643452168
ITA-Serie A,2526,Como,Lucas Da Cunha,2,2025,286,8182,M S,36,2765,6,6.926369271241128,2,3.881173974834383,4,6.021571090444922,42,45,4,0,17.49147634766996,12.713604623451827
ITA-Serie A,2526,Como,Marc-Oliver Kempf,2,2025,286,4291,D S,34,2317,4,3.2830319171771407,4,3.2830319171771407,1,1.0999353304505348,22,8,3,0,8.622972431592643,8.481748702004552
ITA-Serie A,2526,Como,Martin Baturina,2,2025,286,13934,F M S,29,1579,6,1.901092293672264,6,1.901092293672264,3,6.69613741338253,28,61,0,0,11.85915962420404,7.063820514827967
ITA-Serie A,2526,Como,Maxence Caqueret,2,2025,286,7328,M S,30,1493,2,1.735451778396964,2,1.735451778396964,6,2.78000052459538,18,26,3,0,10.671364849433305,7.438197961077094
ITA-Serie A,2526,Como,Mergim Vojvoda,2,2025,286,8819,D F M S,30,1602,2,1.4710992444306612,2,1.4710992444306612,2,3.094263934530318,18,29,1,0,7.919539753347635,4.826663876883686
ITA-Serie A,2526,Como,Máximo Perrone,2,2025,286,11378,M S,36,2758,3,2.4864027742296457,3,2.4864027742296457,4,2.535719258710742,18,32,8,0,16.492772169411182,12.241286350414155
ITA-Serie A,2526,Como,Nico Paz,2,2025,286,11541,F M S,35,2905,12,8.902074420824647,12,7.379476809874177,6,7.032759159803391,121,51,5,0,19.75359764881432,8.872835339978337
ITA-Serie A,2526,Como,Nicolas Kühn,2,2025,286,13933,M S,23,643,1,0.9032431282103062,1,0.9032431282103062,1,1.4387495424598455,8,11,0,0,4.039138616994023,1.8611475694924595
ITA-Serie A,2526,Como,Sergi Roberto,2,2025,286,2104,M S,20,507,0,1.0820457711815834,0,1.0820457711815834,0,0.3467925526201725,6,8,3,0,4.112761254422367,3.482846712693572
ITA-Serie A,2526,Como,Stefan Posch,2,2025,286,5329,D S,14,362,1,0.8626185804605484,1,0.8626185804605484,0,0.1884448826313018,8,2,1,0,2.2556511405855417,1.9920636732131245
ITA-Serie A,2526,Como,Tasos Douvikas,2,2025,286,12030,F S,38,2279,14,15.170707620680332,13,14.409408785402777,1,2.2419783361256123,65,24,0,0,18.061821380630136,3.230370203964412
ITA-Serie A,2526,Como,Álex Valle,2,2025,286,12822,D S,28,2028,1,0.8854037057608366,1,0.8854037057608366,4,1.477425147779286,11,14,3,0,8.43967054784298,6.7662607887759805
ITA-Serie A,2526,Como,Álvaro Morata,2,2025,286,1804,F S,26,917,0,4.910666534677148,0,4.149367729201913,1,0.7771521378308535,23,10,2,1,3.673953918740153,0.6550146443769336
ITA-Serie A,2526,Cremonese,Alberto Grassi,2,2025,272,1504,M S,30,1758,0,0.7624318739399314,0,0.7624318739399314,0,0.4524057134985924,13,8,4,1,3.692227714695037,2.7019001794978976
ITA-Serie A,2526,Cremonese,Alessio Zerbin,2,2025,272,4911,D M S,32,1643,0,1.82145987264812,0,1.82145987264812,3,2.4866941403597598,21,17,1,0,5.13411957398057,1.9741908451542256
ITA-Serie A,2526,Cremonese,Antonio Sanabria,2,2025,272,2217,F S,25,921,1,2.979946978390217,1,2.979946978390217,1,1.9838042967021463,12,6,2,0,3.9699571561068296,0.3716926481574774
ITA-Serie A,2526,Cremonese,Dachi Lordkipanidze,2,2025,272,13900,S,1,27,0,0.0,0,0.0,0,0.0,0,0,0,0,0.0,0.0
ITA-Serie A,2526,Cremonese,David Okereke,2,2025,272,9905,F S,10,397,2,0.6929049175232649,2,0.6929049175232649,0,0.4211752330884337,8,3,0,0,1.0992688704282043,0.5558690819889307
ITA-Serie A,2526,Cremonese,Dennis Johnsen,2,2025,272,9882,F M S,11,390,1,0.736239617690444,1,0.736239617690444,1,0.6198056861758232,5,4,0,0,1.291289635002613,0.0665459930896759
ITA-Serie A,2526,Cremonese,Emil Audero,2,2025,272,1302,GK,34,3060,0,0.0,0,0.0,0,0.0,0,0,0,0,0.9797998899593948,0.9797998899593948
ITA-Serie A,2526,Cremonese,Faris Moumbagna,2,2025,272,12425,S,5,72,0,0.4495754614472389,0,0.4495754614472389,0,0.017842786386609,2,1,0,0,0.4004152715206146,0.0
ITA-Serie A,2526,Cremonese,Federico Baschirotto,2,2025,272,10902,D,29,2540,2,1.139559891074896,2,1.139559891074896,0,0.0707463789731264,12,2,2,0,1.8369396440684795,1.706673014909029
ITA-Serie A,2526,Cremonese,Federico Bonazzoli,2,2025,272,2019,F S,35,2571,10,9.023360214661809,7,6.739463760983199,1,1.532783793285489,75,13,4,0,10.240432717371732,3.803929052315653
ITA-Serie A,2526,Cremonese,Federico Ceccherini,2,2025,272,1370,D S,9,475,0,0.1904537454247474,0,0.1904537454247474,1,0.4168538190424442,5,2,1,1,0.7198278941214085,0.6481388285756111
ITA-Serie A,2526,Cremonese,Filippo Terracciano,2,2025,272,8512,D S,36,3023,2,2.3331454526633024,2,2.3331454526633024,0,0.640687339939177,14,11,6,0,4.204251830466092,3.7366996919736266
ITA-Serie A,2526,Cremonese,Francesco Folino,2,2025,272,13901,D S,18,690,1,0.3679794892668724,1,0.3679794892668724,0,0.0160723198205232,2,1,0,0,0.8554316479712725,0.8554316479712725
ITA-Serie A,2526,Cremonese,Franco Vázquez,2,2025,272,1836,F M S,15,485,1,1.4491588799282908,1,1.4491588799282908,1,1.8917765356600285,12,9,1,0,3.0313472282141447,1.5376330390572548
ITA-Serie A,2526,Cremonese,Giuseppe Pezzella,2,2025,272,1281,D M S,31,2599,0,0.1174378851428628,0,0.1174378851428628,1,1.6624937923625112,6,27,8,1,5.00905183237046,3.720164413563907
ITA-Serie A,2526,Cremonese,Jamie Vardy,2,2025,272,755,F S,29,2120,7,6.281962929293513,7,6.281962929293513,2,2.123625386506319,30,15,5,0,10.19005998596549,2.679563503712416
ITA-Serie A,2526,Cremonese,Jari Vandeputte,2,2025,272,13898,M S,32,1977,1,2.11050614900887,1,2.11050614900887,5,6.268006220459938,20,54,3,0,7.40445183776319,4.125671859830618
ITA-Serie A,2526,Cremonese,Jeremy Sarmiento,2,2025,272,10036,S,7,127,0,0.05533710680902,0,0.05533710680902,0,0.1608402132987976,2,3,0,0,0.5485026314854622,0.3956798752769828
ITA-Serie A,2526,Cremonese,Manuel De Luca,2,2025,272,1598,S,2,10,1,0.835056483745575,0,0.0737576633691787,0,0.0,2,0,0,0,0.0737576633691787,0.0
ITA-Serie A,2526,Cremonese,Marco Silvestri,2,2025,272,6132,GK,4,360,0,0.0,0,0.0,0,0.0,0,0,0,0,0.0331612043082714,0.0331612043082714
ITA-Serie A,2526,Cremonese,Martín Payero,2,2025,272,12084,M S,25,1469,1,1.4321895614266396,1,1.4321895614266396,0,0.5584035962820053,23,13,8,0,3.3215508349239826,2.247837715782225
ITA-Serie A,2526,Cremonese,Matteo Bianchetti,2,2025,272,1843,D S,27,2222,0,0.7512021120637655,0,0.7512021120637655,2,0.4877564660273492,7,4,4,0,3.321823885664344,3.0193286444991827
ITA-Serie A,2526,Cremonese,Michele Collocolo,2,2025,272,13899,M S,8,353,0,0.0767250163480639,0,0.0767250163480639,0,0.1351211853325367,2,2,1,0,0.2515165731310844,0.0396703742444515
ITA-Serie A,2526,Cremonese,Mikayil Faye,2,2025,272,12530,D M S,8,238,0,0.0452544298022985,0,0.0452544298022985,0,0.4483277201652527,2,1,1,0,0.7969660088419914,0.3307258803397417
ITA-Serie A,2526,Cremonese,Milan Djuric,2,2025,272,3856,F S,23,411,0,0.8126786760985851,0,0.8126786760985851,1,0.7613420076668262,14,5,1,0,2.1519013457000256,0.8760578818619251
ITA-Serie A,2526,Cremonese,Morten Thorsby,2,2025,272,7939,M S,24,1390,3,2.7189628621563315,3,2.7189628621563315,1,0.7962901080027223,21,9,4,0,4.168536247685552,1.793543309904635
ITA-Serie A,2526,Cremonese,Romano Floriani,2,2025,272,10075,D M S,28,1156,0,0.2002486418932676,0,0.2002486418932676,1,1.3022935949265957,5,9,2,0,1.9743683747947216,1.198974552564323
ITA-Serie A,2526,Cremonese,Simone Lottici Tessadri,2,2025,272,14566,S,1,1,0,0.0162185225635767,0,0.0162185225635767,0,0.0,1,0,0,0,0.0162185225635767,0.0
ITA-Serie A,2526,Cremonese,Tommaso Barbieri,2,2025,272,11139,D M S,29,1696,0,0.9889214904978872,0,0.9889214904978872,1,1.833732210099697,16,10,8,0,5.086522728204727,2.3321381313726306
ITA-Serie A,2526,Cremonese,Warren Bondo,2,2025,272,10898,M S,27,1788,0,0.2856207136064768,0,0.2856207136064768,0,0.161786250770092,8,3,5,0,3.443341282196343,2.995934301055968
ITA-Serie A,2526,Cremonese,Youssef Maleh,2,2025,272,9893,M S,23,1574,1,1.2885206770151854,1,1.2885206770151854,0,0.6452810652554035,22,9,4,1,2.969324486330152,1.825092279352248
ITA-Serie A,2526,Fiorentina,Abdelhamid Sabiri,2,2025,110,6296,S,1,24,0,0.0129246171563863,0,0.0129246171563863,0,0.1448271870613098,1,3,0,0,0.0891875401139259,0.0762629210948944
ITA-Serie A,2526,Fiorentina,Albert Gudmundsson,2,2025,110,10366,F M S,33,2290,5,5.804271567612886,2,3.520375095307827,4,3.7848143130540848,41,31,4,1,10.843363923951983,6.05417984444648
ITA-Serie A,2526,Fiorentina,Amir Richardson,2,2025,110,11752,S,2,35,0,0.012502109631896,0,0.012502109631896,0,0.0,1,0,0,0,0.012502109631896,0.0
ITA-Serie A,2526,Fiorentina,Cher Ndour,2,2025,110,11768,M S,33,1875,3,2.6130376681685448,3,2.6130376681685448,0,0.347787800244987,24,7,2,0,6.287419259548187,4.333774639293552
ITA-Serie A,2526,Fiorentina,Christian Kouamé,2,2025,110,7091,S,2,16,0,0.0,0,0.0,0,0.0,0,0,0,0,0.1350783556699752,0.1350783556699752
ITA-Serie A,2526,Fiorentina,Daniele Rugani,2,2025,110,1301,D S,12,577,0,0.2712211608886719,0,0.2712211608886719,0,0.0,1,0,2,0,1.2558237304911015,1.2558237304911015
ITA-Serie A,2526,Fiorentina,David de Gea,2,2025,110,546,GK,37,3330,0,0.0,0,0.0,0,0.0263757612556219,0,1,1,0,4.425902869552374,4.399527113884687
ITA-Serie A,2526,Fiorentina,Dodô,2,2025,110,10935,D M,36,3158,1,1.3770605642348528,1,1.3770605642348528,2,5.387680346146226,25,51,7,0,14.528255576267838,10.455381613224745
ITA-Serie A,2526,Fiorentina,Eddy Kouadio,2,2025,110,13045,S,3,62,0,0.0,0,0.0,0,0.0108428392559289,0,1,0,0,0.0972492191940546,0.0864063799381256
ITA-Serie A,2526,Fiorentina,Edin Dzeko,2,2025,110,1253,F S,11,220,0,0.2566082924604416,0,0.2566082924604416,0,0.1747721321880817,4,2,1,0,0.5696598142385483,0.4145629592239856
ITA-Serie A,2526,Fiorentina,Fabiano Parisi,2,2025,110,9924,D F M S,23,1550,1,1.3022431200370193,1,1.3022431200370193,1,1.918891154229641,24,19,6,0,6.788167456164956,4.464465705677867
ITA-Serie A,2526,Fiorentina,Hans Nicolussi Caviglia,2,2025,110,7483,M S,26,1456,0,0.8566823797300458,0,0.8566823797300458,4,1.7445766404271126,20,19,4,0,4.350880516692996,3.1315471809357405
ITA-Serie A,2526,Fiorentina,Jack Harrison,2,2025,110,8720,D F M S,15,983,1,0.9175047194585204,1,0.9175047194585204,3,1.3327791523188353,13,15,1,0,5.438477221876383,3.798996347934008
ITA-Serie A,2526,Fiorentina,Jacopo Fazzini,2,2025,110,10303,F M S,20,562,0,0.8832504265010357,0,0.8832504265010357,0,0.7231574095785618,9,9,2,0,1.994159899652004,0.4615865107625723
ITA-Serie A,2526,Fiorentina,Luca Lezzerini,2,2025,110,1432,S,1,3,0,0.0,0,0.0,0,0.0,0,0,0,0,0.0780254527926445,0.0780254527926445
ITA-Serie A,2526,Fiorentina,Luca Ranieri,2,2025,110,6696,D S,34,2489,1,2.0760744465515018,1,2.0760744465515018,0,1.0300525836646557,18,7,8,1,6.201835326850414,5.025631407275796
ITA-Serie A,2526,Fiorentina,Luís Balbo,2,2025,110,14360,D S,6,207,0,0.0,0,0.0,0,0.0555504187941551,0,1,0,0,0.4166326224803924,0.3610822036862373
ITA-Serie A,2526,Fiorentina,Manor Solomon,2,2025,110,10716,F M S,16,872,2,1.010939436033368,2,1.010939436033368,1,2.4121848847717047,11,25,1,0,5.04042724519968,3.1633907929062843
ITA-Serie A,2526,Fiorentina,Marin Pongracic,2,2025,110,8303,D S,35,2923,0,0.592979246750474,0,0.592979246750474,0,0.688893262296915,8,8,12,0,6.798887319862843,6.397510515525937
ITA-Serie A,2526,Fiorentina,Mattia Viti,2,2025,110,9855,D S,10,231,0,0.0,0,0.0,0,0.0,0,0,1,1,0.3585231527686119,0.3585231527686119
ITA-Serie A,2526,Fiorentina,Moise Kean,2,2025,110,1304,F S,26,2042,8,15.379306508228185,6,13.856708897277713,1,0.0630031991750001,98,3,4,0,11.769600430503488,0.8457555938512087
ITA-Serie A,2526,Fiorentina,Niccolò Fortini,2,2025,110,12609,D S,16,488,0,0.2287251818925142,0,0.2287251818925142,0,0.4631086196750402,8,4,0,0,1.3271684758365154,0.7594672311097383
ITA-Serie A,2526,Fiorentina,Nicolo Fagioli,2,2025,110,7379,M S,33,2588,2,1.9044424574822187,2,1.9044424574822187,3,5.224352169781923,33,64,5,0,15.326580483466389,11.083079390227796
ITA-Serie A,2526,Fiorentina,Oliver Christensen,2,2025,110,9992,GK,1,87,0,0.0,0,0.0,0,0.0,0,0,0,0,0.386197030544281,0.386197030544281
ITA-Serie A,2526,Fiorentina,Pablo Marí,2,2025,110,8380,D S,11,810,0,0.0482517899945378,0,0.0482517899945378,0,0.1127859242260456,2,2,3,0,1.7687735836952925,1.667766323313117
ITA-Serie A,2526,Fiorentina,Pietro Comuzzo,2,2025,110,11902,D S,27,1697,1,0.8149047680199146,1,0.8149047680199146,0,0.0443671131506562,10,3,2,0,5.986111041158438,5.848984122276306
ITA-Serie A,2526,Fiorentina,Riccardo Braschi,2,2025,110,13932,F S,2,105,0,0.1504717692732811,0,0.1504717692732811,0,0.0,3,0,0,0,0.1938801556825637,0.0434083798900246
ITA-Serie A,2526,Fiorentina,Roberto Piccoli,2,2025,110,7375,F S,32,1653,4,6.827427292242646,4,6.827427292242646,1,1.5870586233213544,47,15,1,0,8.30208997335285,1.4810839276760817
ITA-Serie A,2526,Fiorentina,Robin Gosens,2,2025,110,6155,D M S,26,1908,3,2.3951865192502737,3,2.3951865192502737,1,0.9613326136022806,18,11,2,0,4.041613267734647,2.377325525507331
ITA-Serie A,2526,Fiorentina,Rolando Mandragora,2,2025,110,3821,M S,34,2470,7,4.695387580431998,6,3.934088763780892,3,2.880523666739464,64,35,7,0,9.77954494766891,5.925872426480055
ITA-Serie A,2526,Fiorentina,Tariq Lamptey,2,2025,110,8226,M S,2,22,0,0.0,0,0.0,0,0.1245279237627983,0,2,0,0,0.1245279237627983,0.0
ITA-Serie A,2526,Genoa,Aarón Martín,2,2025,101,5133,D M S,33,2167,1,1.317988371476531,1,0.5566895511001348,5,6.568098125047982,11,62,2,0,6.554186085239053,3.749794667586684
ITA-Serie A,2526,Genoa,Albert Grønbæk,2,2025,101,12880,M S,4,96,0,0.0388572290539741,0,0.0388572290539741,0,0.1321971267461776,1,2,1,0,0.520349532365799,0.3881524205207824
ITA-Serie A,2526,Genoa,Alessandro Marcandalli,2,2025,101,12958,D S,32,2597,0,0.2700923178344965,0,0.2700923178344965,2,0.6531431395560503,5,10,4,0,4.446402177214623,4.021648896858096
ITA-Serie A,2526,Genoa,Alex Amorim,2,2025,101,14426,M S,11,554,0,0.1271370165050029,0,0.1271370165050029,0,0.7567969225347042,2,11,1,0,1.344626486301422,0.7348281238228083
ITA-Serie A,2526,Genoa,Brooke Norton-Cuffy,2,2025,101,13136,D M S,27,2221,2,2.006999369710684,2,2.006999369710684,1,1.8840869069099424,15,21,3,1,7.148176729679108,3.5529703898355365
ITA-Serie A,2526,Genoa,Caleb Ekuban,2,2025,101,9843,F M S,31,944,4,4.121994238346815,4,4.121994238346815,1,1.2507788091897964,29,11,0,0,4.971754275262356,0.5887844664976001
ITA-Serie A,2526,Genoa,Daniele Sommariva,2,2025,101,1922,GK S,2,176,0,0.0,0,0.0,0,0.0,0,0,0,0,0.0383542366325855,0.0383542366325855
ITA-Serie A,2526,Genoa,Filippo Carbone,2,2025,101,13536,S,1,6,0,0.0,0,0.0,0,0.0,0,0,0,0,0.0,0.0
ITA-Serie A,2526,Genoa,Gaël Lafont,2,2025,101,12771,S,1,6,0,0.0,0,0.0,0,0.0,0,0,0,0,0.0,0.0
ITA-Serie A,2526,Genoa,Jacopo Grossi,2,2025,101,14562,S,1,20,0,0.0951580107212066,0,0.0951580107212066,0,0.0,1,0,0,0,0.0,0.0
ITA-Serie A,2526,Genoa,Jean Onana,2,2025,101,8330,S,3,36,0,0.0195505674928426,0,0.0195505674928426,0,0.0138853043317794,1,1,0,0,0.0334358718246221,0.0
ITA-Serie A,2526,Genoa,Jeff Ekhator,2,2025,101,12776,F M S,30,930,3,3.187806397676468,3,3.187806397676468,0,0.869433494284749,20,10,3,0,4.847302496433258,1.2906138431280851
ITA-Serie A,2526,Genoa,Johan Vásquez,2,2025,101,9985,D,36,3219,1,1.88552456907928,1,1.88552456907928,0,0.4650002354755997,24,9,2,0,6.492754224687815,6.209375747479498
ITA-Serie A,2526,Genoa,Joi Nuredini,2,2025,101,13537,S,1,1,0,0.0,0,0.0,0,0.0,0,0,0,0,0.0,0.0
ITA-Serie A,2526,Genoa,Junior Messias,2,2025,101,8838,M S,20,655,3,1.863460099324584,2,1.102161256596446,1,1.0571954362094402,19,6,1,0,3.028691776096821,1.5729247871786356
ITA-Serie A,2526,Genoa,Justin Bijlow,2,2025,101,14380,GK,16,1399,0,0.0,0,0.0,0,0.0,0,0,1,0,1.8981813862919807,1.8981813862919807
ITA-Serie A,2526,Genoa,Leo Østigard,2,2025,101,10237,D,30,2631,5,2.920729400590062,5,2.920729400590062,1,0.8717853697016835,22,10,7,0,6.932035542093217,5.880535993725061
ITA-Serie A,2526,Genoa,Lorenzo Colombo,2,2025,101,8478,F S,38,2373,7,9.395731360651553,6,7.873133630491793,1,1.8719797153025863,66,19,2,0,10.42385957017541,3.2527221143245697
ITA-Serie A,2526,Genoa,Lorenzo Venturino,2,2025,101,13349,M S,12,224,0,0.3034842805936932,0,0.3034842805936932,0,0.8655294105410576,5,7,0,0,1.4495499581098557,0.4311673007905483
ITA-Serie A,2526,Genoa,Mamedi Doucouré,2,2025,101,14458,S,1,7,0,0.0,0,0.0,0,0.0,0,0,0,0,0.0,0.0
ITA-Serie A,2526,Genoa,Maxwel Cornet,2,2025,101,3278,M S,8,110,0,1.429563120007515,0,0.6682642847299576,0,0.245771924033761,4,6,0,0,0.7464268896728754,0.0144572537392377
ITA-Serie A,2526,Genoa,Mikael Ellertsson,2,2025,101,10957,D M S,36,2770,1,2.1503593772649765,1,2.1503593772649765,1,2.5014033168554306,26,16,1,1,6.250576099380851,3.155878205783665
ITA-Serie A,2526,Genoa,Morten Frendrup,2,2025,101,10365,M S,36,3093,1,0.2742339605465531,1,0.2742339605465531,0,1.358272478915751,8,14,5,0,6.03858286421746,4.793149305507541
ITA-Serie A,2526,Genoa,Nicola Leali,2,2025,101,1873,GK S,22,1843,0,0.0,0,0.0,0,0.1997857615351677,0,2,2,1,1.4363188985735178,1.2365331295877695
ITA-Serie A,2526,Genoa,Nicolae Stanciu,2,2025,101,13873,M S,4,181,0,1.0953040271997452,0,0.3340051919221878,0,0.0626854011788964,5,2,0,0,0.6643378371372819,0.3493243539705872
ITA-Serie A,2526,Genoa,Nils Zätterström,2,2025,101,14381,D S,3,181,0,0.0,0,0.0,0,0.0,0,0,0,0,0.4972735345363617,0.4972735345363617
ITA-Serie A,2526,Genoa,Patrizio Masini,2,2025,101,12777,M S,28,1379,0,2.03008303232491,0,2.03008303232491,1,1.2380426349118352,18,9,5,0,4.957104844972491,2.670099798589945
ITA-Serie A,2526,Genoa,Ruslan Malinovskiy,2,2025,101,7947,M S,34,2279,6,4.387408828362823,3,2.103512350469828,3,4.342402706854045,55,38,10,0,9.468432288616896,6.581966793164611
ITA-Serie A,2526,Genoa,Sebastian Otoa,2,2025,101,13478,D S,13,829,0,0.0836077127605676,0,0.0836077127605676,0,0.0,3,0,1,0,0.6104554273188114,0.6104554273188114
ITA-Serie A,2526,Genoa,Seydou Fini,2,2025,101,12011,S,1,30,0,0.0,0,0.0,0,0.025144163519144,0,1,0,0,0.025144163519144,0.0
ITA-Serie A,2526,Genoa,Stefano Sabelli,2,2025,101,1898,D M S,16,930,0,0.403718045912683,0,0.403718045912683,0,0.3217905536293983,8,6,0,0,3.7337232949212193,3.200494651682675
ITA-Serie A,2526,Genoa,Tommaso Baldanzi,2,2025,101,9951,F M S,18,787,1,1.879288300871849,1,1.879288300871849,2,0.9014128483831882,20,14,2,0,4.41828453540802,2.22266504727304
ITA-Serie A,2526,Genoa,Valentín Carboni,2,2025,101,11080,M S,12,345,0,0.6554981181398034,0,0.6554981181398034,0,0.3237762823700905,6,4,2,0,1.0826020389795303,0.2335170824080705
ITA-Serie A,2526,Genoa,Vitinha,2,2025,101,11380,F M S,35,2262,5,6.909197731874883,5,6.909197731874883,1,2.17753553763032,65,16,5,0,9.6502389581874,2.648514298722148
ITA-Serie A,2526,Genoa,Wedtoin Ouedraogo,2,2025,101,14563,S,2,47,0,0.0,0,0.0,0,0.0,0,0,0,0,0.4384350776672363,0.4384350776672363
ITA-Serie A,2526,Inter,Alessandro Bastoni,2,2025,106,4939,D,28,2269,1,1.6852088272571564,1,1.6852088272571564,4,3.203112171962857,17,25,6,0,13.949626933783293,11.816649977117777
ITA-Serie A,2526,Inter,Andy Diouf,2,2025,106,9523,D M S,19,462,1,0.9449317157268524,1,0.9449317157268524,0,1.7515555750578642,10,11,1,0,4.342409402132034,1.7893477883189917
ITA-Serie A,2526,Inter,Ange-Yoan Bonny,2,2025,106,12784,F S,33,1112,5,4.581577172502875,5,4.581577172502875,4,2.670865649357438,22,17,1,0,9.682558439671991,3.249240666627884
ITA-Serie A,2526,Inter,Benjamin Pavard,2,2025,106,3363,D,1,90,0,0.046149093657732,0,0.046149093657732,0,0.0267517808824777,1,1,0,0,0.6803727149963379,0.6803727149963379
ITA-Serie A,2526,Inter,Carlos Augusto,2,2025,106,10891,D S,34,1745,1,1.9602262806147337,1,1.9602262806147337,1,1.1390730757266283,20,11,6,0,13.039269134402277,11.17293145507574
ITA-Serie A,2526,Inter,Davide Frattesi,2,2025,106,4981,M S,22,523,0,2.2943487614393234,0,2.2943487614393234,0,0.5991341080516577,16,5,0,0,3.8932081889361134,1.1310180015861988
ITA-Serie A,2526,Inter,Denzel Dumfries,2,2025,106,9840,D S,20,1332,3,3.654471157118678,3,3.654471157118678,1,1.4058833941817284,23,13,2,0,8.609596928581595,4.1475053410977125
ITA-Serie A,2526,Inter,Federico Dimarco,2,2025,106,1324,D S,35,2709,7,7.286320146173239,7,7.286320146173239,16,15.929082989692688,65,95,3,0,29.17661831900477,13.816550381481647
ITA-Serie A,2526,Inter,Francesco Acerbi,2,2025,106,1463,D S,18,1380,0,0.370837839320302,0,0.370837839320302,1,0.9359209798276424,3,4,2,0,4.627755414694548,4.529267143458128
ITA-Serie A,2526,Inter,Francesco Pio Esposito,2,2025,106,14003,F S,35,1535,7,9.864515269175172,7,9.864515269175172,3,2.056677933782339,57,21,1,0,13.50071531161666,3.596131581813097
ITA-Serie A,2526,Inter,Hakan Calhanoglu,2,2025,106,189,M S,22,1674,9,5.147694624960423,5,1.341200515627861,4,3.476379970088601,50,40,7,0,10.343171261250973,8.637412548065186
ITA-Serie A,2526,Inter,Henrikh Mkhitaryan,2,2025,106,317,M S,30,1547,4,6.040000427514315,4,6.040000427514315,1,3.310718573629856,43,23,5,0,18.362661907449365,12.080620812252164
ITA-Serie A,2526,Inter,Josep Martínez,2,2025,106,9052,GK,5,450,0,0.0,0,0.0,0,0.0,0,0,0,0,1.1353245675563812,1.1353245675563812
ITA-Serie A,2526,Inter,Lautaro Martínez,2,2025,106,7006,F S,30,2205,17,17.13883000984788,17,17.13883000984788,6,6.291475351899862,92,37,4,0,27.78616793453693,9.802525106817484
ITA-Serie A,2526,Inter,Luis Henrique,2,2025,106,8980,D S,30,1617,1,1.1519507393240929,1,1.1519507393240929,2,2.1901443749666214,15,22,1,0,8.63915280252695,5.7535695768892765
ITA-Serie A,2526,Inter,Luka Topalovic,2,2025,106,13340,S,1,7,0,0.0,0,0.0,1,0.1569128036499023,0,1,0,0,0.1569128036499023,0.0
ITA-Serie A,2526,Inter,Manuel Akanji,2,2025,106,6490,D S,33,2814,2,2.2994977347552776,2,2.2994977347552776,0,0.3260261919349432,23,7,4,0,16.78327063843608,16.27327786386013
ITA-Serie A,2526,Inter,Marcus Thuram,2,2025,106,5992,F S,29,1933,13,11.89548808708787,13,11.89548808708787,6,4.468800758942962,74,29,2,0,16.43578341603279,4.1567751057446
ITA-Serie A,2526,Inter,Matteo Cocchi,2,2025,106,13504,S,1,14,0,0.0,0,0.0,0,0.0,0,0,0,0,0.0,0.0
ITA-Serie A,2526,Inter,Matteo Darmian,2,2025,106,557,D S,6,241,0,0.0,0,0.0,0,0.0,0,0,0,0,0.7373373433947563,0.7373373433947563
ITA-Serie A,2526,Inter,Matteo Lavelli,2,2025,106,14157,S,1,6,0,0.0,0,0.0,0,0.0,0,0,0,0,0.0,0.0
ITA-Serie A,2526,Inter,Mattia Mosconi,2,2025,106,14156,S,2,24,0,0.1723812222480774,0,0.1723812222480774,0,0.0,2,0,0,0,0.2650806680321693,0.1874599605798721
ITA-Serie A,2526,Inter,Nicolò Barella,2,2025,106,1409,M S,34,2561,3,3.819744417443872,3,3.819744417443872,8,7.965625556185842,35,70,7,0,20.255492981523275,12.331657081842422
ITA-Serie A,2526,Inter,Petar Sucic,2,2025,106,13964,M S,34,1763,2,2.181936677545309,2,2.181936677545309,2,4.040994327515364,22,29,5,0,15.208353381603956,10.927678305655718
ITA-Serie A,2526,Inter,Piotr Zielinski,2,2025,106,1386,M S,34,2048,6,2.100138319656253,5,1.338839491829276,3,4.237796379253268,29,29,3,0,13.946551250293853,11.256322965025902
ITA-Serie A,2526,Inter,Raffaele Di Gennaro,2,2025,106,11897,S,1,8,0,0.0,0,0.0,0,0.0,0,0,0,0,0.0,0.0
ITA-Serie A,2526,Inter,Stefan de Vrij,2,2025,106,1541,D S,11,675,0,0.3569717379286885,0,0.3569717379286885,0,0.1030677296221256,6,2,1,0,5.014415010809898,4.854875788092613
ITA-Serie A,2526,Inter,Yann Bisseck,2,2025,106,6414,D S,23,1924,3,2.830854626372457,3,2.830854626372457,1,0.6501033678650856,25,8,2,0,11.501843765377998,10.405136041343212
ITA-Serie A,2526,Inter,Yann Sommer,2,2025,106,199,GK,33,2962,0,0.0,0,0.0,0,0.0,0,0,0,0,7.838671699166298,7.838671699166298
ITA-Serie A,2526,Juventus,Andrea Cambiaso,2,2025,98,9841,D M S,36,2846,3,2.895034248009324,3,2.895034248009324,4,6.848085522651672,26,56,3,1,19.01030919328332,13.388544871471822
ITA-Serie A,2526,Juventus,Arkadiusz Milik,2,2025,98,1583,S,2,33,0,0.2569368369877338,0,0.2569368369877338,0,0.0,2,0,0,0,0.0583513248711824,0.0492427330464124
ITA-Serie A,2526,Juventus,Bremer,2,2025,98,6960,D S,26,2187,4,2.7122608339414,4,2.7122608339414,3,0.4107095804065466,23,8,5,0,8.776241302490234,8.494891063310206
ITA-Serie A,2526,Juventus,Dusan Vlahovic,2,2025,98,7084,F S,19,972,7,7.53763036429882,6,6.776331529021263,1,1.247139237821102,49,12,0,0,8.03644740395248,1.5761071387678385
ITA-Serie A,2526,Juventus,Edon Zhegrova,2,2025,98,10328,S,19,330,0,0.761217413470149,0,0.761217413470149,0,1.0260313991457224,19,9,1,0,2.2294692248106003,1.3332744538784027
ITA-Serie A,2526,Juventus,Fabio Miretti,2,2025,98,9966,M S,23,585,1,1.6279976330697536,1,1.6279976330697536,2,1.2492126505821943,18,11,1,0,5.114803681150079,2.6715952157974243
ITA-Serie A,2526,Juventus,Federico Gatti,2,2025,98,10993,D S,21,1081,2,1.9630822036415336,2,1.9630822036415336,0,0.2071938533335924,14,3,3,0,2.420059120282531,2.065793139860034
ITA-Serie A,2526,Juventus,Filip Kostic,2,2025,98,64,D M S,18,461,3,0.6743299197405577,3,0.6743299197405577,1,0.6833733469247818,9,10,1,0,3.385763455182314,2.3905558809638023
ITA-Serie A,2526,Juventus,Francisco Conceição,2,2025,98,13052,D F M S,31,2124,3,8.487750921398401,3,8.487750921398401,5,4.1634056605398655,73,42,3,0,18.74015914928168,9.5299581438303
ITA-Serie A,2526,Juventus,Jeremie Boga,2,2025,98,3544,F M S,15,666,4,4.128830907866359,4,4.128830907866359,0,1.6714485827833414,24,15,1,0,7.31940452568233,1.9582742899656296
ITA-Serie A,2526,Juventus,Jonathan Christian David,2,2025,98,8636,F S,35,1784,6,11.464318415150046,6,10.703019579872487,4,4.232262331992388,41,33,0,0,14.402950731106102,4.125553295947611
ITA-Serie A,2526,Juventus,Juan Cabal,2,2025,98,11054,D S,12,262,2,1.079673127271235,2,1.079673127271235,0,0.6362920701503754,5,2,1,0,1.5074425665661693,1.1933000665158031
ITA-Serie A,2526,Juventus,Kenan Yildiz,2,2025,98,11942,F M S,36,2877,10,8.627187782898545,9,7.104590082541108,6,10.82039262354374,97,76,2,0,22.73396671190858,10.23432817030698
ITA-Serie A,2526,Juventus,Kephren Thuram,2,2025,98,7265,M S,35,2481,3,4.063328697346151,3,4.063328697346151,3,2.6531347520649438,50,25,2,0,12.774455543607472,8.52674344368279
ITA-Serie A,2526,Juventus,Lloyd Kelly,2,2025,98,8090,D S,35,2997,1,0.9669282408431172,1,0.9669282408431172,1,1.061808668076992,17,11,4,0,12.84868349507451,12.28440174087882
ITA-Serie A,2526,Juventus,Loïs Openda,2,2025,98,10832,F M S,24,631,1,3.646697736345232,1,3.646697736345232,0,0.5982526540756226,25,8,0,0,5.030778467655182,1.0973882721737027
ITA-Serie A,2526,Juventus,Manuel Locatelli,2,2025,98,1122,M,36,3031,1,2.4154798155650496,1,1.6541809802874925,2,3.826732565648854,46,47,9,0,21.80190648883581,18.526978565379977
ITA-Serie A,2526,Juventus,Mattia Perin,2,2025,98,1093,GK,9,766,0,0.0,0,0.0,0,0.0817599296569824,0,1,0,0,3.301780229434371,3.220020299777389
ITA-Serie A,2526,Juventus,Michele Di Gregorio,2,2025,98,10890,GK S,30,2654,0,0.0,0,0.0,0,0.0,0,0,1,0,3.483929043635726,3.483929043635726
ITA-Serie A,2526,Juventus,Nicolás González,2,2025,98,7074,S,2,14,0,0.0817915219813585,0,0.0817915219813585,0,0.0379214473068714,2,1,0,0,0.0602401793003082,0.0
ITA-Serie A,2526,Juventus,Pierre Kalulu Kyatengwa,2,2025,98,8313,D,37,3281,1,1.4482845412567258,1,1.4482845412567258,4,5.537243762984872,12,43,2,1,18.309088526293635,14.873174672946334
ITA-Serie A,2526,Juventus,Teun Koopmeiners,2,2025,98,9969,D M S,33,1803,0,1.7949654590338469,0,1.7949654590338469,0,0.7337323613464832,28,16,5,0,8.081720914691687,6.76489283144474
ITA-Serie A,2526,Juventus,Vasilije Adzic,2,2025,98,13072,M S,10,142,1,0.2269967542961239,1,0.2269967542961239,0,0.1822816953063011,6,4,0,0,0.4783124085515737,0.3747101770713925
ITA-Serie A,2526,Juventus,Weston McKennie,2,2025,98,5360,D M S,36,2857,5,8.643968606367707,5,8.643968606367707,5,5.391984527930617,43,48,5,0,21.191430151462555,12.14923783019185
ITA-Serie A,2526,Lazio,Adam Marusic,2,2025,96,6176,D S,33,2794,1,1.743161248974502,1,1.743161248974502,2,1.5355632733553648,16,9,1,1,7.536833369173109,5.5209521651268005
ITA-Serie A,2526,Lazio,Adrian Przyborek,2,2025,96,14442,S,1,7,0,0.0196236725896596,0,0.0196236725896596,0,0.0,1,0,0,0,0.0196236725896596,0.0
ITA-Serie A,2526,Lazio,Alessio Furlanetto,2,2025,96,7594,GK,2,180,0,0.0,0,0.0,0,0.0,0,0,0,0,0.0614824015647172,0.0614824015647172
ITA-Serie A,2526,Lazio,Alessio Romagnoli,2,2025,96,1119,D S,32,2670,0,1.5350841991603374,0,1.5350841991603374,0,0.0711084343492984,9,3,6,1,5.827228598296642,5.75005448423326
ITA-Serie A,2526,Lazio,Boulaye Dia,2,2025,96,7224,F M S,27,1257,1,2.6981686614453797,1,2.6981686614453797,2,1.712193813174963,12,15,1,0,5.352691099047661,2.55795587785542
ITA-Serie A,2526,Lazio,Danilo Cataldi,2,2025,96,1206,M S,27,2007,3,2.712070008739829,1,1.1894723707810044,3,2.05142586119473,26,23,6,0,6.059865925461054,4.789146137423813
ITA-Serie A,2526,Lazio,Edoardo Motta,2,2025,96,14391,GK,9,810,0,0.0,0,0.0,0,0.0460502356290817,0,1,1,0,1.6419141478836536,1.6419141478836536
ITA-Serie A,2526,Lazio,Elseid Hysaj,2,2025,96,1375,D S,5,166,0,0.0,0,0.0,0,0.0,0,0,0,0,0.0130727738142013,0.0130727738142013
ITA-Serie A,2526,Lazio,Fisayo Dele-Bashiru,2,2025,96,12872,M S,24,1159,1,0.5851763747632504,1,0.5851763747632504,0,1.120098192244768,9,11,0,0,6.592202328145504,5.67429375462234
ITA-Serie A,2526,Lazio,Gustav Isaksen,2,2025,96,11951,F S,30,1606,5,5.408482110127807,5,5.408482110127807,1,0.8823539484292269,48,17,0,0,7.817846435122192,2.5441228905692697
ITA-Serie A,2526,Lazio,Ivan Provedel,2,2025,96,6982,GK,27,2430,0,0.0,0,0.0,0,0.2273319959640503,0,1,1,0,2.789876733906567,2.562544737942517
ITA-Serie A,2526,Lazio,Kenneth Taylor,2,2025,96,14341,M,17,1418,3,2.08942835777998,3,2.08942835777998,2,1.083626831881702,16,13,5,0,4.546850040555,2.642322637140751
ITA-Serie A,2526,Lazio,Luca Pellegrini,2,2025,96,4970,D S,24,1485,1,0.6440801462158561,1,0.6440801462158561,0,0.8312388863414526,7,16,8,0,4.429873023182154,3.751665808260441
ITA-Serie A,2526,Lazio,Manuel Lazzari,2,2025,96,6180,D S,23,917,0,0.1093258569017052,0,0.1093258569017052,0,0.12791617680341,4,2,2,0,1.957939920015633,1.7328816344961524
ITA-Serie A,2526,Lazio,Mario Gila,2,2025,96,10577,D,31,2498,0,1.6254177382215858,0,1.6254177382215858,0,0.718289490789175,12,5,4,1,6.236207589507103,5.655185416340828
ITA-Serie A,2526,Lazio,Matteo Cancellieri,2,2025,96,9071,F M S,30,1740,4,5.217630736529827,4,5.217630736529827,3,1.9236066080629823,41,18,6,0,8.65033857896924,1.823181548155844
ITA-Serie A,2526,Lazio,Matteo Guendouzi,2,2025,96,5759,M,16,1434,2,1.22304982598871,2,1.22304982598871,1,1.0217254180461168,16,15,5,0,5.685938589274883,4.695960254408419
ITA-Serie A,2526,Lazio,Mattia Zaccagni,2,2025,96,1958,F M,26,2127,3,6.383842973038554,3,5.622544137760997,0,2.789195232093334,34,35,6,1,9.418848052620888,4.15836684871465
ITA-Serie A,2526,Lazio,Matías Vecino,2,2025,96,1423,M S,13,592,1,0.310302727855742,1,0.310302727855742,1,0.514578664675355,7,3,1,0,1.9277351731434464,1.2747041750699282
ITA-Serie A,2526,Lazio,Nicolo Rovella,2,2025,96,7411,M S,11,510,0,0.0171176232397556,0,0.0171176232397556,1,1.4669072283431888,1,13,1,1,1.6087185563519597,1.3888101922348142
ITA-Serie A,2526,Lazio,Nuno Tavares,2,2025,96,9691,D S,23,1478,0,1.1277530696243048,0,1.1277530696243048,0,1.182953616604209,16,20,5,0,5.688988317735493,4.411527437157929
ITA-Serie A,2526,Lazio,Oliver Provstgaard,2,2025,96,13447,D S,26,1515,0,0.6658837907016277,0,0.6658837907016277,0,0.6627684766426682,6,4,3,0,4.658268369734287,4.0849767699837685
ITA-Serie A,2526,Lazio,Patric,2,2025,96,1204,D M S,14,657,0,0.2267721910029649,0,0.2267721910029649,0,0.3094649985432625,5,2,2,0,2.157246741466224,2.0457299454137683
ITA-Serie A,2526,Lazio,Pedro,2,2025,96,687,F M S,29,954,5,2.253662777133286,3,0.7310651587322354,2,2.8057295260950923,22,20,4,0,3.6938994862139225,1.6364152282476423
ITA-Serie A,2526,Lazio,Petar Ratkov,2,2025,96,14342,F S,8,228,0,0.5318299345672131,0,0.5318299345672131,0,0.0181191470474004,6,1,0,0,0.4372213780879974,0.018939035013318
ITA-Serie A,2526,Lazio,Reda Belahyane,2,2025,96,11049,M S,13,601,0,0.207035519182682,0,0.207035519182682,2,1.128248251974583,3,6,1,1,1.7242567455396056,1.4414831502363086
ITA-Serie A,2526,Lazio,Tijjani Noslin,2,2025,96,12378,F S,29,1113,4,4.319302462972701,4,4.319302462972701,2,2.387575278058648,35,17,4,1,8.645486512221396,3.176832916215062
ITA-Serie A,2526,Lazio,Toma Basic,2,2025,96,6902,M,23,1764,2,1.3050178922712805,2,1.3050178922712805,3,2.412645953707397,30,22,0,1,6.426472737453878,4.705115885473788
ITA-Serie A,2526,Lazio,Valentín Castellanos,2,2025,96,10948,F S,11,697,2,2.0615241527557373,2,2.0615241527557373,3,2.224563661962748,20,8,2,0,3.823565280064941,0.3274112157523632
ITA-Serie A,2526,Lecce,Alex Sala,2,2025,243,10955,M S,9,148,0,0.3768588658422231,0,0.3768588658422231,1,0.1294361446052789,4,3,0,0,0.3867439143359661,0.1100931875407695
ITA-Serie A,2526,Lecce,Antonino Gallo,2,2025,243,8009,D S,37,3063,0,0.8320707594975829,0,0.8320707594975829,4,3.944961703382433,6,36,3,0,5.235778709873557,3.610010246746242
ITA-Serie A,2526,Lecce,Balthazar Pierret,2,2025,243,8241,S,3,20,0,0.0,0,0.0,0,0.0,0,0,0,0,0.0,0.0
ITA-Serie A,2526,Lecce,Corrie Ndaba,2,2025,243,13876,D S,14,533,0,0.1293806582689285,0,0.1293806582689285,0,0.0512220580130815,2,2,0,0,0.6001188587397337,0.5618049502372742
ITA-Serie A,2526,Lecce,Danilo Veiga,2,2025,243,13395,D S,36,3026,0,0.258736458607018,0,0.258736458607018,1,1.432144824415445,6,20,9,0,4.834762010723352,3.6639139968901873
ITA-Serie A,2526,Lecce,Francesco Camarda,2,2025,243,12218,F S,21,671,1,2.3779635597020388,1,1.6166647244244814,0,0.5863882713019848,16,4,1,0,1.6625296864658594,0.6394962444901466
ITA-Serie A,2526,Lecce,Gaby Jean,2,2025,243,13027,D S,7,180,0,0.0,0,0.0,0,0.0,0,0,1,0,0.013622404076159,0.013622404076159
ITA-Serie A,2526,Lecce,Jamil Siebert,2,2025,243,13875,D S,21,1701,1,0.4797683842480182,1,0.4797683842480182,0,0.3154878802597523,6,3,3,0,2.341046974994242,1.971344226039946
ITA-Serie A,2526,Lecce,Kialonda Gaspar,2,2025,243,12885,D S,23,1827,0,0.7932648342102766,0,0.7932648342102766,0,0.0,9,0,6,1,2.6573333460837603,2.6573333460837603
ITA-Serie A,2526,Lecce,Konan N’Dri,2,2025,243,13451,M S,27,474,2,0.7120508886873722,2,0.7120508886873722,0,0.7715370021760464,19,4,3,0,1.8670018333941696,0.8635849468410015
ITA-Serie A,2526,Lecce,Lameck Banda,2,2025,243,7628,F M S,32,1768,5,3.2459914926439524,5,3.2459914926439524,4,3.3277904372662306,38,23,6,1,7.624415159225464,2.613522628322244
ITA-Serie A,2526,Lecce,Lassana Coulibaly,2,2025,243,3334,M S,33,2708,3,3.20009109005332,3,3.20009109005332,1,1.1774460021406412,28,20,4,0,7.588806392624974,4.855061332695186
ITA-Serie A,2526,Lecce,Matías Pérez,2,2025,243,13877,D,1,31,0,0.0,0,0.0,0,0.0138194896280765,0,1,0,0,0.0262540634721517,0.0124345738440752
ITA-Serie A,2526,Lecce,Medon Berisha,2,2025,243,10908,M S,13,893,2,1.3144496940076351,2,1.3144496940076351,3,2.889189299196005,24,20,0,0,3.1226632557809357,1.600425161421299
ITA-Serie A,2526,Lecce,Mohamed Kaba,2,2025,243,11946,M S,15,614,0,0.4404364861547947,0,0.4404364861547947,0,0.2189672160893678,9,5,1,0,1.6230159662663937,1.139161642640829
ITA-Serie A,2526,Lecce,Nikola Stulic,2,2025,243,13969,F S,34,1713,4,5.471318391617388,3,4.71001955633983,0,2.100543244741857,33,20,1,0,6.266159004531801,1.3460894767194986
ITA-Serie A,2526,Lecce,Olaf Gorter,2,2025,243,13878,S,2,27,0,0.0,0,0.0,0,0.0,0,0,0,0,0.3341193124651909,0.3341193124651909
ITA-Serie A,2526,Lecce,Omri Gandelman,2,2025,243,14339,M S,19,971,2,1.733949035406113,2,1.733949035406113,1,1.1209704279899595,10,7,0,0,3.184256792068481,1.036361239850521
ITA-Serie A,2526,Lecce,Oumar Ngom,2,2025,243,14347,M S,15,847,0,0.2407711967825889,0,0.2407711967825889,0,0.1907979715615511,5,4,1,0,1.060145461931825,0.8156507313251495
ITA-Serie A,2526,Lecce,Owen Kouassi,2,2025,243,13874,D S,4,231,0,0.0,0,0.0,0,0.0,0,0,0,0,0.3331151977181434,0.3331151977181434
ITA-Serie A,2526,Lecce,Riccardo Sottil,2,2025,243,6672,F M S,21,1078,1,0.7569481134414673,1,0.7569481134414673,2,3.896916251629591,20,24,1,0,2.106737073510885,0.7894598450511694
ITA-Serie A,2526,Lecce,Sadik Fofana,2,2025,243,10255,M S,5,80,0,0.1006206348538398,0,0.1006206348538398,0,0.1805937960743904,2,2,0,0,0.2812144346535206,0.0
ITA-Serie A,2526,Lecce,Santiago Pierotti,2,2025,243,12362,F M S,37,2661,1,3.769198192283511,1,3.769198192283511,2,2.6033652145415545,32,22,4,0,7.335631237365305,2.38239432964474
ITA-Serie A,2526,Lecce,Tete Morente,2,2025,243,8895,F M S,16,859,0,0.9692354239523412,0,0.9692354239523412,0,0.8144437298178673,14,10,2,0,2.2564369663596158,0.9947964325547218
ITA-Serie A,2526,Lecce,Thórir Helgason,2,2025,243,10906,M S,8,129,0,0.2772465534508228,0,0.2772465534508228,0,0.1026582196354866,3,3,0,0,0.3372492156922817,0.0511505398899316
ITA-Serie A,2526,Lecce,Tiago Gabriel,2,2025,243,13396,D S,37,3223,2,3.9836879689246416,2,3.9836879689246416,0,0.0280546331778168,20,2,7,0,2.5174613688141108,2.4253968689590693
ITA-Serie A,2526,Lecce,Walid Cheddira,2,2025,243,11989,F S,33,1193,4,4.555503275245428,4,4.555503275245428,1,0.6070769298821688,33,11,3,0,5.885509114246815,1.6127010164782405
ITA-Serie A,2526,Lecce,Wladimiro Falcone,2,2025,243,4984,GK,38,3420,0,0.0,0,0.0,0,0.0365259833633899,0,1,2,0,0.8861004188656807,0.8495744355022907
ITA-Serie A,2526,Lecce,Ylber Ramadani,2,2025,243,11945,M,37,3236,1,1.2185862502083182,1,1.2185862502083182,0,1.3888573935255408,35,19,10,0,7.193579321727157,5.043079229071736
ITA-Serie A,2526,Napoli,Alessandro Buongiorno,2,2025,105,5025,D S,33,2526,0,1.6447823997586966,0,1.6447823997586966,1,0.3518915679305792,8,3,3,0,8.016250479966402,7.9922011978924274
ITA-Serie A,2526,Napoli,Alex Meret,2,2025,105,1892,GK,11,982,0,0.0,0,0.0,1,0.2711901664733886,0,1,1,0,1.5828552544116974,1.5828552544116974
ITA-Serie A,2526,Napoli,Alisson Santos,2,2025,105,14427,F M S,14,836,4,1.5114381685853004,4,1.5114381685853004,0,1.6118640415370464,29,14,1,0,5.084563827142119,2.7119111828505997
ITA-Serie A,2526,Napoli,Amir Rrahmani,2,2025,105,7924,D,21,1809,2,1.3542888388037682,2,1.3542888388037682,1,0.2368359714746475,15,7,2,0,9.067516535520554,8.741717606782913
ITA-Serie A,2526,Napoli,Antonio Vergara,2,2025,105,10241,M S,12,625,1,0.7055973187088966,1,0.7055973187088966,2,0.8353275340050459,10,11,2,0,2.610380455851555,1.256837198510766
ITA-Serie A,2526,Napoli,Billy Gilmour,2,2025,105,7988,M S,17,798,1,0.5720022153109312,1,0.5720022153109312,0,0.4836090439930558,10,6,1,0,4.198432270437479,3.364748902618885
ITA-Serie A,2526,Napoli,David Neres,2,2025,105,12993,F M S,16,932,3,1.484556145966053,3,1.484556145966053,3,3.786104552447796,17,19,3,0,7.352409522980452,3.5680493600666523
ITA-Serie A,2526,Napoli,Eljif Elmas,2,2025,105,7912,F M S,33,1791,1,3.64168831333518,1,3.64168831333518,3,1.7521770196035504,27,24,3,0,8.190225210040808,4.126482693478465
ITA-Serie A,2526,Napoli,Franck Zambo,2,2025,105,6434,M S,18,1253,4,2.5543451830744743,4,2.5543451830744743,1,1.5510767428204415,23,13,1,0,4.910352712497115,2.9804707523435354
ITA-Serie A,2526,Napoli,Giovane,2,2025,105,13961,F M S,33,1873,3,4.269323905929923,3,4.269323905929923,5,4.357408100739121,56,32,2,0,8.811031891033053,2.390819819644093
ITA-Serie A,2526,Napoli,Giovanni Di Lorenzo,2,2025,105,6978,D,26,2278,2,1.950576670467853,2,1.950576670467853,1,2.9962266702204943,25,16,1,0,13.250591915100811,9.1819875985384
ITA-Serie A,2526,Napoli,Giuseppe Ambrosino,2,2025,105,10532,S,3,31,0,0.0,0,0.0,0,0.0,0,0,0,0,0.0524723585695028,0.0524723585695028
ITA-Serie A,2526,Napoli,Juan Jesus,2,2025,105,1247,D S,24,1670,0,0.2074212320148944,0,0.2074212320148944,0,0.2721040360629558,3,4,8,1,6.624128991737962,6.383525187149644
ITA-Serie A,2526,Napoli,Kevin De Bruyne,2,2025,105,447,M S,18,1176,5,3.5163134410977364,2,1.2324169697239995,2,4.023396631702781,27,36,1,0,7.890820484608412,5.31821558624506
ITA-Serie A,2526,Napoli,Leonardo Spinazzola,2,2025,105,1500,D M S,32,1906,3,1.2085956651717424,3,1.2085956651717424,3,2.606285876594484,21,32,2,0,10.40181334875524,7.521526067517698
ITA-Serie A,2526,Napoli,Lorenzo Lucca,2,2025,105,11936,F S,16,381,1,1.9075428172945976,1,1.9075428172945976,0,0.664022158831358,15,2,1,0,3.879144091159105,1.38358985632658
ITA-Serie A,2526,Napoli,Luca Marianucci,2,2025,105,11876,D S,12,688,0,0.0295138517394661,0,0.0295138517394661,1,0.9746939558535814,2,8,2,0,4.4013040494173765,3.42620730958879
ITA-Serie A,2526,Napoli,Mathías Olivera,2,2025,105,6368,D S,25,1370,0,1.7913433331996202,0,1.7913433331996202,0,0.5973206851631403,8,10,3,0,7.217204011976719,5.740894721820951
ITA-Serie A,2526,Napoli,Matteo Politano,2,2025,105,1473,D F M S,34,2249,2,3.133822990581393,2,3.133822990581393,6,5.604220122098923,49,37,4,0,12.97732456959784,8.206937471404672
ITA-Serie A,2526,Napoli,Miguel Gutiérrez,2,2025,105,8513,D S,28,1478,1,0.571861126460135,1,0.571861126460135,1,1.7833779081702232,15,20,0,0,8.16924431361258,7.402092078700662
ITA-Serie A,2526,Napoli,Nikita Contini,2,2025,105,3939,S,1,8,0,0.0,0,0.0,0,0.0,0,0,0,0,0.0,0.0
ITA-Serie A,2526,Napoli,Noa Lang,2,2025,105,13881,F M S,18,645,1,1.3651904631406069,1,1.3651904631406069,2,1.9749588575214148,9,14,2,0,4.173819866031408,2.764019284397364
ITA-Serie A,2526,Napoli,Pasquale Mazzocchi,2,2025,105,9902,D S,16,288,0,0.0465274639427661,0,0.0465274639427661,1,1.1447767056524754,2,4,0,1,2.0700561702251434,1.4018489643931389
ITA-Serie A,2526,Napoli,Rasmus Højlund,2,2025,105,11055,F S,33,2784,13,13.312345487996936,12,12.551046593114734,5,3.267297463491559,60,33,1,0,19.513361055403948,4.611839467659593
ITA-Serie A,2526,Napoli,Romelu Lukaku,2,2025,105,594,S,5,33,1,0.5893245413899422,1,0.5893245413899422,0,0.2113724052906036,2,2,1,0,0.3288929834961891,0.0
ITA-Serie A,2526,Napoli,Sam Beukema,2,2025,105,11961,D S,24,1675,2,1.7312276512384417,2,1.7312276512384417,0,0.3936351519078016,8,6,2,0,5.41209826245904,5.130219876766205
ITA-Serie A,2526,Napoli,Scott McTominay,2,2025,105,5560,M S,33,2798,10,12.429753053933382,10,11.66845427826047,3,2.005369659513235,101,22,1,0,15.440493501722813,8.038824290037155
ITA-Serie A,2526,Napoli,Stanislav Lobotka,2,2025,105,6125,M S,32,2442,1,0.4109657760709524,1,0.4109657760709524,1,1.0618614703416824,8,22,3,0,9.941714700311422,8.96990124695003
ITA-Serie A,2526,Napoli,Vanja Milinkovic-Savic,2,2025,105,6167,GK,27,2430,0,0.0,0,0.0,1,0.3024167791008949,0,3,0,0,4.887410014867783,4.58499326556921
ITA-Serie A,2526,Parma Calcio 1913,Adrian Benedyczak,2,2025,230,13172,F S,14,476,1,1.9938557110726836,0,1.2325568906962872,1,1.453725766390562,8,9,1,0,2.225842133164406,0.817415039986372
ITA-Serie A,2526,Parma Calcio 1913,Adrián Bernabé,2,2025,230,8867,D M S,32,2542,3,2.6228388603776693,3,2.6228388603776693,1,4.641438805498183,50,55,0,0,8.53368706163019,4.340929888188839
ITA-Serie A,2526,Parma Calcio 1913,Alessandro Cardinali,2,2025,230,14139,S,1,42,0,0.0,0,0.0,0,0.0,0,0,0,0,0.471188873052597,0.471188873052597
ITA-Serie A,2526,Parma Calcio 1913,Alessandro Circati,2,2025,230,12783,D,31,2667,1,0.736436253413558,1,0.736436253413558,0,0.2460185680538416,8,9,6,0,4.767245355993509,4.242752678692341
ITA-Serie A,2526,Parma Calcio 1913,Benjamín Cremaschi,2,2025,230,14021,M S,8,122,0,0.018050517886877,0,0.018050517886877,0,0.0129911238327622,1,1,0,0,0.0418197745457291,0.0288286507129669
ITA-Serie A,2526,Parma Calcio 1913,Christian Ordóñez,2,2025,230,13948,M S,28,1076,1,0.449460974894464,1,0.449460974894464,0,0.2704525701701641,10,6,3,1,1.8653250634670255,1.4926570681855085
ITA-Serie A,2526,Parma Calcio 1913,Daniel Mikolajewski,2,2025,230,12787,F S,3,68,0,0.4269783496856689,0,0.4269783496856689,0,0.0,1,0,0,0,0.497406842187047,0.0704284887760877
ITA-Serie A,2526,Parma Calcio 1913,Edoardo Corvi,2,2025,230,8290,GK,17,1530,0,0.0,0,0.0,0,0.0,0,0,1,0,1.6450959853827951,1.6450959853827951
ITA-Serie A,2526,Parma Calcio 1913,Emanuele Valeri,2,2025,230,11027,D M S,34,2637,0,0.6690369648858905,0,0.6690369648858905,2,3.777259983122349,23,51,2,0,6.482847294770181,4.969146250747144
ITA-Serie A,2526,Parma Calcio 1913,Enrico Del Prato,2,2025,230,6692,D S,35,2958,2,2.256384262815118,2,2.256384262815118,0,0.7834861557930708,18,8,5,0,4.674118371680379,3.122021282091737
ITA-Serie A,2526,Parma Calcio 1913,Filippo Rinaldi,2,2025,230,9030,GK,1,90,0,0.0,0,0.0,0,0.0,0,0,1,0,0.0,0.0
ITA-Serie A,2526,Parma Calcio 1913,Franco Ezequiel Carboni,2,2025,230,9057,D S,7,106,0,0.0,0,0.0,0,0.0,0,0,0,0,0.6373426467180252,0.6373426467180252
ITA-Serie A,2526,Parma Calcio 1913,Gabriel Strefezza,2,2025,230,7944,F S,14,1026,2,1.0562517698854208,2,1.0562517698854208,2,1.0693775909021497,24,13,3,0,2.953472524881363,2.114887624979019
ITA-Serie A,2526,Parma Calcio 1913,Gaetano Oristanio,2,2025,230,11958,F M S,20,853,1,2.3994482420384884,1,2.3994482420384884,0,0.6013111472129822,23,10,1,0,3.5321153216063976,0.7341090142726898
ITA-Serie A,2526,Parma Calcio 1913,Hernani,2,2025,230,5509,S,4,58,0,0.0357290841639041,0,0.0357290841639041,0,0.0266059823334217,1,1,0,0,0.0779976248741149,0.0513916425406932
ITA-Serie A,2526,Parma Calcio 1913,Jacob Ondrejka,2,2025,230,13386,F M S,16,768,0,1.423084044829011,0,1.423084044829011,0,0.4258564375340938,20,5,2,0,2.751455696299672,1.0622229920700192
ITA-Serie A,2526,Parma Calcio 1913,Lautaro Valenti,2,2025,230,8967,D S,27,2255,0,0.4869517162442207,0,0.4869517162442207,0,1.1660469826310873,17,10,7,0,5.188648164272308,4.281415678560734
ITA-Serie A,2526,Parma Calcio 1913,Mandela Keita,2,2025,230,13097,M S,37,3016,1,0.4839648194611072,1,0.4839648194611072,1,0.2838953603059053,16,11,1,0,2.960139892995357,2.3855352448299527
ITA-Serie A,2526,Parma Calcio 1913,Mariano Troilo,2,2025,230,13979,D S,21,1631,1,0.977194907143712,1,0.977194907143712,0,0.6567005543038249,9,7,5,2,2.2315278854221106,1.764288262464106
ITA-Serie A,2526,Parma Calcio 1913,Mateo Pellegrino,2,2025,230,13446,F S,37,3012,9,9.909808543510737,8,9.148509708233178,1,2.1411109482869506,73,22,5,0,11.22907519992441,2.2242126809433103
ITA-Serie A,2526,Parma Calcio 1913,Mathias Løvik,2,2025,230,13331,D S,9,480,0,0.1799541944637894,0,0.1799541944637894,0,0.1421054899692535,3,2,0,0,0.5624273736029863,0.3316205590963363
ITA-Serie A,2526,Parma Calcio 1913,Nahuel Estévez,2,2025,230,9065,M S,32,1001,0,0.6303743990138173,0,0.6303743990138173,1,1.103767991065979,9,11,2,0,2.353299428708852,1.3416498266160488
ITA-Serie A,2526,Parma Calcio 1913,Nesta Elphege,2,2025,230,14412,F S,9,297,2,2.3499458953738213,2,2.3499458953738213,1,0.3569023348391056,6,4,0,0,2.436849968507886,0.1901701278984546
ITA-Serie A,2526,Parma Calcio 1913,Niakhate Ndiaye,2,2025,230,9447,D S,11,786,0,0.3603881355375051,0,0.3603881355375051,0,0.0225565638393163,6,1,3,1,2.311476416885853,2.272215012460947
ITA-Serie A,2526,Parma Calcio 1913,Oliver Sørensen,2,2025,230,13949,D M S,34,1834,1,2.045102119445801,1,2.045102119445801,1,0.7402975568547845,15,9,2,0,5.042463628575206,3.415822559967637
ITA-Serie A,2526,Parma Calcio 1913,Patrick Cutrone,2,2025,230,4918,F S,15,908,1,3.271421535871923,1,3.271421535871923,0,0.6590696647763252,25,3,0,0,3.99916382227093,0.8263060990720987
ITA-Serie A,2526,Parma Calcio 1913,Pontus Almqvist,2,2025,230,9061,D M S,13,442,0,0.3375041931867599,0,0.3375041931867599,1,1.8195517510175705,5,9,0,0,2.522960741072893,0.990849431604147
ITA-Serie A,2526,Parma Calcio 1913,Sascha Britschgi,2,2025,230,13980,D M S,29,2103,0,0.4099866766482591,0,0.4099866766482591,2,2.0349949607625604,13,17,5,1,4.071831869892776,1.8428749283775687
ITA-Serie A,2526,Parma Calcio 1913,Tjas Begic,2,2025,230,13951,S,1,1,0,0.0,0,0.0,0,0.0,0,0,0,0,0.0,0.0
ITA-Serie A,2526,Parma Calcio 1913,Zion Suzuki,2,2025,230,12781,GK,20,1800,0,0.0,0,0.0,0,0.0257010422646999,0,1,1,0,0.6844347473233938,0.6587337050586939
ITA-Serie A,2526,Pisa,Adrian Semper,2,2025,291,6929,GK,25,2250,0,0.0,0,0.0,0,0.0,0,0,0,0,0.7795740598812699,0.7795740598812699
ITA-Serie A,2526,Pisa,Antonio Caracciolo,2,2025,291,6133,D S,35,3077,2,2.3648768034763634,2,2.3648768034763634,0,0.1618939042091369,25,2,10,0,4.622567382641137,3.8652119608595967
ITA-Serie A,2526,Pisa,Arturo Calabresi,2,2025,291,3965,D S,26,1536,0,0.2407729886472225,0,0.2407729886472225,0,0.0651397965848445,4,4,8,0,2.263354999944568,2.1927061965689063
ITA-Serie A,2526,Pisa,Brando Bettazzi,2,2025,291,14209,S,1,12,0,0.0,0,0.0,0,0.0,0,0,0,0,0.063388779759407,0.063388779759407
ITA-Serie A,2526,Pisa,Calvin Stengs,2,2025,291,9919,S,4,36,0,0.0507716424763202,0,0.0507716424763202,0,0.0083027789369225,2,1,0,0,0.0771994031965732,0.0423924103379249
ITA-Serie A,2526,Pisa,Daniel Denoon,2,2025,291,13937,D,2,126,0,0.0,0,0.0,0,0.0,0,0,1,0,0.0125019075348973,0.0125019075348973
ITA-Serie A,2526,Pisa,Ebenezer Akinsanmiro,2,2025,291,11586,M S,24,1441,0,1.112527676858008,0,1.112527676858008,1,1.6431705905124545,13,16,2,0,4.29768105968833,1.7949366383254528
ITA-Serie A,2526,Pisa,Felipe Loyola,2,2025,291,14369,M S,11,541,1,0.7549186209216714,1,0.7549186209216714,0,0.543415728956461,9,4,0,1,1.633445955812931,0.501453809440136
ITA-Serie A,2526,Pisa,Filip Stojilkovic,2,2025,291,11921,F M S,13,660,0,2.330876991152764,0,2.330876991152764,0,0.7152565270662308,10,2,0,0,3.5138361528515816,0.6132990717887878
ITA-Serie A,2526,Pisa,Francesco Coppola,2,2025,291,14125,D S,7,454,0,0.0926379188895225,0,0.0926379188895225,0,0.0,2,0,3,0,0.1846959665417671,0.1253593675792217
ITA-Serie A,2526,Pisa,Gabriele Piccinini,2,2025,291,13940,M S,25,825,0,2.891694039106369,0,2.891694039106369,0,1.4389822836965322,19,7,3,0,4.406972590833902,0.7542659714818001
ITA-Serie A,2526,Pisa,Giovanni Bonfanti,2,2025,291,10413,D S,9,501,0,0.2863771161064505,0,0.2863771161064505,0,0.11172466725111,6,3,1,0,0.4159418269991874,0.1316771451383829
ITA-Serie A,2526,Pisa,Henrik Meister,2,2025,291,12881,F S,28,1494,2,5.318537840619683,2,5.318537840619683,0,0.6497459821403027,20,5,2,0,7.32625531591475,1.3786405008286238
ITA-Serie A,2526,Pisa,Idrissa Touré,2,2025,291,13938,D M S,32,2283,1,2.997904310002923,1,2.997904310002923,0,3.5665722815319896,28,20,4,1,7.313524666242301,3.037940706126392
ITA-Serie A,2526,Pisa,Isak Vural,2,2025,291,14047,M S,15,752,0,0.761934264563024,0,0.761934264563024,0,0.1692916788160801,6,3,4,0,1.9328494872897863,1.2197597604244947
ITA-Serie A,2526,Pisa,Juan Cuadrado,2,2025,291,1089,D M S,19,460,1,0.958076405338943,0,0.1967775961384177,0,0.8361177556216717,10,13,3,0,1.4430370824411511,0.6504935566335917
ITA-Serie A,2526,Pisa,Lorran,2,2025,291,14046,S,9,95,1,0.7093146331608295,1,0.7093146331608295,0,0.0623323693871498,3,1,0,0,0.907572627067566,0.1359256170690059
ITA-Serie A,2526,Pisa,Louis Buffon,2,2025,291,13943,S,4,24,0,0.0,0,0.0,0,0.0,0,0,0,0,0.0284282453358173,0.0284282453358173
ITA-Serie A,2526,Pisa,M'Bala Nzola,2,2025,291,9018,F S,30,1514,4,7.317131128162146,2,5.033234681934118,1,1.2388474997133017,39,20,2,1,7.441231850534677,1.6971882237121465
ITA-Serie A,2526,Pisa,Malthe Højholt,2,2025,291,13942,M S,17,857,0,0.9494074806571008,0,0.9494074806571008,0,0.1563381012529134,4,3,2,0,1.5122927222400904,0.4657369842752814
ITA-Serie A,2526,Pisa,Marius Marin,2,2025,291,4990,M S,23,1307,0,0.0855703866109252,0,0.0855703866109252,0,0.0219777524471282,3,2,7,0,3.226825973019004,3.1192778795957565
ITA-Serie A,2526,Pisa,Mateus Lusuardi,2,2025,291,11990,D,3,202,0,0.1197365634143352,0,0.1197365634143352,0,0.1444711238145828,4,1,1,0,0.1128613799810409,0.1128613799810409
ITA-Serie A,2526,Pisa,Matteo Tramoni,2,2025,291,8880,F M S,27,1630,2,3.213343242183328,1,2.4520444069057703,2,2.884499185718596,28,28,3,0,7.110495939850807,3.0286965798586607
ITA-Serie A,2526,Pisa,Mehdi Leris,2,2025,291,6211,D M S,34,1910,2,1.973102173767984,2,1.973102173767984,3,2.4453976545482874,25,28,2,0,5.055834978818893,1.8889753613621
ITA-Serie A,2526,Pisa,Michel Aebischer,2,2025,291,10383,M S,35,2911,1,0.8299102364107966,1,0.8299102364107966,2,3.4363013366237283,19,34,8,0,9.910697347484527,7.117089634761214
ITA-Serie A,2526,Pisa,Nícolas,2,2025,291,6129,GK,6,540,0,0.0,0,0.0,0,0.0,0,0,0,0,0.0721409525722265,0.0721409525722265
ITA-Serie A,2526,Pisa,Rafiu Durosinmi,2,2025,291,14351,F S,12,428,1,0.7598076574504375,1,0.7598076574504375,1,0.0876082740724086,9,3,1,1,0.926448192447424,0.1827123090624809
ITA-Serie A,2526,Pisa,Raúl Albiol,2,2025,291,1588,D S,8,494,0,0.0676460266113281,0,0.0676460266113281,1,0.9096565768122672,1,3,1,0,0.972431879490614,0.8516329564154148
ITA-Serie A,2526,Pisa,Rosen Bozhinov,2,2025,291,14350,D S,9,619,0,0.1116490038111805,0,0.1116490038111805,0,0.3310964051634073,3,4,1,1,2.23290590941906,1.823847398161888
ITA-Serie A,2526,Pisa,Samuel Iling-Junior,2,2025,291,10616,M S,5,104,0,0.0,0,0.0,0,0.0285100359469652,0,1,0,0,0.0285100359469652,0.0
ITA-Serie A,2526,Pisa,Samuele Angori,2,2025,291,10345,D M S,35,2619,0,1.318560840561986,0,1.318560840561986,2,3.855747262947261,14,38,2,0,8.059615784324706,5.591387763619423
ITA-Serie A,2526,Pisa,Simone Canestrelli,2,2025,291,9853,D S,37,3200,1,1.348835569806397,1,1.348835569806397,0,0.4718508189544081,16,10,4,0,3.6674246499314895,3.0219644913449883
ITA-Serie A,2526,Pisa,Simone Scuffet,2,2025,291,1158,GK,7,630,0,0.0,0,0.0,0,0.0,0,0,0,0,0.5827806890010834,0.5827806890010834
ITA-Serie A,2526,Pisa,Stefano Moreo,2,2025,291,13939,F M S,37,2336,7,6.222204111516476,5,4.699606470763683,1,3.5465334709733725,52,23,2,0,9.92034813389182,3.6867972668260336
ITA-Serie A,2526,Pisa,Tomás Esteves,2,2025,291,14045,S,1,11,0,0.0,0,0.0,0,0.0,0,0,0,0,0.0,0.0
ITA-Serie A,2526,Roma,Alessandro Romano,2,2025,95,13342,S,2,5,0,0.0,0,0.0,0,0.0,0,0,0,0,0.5332328081130981,0.5332328081130981
ITA-Serie A,2526,Roma,Angelino,2,2025,95,1040,D M S,7,427,0,0.232630755752325,0,0.232630755752325,0,0.2804895751178264,5,5,2,0,0.7898757718503475,0.6207265220582485
ITA-Serie A,2526,Roma,Antonio Arena,2,2025,95,13989,S,2,19,0,0.1771794408559799,0,0.1771794408559799,0,0.0,2,0,0,0,0.1771794408559799,0.0
ITA-Serie A,2526,Roma,Artem Dovbyk,2,2025,95,11736,F S,14,364,3,3.097826164215803,3,3.097826164215803,1,1.2935574017465117,12,11,0,0,3.816741332411766,0.7824058942496777
ITA-Serie A,2526,Roma,Bryan Cristante,2,2025,95,1168,M S,37,3116,2,2.347831812687218,2,2.347831812687218,1,2.281888909637928,43,27,6,0,12.89684208855033,10.956094874069096
ITA-Serie A,2526,Roma,Bryan Zaragoza,2,2025,95,10143,M S,4,140,0,0.1814824938774109,0,0.1814824938774109,1,0.8119799569249153,1,4,1,0,1.0063471645116806,0.0570940524339675
ITA-Serie A,2526,Roma,Daniele Ghilardi,2,2025,95,12858,D S,23,1070,0,0.5609008073806763,0,0.5609008073806763,0,0.4173059575259685,3,4,1,0,2.8199229426681995,2.492456678301096
ITA-Serie A,2526,Roma,Devyne Rensch,2,2025,95,13389,D M S,24,1180,1,0.569548043422401,1,0.569548043422401,4,2.7164466995745897,6,10,1,0,4.86653365381062,3.604976048693061
ITA-Serie A,2526,Roma,Donyell Malen,2,2025,95,9749,F,18,1499,14,15.204708069562912,11,12.159512802958488,2,1.5484345965087414,70,8,1,0,14.910507656633854,3.856066580861807
ITA-Serie A,2526,Roma,Evan Ferguson,2,2025,95,10177,F S,16,777,3,3.4807619526982307,3,3.4807619526982307,2,1.686270648613572,26,15,1,0,5.405015859752893,1.0331951715052128
ITA-Serie A,2526,Roma,Evan Ndicka,2,2025,95,7049,D,31,2686,3,2.3948372658342123,3,2.3948372658342123,0,0.5625489521771669,23,6,5,0,7.166667768731713,6.816481562331319
ITA-Serie A,2526,Roma,Gianluca Mancini,2,2025,95,6159,D,36,3087,4,2.39453985914588,4,2.39453985914588,2,2.720187921077013,20,21,9,0,12.404685972258449,11.154921559616923
ITA-Serie A,2526,Roma,Jan Ziólkowski,2,2025,95,14039,D S,18,500,0,0.1409545503556728,0,0.1409545503556728,0,0.0412672013044357,2,1,3,0,0.8011281378567219,0.8011281378567219
ITA-Serie A,2526,Roma,Konstantinos Tsimikas,2,2025,95,8852,D M S,18,617,0,0.5683948341757059,0,0.5683948341757059,0,0.0791524378582835,7,3,1,0,1.6814278615638614,1.141974575817585
ITA-Serie A,2526,Roma,Kouadio Kone,2,2025,95,7482,M S,29,2468,2,1.937675543129444,2,1.937675543129444,3,3.4994950499385595,21,25,2,0,14.520286563783884,10.869493629783392
ITA-Serie A,2526,Roma,Leon Bailey,2,2025,95,5221,F S,7,184,0,0.1348361037671566,0,0.1348361037671566,0,0.0624751690775156,3,2,0,0,0.5365037806332111,0.4638566896319389
ITA-Serie A,2526,Roma,Lorenzo Pellegrini,2,2025,95,1471,F M S,24,1508,4,4.77526899240911,2,3.2526713106781244,2,2.9984955824911594,32,29,2,0,7.576448664069176,4.90537278726697
ITA-Serie A,2526,Roma,Mario Hermoso,2,2025,95,6136,D S,27,2106,3,2.192820576019585,3,2.192820576019585,2,0.8591896975412965,20,10,9,0,7.192078398540616,5.719124445691705
ITA-Serie A,2526,Roma,Matìas Soulè Malvano,2,2025,95,9965,F M S,33,2207,6,4.678685570135713,6,4.678685570135713,5,4.457678508944809,52,45,1,0,15.858708873391151,9.501005835831164
ITA-Serie A,2526,Roma,Mehmet Zeki Çelik,2,2025,95,6872,D M S,34,2747,1,1.7680562287569046,1,1.7680562287569046,2,2.412685915827751,22,27,2,1,13.856140442192554,11.655436754226685
ITA-Serie A,2526,Roma,Mile Svilar,2,2025,95,10967,GK,38,3420,0,0.0,0,0.0,0,0.0,0,0,0,0,5.139284377917647,5.139284377917647
ITA-Serie A,2526,Roma,Neil El Aynaoui,2,2025,95,12104,M S,25,958,1,0.9577326010912656,1,0.9577326010912656,2,1.7740114629268646,6,12,5,0,5.916931334882975,3.715265704318881
ITA-Serie A,2526,Roma,Niccolò Pisilli,2,2025,95,11470,M S,25,1263,2,2.2729037441313267,2,2.2729037441313267,4,2.218172688037157,19,12,3,0,6.556324878707528,4.026354419067502
ITA-Serie A,2526,Roma,Paulo Dybala,2,2025,95,1294,F M S,22,1360,2,6.285113666206598,2,5.523814860731363,6,6.363388704136014,43,55,1,0,11.41634314134717,3.380848379805684
ITA-Serie A,2526,Roma,Robinio Vaz,2,2025,95,13330,S,12,184,1,0.6552822887897491,1,0.6552822887897491,0,0.0,5,0,0,0,0.7226787954568863,0.1572361700236797
ITA-Serie A,2526,Roma,Stephan El Shaarawy,2,2025,95,1252,F M S,20,623,1,2.018858753144741,1,2.018858753144741,2,1.7541244626045227,18,12,4,0,5.107392806559801,2.558639155700803
ITA-Serie A,2526,Roma,Wesley,2,2025,95,13891,D M S,30,2474,5,2.484328309074044,5,2.484328309074044,0,5.352143730968237,25,33,5,2,14.14132072031498,7.724048685282469
ITA-Serie A,2526,Sassuolo,Alieu Fadera,2,2025,104,12997,F S,28,959,2,2.3619886562228203,2,2.3619886562228203,1,0.87881900370121,13,7,5,0,4.041427066549659,1.7654694616794586
ITA-Serie A,2526,Sassuolo,Andrea Ghion,2,2025,104,7627,S,1,7,0,0.0,0,0.0,0,0.0,0,0,0,0,0.1192885860800743,0.1192885860800743
ITA-Serie A,2526,Sassuolo,Andrea Pinamonti,2,2025,104,4895,F S,36,2610,9,11.534677205607297,9,10.773378429934382,3,1.7828310579061508,73,17,2,1,12.005125224590302,2.1364129073917866
ITA-Serie A,2526,Sassuolo,Arijanet Muric,2,2025,104,7027,GK,32,2880,0,0.0,0,0.0,0,0.0334668159484863,0,1,4,0,3.8466744776815176,3.8466744776815176
ITA-Serie A,2526,Sassuolo,Armand Lauriente,2,2025,104,6697,F M S,38,2655,7,4.392248864285648,7,4.392248864285648,9,8.514929416589439,71,54,4,0,14.82768054679036,7.808049842715263
ITA-Serie A,2526,Sassuolo,Aster Vranckx,2,2025,104,9935,M S,16,693,0,0.0885750222951173,0,0.0885750222951173,0,0.0952156260609626,3,2,2,0,1.1440454255789518,1.0025428906083107
ITA-Serie A,2526,Sassuolo,Cas Odenthal,2,2025,104,14085,S,1,1,0,0.0,0,0.0,0,0.0,0,0,0,0,0.0,0.0
ITA-Serie A,2526,Sassuolo,Christian Frangella,2,2025,104,14199,S,1,1,0,0.0,0,0.0,0,0.0,0,0,0,0,0.5337857007980347,0.5337857007980347
ITA-Serie A,2526,Sassuolo,Cristian Volpato,2,2025,104,10084,F M S,24,1060,2,1.749022038653493,2,1.749022038653493,4,2.896068687550724,21,23,4,0,6.181194823235273,2.2634265329688787
ITA-Serie A,2526,Sassuolo,Daniel Boloca,2,2025,104,11930,M,2,137,0,0.0955388396978378,0,0.0955388396978378,0,0.0386174395680427,2,1,0,0,0.1647419761866331,0.0305857057683169
ITA-Serie A,2526,Sassuolo,Darryl Bakola,2,2025,104,12601,M S,6,116,0,0.1266994327306747,0,0.1266994327306747,1,0.4741175323724746,3,3,0,0,1.2305008098483086,0.6296838670969009
ITA-Serie A,2526,Sassuolo,Domenico Berardi,2,2025,104,1612,F M S,26,1995,8,6.783539568074048,6,4.499643106944859,4,5.058273881673813,40,33,2,1,13.033610694110394,6.80599008500576
ITA-Serie A,2526,Sassuolo,Edoardo Iannoni,2,2025,104,13965,M S,15,230,1,0.7571988552808762,1,0.7571988552808762,0,0.0,3,0,3,0,0.8942649494856596,0.1370660942047834
ITA-Serie A,2526,Sassuolo,Fali Candé,2,2025,104,10389,D S,12,509,0,0.1701168362051248,0,0.1701168362051248,0,0.0114713637158274,3,1,2,0,0.5957811279222369,0.4141929261386394
ITA-Serie A,2526,Sassuolo,Filippo Romagna,2,2025,104,2058,D S,5,319,0,0.0468942187726497,0,0.0468942187726497,0,0.0,2,0,0,0,0.3252820125780999,0.3252820125780999
ITA-Serie A,2526,Sassuolo,Gioele Zacchi,2,2025,104,10192,S,1,5,0,0.0,0,0.0,0,0.0,0,0,0,0,0.0,0.0
ITA-Serie A,2526,Sassuolo,Ismaël Koné,2,2025,104,13069,M S,35,2795,6,5.083259547129273,6,5.083259547129273,0,1.759748755954206,23,23,3,1,12.1725369929336,7.844343296717852
ITA-Serie A,2526,Sassuolo,Jay Idzes,2,2025,104,12989,D,35,3065,0,0.2000958640128374,0,0.2000958640128374,0,0.744381345808506,5,3,2,0,5.868906051851809,5.347237028181553
ITA-Serie A,2526,Sassuolo,Josh Doig,2,2025,104,11023,D S,30,1924,0,0.7494111750274897,0,0.7494111750274897,0,1.5034504160284996,11,15,5,0,5.639150124043226,4.256728074979037
ITA-Serie A,2526,Sassuolo,Kristian Thorstvedt,2,2025,104,10994,F M S,32,2450,4,6.644855927675962,4,6.644855927675962,4,2.6294608265161514,43,32,9,0,16.12818531692028,8.9037402626127
ITA-Serie A,2526,Sassuolo,Laurs Skjellerup,2,2025,104,14104,S,1,8,0,0.0155376251786947,0,0.0155376251786947,0,0.0,1,0,0,0,0.0155376251786947,0.0
ITA-Serie A,2526,Sassuolo,Luca Lipani,2,2025,104,11929,M S,24,1011,0,0.9187592826783656,0,0.9187592826783656,1,1.1096705137751997,12,11,3,0,4.823387278243899,3.3149657156318426
ITA-Serie A,2526,Sassuolo,Luca Moro,2,2025,104,13880,F S,14,181,0,0.8332867855206132,0,0.8332867855206132,0,0.2611876428127289,6,1,1,0,1.207763969898224,0.1254846081137657
ITA-Serie A,2526,Sassuolo,Nemanja Matic,2,2025,104,697,M S,34,2686,1,0.329651664942503,1,0.329651664942503,1,0.9152271281927824,11,20,6,1,11.574611898511648,10.903733760118484
ITA-Serie A,2526,Sassuolo,Nicholas Pierini,2,2025,104,2012,S,11,116,0,0.3286344055086374,0,0.3286344055086374,0,0.1156127247959375,5,4,1,0,0.1829208685085177,0.0
ITA-Serie A,2526,Sassuolo,Pedro Felipe,2,2025,104,14122,D S,3,125,0,0.0,0,0.0,1,0.3748842775821686,0,1,0,0,0.8835110664367676,0.8835110664367676
ITA-Serie A,2526,Sassuolo,Sebastian Walukiewicz,2,2025,104,8030,D S,34,2871,0,0.1800192967057228,0,0.1800192967057228,1,2.0545829758048058,7,21,7,0,8.79346252931282,7.566686389502138
ITA-Serie A,2526,Sassuolo,Stefano Turati,2,2025,104,8101,GK,6,535,0,0.0,0,0.0,0,0.0425439551472663,0,1,0,0,1.3311380236409605,1.288594068493694
ITA-Serie A,2526,Sassuolo,Tarik Muharemovic,2,2025,104,13879,D,32,2837,2,2.834148694295436,2,2.834148694295436,2,0.9276836458593608,20,6,7,0,6.279778711032122,6.156958227977157
ITA-Serie A,2526,Sassuolo,Tommaso Macchioni,2,2025,104,14200,D,1,90,0,0.4983490109443664,0,0.4983490109443664,0,0.0,1,0,1,0,0.0,0.0
ITA-Serie A,2526,Sassuolo,Ulisses García,2,2025,104,399,D S,13,941,1,0.0658854357898235,1,0.0658854357898235,2,2.2447682172060013,2,12,3,0,4.91206818819046,3.312851198017597
ITA-Serie A,2526,Sassuolo,Woyo Coulibaly,2,2025,104,12782,D S,20,1023,0,0.1083389995619654,0,0.1083389995619654,0,0.2964532244950533,6,4,2,0,4.755065858364105,4.689090021885932
ITA-Serie A,2526,Torino,Adam Masina,2,2025,113,1441,D S,5,224,0,0.0,0,0.0,1,0.4117826772853732,0,2,0,0,0.4252637103199959,0.4128632396459579
ITA-Serie A,2526,Torino,Adrien Tameze,2,2025,113,5996,D M S,24,1110,0,0.2225745106115937,0,0.2225745106115937,0,0.2651061238721013,5,8,3,0,3.868183462880552,3.530101119540632
ITA-Serie A,2526,Torino,Alberto Paleari,2,2025,113,9044,GK,29,2610,0,0.0,0,0.0,0,0.0,0,0,1,0,1.6753552202135324,1.6753552202135324
ITA-Serie A,2526,Torino,Ali Dembélé,2,2025,113,11279,S,2,15,0,0.0524663105607032,0,0.0524663105607032,0,0.0,1,0,0,0,0.0524663105607032,0.0
ITA-Serie A,2526,Torino,Alieu Njie,2,2025,113,12365,F M S,15,266,1,1.2113833390176296,1,1.2113833390176296,1,0.1609676666557788,5,3,2,0,1.7660274747759104,0.6219505090266466
ITA-Serie A,2526,Torino,Ardian Ismajli,2,2025,113,9090,D S,25,1907,0,0.7488318141549826,0,0.7488318141549826,1,0.5390323810279369,6,4,5,0,3.390311038121581,2.8379868511110544
ITA-Serie A,2526,Torino,Cesare Casadei,2,2025,113,10433,M S,33,1971,6,4.651984546333551,6,4.651984546333551,0,1.8106952449306848,35,17,5,0,10.028646923601627,6.922802485525608
ITA-Serie A,2526,Torino,Che Adams,2,2025,113,7700,F M S,33,1899,6,6.609602872282267,6,6.609602872282267,2,3.2093243608251214,53,25,0,0,12.337604934349656,3.927069513127208
ITA-Serie A,2526,Torino,Cristiano Biraghi,2,2025,113,1164,D M S,14,497,0,0.0619102343916893,0,0.0619102343916893,0,0.3642315156757831,2,7,0,0,0.7062440980225801,0.4560871068388223
ITA-Serie A,2526,Torino,Cyril Ngonge,2,2025,113,11306,F S,20,987,1,2.7625477351248264,1,2.7625477351248264,1,0.5623787045478821,24,12,2,0,4.732533551752567,1.595635703764856
ITA-Serie A,2526,Torino,Duván Zapata,2,2025,113,1148,F S,28,1088,3,4.402640111744404,3,3.641341291368008,1,2.6804053094238043,34,10,0,0,5.999322157353163,0.5478684362024069
ITA-Serie A,2526,Torino,Emirhan Ilkhan,2,2025,113,10899,M S,19,1028,1,2.3624519193544984,1,2.3624519193544984,2,1.2235390963032842,13,12,2,1,3.558742105960846,2.168549509719014
ITA-Serie A,2526,Torino,Enzo Ebosse,2,2025,113,8632,D S,17,1342,0,0.0585717372596263,0,0.0585717372596263,1,0.522622860968113,1,6,4,0,4.712129931896925,4.59448878094554
ITA-Serie A,2526,Torino,Faustino Anjorin,2,2025,113,8383,M S,15,258,0,0.603797011077404,0,0.603797011077404,0,0.1187028316780924,4,3,1,0,1.4105537831783297,1.0754508320242169
ITA-Serie A,2526,Torino,Franco Israel,2,2025,113,9179,GK,9,810,0,0.0,0,0.0,0,0.0,0,0,1,0,1.5392499398440125,1.5392499398440125
ITA-Serie A,2526,Torino,Giovanni Simeone,2,2025,113,1102,F M S,32,2273,11,11.181717524304986,11,11.181717524304986,0,1.8582251174375413,78,23,1,0,14.051242487505078,1.50459766946733
ITA-Serie A,2526,Torino,Guillermo Maripán,2,2025,113,6073,D S,27,2151,2,2.4348368234932423,2,2.4348368234932423,0,0.3447793498635292,18,8,4,0,5.110838394612074,4.668472915887833
ITA-Serie A,2526,Torino,Gvidas Gineitis,2,2025,113,11278,M S,29,1778,0,0.9363524671643972,0,0.9363524671643972,1,2.6753238569945097,27,26,5,0,5.622060902416706,4.116749364882708
ITA-Serie A,2526,Torino,Ivan Ilic,2,2025,113,8828,M S,8,414,0,0.0,0,0.0,0,0.7176270708441734,0,8,2,0,1.2886295728385448,0.6005804687738419
ITA-Serie A,2526,Torino,Kristjan Asllani,2,2025,113,9854,M S,15,1145,0,1.1615827651694417,0,0.4002839298918843,0,1.1300613693892956,20,16,3,0,2.6788381403312087,2.2846737299114466
ITA-Serie A,2526,Torino,Marcus Pedersen,2,2025,113,12012,D M S,29,2148,1,1.6248117666691542,1,1.6248117666691542,2,2.887870935723185,15,20,3,0,8.29255704022944,4.022757038474083
ITA-Serie A,2526,Torino,Niels Nkounkou,2,2025,113,8109,D S,11,340,0,0.2177513688802719,0,0.2177513688802719,1,0.8862955691292882,4,7,3,0,1.093416347168386,0.2393200192600488
ITA-Serie A,2526,Torino,Nikola Vlasic,2,2025,113,6276,F M S,37,3079,8,7.40812112763524,3,3.601626990363002,3,4.68042840436101,49,54,7,0,14.853947822004557,8.530875468626618
ITA-Serie A,2526,Torino,Rafael Obrador,2,2025,113,8554,D M S,16,1135,1,0.1724091228097677,1,0.1724091228097677,3,1.056434327736497,7,11,1,0,2.803703337907791,2.079035528004169
ITA-Serie A,2526,Torino,Sandro Kulenovic,2,2025,113,14403,F S,13,284,0,0.8516389783471823,0,0.8516389783471823,1,0.341324683278799,5,5,2,0,1.305843759328127,0.2139307036995887
ITA-Serie A,2526,Torino,Saúl Coco,2,2025,113,11741,D,35,3093,1,1.1569340787827969,1,1.1569340787827969,1,0.7588450685143471,15,11,3,0,6.594926895573735,5.952169122174382
ITA-Serie A,2526,Torino,Valentino Lazaro,2,2025,113,6352,D M S,31,2273,0,0.4233721131458878,0,0.4233721131458878,2,3.7035163436084986,8,31,4,0,6.316612107679248,4.944833934307098
ITA-Serie A,2526,Torino,Zakaria Aboukhlal,2,2025,113,10796,D M S,15,500,0,0.4121775142848491,0,0.4121775142848491,0,0.5975706037133932,7,3,4,0,1.3414292484521866,0.4527049548923969
ITA-Serie A,2526,Udinese,Abdoulaye Camara,2,2025,99,13481,S,1,9,0,0.0,0,0.0,0,0.043039496988058,0,1,0,0,0.0383916869759559,0.0383916869759559
ITA-Serie A,2526,Udinese,Adam Buksa,2,2025,99,11102,F S,25,886,3,2.783920787274837,3,2.783920787274837,0,0.9992542769759892,12,11,3,0,3.916399106383324,0.5736364927142859
ITA-Serie A,2526,Udinese,Alessandro Zanoli,2,2025,99,9876,D M S,19,1314,1,0.0999864116311073,1,0.0999864116311073,2,1.5538526717573404,3,15,1,0,3.543575694784522,2.3799541387706995
ITA-Serie A,2526,Udinese,Arthur Atta,2,2025,99,11800,F M S,32,2575,5,4.234897628426552,5,4.234897628426552,3,3.253640430048108,57,34,3,0,14.451863273978232,8.205154605209827
ITA-Serie A,2526,Udinese,Branimir Mlacic,2,2025,99,14433,D S,7,159,0,0.0,0,0.0,0,0.0535242222249507,0,1,2,0,0.0412684120237827,0.0412684120237827
ITA-Serie A,2526,Udinese,Christian Kabasele,2,2025,99,1725,D S,30,2273,3,1.673705168068409,3,1.673705168068409,0,0.0634109750390052,9,1,5,1,2.382569535635412,2.2685341257601976
ITA-Serie A,2526,Udinese,Daniele Padelli,2,2025,99,1195,GK,2,180,0,0.0,0,0.0,0,0.0,0,0,0,0,0.0,0.0
ITA-Serie A,2526,Udinese,Hassane Kamara,2,2025,99,3729,D M S,26,1883,0,0.8897657804191113,0,0.8897657804191113,2,2.513818873092532,16,23,5,0,6.378122080117464,4.113270306959748
ITA-Serie A,2526,Udinese,Idrissa Gueye,2,2025,99,13811,F S,19,368,1,2.264094922691584,1,2.264094922691584,0,0.1570093957707286,20,4,2,0,3.5066587878391147,1.6756409406661987
ITA-Serie A,2526,Udinese,Iker Bravo,2,2025,99,10090,F S,8,199,1,0.4611617363989353,1,0.4611617363989353,0,0.2224262617528438,4,3,1,0,0.7864157892763615,0.2029806226491928
ITA-Serie A,2526,Udinese,Jakub Piotrowski,2,2025,99,13955,M S,33,1702,1,3.2054076455533504,1,3.2054076455533504,1,0.7784238774329424,36,12,2,0,6.512797696515918,3.212956831790507
ITA-Serie A,2526,Udinese,Jesper Karlström,2,2025,99,12853,M,36,3164,1,0.94436174351722,1,0.94436174351722,0,0.8986503640189767,20,16,6,0,7.85272366181016,6.5668018367141485
ITA-Serie A,2526,Udinese,Jordan Zemura,2,2025,99,10740,D S,17,1119,0,0.3313146717846393,0,0.3313146717846393,1,1.270031085237861,5,12,3,0,2.144699914380908,1.7161248307675123
ITA-Serie A,2526,Udinese,Juan Arizala,2,2025,99,14386,D S,10,173,0,0.0271440297365188,0,0.0271440297365188,0,0.1350296735763549,1,1,0,0,0.5363174248486757,0.3741437215358019
ITA-Serie A,2526,Udinese,Jurgen Ekkelenkamp,2,2025,99,9993,F M S,31,2234,5,4.730059016495943,5,4.730059016495943,3,2.5550372377038,33,27,1,0,10.37775133550167,3.8738196790218353
ITA-Serie A,2526,Udinese,Keinan Davis,2,2025,99,1053,F S,30,2106,10,9.890136182308195,6,6.844940945506096,4,4.327703749760985,50,31,6,0,13.425299689173698,5.164774231612682
ITA-Serie A,2526,Udinese,Kingsley Ehizibue,2,2025,99,7785,D M S,32,1810,2,1.4330500978976488,2,1.4330500978976488,0,0.6929862443357706,9,8,5,0,4.8609745390713215,2.82250913977623
ITA-Serie A,2526,Udinese,Lennon Miller,2,2025,99,13958,M S,24,985,0,0.3062051609158516,0,0.3062051609158516,2,1.345477968454361,9,13,4,0,2.4090506574139,1.2458066623657942
ITA-Serie A,2526,Udinese,Maduka Okoye,2,2025,99,8326,GK,30,2616,0,0.0,0,0.0,0,0.0713610853999853,0,2,1,1,1.990268925204873,1.973937455564737
ITA-Serie A,2526,Udinese,Matteo Palma,2,2025,99,12635,D S,5,109,0,0.0,0,0.0,0,0.0,0,0,0,0,0.2005495782941579,0.2005495782941579
ITA-Serie A,2526,Udinese,Nicolo Zaniolo,2,2025,99,6686,F M S,32,2308,5,6.143913544714451,5,6.143913544714451,6,5.693028134293854,72,51,8,0,12.040764158591628,3.449165239930153
ITA-Serie A,2526,Udinese,Nicolò Bertola,2,2025,99,9561,D S,28,1756,0,0.995705895125866,0,0.995705895125866,1,1.549034908413887,13,11,3,0,4.48557251971215,2.858090599998832
ITA-Serie A,2526,Udinese,Oier Zarraga,2,2025,99,8728,M S,24,427,0,0.5969471037387848,0,0.5969471037387848,0,0.1326537951827049,4,2,2,0,1.634027755819261,1.019283807836473
ITA-Serie A,2526,Udinese,Oumar Solet,2,2025,99,6618,D S,35,2962,3,2.899280917830765,2,2.137982082553208,1,2.299680335447192,33,21,1,0,10.7446121647954,9.351927611976862
ITA-Serie A,2526,Udinese,Razvan Sava,2,2025,99,8321,GK S,7,620,0,0.0,0,0.0,0,0.0,0,0,1,0,0.177310274913907,0.177310274913907
ITA-Serie A,2526,Udinese,Rui Modesto,2,2025,99,13099,S,3,113,0,0.0113287363201379,0,0.0113287363201379,1,0.4437576532363891,1,2,0,0,0.660630464553833,0.216872826218605
ITA-Serie A,2526,Udinese,Saba Goglichidze,2,2025,99,12356,D S,8,418,0,0.5540105774998665,0,0.5540105774998665,0,0.0634089224040508,3,2,2,0,1.179652363061905,1.1365225426852703
ITA-Serie A,2526,Udinese,Sandi Lovric,2,2025,99,10878,M S,14,505,0,0.2690124521031976,0,0.2690124521031976,1,1.7938778661191463,6,12,2,0,1.1261667488142848,0.7170273344963789
ITA-Serie A,2526,Udinese,Thomas Thiesson Kristensen,2,2025,99,12040,D,28,2482,3,1.8784828763455157,3,1.8784828763455157,0,0.2243683580309152,11,3,4,0,4.511372737586498,4.0950743574649096
ITA-Serie A,2526,Udinese,Vakoun Bayo,2,2025,99,13956,F S,15,432,0,1.3255622079595923,0,1.3255622079595923,2,0.7309733182191849,14,3,0,0,1.77715667989105,0.3394588828086853
ITA-Serie A,2526,Verona,Abdou Harroui,2,2025,94,9996,F M S,23,908,1,1.1734618581831455,0,0.4121630229055881,0,0.6866047256626189,12,14,3,0,3.6475467239506543,2.7020138697698712
ITA-Serie A,2526,Verona,Al Musrati,2,2025,94,13423,M S,18,832,0,0.194909268990159,0,0.194909268990159,1,0.4103963738307357,9,7,4,1,1.4359240951016543,0.9848715346306562
ITA-Serie A,2526,Verona,Amin Sarr,2,2025,94,11350,F M S,34,1046,0,1.6173531264066696,0,1.6173531264066696,1,1.370297757908702,19,15,0,1,4.150501137599349,1.915599713101983
ITA-Serie A,2526,Verona,Andrias Edmundsson,2,2025,94,14416,D,15,1322,0,0.1617794651538133,0,0.1617794651538133,0,0.0372264459729194,4,2,3,0,1.4167888052761557,1.2710703536868095
ITA-Serie A,2526,Verona,Antoine Bernede,2,2025,94,6360,M S,32,2349,1,1.0209336997941136,1,1.0209336997941136,2,1.9406338185071943,21,29,2,0,5.913933668285608,3.547188401222229
ITA-Serie A,2526,Verona,Armel Bella Kotchap,2,2025,94,9710,D S,19,1347,0,0.0762253142893314,0,0.0762253142893314,0,0.0466984026134014,3,1,3,0,2.4115765765309334,2.3733383491635323
ITA-Serie A,2526,Verona,Cheikh Niasse,2,2025,94,7758,D M S,20,973,0,0.1757795037701726,0,0.1757795037701726,1,0.5936807617545128,6,11,1,0,2.713234404101968,2.0721419416368008
ITA-Serie A,2526,Verona,Daniel Mosquera,2,2025,94,12857,F S,22,565,0,1.0957419574260712,0,1.0957419574260712,2,0.9883034899830818,16,5,1,0,1.611335415393114,0.4711602106690407
ITA-Serie A,2526,Verona,Daniel Oyegoke,2,2025,94,13401,D S,15,597,0,0.0767354145646095,0,0.0767354145646095,0,0.1063853856176137,3,3,2,0,0.7224132418632507,0.5699822846800089
ITA-Serie A,2526,Verona,Domagoj Bradaric,2,2025,94,7755,D M S,29,1976,0,0.6028579501435161,0,0.6028579501435161,1,2.994570933282376,13,28,2,0,6.39884002879262,3.356616459786892
ITA-Serie A,2526,Verona,Fallou Cham,2,2025,94,13960,D S,6,225,0,0.343944251537323,0,0.343944251537323,0,0.5105274394154549,5,4,0,0,0.884210005402565,0.0460183247923851
ITA-Serie A,2526,Verona,Gift Orban,2,2025,94,12367,F S,28,2055,7,12.242711776867507,5,10.720114121213555,2,2.530362664721906,85,21,4,1,15.178966717794538,2.56054631061852
ITA-Serie A,2526,Verona,Grigoris Kastanos,2,2025,94,4951,S,6,31,0,0.0280074756592512,0,0.0280074756592512,0,0.0396810844540596,1,1,0,0,0.0280074756592512,0.0
ITA-Serie A,2526,Verona,Ioan Vermesan,2,2025,94,14005,S,6,66,0,0.4317272901535034,0,0.4317272901535034,0,0.0,4,0,0,0,0.4887276589870453,0.0570003548637032
ITA-Serie A,2526,Verona,Isaac,2,2025,94,14348,S,3,31,0,0.0,0,0.0,0,0.0,0,0,0,0,0.061270784586668,0.061270784586668
ITA-Serie A,2526,Verona,Jean-Daniel Akpa-Akpro,2,2025,94,3209,M S,22,1531,1,0.8760971613228321,1,0.8760971613228321,0,0.3872304651886225,13,11,9,0,2.588825137354433,1.5401012059301138
ITA-Serie A,2526,Verona,Jesús Santiago,2,2025,94,10561,S,2,2,0,0.0100656328722834,0,0.0100656328722834,0,0.0408281609416008,1,1,0,0,0.0508937938138842,0.0
ITA-Serie A,2526,Verona,Junior Ajayi,2,2025,94,12639,S,1,1,0,0.0,0,0.0,0,0.0,0,0,0,0,0.0,0.0
ITA-Serie A,2526,Verona,Kieron Bowie,2,2025,94,14417,F,14,1211,4,4.099301479756832,4,4.099301479756832,0,0.4409037381410599,33,12,1,0,5.117839636281133,0.8250679215416312
ITA-Serie A,2526,Verona,Lorenzo Montipò,2,2025,94,8881,GK,35,3150,0,0.0,0,0.0,1,0.218423243612051,0,3,0,0,2.1883213939145207,1.9698981354013083
ITA-Serie A,2526,Verona,Martin Frese,2,2025,94,12854,D S,31,2429,2,1.3630766216665506,2,1.3630766216665506,0,2.7661426281556487,21,30,8,0,4.535421345382929,1.675308050587773
ITA-Serie A,2526,Verona,Nicolás Valentini,2,2025,94,13313,D S,21,1400,0,0.7951413663104177,0,0.7951413663104177,0,0.6271094977855682,15,3,6,1,3.025006441399455,1.8920742087066171
ITA-Serie A,2526,Verona,Pol Lirola,2,2025,94,1461,D S,6,310,0,0.0,0,0.0,0,0.0141920242458581,0,1,1,0,0.0730011239647865,0.0588091015815734
ITA-Serie A,2526,Verona,Rafik Belghali,2,2025,94,13962,D M S,26,1935,2,2.600799420848489,2,2.600799420848489,0,2.2100214837118983,21,28,6,0,6.700727174058557,2.843379066325724
ITA-Serie A,2526,Verona,Roberto Gagliardini,2,2025,94,1496,M S,29,2212,1,1.3313347091898322,1,1.3313347091898322,0,0.6643395144492388,15,16,9,0,3.9453944442793727,3.128438973799348
ITA-Serie A,2526,Verona,Simone Perilli,2,2025,94,11022,GK,3,270,0,0.0,0,0.0,0,0.0,0,0,0,0,0.2584646940231323,0.2584646940231323
ITA-Serie A,2526,Verona,Suat Serdar,2,2025,94,307,M S,20,1102,2,2.6708283396437764,2,2.6708283396437764,0,1.4056117832660675,19,12,3,0,4.575328801758587,1.8016988597810268
ITA-Serie A,2526,Verona,Tobias Slotsager,2,2025,94,13479,D S,8,435,0,0.1395334731787443,0,0.1395334731787443,0,0.0,3,0,0,0,0.4186693364754319,0.4044773140922189
ITA-Serie A,2526,Verona,Tomás Suslov,2,2025,94,12095,F M S,11,441,0,0.4167359722778201,0,0.4167359722778201,0,0.2106498125940561,12,4,1,1,0.5578527301549911,0.1217337548732757
ITA-Serie A,2526,Verona,Unai Núñez,2,2025,94,6149,D S,17,1263,0,0.2986309919506311,0,0.2986309919506311,0,0.1526594869792461,7,5,6,0,2.789568616077304,2.5562163945287466
ITA-Serie A,2526,Verona,Victor Nelsson,2,2025,94,13449,D S,38,3316,0,0.4676975440233946,0,0.4676975440233946,0,0.054815262556076,10,3,4,0,4.07451512478292,3.9116749772802
