date,match_id,round,match,team,opponent,player,xg,xgot,x,y,shot_type,goal_type,situation,body_part,minute,outcome
2026-06-11,15186710,,Mexico v South Africa,Mexico,South Africa,Raúl Jiménez,0.51199853420258,0.97750174999237,4.6,47.0,goal,regular,open_play,head,67,goal
2026-06-11,15186710,,Mexico v South Africa,Mexico,South Africa,Israel Reyes,0.013926075771451,0.0,11.8,59.4,miss,,set_piece,head,58,missed
2026-06-11,15186710,,Mexico v South Africa,South Africa,Mexico,Aubrey Modiba,0.016079094260931,0.052785258740187,30.1,34.0,save,,open_play,left-foot,56,saved
2026-06-11,15186710,,Mexico v South Africa,Mexico,South Africa,Jesús Gallardo,0.023343414068222,0.0,8.2,30.6,miss,,set_piece,left-foot,52,missed
2026-06-11,15186710,,Mexico v South Africa,Mexico,South Africa,Raúl Jiménez,0.17581216990948,0.0,18.1,54.0,block,,free_kick,right-foot,52,blocked
2026-06-11,15186710,,Mexico v South Africa,Mexico,South Africa,Julián Quiñones,0.015745768323541,0.028136532753706,40.5,29.5,save,,open_play,right-foot,48,saved
2026-06-11,15186710,,Mexico v South Africa,Mexico,South Africa,Brian Gutiérrez,0.026367733255029,0.0,22.5,66.0,miss,,open_play,right-foot,46,missed
2026-06-11,15186710,,Mexico v South Africa,Mexico,South Africa,Brian Gutiérrez,0.097016051411629,0.0,11.1,38.3,miss,,open_play,right-foot,45,missed
2026-06-11,15186710,,Mexico v South Africa,Mexico,South Africa,Jesús Gallardo,0.011741313152015,0.0,30.5,36.4,block,,open_play,left-foot,45,blocked
2026-06-11,15186710,,Mexico v South Africa,South Africa,Mexico,Mbekezeli Mbokazi,0.013625109568238,0.075887434184551,32.0,46.4,save,,corner,left-foot,45,saved
2026-06-11,15186710,,Mexico v South Africa,Mexico,South Africa,Julián Quiñones,0.11445510387421,0.0,13.5,55.4,post,,open_play,right-foot,42,post
2026-06-11,15186710,,Mexico v South Africa,Mexico,South Africa,Julián Quiñones,0.018801348283887,0.0,24.9,55.0,block,,open_play,right-foot,42,blocked
2026-06-11,15186710,,Mexico v South Africa,South Africa,Mexico,Lyle Foster,0.042823750525713,0.0,10.8,57.9,miss,,open_play,head,37,missed
2026-06-11,15186710,,Mexico v South Africa,Mexico,South Africa,Brian Gutiérrez,0.034975919872522,0.0,15.2,37.0,block,,open_play,right-foot,30,blocked
2026-06-11,15186710,,Mexico v South Africa,Mexico,South Africa,Julián Quiñones,0.025622859597206,0.0,25.6,65.8,miss,,open_play,right-foot,19,missed
2026-06-11,15186710,,Mexico v South Africa,Mexico,South Africa,Raúl Jiménez,0.069049417972565,0.0,8.5,51.1,miss,,corner,head,13,missed
2026-06-11,15186710,,Mexico v South Africa,Mexico,South Africa,Julián Quiñones,0.19544583559036,0.098098009824753,15.6,43.6,goal,regular,open_play,right-foot,9,goal
2026-06-11,15186710,,Mexico v South Africa,Mexico,South Africa,Raúl Jiménez,0.08742655813694,0.17471569776535,15.5,52.2,save,,open_play,left-foot,5,saved
2026-06-11,15186710,,Mexico v South Africa,Mexico,South Africa,Brian Gutiérrez,0.035221491008997,0.0,29.1,72.4,block,,free_kick,right-foot,4,blocked
2026-06-12,15186720,,South Korea v Czechia,Czechia,South Korea,Adam Hložek,0.043266445398331,0.0,8.5,41.7,miss,,open_play,head,90,missed
2026-06-12,15186720,,South Korea v Czechia,South Korea,Czechia,Jin-gyu Kim,0.0591582916677,0.0,20.3,57.3,block,,open_play,left-foot,90,blocked
2026-06-12,15186720,,South Korea v Czechia,Czechia,South Korea,Michal Sadílek,0.13920061290264,0.69855469465256,15.3,53.4,save,,open_play,right-foot,90,saved
2026-06-12,15186720,,South Korea v Czechia,Czechia,South Korea,Michal Sadílek,0.010737613774836,0.036637037992477,31.6,25.3,save,,open_play,head,88,saved
2026-06-12,15186720,,South Korea v Czechia,Czechia,South Korea,Adam Hložek,0.13233686983585,0.75102990865707,3.6,42.5,save,,set_piece,left-foot,82,saved
2026-06-12,15186720,,South Korea v Czechia,South Korea,Czechia,Hyeon-gyu Oh,0.37290289998055,0.56871098279953,4.8,54.6,goal,regular,open_play,left-foot,80,goal
2026-06-12,15186720,,South Korea v Czechia,South Korea,Czechia,Hwang In-beom,0.31128841638565,0.87859612703323,10.9,38.1,goal,regular,open_play,right-foot,67,goal
2026-06-12,15186720,,South Korea v Czechia,South Korea,Czechia,Jae-sung Lee,0.045818187296391,0.0,9.6,59.4,miss,,open_play,head,61,missed
2026-06-12,15186720,,South Korea v Czechia,Czechia,South Korea,Ladislav Krejčí,0.2145159393549,0.58366388082504,5.0,53.8,goal,regular,set_piece,head,59,goal
2026-06-12,15186720,,South Korea v Czechia,South Korea,Czechia,Son Heung-min,0.32083317637444,0.30387330055237,8.5,36.8,save,,open_play,left-foot,56,saved
2026-06-12,15186720,,South Korea v Czechia,South Korea,Czechia,Jae-sung Lee,0.39928215742111,0.24198979139328,6.9,52.6,save,,open_play,left-foot,49,saved
2026-06-12,15186720,,South Korea v Czechia,South Korea,Czechia,Hwang In-beom,0.02991097047925,0.027264676988125,14.4,69.9,save,,open_play,right-foot,49,saved
2026-06-12,15186720,,South Korea v Czechia,South Korea,Czechia,Hwang In-beom,0.018247293308377,0.0,30.0,47.0,miss,,open_play,right-foot,45,missed
2026-06-12,15186720,,South Korea v Czechia,South Korea,Czechia,Son Heung-min,0.4436996281147,0.0,9.5,46.2,block,,open_play,right-foot,45,blocked
2026-06-12,15186720,,South Korea v Czechia,South Korea,Czechia,Son Heung-min,0.12965299189091,0.0,19.4,43.6,miss,,open_play,left-foot,39,missed
2026-06-12,15186720,,South Korea v Czechia,South Korea,Czechia,Son Heung-min,0.025422604754567,0.0,26.3,50.1,miss,,open_play,right-foot,38,missed
2026-06-12,15186720,,South Korea v Czechia,Czechia,South Korea,Pavel Šulc,0.0067392098717391,0.0,30.9,66.2,miss,,open_play,right-foot,32,missed
2026-06-12,15186720,,South Korea v Czechia,Czechia,South Korea,Tomáš Souček,0.27858662605286,0.0,5.2,53.4,miss,,corner,left-foot,22,missed
2026-06-12,15186720,,South Korea v Czechia,South Korea,Czechia,Son Heung-min,0.042384628206491,0.0,13.0,55.2,block,,corner,right-foot,14,blocked
2026-06-12,15186720,,South Korea v Czechia,South Korea,Czechia,Kang-in Lee,0.016079094260931,0.041376650333405,29.9,33.7,save,,open_play,left-foot,14,saved
2026-06-12,15186720,,South Korea v Czechia,South Korea,Czechia,Han-Beom Lee,0.043000131845474,0.0,8.2,55.8,miss,,corner,head,12,missed
2026-06-12,15186720,,South Korea v Czechia,South Korea,Czechia,Son Heung-min,0.051701508462429,0.0,14.4,41.2,block,,open_play,left-foot,12,blocked
2026-06-12,15186836,,Canada v Bosnia & Herzegovina,Canada,Bosnia & Herzegovina,Cyle Larin,0.14325051009655,0.0,8.2,47.0,block,,open_play,left-foot,90,blocked
2026-06-12,15186836,,Canada v Bosnia & Herzegovina,Bosnia & Herzegovina,Canada,Dženis Burnić,0.0099907740950584,0.0,24.0,43.3,block,,corner,right-foot,85,blocked
2026-06-12,15186836,,Canada v Bosnia & Herzegovina,Canada,Bosnia & Herzegovina,Promise David,0.03501183539629,0.0,24.0,46.6,miss,,fast_break,right-foot,81,missed
2026-06-12,15186836,,Canada v Bosnia & Herzegovina,Canada,Bosnia & Herzegovina,Cyle Larin,0.070552594959736,0.64160448312759,14.6,48.0,goal,regular,open_play,right-foot,78,goal
2026-06-12,15186836,,Canada v Bosnia & Herzegovina,Canada,Bosnia & Herzegovina,Tani Oluwaseyi,0.12798817455769,0.0,4.8,57.0,save,,open_play,head,66,saved
2026-06-12,15186836,,Canada v Bosnia & Herzegovina,Canada,Bosnia & Herzegovina,Stephen Eustaquio,0.016281163319945,0.0,22.7,36.3,miss,,open_play,right-foot,65,missed
2026-06-12,15186836,,Canada v Bosnia & Herzegovina,Bosnia & Herzegovina,Canada,Tarik Muharemović,0.18042851984501,0.0,5.2,47.9,miss,,corner,head,59,missed
2026-06-12,15186836,,Canada v Bosnia & Herzegovina,Canada,Bosnia & Herzegovina,Richie Laryea,0.25684085488319,0.0,6.9,35.8,save,,open_play,right-foot,53,saved
2026-06-12,15186836,,Canada v Bosnia & Herzegovina,Bosnia & Herzegovina,Canada,Ermedin Demirović,0.016064209863544,0.0093616330996156,23.6,72.6,save,,open_play,right-foot,46,saved
2026-06-12,15186836,,Canada v Bosnia & Herzegovina,Canada,Bosnia & Herzegovina,Derek Cornelius,0.060126882046461,0.0,9.2,52.9,miss,,corner,head,45,missed
2026-06-12,15186836,,Canada v Bosnia & Herzegovina,Canada,Bosnia & Herzegovina,Alistair Johnston,0.057334218174219,0.0,10.4,67.5,block,,set_piece,right-foot,45,blocked
2026-06-12,15186836,,Canada v Bosnia & Herzegovina,Bosnia & Herzegovina,Canada,Benjamin Tahirović,0.01630488038063,0.0,17.9,27.0,miss,,set_piece,right-foot,44,missed
2026-06-12,15186836,,Canada v Bosnia & Herzegovina,Canada,Bosnia & Herzegovina,Jonathan David,0.043902788311243,0.0,4.3,62.0,miss,,corner,right-foot,38,missed
2026-06-12,15186836,,Canada v Bosnia & Herzegovina,Canada,Bosnia & Herzegovina,Tani Oluwaseyi,0.052027676254511,0.0,12.9,68.5,miss,,open_play,left-foot,32,missed
2026-06-12,15186836,,Canada v Bosnia & Herzegovina,Canada,Bosnia & Herzegovina,Ismael Koné,0.02485260181129,0.0,18.7,52.2,block,,set_piece,right-foot,30,blocked
2026-06-12,15186836,,Canada v Bosnia & Herzegovina,Canada,Bosnia & Herzegovina,Jonathan David,0.077206797897816,0.0,11.4,63.2,block,,set_piece,left-foot,28,blocked
2026-06-12,15186836,,Canada v Bosnia & Herzegovina,Bosnia & Herzegovina,Canada,Jovo Lukić,0.63996720314026,0.9868106842041,1.8,51.2,goal,regular,corner,head,21,goal
2026-06-12,15186836,,Canada v Bosnia & Herzegovina,Canada,Bosnia & Herzegovina,Jonathan David,0.26814445853233,0.11112896353006,13.3,50.5,save,,open_play,left-foot,17,saved
2026-06-12,15186836,,Canada v Bosnia & Herzegovina,Bosnia & Herzegovina,Canada,Jovo Lukić,0.03084428049624,0.0063415984623134,13.9,47.2,save,,set_piece,head,13,saved
2026-06-12,15186836,,Canada v Bosnia & Herzegovina,Bosnia & Herzegovina,Canada,Jovo Lukić,0.018252538517118,0.0,11.1,40.6,miss,,set_piece,head,5,missed
2026-06-12,15186836,,Canada v Bosnia & Herzegovina,Bosnia & Herzegovina,Canada,Amar Memić,0.052290182560682,0.0,12.9,54.2,miss,,set_piece,right-foot,3,missed
2026-06-13,15186873,,USA v Paraguay,USA,Paraguay,Giovanni Reyna,0.076965406537056,0.62124270200729,13.9,62.9,goal,regular,open_play,right-foot,90,goal
2026-06-13,15186873,,USA v Paraguay,USA,Paraguay,Timothy Weah,0.017639718949795,0.0,30.5,46.4,block,,open_play,right-foot,90,blocked
2026-06-13,15186873,,USA v Paraguay,USA,Paraguay,Sebastian Berhalter,0.02011557854712,0.0,37.2,59.8,miss,,fast_break,right-foot,90,missed
2026-06-13,15186873,,USA v Paraguay,USA,Paraguay,Ricardo Pepi,0.11466676741838,0.0,10.8,44.5,miss,,open_play,left-foot,89,missed
2026-06-13,15186873,,USA v Paraguay,USA,Paraguay,Timothy Weah,0.032247435301542,0.0,13.4,72.3,miss,,open_play,right-foot,77,missed
2026-06-13,15186873,,USA v Paraguay,USA,Paraguay,Malik Tillman,0.1438193321228,0.10481099039316,15.0,49.3,save,,open_play,right-foot,75,saved
2026-06-13,15186873,,USA v Paraguay,Paraguay,USA,Mauricio,0.21717229485512,0.41683286428452,11.9,41.9,goal,regular,set_piece,left-foot,73,goal
2026-06-13,15186873,,USA v Paraguay,Paraguay,USA,Miguel Almirón,0.044331256300211,0.0,18.7,49.7,block,,set_piece,left-foot,71,blocked
2026-06-13,15186873,,USA v Paraguay,Paraguay,USA,Diego Gómez,0.033852510154247,0.0,24.0,54.7,miss,,open_play,right-foot,65,missed
2026-06-13,15186873,,USA v Paraguay,Paraguay,USA,Julio Enciso,0.020128656178713,0.0,13.6,33.4,block,,open_play,right-foot,65,blocked
2026-06-13,15186873,,USA v Paraguay,USA,Paraguay,Malik Tillman,0.064615577459335,0.0,12.7,42.4,miss,,open_play,right-foot,61,missed
2026-06-13,15186873,,USA v Paraguay,USA,Paraguay,Malik Tillman,0.091758549213409,0.0,12.7,60.3,block,,open_play,right-foot,57,blocked
2026-06-13,15186873,,USA v Paraguay,Paraguay,USA,Diego Gómez,0.030765706673265,0.0,23.2,34.3,block,,corner,right-foot,50,blocked
2026-06-13,15186873,,USA v Paraguay,Paraguay,USA,Diego Gómez,0.031928636133671,0.0,12.2,67.1,block,,open_play,right-foot,49,blocked
2026-06-13,15186873,,USA v Paraguay,Paraguay,USA,Miguel Almirón,0.025386679917574,0.0,21.6,58.3,block,,open_play,left-foot,48,blocked
2026-06-13,15186873,,USA v Paraguay,USA,Paraguay,Folarin Balogun,0.01818591915071,0.0,16.1,29.5,block,,set_piece,right-foot,47,blocked
2026-06-13,15186873,,USA v Paraguay,USA,Paraguay,Folarin Balogun,0.14328515529633,0.89377343654633,12.8,56.5,goal,regular,open_play,left-foot,45,goal
2026-06-13,15186873,,USA v Paraguay,USA,Paraguay,Malik Tillman,0.27033796906471,0.17097264528275,3.9,56.8,save,,open_play,right-foot,43,saved
2026-06-13,15186873,,USA v Paraguay,USA,Paraguay,Chris Richards,0.042191613465548,0.0,9.4,47.2,miss,,corner,head,38,missed
2026-06-13,15186873,,USA v Paraguay,USA,Paraguay,Malik Tillman,0.075616247951984,0.0,18.3,55.8,block,,open_play,left-foot,37,blocked
2026-06-13,15186873,,USA v Paraguay,USA,Paraguay,Folarin Balogun,0.08331485837698,0.0,9.2,44.5,miss,,open_play,head,35,missed
2026-06-13,15186873,,USA v Paraguay,USA,Paraguay,Folarin Balogun,0.15506739914417,0.4821988940239,12.5,42.0,goal,regular,open_play,right-foot,31,goal
2026-06-13,15186873,,USA v Paraguay,Paraguay,USA,Julio Enciso,0.024030197411776,0.0,18.1,67.7,miss,,open_play,right-foot,14,missed
2026-06-13,15186873,,USA v Paraguay,USA,Paraguay,Damián Bobadilla,,,7.9,45.8,goal,own,open_play,right-foot,7,goal
2026-06-13,15186873,,USA v Paraguay,USA,Paraguay,Folarin Balogun,0.06897746771574,0.26927185058594,9.2,64.6,save,,open_play,right-foot,3,saved
2026-06-13,15186873,,USA v Paraguay,Paraguay,USA,Diego Gómez,0.10494630783796,0.0,1.8,35.4,miss,,open_play,left-foot,2,missed
2026-06-13,15186526,,Qatar v Switzerland,Switzerland,Qatar,Ardon Jashari,0.012398921884596,0.0,20.8,32.1,miss,,corner,left-foot,90,missed
2026-06-13,15186526,,Qatar v Switzerland,Qatar,Switzerland,Miro Muheim,,0.74986618757248,6.8,52.6,goal,own,open_play,head,90,goal
2026-06-13,15186526,,Qatar v Switzerland,Switzerland,Qatar,Zeki Amdouni,0.023845072835684,0.0,21.8,40.1,block,,open_play,right-foot,90,blocked
2026-06-13,15186526,,Qatar v Switzerland,Qatar,Switzerland,Ahmed Alaaeldin,0.11316379159689,0.083155438303947,16.0,44.8,save,,open_play,right-foot,90,saved
2026-06-13,15186526,,Qatar v Switzerland,Switzerland,Qatar,Johan Manzambi,0.039787597954273,0.0,19.1,49.0,block,,open_play,left-foot,85,blocked
2026-06-13,15186526,,Qatar v Switzerland,Switzerland,Qatar,Johan Manzambi,0.024038983508945,0.0,27.1,37.6,miss,,open_play,right-foot,81,missed
2026-06-13,15186526,,Qatar v Switzerland,Switzerland,Qatar,Breel Embolo,0.20932890474796,0.0,7.2,32.7,miss,,open_play,right-foot,76,missed
2026-06-13,15186526,,Qatar v Switzerland,Switzerland,Qatar,Rubén Vargas,0.10475503653288,0.072981409728527,11.0,32.7,save,,open_play,right-foot,75,saved
2026-06-13,15186526,,Qatar v Switzerland,Qatar,Switzerland,Karim Boudiaf,0.01990870013833,0.0,26.5,32.8,miss,,open_play,right-foot,75,missed
2026-06-13,15186526,,Qatar v Switzerland,Switzerland,Qatar,Fabian Rieder,0.054283332079649,0.0,16.4,48.6,block,,open_play,right-foot,72,blocked
2026-06-13,15186526,,Qatar v Switzerland,Switzerland,Qatar,Granit Xhaka,0.03544194996357,0.0,20.1,33.6,miss,,open_play,left-foot,67,missed
2026-06-13,15186526,,Qatar v Switzerland,Switzerland,Qatar,Nico Elvedi,0.047013401985168,0.0,10.5,56.9,block,,set_piece,left-foot,63,blocked
2026-06-13,15186526,,Qatar v Switzerland,Switzerland,Qatar,Dan Ndoye,0.037048224359751,0.0,3.2,66.2,miss,,open_play,right-foot,51,missed
2026-06-13,15186526,,Qatar v Switzerland,Switzerland,Qatar,Granit Xhaka,0.012914812192321,0.0,25.9,67.8,miss,,corner,left-foot,49,missed
2026-06-13,15186526,,Qatar v Switzerland,Switzerland,Qatar,Nico Elvedi,0.26430824398994,0.0,3.9,47.7,miss,,set_piece,head,48,missed
2026-06-13,15186526,,Qatar v Switzerland,Switzerland,Qatar,Michel Aebischer,0.23587146401405,0.0,12.9,54.8,save,,open_play,right-foot,45,saved
2026-06-13,15186526,,Qatar v Switzerland,Switzerland,Qatar,Denis Zakaria,0.069718390703201,0.0,10.7,46.2,block,,open_play,right-foot,45,blocked
2026-06-13,15186526,,Qatar v Switzerland,Switzerland,Qatar,Rubén Vargas,0.24793414771557,0.0,6.8,60.0,miss,,open_play,right-foot,45,missed
2026-06-13,15186526,,Qatar v Switzerland,Switzerland,Qatar,Dan Ndoye,0.049011789262295,0.17770874500275,10.3,35.2,save,,open_play,left-foot,45,saved
2026-06-13,15186526,,Qatar v Switzerland,Qatar,Switzerland,Homam Al-Amin,0.005814254283905,0.0,24.4,36.2,miss,,corner,left-foot,44,missed
2026-06-13,15186526,,Qatar v Switzerland,Qatar,Switzerland,Edmilson Junior,0.076176173985004,0.11705476790667,10.4,59.3,save,,open_play,right-foot,43,saved
2026-06-13,15186526,,Qatar v Switzerland,Switzerland,Qatar,Breel Embolo,0.086616650223732,0.0,11.4,53.6,block,,corner,right-foot,42,blocked
2026-06-13,15186526,,Qatar v Switzerland,Switzerland,Qatar,Dan Ndoye,0.044145036488771,0.0,9.2,66.4,miss,,open_play,right-foot,35,missed
2026-06-13,15186526,,Qatar v Switzerland,Switzerland,Qatar,Dan Ndoye,0.021823201328516,0.0,12.9,70.7,block,,open_play,left-foot,34,blocked
2026-06-13,15186526,,Qatar v Switzerland,Qatar,Switzerland,Issa Laye,0.079003483057022,0.0,8.0,50.3,miss,,corner,head,30,missed
2026-06-13,15186526,,Qatar v Switzerland,Switzerland,Qatar,Rubén Vargas,0.015553195029497,0.0,19.4,21.5,block,,open_play,right-foot,21,blocked
2026-06-13,15186526,,Qatar v Switzerland,Switzerland,Qatar,Denis Zakaria,0.19734887778759,0.18213340640068,5.4,66.1,save,,open_play,right-foot,21,saved
2026-06-13,15186526,,Qatar v Switzerland,Switzerland,Qatar,Breel Embolo,0.7884,0.86416602134705,11.5,50.0,goal,penalty,penalty,right-foot,17,goal
2026-06-13,15186526,,Qatar v Switzerland,Switzerland,Qatar,Manuel Akanji,0.26618239283562,0.35440826416016,7.0,45.6,save,,set_piece,left-foot,12,saved
2026-06-13,15186526,,Qatar v Switzerland,Switzerland,Qatar,Dan Ndoye,0.22219105064869,0.0,11.1,47.2,miss,,open_play,left-foot,10,missed
2026-06-13,15186526,,Qatar v Switzerland,Switzerland,Qatar,Dan Ndoye,0.027226010337472,0.13205808401108,13.0,66.1,save,,open_play,right-foot,6,saved
2026-06-13,15186526,,Qatar v Switzerland,Qatar,Switzerland,Edmilson Junior,0.30963540077209,0.26399493217468,8.8,35.6,save,,open_play,right-foot,2,saved
2026-06-13,15186526,,Qatar v Switzerland,Switzerland,Qatar,Breel Embolo,0.05926376208663,0.0,19.5,49.3,block,,open_play,right-foot,1,blocked
2026-06-13,15186850,,Brazil v Morocco,Morocco,Brazil,Ayoube Amaimouni Echghouyab,0.14490154385567,0.2679300904274,2.6,58.3,save,,open_play,right-foot,90,saved
2026-06-13,15186850,,Brazil v Morocco,Morocco,Brazil,Neil El Aynaoui,0.022643705829978,0.0,28.1,48.7,miss,,open_play,right-foot,90,missed
2026-06-13,15186850,,Brazil v Morocco,Brazil,Morocco,Danilo Santos,0.014615093357861,0.022277541458607,6.9,69.9,save,,corner,left-foot,90,saved
2026-06-13,15186850,,Brazil v Morocco,Brazil,Morocco,Danilo Santos,0.07422935962677,0.0,9.6,55.0,miss,,open_play,head,90,missed
2026-06-13,15186850,,Brazil v Morocco,Brazil,Morocco,Raphinha,0.13131935894489,0.11914606392384,13.3,39.1,save,,open_play,left-foot,78,saved
2026-06-13,15186850,,Brazil v Morocco,Brazil,Morocco,Igor Thiago,0.069098651409149,0.15341962873936,10.5,32.7,save,,set_piece,left-foot,52,saved
2026-06-13,15186850,,Brazil v Morocco,Brazil,Morocco,Marquinhos,0.056263759732246,0.0,3.3,59.9,block,,corner,right-foot,48,blocked
2026-06-13,15186850,,Brazil v Morocco,Brazil,Morocco,Bruno Guimarães,0.0072305318899453,0.0,27.1,73.0,miss,,open_play,right-foot,46,missed
2026-06-13,15186850,,Brazil v Morocco,Brazil,Morocco,Marquinhos,0.037511236965656,0.0,4.9,60.1,miss,,corner,head,45,missed
2026-06-13,15186850,,Brazil v Morocco,Brazil,Morocco,Lucas Paquetá,0.12707422673702,0.54177689552307,12.8,38.5,save,,open_play,left-foot,45,saved
2026-06-13,15186850,,Brazil v Morocco,Brazil,Morocco,Vinícius Júnior,0.079704210162163,0.53935462236404,7.9,33.1,goal,regular,open_play,right-foot,32,goal
2026-06-13,15186850,,Brazil v Morocco,Morocco,Brazil,Achraf Hakimi,0.063835307955742,0.0,18.6,48.2,miss,,open_play,right-foot,31,missed
2026-06-13,15186850,,Brazil v Morocco,Morocco,Brazil,Brahim Díaz,0.015641689300537,0.2044685781002,16.8,38.8,save,,set_piece,right-foot,30,saved
2026-06-13,15186850,,Brazil v Morocco,Morocco,Brazil,Ismael Saibari,0.054135747253895,0.0,9.5,38.0,block,,set_piece,right-foot,30,blocked
2026-06-13,15186850,,Brazil v Morocco,Morocco,Brazil,Neil El Aynaoui,0.068639479577541,0.0,6.1,58.8,miss,,set_piece,head,29,missed
2026-06-13,15186850,,Brazil v Morocco,Morocco,Brazil,Achraf Hakimi,0.10139290243387,0.0,21.6,59.9,miss,,fast_break,right-foot,27,missed
2026-06-13,15186850,,Brazil v Morocco,Morocco,Brazil,Ismael Saibari,0.63625502586365,0.26899603009224,23.1,48.3,goal,regular,fast_break,right-foot,21,goal
2026-06-13,15186850,,Brazil v Morocco,Brazil,Morocco,Lucas Paquetá,0.049131665378809,0.0,17.6,61.5,block,,corner,right-foot,20,blocked
2026-06-13,15186850,,Brazil v Morocco,Brazil,Morocco,Igor Thiago,0.59556549787521,0.0,3.5,48.5,miss,,open_play,head,14,missed
2026-06-13,15186850,,Brazil v Morocco,Morocco,Brazil,Ismael Saibari,0.016840049996972,0.0,23.7,36.2,block,,open_play,left-foot,11,blocked
2026-06-13,15186850,,Brazil v Morocco,Morocco,Brazil,Brahim Díaz,0.047181099653244,0.0,21.0,64.8,block,,open_play,right-foot,9,blocked
2026-06-13,15186850,,Brazil v Morocco,Brazil,Morocco,Raphinha,0.019190017133951,0.0,26.2,38.0,block,,open_play,left-foot,9,blocked
2026-06-13,15186850,,Brazil v Morocco,Morocco,Brazil,Achraf Hakimi,0.015578205697238,0.0,9.2,74.8,miss,,open_play,right-foot,7,missed
2026-06-13,15186850,,Brazil v Morocco,Morocco,Brazil,Bilal El Khannouss,0.022733699530363,0.0,26.0,33.1,block,,open_play,right-foot,7,blocked
2026-06-13,15186850,,Brazil v Morocco,Morocco,Brazil,Neil El Aynaoui,0.12478947639465,0.0,15.5,47.9,block,,open_play,right-foot,6,blocked
2026-06-13,15186850,,Brazil v Morocco,Morocco,Brazil,Brahim Díaz,0.036606706678867,0.0,14.2,70.3,block,,open_play,right-foot,6,blocked
2026-06-14,15186853,,Haiti v Scotland,Haiti,Scotland,Martin Expérience,0.020672669634223,0.0,27.9,52.6,miss,,set_piece,right-foot,90,missed
2026-06-14,15186853,,Haiti v Scotland,Haiti,Scotland,Frantzdy Pierrot,0.30845147371292,0.10460315644741,13.0,43.6,save,,open_play,right-foot,90,saved
2026-06-14,15186853,,Haiti v Scotland,Haiti,Scotland,Frantzdy Pierrot,0.055881388485432,0.0,9.7,50.2,miss,,open_play,head,85,missed
2026-06-14,15186853,,Haiti v Scotland,Haiti,Scotland,Josué Casimir,0.012897444888949,0.0,27.1,49.1,miss,,open_play,right-foot,79,missed
2026-06-14,15186853,,Haiti v Scotland,Haiti,Scotland,Ruben Providence,0.040675014257431,0.0,12.6,32.5,block,,open_play,right-foot,79,blocked
2026-06-14,15186853,,Haiti v Scotland,Haiti,Scotland,Jean-Ricner Bellegarde,0.053858865052462,0.0,21.9,50.2,block,,open_play,right-foot,78,blocked
2026-06-14,15186853,,Haiti v Scotland,Haiti,Scotland,Ruben Providence,0.031475678086281,0.0,14.5,29.3,miss,,open_play,right-foot,73,missed
2026-06-14,15186853,,Haiti v Scotland,Scotland,Haiti,John McGinn,0.088464237749577,0.0,11.9,41.1,miss,,open_play,left-foot,73,missed
2026-06-14,15186853,,Haiti v Scotland,Scotland,Haiti,Ben Gannon-Doak,0.037912379950285,0.0,5.8,66.2,block,,open_play,right-foot,55,blocked
2026-06-14,15186853,,Haiti v Scotland,Haiti,Scotland,Jean-Ricner Bellegarde,0.018801348283887,0.0,25.3,43.4,miss,,open_play,right-foot,42,missed
2026-06-14,15186853,,Haiti v Scotland,Haiti,Scotland,Wilson Isidor,0.010834269225597,0.0,8.9,65.6,miss,,set_piece,head,36,missed
2026-06-14,15186853,,Haiti v Scotland,Haiti,Scotland,Frantzdy Pierrot,0.2845766544342,0.0,6.4,48.1,block,,open_play,left-foot,34,blocked
2026-06-14,15186853,,Haiti v Scotland,Haiti,Scotland,Ruben Providence,0.033784423023462,0.11841053515673,9.7,29.7,save,,open_play,right-foot,34,saved
2026-06-14,15186853,,Haiti v Scotland,Haiti,Scotland,Ricardo Adé,0.026652235537767,0.0,11.9,51.9,miss,,set_piece,head,34,missed
2026-06-14,15186853,,Haiti v Scotland,Scotland,Haiti,Lawrence Shankland,0.04309244826436,0.0,7.3,60.0,miss,,open_play,head,32,missed
2026-06-14,15186853,,Haiti v Scotland,Scotland,Haiti,John McGinn,0.13991357386112,0.33707877993584,14.2,51.7,goal,regular,open_play,left-foot,28,goal
2026-06-14,15186853,,Haiti v Scotland,Scotland,Haiti,Che Adams,0.57743752002716,0.84634739160538,3.6,53.3,save,,open_play,right-foot,28,saved
2026-06-14,15186853,,Haiti v Scotland,Scotland,Haiti,Scott McTominay,0.084289997816086,0.0,15.7,63.4,post,,open_play,right-foot,17,post
2026-06-14,15186853,,Haiti v Scotland,Haiti,Scotland,Wilson Isidor,0.028525890782475,0.0,24.3,50.3,block,,open_play,right-foot,13,blocked
2026-06-14,15186853,,Haiti v Scotland,Haiti,Scotland,Jean-Ricner Bellegarde,0.086511895060539,0.0,19.3,47.4,miss,,open_play,left-foot,11,missed
2026-06-14,15186853,,Haiti v Scotland,Scotland,Haiti,Scott McTominay,0.076179526746273,0.0,8.8,51.5,miss,,open_play,head,7,missed
2026-06-14,15186853,,Haiti v Scotland,Haiti,Scotland,Louicius Don Deedson,0.042116496711969,0.0,24.8,55.8,miss,,open_play,left-foot,5,missed
2026-06-14,15186853,,Haiti v Scotland,Scotland,Haiti,Lawrence Shankland,0.062611319124699,0.0,15.9,37.0,block,,open_play,right-foot,4,blocked
2026-06-14,15186853,,Haiti v Scotland,Scotland,Haiti,Ben Gannon-Doak,0.020772719755769,0.0,21.1,69.4,miss,,open_play,left-foot,3,missed
2026-06-14,15186874,,Australia v Türkiye,Türkiye,Australia,Kenan Yıldız,0.047360643744469,0.0,22.2,36.4,block,,open_play,right-foot,90,blocked
2026-06-14,15186874,,Australia v Türkiye,Türkiye,Australia,Merih Demiral,0.02193389646709,0.0,7.9,62.8,miss,,open_play,head,90,missed
2026-06-14,15186874,,Australia v Türkiye,Türkiye,Australia,Arda Güler,0.045124754309654,0.016605172306299,20.6,57.3,save,,open_play,left-foot,89,saved
2026-06-14,15186874,,Australia v Türkiye,Türkiye,Australia,Hakan Çalhanoğlu,0.055105980485678,0.5870206952095,24.4,37.8,save,,free_kick,right-foot,86,saved
2026-06-14,15186874,,Australia v Türkiye,Türkiye,Australia,Arda Güler,0.030631545931101,0.0,22.3,69.1,miss,,set_piece,left-foot,82,missed
2026-06-14,15186874,,Australia v Türkiye,Türkiye,Australia,Kerem Aktürkoğlu,0.17047023773193,0.17157347500324,8.5,50.9,save,,open_play,right-foot,78,saved
2026-06-14,15186874,,Australia v Türkiye,Türkiye,Australia,Kenan Yıldız,0.038870971649885,0.0,12.4,68.9,block,,open_play,right-foot,77,blocked
2026-06-14,15186874,,Australia v Türkiye,Australia,Türkiye,Connor Metcalfe,0.027268461883068,0.14591330289841,24.3,56.6,goal,regular,open_play,left-foot,75,goal
2026-06-14,15186874,,Australia v Türkiye,Türkiye,Australia,Arda Güler,0.013349764049053,0.0,23.2,67.5,miss,,open_play,left-foot,74,missed
2026-06-14,15186874,,Australia v Türkiye,Türkiye,Australia,Zeki Çelik,0.10203432291746,0.2149173617363,2.3,64.4,save,,open_play,right-foot,72,saved
2026-06-14,15186874,,Australia v Türkiye,Türkiye,Australia,Kenan Yıldız,0.047578297555447,0.0,15.1,35.9,block,,open_play,right-foot,66,blocked
2026-06-14,15186874,,Australia v Türkiye,Türkiye,Australia,Kenan Yıldız,0.022268161177635,0.0,13.2,24.8,block,,open_play,right-foot,66,blocked
2026-06-14,15186874,,Australia v Türkiye,Türkiye,Australia,Arda Güler,0.01811533421278,0.0,25.5,36.4,block,,open_play,left-foot,65,blocked
2026-06-14,15186874,,Australia v Türkiye,Türkiye,Australia,Kenan Yıldız,0.018978621810675,0.0,21.3,27.9,block,,open_play,right-foot,63,blocked
2026-06-14,15186874,,Australia v Türkiye,Türkiye,Australia,Kenan Yıldız,0.055281694978476,0.0,10.8,36.8,block,,open_play,right-foot,60,blocked
2026-06-14,15186874,,Australia v Türkiye,Türkiye,Australia,İsmail Yüksek,0.03180817514658,0.0,12.6,58.3,miss,,corner,right-foot,57,missed
2026-06-14,15186874,,Australia v Türkiye,Türkiye,Australia,Arda Güler,0.044753354042768,0.12792308628559,26.8,57.0,save,,free_kick,left-foot,57,saved
2026-06-14,15186874,,Australia v Türkiye,Australia,Türkiye,Mohamed Touré,0.054806090891361,0.0,9.5,55.2,miss,,corner,right-foot,54,missed
2026-06-14,15186874,,Australia v Türkiye,Australia,Türkiye,Harry Souttar,0.03740568459034,0.083472199738026,10.2,58.8,save,,corner,head,54,saved
2026-06-14,15186874,,Australia v Türkiye,Türkiye,Australia,Kerem Aktürkoğlu,0.019716382026672,0.0,23.5,53.4,miss,,corner,right-foot,51,missed
2026-06-14,15186874,,Australia v Türkiye,Türkiye,Australia,İsmail Yüksek,0.057467006146908,0.0,20.2,50.8,block,,open_play,left-foot,50,blocked
2026-06-14,15186874,,Australia v Türkiye,Türkiye,Australia,Hakan Çalhanoğlu,0.058503415435553,0.0,15.0,52.4,block,,open_play,right-foot,50,blocked
2026-06-14,15186874,,Australia v Türkiye,Australia,Türkiye,Jacob Italiano,0.019812008365989,0.0,22.3,35.4,miss,,corner,right-foot,49,missed
2026-06-14,15186874,,Australia v Türkiye,Australia,Türkiye,Jordan Bos,0.049365386366844,0.0,11.5,32.9,block,,fast_break,right-foot,48,blocked
2026-06-14,15186874,,Australia v Türkiye,Türkiye,Australia,Hakan Çalhanoğlu,0.015860611572862,0.0097686573863029,23.4,26.2,save,,open_play,right-foot,46,saved
2026-06-14,15186874,,Australia v Türkiye,Türkiye,Australia,Kerem Aktürkoğlu,0.095988966524601,0.0,12.6,51.4,block,,open_play,left-foot,45,blocked
2026-06-14,15186874,,Australia v Türkiye,Australia,Türkiye,Nestory Irankunda,0.051277033984661,0.028065783903003,16.3,43.8,save,,open_play,right-foot,45,saved
2026-06-14,15186874,,Australia v Türkiye,Türkiye,Australia,Arda Güler,0.026519479230046,0.0,25.3,54.8,miss,,open_play,left-foot,42,missed
2026-06-14,15186874,,Australia v Türkiye,Australia,Türkiye,Jordan Bos,0.031971249729395,0.0,25.1,46.2,miss,,set_piece,left-foot,39,missed
2026-06-14,15186874,,Australia v Türkiye,Türkiye,Australia,Orkun Kökçü,0.073160260915756,0.0,12.9,41.8,miss,,open_play,right-foot,36,missed
2026-06-14,15186874,,Australia v Türkiye,Türkiye,Australia,Hakan Çalhanoğlu,0.017607532441616,0.0,26.8,70.7,miss,,open_play,right-foot,30,missed
2026-06-14,15186874,,Australia v Türkiye,Türkiye,Australia,Abdülkerim Bardakcı,0.026532743126154,0.20944952964783,27.6,42.8,save,,open_play,left-foot,30,saved
2026-06-14,15186874,,Australia v Türkiye,Australia,Türkiye,Nestory Irankunda,0.39983010292053,0.82107663154602,13.0,43.6,goal,regular,open_play,right-foot,27,goal
2026-06-14,15186874,,Australia v Türkiye,Türkiye,Australia,Arda Güler,0.052039589732885,0.11857379227877,14.0,52.3,save,,open_play,right-foot,27,saved
2026-06-14,15186874,,Australia v Türkiye,Türkiye,Australia,Ferdi Kadıoğlu,0.044677674770355,0.0,21.9,39.5,miss,,open_play,right-foot,19,missed
2026-06-14,15186874,,Australia v Türkiye,Australia,Türkiye,Alessandro Circati,0.50702476501465,0.0,5.7,44.2,miss,,corner,head,17,missed
2026-06-14,15186874,,Australia v Türkiye,Türkiye,Australia,Arda Güler,0.0305185187608,0.0,14.7,71.4,miss,,open_play,left-foot,7,missed
2026-06-14,15186874,,Australia v Türkiye,Türkiye,Australia,İsmail Yüksek,0.058461505919695,0.0,8.1,45.5,block,,corner,head,4,blocked
2026-06-14,15186874,,Australia v Türkiye,Türkiye,Australia,Hakan Çalhanoğlu,0.018145276233554,0.0,26.2,48.9,block,,open_play,right-foot,3,blocked
2026-06-14,15186899,,Germany v Curaçao,Germany,Curaçao,Kai Havertz,0.17678968608379,0.52879363298416,11.4,37.0,goal,regular,fast_break,left-foot,88,goal
2026-06-14,15186899,,Germany v Curaçao,Germany,Curaçao,David Raum,0.029004463925958,0.24949313700199,8.0,30.9,save,,open_play,left-foot,86,saved
2026-06-14,15186899,,Germany v Curaçao,Germany,Curaçao,Deniz Undav,0.50236421823502,0.9882595539093,6.6,47.0,goal,regular,open_play,right-foot,78,goal
2026-06-14,15186899,,Germany v Curaçao,Curaçao,Germany,Jearl Margaritha,0.03737772628665,0.0,11.4,29.1,miss,,open_play,right-foot,76,missed
2026-06-14,15186899,,Germany v Curaçao,Curaçao,Germany,Tahith Chong,0.045807138085365,0.0,12.1,75.4,miss,,open_play,left-foot,75,missed
2026-06-14,15186899,,Germany v Curaçao,Germany,Curaçao,Nathaniel Brown,0.18207858502865,0.24170500040054,11.7,44.4,goal,regular,open_play,right-foot,68,goal
2026-06-14,15186899,,Germany v Curaçao,Curaçao,Germany,Livano Comenencia,0.010472079738975,0.0,22.8,51.5,miss,,set_piece,right-foot,67,missed
2026-06-14,15186899,,Germany v Curaçao,Germany,Curaçao,Leroy Sané,0.54510647058487,0.0,14.4,56.8,miss,,open_play,left-foot,63,missed
2026-06-14,15186899,,Germany v Curaçao,Curaçao,Germany,Leandro Bacuna,0.16763181984425,0.0,8.3,47.0,miss,,set_piece,head,62,missed
2026-06-14,15186899,,Germany v Curaçao,Germany,Curaçao,Aleksandar Pavlović,0.12573504447937,0.0,18.7,48.1,miss,,open_play,right-foot,54,missed
2026-06-14,15186899,,Germany v Curaçao,Germany,Curaçao,Kai Havertz,0.020150519907475,0.0,11.0,72.6,block,,set_piece,left-foot,54,blocked
2026-06-14,15186899,,Germany v Curaçao,Germany,Curaçao,Florian Wirtz,0.10809750109911,0.0,11.2,53.2,block,,set_piece,right-foot,53,blocked
2026-06-14,15186899,,Germany v Curaçao,Germany,Curaçao,Felix Nmecha,0.0060089905746281,0.11704315245152,2.7,70.5,save,,set_piece,right-foot,50,saved
2026-06-14,15186899,,Germany v Curaçao,Germany,Curaçao,Jamal Musiala,0.072219751775265,0.55885100364685,6.4,66.0,goal,regular,open_play,right-foot,47,goal
2026-06-14,15186899,,Germany v Curaçao,Germany,Curaçao,Kai Havertz,0.7884,0.85281491279602,11.5,50.0,goal,penalty,penalty,left-foot,45,goal
2026-06-14,15186899,,Germany v Curaçao,Curaçao,Germany,Sontje Hansen,0.026124633848667,0.20540344715118,19.5,31.1,save,,open_play,right-foot,45,saved
2026-06-14,15186899,,Germany v Curaçao,Germany,Curaçao,Kai Havertz,0.026648744940758,0.0,9.2,40.7,block,,open_play,head,45,blocked
2026-06-14,15186899,,Germany v Curaçao,Germany,Curaçao,Aleksandar Pavlović,0.13910302519798,0.0,15.1,51.3,save,,open_play,right-foot,45,saved
2026-06-14,15186899,,Germany v Curaçao,Germany,Curaçao,Nathaniel Brown,0.24188336730003,0.0,11.3,42.6,block,,open_play,right-foot,45,blocked
2026-06-14,15186899,,Germany v Curaçao,Germany,Curaçao,Nico Schlotterbeck,0.25032988190651,0.88725084066391,4.8,54.2,goal,regular,corner,head,38,goal
2026-06-14,15186899,,Germany v Curaçao,Curaçao,Germany,Juninho Bacuna,0.015315701253712,0.0,26.6,43.4,miss,,open_play,right-foot,36,missed
2026-06-14,15186899,,Germany v Curaçao,Germany,Curaçao,Leroy Sané,0.17975924909115,0.0,13.4,43.7,miss,,open_play,left-foot,32,missed
2026-06-14,15186899,,Germany v Curaçao,Germany,Curaçao,Aleksandar Pavlović,0.13303944468498,0.0,18.8,48.1,block,,open_play,left-foot,30,blocked
2026-06-14,15186899,,Germany v Curaçao,Germany,Curaçao,Nico Schlotterbeck,0.059103313833475,0.12743157148361,7.0,42.5,save,,set_piece,head,28,saved
2026-06-14,15186899,,Germany v Curaçao,Curaçao,Germany,Livano Comenencia,0.083985224366188,0.29564955830574,15.4,60.9,goal,regular,open_play,left-foot,21,goal
2026-06-14,15186899,,Germany v Curaçao,Curaçao,Germany,Leandro Bacuna,0.023016763851047,0.0,27.5,48.3,miss,,open_play,left-foot,19,missed
2026-06-14,15186899,,Germany v Curaçao,Germany,Curaçao,Florian Wirtz,0.022403724491596,0.0,17.2,26.4,miss,,open_play,right-foot,14,missed
2026-06-14,15186899,,Germany v Curaçao,Germany,Curaçao,Felix Nmecha,0.17854969203472,0.14871425926685,9.7,55.6,save,,open_play,right-foot,12,saved
2026-06-14,15186899,,Germany v Curaçao,Germany,Curaçao,Leroy Sané,0.095816314220428,0.0,11.3,56.4,miss,,open_play,left-foot,11,missed
2026-06-14,15186899,,Germany v Curaçao,Germany,Curaçao,Florian Wirtz,0.044712103903294,0.0,18.8,54.8,block,,open_play,right-foot,10,blocked
2026-06-14,15186899,,Germany v Curaçao,Germany,Curaçao,Felix Nmecha,0.017771789804101,0.0,21.6,65.0,miss,,open_play,right-foot,9,missed
2026-06-14,15186899,,Germany v Curaçao,Germany,Curaçao,Jamal Musiala,0.044945098459721,0.0,12.9,36.8,block,,open_play,right-foot,7,blocked
2026-06-14,15186899,,Germany v Curaçao,Germany,Curaçao,Felix Nmecha,0.058753792196512,0.53691852092743,14.7,38.0,goal,regular,open_play,right-foot,6,goal
2026-06-14,15186899,,Germany v Curaçao,Germany,Curaçao,Jamal Musiala,0.17261733114719,0.0,14.9,44.5,block,,open_play,right-foot,6,blocked
2026-06-14,15186945,,Netherlands v Japan,Netherlands,Japan,Teun Koopmeiners,0.086961835622787,0.0,5.1,41.8,miss,,open_play,head,90,missed
2026-06-14,15186945,,Netherlands v Japan,Japan,Netherlands,Daichi Kamada,0.14040666818619,0.65634965896606,8.7,52.4,goal,regular,corner,head,89,goal
2026-06-14,15186945,,Netherlands v Japan,Japan,Netherlands,Koki Ogawa,0.033986665308475,0.0,11.0,52.6,block,,corner,head,88,blocked
2026-06-14,15186945,,Netherlands v Japan,Japan,Netherlands,Yukinari Sugawara,0.15589182078838,0.27971097826958,14.5,57.6,save,,open_play,right-foot,80,saved
2026-06-14,15186945,,Netherlands v Japan,Japan,Netherlands,Koki Ogawa,0.019128004088998,0.0,15.0,58.0,miss,,open_play,head,78,missed
2026-06-14,15186945,,Netherlands v Japan,Netherlands,Japan,Teun Koopmeiners,0.070368394255638,0.0,10.1,47.2,block,,open_play,left-foot,76,blocked
2026-06-14,15186945,,Netherlands v Japan,Japan,Netherlands,Keito Nakamura,0.010686354711652,0.0,18.9,28.0,miss,,corner,right-foot,75,missed
2026-06-14,15186945,,Netherlands v Japan,Netherlands,Japan,Jan Paul van Hecke,0.120575979352,0.7521847486496,4.4,55.9,save,,corner,head,73,saved
2026-06-14,15186945,,Netherlands v Japan,Netherlands,Japan,Cody Gakpo,0.02246206626296,0.21048668026924,7.6,29.7,save,,open_play,right-foot,73,saved
2026-06-14,15186945,,Netherlands v Japan,Japan,Netherlands,Takefusa Kubo,0.027509476989508,0.0,27.2,52.1,miss,,open_play,left-foot,67,missed
2026-06-14,15186945,,Netherlands v Japan,Netherlands,Japan,Crysencio Summerville,0.019052049145103,0.50560992956161,15.0,70.0,goal,regular,open_play,left-foot,64,goal
2026-06-14,15186945,,Netherlands v Japan,Japan,Netherlands,Keito Nakamura,0.024624332785606,0.38821190595627,18.8,38.2,goal,regular,open_play,right-foot,57,goal
2026-06-14,15186945,,Netherlands v Japan,Netherlands,Japan,Virgil van Dijk,0.059770546853542,0.35435348749161,8.8,41.3,goal,regular,set_piece,head,51,goal
2026-06-14,15186945,,Netherlands v Japan,Japan,Netherlands,Ayase Ueda,0.097512379288673,0.0,7.7,67.6,miss,,open_play,right-foot,45,missed
2026-06-14,15186945,,Netherlands v Japan,Japan,Netherlands,Keito Nakamura,0.047464739531279,0.0,13.3,33.1,miss,,open_play,right-foot,43,missed
2026-06-14,15186945,,Netherlands v Japan,Netherlands,Japan,Cody Gakpo,0.17274381220341,0.0,10.3,56.2,miss,,set_piece,right-foot,36,missed
2026-06-14,15186945,,Netherlands v Japan,Netherlands,Japan,Micky van de Ven,0.022806180641055,0.0,8.3,65.4,miss,,corner,head,34,missed
2026-06-14,15186945,,Netherlands v Japan,Netherlands,Japan,Donyell Malen,0.075367212295532,0.11165605485439,7.4,54.6,save,,corner,head,34,saved
2026-06-14,15186945,,Netherlands v Japan,Japan,Netherlands,Hiroki Itō,0.031669162213802,0.0,22.6,28.6,miss,,open_play,left-foot,28,missed
2026-06-14,15186945,,Netherlands v Japan,Netherlands,Japan,Donyell Malen,0.13443188369274,0.22701139748096,13.8,42.1,save,,open_play,right-foot,3,saved
2026-06-14,15186904,,Côte d'Ivoire v Ecuador,Ecuador,Côte d'Ivoire,Piero Hincapié,0.15956656634808,0.0,3.9,45.0,block,,corner,head,90,blocked
2026-06-14,15186904,,Côte d'Ivoire v Ecuador,Côte d'Ivoire,Ecuador,Christ Inao Oulaï,0.025056043639779,0.0,19.4,62.4,miss,,open_play,right-foot,90,missed
2026-06-14,15186904,,Côte d'Ivoire v Ecuador,Côte d'Ivoire,Ecuador,Amad Diallo,0.030062668025494,0.011734006926417,23.2,47.3,save,,open_play,left-foot,90,saved
2026-06-14,15186904,,Côte d'Ivoire v Ecuador,Côte d'Ivoire,Ecuador,Amad Diallo,0.16347406804562,0.8651841878891,15.0,53.0,goal,regular,open_play,left-foot,90,goal
2026-06-14,15186904,,Côte d'Ivoire v Ecuador,Ecuador,Côte d'Ivoire,Joel Ordóñez,0.045168433338404,0.0,10.8,46.2,block,,corner,right-foot,88,blocked
2026-06-14,15186904,,Côte d'Ivoire v Ecuador,Ecuador,Côte d'Ivoire,Joel Ordóñez,0.15524938702583,0.0,5.7,54.2,block,,set_piece,head,87,blocked
2026-06-14,15186904,,Côte d'Ivoire v Ecuador,Côte d'Ivoire,Ecuador,Ghislain Konan,0.064038977026939,0.0,5.2,35.8,miss,,open_play,right-foot,83,missed
2026-06-14,15186904,,Côte d'Ivoire v Ecuador,Ecuador,Côte d'Ivoire,Gonzalo Plata,0.047961186617613,0.031973395496607,21.0,59.4,save,,open_play,left-foot,68,saved
2026-06-14,15186904,,Côte d'Ivoire v Ecuador,Côte d'Ivoire,Ecuador,Seko Fofana,0.051675099879503,0.070739082992077,21.6,40.9,save,,corner,right-foot,61,saved
2026-06-14,15186904,,Côte d'Ivoire v Ecuador,Côte d'Ivoire,Ecuador,Yan Diomande,0.084963001310825,0.0,9.8,35.2,miss,,open_play,right-foot,58,missed
2026-06-14,15186904,,Côte d'Ivoire v Ecuador,Ecuador,Côte d'Ivoire,Pedro Vite,0.050910133868456,0.0,21.2,56.4,miss,,open_play,left-foot,56,missed
2026-06-14,15186904,,Côte d'Ivoire v Ecuador,Côte d'Ivoire,Ecuador,Seko Fofana,0.039698984473944,0.0,23.8,38.3,miss,,open_play,left-foot,53,missed
2026-06-14,15186904,,Côte d'Ivoire v Ecuador,Côte d'Ivoire,Ecuador,Elye Wahi,0.24878466129303,0.0,7.0,52.2,post,,open_play,right-foot,52,post
2026-06-14,15186904,,Côte d'Ivoire v Ecuador,Côte d'Ivoire,Ecuador,Yan Diomande,0.11660864949226,0.0,15.3,51.9,miss,,open_play,left-foot,50,missed
2026-06-14,15186904,,Côte d'Ivoire v Ecuador,Ecuador,Côte d'Ivoire,Enner Valencia,0.029267661273479,0.0,1.5,33.8,post,,open_play,left-foot,46,post
2026-06-14,15186904,,Côte d'Ivoire v Ecuador,Côte d'Ivoire,Ecuador,Nicolas Pépé,0.031528625637293,0.0,19.5,59.4,block,,open_play,left-foot,45,blocked
2026-06-14,15186904,,Côte d'Ivoire v Ecuador,Côte d'Ivoire,Ecuador,Wilfried Singo,0.051875431090593,0.0,9.9,44.8,miss,,corner,right-foot,45,missed
2026-06-14,15186904,,Côte d'Ivoire v Ecuador,Côte d'Ivoire,Ecuador,Nicolas Pépé,0.19166845083237,0.0,9.9,55.1,block,,fast_break,left-foot,35,blocked
2026-06-14,15186904,,Côte d'Ivoire v Ecuador,Côte d'Ivoire,Ecuador,Seko Fofana,0.047198511660099,0.0,23.2,50.5,miss,,open_play,right-foot,33,missed
2026-06-14,15186904,,Côte d'Ivoire v Ecuador,Ecuador,Côte d'Ivoire,John Yeboah,0.079058453440666,0.0,17.5,53.4,miss,,open_play,left-foot,30,missed
2026-06-14,15186904,,Côte d'Ivoire v Ecuador,Ecuador,Côte d'Ivoire,Alan Minda,0.33636173605919,0.0,8.8,38.5,post,,open_play,right-foot,30,post
2026-06-14,15186904,,Côte d'Ivoire v Ecuador,Ecuador,Côte d'Ivoire,Alan Minda,0.033914837986231,0.0,23.4,44.4,miss,,open_play,right-foot,24,missed
2026-06-14,15186904,,Côte d'Ivoire v Ecuador,Ecuador,Côte d'Ivoire,John Yeboah,0.025165397673845,0.0,18.2,63.8,post,,open_play,left-foot,23,post
2026-06-14,15186904,,Côte d'Ivoire v Ecuador,Côte d'Ivoire,Ecuador,Elye Wahi,0.24446097016335,0.2689146399498,6.7,59.1,save,,open_play,right-foot,18,saved
2026-06-14,15186904,,Côte d'Ivoire v Ecuador,Côte d'Ivoire,Ecuador,Seko Fofana,0.12971349060535,0.0,20.9,54.6,block,,open_play,right-foot,16,blocked
2026-06-14,15186904,,Côte d'Ivoire v Ecuador,Ecuador,Côte d'Ivoire,John Yeboah,0.032414309680462,0.0,19.7,69.7,miss,,open_play,left-foot,14,missed
2026-06-14,15186904,,Côte d'Ivoire v Ecuador,Ecuador,Côte d'Ivoire,Moisés Caicedo,0.018784087151289,0.0,20.9,64.6,miss,,open_play,right-foot,2,missed
2026-06-15,15186951,,Sweden v Tunisia,Sweden,Tunisia,Yasin Ayari,0.014675469137728,0.19652524590492,21.4,68.6,goal,regular,open_play,right-foot,90,goal
2026-06-15,15186951,,Sweden v Tunisia,Tunisia,Sweden,Elias Achouri,0.013685022480786,0.018281335011125,27.5,31.5,save,,set_piece,right-foot,90,saved
2026-06-15,15186951,,Sweden v Tunisia,Sweden,Tunisia,Lucas Bergvall,0.094726249575615,0.0,10.5,43.0,block,,open_play,right-foot,90,blocked
2026-06-15,15186951,,Sweden v Tunisia,Sweden,Tunisia,Alexander Isak,0.13632722198963,0.20739847421646,14.3,37.5,save,,fast_break,right-foot,88,saved
2026-06-15,15186951,,Sweden v Tunisia,Sweden,Tunisia,Mattias Svanberg,0.085916742682457,0.70420324802399,11.0,54.4,goal,regular,set_piece,right-foot,84,goal
2026-06-15,15186951,,Sweden v Tunisia,Sweden,Tunisia,Alexander Isak,0.14112210273743,0.0,13.0,43.5,block,,fast_break,right-foot,68,blocked
2026-06-15,15186951,,Sweden v Tunisia,Sweden,Tunisia,Viktor Gyökeres,0.082957103848457,0.0,9.5,64.4,miss,,open_play,right-foot,66,missed
2026-06-15,15186951,,Sweden v Tunisia,Sweden,Tunisia,Viktor Gyökeres,0.35848322510719,0.58192354440689,11.6,61.4,goal,regular,open_play,right-foot,59,goal
2026-06-15,15186951,,Sweden v Tunisia,Tunisia,Sweden,Montassar Talbi,0.15251137316227,0.0,6.7,49.9,miss,,corner,head,56,missed
2026-06-15,15186951,,Sweden v Tunisia,Sweden,Tunisia,Viktor Gyökeres,0.031023506075144,0.0,20.8,67.3,block,,open_play,right-foot,53,blocked
2026-06-15,15186951,,Sweden v Tunisia,Tunisia,Sweden,Hannibal Mejbri,0.027546226978302,0.0,32.0,49.0,miss,,free_kick,right-foot,52,missed
2026-06-15,15186951,,Sweden v Tunisia,Tunisia,Sweden,Omar Rekik,0.031839497387409,0.32905527949333,8.2,59.9,goal,regular,set_piece,head,43,goal
2026-06-15,15186951,,Sweden v Tunisia,Sweden,Tunisia,Victor Lindelöf,0.13604509830475,0.0,6.4,48.5,miss,,corner,head,33,missed
2026-06-15,15186951,,Sweden v Tunisia,Tunisia,Sweden,Rani Khedira,0.021465823054314,0.0,24.4,50.5,block,,open_play,right-foot,31,blocked
2026-06-15,15186951,,Sweden v Tunisia,Sweden,Tunisia,Alexander Isak,0.042288329452276,0.22996976971626,17.6,30.4,goal,regular,fast_break,right-foot,30,goal
2026-06-15,15186951,,Sweden v Tunisia,Tunisia,Sweden,Elias Saad,0.030061913654208,0.0,24.0,59.3,miss,,open_play,right-foot,18,missed
2026-06-15,15186951,,Sweden v Tunisia,Sweden,Tunisia,Yasin Ayari,0.053725704550743,0.19662664830685,24.4,43.1,goal,regular,open_play,right-foot,7,goal
2026-06-15,15186951,,Sweden v Tunisia,Sweden,Tunisia,Viktor Gyökeres,0.083359904587269,0.0,14.4,41.4,save,,open_play,left-foot,7,saved
2026-06-15,15186951,,Sweden v Tunisia,Sweden,Tunisia,Viktor Gyökeres,0.076748140156269,0.0,15.1,40.3,miss,,fast_break,right-foot,5,missed
2026-06-15,15186783,,Spain v Cabo Verde,Spain,Cabo Verde,Mikel Oyarzabal,0.095757313072681,0.0,4.1,58.4,miss,,corner,head,90,missed
2026-06-15,15186783,,Spain v Cabo Verde,Spain,Cabo Verde,Lamine Yamal,0.022110654041171,0.0,12.0,68.9,miss,,open_play,left-foot,90,missed
2026-06-15,15186783,,Spain v Cabo Verde,Cabo Verde,Spain,Ryan Mendes,0.020408116281033,0.0,29.6,49.3,miss,,open_play,right-foot,90,missed
2026-06-15,15186783,,Spain v Cabo Verde,Spain,Cabo Verde,Lamine Yamal,0.017930606380105,0.0,21.8,73.2,block,,open_play,left-foot,90,blocked
2026-06-15,15186783,,Spain v Cabo Verde,Cabo Verde,Spain,Diney Borges,0.12763845920563,0.13344612717628,6.6,47.0,save,,corner,head,90,saved
2026-06-15,15186783,,Spain v Cabo Verde,Cabo Verde,Spain,Kevin Pina,0.018247293308377,0.0,29.8,43.3,block,,open_play,right-foot,90,blocked
2026-06-15,15186783,,Spain v Cabo Verde,Spain,Cabo Verde,Mikel Oyarzabal,0.08891698718071,0.0,13.1,51.7,block,,open_play,right-foot,88,blocked
2026-06-15,15186783,,Spain v Cabo Verde,Spain,Cabo Verde,Rodri,0.022354701533914,0.0,21.2,35.8,miss,,open_play,left-foot,85,missed
2026-06-15,15186783,,Spain v Cabo Verde,Spain,Cabo Verde,Marc Cucurella,0.11027424782515,0.22347731888294,6.1,41.6,save,,open_play,head,83,saved
2026-06-15,15186783,,Spain v Cabo Verde,Spain,Cabo Verde,Pedri,0.061239685863256,0.0,22.8,50.9,block,,open_play,right-foot,78,blocked
2026-06-15,15186783,,Spain v Cabo Verde,Spain,Cabo Verde,Ferran Torres,0.081613913178444,0.0,17.9,53.8,block,,open_play,right-foot,75,blocked
2026-06-15,15186783,,Spain v Cabo Verde,Spain,Cabo Verde,Mikel Merino,0.10466881096363,0.15532872080803,10.7,50.1,save,,open_play,right-foot,73,saved
2026-06-15,15186783,,Spain v Cabo Verde,Spain,Cabo Verde,Aymeric Laporte,0.026175417006016,0.0,27.1,38.7,miss,,open_play,left-foot,58,missed
2026-06-15,15186783,,Spain v Cabo Verde,Spain,Cabo Verde,Fabián Ruiz,0.19102504849434,0.045731533318758,9.1,49.5,save,,open_play,head,56,saved
2026-06-15,15186783,,Spain v Cabo Verde,Spain,Cabo Verde,Fabián Ruiz,0.075438722968102,0.0,18.7,64.0,miss,,open_play,left-foot,51,missed
2026-06-15,15186783,,Spain v Cabo Verde,Spain,Cabo Verde,Fabián Ruiz,0.018673468381166,0.0,25.4,72.4,miss,,open_play,left-foot,48,missed
2026-06-15,15186783,,Spain v Cabo Verde,Spain,Cabo Verde,Mikel Oyarzabal,0.087749995291233,0.0,9.4,49.1,miss,,open_play,head,48,missed
2026-06-15,15186783,,Spain v Cabo Verde,Spain,Cabo Verde,Mikel Oyarzabal,0.14737437665462,0.0,5.4,44.9,miss,,open_play,head,45,missed
2026-06-15,15186783,,Spain v Cabo Verde,Spain,Cabo Verde,Rodri,0.087484195828438,0.0,3.8,41.6,block,,corner,head,45,blocked
2026-06-15,15186783,,Spain v Cabo Verde,Spain,Cabo Verde,Aymeric Laporte,0.0486597456038,0.7513273358345,8.9,52.6,save,,corner,head,45,saved
2026-06-15,15186783,,Spain v Cabo Verde,Spain,Cabo Verde,Ferran Torres,0.082855425775051,0.16704814136028,11.8,56.0,save,,open_play,left-foot,45,saved
2026-06-15,15186783,,Spain v Cabo Verde,Spain,Cabo Verde,Fabián Ruiz,0.010317980311811,0.0,25.0,45.8,miss,,corner,left-foot,41,missed
2026-06-15,15186783,,Spain v Cabo Verde,Spain,Cabo Verde,Ferran Torres,0.19028380513191,0.0,4.2,46.6,block,,corner,head,40,blocked
2026-06-15,15186783,,Spain v Cabo Verde,Spain,Cabo Verde,Mikel Oyarzabal,0.082814268767834,0.085569299757481,8.9,53.2,save,,open_play,head,39,saved
2026-06-15,15186783,,Spain v Cabo Verde,Spain,Cabo Verde,Ferran Torres,0.30377304553986,0.0,5.0,50.9,post,,open_play,right-foot,39,post
2026-06-15,15186783,,Spain v Cabo Verde,Cabo Verde,Spain,Jovane Cabral,0.012354577891529,0.0,20.0,20.3,miss,,set_piece,right-foot,38,missed
2026-06-15,15186783,,Spain v Cabo Verde,Cabo Verde,Spain,Dailon Rocha Livramento,0.012154777534306,0.0,54.5,51.3,miss,,fast_break,right-foot,35,missed
2026-06-15,15186783,,Spain v Cabo Verde,Spain,Cabo Verde,Marc Cucurella,0.014623810537159,0.0,15.7,30.1,miss,,open_play,right-foot,29,missed
2026-06-15,15186783,,Spain v Cabo Verde,Spain,Cabo Verde,Gavi,0.047846563160419,0.0,14.2,34.8,block,,open_play,right-foot,29,blocked
2026-06-15,15186783,,Spain v Cabo Verde,Cabo Verde,Spain,Steven Moreira,0.013484243303537,0.0,10.1,77.1,block,,open_play,right-foot,27,blocked
2026-06-15,15186783,,Spain v Cabo Verde,Spain,Cabo Verde,Pau Cubarsí,0.026600014418364,0.0,27.2,57.0,block,,open_play,right-foot,20,blocked
2026-06-15,15186783,,Spain v Cabo Verde,Spain,Cabo Verde,Fabián Ruiz,0.018619880080223,0.0,23.4,53.4,miss,,open_play,left-foot,19,missed
2026-06-15,15186783,,Spain v Cabo Verde,Spain,Cabo Verde,Pedri,0.03736263141036,0.024212030693889,21.8,34.0,save,,open_play,right-foot,15,saved
2026-06-15,15186837,,Belgium v Egypt,Belgium,Egypt,Brandon Mechele,0.060638893395662,0.0,10.1,46.2,miss,,set_piece,right-foot,90,missed
2026-06-15,15186837,,Belgium v Egypt,Egypt,Belgium,Mohamed Hany,0.033240672200918,0.0,17.9,73.2,block,,open_play,right-foot,90,blocked
2026-06-15,15186837,,Belgium v Egypt,Belgium,Egypt,Romelu Lukaku,0.19611440598965,0.0,8.3,48.7,miss,,open_play,head,87,missed
2026-06-15,15186837,,Belgium v Egypt,Egypt,Belgium,Omar Marmoush,0.072003893554211,0.0,15.3,48.3,block,,corner,right-foot,84,blocked
2026-06-15,15186837,,Belgium v Egypt,Belgium,Egypt,Brandon Mechele,0.26619756221771,0.46803969144821,8.0,45.0,save,,set_piece,head,83,saved
2026-06-15,15186837,,Belgium v Egypt,Egypt,Belgium,Zizo,0.019556941464543,0.0,24.7,35.0,block,,open_play,right-foot,79,blocked
2026-06-15,15186837,,Belgium v Egypt,Belgium,Egypt,Romelu Lukaku,0.065255232155323,0.0,15.3,48.3,block,,open_play,right-foot,78,blocked
2026-06-15,15186837,,Belgium v Egypt,Belgium,Egypt,Thomas Meunier,0.06992407143116,0.093224391341209,9.7,66.7,save,,open_play,left-foot,73,saved
2026-06-15,15186837,,Belgium v Egypt,Belgium,Egypt,Mohamed Hany,,,5.7,48.5,goal,own,open_play,left-foot,66,goal
2026-06-15,15186837,,Belgium v Egypt,Egypt,Belgium,Omar Marmoush,0.062611319124699,0.0,15.7,37.4,block,,open_play,right-foot,65,blocked
2026-06-15,15186837,,Belgium v Egypt,Belgium,Egypt,Kevin De Bruyne,0.10528058558702,0.078687570989132,15.1,50.3,save,,open_play,right-foot,62,saved
2026-06-15,15186837,,Belgium v Egypt,Belgium,Egypt,Youri Tielemans,0.014054057188332,0.0,22.9,53.6,miss,,corner,left-foot,62,missed
2026-06-15,15186837,,Belgium v Egypt,Egypt,Belgium,Omar Marmoush,0.088762134313583,0.0,11.0,66.7,miss,,fast_break,right-foot,60,missed
2026-06-15,15186837,,Belgium v Egypt,Egypt,Belgium,Marwan Attia,0.028755187988281,0.0,14.8,36.2,block,,open_play,left-foot,57,blocked
2026-06-15,15186837,,Belgium v Egypt,Egypt,Belgium,Emam Ashour,0.13629230856895,0.0,7.1,66.0,miss,,open_play,right-foot,55,missed
2026-06-15,15186837,,Belgium v Egypt,Egypt,Belgium,Mohamed Salah,0.13535238802433,0.37818241119385,8.9,51.1,save,,open_play,head,55,saved
2026-06-15,15186837,,Belgium v Egypt,Belgium,Egypt,Kevin De Bruyne,0.070866972208023,0.0,21.5,36.2,post,,free_kick,right-foot,53,post
2026-06-15,15186837,,Belgium v Egypt,Egypt,Belgium,Omar Marmoush,0.21256402134895,0.0,11.4,46.8,block,,open_play,right-foot,48,blocked
2026-06-15,15186837,,Belgium v Egypt,Egypt,Belgium,Mostafa Ziko,0.13062825798988,0.0,12.9,48.5,miss,,open_play,left-foot,48,missed
2026-06-15,15186837,,Belgium v Egypt,Egypt,Belgium,Mohamed Hany,0.01546005345881,0.0,24.2,52.8,block,,corner,right-foot,45,blocked
2026-06-15,15186837,,Belgium v Egypt,Egypt,Belgium,Omar Marmoush,0.050412531942129,0.0,2.4,29.3,miss,,open_play,right-foot,45,missed
2026-06-15,15186837,,Belgium v Egypt,Belgium,Egypt,Jérémy Doku,0.17154006659985,0.0,13.9,50.1,miss,,set_piece,right-foot,45,missed
2026-06-15,15186837,,Belgium v Egypt,Belgium,Egypt,Kevin De Bruyne,0.032552730292082,0.0,25.0,62.2,block,,open_play,right-foot,43,blocked
2026-06-15,15186837,,Belgium v Egypt,Belgium,Egypt,Leandro Trossard,0.083586812019348,0.0,18.6,45.4,block,,open_play,left-foot,39,blocked
2026-06-15,15186837,,Belgium v Egypt,Belgium,Egypt,Leandro Trossard,0.096109606325626,0.0,14.3,57.9,block,,open_play,right-foot,38,blocked
2026-06-15,15186837,,Belgium v Egypt,Egypt,Belgium,Mostafa Ziko,0.031347740441561,0.062494993209839,14.4,74.7,save,,open_play,right-foot,33,saved
2026-06-15,15186837,,Belgium v Egypt,Belgium,Egypt,Youri Tielemans,0.039245057851076,0.0,12.0,46.4,miss,,open_play,head,31,missed
2026-06-15,15186837,,Belgium v Egypt,Egypt,Belgium,Emam Ashour,0.080197423696518,0.16746109724045,21.9,46.2,goal,regular,open_play,right-foot,20,goal
2026-06-15,15186837,,Belgium v Egypt,Belgium,Egypt,Kevin De Bruyne,0.059814531356096,0.0,19.2,44.8,miss,,open_play,right-foot,7,missed
2026-06-15,15186837,,Belgium v Egypt,Belgium,Egypt,Leandro Trossard,0.020561538636684,0.0,22.6,62.2,block,,open_play,left-foot,6,blocked
2026-06-15,15186811,,Saudi Arabia v Uruguay,Uruguay,Saudi Arabia,Juan Sanabria,0.030257575213909,0.0,15.6,68.5,block,,corner,right-foot,90,blocked
2026-06-15,15186811,,Saudi Arabia v Uruguay,Uruguay,Saudi Arabia,Brian Rodríguez,0.029352322220802,0.037423681467772,21.9,24.8,save,,open_play,right-foot,90,saved
2026-06-15,15186811,,Saudi Arabia v Uruguay,Uruguay,Saudi Arabia,Guillermo Varela,0.0075492379255593,0.0,25.1,62.8,miss,,corner,right-foot,90,missed
2026-06-15,15186811,,Saudi Arabia v Uruguay,Uruguay,Saudi Arabia,Federico Valverde,0.017095979303122,0.0,13.3,69.3,block,,open_play,right-foot,90,blocked
2026-06-15,15186811,,Saudi Arabia v Uruguay,Uruguay,Saudi Arabia,Sebastián Cáceres,0.032375067472458,0.0,9.2,58.6,miss,,corner,head,90,missed
2026-06-15,15186811,,Saudi Arabia v Uruguay,Uruguay,Saudi Arabia,Federico Valverde,0.021231090649962,0.079476177692413,19.4,31.1,save,,corner,right-foot,90,saved
2026-06-15,15186811,,Saudi Arabia v Uruguay,Uruguay,Saudi Arabia,Nicolás de la Cruz,0.094751015305519,0.068212166428566,14.4,41.9,save,,open_play,left-foot,90,saved
2026-06-15,15186811,,Saudi Arabia v Uruguay,Saudi Arabia,Uruguay,Saud Abdulhamid,0.043825771659613,0.0,16.9,64.0,miss,,open_play,right-foot,87,missed
2026-06-15,15186811,,Saudi Arabia v Uruguay,Saudi Arabia,Uruguay,Mohamed Kanno,0.019721772521734,0.0,26.6,57.9,block,,open_play,right-foot,87,blocked
2026-06-15,15186811,,Saudi Arabia v Uruguay,Uruguay,Saudi Arabia,Brian Rodríguez,0.011878637596965,0.0,20.8,25.5,miss,,open_play,right-foot,83,missed
2026-06-15,15186811,,Saudi Arabia v Uruguay,Uruguay,Saudi Arabia,Sebastián Cáceres,0.09491690248251,0.0,7.1,54.4,miss,,corner,head,83,missed
2026-06-15,15186811,,Saudi Arabia v Uruguay,Uruguay,Saudi Arabia,Juan Sanabria,0.01914120092988,0.0,26.5,30.6,block,,open_play,left-foot,82,blocked
2026-06-15,15186811,,Saudi Arabia v Uruguay,Uruguay,Saudi Arabia,Maximiliano Araújo,0.17505407333374,0.28431129455566,4.1,37.7,goal,regular,open_play,left-foot,80,goal
2026-06-15,15186811,,Saudi Arabia v Uruguay,Uruguay,Saudi Arabia,Federico Viñas,0.30274218320847,0.4215644299984,7.7,51.2,save,,open_play,head,80,saved
2026-06-15,15186811,,Saudi Arabia v Uruguay,Uruguay,Saudi Arabia,Nicolás de la Cruz,0.051621567457914,0.0,22.5,60.1,block,,open_play,left-foot,79,blocked
2026-06-15,15186811,,Saudi Arabia v Uruguay,Uruguay,Saudi Arabia,Guillermo Varela,0.029963364824653,0.0,20.4,62.4,block,,set_piece,right-foot,67,blocked
2026-06-15,15186811,,Saudi Arabia v Uruguay,Uruguay,Saudi Arabia,Federico Valverde,0.029636707156897,0.045957397669554,5.6,14.8,save,,free_kick,right-foot,67,saved
2026-06-15,15186811,,Saudi Arabia v Uruguay,Uruguay,Saudi Arabia,Juan Sanabria,0.061166536062956,0.0,9.8,36.0,miss,,open_play,left-foot,60,missed
2026-06-15,15186811,,Saudi Arabia v Uruguay,Uruguay,Saudi Arabia,Manuel Ugarte,0.017358340322971,0.16111077368259,24.8,62.2,save,,open_play,right-foot,60,saved
2026-06-15,15186811,,Saudi Arabia v Uruguay,Uruguay,Saudi Arabia,Agustín Canobbio,0.0197844337672,0.0,10.3,62.4,miss,,open_play,other,59,missed
2026-06-15,15186811,,Saudi Arabia v Uruguay,Uruguay,Saudi Arabia,Manuel Ugarte,0.010347120463848,0.0,23.7,43.6,miss,,corner,right-foot,54,missed
2026-06-15,15186811,,Saudi Arabia v Uruguay,Uruguay,Saudi Arabia,Mathías Olivera,0.04876584559679,0.0,9.9,48.3,block,,corner,head,54,blocked
2026-06-15,15186811,,Saudi Arabia v Uruguay,Uruguay,Saudi Arabia,Federico Viñas,0.059116307646036,0.0,8.7,47.5,miss,,corner,head,50,missed
2026-06-15,15186811,,Saudi Arabia v Uruguay,Uruguay,Saudi Arabia,Federico Viñas,0.038817554712296,0.19722662866116,11.1,55.6,save,,open_play,head,46,saved
2026-06-15,15186811,,Saudi Arabia v Uruguay,Uruguay,Saudi Arabia,Darwin Núñez,0.20879560709,0.0,4.8,44.4,miss,,corner,head,45,missed
2026-06-15,15186811,,Saudi Arabia v Uruguay,Uruguay,Saudi Arabia,Federico Viñas,0.052373897284269,0.3310781121254,8.1,57.6,save,,set_piece,head,45,saved
2026-06-15,15186811,,Saudi Arabia v Uruguay,Saudi Arabia,Uruguay,Abdulelah Al-Amri,0.418555945158,0.22899977862835,3.2,50.1,goal,regular,corner,right-foot,41,goal
2026-06-15,15186811,,Saudi Arabia v Uruguay,Saudi Arabia,Uruguay,Mohamed Kanno,0.089274935424328,0.071952931582928,9.4,48.1,save,,corner,head,40,saved
2026-06-15,15186811,,Saudi Arabia v Uruguay,Saudi Arabia,Uruguay,Abdullah Al-Khaibari,0.025435822084546,0.0,24.6,30.7,miss,,set_piece,right-foot,39,missed
2026-06-15,15186811,,Saudi Arabia v Uruguay,Saudi Arabia,Uruguay,Abdulelah Al-Amri,0.069997414946556,0.34668841958046,10.4,45.9,save,,corner,right-foot,38,saved
2026-06-15,15186811,,Saudi Arabia v Uruguay,Uruguay,Saudi Arabia,Rodrigo Bentancur,0.20327319204807,0.0,7.8,47.4,miss,,set_piece,head,21,missed
2026-06-15,15186811,,Saudi Arabia v Uruguay,Saudi Arabia,Uruguay,Salem Al-Dawsari,0.029928855597973,0.0,21.9,26.4,miss,,open_play,right-foot,18,missed
2026-06-15,15186811,,Saudi Arabia v Uruguay,Uruguay,Saudi Arabia,Federico Viñas,0.048984564840794,0.0,9.2,53.0,block,,corner,head,5,blocked
2026-06-15,15186811,,Saudi Arabia v Uruguay,Uruguay,Saudi Arabia,Maximiliano Araújo,0.061170369386673,0.055697597563267,18.7,36.2,save,,open_play,left-foot,5,saved
2026-06-16,15186832,,Iran v New Zealand,New Zealand,Iran,Chris Wood,0.047656275331974,0.16528703272343,9.2,57.0,save,,open_play,head,90,saved
2026-06-16,15186832,,Iran v New Zealand,Iran,New Zealand,Ali Nemati,0.076875060796738,0.0,9.0,58.4,miss,,corner,left-foot,89,missed
2026-06-16,15186832,,Iran v New Zealand,Iran,New Zealand,Saeid Ezatolahi,0.02820341847837,0.0096692712977529,26.0,38.5,save,,open_play,right-foot,87,saved
2026-06-16,15186832,,Iran v New Zealand,Iran,New Zealand,Saeid Ezatolahi,0.026224659755826,0.0,24.8,62.4,miss,,open_play,right-foot,85,missed
2026-06-16,15186832,,Iran v New Zealand,Iran,New Zealand,Ali Alipour,0.063643530011177,0.0,13.5,59.3,block,,open_play,left-foot,85,blocked
2026-06-16,15186832,,Iran v New Zealand,New Zealand,Iran,Finn Surman,0.45060414075851,0.0,4.8,51.9,miss,,set_piece,head,81,missed
2026-06-16,15186832,,Iran v New Zealand,Iran,New Zealand,Mehdi Taremi,0.070982791483402,0.0,8.0,43.6,miss,,open_play,head,80,missed
2026-06-16,15186832,,Iran v New Zealand,Iran,New Zealand,Ehsan Hajsafi,0.025264257565141,0.0,24.1,35.0,block,,open_play,left-foot,76,blocked
2026-06-16,15186832,,Iran v New Zealand,Iran,New Zealand,Mohammad Mohebi,0.034305572509766,0.0,11.4,34.4,block,,open_play,right-foot,73,blocked
2026-06-16,15186832,,Iran v New Zealand,Iran,New Zealand,Mohammad Mohebi,0.28462669253349,0.87502461671829,8.6,50.0,goal,regular,open_play,head,64,goal
2026-06-16,15186832,,Iran v New Zealand,New Zealand,Iran,Sarpreet Singh,0.016331255435944,0.016010347753763,10.7,33.7,save,,set_piece,left-foot,61,saved
2026-06-16,15186832,,Iran v New Zealand,New Zealand,Iran,Elijah Just,0.19760830700397,0.17310611903667,10.6,63.2,goal,regular,fast_break,right-foot,55,goal
2026-06-16,15186832,,Iran v New Zealand,Iran,New Zealand,Shahriar Moghanlou,0.035066250711679,0.0,19.8,70.3,miss,,open_play,left-foot,51,missed
2026-06-16,15186832,,Iran v New Zealand,Iran,New Zealand,Mehdi Ghayedi,0.031128419563174,0.0,18.7,60.0,block,,corner,right-foot,49,blocked
2026-06-16,15186832,,Iran v New Zealand,New Zealand,Iran,Chris Wood,0.031155737116933,0.0,26.4,56.2,miss,,open_play,right-foot,47,missed
2026-06-16,15186832,,Iran v New Zealand,Iran,New Zealand,Shahriar Moghanlou,0.064962357282639,0.0,4.5,60.5,miss,,set_piece,head,45,missed
2026-06-16,15186832,,Iran v New Zealand,New Zealand,Iran,Callum McCowatt,0.022070866078138,0.033909380435944,26.5,57.0,save,,open_play,left-foot,45,saved
2026-06-16,15186832,,Iran v New Zealand,New Zealand,Iran,Chris Wood,0.044373221695423,0.027729135006666,20.3,23.5,save,,free_kick,right-foot,45,saved
2026-06-16,15186832,,Iran v New Zealand,Iran,New Zealand,Ramin Rezaeian,0.34798228740692,0.78007858991623,6.4,55.1,goal,regular,open_play,right-foot,32,goal
2026-06-16,15186832,,Iran v New Zealand,Iran,New Zealand,Shahriar Moghanlou,0.095635026693344,0.0,10.2,55.8,block,,open_play,right-foot,32,blocked
2026-06-16,15186832,,Iran v New Zealand,Iran,New Zealand,Saman Ghoddos,0.05301696434617,0.0,13.1,64.5,miss,,open_play,left-foot,30,missed
2026-06-16,15186832,,Iran v New Zealand,New Zealand,Iran,Liberato Cacace,0.02246206626296,0.097038321197033,7.7,29.5,save,,open_play,left-foot,30,saved
2026-06-16,15186832,,Iran v New Zealand,Iran,New Zealand,Saman Ghoddos,0.07760564237833,0.0,26.0,64.8,miss,,open_play,right-foot,29,missed
2026-06-16,15186832,,Iran v New Zealand,Iran,New Zealand,Mehdi Taremi,0.13366875052452,0.0,19.7,50.7,post,,fast_break,right-foot,23,post
2026-06-16,15186832,,Iran v New Zealand,New Zealand,Iran,Sarpreet Singh,0.030270462855697,0.021675895899534,26.8,55.0,save,,open_play,left-foot,19,saved
2026-06-16,15186832,,Iran v New Zealand,New Zealand,Iran,Chris Wood,0.099402658641338,0.0,8.1,50.3,block,,corner,right-foot,15,blocked
2026-06-16,15186832,,Iran v New Zealand,New Zealand,Iran,Callum McCowatt,0.016422107815742,0.0,13.3,63.8,miss,,corner,right-foot,14,missed
2026-06-16,15186832,,Iran v New Zealand,New Zealand,Iran,Marko Stamenić,0.040086578577757,0.0,9.8,67.7,block,,set_piece,right-foot,14,blocked
2026-06-16,15186832,,Iran v New Zealand,New Zealand,Iran,Sarpreet Singh,0.1136255338788,0.0,12.5,38.9,miss,,open_play,left-foot,12,missed
2026-06-16,15186832,,Iran v New Zealand,New Zealand,Iran,Elijah Just,0.10952213406563,0.46981751918793,9.2,52.4,goal,regular,open_play,right-foot,7,goal
2026-06-16,15186832,,Iran v New Zealand,Iran,New Zealand,Aria Yousefi,0.048322975635529,0.053218927234411,10.1,30.5,save,,open_play,right-foot,6,saved
2026-06-16,15186501,,France v Senegal,France,Senegal,Kylian Mbappé,0.03555253893137,0.10742864757776,26.0,56.4,goal,regular,open_play,right-foot,90,goal
2026-06-16,15186501,,France v Senegal,Senegal,France,Ibrahim Mbaye,0.096815146505833,0.15682306885719,9.8,69.8,goal,regular,fast_break,right-foot,90,goal
2026-06-16,15186501,,France v Senegal,France,Senegal,Kylian Mbappé,0.097047261893749,0.23025162518024,15.3,48.3,save,,open_play,left-foot,85,saved
2026-06-16,15186501,,France v Senegal,France,Senegal,Bradley Barcola,0.42857176065445,0.55403709411621,9.5,64.0,goal,regular,fast_break,right-foot,82,goal
2026-06-16,15186501,,France v Senegal,France,Senegal,Désiré Doué,0.034754496067762,0.21431489288807,8.5,30.9,save,,open_play,left-foot,74,saved
2026-06-16,15186501,,France v Senegal,France,Senegal,Michael Olise,0.0304164160043,0.050621930509806,19.7,64.4,save,,open_play,left-foot,72,saved
2026-06-16,15186501,,France v Senegal,France,Senegal,Kylian Mbappé,0.31277298927307,0.40714594721794,7.6,61.7,goal,regular,open_play,right-foot,66,goal
2026-06-16,15186501,,France v Senegal,France,Senegal,Theo Hernández,0.11537428945303,0.0,14.7,43.2,block,,open_play,left-foot,65,blocked
2026-06-16,15186501,,France v Senegal,France,Senegal,Kylian Mbappé,0.31846633553505,0.23681728541851,11.3,44.0,save,,open_play,right-foot,57,saved
2026-06-16,15186501,,France v Senegal,France,Senegal,Michael Olise,0.33259257674217,0.25904670357704,12.0,39.1,save,,open_play,left-foot,53,saved
2026-06-16,15186501,,France v Senegal,France,Senegal,Désiré Doué,0.048197325319052,0.0,22.2,46.6,miss,,open_play,left-foot,47,missed
2026-06-16,15186501,,France v Senegal,Senegal,France,Ismaïla Sarr,0.19502697885036,0.0,8.0,55.0,miss,,open_play,right-foot,45,missed
2026-06-16,15186501,,France v Senegal,Senegal,France,Sadio Mané,0.034198686480522,0.011010106652975,26.5,51.1,save,,open_play,right-foot,40,saved
2026-06-16,15186501,,France v Senegal,Senegal,France,Ismaïla Sarr,0.044712103903294,0.0,18.1,56.0,miss,,open_play,right-foot,31,missed
2026-06-16,15186501,,France v Senegal,Senegal,France,Nicolas Jackson,0.16011723875999,0.0,10.4,31.3,post,,fast_break,left-foot,25,post
2026-06-16,15186501,,France v Senegal,France,Senegal,Ousmane Dembélé,0.032674707472324,0.0,22.8,68.0,block,,open_play,left-foot,19,blocked
2026-06-16,15186501,,France v Senegal,Senegal,France,Ismaïla Sarr,0.027859684079885,0.0,11.7,67.3,block,,open_play,right-foot,7,blocked
2026-06-16,15186773,,Iraq v Norway,Norway,Iraq,Aymen Hussein,,,2.1,51.9,goal,own,set_piece,other,90,goal
2026-06-16,15186773,,Iraq v Norway,Norway,Iraq,Kristian Thorstvedt,0.060230784118176,0.0,8.8,36.2,miss,,open_play,right-foot,90,missed
2026-06-16,15186773,,Iraq v Norway,Norway,Iraq,Erling Haaland,0.24857822060585,0.18528752028942,9.7,69.6,save,,open_play,left-foot,83,saved
2026-06-16,15186773,,Iraq v Norway,Norway,Iraq,Leo Østigård,0.045854955911636,0.0,10.9,54.0,miss,,set_piece,head,82,missed
2026-06-16,15186773,,Iraq v Norway,Norway,Iraq,Leo Østigård,0.23454649746418,0.7997253537178,3.6,52.2,goal,regular,corner,head,76,goal
2026-06-16,15186773,,Iraq v Norway,Norway,Iraq,Kristian Thorstvedt,0.11000566929579,0.0,8.5,65.0,block,,open_play,left-foot,76,blocked
2026-06-16,15186773,,Iraq v Norway,Iraq,Norway,Hussein Ali,0.030032224953175,0.0,3.6,67.0,miss,,open_play,right-foot,63,missed
2026-06-16,15186773,,Iraq v Norway,Iraq,Norway,Aymen Hussein,0.033887501806021,0.0,12.0,53.0,miss,,open_play,head,53,missed
2026-06-16,15186773,,Iraq v Norway,Iraq,Norway,Akam Hashem,0.03118303976953,0.0,22.0,54.4,miss,,corner,left-foot,45,missed
2026-06-16,15186773,,Iraq v Norway,Iraq,Norway,Ali Al-Hamadi,0.1354226320982,0.0,17.8,59.1,block,,fast_break,right-foot,45,blocked
2026-06-16,15186773,,Iraq v Norway,Iraq,Norway,Zaid Tahseen,0.10775978863239,0.0,4.8,43.5,miss,,corner,head,45,missed
2026-06-16,15186773,,Iraq v Norway,Iraq,Norway,Ibrahim Bayesh,0.1915747076273,0.0,4.1,57.4,block,,open_play,right-foot,45,blocked
2026-06-16,15186773,,Iraq v Norway,Iraq,Norway,Ali Al-Hamadi,0.060006648302078,0.0,8.8,46.2,miss,,open_play,other,45,missed
2026-06-16,15186773,,Iraq v Norway,Norway,Iraq,Erling Haaland,0.37335661053658,0.42296120524406,3.8,48.4,goal,regular,open_play,right-foot,43,goal
2026-06-16,15186773,,Iraq v Norway,Norway,Iraq,Erling Haaland,0.28543910384178,0.25148379802704,3.9,47.4,save,,open_play,right-foot,43,saved
2026-06-16,15186773,,Iraq v Norway,Iraq,Norway,Aymen Hussein,0.08086434751749,0.59870976209641,8.2,52.6,goal,regular,open_play,head,39,goal
2026-06-16,15186773,,Iraq v Norway,Norway,Iraq,Martin Ødegaard,0.037071909755468,0.0,21.9,39.5,miss,,open_play,left-foot,37,missed
2026-06-16,15186773,,Iraq v Norway,Norway,Iraq,Alexander Sørloth,0.10574621707201,0.0,8.7,36.3,block,,fast_break,left-foot,31,blocked
2026-06-16,15186773,,Iraq v Norway,Norway,Iraq,Erling Haaland,0.87455308437347,0.99517077207565,2.4,53.4,goal,regular,open_play,left-foot,29,goal
2026-06-16,15186773,,Iraq v Norway,Iraq,Norway,Zaid Tahseen,0.0086582535877824,0.0,22.9,32.9,miss,,set_piece,left-foot,28,missed
2026-06-16,15186773,,Iraq v Norway,Norway,Iraq,Alexander Sørloth,0.082165800035,0.0,8.3,52.1,block,,set_piece,head,24,blocked
2026-06-16,15186773,,Iraq v Norway,Norway,Iraq,Erling Haaland,0.17213295400143,0.0,6.6,51.7,miss,,corner,head,20,missed
2026-06-16,15186773,,Iraq v Norway,Iraq,Norway,Ali Al-Hamadi,0.037230249494314,0.0,15.1,59.2,miss,,open_play,right-foot,13,missed
2026-06-16,15186773,,Iraq v Norway,Iraq,Norway,Aymen Hussein,0.084718786180019,0.0,8.1,47.0,miss,,set_piece,head,5,missed
2026-06-17,15186854,,Argentina v Algeria,Algeria,Argentina,Riyad Mahrez,0.001916,,20.0,60.0,block,,free_kick,left-foot,86,blocked
2026-06-17,15186854,,Argentina v Algeria,Argentina,Algeria,Lionel Messi,0.1316,0.4085,16.0,46.0,goal,regular,open_play,left-foot,76,goal
2026-06-17,15186854,,Argentina v Algeria,Algeria,Argentina,Houssem Aouar,0.075,,20.0,56.0,miss,,open_play,right-foot,69,missed
2026-06-17,15186854,,Argentina v Algeria,Argentina,Algeria,Lionel Messi,0.06193,0.2243,16.0,47.0,save,,open_play,left-foot,66,saved
2026-06-17,15186854,,Argentina v Algeria,Argentina,Algeria,Lionel Messi,0.6979,0.8931,7.0,47.0,goal,regular,open_play,right-foot,60,goal
2026-06-17,15186854,,Argentina v Algeria,Argentina,Algeria,Alexis Mac Allister,0.04155,0.03245,22.0,41.0,save,,open_play,right-foot,60,saved
2026-06-17,15186854,,Argentina v Algeria,Algeria,Argentina,Ibrahim Maza,0.03627,,19.0,41.0,block,,open_play,right-foot,57,blocked
2026-06-17,15186854,,Argentina v Algeria,Argentina,Algeria,Lautaro Martínez,0.27,0.338,10.0,66.0,save,,open_play,right-foot,54,saved
2026-06-17,15186854,,Argentina v Algeria,Argentina,Algeria,Lionel Messi,0.09124,,18.0,59.0,miss,,open_play,left-foot,51,missed
2026-06-17,15186854,,Argentina v Algeria,Argentina,Algeria,Alexis Mac Allister,0.1134,,10.0,51.0,miss,,set_piece,head,45,missed
2026-06-17,15186854,,Argentina v Algeria,Algeria,Argentina,Anis Hadj Moussa,0.07087,,14.0,69.0,block,,open_play,left-foot,45,blocked
2026-06-17,15186854,,Argentina v Algeria,Algeria,Argentina,Farès Chaïbi,0.01664,,3.0,78.0,miss,,open_play,right-foot,45,missed
2026-06-17,15186854,,Argentina v Algeria,Algeria,Argentina,Farès Chaïbi,0.07441,,23.0,50.0,miss,,open_play,right-foot,44,missed
2026-06-17,15186854,,Argentina v Algeria,Argentina,Algeria,Thiago Almada,0.01309,,21.0,34.0,miss,,open_play,right-foot,42,missed
2026-06-17,15186854,,Argentina v Algeria,Algeria,Argentina,Farès Chaïbi,0.0225,,10.0,44.0,miss,,corner,head,41,missed
2026-06-17,15186854,,Argentina v Algeria,Argentina,Algeria,Lionel Messi,0.04943,0.713,19.0,46.0,goal,regular,open_play,left-foot,17,goal
2026-06-17,15186751,,Austria v Jordan,Austria,Jordan,Marko Arnautović,0.7884,0.59778082370758,11.5,50.0,goal,penalty,penalty,right-foot,90,goal
2026-06-17,15186751,,Austria v Jordan,Austria,Jordan,Marko Arnautović,0.76,0.81,10.0,50.0,goal,penalty,penalty,right-foot,90,goal
2026-06-17,15186751,,Austria v Jordan,Austria,Jordan,Konrad Laimer,0.011337967589498,0.0,25.3,45.2,miss,,corner,right-foot,90,missed
2026-06-17,15186751,,Austria v Jordan,Austria,Jordan,Konrad Laimer,0.01663,,24.0,46.0,miss,,corner,right-foot,90,missed
2026-06-17,15186751,,Austria v Jordan,Jordan,Austria,Ali Al Azaizeh,0.016802946105599,0.0,29.1,50.0,miss,,set_piece,left-foot,90,missed
2026-06-17,15186751,,Austria v Jordan,Jordan,Austria,Ali  Al Azaizeh,0.02574,,27.0,56.0,miss,,set_piece,left-foot,90,missed
2026-06-17,15186751,,Austria v Jordan,Austria,Jordan,Marko Arnautović,0.31685337424278,0.27082312107086,13.3,41.3,save,,open_play,left-foot,90,saved
2026-06-17,15186751,,Austria v Jordan,Austria,Jordan,Marko Arnautović,0.2686,0.1294,12.0,42.0,save,,open_play,left-foot,90,saved
2026-06-17,15186751,,Austria v Jordan,Austria,Jordan,Yazan Al-Arab,,,4.6,44.9,goal,own,corner,head,76,goal
2026-06-17,15186751,,Austria v Jordan,Jordan,Austria,Yazan Al-Arab,,,4.0,49.0,goal,own,own_goal,other,76,goal
2026-06-17,15186751,,Austria v Jordan,Austria,Jordan,Carney Chukwuemeka,0.20270270109177,0.0,11.0,58.3,save,,open_play,right-foot,63,saved
2026-06-17,15186751,,Austria v Jordan,Austria,Jordan,Carney Chukwuemeka,0.2326,,9.0,58.0,block,,open_play,right-foot,63,blocked
2026-06-17,15186751,,Austria v Jordan,Austria,Jordan,Stefan Posch,0.097078666090965,0.0,13.8,64.2,miss,,open_play,right-foot,60,missed
2026-06-17,15186751,,Austria v Jordan,Austria,Jordan,Stefan Posch,0.1019,,13.0,65.0,miss,,open_play,right-foot,60,missed
2026-06-17,15186751,,Austria v Jordan,Jordan,Austria,Ali Olwan,0.05922257900238,0.0,14.8,52.8,block,,open_play,right-foot,55,blocked
2026-06-17,15186751,,Austria v Jordan,Jordan,Austria,Ali Olwan,0.1778,,13.0,53.0,block,,open_play,right-foot,55,blocked
2026-06-17,15186751,,Austria v Jordan,Jordan,Austria,Ali Olwan,0.085413329303265,0.78430026769638,13.6,36.0,goal,regular,fast_break,right-foot,50,goal
2026-06-17,15186751,,Austria v Jordan,Jordan,Austria,Ali Olwan,0.1266,0.4882,12.0,34.0,goal,regular,open_play,right-foot,50,goal
2026-06-17,15186751,,Austria v Jordan,Austria,Jordan,Saša Kalajdžić,0.015353715978563,0.0,27.8,26.8,miss,,open_play,right-foot,45,missed
2026-06-17,15186751,,Austria v Jordan,Austria,Jordan,Saša Kalajdžić,0.005908,,28.0,28.0,miss,,open_play,right-foot,45,missed
2026-06-17,15186751,,Austria v Jordan,Jordan,Austria,Mousa Tamari,0.026479877531528,0.0,15.6,65.0,miss,,open_play,left-foot,45,missed
2026-06-17,15186751,,Austria v Jordan,Jordan,Austria,Mousa Tamari,0.03001,,15.0,66.0,miss,,open_play,left-foot,45,missed
2026-06-17,15186751,,Austria v Jordan,Jordan,Austria,Mousa Tamari,0.0072611691430211,0.0,24.1,29.1,miss,,set_piece,left-foot,44,missed
2026-06-17,15186751,,Austria v Jordan,Jordan,Austria,Mousa Tamari,0.004359,,25.0,26.0,block,,open_play,left-foot,44,blocked
2026-06-17,15186751,,Austria v Jordan,Jordan,Austria,Mousa Tamari,0.093741238117218,0.0,11.1,54.8,block,,open_play,left-foot,34,blocked
2026-06-17,15186751,,Austria v Jordan,Jordan,Austria,Ali Olwan,0.03737772628665,0.086795523762703,11.1,70.1,save,,open_play,right-foot,34,saved
2026-06-17,15186751,,Austria v Jordan,Jordan,Austria,Mousa Tamari,0.4169,,9.0,60.0,block,,open_play,left-foot,34,blocked
2026-06-17,15186751,,Austria v Jordan,Jordan,Austria,Ali Olwan,0.04738,0.04417,10.0,69.0,save,,open_play,right-foot,34,saved
2026-06-17,15186751,,Austria v Jordan,Austria,Jordan,Stefan Posch,0.070665836334229,0.0,7.3,62.7,miss,,open_play,right-foot,33,missed
2026-06-17,15186751,,Austria v Jordan,Austria,Jordan,Stefan Posch,0.239,,8.0,65.0,miss,,open_play,right-foot,33,missed
2026-06-17,15186751,,Austria v Jordan,Austria,Jordan,Saša Kalajdžić,0.1088934391737,0.0,9.9,49.0,miss,,open_play,head,30,missed
2026-06-17,15186751,,Austria v Jordan,Jordan,Austria,Ali Olwan,0.066097654402256,0.0,4.2,39.4,post,,corner,head,22,post
2026-06-17,15186751,,Austria v Jordan,Jordan,Austria,Ali Olwan,0.07886,,5.0,38.0,post,,corner,head,22,post
2026-06-17,15186751,,Austria v Jordan,Austria,Jordan,Romano Schmid,0.048197325319052,0.41893416643143,22.2,46.6,goal,regular,open_play,right-foot,21,goal
2026-06-17,15186751,,Austria v Jordan,Austria,Jordan,Romano Schmid,0.03985,0.629,19.0,45.0,goal,regular,open_play,right-foot,20,goal
2026-06-17,15186751,,Austria v Jordan,Austria,Jordan,Marcel Sabitzer,0.013182814233005,0.0,20.1,30.4,block,,open_play,left-foot,19,blocked
2026-06-17,15186751,,Austria v Jordan,Austria,Jordan,Marcel Sabitzer,0.002324,,19.0,36.0,block,,open_play,left-foot,19,blocked
2026-06-17,15186751,,Austria v Jordan,Jordan,Austria,Odeh Fakhoury,0.044495582580566,0.25105676054955,19.2,57.3,save,,set_piece,right-foot,17,saved
2026-06-17,15186751,,Austria v Jordan,Jordan,Austria,Odeh Shehadeh Burhan Fakhoury,0.1527,0.133,17.0,58.0,save,,open_play,right-foot,17,saved
2026-06-17,15186751,,Austria v Jordan,Austria,Jordan,David Alaba,0.017743429169059,0.0,30.4,50.9,miss,,open_play,left-foot,11,missed
2026-06-17,15186751,,Austria v Jordan,Austria,Jordan,David Alaba,0.02106,,29.0,48.0,block,,open_play,left-foot,11,blocked
2026-06-17,15186751,,Austria v Jordan,Jordan,Austria,Mousa Tamari,0.011145495809615,0.055049162358046,20.2,76.4,save,,open_play,left-foot,9,saved
2026-06-17,15186751,,Austria v Jordan,Jordan,Austria,Mousa Tamari,0.00147,0.02911,18.0,79.0,save,,set_piece,left-foot,9,saved
2026-06-17,15186751,,Austria v Jordan,Jordan,Austria,Ehsan Haddad,0.017227867618203,0.0,3.9,69.9,miss,,open_play,right-foot,2,missed
2026-06-17,15186751,,Austria v Jordan,Jordan,Austria,Ehsan Haddad,0.08507,,6.0,67.0,miss,,open_play,right-foot,2,missed
2026-06-17,15186709,,Portugal v DR Congo,Portugal,DR Congo,Cristiano Ronaldo,0.041392397135496,0.0,9.0,51.2,miss,,open_play,other,90,missed
2026-06-17,15186709,,Portugal v DR Congo,Portugal,DR Congo,Bruno Fernandes,0.03647980093956,0.0,22.8,63.8,miss,,open_play,left-foot,90,missed
2026-06-17,15186709,,Portugal v DR Congo,Portugal,DR Congo,Francisco Conceição,0.074014663696289,0.0,10.1,65.8,block,,open_play,left-foot,78,blocked
2026-06-17,15186709,,Portugal v DR Congo,DR Congo,Portugal,Cédric Bakambu,0.1349855363369,0.0,17.8,46.2,miss,,fast_break,right-foot,77,missed
2026-06-17,15186709,,Portugal v DR Congo,Portugal,DR Congo,Cristiano Ronaldo,0.17653894424438,0.0,8.8,52.9,miss,,open_play,right-foot,74,missed
2026-06-17,15186709,,Portugal v DR Congo,Portugal,DR Congo,Cristiano Ronaldo,0.24233658611774,0.0,8.6,55.8,miss,,open_play,right-foot,68,missed
2026-06-17,15186709,,Portugal v DR Congo,DR Congo,Portugal,Steve Kapuadi,0.18727090954781,0.0,6.6,51.5,miss,,set_piece,head,63,missed
2026-06-17,15186709,,Portugal v DR Congo,DR Congo,Portugal,Yoane Wissa,0.39415258169174,0.80600076913834,5.5,46.6,goal,regular,corner,head,45,goal
2026-06-17,15186709,,Portugal v DR Congo,DR Congo,Portugal,Samuel Moutoussamy,0.038425322622061,0.0,23.4,46.2,block,,fast_break,left-foot,45,blocked
2026-06-17,15186709,,Portugal v DR Congo,DR Congo,Portugal,Samuel Moutoussamy,0.026614556089044,0.0,27.2,60.9,block,,open_play,left-foot,45,blocked
2026-06-17,15186709,,Portugal v DR Congo,Portugal,DR Congo,Bruno Fernandes,0.029221160337329,0.0,23.7,31.9,block,,open_play,right-foot,39,blocked
2026-06-17,15186709,,Portugal v DR Congo,DR Congo,Portugal,Edo Kayembe,0.031387161463499,0.16278791427612,22.8,32.3,save,,open_play,left-foot,33,saved
2026-06-17,15186709,,Portugal v DR Congo,DR Congo,Portugal,Cédric Bakambu,0.035945098847151,0.0,20.1,65.2,block,,open_play,right-foot,14,blocked
2026-06-17,15186709,,Portugal v DR Congo,DR Congo,Portugal,Yoane Wissa,0.022581679746509,0.0,19.5,63.4,miss,,open_play,left-foot,11,missed
2026-06-17,15186709,,Portugal v DR Congo,Portugal,DR Congo,João Neves,0.052352245897055,0.52633196115494,10.1,46.8,goal,regular,open_play,head,6,goal
2026-06-17,15186504,,England v Croatia,England,Croatia,Harry Kane,0.037737961858511,0.0,11.1,30.7,miss,,set_piece,right-foot,90,missed
2026-06-17,15186504,,England v Croatia,Croatia,England,Joško Gvardiol,0.2033186852932,0.0,5.0,43.1,block,,corner,right-foot,90,blocked
2026-06-17,15186504,,England v Croatia,Croatia,England,Andrej Kramarić,0.0073115155100822,0.0,22.3,29.5,block,,open_play,right-foot,90,blocked
2026-06-17,15186504,,England v Croatia,England,Croatia,Marcus Rashford,0.057283971458673,0.50268018245697,12.8,39.3,goal,regular,open_play,right-foot,85,goal
2026-06-17,15186504,,England v Croatia,Croatia,England,Mateo Kovačić,0.038232751190662,0.13055731356144,25.3,56.4,save,,open_play,right-foot,84,saved
2026-06-17,15186504,,England v Croatia,England,Croatia,Djed Spence,0.54010051488876,0.36929807066917,11.3,57.5,save,,open_play,right-foot,82,saved
2026-06-17,15186504,,England v Croatia,Croatia,England,Petar Sučić,0.010551997460425,0.0,24.6,63.6,miss,,open_play,right-foot,81,missed
2026-06-17,15186504,,England v Croatia,Croatia,England,Igor Matanović,0.014950751326978,0.17082250118256,29.9,48.8,save,,set_piece,right-foot,77,saved
2026-06-17,15186504,,England v Croatia,Croatia,England,Marco Pašalić,0.057803388684988,0.045622296631336,8.8,68.4,save,,open_play,left-foot,76,saved
2026-06-17,15186504,,England v Croatia,England,Croatia,Anthony Gordon,0.025372153148055,0.0,13.0,31.9,block,,open_play,right-foot,69,blocked
2026-06-17,15186504,,England v Croatia,England,Croatia,Harry Kane,0.034338340163231,0.0,6.1,31.0,miss,,set_piece,right-foot,57,missed
2026-06-17,15186504,,England v Croatia,England,Croatia,Harry Kane,0.023929158225656,0.032697021961212,7.9,30.3,save,,set_piece,left-foot,57,saved
2026-06-17,15186504,,England v Croatia,England,Croatia,Ezri Konsa,0.59732979536057,0.33569985628128,2.4,49.7,save,,corner,right-foot,56,saved
2026-06-17,15186504,,England v Croatia,England,Croatia,Anthony Gordon,0.24082092940807,0.31491661071777,3.6,53.8,save,,corner,head,56,saved
2026-06-17,15186504,,England v Croatia,England,Croatia,Nico O'Reilly,0.050390645861626,0.061158254742622,7.1,57.7,save,,corner,head,56,saved
2026-06-17,15186504,,England v Croatia,England,Croatia,Declan Rice,0.041772466152906,0.093430064618587,16.3,31.2,save,,fast_break,right-foot,52,saved
2026-06-17,15186504,,England v Croatia,England,Croatia,Nico O'Reilly,0.12973399460316,0.0,4.8,57.0,miss,,corner,head,49,missed
2026-06-17,15186504,,England v Croatia,England,Croatia,Jude Bellingham,0.12735378742218,0.13332712650299,14.5,44.1,save,,open_play,right-foot,48,saved
2026-06-17,15186504,,England v Croatia,England,Croatia,Jude Bellingham,0.097806103527546,0.61755818128586,8.7,68.0,goal,regular,open_play,right-foot,47,goal
2026-06-17,15186504,,England v Croatia,Croatia,England,Petar Musa,0.14251405000687,0.11079105734825,7.4,40.1,goal,regular,open_play,right-foot,45,goal
2026-06-17,15186504,,England v Croatia,Croatia,England,Mario Pašalić,0.01816938444972,0.0,26.0,65.4,miss,,open_play,right-foot,45,missed
2026-06-17,15186504,,England v Croatia,England,Croatia,Reece James,0.039774421602488,0.0,27.5,47.7,block,,free_kick,right-foot,45,blocked
2026-06-17,15186504,,England v Croatia,England,Croatia,Harry Kane,0.041305869817734,0.23359729349613,9.9,48.4,goal,regular,corner,head,42,goal
2026-06-17,15186504,,England v Croatia,Croatia,England,Martin Baturina,0.043355375528336,0.052591968327761,21.0,64.8,goal,regular,open_play,right-foot,36,goal
2026-06-17,15186504,,England v Croatia,England,Croatia,Harry Kane,0.062740936875343,0.0,9.0,46.3,miss,,open_play,head,35,missed
2026-06-17,15186504,,England v Croatia,England,Croatia,Jude Bellingham,0.25700163841248,0.0,8.1,45.9,miss,,open_play,left-foot,31,missed
2026-06-17,15186504,,England v Croatia,England,Croatia,Elliot Anderson,0.042889509350061,0.0,22.9,43.7,block,,corner,right-foot,16,blocked
2026-06-17,15186504,,England v Croatia,England,Croatia,Noni Madueke,0.079483889043331,0.0,6.1,67.7,block,,open_play,right-foot,16,blocked
2026-06-17,15186504,,England v Croatia,England,Croatia,Harry Kane,0.7884,0.63239479064941,11.5,50.0,goal,penalty,penalty,right-foot,12,goal
2026-06-17,15186504,,England v Croatia,England,Croatia,Ezri Konsa,0.028613358736038,0.0,10.4,48.9,miss,,corner,head,9,missed
2026-06-17,15186504,,England v Croatia,England,Croatia,Harry Kane,0.036768309772015,0.0,16.9,47.4,block,,open_play,right-foot,8,blocked
2026-06-17,15186504,,England v Croatia,Croatia,England,Josip Šutalo,0.1662525832653,0.0,7.5,44.2,miss,,corner,right-foot,3,missed
2026-06-17,15186687,,Ghana v Panama,Panama,Ghana,Ismael Díaz,0.23722904920578,0.41851854324341,6.6,50.5,save,,set_piece,head,90,saved
2026-06-17,15186687,,Ghana v Panama,Ghana,Panama,Caleb Yirenkyi,0.96534448862076,0.99468886852264,2.4,51.4,goal,regular,fast_break,right-foot,90,goal
2026-06-17,15186687,,Ghana v Panama,Panama,Ghana,Yoel Bárcenas,0.044527605175972,0.0,22.3,58.3,miss,,open_play,right-foot,87,missed
2026-06-17,15186687,,Ghana v Panama,Panama,Ghana,Ismael Díaz,0.068981163203716,0.034835703670979,17.6,48.3,save,,open_play,right-foot,85,saved
2026-06-17,15186687,,Ghana v Panama,Ghana,Panama,Jonas Adjei Adjetey,0.072150692343712,0.0,6.7,43.2,miss,,set_piece,head,73,missed
2026-06-17,15186687,,Ghana v Panama,Panama,Ghana,Jiovany Ramos,0.06874206662178,0.0,22.3,55.6,miss,,open_play,left-foot,67,missed
2026-06-17,15186687,,Ghana v Panama,Ghana,Panama,Antoine Semenyo,0.058295354247093,0.0,13.0,40.9,block,,open_play,left-foot,67,blocked
2026-06-17,15186687,,Ghana v Panama,Ghana,Panama,Antoine Semenyo,0.050983067601919,0.0,8.0,44.4,miss,,corner,head,66,missed
2026-06-17,15186687,,Ghana v Panama,Panama,Ghana,César Blackman,0.023966921493411,0.24409256875515,15.5,25.3,save,,open_play,right-foot,64,saved
2026-06-17,15186687,,Ghana v Panama,Panama,Ghana,Cristian Martínez,0.089771822094917,0.0,6.7,61.1,miss,,open_play,right-foot,60,missed
2026-06-17,15186687,,Ghana v Panama,Panama,Ghana,Carlos Harvey,0.046557981520891,0.0,22.2,43.1,miss,,open_play,left-foot,60,missed
2026-06-17,15186687,,Ghana v Panama,Ghana,Panama,Abdul Fatawu Issahaku,0.016206953674555,0.0,34.9,60.5,miss,,open_play,left-foot,59,missed
2026-06-17,15186687,,Ghana v Panama,Panama,Ghana,Yoel Bárcenas,0.037170346826315,0.0,18.9,51.1,block,,open_play,left-foot,53,blocked
2026-06-17,15186687,,Ghana v Panama,Ghana,Panama,Caleb Yirenkyi,0.033874664455652,0.0,12.9,65.8,miss,,open_play,right-foot,50,missed
2026-06-17,15186687,,Ghana v Panama,Ghana,Panama,Jonas Adjei Adjetey,0.053086347877979,0.045983109623194,8.8,56.0,save,,set_piece,head,48,saved
2026-06-17,15186687,,Ghana v Panama,Panama,Ghana,Jiovany Ramos,0.036389905959368,0.0,14.5,71.1,miss,,open_play,right-foot,38,missed
2026-06-17,15186687,,Ghana v Panama,Panama,Ghana,César Blackman,0.012702904641628,0.0,15.4,25.5,block,,open_play,right-foot,5,blocked
2026-06-17,15186687,,Ghana v Panama,Panama,Ghana,Cecilio Waterman,0.063666000962257,0.66049510240555,12.9,57.7,save,,open_play,right-foot,2,saved
2026-06-18,15186722,,Uzbekistan v Colombia,Uzbekistan,Colombia,Bekhruz Karimov,0.011617756448686,0.0,26.6,63.8,post,,set_piece,right-foot,90,post
2026-06-18,15186722,,Uzbekistan v Colombia,Uzbekistan,Colombia,Azizbek Amanov,0.018779315054417,0.0,26.0,29.9,block,,set_piece,right-foot,90,blocked
2026-06-18,15186722,,Uzbekistan v Colombia,Colombia,Uzbekistan,Jaminton Campaz,0.12889884412289,0.48945334553719,7.6,45.8,goal,regular,open_play,head,90,goal
2026-06-18,15186722,,Uzbekistan v Colombia,Uzbekistan,Colombia,Dostonbek Khamdamov,0.041756123304367,0.0,7.6,36.4,miss,,open_play,head,90,missed
2026-06-18,15186722,,Uzbekistan v Colombia,Uzbekistan,Colombia,Akmal Mozgovoy,0.06794586032629,0.0,12.6,36.0,miss,,open_play,right-foot,90,missed
2026-06-18,15186722,,Uzbekistan v Colombia,Uzbekistan,Colombia,Dostonbek Khamdamov,0.018951257690787,0.0,19.7,73.2,block,,open_play,left-foot,88,blocked
2026-06-18,15186722,,Uzbekistan v Colombia,Colombia,Uzbekistan,Jaminton Campaz,0.072509758174419,0.0,16.9,65.8,miss,,open_play,left-foot,87,missed
2026-06-18,15186722,,Uzbekistan v Colombia,Colombia,Uzbekistan,Jefferson Lerma,0.085771910846233,0.0,10.2,39.3,miss,,corner,right-foot,86,missed
2026-06-18,15186722,,Uzbekistan v Colombia,Colombia,Uzbekistan,Johan Mojica,0.015353715978563,0.0,28.4,30.1,miss,,open_play,left-foot,82,missed
2026-06-18,15186722,,Uzbekistan v Colombia,Colombia,Uzbekistan,Luis Díaz,0.22628130018711,0.36611032485962,13.4,40.7,goal,regular,open_play,right-foot,65,goal
2026-06-18,15186722,,Uzbekistan v Colombia,Colombia,Uzbekistan,Davinson Sánchez,0.059173811227083,0.0,7.6,45.2,miss,,corner,head,64,missed
2026-06-18,15186722,,Uzbekistan v Colombia,Colombia,Uzbekistan,Jefferson Lerma,0.031306263059378,0.0,25.5,49.1,block,,open_play,right-foot,64,blocked
2026-06-18,15186722,,Uzbekistan v Colombia,Colombia,Uzbekistan,Jhon Arias,0.17583408951759,0.0,12.6,47.6,block,,open_play,left-foot,64,blocked
2026-06-18,15186722,,Uzbekistan v Colombia,Uzbekistan,Colombia,Abbosbek Fayzullaev,0.98225212097168,0.99531024694443,1.5,48.9,goal,regular,open_play,head,60,goal
2026-06-18,15186722,,Uzbekistan v Colombia,Uzbekistan,Colombia,Eldor Shomurodov,0.057225104421377,0.1971170604229,9.2,67.7,save,,open_play,right-foot,60,saved
2026-06-18,15186722,,Uzbekistan v Colombia,Colombia,Uzbekistan,Gustavo Puerta,0.0099720722064376,0.0,20.9,63.8,block,,corner,right-foot,45,blocked
2026-06-18,15186722,,Uzbekistan v Colombia,Colombia,Uzbekistan,Jefferson Lerma,0.065506547689438,0.0,8.4,64.8,miss,,corner,left-foot,45,missed
2026-06-18,15186722,,Uzbekistan v Colombia,Uzbekistan,Colombia,Bekhruz Karimov,0.022033357992768,0.0,20.3,64.2,miss,,corner,right-foot,45,missed
2026-06-18,15186722,,Uzbekistan v Colombia,Colombia,Uzbekistan,James Rodríguez,0.016206953674555,0.03662933036685,31.0,60.1,save,,open_play,left-foot,45,saved
2026-06-18,15186722,,Uzbekistan v Colombia,Colombia,Uzbekistan,Daniel Muñoz,0.47727313637733,0.46894437074661,8.1,47.2,goal,regular,open_play,right-foot,40,goal
2026-06-18,15186722,,Uzbekistan v Colombia,Colombia,Uzbekistan,James Rodríguez,0.076664999127388,0.0,13.2,53.6,block,,open_play,left-foot,40,blocked
2026-06-18,15186722,,Uzbekistan v Colombia,Colombia,Uzbekistan,Luis Díaz,0.13418763875961,0.0,7.0,32.1,post,,open_play,left-foot,32,post
2026-06-18,15186722,,Uzbekistan v Colombia,Colombia,Uzbekistan,Jhon Arias,0.031597405672073,0.0,21.3,64.6,miss,,open_play,right-foot,17,missed
2026-06-18,15186731,,Czechia v South Africa,South Africa,Czechia,Mbekezeli Mbokazi,0.01971797645092,0.0,26.8,65.8,block,,corner,left-foot,90,blocked
2026-06-18,15186731,,Czechia v South Africa,South Africa,Czechia,Aubrey Modiba,0.10087492316961,0.0,14.1,43.8,block,,open_play,right-foot,90,blocked
2026-06-18,15186731,,Czechia v South Africa,South Africa,Czechia,Evidence Makgopa,0.076389543712139,0.049082491546869,14.7,66.7,save,,open_play,left-foot,90,saved
2026-06-18,15186731,,Czechia v South Africa,Czechia,South Africa,Lukáš Provod,0.027834601700306,0.0,17.9,27.0,miss,,open_play,left-foot,90,missed
2026-06-18,15186731,,Czechia v South Africa,Czechia,South Africa,Jaroslav Zelený,0.010348536074162,0.0,14.3,53.8,miss,,set_piece,head,90,missed
2026-06-18,15186731,,Czechia v South Africa,Czechia,South Africa,Ladislav Krejčí,0.099352180957794,0.0,9.1,50.7,miss,,open_play,head,90,missed
2026-06-18,15186731,,Czechia v South Africa,South Africa,Czechia,Relebohile Mofokeng,0.048302762210369,0.30319139361382,21.2,58.3,save,,open_play,right-foot,88,saved
2026-06-18,15186731,,Czechia v South Africa,South Africa,Czechia,Thalente Mbatha,0.011872000992298,0.0,28.0,50.3,block,,open_play,right-foot,86,blocked
2026-06-18,15186731,,Czechia v South Africa,South Africa,Czechia,Teboho Mokoena,0.7884,0.74993824958801,11.5,50.0,goal,penalty,penalty,right-foot,83,goal
2026-06-18,15186731,,Czechia v South Africa,South Africa,Czechia,Thapelo Maseko,0.022894971072674,0.0,18.5,71.8,block,,open_play,left-foot,81,blocked
2026-06-18,15186731,,Czechia v South Africa,South Africa,Czechia,Mbekezeli Mbokazi,0.015803284943104,0.0,29.6,43.0,block,,set_piece,left-foot,76,blocked
2026-06-18,15186731,,Czechia v South Africa,South Africa,Czechia,Evidence Makgopa,0.043956886976957,0.032468095421791,10.4,36.4,save,,open_play,head,74,saved
2026-06-18,15186731,,Czechia v South Africa,Czechia,South Africa,Ladislav Krejčí,0.056922174990177,0.0,8.4,55.5,block,,set_piece,head,68,blocked
2026-06-18,15186731,,Czechia v South Africa,South Africa,Czechia,Aubrey Modiba,0.015353715978563,0.0,30.2,27.6,miss,,open_play,left-foot,60,missed
2026-06-18,15186731,,Czechia v South Africa,Czechia,South Africa,Michal Sadílek,0.10670418292284,0.0,14.6,46.9,block,,open_play,left-foot,59,blocked
2026-06-18,15186731,,Czechia v South Africa,South Africa,Czechia,Thapelo Maseko,0.017133358865976,0.0,21.0,64.4,miss,,open_play,left-foot,54,missed
2026-06-18,15186731,,Czechia v South Africa,Czechia,South Africa,Ladislav Krejčí,0.023308319970965,0.0,10.0,44.1,miss,,corner,head,53,missed
2026-06-18,15186731,,Czechia v South Africa,South Africa,Czechia,Mbekezeli Mbokazi,0.013910789042711,0.0,28.4,54.1,miss,,corner,left-foot,50,missed
2026-06-18,15186731,,Czechia v South Africa,Czechia,South Africa,Patrik Schick,0.11093524098396,0.032293546944857,8.6,47.4,save,,corner,head,48,saved
2026-06-18,15186731,,Czechia v South Africa,Czechia,South Africa,Lukáš Červ,0.029186436906457,0.03598390892148,27.8,49.7,save,,open_play,left-foot,47,saved
2026-06-18,15186731,,Czechia v South Africa,Czechia,South Africa,Vladimír Darida,0.14612290263176,0.0,13.4,45.9,block,,open_play,right-foot,47,blocked
2026-06-18,15186731,,Czechia v South Africa,South Africa,Czechia,Thapelo Maseko,0.11159133166075,0.0,10.2,55.8,block,,open_play,left-foot,45,blocked
2026-06-18,15186731,,Czechia v South Africa,South Africa,Czechia,Teboho Mokoena,0.012333997525275,0.0,29.9,46.2,miss,,open_play,right-foot,45,missed
2026-06-18,15186731,,Czechia v South Africa,Czechia,South Africa,Adam Hložek,0.035935707390308,0.0,28.2,55.0,miss,,free_kick,right-foot,41,missed
2026-06-18,15186731,,Czechia v South Africa,South Africa,Czechia,Iqraam Rayners,0.058765780180693,0.0,9.4,46.2,block,,open_play,head,22,blocked
2026-06-18,15186731,,Czechia v South Africa,South Africa,Czechia,Aubrey Modiba,0.013625109568238,0.0,34.9,53.4,miss,,corner,left-foot,13,missed
2026-06-18,15186731,,Czechia v South Africa,South Africa,Czechia,Oswin Appollis,0.019257197156549,0.0,27.1,55.2,block,,open_play,right-foot,12,blocked
2026-06-18,15186731,,Czechia v South Africa,Czechia,South Africa,Michal Sadílek,0.18390356004238,0.465745896101,11.4,41.1,goal,regular,set_piece,left-foot,6,goal
2026-06-18,15186731,,Czechia v South Africa,Czechia,South Africa,Michal Sadílek,0.021681351587176,0.0,15.4,39.7,miss,,corner,left-foot,5,missed
2026-06-18,15186731,,Czechia v South Africa,Czechia,South Africa,Ladislav Krejčí,0.074468769133091,0.0,8.7,53.4,miss,,corner,head,5,missed
2026-06-18,15186731,,Czechia v South Africa,Czechia,South Africa,Patrik Schick,0.089055627584457,0.0,7.9,59.1,miss,,open_play,head,1,missed
2026-06-18,15186806,,Switzerland v Bosnia & Herzegovina,Switzerland,Bosnia & Herzegovina,Granit Xhaka,0.7884,0.92423915863037,11.5,50.0,goal,penalty,penalty,left-foot,90,goal
2026-06-18,15186806,,Switzerland v Bosnia & Herzegovina,Bosnia & Herzegovina,Switzerland,Ermin Mahmić,0.061619989573956,0.16277442872524,15.2,48.6,goal,regular,corner,right-foot,90,goal
2026-06-18,15186806,,Switzerland v Bosnia & Herzegovina,Switzerland,Bosnia & Herzegovina,Johan Manzambi,0.44500067830086,0.41783091425896,9.5,45.7,goal,regular,open_play,right-foot,90,goal
2026-06-18,15186806,,Switzerland v Bosnia & Herzegovina,Switzerland,Bosnia & Herzegovina,Rubén Vargas,0.26826608181,0.47923347353935,11.8,41.1,goal,regular,open_play,right-foot,84,goal
2026-06-18,15186806,,Switzerland v Bosnia & Herzegovina,Switzerland,Bosnia & Herzegovina,Rubén Vargas,0.096031486988068,0.16409240663052,17.9,37.4,save,,free_kick,right-foot,81,saved
2026-06-18,15186806,,Switzerland v Bosnia & Herzegovina,Switzerland,Bosnia & Herzegovina,Johan Manzambi,0.066276662051678,0.29097312688828,11.7,48.2,goal,regular,open_play,right-foot,74,goal
2026-06-18,15186806,,Switzerland v Bosnia & Herzegovina,Bosnia & Herzegovina,Switzerland,Amar Dedić,0.033503837883472,0.030299535021186,22.2,69.1,save,,open_play,right-foot,68,saved
2026-06-18,15186806,,Switzerland v Bosnia & Herzegovina,Switzerland,Bosnia & Herzegovina,Breel Embolo,0.14704909920692,0.0,3.3,43.8,block,,corner,head,62,blocked
2026-06-18,15186806,,Switzerland v Bosnia & Herzegovina,Switzerland,Bosnia & Herzegovina,Dan Ndoye,0.022707289084792,0.0,13.0,31.5,block,,open_play,right-foot,55,blocked
2026-06-18,15186806,,Switzerland v Bosnia & Herzegovina,Switzerland,Bosnia & Herzegovina,Michel Aebischer,0.11997431516647,0.0,9.2,54.2,miss,,open_play,head,53,missed
2026-06-18,15186806,,Switzerland v Bosnia & Herzegovina,Switzerland,Bosnia & Herzegovina,Dan Ndoye,0.020424393936992,0.056406605988741,9.8,29.7,save,,open_play,right-foot,51,saved
2026-06-18,15186806,,Switzerland v Bosnia & Herzegovina,Bosnia & Herzegovina,Switzerland,Edin Džeko,0.06958032399416,0.0,14.7,53.8,block,,open_play,left-foot,41,blocked
2026-06-18,15186806,,Switzerland v Bosnia & Herzegovina,Bosnia & Herzegovina,Switzerland,Amar Memić,0.015361158177257,0.076597079634666,23.7,32.5,save,,open_play,right-foot,38,saved
2026-06-18,15186806,,Switzerland v Bosnia & Herzegovina,Switzerland,Bosnia & Herzegovina,Remo Freuler,0.013243836350739,0.0,27.7,32.5,miss,,open_play,right-foot,23,missed
2026-06-18,15186806,,Switzerland v Bosnia & Herzegovina,Switzerland,Bosnia & Herzegovina,Dan Ndoye,0.033723089843988,0.12282069027424,22.3,42.7,save,,open_play,right-foot,20,saved
2026-06-18,15186806,,Switzerland v Bosnia & Herzegovina,Switzerland,Bosnia & Herzegovina,Dan Ndoye,0.022053569555283,0.0,11.3,29.8,miss,,open_play,left-foot,10,missed
2026-06-18,15186806,,Switzerland v Bosnia & Herzegovina,Switzerland,Bosnia & Herzegovina,Granit Xhaka,0.019891861826181,0.0,26.3,56.8,block,,open_play,left-foot,8,blocked
2026-06-18,15186806,,Switzerland v Bosnia & Herzegovina,Bosnia & Herzegovina,Switzerland,Edin Džeko,0.045802857726812,0.0,11.2,46.1,miss,,corner,left-foot,2,missed
2026-06-18,15186798,,Canada v Qatar,Canada,Qatar,Nathan-Dylan Saliba,0.030345492064953,0.0,13.8,52.5,miss,,corner,head,90,missed
2026-06-18,15186798,,Canada v Qatar,Canada,Qatar,Cyle Larin,0.61700034141541,0.0,4.2,51.1,miss,,open_play,head,90,missed
2026-06-18,15186798,,Canada v Qatar,Canada,Qatar,Cyle Larin,0.22897635400295,0.0,5.5,50.5,block,,open_play,head,90,blocked
2026-06-18,15186798,,Canada v Qatar,Canada,Qatar,Jonathan David,0.62331646680832,0.97462463378906,7.7,42.9,goal,regular,open_play,left-foot,90,goal
2026-06-18,15186798,,Canada v Qatar,Canada,Qatar,Nathan-Dylan Saliba,0.048844840377569,0.0,21.6,43.9,block,,open_play,right-foot,90,blocked
2026-06-18,15186798,,Canada v Qatar,Canada,Qatar,Niko Sigur,0.04434334859252,0.0,19.1,46.9,block,,corner,right-foot,90,blocked
2026-06-18,15186798,,Canada v Qatar,Canada,Qatar,Jonathan David,0.033416368067265,0.0,22.1,60.6,block,,open_play,left-foot,86,blocked
2026-06-18,15186798,,Canada v Qatar,Canada,Qatar,Tani Oluwaseyi,0.1015077829361,0.0,3.9,39.9,block,,open_play,left-foot,84,blocked
2026-06-18,15186798,,Canada v Qatar,Canada,Qatar,Jonathan David,0.067249402403831,0.0,18.7,50.3,block,,open_play,left-foot,84,blocked
2026-06-18,15186798,,Canada v Qatar,Canada,Qatar,Jacob Shaffelburg,0.0086040822789073,0.0,3.4,30.0,miss,,open_play,left-foot,82,missed
2026-06-18,15186798,,Canada v Qatar,Canada,Qatar,Jacob Shaffelburg,0.027246395125985,0.0,22.2,30.1,miss,,corner,left-foot,80,missed
2026-06-18,15186798,,Canada v Qatar,Canada,Qatar,Richie Laryea,0.027335617691278,0.0,20.9,33.3,block,,open_play,right-foot,78,blocked
2026-06-18,15186798,,Canada v Qatar,Canada,Qatar,Tajon Buchanan,0.024080330505967,0.0,18.2,73.9,miss,,open_play,right-foot,77,missed
2026-06-18,15186798,,Canada v Qatar,Canada,Qatar,Mohamed Naceur Almanai,,,2.7,53.6,goal,own,open_play,right-foot,75,goal
2026-06-18,15186798,,Canada v Qatar,Canada,Qatar,Jacob Shaffelburg,0.057677187025547,0.0,10.0,43.0,miss,,open_play,left-foot,75,missed
2026-06-18,15186798,,Canada v Qatar,Canada,Qatar,Tajon Buchanan,0.073920845985413,0.0,10.1,66.9,block,,open_play,left-foot,75,blocked
2026-06-18,15186798,,Canada v Qatar,Canada,Qatar,Nathan-Dylan Saliba,0.063155062496662,0.19023160636425,22.5,62.1,goal,regular,free_kick,right-foot,64,goal
2026-06-18,15186798,,Canada v Qatar,Canada,Qatar,Cyle Larin,0.10472422093153,0.0,9.8,54.4,block,,open_play,left-foot,50,blocked
2026-06-18,15186798,,Canada v Qatar,Canada,Qatar,Ismael Koné,0.048221472650766,0.0,16.0,48.3,block,,open_play,left-foot,48,blocked
2026-06-18,15186798,,Canada v Qatar,Canada,Qatar,Alistair Johnston,0.054076071828604,0.066035568714142,6.4,68.2,save,,open_play,right-foot,45,saved
2026-06-18,15186798,,Canada v Qatar,Canada,Qatar,Jonathan David,0.98157769441605,0.99271869659424,0.7,50.2,goal,regular,open_play,right-foot,45,goal
2026-06-18,15186798,,Canada v Qatar,Canada,Qatar,Cyle Larin,0.27775228023529,0.8711923956871,6.7,44.8,save,,open_play,head,45,saved
2026-06-18,15186798,,Canada v Qatar,Canada,Qatar,Cyle Larin,0.040350172668695,0.0,8.2,67.2,block,,open_play,right-foot,45,blocked
2026-06-18,15186798,,Canada v Qatar,Canada,Qatar,Jonathan David,0.021823201328516,0.0,11.9,70.3,block,,open_play,right-foot,40,blocked
2026-06-18,15186798,,Canada v Qatar,Canada,Qatar,Tajon Buchanan,0.48399192094803,0.0,5.0,54.6,save,,open_play,right-foot,38,saved
2026-06-18,15186798,,Canada v Qatar,Canada,Qatar,Ali Ahmed,0.16186653077602,0.0,18.3,47.5,miss,,free_kick,right-foot,35,missed
2026-06-18,15186798,,Canada v Qatar,Canada,Qatar,Jonathan David,0.10065743327141,0.38587906956673,11.1,63.2,goal,regular,open_play,right-foot,29,goal
2026-06-18,15186798,,Canada v Qatar,Canada,Qatar,Tajon Buchanan,0.018405847251415,0.0,27.1,60.8,block,,open_play,left-foot,29,blocked
2026-06-18,15186798,,Canada v Qatar,Canada,Qatar,Derek Cornelius,0.055797595530748,0.0,8.9,45.6,miss,,set_piece,head,21,missed
2026-06-18,15186798,,Canada v Qatar,Canada,Qatar,Cyle Larin,0.30869302153587,0.75823420286179,4.5,49.6,goal,regular,corner,left-foot,16,goal
2026-06-18,15186798,,Canada v Qatar,Canada,Qatar,Jonathan David,0.10153360664845,0.092159323394299,13.2,46.1,save,,corner,right-foot,16,saved
2026-06-18,15186798,,Canada v Qatar,Canada,Qatar,Stephen Eustaquio,0.023551912978292,0.0,20.1,48.7,block,,set_piece,right-foot,15,blocked
2026-06-18,15186798,,Canada v Qatar,Qatar,Canada,Boualem Khoukhi,0.042930860072374,0.0,23.1,29.1,block,,free_kick,right-foot,10,blocked
2026-06-18,15186798,,Canada v Qatar,Canada,Qatar,Jonathan David,0.046366766095161,0.51851034164429,9.7,34.0,save,,corner,right-foot,7,saved
2026-06-18,15186798,,Canada v Qatar,Qatar,Canada,Edmilson Junior,0.17899441719055,0.0,7.7,63.2,miss,,open_play,right-foot,1,missed
2026-06-19,15186490,,Mexico v South Korea,South Korea,Mexico,Hyeon-gyu Oh,0.027386553585529,0.0,8.8,57.4,miss,,corner,head,90,missed
2026-06-19,15186490,,Mexico v South Korea,South Korea,Mexico,Gue-sung Cho,0.053927160799503,0.0,10.0,44.8,block,,open_play,head,90,blocked
2026-06-19,15186490,,Mexico v South Korea,South Korea,Mexico,Han-Beom Lee,0.071217626333237,0.0,9.5,54.6,miss,,corner,head,90,missed
2026-06-19,15186490,,Mexico v South Korea,South Korea,Mexico,Yang Hyun-Jun,0.26233005523682,0.44498792290688,2.0,55.0,save,,open_play,left-foot,87,saved
2026-06-19,15186490,,Mexico v South Korea,South Korea,Mexico,Gue-sung Cho,0.44444105029106,0.31944885849953,3.9,53.6,save,,open_play,head,87,saved
2026-06-19,15186490,,Mexico v South Korea,Mexico,South Korea,Obed Vargas,0.023445930331945,0.33825752139091,23.4,43.2,save,,open_play,right-foot,85,saved
2026-06-19,15186490,,Mexico v South Korea,South Korea,Mexico,Kang-in Lee,0.023806465789676,0.0,26.2,52.1,miss,,open_play,left-foot,78,missed
2026-06-19,15186490,,Mexico v South Korea,Mexico,South Korea,Raúl Jiménez,0.21963319182396,0.2207096517086,2.5,59.9,save,,open_play,right-foot,75,saved
2026-06-19,15186490,,Mexico v South Korea,South Korea,Mexico,Hwang In-beom,0.034143533557653,0.0,25.2,60.0,block,,open_play,left-foot,58,blocked
2026-06-19,15186490,,Mexico v South Korea,Mexico,South Korea,Luis Romo,0.069381356239319,0.21723502874374,13.2,48.3,goal,regular,open_play,right-foot,50,goal
2026-06-19,15186490,,Mexico v South Korea,Mexico,South Korea,Raúl Jiménez,0.058902528136969,0.0,9.5,47.0,block,,open_play,head,50,blocked
2026-06-19,15186490,,Mexico v South Korea,Mexico,South Korea,Jesús Gallardo,0.053576070815325,0.0,6.7,31.7,miss,,open_play,left-foot,49,missed
2026-06-19,15186490,,Mexico v South Korea,South Korea,Mexico,Kang-in Lee,0.023330578580499,0.0,24.7,62.2,block,,open_play,right-foot,44,blocked
2026-06-19,15186490,,Mexico v South Korea,South Korea,Mexico,Young-woo Seol,0.08809407800436,0.0,5.0,32.6,miss,,open_play,left-foot,41,missed
2026-06-19,15186490,,Mexico v South Korea,Mexico,South Korea,Julián Quiñones,0.055281993001699,0.12421924620867,10.0,52.1,save,,open_play,head,20,saved
2026-06-19,15186490,,Mexico v South Korea,Mexico,South Korea,Brian Gutiérrez,0.024244684726,0.0,24.6,39.2,miss,,open_play,right-foot,7,missed
2026-06-19,15186490,,Mexico v South Korea,Mexico,South Korea,Roberto Alvarado,0.023638194426894,0.0,25.3,60.5,miss,,open_play,left-foot,7,missed
2026-06-19,15186878,,USA v Australia,Australia,USA,Alessandro Circati,0.025420049205422,0.0,18.8,45.0,miss,,open_play,left-foot,87,missed
2026-06-19,15186878,,USA v Australia,Australia,USA,Connor Metcalfe,0.043511744588614,0.059337593615055,18.4,49.0,save,,open_play,left-foot,65,saved
2026-06-19,15186878,,USA v Australia,Australia,USA,Cristian Volpato,0.15331673622131,0.0,12.3,63.2,miss,,fast_break,right-foot,62,missed
2026-06-19,15186878,,USA v Australia,USA,Australia,Folarin Balogun,0.15131132304668,0.0,13.0,62.2,block,,fast_break,right-foot,51,blocked
2026-06-19,15186878,,USA v Australia,USA,Australia,Sergiño Dest,0.025172907859087,0.36456122994423,18.1,63.3,save,,open_play,left-foot,45,saved
2026-06-19,15186878,,USA v Australia,USA,Australia,Alexander Freeman,0.33696642518044,0.94489514827728,3.3,51.1,goal,regular,set_piece,head,43,goal
2026-06-19,15186878,,USA v Australia,USA,Australia,Sergiño Dest,0.057171992957592,0.0,18.3,51.0,block,,set_piece,right-foot,43,blocked
2026-06-19,15186878,,USA v Australia,USA,Australia,Ricardo Pepi,0.058988895267248,0.0,9.8,49.9,miss,,open_play,head,38,missed
2026-06-19,15186878,,USA v Australia,USA,Australia,Folarin Balogun,0.066911771893501,0.0,14.7,46.8,block,,open_play,left-foot,22,blocked
2026-06-19,15186878,,USA v Australia,USA,Australia,Weston McKennie,0.020961573347449,0.0,12.9,60.3,miss,,set_piece,right-foot,17,missed
2026-06-19,15186878,,USA v Australia,USA,Australia,Weston McKennie,0.26225161552429,0.0,4.3,52.1,block,,corner,head,15,blocked
2026-06-19,15186878,,USA v Australia,Australia,USA,Mathew Leckie,0.096092790365219,0.0,15.7,54.1,miss,,open_play,right-foot,12,missed
2026-06-19,15186878,,USA v Australia,USA,Australia,Cameron Burgess,,,3.7,50.6,goal,own,open_play,left-foot,11,goal
2026-06-19,15186878,,USA v Australia,USA,Australia,Sergiño Dest,0.0481664724648,0.0,9.7,67.1,block,,open_play,left-foot,9,blocked
2026-06-19,15186878,,USA v Australia,USA,Australia,Ricardo Pepi,0.051799975335598,0.0,10.1,52.1,block,,open_play,head,5,blocked
2026-06-19,15186878,,USA v Australia,Australia,USA,Mohamed Touré,0.027309888973832,0.035392370074987,12.2,76.1,save,,open_play,right-foot,1,saved
2026-06-19,15186859,,Scotland v Morocco,Morocco,Scotland,Ayoube Amaimouni Echghouyab,0.090730242431164,0.0,13.5,67.3,miss,,fast_break,left-foot,90,missed
2026-06-19,15186859,,Scotland v Morocco,Morocco,Scotland,Chemsdine Talbi,0.044738098978996,0.0,9.2,28.4,miss,,fast_break,left-foot,90,missed
2026-06-19,15186859,,Scotland v Morocco,Morocco,Scotland,Chemsdine Talbi,0.0091201243922114,0.0,26.3,25.8,block,,open_play,right-foot,90,blocked
2026-06-19,15186859,,Scotland v Morocco,Scotland,Morocco,Scott McTominay,0.097988165915012,0.0,8.7,59.1,block,,open_play,left-foot,88,blocked
2026-06-19,15186859,,Scotland v Morocco,Scotland,Morocco,Lyndon Dykes,0.14328536391258,0.0,6.0,46.7,miss,,corner,head,86,missed
2026-06-19,15186859,,Scotland v Morocco,Scotland,Morocco,Scott McTominay,0.032537672668695,0.0,9.2,72.2,block,,open_play,right-foot,85,blocked
2026-06-19,15186859,,Scotland v Morocco,Scotland,Morocco,Ryan Christie,0.044712103903294,0.0,18.4,49.5,miss,,open_play,right-foot,64,missed
2026-06-19,15186859,,Scotland v Morocco,Morocco,Scotland,Achraf Hakimi,0.010549952276051,0.0,20.3,21.5,miss,,open_play,right-foot,62,missed
2026-06-19,15186859,,Scotland v Morocco,Morocco,Scotland,Brahim Díaz,0.042207263410091,0.0,6.0,67.3,block,,open_play,right-foot,58,blocked
2026-06-19,15186859,,Scotland v Morocco,Morocco,Scotland,Bilal El Khannouss,0.0099870068952441,0.040223442018032,5.1,65.6,save,,corner,head,52,saved
2026-06-19,15186859,,Scotland v Morocco,Morocco,Scotland,Ismael Saibari,0.10108336061239,0.0,11.4,43.8,block,,open_play,left-foot,50,blocked
2026-06-19,15186859,,Scotland v Morocco,Scotland,Morocco,Kieran Tierney,0.031983744353056,0.0,12.2,33.8,block,,open_play,left-foot,45,blocked
2026-06-19,15186859,,Scotland v Morocco,Scotland,Morocco,John McGinn,0.16405241191387,0.0,2.7,59.9,miss,,open_play,right-foot,45,missed
2026-06-19,15186859,,Scotland v Morocco,Morocco,Scotland,Achraf Hakimi,0.30438652634621,0.0,7.6,53.0,miss,,open_play,right-foot,38,missed
2026-06-19,15186859,,Scotland v Morocco,Morocco,Scotland,Bilal El Khannouss,0.16853457689285,0.0,10.8,36.0,miss,,open_play,right-foot,36,missed
2026-06-19,15186859,,Scotland v Morocco,Morocco,Scotland,Neil El Aynaoui,0.07115113735199,0.0,13.7,64.6,miss,,open_play,right-foot,30,missed
2026-06-19,15186859,,Scotland v Morocco,Morocco,Scotland,Ayyoub Bouaddi,0.011489948257804,0.0,27.0,64.1,block,,corner,right-foot,21,blocked
2026-06-19,15186859,,Scotland v Morocco,Morocco,Scotland,Ismael Saibari,0.12961468100548,0.4538182914257,7.6,69.2,goal,regular,open_play,right-foot,2,goal
2026-06-20,15186856,,Brazil v Haiti,Haiti,Brazil,Dominique Simon,0.026532743126154,0.083276711404324,27.6,56.9,save,,open_play,right-foot,90,saved
2026-06-20,15186856,,Brazil v Haiti,Brazil,Haiti,Éderson,0.24555279314518,0.0,2.1,58.9,miss,,open_play,right-foot,90,missed
2026-06-20,15186856,,Brazil v Haiti,Haiti,Brazil,Ricardo Adé,0.016145758330822,0.0,34.5,66.5,miss,,open_play,right-foot,89,missed
2026-06-20,15186856,,Brazil v Haiti,Haiti,Brazil,Wilson Isidor,0.033676728606224,0.12160882353783,4.6,29.7,save,,open_play,left-foot,87,saved
2026-06-20,15186856,,Brazil v Haiti,Brazil,Haiti,Douglas Santos,0.104990914464,0.0,10.1,32.1,miss,,open_play,left-foot,76,missed
2026-06-20,15186856,,Brazil v Haiti,Haiti,Brazil,Jean-Kévin Duverne,0.027102500200272,0.0,9.1,34.6,miss,,set_piece,right-foot,66,missed
2026-06-20,15186856,,Brazil v Haiti,Haiti,Brazil,Ruben Providence,0.029532311484218,0.0,13.8,33.1,miss,,set_piece,right-foot,66,missed
2026-06-20,15186856,,Brazil v Haiti,Haiti,Brazil,Ricardo Adé,0.061141800135374,0.22851723432541,4.3,39.8,save,,corner,head,63,saved
2026-06-20,15186856,,Brazil v Haiti,Haiti,Brazil,Wilson Isidor,0.049614153802395,0.0,21.9,51.9,block,,open_play,right-foot,49,blocked
2026-06-20,15186856,,Brazil v Haiti,Brazil,Haiti,Vinícius Júnior,0.2817422747612,0.20952373743057,9.7,33.1,goal,regular,open_play,right-foot,45,goal
2026-06-20,15186856,,Brazil v Haiti,Brazil,Haiti,Matheus Cunha,0.22476881742477,0.79120641946793,10.7,33.6,goal,regular,fast_break,left-foot,36,goal
2026-06-20,15186856,,Brazil v Haiti,Brazil,Haiti,Raphinha,0.25093659758568,0.45350661873817,14.4,61.0,save,,open_play,left-foot,29,saved
2026-06-20,15186856,,Brazil v Haiti,Brazil,Haiti,Matheus Cunha,0.60258883237839,0.84260392189026,6.7,48.6,goal,regular,fast_break,left-foot,23,goal
2026-06-20,15186856,,Brazil v Haiti,Brazil,Haiti,Vinícius Júnior,0.077313080430031,0.036654401570559,11.3,33.7,save,,fast_break,right-foot,23,saved
2026-06-20,15186856,,Brazil v Haiti,Brazil,Haiti,Vinícius Júnior,0.012287416495383,0.0,14.1,33.9,block,,corner,right-foot,17,blocked
2026-06-20,15186879,,Türkiye v Paraguay,Türkiye,Paraguay,Hakan Çalhanoğlu,0.033146012574434,0.0,24.7,51.7,miss,,set_piece,right-foot,90,missed
2026-06-20,15186879,,Türkiye v Paraguay,Türkiye,Paraguay,Merih Demiral,0.076179526746273,0.0,8.8,48.6,miss,,set_piece,head,90,missed
2026-06-20,15186879,,Türkiye v Paraguay,Türkiye,Paraguay,Can Uzun,0.066167697310448,0.0,18.7,35.1,block,,open_play,right-foot,90,blocked
2026-06-20,15186879,,Türkiye v Paraguay,Türkiye,Paraguay,Kenan Yıldız,0.054493226110935,0.0,12.0,28.0,block,,open_play,right-foot,90,blocked
2026-06-20,15186879,,Türkiye v Paraguay,Paraguay,Türkiye,Matías Galarza,0.060770258307457,0.0,25.6,49.7,block,,fast_break,left-foot,90,blocked
2026-06-20,15186879,,Türkiye v Paraguay,Türkiye,Paraguay,Deniz Gül,0.43840566277504,0.0,3.9,41.9,miss,,open_play,left-foot,89,missed
2026-06-20,15186879,,Türkiye v Paraguay,Türkiye,Paraguay,Can Uzun,0.17237789928913,0.40646195411682,13.5,47.4,save,,open_play,right-foot,89,saved
2026-06-20,15186879,,Türkiye v Paraguay,Paraguay,Türkiye,Gustavo Gómez,0.053261194378138,0.0,9.8,51.2,block,,set_piece,head,89,blocked
2026-06-20,15186879,,Türkiye v Paraguay,Türkiye,Paraguay,Arda Güler,0.035167045891285,0.0,20.3,66.0,block,,open_play,left-foot,86,blocked
2026-06-20,15186879,,Türkiye v Paraguay,Türkiye,Paraguay,Can Uzun,0.046962261199951,0.0,18.1,35.6,miss,,open_play,right-foot,82,missed
2026-06-20,15186879,,Türkiye v Paraguay,Türkiye,Paraguay,Merih Demiral,0.1937892138958,0.0,9.8,57.9,miss,,open_play,right-foot,80,missed
2026-06-20,15186879,,Türkiye v Paraguay,Türkiye,Paraguay,Mert Müldür,0.055775485932827,0.0,9.9,41.7,miss,,open_play,head,78,missed
2026-06-20,15186879,,Türkiye v Paraguay,Türkiye,Paraguay,Hakan Çalhanoğlu,0.019083112478256,0.0,22.5,56.8,block,,corner,right-foot,76,blocked
2026-06-20,15186879,,Türkiye v Paraguay,Türkiye,Paraguay,Mert Müldür,0.082793593406677,0.0,7.9,52.1,block,,corner,head,75,blocked
2026-06-20,15186879,,Türkiye v Paraguay,Türkiye,Paraguay,Barış Alper Yılmaz,0.024886634200811,0.0,19.5,73.0,miss,,fast_break,right-foot,72,missed
2026-06-20,15186879,,Türkiye v Paraguay,Türkiye,Paraguay,Merih Demiral,0.019023770466447,0.0,26.5,60.0,miss,,open_play,right-foot,65,missed
2026-06-20,15186879,,Türkiye v Paraguay,Türkiye,Paraguay,Kenan Yıldız,0.03665716201067,0.0,10.8,30.3,miss,,open_play,right-foot,62,missed
2026-06-20,15186879,,Türkiye v Paraguay,Türkiye,Paraguay,Deniz Gül,0.15031309425831,0.17125709354877,7.4,48.5,save,,open_play,head,62,saved
2026-06-20,15186879,,Türkiye v Paraguay,Paraguay,Türkiye,Julio Enciso,0.094098202884197,0.0,7.6,59.7,miss,,set_piece,left-foot,60,missed
2026-06-20,15186879,,Türkiye v Paraguay,Türkiye,Paraguay,Merih Demiral,0.01990870013833,0.026632931083441,25.0,71.4,save,,open_play,right-foot,59,saved
2026-06-20,15186879,,Türkiye v Paraguay,Türkiye,Paraguay,Hakan Çalhanoğlu,0.14512178301811,0.0,4.5,35.9,miss,,open_play,left-foot,57,missed
2026-06-20,15186879,,Türkiye v Paraguay,Türkiye,Paraguay,Kenan Yıldız,0.025793340057135,0.0,6.3,29.1,miss,,set_piece,left-foot,48,missed
2026-06-20,15186879,,Türkiye v Paraguay,Türkiye,Paraguay,Merih Demiral,0.016145758330822,0.0489731580019,30.3,65.4,save,,open_play,right-foot,47,saved
2026-06-20,15186879,,Türkiye v Paraguay,Türkiye,Paraguay,Hakan Çalhanoğlu,0.018761500716209,0.0,28.2,35.8,block,,open_play,right-foot,45,blocked
2026-06-20,15186879,,Türkiye v Paraguay,Türkiye,Paraguay,Abdülkerim Bardakcı,0.021963788196445,0.0,26.3,33.6,block,,open_play,left-foot,45,blocked
2026-06-20,15186879,,Türkiye v Paraguay,Türkiye,Paraguay,İsmail Yüksek,0.038499139249325,0.0,13.8,31.5,miss,,set_piece,right-foot,45,missed
2026-06-20,15186879,,Türkiye v Paraguay,Türkiye,Paraguay,İsmail Yüksek,0.045391824096441,0.0,24.6,48.9,miss,,open_play,left-foot,45,missed
2026-06-20,15186879,,Türkiye v Paraguay,Türkiye,Paraguay,Hakan Çalhanoğlu,0.025082988664508,0.0,26.1,44.5,block,,open_play,right-foot,45,blocked
2026-06-20,15186879,,Türkiye v Paraguay,Paraguay,Türkiye,Juan Cáceres,0.052846308797598,0.059911698102951,7.7,71.6,save,,open_play,right-foot,37,saved
2026-06-20,15186879,,Türkiye v Paraguay,Türkiye,Paraguay,Kenan Yıldız,0.022022059187293,0.0,12.8,30.1,miss,,open_play,right-foot,36,missed
2026-06-20,15186879,,Türkiye v Paraguay,Türkiye,Paraguay,Mert Müldür,0.059993047267199,0.0,8.8,45.8,block,,set_piece,head,35,blocked
2026-06-20,15186879,,Türkiye v Paraguay,Türkiye,Paraguay,Kenan Yıldız,0.039861243218184,0.018615271896124,18.8,48.1,save,,corner,right-foot,30,saved
2026-06-20,15186879,,Türkiye v Paraguay,Türkiye,Paraguay,Arda Güler,0.016636963933706,0.0,28.2,68.1,block,,open_play,left-foot,25,blocked
2026-06-20,15186879,,Türkiye v Paraguay,Türkiye,Paraguay,Hakan Çalhanoğlu,0.0063759563490748,0.0,21.6,31.1,block,,corner,right-foot,21,blocked
2026-06-20,15186879,,Türkiye v Paraguay,Türkiye,Paraguay,Kenan Yıldız,0.042115122079849,0.0,8.3,29.7,block,,open_play,right-foot,15,blocked
2026-06-20,15186879,,Türkiye v Paraguay,Türkiye,Paraguay,Arda Güler,0.19383132457733,0.0,15.4,56.8,miss,,fast_break,right-foot,14,missed
2026-06-20,15186879,,Türkiye v Paraguay,Paraguay,Türkiye,Diego Gómez,0.023166973143816,0.0,27.7,49.9,miss,,open_play,right-foot,11,missed
2026-06-20,15186879,,Türkiye v Paraguay,Paraguay,Türkiye,Omar Alderete,0.0074839596636593,0.0,30.5,47.4,miss,,open_play,left-foot,11,missed
2026-06-20,15186879,,Türkiye v Paraguay,Paraguay,Türkiye,Matías Galarza,0.031625431030989,0.14848716557026,24.0,48.5,goal,regular,open_play,left-foot,2,goal
2026-06-20,15186957,,Netherlands v Sweden,Sweden,Netherlands,Gustaf Lagerbielke,0.050437584519386,0.18542759120464,8.2,45.2,save,,corner,head,90,saved
2026-06-20,15186957,,Netherlands v Sweden,Sweden,Netherlands,Viktor Gyökeres,0.035072769969702,0.0,17.4,30.2,block,,fast_break,right-foot,90,blocked
2026-06-20,15186957,,Netherlands v Sweden,Netherlands,Sweden,Crysencio Summerville,0.086289674043655,0.67971670627594,18.4,47.6,goal,regular,open_play,right-foot,89,goal
2026-06-20,15186957,,Netherlands v Sweden,Sweden,Netherlands,Besfort Zeneli,0.014283142983913,0.096117854118347,27.2,59.5,save,,corner,left-foot,85,saved
2026-06-20,15186957,,Netherlands v Sweden,Sweden,Netherlands,Alexander Isak,0.024060029536486,0.12498995661736,19.5,30.3,save,,open_play,right-foot,84,saved
2026-06-20,15186957,,Netherlands v Sweden,Sweden,Netherlands,Anthony Elanga,0.29997882246971,0.64458328485489,13.6,39.3,goal,regular,fast_break,left-foot,59,goal
2026-06-20,15186957,,Netherlands v Sweden,Netherlands,Sweden,Ryan Gravenberch,0.034507427364588,0.0,21.9,67.7,miss,,open_play,right-foot,57,missed
2026-06-20,15186957,,Netherlands v Sweden,Sweden,Netherlands,Yasin Ayari,0.048940218985081,0.0,20.3,65.2,miss,,open_play,right-foot,57,missed
2026-06-20,15186957,,Netherlands v Sweden,Netherlands,Sweden,Cody Gakpo,0.13121670484543,0.66160207986832,13.8,36.8,goal,regular,fast_break,right-foot,54,goal
2026-06-20,15186957,,Netherlands v Sweden,Sweden,Netherlands,Yasin Ayari,0.056621085852385,0.0,22.2,44.0,block,,set_piece,right-foot,52,blocked
2026-06-20,15186957,,Netherlands v Sweden,Netherlands,Sweden,Cody Gakpo,0.033809788525105,0.0,18.5,39.5,block,,open_play,right-foot,50,blocked
2026-06-20,15186957,,Netherlands v Sweden,Netherlands,Sweden,Cody Gakpo,0.94686257839203,0.9790678024292,1.3,47.2,goal,regular,open_play,left-foot,47,goal
2026-06-20,15186957,,Netherlands v Sweden,Sweden,Netherlands,Yasin Ayari,0.022873437032104,0.30160441994667,19.8,32.8,save,,open_play,right-foot,45,saved
2026-06-20,15186957,,Netherlands v Sweden,Sweden,Netherlands,Benjamin Nygren,0.047213416546583,0.0,18.9,61.5,miss,,set_piece,left-foot,45,missed
2026-06-20,15186957,,Netherlands v Sweden,Sweden,Netherlands,Viktor Gyökeres,0.059625774621964,0.089869067072868,18.5,32.0,save,,free_kick,right-foot,45,saved
2026-06-20,15186957,,Netherlands v Sweden,Sweden,Netherlands,Yasin Ayari,0.075616247951984,0.0,18.2,46.0,miss,,open_play,right-foot,41,missed
2026-06-20,15186957,,Netherlands v Sweden,Netherlands,Sweden,Cody Gakpo,0.029675191268325,0.016485305503011,19.8,27.3,save,,open_play,right-foot,38,saved
2026-06-20,15186957,,Netherlands v Sweden,Sweden,Netherlands,Viktor Gyökeres,0.062842547893524,0.17620094120502,14.1,31.6,save,,open_play,right-foot,37,saved
2026-06-20,15186957,,Netherlands v Sweden,Sweden,Netherlands,Viktor Gyökeres,0.073177441954613,0.0,10.5,62.4,miss,,open_play,right-foot,33,missed
2026-06-20,15186957,,Netherlands v Sweden,Sweden,Netherlands,Yasin Ayari,0.021071903407574,0.0,14.4,30.7,miss,,open_play,right-foot,31,missed
2026-06-20,15186957,,Netherlands v Sweden,Sweden,Netherlands,Jesper Karlström,0.081553235650063,0.0,10.0,51.8,block,,set_piece,right-foot,27,blocked
2026-06-20,15186957,,Netherlands v Sweden,Netherlands,Sweden,Brian Brobbey,0.63332152366638,0.98331201076508,4.1,53.4,goal,regular,open_play,right-foot,17,goal
2026-06-20,15186957,,Netherlands v Sweden,Netherlands,Sweden,Tijjani Reijnders,0.029244557023048,0.0,11.3,33.3,miss,,open_play,left-foot,15,missed
2026-06-20,15186957,,Netherlands v Sweden,Netherlands,Sweden,Cody Gakpo,0.022416761144996,0.0089799696579576,11.2,41.1,save,,open_play,head,11,saved
2026-06-20,15186957,,Netherlands v Sweden,Sweden,Netherlands,Viktor Gyökeres,0.032872911542654,0.089511752128601,10.4,69.5,save,,open_play,right-foot,7,saved
2026-06-20,15186957,,Netherlands v Sweden,Netherlands,Sweden,Brian Brobbey,0.65940833091736,0.86699950695038,4.9,50.2,goal,regular,open_play,right-foot,5,goal
2026-06-20,15186905,,Germany v Côte d'Ivoire,Germany,Côte d'Ivoire,Deniz Undav,0.34770256280899,0.31055381894112,13.2,44.8,goal,regular,open_play,left-foot,90,goal
2026-06-20,15186905,,Germany v Côte d'Ivoire,Germany,Côte d'Ivoire,Nadiem Amiri,0.084111407399178,0.22338376939297,13.6,47.9,save,,open_play,right-foot,90,saved
2026-06-20,15186905,,Germany v Côte d'Ivoire,Germany,Côte d'Ivoire,Nathaniel Brown,0.087763160467148,0.14983239769936,12.9,35.0,save,,open_play,left-foot,89,saved
2026-06-20,15186905,,Germany v Côte d'Ivoire,Germany,Côte d'Ivoire,Deniz Undav,0.01914120092988,0.043978728353977,26.1,70.5,save,,open_play,right-foot,86,saved
2026-06-20,15186905,,Germany v Côte d'Ivoire,Côte d'Ivoire,Germany,Seko Fofana,0.024726735427976,0.0,19.1,29.1,block,,open_play,right-foot,84,blocked
2026-06-20,15186905,,Germany v Côte d'Ivoire,Germany,Côte d'Ivoire,Deniz Undav,0.62647014856339,0.81110543012619,5.1,47.9,goal,regular,open_play,left-foot,68,goal
2026-06-20,15186905,,Germany v Côte d'Ivoire,Germany,Côte d'Ivoire,Kai Havertz,0.074206486344337,0.0,3.6,60.5,miss,,corner,head,63,missed
2026-06-20,15186905,,Germany v Côte d'Ivoire,Germany,Côte d'Ivoire,Jamie Leweling,0.018906854093075,0.0,24.0,54.3,miss,,open_play,left-foot,61,missed
2026-06-20,15186905,,Germany v Côte d'Ivoire,Germany,Côte d'Ivoire,Antonio Rüdiger,0.016417108476162,0.0,33.1,49.5,miss,,open_play,right-foot,57,missed
2026-06-20,15186905,,Germany v Côte d'Ivoire,Côte d'Ivoire,Germany,Yan Diomande,0.070409797132015,0.0,16.3,57.9,miss,,open_play,right-foot,56,missed
2026-06-20,15186905,,Germany v Côte d'Ivoire,Côte d'Ivoire,Germany,Christ Inao Oulaï,0.20240564644337,0.0,14.1,58.1,miss,,fast_break,right-foot,51,missed
2026-06-20,15186905,,Germany v Côte d'Ivoire,Côte d'Ivoire,Germany,Franck Kessié,0.15511994063854,0.0,12.5,57.0,block,,fast_break,right-foot,50,blocked
2026-06-20,15186905,,Germany v Côte d'Ivoire,Côte d'Ivoire,Germany,Ghislain Konan,0.018844906240702,0.0,20.1,26.0,block,,open_play,left-foot,46,blocked
2026-06-20,15186905,,Germany v Côte d'Ivoire,Germany,Côte d'Ivoire,Florian Wirtz,0.29942128062248,0.28727072477341,10.2,54.0,save,,open_play,right-foot,45,saved
2026-06-20,15186905,,Germany v Côte d'Ivoire,Germany,Côte d'Ivoire,Felix Nmecha,0.032517272979021,0.0,27.8,52.3,block,,open_play,right-foot,45,blocked
2026-06-20,15186905,,Germany v Côte d'Ivoire,Germany,Côte d'Ivoire,Jamal Musiala,0.017091989517212,0.0,20.4,35.2,block,,corner,left-foot,42,blocked
2026-06-20,15186905,,Germany v Côte d'Ivoire,Germany,Côte d'Ivoire,Florian Wirtz,0.06304657459259,0.0,14.7,55.6,block,,open_play,right-foot,41,blocked
2026-06-20,15186905,,Germany v Côte d'Ivoire,Côte d'Ivoire,Germany,Ange-Yoan Bonny,0.048566274344921,0.14075428247452,18.1,32.7,save,,fast_break,right-foot,38,saved
2026-06-20,15186905,,Germany v Côte d'Ivoire,Côte d'Ivoire,Germany,Franck Kessié,0.30476406216621,0.96423232555389,6.9,55.1,goal,regular,open_play,right-foot,30,goal
2026-06-20,15186905,,Germany v Côte d'Ivoire,Côte d'Ivoire,Germany,Amad Diallo,0.29833781719208,0.0,3.9,53.3,block,,open_play,left-foot,30,blocked
2026-06-20,15186905,,Germany v Côte d'Ivoire,Germany,Côte d'Ivoire,Felix Nmecha,0.02688117697835,0.0,23.7,58.7,block,,open_play,right-foot,21,blocked
2026-06-20,15186905,,Germany v Côte d'Ivoire,Germany,Côte d'Ivoire,Jamal Musiala,0.044556807726622,0.0,20.1,37.8,miss,,open_play,right-foot,18,missed
2026-06-20,15186905,,Germany v Côte d'Ivoire,Côte d'Ivoire,Germany,Wilfried Singo,0.093881249427795,0.0,15.1,58.8,block,,open_play,left-foot,12,blocked
2026-06-20,15186905,,Germany v Côte d'Ivoire,Germany,Côte d'Ivoire,Kai Havertz,0.064641810953617,0.5295484662056,10.1,51.5,save,,open_play,head,10,saved
2026-06-20,15186905,,Germany v Côte d'Ivoire,Germany,Côte d'Ivoire,Kai Havertz,0.070976376533508,0.0,14.4,50.9,miss,,open_play,left-foot,1,missed
2026-06-21,15186906,,Ecuador v Curaçao,Ecuador,Curaçao,Enner Valencia,0.14316482841969,0.0,8.5,38.0,miss,,open_play,right-foot,84,missed
2026-06-21,15186906,,Ecuador v Curaçao,Ecuador,Curaçao,Pedro Vite,0.021287303417921,0.072038233280182,23.4,30.9,save,,open_play,left-foot,80,saved
2026-06-21,15186906,,Ecuador v Curaçao,Ecuador,Curaçao,Enner Valencia,0.033322729170322,0.045041181147099,11.7,49.3,save,,open_play,head,77,saved
2026-06-21,15186906,,Ecuador v Curaçao,Curaçao,Ecuador,Juninho Bacuna,0.034650590270758,0.22339487075806,19.2,41.3,save,,open_play,left-foot,74,saved
2026-06-21,15186906,,Ecuador v Curaçao,Ecuador,Curaçao,Piero Hincapié,0.23122306168079,0.0,5.5,49.9,miss,,corner,head,74,missed
2026-06-21,15186906,,Ecuador v Curaçao,Ecuador,Curaçao,John Yeboah,0.049670677632093,0.0,11.1,65.7,block,,set_piece,right-foot,73,blocked
2026-06-21,15186906,,Ecuador v Curaçao,Ecuador,Curaçao,Nilson Angulo,0.01274485886097,0.040982529520988,25.7,25.8,save,,open_play,right-foot,72,saved
2026-06-21,15186906,,Ecuador v Curaçao,Ecuador,Curaçao,Kevin Rodriguez,0.042567938566208,0.0,16.0,49.8,miss,,open_play,right-foot,67,missed
2026-06-21,15186906,,Ecuador v Curaçao,Ecuador,Curaçao,Willian Pacho,0.070483177900314,0.090875916182995,8.3,48.3,save,,corner,head,66,saved
2026-06-21,15186906,,Ecuador v Curaçao,Ecuador,Curaçao,Enner Valencia,0.37067303061485,0.0,3.2,48.7,block,,corner,right-foot,66,blocked
2026-06-21,15186906,,Ecuador v Curaçao,Ecuador,Curaçao,Kevin Rodriguez,0.18589152395725,0.17759537696838,5.1,48.9,save,,corner,head,66,saved
2026-06-21,15186906,,Ecuador v Curaçao,Ecuador,Curaçao,Enner Valencia,0.10737402737141,0.22431698441505,4.7,40.3,save,,open_play,head,65,saved
2026-06-21,15186906,,Ecuador v Curaçao,Ecuador,Curaçao,Kevin Rodriguez,0.057261273264885,0.0,7.4,55.2,miss,,corner,head,64,missed
2026-06-21,15186906,,Ecuador v Curaçao,Ecuador,Curaçao,Kevin Rodriguez,0.028429288417101,0.0,8.5,28.9,miss,,fast_break,left-foot,62,missed
2026-06-21,15186906,,Ecuador v Curaçao,Ecuador,Curaçao,Enner Valencia,0.032250761985779,0.065202288329601,15.8,32.1,save,,fast_break,right-foot,61,saved
2026-06-21,15186906,,Ecuador v Curaçao,Curaçao,Ecuador,Jürgen Locadia,0.10980377346277,0.0,8.2,68.1,block,,open_play,right-foot,60,blocked
2026-06-21,15186906,,Ecuador v Curaçao,Curaçao,Ecuador,Livano Comenencia,0.10218165814877,0.5402427315712,15.4,54.0,save,,open_play,right-foot,60,saved
2026-06-21,15186906,,Ecuador v Curaçao,Curaçao,Ecuador,Leandro Bacuna,0.021039238199592,0.11493951827288,18.9,35.6,save,,open_play,right-foot,60,saved
2026-06-21,15186906,,Ecuador v Curaçao,Ecuador,Curaçao,Gonzalo Plata,0.23957681655884,0.51514202356339,5.1,49.8,save,,corner,head,59,saved
2026-06-21,15186906,,Ecuador v Curaçao,Ecuador,Curaçao,Piero Hincapié,0.11194008588791,0.0,3.8,57.1,miss,,corner,head,59,missed
2026-06-21,15186906,,Ecuador v Curaçao,Curaçao,Ecuador,Leandro Bacuna,0.044959161430597,0.0,22.8,40.1,miss,,fast_break,right-foot,57,missed
2026-06-21,15186906,,Ecuador v Curaçao,Ecuador,Curaçao,Gonzalo Plata,0.022076642140746,0.0,2.5,69.2,miss,,set_piece,right-foot,54,missed
2026-06-21,15186906,,Ecuador v Curaçao,Ecuador,Curaçao,Gonzalo Plata,0.021661525592208,0.0,28.8,44.6,miss,,open_play,left-foot,50,missed
2026-06-21,15186906,,Ecuador v Curaçao,Ecuador,Curaçao,Moisés Caicedo,0.035815577954054,0.088806711137295,26.3,50.3,save,,open_play,right-foot,50,saved
2026-06-21,15186906,,Ecuador v Curaçao,Curaçao,Ecuador,Livano Comenencia,0.017154417932034,0.0,28.7,49.9,miss,,open_play,left-foot,45,missed
2026-06-21,15186906,,Ecuador v Curaçao,Ecuador,Curaçao,John Yeboah,0.072659991681576,0.093549117445946,14.7,37.6,save,,open_play,left-foot,42,saved
2026-06-21,15186906,,Ecuador v Curaçao,Curaçao,Ecuador,Juninho Bacuna,0.086729653179646,0.0,14.2,39.2,block,,open_play,right-foot,33,blocked
2026-06-21,15186906,,Ecuador v Curaçao,Curaçao,Ecuador,Juninho Bacuna,0.021549364551902,0.0,28.3,40.1,block,,open_play,left-foot,30,blocked
2026-06-21,15186906,,Ecuador v Curaçao,Ecuador,Curaçao,Gonzalo Plata,0.066613607108593,0.02896405570209,19.4,48.9,save,,fast_break,right-foot,28,saved
2026-06-21,15186906,,Ecuador v Curaçao,Ecuador,Curaçao,Jordy Alcivar,0.039093229919672,0.0,16.6,50.5,miss,,open_play,right-foot,22,missed
2026-06-21,15186906,,Ecuador v Curaçao,Ecuador,Curaçao,Enner Valencia,0.32219254970551,0.25052642822266,7.7,48.0,save,,open_play,right-foot,20,saved
2026-06-21,15186906,,Ecuador v Curaçao,Curaçao,Ecuador,Livano Comenencia,0.02404073998332,0.0,22.7,68.1,miss,,open_play,right-foot,18,missed
2026-06-21,15186906,,Ecuador v Curaçao,Ecuador,Curaçao,Gonzalo Plata,0.025637745857239,0.01114840246737,25.0,63.4,save,,open_play,left-foot,16,saved
2026-06-21,15186906,,Ecuador v Curaçao,Ecuador,Curaçao,Pedro Vite,0.042128656059504,0.0,13.0,63.5,miss,,open_play,left-foot,14,missed
2026-06-21,15186906,,Ecuador v Curaçao,Ecuador,Curaçao,John Yeboah,0.033313937485218,0.028802022337914,14.5,64.8,save,,open_play,left-foot,12,saved
2026-06-21,15186906,,Ecuador v Curaçao,Curaçao,Ecuador,Sherel Constancio Floranus,0.051099706441164,0.0,13.8,30.0,miss,,fast_break,right-foot,8,missed
2026-06-21,15186906,,Ecuador v Curaçao,Ecuador,Curaçao,Enner Valencia,0.4868440926075,0.54023766517639,11.0,45.0,save,,open_play,right-foot,3,saved
2026-06-21,15186963,,Tunisia v Japan,Japan,Tunisia,Junya Ito,0.046223949640989,0.0,7.4,32.3,block,,fast_break,right-foot,85,blocked
2026-06-21,15186963,,Tunisia v Japan,Japan,Tunisia,Ayase Ueda,0.28384456038475,0.89538711309433,5.8,47.0,goal,regular,open_play,head,83,goal
2026-06-21,15186963,,Tunisia v Japan,Tunisia,Japan,Ismael Gharbi,0.034484397619963,0.0,10.2,31.5,block,,corner,left-foot,75,blocked
2026-06-21,15186963,,Tunisia v Japan,Japan,Tunisia,Junya Ito,0.58937352895737,0.59378296136856,10.8,55.5,goal,regular,open_play,right-foot,69,goal
2026-06-21,15186963,,Tunisia v Japan,Japan,Tunisia,Keito Nakamura,0.015274699777365,0.0,19.7,30.3,block,,open_play,right-foot,66,blocked
2026-06-21,15186963,,Tunisia v Japan,Japan,Tunisia,Ayase Ueda,0.020451180636883,0.0,24.0,45.0,block,,open_play,right-foot,63,blocked
2026-06-21,15186963,,Tunisia v Japan,Japan,Tunisia,Ao Tanaka,0.033904083073139,0.0,25.1,47.4,miss,,open_play,right-foot,48,missed
2026-06-21,15186963,,Tunisia v Japan,Japan,Tunisia,Ayase Ueda,0.02959624864161,0.092295676469803,16.9,73.0,goal,regular,fast_break,right-foot,31,goal
2026-06-21,15186963,,Tunisia v Japan,Japan,Tunisia,Takehiro Tomiyasu,0.18606455624104,0.0,1.1,55.6,miss,,corner,right-foot,10,missed
2026-06-21,15186963,,Tunisia v Japan,Japan,Tunisia,Ayase Ueda,0.038548488169909,0.16969177126884,12.9,71.4,save,,corner,right-foot,10,saved
2026-06-21,15186963,,Tunisia v Japan,Japan,Tunisia,Ayase Ueda,0.16494356095791,0.0,15.7,51.3,miss,,open_play,left-foot,6,missed
2026-06-21,15186963,,Tunisia v Japan,Japan,Tunisia,Daichi Kamada,0.72525584697723,0.98368453979492,3.5,47.4,goal,regular,open_play,left-foot,4,goal
2026-06-21,15186963,,Tunisia v Japan,Tunisia,Japan,Hannibal Mejbri,0.014202390797436,0.0,20.6,20.1,miss,,set_piece,right-foot,3,missed
2026-06-21,15186840,,Spain v Saudi Arabia,Spain,Saudi Arabia,Mikel Merino,0.047520875930786,0.0,16.4,71.1,block,,open_play,left-foot,90,blocked
2026-06-21,15186840,,Spain v Saudi Arabia,Saudi Arabia,Spain,Abdullah Al-Hamdan,0.037044573575258,0.1267302185297,23.9,62.3,save,,open_play,left-foot,81,saved
2026-06-21,15186840,,Spain v Saudi Arabia,Spain,Saudi Arabia,Ferran Torres,0.4408814907074,0.0,13.0,36.4,miss,,open_play,right-foot,65,missed
2026-06-21,15186840,,Spain v Saudi Arabia,Spain,Saudi Arabia,Ferran Torres,0.037239469587803,0.36583626270294,12.6,58.5,save,,open_play,head,53,saved
2026-06-21,15186840,,Spain v Saudi Arabia,Spain,Saudi Arabia,Pedro Porro,0.19551712274551,0.08836854249239,10.7,66.0,save,,open_play,right-foot,53,saved
2026-06-21,15186840,,Spain v Saudi Arabia,Spain,Saudi Arabia,Hassan Tambakti,,,2.5,52.7,goal,own,corner,other,49,goal
2026-06-21,15186840,,Spain v Saudi Arabia,Spain,Saudi Arabia,Marc Cucurella,0.1836754232645,0.20024484395981,4.0,57.7,save,,corner,left-foot,49,saved
2026-06-21,15186840,,Spain v Saudi Arabia,Saudi Arabia,Spain,Salem Al-Dawsari,0.029376737773418,0.0,18.8,50.0,block,,set_piece,right-foot,45,blocked
2026-06-21,15186840,,Spain v Saudi Arabia,Spain,Saudi Arabia,Rodri,0.038726005703211,0.0,18.4,46.5,miss,,open_play,left-foot,45,missed
2026-06-21,15186840,,Spain v Saudi Arabia,Spain,Saudi Arabia,Mikel Oyarzabal,0.04253463819623,0.0,9.8,35.2,miss,,open_play,left-foot,42,missed
2026-06-21,15186840,,Spain v Saudi Arabia,Spain,Saudi Arabia,Lamine Yamal,0.022413056343794,0.0,16.6,67.3,miss,,open_play,left-foot,37,missed
2026-06-21,15186840,,Spain v Saudi Arabia,Spain,Saudi Arabia,Lamine Yamal,0.019283024594188,0.52670389413834,25.6,61.5,save,,open_play,left-foot,36,saved
2026-06-21,15186840,,Spain v Saudi Arabia,Spain,Saudi Arabia,Mikel Oyarzabal,0.056184347718954,0.0,7.2,19.8,post,,open_play,left-foot,36,post
2026-06-21,15186840,,Spain v Saudi Arabia,Saudi Arabia,Spain,Abdulelah Al-Amri,0.08229386806488,0.0,70.0,65.6,miss,,fast_break,right-foot,35,missed
2026-06-21,15186840,,Spain v Saudi Arabia,Spain,Saudi Arabia,Lamine Yamal,0.020442364737391,0.0,18.7,68.1,miss,,open_play,left-foot,30,missed
2026-06-21,15186840,,Spain v Saudi Arabia,Spain,Saudi Arabia,Mikel Oyarzabal,0.49265614151955,0.96448820829391,2.4,54.9,goal,regular,open_play,left-foot,24,goal
2026-06-21,15186840,,Spain v Saudi Arabia,Spain,Saudi Arabia,Mikel Oyarzabal,0.18811547756195,0.29767227172852,5.2,43.2,goal,regular,corner,left-foot,21,goal
2026-06-21,15186840,,Spain v Saudi Arabia,Spain,Saudi Arabia,Dani Olmo,0.038207333534956,0.0,12.7,64.4,miss,,corner,right-foot,21,missed
2026-06-21,15186840,,Spain v Saudi Arabia,Spain,Saudi Arabia,Mikel Oyarzabal,0.021679712459445,0.095383480191231,23.2,35.2,save,,open_play,right-foot,17,saved
2026-06-21,15186840,,Spain v Saudi Arabia,Spain,Saudi Arabia,Alex Baena,0.017567859962583,0.0,19.4,22.9,miss,,open_play,right-foot,15,missed
2026-06-21,15186840,,Spain v Saudi Arabia,Spain,Saudi Arabia,Pedri,0.082543581724167,0.0,14.8,36.2,miss,,open_play,left-foot,13,missed
2026-06-21,15186840,,Spain v Saudi Arabia,Spain,Saudi Arabia,Lamine Yamal,0.27584850788116,0.91324716806412,1.9,56.0,goal,regular,open_play,right-foot,10,goal
2026-06-21,15186840,,Spain v Saudi Arabia,Spain,Saudi Arabia,Pedro Porro,0.021581597626209,0.0,21.9,70.9,miss,,open_play,right-foot,10,missed
2026-06-21,15186840,,Spain v Saudi Arabia,Spain,Saudi Arabia,Dani Olmo,0.014993190765381,0.0,20.3,65.6,miss,,corner,right-foot,8,missed
2026-06-21,15186840,,Spain v Saudi Arabia,Spain,Saudi Arabia,Lamine Yamal,0.015562418848276,0.0,26.2,67.1,miss,,open_play,left-foot,4,missed
2026-06-21,15186840,,Spain v Saudi Arabia,Spain,Saudi Arabia,Alex Baena,0.032185520976782,0.0,13.9,36.0,block,,open_play,right-foot,2,blocked
2026-06-21,15186499,,Belgium v Iran,Belgium,Iran,Dodi Lukebakio,0.02247678861022,0.0,18.8,71.1,miss,,open_play,left-foot,90,missed
2026-06-21,15186499,,Belgium v Iran,Belgium,Iran,Matías Fernández-Pardo,0.039965074509382,0.0,19.2,30.3,miss,,open_play,right-foot,90,missed
2026-06-21,15186499,,Belgium v Iran,Belgium,Iran,Brandon Mechele,0.072291791439056,0.0,7.7,44.8,miss,,set_piece,head,90,missed
2026-06-21,15186499,,Belgium v Iran,Iran,Belgium,Amirhossein Hosseinzadeh,0.054679822176695,0.0,12.5,41.5,block,,open_play,right-foot,88,blocked
2026-06-21,15186499,,Belgium v Iran,Belgium,Iran,Maxim De Cuyper,0.18556578457355,0.090707868337631,13.7,41.4,save,,open_play,right-foot,86,saved
2026-06-21,15186499,,Belgium v Iran,Belgium,Iran,Hans Vanaken,0.073748253285885,0.0,10.7,42.3,miss,,open_play,left-foot,84,missed
2026-06-21,15186499,,Belgium v Iran,Belgium,Iran,Youri Tielemans,0.025770146399736,0.0,16.5,32.7,miss,,set_piece,left-foot,84,missed
2026-06-21,15186499,,Belgium v Iran,Iran,Belgium,Saeid Ezatolahi,0.040120664983988,0.1348492205143,24.8,58.7,save,,open_play,right-foot,81,saved
2026-06-21,15186499,,Belgium v Iran,Iran,Belgium,Shoja Khalilzadeh,0.022924361750484,0.0,4.5,62.9,miss,,corner,head,65,missed
2026-06-21,15186499,,Belgium v Iran,Belgium,Iran,Hans Vanaken,0.078211553394794,0.0,13.4,46.2,miss,,open_play,left-foot,62,missed
2026-06-21,15186499,,Belgium v Iran,Belgium,Iran,Dodi Lukebakio,0.018252218142152,0.023898666724563,16.9,77.9,save,,open_play,left-foot,62,saved
2026-06-21,15186499,,Belgium v Iran,Belgium,Iran,Maxim De Cuyper,0.34511494636536,0.6641121506691,4.5,46.2,save,,open_play,right-foot,59,saved
2026-06-21,15186499,,Belgium v Iran,Iran,Belgium,Mehdi Taremi,0.18395905196667,0.40221118927002,10.8,54.2,save,,set_piece,right-foot,53,saved
2026-06-21,15186499,,Belgium v Iran,Belgium,Iran,Maxim De Cuyper,0.056868150830269,0.0,19.4,41.1,block,,open_play,left-foot,51,blocked
2026-06-21,15186499,,Belgium v Iran,Belgium,Iran,Alexis Saelemaekers,0.030675034970045,0.0,4.4,65.7,miss,,corner,right-foot,50,missed
2026-06-21,15186499,,Belgium v Iran,Belgium,Iran,Kevin De Bruyne,0.029210403561592,0.0,10.4,32.1,block,,open_play,left-foot,46,blocked
2026-06-21,15186499,,Belgium v Iran,Iran,Belgium,Alireza Jahanbakhsh,0.076038524508476,0.0,14.8,67.3,miss,,open_play,left-foot,46,missed
2026-06-21,15186499,,Belgium v Iran,Belgium,Iran,Kevin De Bruyne,0.027502557262778,0.0,11.2,26.3,block,,open_play,right-foot,45,blocked
2026-06-21,15186499,,Belgium v Iran,Belgium,Iran,Alexis Saelemaekers,0.051488690078259,0.0,16.4,48.5,block,,open_play,left-foot,44,blocked
2026-06-21,15186499,,Belgium v Iran,Belgium,Iran,Maxim De Cuyper,0.16528378427029,0.19591972231865,6.9,34.4,save,,open_play,left-foot,44,saved
2026-06-21,15186499,,Belgium v Iran,Belgium,Iran,Kevin De Bruyne,0.1347676217556,0.1073979511857,11.3,34.4,save,,open_play,right-foot,42,saved
2026-06-21,15186499,,Belgium v Iran,Belgium,Iran,Nathan Ngoy,0.052571374922991,0.0,15.9,48.7,miss,,corner,right-foot,23,missed
2026-06-21,15186499,,Belgium v Iran,Belgium,Iran,Youri Tielemans,0.035173516720533,0.20405134558678,9.4,72.0,save,,open_play,right-foot,22,saved
2026-06-21,15186499,,Belgium v Iran,Belgium,Iran,Leandro Trossard,0.056021869182587,0.0,14.8,36.6,block,,open_play,left-foot,19,blocked
2026-06-21,15186499,,Belgium v Iran,Iran,Belgium,Saeid Ezatolahi,0.097449868917465,0.0,4.9,57.4,miss,,corner,head,15,missed
2026-06-21,15186499,,Belgium v Iran,Iran,Belgium,Hossein Kanaani,0.14612290263176,0.33220449090004,13.6,50.5,save,,set_piece,right-foot,14,saved
2026-06-21,15186499,,Belgium v Iran,Belgium,Iran,Romelu Lukaku,0.027618307620287,0.0,8.9,29.8,block,,open_play,left-foot,10,blocked
2026-06-21,15186499,,Belgium v Iran,Belgium,Iran,Maxim De Cuyper,0.13464988768101,0.20286811888218,8.5,42.5,save,,open_play,right-foot,9,saved
2026-06-21,15186499,,Belgium v Iran,Belgium,Iran,Kevin De Bruyne,0.095402903854847,0.0,12.6,41.9,miss,,open_play,right-foot,9,missed
2026-06-21,15186499,,Belgium v Iran,Belgium,Iran,Kevin De Bruyne,0.033041622489691,0.0,14.1,28.4,miss,,open_play,right-foot,8,missed
2026-06-21,15186800,,Uruguay v Cabo Verde,Cabo Verde,Uruguay,Laros Duarte,0.036655269563198,0.018494306132197,31.5,66.9,save,,free_kick,right-foot,90,saved
2026-06-21,15186800,,Uruguay v Cabo Verde,Cabo Verde,Uruguay,Ryan Mendes,0.035687681287527,0.0,15.1,72.2,block,,open_play,right-foot,90,blocked
2026-06-21,15186800,,Uruguay v Cabo Verde,Cabo Verde,Uruguay,Laros Duarte,0.075438722968102,0.040334079414606,17.6,63.4,save,,open_play,left-foot,90,saved
2026-06-21,15186800,,Uruguay v Cabo Verde,Uruguay,Cabo Verde,Agustín Canobbio,0.062045492231846,0.0,12.6,64.6,miss,,fast_break,right-foot,90,missed
2026-06-21,15186800,,Uruguay v Cabo Verde,Cabo Verde,Uruguay,Ryan Mendes,0.054523147642612,0.0,19.3,46.4,block,,open_play,right-foot,90,blocked
2026-06-21,15186800,,Uruguay v Cabo Verde,Cabo Verde,Uruguay,Sidny Lopes Cabral,0.018057938665152,0.0,25.5,26.7,block,,open_play,left-foot,90,blocked
2026-06-21,15186800,,Uruguay v Cabo Verde,Uruguay,Cabo Verde,Federico Valverde,0.16807134449482,0.0,18.7,47.8,miss,,free_kick,right-foot,90,missed
2026-06-21,15186800,,Uruguay v Cabo Verde,Uruguay,Cabo Verde,Rodrigo Bentancur,0.049029644578695,0.0,4.2,39.4,block,,corner,head,86,blocked
2026-06-21,15186800,,Uruguay v Cabo Verde,Uruguay,Cabo Verde,Brian Rodríguez,0.074763529002666,0.0,10.4,40.5,block,,open_play,right-foot,86,blocked
2026-06-21,15186800,,Uruguay v Cabo Verde,Uruguay,Cabo Verde,Nicolás de la Cruz,0.015036216005683,0.0,26.3,32.9,miss,,open_play,right-foot,79,missed
2026-06-21,15186800,,Uruguay v Cabo Verde,Cabo Verde,Uruguay,Pico,0.1131455078721,0.0,4.2,57.7,miss,,corner,head,76,missed
2026-06-21,15186800,,Uruguay v Cabo Verde,Uruguay,Cabo Verde,Federico Valverde,0.045787137001753,0.0,23.4,36.8,block,,open_play,right-foot,67,blocked
2026-06-21,15186800,,Uruguay v Cabo Verde,Cabo Verde,Uruguay,Jamiro Monteiro,0.057465840131044,0.0,26.1,57.2,miss,,fast_break,right-foot,63,missed
2026-06-21,15186800,,Uruguay v Cabo Verde,Cabo Verde,Uruguay,Hélio Varela,0.40298897027969,0.97780972719193,24.3,68.9,goal,regular,open_play,right-foot,61,goal
2026-06-21,15186800,,Uruguay v Cabo Verde,Cabo Verde,Uruguay,Jamiro Monteiro,0.032197065651417,0.0,25.4,28.2,block,,free_kick,right-foot,59,blocked
2026-06-21,15186800,,Uruguay v Cabo Verde,Cabo Verde,Uruguay,Sidny Lopes Cabral,0.0080745816230774,0.0,29.1,27.8,miss,,open_play,right-foot,52,missed
2026-06-21,15186800,,Uruguay v Cabo Verde,Uruguay,Cabo Verde,Agustín Canobbio,0.55799335241318,0.65850567817688,7.0,50.9,goal,regular,open_play,right-foot,45,goal
2026-06-21,15186800,,Uruguay v Cabo Verde,Uruguay,Cabo Verde,Maximiliano Araújo,0.88965475559235,0.99206453561783,2.7,49.9,goal,regular,open_play,head,44,goal
2026-06-21,15186800,,Uruguay v Cabo Verde,Cabo Verde,Uruguay,Diney Borges,0.011732800863683,0.0,58.8,51.5,miss,,fast_break,right-foot,43,missed
2026-06-21,15186800,,Uruguay v Cabo Verde,Uruguay,Cabo Verde,Sebastián Cáceres,0.020738402381539,0.0,28.1,61.7,block,,open_play,right-foot,42,blocked
2026-06-21,15186800,,Uruguay v Cabo Verde,Uruguay,Cabo Verde,Maximiliano Araújo,0.036025483161211,0.0,9.5,36.6,miss,,open_play,head,40,missed
2026-06-21,15186800,,Uruguay v Cabo Verde,Uruguay,Cabo Verde,Federico Valverde,0.016206953674555,0.0,30.9,59.1,miss,,open_play,right-foot,34,missed
2026-06-21,15186800,,Uruguay v Cabo Verde,Uruguay,Cabo Verde,Manuel Ugarte,0.025363696739078,0.0,19.5,51.5,miss,,open_play,right-foot,33,missed
2026-06-21,15186800,,Uruguay v Cabo Verde,Uruguay,Cabo Verde,Federico Valverde,0.018835047259927,0.0,15.4,28.2,miss,,set_piece,right-foot,28,missed
2026-06-21,15186800,,Uruguay v Cabo Verde,Uruguay,Cabo Verde,Federico Valverde,0.015710733830929,0.0,20.7,38.7,block,,corner,right-foot,24,blocked
2026-06-21,15186800,,Uruguay v Cabo Verde,Uruguay,Cabo Verde,Federico Valverde,0.015353715978563,0.0,29.9,28.6,block,,open_play,right-foot,24,blocked
2026-06-21,15186800,,Uruguay v Cabo Verde,Cabo Verde,Uruguay,Kevin Pina,0.03889238089323,0.22232992947102,30.3,52.8,goal,regular,free_kick,right-foot,21,goal
2026-06-21,15186800,,Uruguay v Cabo Verde,Uruguay,Cabo Verde,Federico Valverde,0.24585254490376,0.0,12.2,34.0,miss,,fast_break,left-foot,14,missed
2026-06-21,15186800,,Uruguay v Cabo Verde,Uruguay,Cabo Verde,Rodrigo Bentancur,0.059375792741776,0.0,4.2,40.5,block,,corner,head,7,blocked
2026-06-22,15186827,,New Zealand v Egypt,New Zealand,Egypt,Tyler Bindon,0.52662527561188,0.34717053174973,5.2,45.8,save,,set_piece,left-foot,90,saved
2026-06-22,15186827,,New Zealand v Egypt,New Zealand,Egypt,Marko Stamenić,0.069107972085476,0.0,17.2,55.7,miss,,set_piece,right-foot,90,missed
2026-06-22,15186827,,New Zealand v Egypt,Egypt,New Zealand,Zizo,0.1167174205184,0.18685016036034,3.6,40.9,save,,open_play,right-foot,90,saved
2026-06-22,15186827,,New Zealand v Egypt,Egypt,New Zealand,Mahmoud Trézéguet,0.052610233426094,0.19643159210682,6.6,40.7,goal,regular,corner,head,82,goal
2026-06-22,15186827,,New Zealand v Egypt,Egypt,New Zealand,Mohamed Salah,0.069741353392601,0.0,16.1,66.2,block,,open_play,left-foot,81,blocked
2026-06-22,15186827,,New Zealand v Egypt,Egypt,New Zealand,Ahmed Fatouh,0.064067505300045,0.16296592354774,12.9,32.1,save,,open_play,right-foot,80,saved
2026-06-22,15186827,,New Zealand v Egypt,Egypt,New Zealand,Mohamed Salah,0.1596591770649,0.81596797704697,13.6,57.9,goal,regular,open_play,left-foot,67,goal
2026-06-22,15186827,,New Zealand v Egypt,New Zealand,Egypt,Marko Stamenić,0.018365511670709,0.0,30.0,47.0,block,,open_play,right-foot,65,blocked
2026-06-22,15186827,,New Zealand v Egypt,Egypt,New Zealand,Mostafa Ziko,0.18615217506886,0.16844092309475,8.6,46.8,goal,regular,open_play,head,58,goal
2026-06-22,15186827,,New Zealand v Egypt,Egypt,New Zealand,Emam Ashour,0.061283018440008,0.0,14.5,38.5,miss,,open_play,right-foot,55,missed
2026-06-22,15186827,,New Zealand v Egypt,Egypt,New Zealand,Mostafa Ziko,0.23230890929699,0.0,10.3,47.2,block,,open_play,left-foot,55,blocked
2026-06-22,15186827,,New Zealand v Egypt,New Zealand,Egypt,Callum McCowatt,0.27412891387939,0.54207617044449,5.8,45.8,save,,open_play,head,52,saved
2026-06-22,15186827,,New Zealand v Egypt,Egypt,New Zealand,Omar Marmoush,0.064694233238697,0.0,18.4,36.2,block,,fast_break,right-foot,50,blocked
2026-06-22,15186827,,New Zealand v Egypt,Egypt,New Zealand,Emam Ashour,0.013664822094142,0.0,26.6,57.7,miss,,open_play,left-foot,50,missed
2026-06-22,15186827,,New Zealand v Egypt,Egypt,New Zealand,Mostafa Ziko,0.033855739980936,0.0,21.5,40.3,block,,open_play,right-foot,49,blocked
2026-06-22,15186827,,New Zealand v Egypt,Egypt,New Zealand,Omar Marmoush,0.017570059746504,0.0,27.3,54.6,miss,,set_piece,right-foot,47,missed
2026-06-22,15186827,,New Zealand v Egypt,Egypt,New Zealand,Mohamed Salah,0.19894883036613,0.85307455062866,11.3,54.0,save,,open_play,right-foot,46,saved
2026-06-22,15186827,,New Zealand v Egypt,Egypt,New Zealand,Emam Ashour,0.33858481049538,0.0,6.7,47.9,miss,,open_play,left-foot,45,missed
2026-06-22,15186827,,New Zealand v Egypt,Egypt,New Zealand,Mohamed Salah,0.084483258426189,0.0,19.5,36.6,miss,,free_kick,left-foot,35,missed
2026-06-22,15186827,,New Zealand v Egypt,New Zealand,Egypt,Chris Wood,0.05596986785531,0.0,9.4,44.0,miss,,open_play,head,27,missed
2026-06-22,15186827,,New Zealand v Egypt,Egypt,New Zealand,Omar Marmoush,0.038319829851389,0.16595174372196,18.4,32.7,save,,open_play,right-foot,27,saved
2026-06-22,15186827,,New Zealand v Egypt,New Zealand,Egypt,Joe Bell,0.019011531025171,0.0,28.2,51.9,block,,open_play,right-foot,26,blocked
2026-06-22,15186827,,New Zealand v Egypt,Egypt,New Zealand,Mostafa Ziko,0.072347886860371,0.0,8.2,47.9,miss,,corner,head,21,missed
2026-06-22,15186827,,New Zealand v Egypt,Egypt,New Zealand,Mohamed Hany,0.024700578302145,0.0,16.3,72.8,block,,open_play,right-foot,20,blocked
2026-06-22,15186827,,New Zealand v Egypt,New Zealand,Egypt,Callum McCowatt,0.029007136821747,0.14844401180744,4.6,31.9,save,,set_piece,left-foot,19,saved
2026-06-22,15186827,,New Zealand v Egypt,New Zealand,Egypt,Elijah Just,0.012938992120326,0.0,21.0,27.8,block,,open_play,left-foot,19,blocked
2026-06-22,15186827,,New Zealand v Egypt,New Zealand,Egypt,Finn Surman,0.12975873053074,0.53212207555771,7.1,48.4,goal,regular,corner,head,15,goal
2026-06-22,15186827,,New Zealand v Egypt,New Zealand,Egypt,Elijah Just,0.040944244712591,0.05369021371007,9.1,30.1,save,,open_play,left-foot,14,saved
2026-06-22,15186827,,New Zealand v Egypt,New Zealand,Egypt,Sarpreet Singh,0.062126409262419,0.0,18.4,41.8,miss,,open_play,left-foot,7,missed
2026-06-22,15186827,,New Zealand v Egypt,Egypt,New Zealand,Mohamed Salah,0.044712103903294,0.0,18.4,55.8,block,,open_play,left-foot,6,blocked
2026-06-22,15186502,,Argentina v Austria,Argentina,Austria,Lionel Messi,0.034802205860615,0.0,28.6,55.8,miss,,free_kick,left-foot,90,missed
2026-06-22,15186502,,Argentina v Austria,Argentina,Austria,Lionel Messi,0.20116738975048,0.93665927648544,4.0,40.5,goal,regular,fast_break,left-foot,90,goal
2026-06-22,15186502,,Argentina v Austria,Argentina,Austria,Lionel Messi,0.15801201760769,0.0,9.6,43.5,save,,fast_break,left-foot,90,saved
2026-06-22,15186502,,Argentina v Austria,Argentina,Austria,Julián Alvarez,0.39561778306961,0.25922229886055,9.5,43.0,save,,fast_break,left-foot,90,saved
2026-06-22,15186502,,Argentina v Austria,Austria,Argentina,Patrick Wimmer,0.08920868486166,0.0,7.9,53.6,miss,,set_piece,head,90,missed
2026-06-22,15186502,,Argentina v Austria,Argentina,Austria,Enzo Fernández,0.07109821587801,0.0,14.5,50.3,block,,open_play,right-foot,86,blocked
2026-06-22,15186502,,Argentina v Austria,Argentina,Austria,Nicolás González,0.21133090555668,0.0,13.4,45.0,block,,open_play,right-foot,86,blocked
2026-06-22,15186502,,Argentina v Austria,Argentina,Austria,Nicolás González,0.071079395711422,0.0,7.9,46.6,miss,,corner,head,73,missed
2026-06-22,15186502,,Argentina v Austria,Austria,Argentina,Michael Gregoritsch,0.12540712952614,0.0,7.0,51.2,miss,,open_play,head,67,missed
2026-06-22,15186502,,Argentina v Austria,Argentina,Austria,Lionel Messi,0.052003294229507,0.0,15.2,36.7,miss,,open_play,left-foot,65,missed
2026-06-22,15186502,,Argentina v Austria,Argentina,Austria,Enzo Fernández,0.095466710627079,0.0,19.8,44.5,block,,open_play,right-foot,62,blocked
2026-06-22,15186502,,Argentina v Austria,Austria,Argentina,Marcel Sabitzer,0.046009156852961,0.048932764679193,19.4,22.5,save,,free_kick,right-foot,55,saved
2026-06-22,15186502,,Argentina v Austria,Austria,Argentina,Marcel Sabitzer,0.029462644830346,0.0,22.2,57.5,miss,,open_play,right-foot,46,missed
2026-06-22,15186502,,Argentina v Austria,Argentina,Austria,Lionel Messi,0.23929917812347,0.31602120399475,14.7,47.4,goal,regular,fast_break,left-foot,38,goal
2026-06-22,15186502,,Argentina v Austria,Argentina,Austria,Lionel Messi,0.072158180177212,0.0,13.3,40.3,save,,open_play,left-foot,32,saved
2026-06-22,15186502,,Argentina v Austria,Austria,Argentina,Marcel Sabitzer,0.099949583411217,0.0,11.7,37.0,miss,,open_play,left-foot,23,missed
2026-06-22,15186502,,Argentina v Austria,Austria,Argentina,Paul Wanner,0.13717067241669,0.0,7.7,45.8,miss,,open_play,head,23,missed
2026-06-22,15186502,,Argentina v Austria,Argentina,Austria,Lionel Messi,0.7884,0.0,11.5,50.0,miss,,penalty,left-foot,9,missed
2026-06-22,15186769,,France v Iraq,France,Iraq,Kylian Mbappé,0.22309666872025,0.0,8.0,35.0,miss,,open_play,left-foot,90,missed
2026-06-22,15186769,,France v Iraq,France,Iraq,Kylian Mbappé,0.40925264358521,0.10319335758686,12.5,43.8,save,,open_play,right-foot,88,saved
2026-06-22,15186769,,France v Iraq,France,Iraq,Kylian Mbappé,0.11020612716675,0.0,11.4,33.8,miss,,open_play,right-foot,80,missed
2026-06-22,15186769,,France v Iraq,Iraq,France,Ali Al-Hamadi,0.37560668587685,0.0,4.6,54.8,miss,,open_play,right-foot,75,missed
2026-06-22,15186769,,France v Iraq,Iraq,France,Rebin Sulaka,0.08679274469614,0.0,11.4,39.7,miss,,corner,right-foot,74,missed
2026-06-22,15186769,,France v Iraq,France,Iraq,Ousmane Dembélé,0.49617931246758,0.9008681178093,11.1,61.3,goal,regular,open_play,right-foot,66,goal
2026-06-22,15186769,,France v Iraq,France,Iraq,Ousmane Dembélé,0.044020935893059,0.0,8.9,62.4,miss,,corner,right-foot,66,missed
2026-06-22,15186769,,France v Iraq,France,Iraq,William Saliba,0.051176220178604,0.0,8.8,52.4,miss,,corner,head,66,missed
2026-06-22,15186769,,France v Iraq,France,Iraq,Ousmane Dembélé,0.042477078735828,0.0,21.4,63.5,block,,open_play,left-foot,65,blocked
2026-06-22,15186769,,France v Iraq,France,Iraq,Adrien Rabiot,0.56678867340088,0.0,4.3,44.0,miss,,open_play,head,59,missed
2026-06-22,15186769,,France v Iraq,France,Iraq,Ousmane Dembélé,0.061318699270487,0.27350232005119,12.4,68.6,save,,open_play,right-foot,59,saved
2026-06-22,15186769,,France v Iraq,France,Iraq,Michael Olise,0.065562844276428,0.0,12.8,66.4,post,,open_play,left-foot,58,post
2026-06-22,15186769,,France v Iraq,France,Iraq,Kylian Mbappé,0.37731918692589,0.90563803911209,8.2,45.8,goal,regular,open_play,right-foot,54,goal
2026-06-22,15186769,,France v Iraq,France,Iraq,Bradley Barcola,0.023680469021201,0.0,11.7,41.5,miss,,open_play,head,53,missed
2026-06-22,15186769,,France v Iraq,France,Iraq,Kylian Mbappé,0.01182893384248,0.0,40.0,44.0,miss,,open_play,right-foot,40,missed
2026-06-22,15186769,,France v Iraq,France,Iraq,Kylian Mbappé,0.027460923418403,0.0,18.6,37.3,block,,open_play,right-foot,32,blocked
2026-06-22,15186769,,France v Iraq,Iraq,France,Ali Al-Hamadi,0.13951702415943,0.0,4.3,56.9,miss,,open_play,head,27,missed
2026-06-22,15186769,,France v Iraq,Iraq,France,Ali Al-Hamadi,0.025229286402464,0.0,19.1,69.6,block,,open_play,left-foot,27,blocked
2026-06-22,15186769,,France v Iraq,France,Iraq,Kylian Mbappé,0.042406473308802,0.093097031116486,19.7,69.2,goal,regular,open_play,left-foot,14,goal
2026-06-22,15186769,,France v Iraq,France,Iraq,Michael Olise,0.050216544419527,0.0,17.8,62.0,block,,open_play,left-foot,14,blocked
2026-06-22,15186769,,France v Iraq,France,Iraq,Kylian Mbappé,0.024436511099339,0.0,10.0,70.6,miss,,open_play,right-foot,8,missed
2026-06-22,15186769,,France v Iraq,France,Iraq,Michael Olise,0.042986162006855,0.0,18.3,49.8,block,,open_play,left-foot,8,blocked
2026-06-22,15186769,,France v Iraq,France,Iraq,Manu Koné,0.033147111535072,0.0,19.7,32.9,miss,,open_play,left-foot,1,missed
2026-06-23,15186770,,Norway v Senegal,Senegal,Norway,Ismaïla Sarr,0.4589586853981,0.0,3.6,46.4,miss,,corner,head,90,missed
2026-06-23,15186770,,Norway v Senegal,Senegal,Norway,Ibrahim Mbaye,0.039103161543608,0.0,12.9,31.4,block,,open_play,right-foot,90,blocked
2026-06-23,15186770,,Norway v Senegal,Senegal,Norway,Ismaïla Sarr,0.25156304240227,0.4699644446373,10.0,47.6,goal,regular,open_play,right-foot,90,goal
2026-06-23,15186770,,Norway v Senegal,Senegal,Norway,Pape Matar Sarr,0.016079094260931,0.0,29.4,65.4,miss,,open_play,right-foot,90,missed
2026-06-23,15186770,,Norway v Senegal,Norway,Senegal,Oscar Bobb,0.18297085165977,0.0,10.8,51.9,save,,open_play,left-foot,90,saved
2026-06-23,15186770,,Norway v Senegal,Norway,Senegal,Erling Haaland,0.15873812139034,0.0,10.1,38.5,block,,open_play,left-foot,88,blocked
2026-06-23,15186770,,Norway v Senegal,Senegal,Norway,Ismaïla Sarr,0.10958386212587,0.0,8.5,51.2,block,,open_play,left-foot,83,blocked
2026-06-23,15186770,,Norway v Senegal,Senegal,Norway,Pape Matar Sarr,0.036317676305771,0.0,23.4,60.9,miss,,open_play,right-foot,81,missed
2026-06-23,15186770,,Norway v Senegal,Senegal,Norway,Ismaïla Sarr,0.099796287715435,0.0,11.9,47.9,block,,open_play,right-foot,74,blocked
2026-06-23,15186770,,Norway v Senegal,Norway,Senegal,Erling Haaland,0.30295878648758,0.58003753423691,9.0,44.9,goal,regular,open_play,right-foot,58,goal
2026-06-23,15186770,,Norway v Senegal,Norway,Senegal,Antonio Nusa,0.073275938630104,0.0,13.9,49.3,block,,open_play,right-foot,58,blocked
2026-06-23,15186770,,Norway v Senegal,Senegal,Norway,Lamine Camara,0.1096126884222,0.0,17.3,58.1,miss,,open_play,right-foot,56,missed
2026-06-23,15186770,,Norway v Senegal,Senegal,Norway,Ismaïla Sarr,0.19070373475552,0.39468973875046,8.1,53.8,goal,regular,open_play,right-foot,53,goal
2026-06-23,15186770,,Norway v Senegal,Senegal,Norway,Nicolas Jackson,0.091201640665531,0.055024959146976,7.6,45.6,save,,open_play,head,52,saved
2026-06-23,15186770,,Norway v Senegal,Norway,Senegal,Erling Haaland,0.21623967587948,0.52444577217102,12.5,41.3,goal,regular,fast_break,left-foot,48,goal
2026-06-23,15186770,,Norway v Senegal,Norway,Senegal,Erling Haaland,0.033879682421684,0.06998560577631,9.4,58.5,save,,open_play,head,45,saved
2026-06-23,15186770,,Norway v Senegal,Norway,Senegal,Erling Haaland,0.12547051906586,0.0,4.6,69.7,post,,open_play,left-foot,45,post
2026-06-23,15186770,,Norway v Senegal,Senegal,Norway,Ismaïla Sarr,0.09559989720583,0.43367579579353,8.9,53.0,save,,open_play,right-foot,45,saved
2026-06-23,15186770,,Norway v Senegal,Norway,Senegal,Marcus Pedersen,0.13304269313812,0.21776686608791,11.0,65.0,goal,regular,open_play,right-foot,43,goal
2026-06-23,15186770,,Norway v Senegal,Norway,Senegal,Martin Ødegaard,0.061149630695581,0.0,18.9,52.3,block,,open_play,left-foot,42,blocked
2026-06-23,15186770,,Norway v Senegal,Senegal,Norway,Lamine Camara,0.018335323780775,0.0,29.4,40.7,miss,,open_play,right-foot,41,missed
2026-06-23,15186770,,Norway v Senegal,Senegal,Norway,Idrissa Gana Gueye,0.030849911272526,0.0,23.8,67.1,miss,,open_play,right-foot,39,missed
2026-06-23,15186770,,Norway v Senegal,Norway,Senegal,Martin Ødegaard,0.57723587751389,0.37840619683266,10.2,44.4,save,,open_play,left-foot,37,saved
2026-06-23,15186770,,Norway v Senegal,Senegal,Norway,Nicolas Jackson,0.028627237305045,0.0,10.2,27.4,miss,,open_play,right-foot,28,missed
2026-06-23,15186770,,Norway v Senegal,Senegal,Norway,Nicolas Jackson,0.12553298473358,0.0,9.0,35.6,block,,open_play,left-foot,17,blocked
2026-06-23,15186770,,Norway v Senegal,Norway,Senegal,Martin Ødegaard,0.11142812669277,0.0,12.5,59.9,miss,,open_play,left-foot,14,missed
2026-06-23,15186770,,Norway v Senegal,Senegal,Norway,Idrissa Gana Gueye,0.015304651111364,0.0,26.3,45.0,block,,set_piece,right-foot,8,blocked
2026-06-23,15186770,,Norway v Senegal,Norway,Senegal,Kristoffer Ajer,0.19945076107979,0.18034626543522,4.8,48.7,save,,corner,head,3,saved
2026-06-23,15186770,,Norway v Senegal,Norway,Senegal,Antonio Nusa,0.0204404797405,0.0,18.4,32.3,miss,,corner,right-foot,2,missed
2026-06-23,15186740,,Jordan v Algeria,Algeria,Jordan,Ibrahim Maza,0.18535405397415,0.27643236517906,2.5,40.9,save,,corner,right-foot,89,saved
2026-06-23,15186740,,Jordan v Algeria,Algeria,Jordan,Amine Gouiri,0.39693266153336,0.56190556287766,3.6,50.1,goal,regular,corner,right-foot,82,goal
2026-06-23,15186740,,Jordan v Algeria,Algeria,Jordan,Ramy Bensebaini,0.048225529491901,0.0,8.9,54.2,block,,corner,head,82,blocked
2026-06-23,15186740,,Jordan v Algeria,Algeria,Jordan,Anis Hadj Moussa,0.11139101535082,0.0,11.6,61.5,block,,open_play,right-foot,80,blocked
2026-06-23,15186740,,Jordan v Algeria,Algeria,Jordan,Nabil Bentaleb,0.022256722673774,0.0,27.7,60.6,block,,open_play,left-foot,78,blocked
2026-06-23,15186740,,Jordan v Algeria,Algeria,Jordan,Farès Chaïbi,0.015008035115898,0.0089486092329025,26.6,31.9,save,,set_piece,right-foot,73,saved
2026-06-23,15186740,,Jordan v Algeria,Jordan,Algeria,Mahmoud Al-Mardi,0.073135577142239,0.15646639466286,9.5,32.1,save,,fast_break,left-foot,72,saved
2026-06-23,15186740,,Jordan v Algeria,Algeria,Jordan,Ahmed Nadhir Benbouali,0.081919074058533,0.71881985664368,8.2,49.7,goal,regular,corner,head,69,goal
2026-06-23,15186740,,Jordan v Algeria,Algeria,Jordan,Ibrahim Maza,0.23164846003056,0.0,5.2,49.9,miss,,set_piece,head,66,missed
2026-06-23,15186740,,Jordan v Algeria,Algeria,Jordan,Ahmed Nadhir Benbouali,0.038841933012009,0.21413053572178,11.2,46.0,save,,set_piece,head,63,saved
2026-06-23,15186740,,Jordan v Algeria,Jordan,Algeria,Noor Al-Rawabdeh,0.031912576407194,0.0,21.2,31.3,miss,,open_play,right-foot,62,missed
2026-06-23,15186740,,Jordan v Algeria,Algeria,Jordan,Ibrahim Maza,0.041493449360132,0.0,13.2,36.4,miss,,open_play,left-foot,60,missed
2026-06-23,15186740,,Jordan v Algeria,Algeria,Jordan,Rayan Aït-Nouri,0.055450797080994,0.0,15.3,34.0,miss,,open_play,right-foot,54,missed
2026-06-23,15186740,,Jordan v Algeria,Algeria,Jordan,Ibrahim Maza,0.02828349545598,0.039959508925676,23.5,60.1,save,,open_play,right-foot,54,saved
2026-06-23,15186740,,Jordan v Algeria,Algeria,Jordan,Rafik Belghali,0.030132099986076,0.0,17.9,55.3,block,,corner,left-foot,48,blocked
2026-06-23,15186740,,Jordan v Algeria,Jordan,Algeria,Ali Olwan,0.0091788982972503,0.0,20.3,30.7,miss,,set_piece,right-foot,45,missed
2026-06-23,15186740,,Jordan v Algeria,Jordan,Algeria,Nizar Al-Rashdan,0.14068183302879,0.28997451066971,14.2,55.6,goal,regular,open_play,right-foot,36,goal
2026-06-23,15186740,,Jordan v Algeria,Jordan,Algeria,Mousa Tamari,0.097520433366299,0.0,13.2,39.7,miss,,open_play,left-foot,36,missed
2026-06-23,15186740,,Jordan v Algeria,Algeria,Jordan,Riyad Mahrez,0.415323138237,0.21811012923717,11.5,53.3,save,,open_play,left-foot,33,saved
2026-06-23,15186740,,Jordan v Algeria,Algeria,Jordan,Amine Gouiri,0.058822933584452,0.058899287134409,17.8,45.4,save,,corner,right-foot,29,saved
2026-06-23,15186740,,Jordan v Algeria,Jordan,Algeria,Ali Olwan,0.016554923728108,0.026095759123564,14.8,80.8,save,,open_play,right-foot,23,saved
2026-06-23,15186740,,Jordan v Algeria,Algeria,Jordan,Farès Chaïbi,0.093431353569031,0.0,17.8,44.6,block,,open_play,right-foot,21,blocked
2026-06-23,15186740,,Jordan v Algeria,Jordan,Algeria,Mousa Tamari,0.019355328753591,0.14687815308571,20.5,72.0,save,,open_play,left-foot,12,saved
2026-06-23,15186740,,Jordan v Algeria,Algeria,Jordan,Amine Gouiri,0.035212993621826,0.0,8.2,29.9,miss,,open_play,right-foot,3,missed
2026-06-23,15186740,,Jordan v Algeria,Jordan,Algeria,Nizar Al-Rashdan,0.24633629620075,0.0,8.9,54.0,miss,,set_piece,head,1,missed
2026-06-23,15186858,,Portugal v Uzbekistan,Portugal,Uzbekistan,Francisco Trincão,0.11381586641073,0.0,14.2,43.6,miss,,set_piece,left-foot,90,missed
2026-06-23,15186858,,Portugal v Uzbekistan,Portugal,Uzbekistan,Rafael Leão,0.1661934107542,0.77353668212891,14.1,46.8,goal,regular,open_play,right-foot,87,goal
2026-06-23,15186858,,Portugal v Uzbekistan,Portugal,Uzbekistan,Bruno Fernandes,0.026815049350262,0.16080920398235,26.7,63.2,save,,open_play,right-foot,84,saved
2026-06-23,15186858,,Portugal v Uzbekistan,Uzbekistan,Portugal,Eldor Shomurodov,0.029412407428026,0.0,14.7,66.7,miss,,open_play,right-foot,78,missed
2026-06-23,15186858,,Portugal v Uzbekistan,Portugal,Uzbekistan,Cristiano Ronaldo,0.13169093430042,0.48408934473991,12.9,53.4,save,,open_play,left-foot,74,saved
2026-06-23,15186858,,Portugal v Uzbekistan,Portugal,Uzbekistan,Cristiano Ronaldo,0.10080187767744,0.0,9.1,44.6,block,,open_play,left-foot,73,blocked
2026-06-23,15186858,,Portugal v Uzbekistan,Uzbekistan,Portugal,Azizjon Ganiev,0.011423190124333,0.0,22.1,62.1,block,,corner,right-foot,62,blocked
2026-06-23,15186858,,Portugal v Uzbekistan,Portugal,Uzbekistan,Abduvokhid Nematov,,,1.1,53.0,goal,own,corner,other,60,goal
2026-06-23,15186858,,Portugal v Uzbekistan,Portugal,Uzbekistan,João Félix,0.17216451466084,0.43698045611382,2.3,56.4,save,,corner,right-foot,60,saved
2026-06-23,15186858,,Portugal v Uzbekistan,Portugal,Uzbekistan,Cristiano Ronaldo,0.32445445656776,0.2427791506052,10.1,49.0,save,,set_piece,right-foot,58,saved
2026-06-23,15186858,,Portugal v Uzbekistan,Uzbekistan,Portugal,Otabek Shukurov,0.0255012717098,0.0,22.2,47.4,block,,open_play,left-foot,55,blocked
2026-06-23,15186858,,Portugal v Uzbekistan,Uzbekistan,Portugal,Abbosbek Fayzullaev,0.022199066355824,0.014902372844517,13.6,33.6,save,,open_play,right-foot,52,saved
2026-06-23,15186858,,Portugal v Uzbekistan,Portugal,Uzbekistan,João Félix,0.026780009269714,0.0,26.3,36.4,miss,,open_play,right-foot,47,missed
2026-06-23,15186858,,Portugal v Uzbekistan,Portugal,Uzbekistan,Cristiano Ronaldo,0.18518967926502,0.0,7.9,52.1,save,,open_play,right-foot,45,saved
2026-06-23,15186858,,Portugal v Uzbekistan,Uzbekistan,Portugal,Odiljon Khamrobekov,0.055404398590326,0.0,15.7,50.2,block,,open_play,right-foot,45,blocked
2026-06-23,15186858,,Portugal v Uzbekistan,Uzbekistan,Portugal,Otabek Shukurov,0.024022733792663,0.0,26.9,50.5,miss,,open_play,right-foot,43,missed
2026-06-23,15186858,,Portugal v Uzbekistan,Portugal,Uzbekistan,João Félix,0.19601464271545,0.0,9.1,34.0,miss,,open_play,left-foot,42,missed
2026-06-23,15186858,,Portugal v Uzbekistan,Portugal,Uzbekistan,Cristiano Ronaldo,0.27519997954369,0.52650660276413,9.8,67.4,goal,regular,fast_break,right-foot,39,goal
2026-06-23,15186858,,Portugal v Uzbekistan,Portugal,Uzbekistan,Vitinha,0.02099047973752,0.0,22.6,48.5,miss,,set_piece,right-foot,21,missed
2026-06-23,15186858,,Portugal v Uzbekistan,Uzbekistan,Portugal,Sherzod Nasrullaev,0.075734786689281,0.077090591192245,11.9,29.5,save,,open_play,left-foot,19,saved
2026-06-23,15186858,,Portugal v Uzbekistan,Portugal,Uzbekistan,Nuno Mendes,0.16807134449482,0.19724851846695,18.2,52.8,goal,regular,free_kick,left-foot,17,goal
2026-06-23,15186858,,Portugal v Uzbekistan,Portugal,Uzbekistan,João Cancelo,0.027131151407957,0.0,19.2,64.4,block,,set_piece,right-foot,11,blocked
2026-06-23,15186858,,Portugal v Uzbekistan,Portugal,Uzbekistan,Cristiano Ronaldo,0.17537087202072,0.67212873697281,7.7,53.6,goal,regular,open_play,right-foot,6,goal
2026-06-23,15186858,,Portugal v Uzbekistan,Portugal,Uzbekistan,Cristiano Ronaldo,0.40288633108139,0.0,9.4,54.8,miss,,open_play,right-foot,4,missed
2026-06-23,15186858,,Portugal v Uzbekistan,Portugal,Uzbekistan,Bruno Fernandes,0.093504972755909,0.0,11.3,52.3,block,,set_piece,left-foot,2,blocked
2026-06-23,15186672,,England v Ghana,England,Ghana,Marc Guéhi,0.16803133487701,0.0,7.9,52.1,miss,,corner,head,90,missed
2026-06-23,15186672,,England v Ghana,England,Ghana,Nico O'Reilly,0.088062711060047,0.0,4.0,58.6,miss,,corner,head,90,missed
2026-06-23,15186672,,England v Ghana,England,Ghana,Harry Kane,0.32320559024811,0.0,8.4,48.9,miss,,open_play,left-foot,86,missed
2026-06-23,15186672,,England v Ghana,England,Ghana,Nico O'Reilly,0.12060547620058,0.0,7.4,49.2,post,,open_play,head,86,post
2026-06-23,15186672,,England v Ghana,England,Ghana,Bukayo Saka,0.017741974443197,0.19226509332657,19.1,69.7,save,,open_play,left-foot,86,saved
2026-06-23,15186672,,England v Ghana,Ghana,England,Prince Kwabena Adu,0.1299839168787,0.0,9.8,61.0,save,,fast_break,left-foot,79,saved
2026-06-23,15186672,,England v Ghana,England,Ghana,Bukayo Saka,0.1308061927557,0.0,7.1,56.8,miss,,open_play,head,70,missed
2026-06-23,15186672,,England v Ghana,England,Ghana,Harry Kane,0.035738676786423,0.16086359322071,21.6,39.2,save,,open_play,left-foot,69,saved
2026-06-23,15186672,,England v Ghana,England,Ghana,Noni Madueke,0.045009020715952,0.0,18.3,63.1,miss,,set_piece,left-foot,64,missed
2026-06-23,15186672,,England v Ghana,England,Ghana,Elliot Anderson,0.013851996511221,0.0,25.7,53.9,miss,,set_piece,right-foot,63,missed
2026-06-23,15186672,,England v Ghana,England,Ghana,Elliot Anderson,0.017734238877892,0.0,12.0,55.4,miss,,corner,head,62,missed
2026-06-23,15186672,,England v Ghana,England,Ghana,Elliot Anderson,0.037466868758202,0.0,6.8,60.8,block,,set_piece,head,61,blocked
2026-06-23,15186672,,England v Ghana,England,Ghana,Anthony Gordon,0.025750843808055,0.017251765355468,16.4,31.5,save,,open_play,right-foot,57,saved
2026-06-23,15186672,,England v Ghana,England,Ghana,Noni Madueke,0.06584682315588,0.0,14.2,66.4,block,,open_play,left-foot,57,blocked
2026-06-23,15186672,,England v Ghana,Ghana,England,Marvin Senaya,0.044889457523823,0.0,7.5,66.8,block,,open_play,right-foot,50,blocked
2026-06-23,15186672,,England v Ghana,England,Ghana,Harry Kane,0.11503083258867,0.0,12.0,39.1,block,,open_play,left-foot,45,blocked
2026-06-23,15186672,,England v Ghana,England,Ghana,Declan Rice,0.040699951350689,0.0,10.1,44.5,miss,,open_play,head,37,missed
2026-06-23,15186672,,England v Ghana,England,Ghana,Jude Bellingham,0.023353107273579,0.0,13.9,67.5,block,,open_play,right-foot,33,blocked
2026-06-23,15186672,,England v Ghana,England,Ghana,Declan Rice,0.053396206349134,0.0,4.2,35.1,block,,open_play,left-foot,16,blocked
2026-06-23,15186672,,England v Ghana,England,Ghana,Elliot Anderson,0.049850068986416,0.0,14.4,42.1,block,,open_play,right-foot,15,blocked
2026-06-23,15186672,,England v Ghana,England,Ghana,Declan Rice,0.023176616057754,0.0,29.1,40.5,miss,,free_kick,right-foot,14,missed
2026-06-23,15186520,,Panama v Croatia,Panama,Croatia,Amir Murillo,0.052202511578798,0.0,26.8,53.2,miss,,free_kick,right-foot,90,missed
2026-06-23,15186520,,Panama v Croatia,Panama,Croatia,Cecilio Waterman,0.016740370541811,0.0,15.3,76.0,block,,open_play,right-foot,84,blocked
2026-06-23,15186520,,Panama v Croatia,Croatia,Panama,Luka Sučić,0.054305460304022,0.0,24.0,36.6,block,,free_kick,left-foot,82,blocked
2026-06-23,15186520,,Panama v Croatia,Panama,Croatia,Carlos Harvey,0.017240708693862,0.0,5.1,75.0,miss,,corner,right-foot,79,missed
2026-06-23,15186520,,Panama v Croatia,Panama,Croatia,José Luis Rodríguez,0.048636719584465,0.0,21.2,36.6,miss,,open_play,left-foot,78,missed
2026-06-23,15186520,,Panama v Croatia,Panama,Croatia,Carlos Harvey,0.14549712836742,0.0,6.3,47.2,miss,,corner,head,68,missed
2026-06-23,15186520,,Panama v Croatia,Panama,Croatia,Amir Murillo,0.027461921796203,0.038298133760691,13.0,71.6,save,,open_play,right-foot,68,saved
2026-06-23,15186520,,Panama v Croatia,Panama,Croatia,José Fajardo,0.19611440598965,0.0,8.3,51.7,miss,,open_play,head,60,missed
2026-06-23,15186520,,Panama v Croatia,Croatia,Panama,Marco Pašalić,0.47665643692017,0.0,3.2,37.8,miss,,fast_break,left-foot,57,missed
2026-06-23,15186520,,Panama v Croatia,Croatia,Panama,Marco Pašalić,0.50777155160904,0.21998240053654,14.2,45.2,save,,fast_break,left-foot,57,saved
2026-06-23,15186520,,Panama v Croatia,Croatia,Panama,Ante Budimir,0.80009752511978,0.99433183670044,5.2,47.2,goal,regular,open_play,left-foot,54,goal
2026-06-23,15186520,,Panama v Croatia,Croatia,Panama,Martin Baturina,0.031263183802366,0.0,24.8,31.3,miss,,open_play,right-foot,45,missed
2026-06-23,15186520,,Panama v Croatia,Panama,Croatia,Amir Murillo,0.050077624619007,0.0,14.4,34.6,block,,set_piece,right-foot,4,blocked
2026-06-23,15186520,,Panama v Croatia,Croatia,Panama,Luka Modrić,0.018807983025908,0.0,9.7,66.7,miss,,open_play,head,2,missed
2026-06-24,15186713,,Colombia v DR Congo,Colombia,DR Congo,Juan Fernando Quintero,0.035221491008997,0.0,38.0,75.6,miss,,free_kick,left-foot,90,missed
2026-06-24,15186713,,Colombia v DR Congo,DR Congo,Colombia,Charles Pickel,0.062094312161207,0.0,6.3,59.6,miss,,corner,right-foot,90,missed
2026-06-24,15186713,,Colombia v DR Congo,DR Congo,Colombia,Nathanaël Mbuku,0.025622859597206,0.076763063669205,25.6,34.2,save,,open_play,left-foot,90,saved
2026-06-24,15186713,,Colombia v DR Congo,DR Congo,Colombia,Joris Kayembe,0.022924436256289,0.0,21.5,33.4,block,,open_play,left-foot,89,blocked
2026-06-24,15186713,,Colombia v DR Congo,Colombia,DR Congo,Gustavo Puerta,0.027717139571905,0.097986184060574,22.3,68.7,save,,corner,right-foot,86,saved
2026-06-24,15186713,,Colombia v DR Congo,Colombia,DR Congo,Gustavo Puerta,0.042772985994816,0.0,19.2,49.7,block,,open_play,right-foot,86,blocked
2026-06-24,15186713,,Colombia v DR Congo,Colombia,DR Congo,Daniel Muñoz,0.067233756184578,0.58502507209778,13.0,66.9,goal,regular,open_play,left-foot,76,goal
2026-06-24,15186713,,Colombia v DR Congo,DR Congo,Colombia,Yoane Wissa,0.12068992108107,0.0,15.1,46.1,block,,open_play,right-foot,74,blocked
2026-06-24,15186713,,Colombia v DR Congo,DR Congo,Colombia,Samuel Moutoussamy,0.041087627410889,0.0,25.9,51.9,miss,,fast_break,left-foot,53,missed
2026-06-24,15186713,,Colombia v DR Congo,Colombia,DR Congo,Jhon Arias,0.039530515670776,0.0,10.4,59.3,miss,,corner,left-foot,50,missed
2026-06-24,15186713,,Colombia v DR Congo,Colombia,DR Congo,Luis Díaz,0.084151186048985,0.14482904970646,7.5,43.5,save,,corner,left-foot,50,saved
2026-06-24,15186713,,Colombia v DR Congo,Colombia,DR Congo,Gustavo Puerta,0.035398002713919,0.0,21.8,61.3,block,,open_play,right-foot,45,blocked
2026-06-24,15186713,,Colombia v DR Congo,Colombia,DR Congo,Luis Díaz,0.03541174903512,0.0,10.0,67.0,block,,open_play,left-foot,45,blocked
2026-06-24,15186713,,Colombia v DR Congo,DR Congo,Colombia,Cédric Bakambu,0.071079395711422,0.0,8.0,47.0,miss,,corner,head,45,missed
2026-06-24,15186713,,Colombia v DR Congo,Colombia,DR Congo,Luis Javier Suárez,0.033631570637226,0.0,14.4,29.5,block,,open_play,right-foot,41,blocked
2026-06-24,15186713,,Colombia v DR Congo,Colombia,DR Congo,Davinson Sánchez,0.029601836577058,0.023415893316269,9.7,38.3,save,,set_piece,head,39,saved
2026-06-24,15186713,,Colombia v DR Congo,Colombia,DR Congo,Luis Díaz,0.025663839653134,0.0,12.6,33.3,block,,open_play,right-foot,31,blocked
2026-06-24,15186713,,Colombia v DR Congo,Colombia,DR Congo,Luis Díaz,0.021118437871337,0.0,26.8,65.4,block,,open_play,right-foot,24,blocked
2026-06-24,15186713,,Colombia v DR Congo,Colombia,DR Congo,Gustavo Puerta,0.016145758330822,0.074882291257381,30.5,36.6,save,,open_play,right-foot,19,saved
2026-06-24,15186713,,Colombia v DR Congo,Colombia,DR Congo,Gustavo Puerta,0.028964068740606,0.0,26.0,55.4,miss,,corner,left-foot,17,missed
2026-06-24,15186713,,Colombia v DR Congo,Colombia,DR Congo,Luis Díaz,0.12449578940868,0.11158062517643,12.2,40.3,save,,open_play,right-foot,16,saved
2026-06-24,15186713,,Colombia v DR Congo,Colombia,DR Congo,Johan Mojica,0.015776429325342,0.035644065588713,29.4,32.4,save,,open_play,left-foot,15,saved
2026-06-24,15186713,,Colombia v DR Congo,Colombia,DR Congo,Jhon Lucumí,0.050132252275944,0.0,8.9,46.2,miss,,corner,head,12,missed
2026-06-24,15186713,,Colombia v DR Congo,Colombia,DR Congo,James Rodríguez,0.024544056504965,0.099853150546551,28.2,53.2,save,,open_play,left-foot,11,saved
2026-06-24,15186713,,Colombia v DR Congo,Colombia,DR Congo,Daniel Muñoz,0.19817136228085,0.0,4.3,60.3,post,,open_play,right-foot,4,post
2026-06-24,15186713,,Colombia v DR Congo,Colombia,DR Congo,Jhon Arias,0.060662567615509,0.21382609009743,8.6,35.8,save,,open_play,right-foot,4,saved
2026-06-24,15186713,,Colombia v DR Congo,DR Congo,Colombia,Edo Kayembe,0.024648237973452,0.0,24.4,61.5,miss,,open_play,left-foot,1,missed
2026-06-24,15186829,,Bosnia & Herzegovina v Qatar,Qatar,Bosnia & Herzegovina,Almoez Ali,0.071248479187489,0.23798760771751,8.3,51.5,save,,corner,head,90,saved
2026-06-24,15186829,,Bosnia & Herzegovina v Qatar,Qatar,Bosnia & Herzegovina,Pedro Miguel,0.011631119064987,0.010304588824511,30.3,66.2,save,,open_play,right-foot,90,saved
2026-06-24,15186829,,Bosnia & Herzegovina v Qatar,Qatar,Bosnia & Herzegovina,Ahmed Al-Ganehi,0.039519634097815,0.0,22.8,51.9,miss,,set_piece,right-foot,86,missed
2026-06-24,15186829,,Bosnia & Herzegovina v Qatar,Bosnia & Herzegovina,Qatar,Ermin Mahmić,0.053436122834682,0.19006346166134,11.8,52.6,goal,regular,corner,right-foot,80,goal
2026-06-24,15186829,,Bosnia & Herzegovina v Qatar,Bosnia & Herzegovina,Qatar,Stjepan Radeljić,0.017579205334187,0.0,6.6,29.8,block,,corner,left-foot,80,blocked
2026-06-24,15186829,,Bosnia & Herzegovina v Qatar,Bosnia & Herzegovina,Qatar,Ivan Bašić,0.024513592943549,0.0,20.3,32.7,block,,corner,right-foot,80,blocked
2026-06-24,15186829,,Bosnia & Herzegovina v Qatar,Bosnia & Herzegovina,Qatar,Esmir Bajraktarević,0.041874431073666,0.11181446164846,22.8,55.2,save,,open_play,left-foot,79,saved
2026-06-24,15186829,,Bosnia & Herzegovina v Qatar,Bosnia & Herzegovina,Qatar,Esmir Bajraktarević,0.012600097805262,0.0,18.5,71.4,miss,,open_play,left-foot,76,missed
2026-06-24,15186829,,Bosnia & Herzegovina v Qatar,Qatar,Bosnia & Herzegovina,Akram Afif,0.028053803369403,0.0,21.6,64.4,miss,,open_play,left-foot,60,missed
2026-06-24,15186829,,Bosnia & Herzegovina v Qatar,Qatar,Bosnia & Herzegovina,Akram Afif,0.065518543124199,0.0,7.3,31.5,miss,,fast_break,left-foot,57,missed
2026-06-24,15186829,,Bosnia & Herzegovina v Qatar,Qatar,Bosnia & Herzegovina,Pedro Miguel,0.037737961858511,0.0,12.1,71.3,miss,,open_play,right-foot,45,missed
2026-06-24,15186829,,Bosnia & Herzegovina v Qatar,Qatar,Bosnia & Herzegovina,Pedro Miguel,0.17200100421906,0.0,8.9,64.9,post,,open_play,right-foot,45,post
2026-06-24,15186829,,Bosnia & Herzegovina v Qatar,Qatar,Bosnia & Herzegovina,Boualem Khoukhi,0.018266240134835,0.0,29.3,62.1,miss,,open_play,right-foot,45,missed
2026-06-24,15186829,,Bosnia & Herzegovina v Qatar,Qatar,Bosnia & Herzegovina,Hassan Al Haydos,0.32672220468521,0.89058887958527,4.9,48.0,goal,regular,open_play,right-foot,42,goal
2026-06-24,15186829,,Bosnia & Herzegovina v Qatar,Bosnia & Herzegovina,Qatar,Edin Džeko,0.11293852329254,0.0,13.4,38.2,post,,open_play,left-foot,38,post
2026-06-24,15186829,,Bosnia & Herzegovina v Qatar,Bosnia & Herzegovina,Qatar,Mahmud Abunada,,,1.1,51.5,goal,own,open_play,other,34,goal
2026-06-24,15186829,,Bosnia & Herzegovina v Qatar,Bosnia & Herzegovina,Qatar,Nikola Katić,0.071342140436172,0.0,8.2,53.1,miss,,corner,head,33,missed
2026-06-24,15186829,,Bosnia & Herzegovina v Qatar,Bosnia & Herzegovina,Qatar,Ivan Bašić,0.044414602220058,0.0,20.2,61.8,block,,open_play,left-foot,33,blocked
2026-06-24,15186829,,Bosnia & Herzegovina v Qatar,Bosnia & Herzegovina,Qatar,Kerim Alajbegović,0.056853964924812,0.28606113791466,20.6,63.4,goal,regular,open_play,right-foot,29,goal
2026-06-24,15186829,,Bosnia & Herzegovina v Qatar,Bosnia & Herzegovina,Qatar,Kerim Alajbegović,0.13349787890911,0.0,22.5,48.9,block,,free_kick,right-foot,23,blocked
2026-06-24,15186829,,Bosnia & Herzegovina v Qatar,Bosnia & Herzegovina,Qatar,Ivan Bašić,0.024195745587349,0.0,25.0,69.3,block,,open_play,left-foot,18,blocked
2026-06-24,15186829,,Bosnia & Herzegovina v Qatar,Bosnia & Herzegovina,Qatar,Ivan Bašić,0.031145017594099,0.0,29.3,52.1,miss,,open_play,left-foot,17,missed
2026-06-24,15186829,,Bosnia & Herzegovina v Qatar,Bosnia & Herzegovina,Qatar,Ivan Šunjić,0.029435189440846,0.2531113922596,20.3,34.0,save,,open_play,left-foot,3,saved
2026-06-24,15186829,,Bosnia & Herzegovina v Qatar,Bosnia & Herzegovina,Qatar,Ermedin Demirović,0.021268902346492,0.11870686709881,19.5,33.8,save,,open_play,left-foot,2,saved
2026-06-24,15186821,,Switzerland v Canada,Canada,Switzerland,Promise David,0.044478639960289,0.16108064353466,9.4,62.7,save,,set_piece,right-foot,90,saved
2026-06-24,15186821,,Switzerland v Canada,Canada,Switzerland,Alistair Johnston,0.10891616344452,0.16740196943283,8.8,55.4,save,,open_play,head,90,saved
2026-06-24,15186821,,Switzerland v Canada,Canada,Switzerland,Promise David,0.17442651093006,0.72198367118835,5.4,45.4,save,,set_piece,head,90,saved
2026-06-24,15186821,,Switzerland v Canada,Canada,Switzerland,Derek Cornelius,0.28559967875481,0.0,4.9,54.6,miss,,set_piece,head,90,missed
2026-06-24,15186821,,Switzerland v Canada,Canada,Switzerland,Promise David,0.54488199949265,0.98553848266602,11.4,46.8,goal,regular,open_play,right-foot,76,goal
2026-06-24,15186821,,Switzerland v Canada,Canada,Switzerland,Jonathan David,0.17495773732662,0.0,7.9,38.7,block,,open_play,left-foot,68,blocked
2026-06-24,15186821,,Switzerland v Canada,Canada,Switzerland,Derek Cornelius,0.023633506149054,0.0,9.4,63.9,block,,corner,left-foot,61,blocked
2026-06-24,15186821,,Switzerland v Canada,Canada,Switzerland,Liam Millar,0.01641957461834,0.0,14.8,47.9,block,,set_piece,head,61,blocked
2026-06-24,15186821,,Switzerland v Canada,Switzerland,Canada,Johan Manzambi,0.12249632179737,0.077188760042191,12.6,64.4,goal,regular,open_play,right-foot,57,goal
2026-06-24,15186821,,Switzerland v Canada,Switzerland,Canada,Rubén Vargas,0.25258135795593,0.78233867883682,9.1,44.4,goal,regular,open_play,right-foot,46,goal
2026-06-24,15186821,,Switzerland v Canada,Canada,Switzerland,Jonathan David,0.045472182333469,0.0,16.9,35.2,miss,,open_play,left-foot,44,missed
2026-06-24,15186821,,Switzerland v Canada,Canada,Switzerland,Ali Ahmed,0.065690740942955,0.5694015622139,13.5,33.8,save,,open_play,right-foot,41,saved
2026-06-24,15186821,,Switzerland v Canada,Canada,Switzerland,Alistair Johnston,0.020399332046509,0.0,22.7,58.2,miss,,set_piece,right-foot,40,missed
2026-06-24,15186821,,Switzerland v Canada,Switzerland,Canada,Granit Xhaka,0.038366228342056,0.0,27.7,44.1,miss,,free_kick,left-foot,38,missed
2026-06-24,15186821,,Switzerland v Canada,Canada,Switzerland,Cyle Larin,0.12850674986839,0.13888992369175,10.8,34.2,save,,fast_break,right-foot,33,saved
2026-06-24,15186821,,Switzerland v Canada,Canada,Switzerland,Luc De Fougerolles,0.025831960141659,0.020007897168398,13.2,57.7,save,,set_piece,right-foot,20,saved
2026-06-24,15186821,,Switzerland v Canada,Switzerland,Canada,Breel Embolo,0.083089135587215,0.067874304950237,12.5,32.2,save,,fast_break,left-foot,17,saved
2026-06-24,15186821,,Switzerland v Canada,Switzerland,Canada,Johan Manzambi,0.07435530424118,0.0,14.1,38.5,block,,open_play,right-foot,11,blocked
2026-06-24,15186821,,Switzerland v Canada,Switzerland,Canada,Breel Embolo,0.58695143461227,0.24662877619267,13.9,53.9,save,,open_play,right-foot,11,saved
2026-06-24,15186864,,Morocco v Haiti,Haiti,Morocco,Ricardo Adé,0.048386070877314,0.0,22.3,55.8,miss,,open_play,right-foot,90,missed
2026-06-24,15186864,,Morocco v Haiti,Haiti,Morocco,Louicius Don Deedson,0.018719967454672,0.0,14.5,72.8,block,,open_play,left-foot,90,blocked
2026-06-24,15186864,,Morocco v Haiti,Haiti,Morocco,Jean-Ricner Bellegarde,0.035408090800047,0.0,9.8,44.2,block,,corner,head,90,blocked
2026-06-24,15186864,,Morocco v Haiti,Haiti,Morocco,Duckens Nazon,0.045086674392223,0.18435515463352,25.6,36.8,save,,free_kick,right-foot,90,saved
2026-06-24,15186864,,Morocco v Haiti,Morocco,Haiti,Gessime Yassine,0.90303039550781,0.99320989847183,6.5,53.8,goal,regular,open_play,left-foot,89,goal
2026-06-24,15186864,,Morocco v Haiti,Morocco,Haiti,Azzedine Ounahi,0.011767186224461,0.0,18.4,31.1,block,,corner,right-foot,89,blocked
2026-06-24,15186864,,Morocco v Haiti,Morocco,Haiti,Achraf Hakimi,0.034532766789198,0.043168667703867,11.6,9.6,save,,free_kick,right-foot,88,saved
2026-06-24,15186864,,Morocco v Haiti,Morocco,Haiti,Soufiane Rahimi,0.073820807039738,0.631138920784,9.4,47.2,goal,regular,corner,right-foot,78,goal
2026-06-24,15186864,,Morocco v Haiti,Morocco,Haiti,Chadi Riad,0.027701687067747,0.0,7.9,59.6,miss,,corner,head,78,missed
2026-06-24,15186864,,Morocco v Haiti,Morocco,Haiti,Soufiane Rahimi,0.048606213182211,0.0,9.2,52.1,block,,corner,head,77,blocked
2026-06-24,15186864,,Morocco v Haiti,Morocco,Haiti,Achraf Hakimi,0.018306354060769,0.0,25.7,50.1,block,,set_piece,right-foot,75,blocked
2026-06-24,15186864,,Morocco v Haiti,Morocco,Haiti,Achraf Hakimi,0.035935707390308,0.0,28.3,49.3,block,,free_kick,right-foot,75,blocked
2026-06-24,15186864,,Morocco v Haiti,Haiti,Morocco,Jean-Ricner Bellegarde,0.044455699622631,0.0,15.9,19.5,block,,free_kick,right-foot,64,blocked
2026-06-24,15186864,,Morocco v Haiti,Morocco,Haiti,Bilal El Khannouss,0.045458607375622,0.099495954811573,22.8,52.1,save,,corner,right-foot,59,saved
2026-06-24,15186864,,Morocco v Haiti,Morocco,Haiti,Neil El Aynaoui,0.097352892160416,0.04801732301712,10.1,53.8,save,,set_piece,head,45,saved
2026-06-24,15186864,,Morocco v Haiti,Morocco,Haiti,Bilal El Khannouss,0.040373548865318,0.011597454547882,23.5,39.3,save,,fast_break,right-foot,45,saved
2026-06-24,15186864,,Morocco v Haiti,Morocco,Haiti,Brahim Díaz,0.22873921692371,0.0,9.9,40.9,miss,,open_play,left-foot,45,missed
2026-06-24,15186864,,Morocco v Haiti,Morocco,Haiti,Ismael Saibari,0.21724292635918,0.73422092199326,15.0,51.8,goal,regular,open_play,right-foot,45,goal
2026-06-24,15186864,,Morocco v Haiti,Haiti,Morocco,Wilson Isidor,0.027946328744292,0.30535414814949,23.5,69.5,goal,regular,open_play,right-foot,43,goal
2026-06-24,15186864,,Morocco v Haiti,Morocco,Haiti,Achraf Hakimi,0.93895292282104,0.68688082695007,2.0,48.8,goal,regular,open_play,left-foot,39,goal
2026-06-24,15186864,,Morocco v Haiti,Morocco,Haiti,Ismael Saibari,0.058837074786425,0.0,9.8,46.2,miss,,open_play,head,36,missed
2026-06-24,15186864,,Morocco v Haiti,Haiti,Morocco,Lenny Joseph,0.037704739719629,0.0,9.5,70.5,miss,,open_play,right-foot,34,missed
2026-06-24,15186864,,Morocco v Haiti,Morocco,Haiti,Ayoub El Kaabi,0.096398375928402,0.1779926866293,12.9,51.7,save,,open_play,left-foot,30,saved
2026-06-24,15186864,,Morocco v Haiti,Morocco,Haiti,Achraf Hakimi,0.31303828954697,0.24089024960995,14.4,43.7,save,,open_play,left-foot,30,saved
2026-06-24,15186864,,Morocco v Haiti,Morocco,Haiti,Ayoub El Kaabi,0.048397939652205,0.0,9.2,57.9,miss,,open_play,head,28,missed
2026-06-24,15186864,,Morocco v Haiti,Morocco,Haiti,Ismael Saibari,0.077326394617558,0.0,18.2,52.6,miss,,open_play,right-foot,23,missed
2026-06-24,15186864,,Morocco v Haiti,Morocco,Haiti,Ismael Saibari,0.046307682991028,0.0,15.2,34.7,block,,open_play,left-foot,14,blocked
2026-06-24,15186864,,Morocco v Haiti,Morocco,Haiti,Ismael Saibari,0.40572109818459,0.0,7.3,50.7,miss,,open_play,right-foot,13,missed
2026-06-24,15186864,,Morocco v Haiti,Morocco,Haiti,Ayoub El Kaabi,0.026041986420751,0.15641359984875,3.9,73.8,save,,fast_break,right-foot,12,saved
2026-06-24,15186864,,Morocco v Haiti,Haiti,Morocco,Yassine Bounou,,0.98456257581711,3.8,53.6,goal,own,open_play,other,10,goal
2026-06-24,15186864,,Morocco v Haiti,Haiti,Morocco,Lenny Joseph,0.92572396993637,0.0,4.1,52.2,miss,,open_play,right-foot,10,missed
2026-06-24,15186864,,Morocco v Haiti,Haiti,Morocco,Jean-Ricner Bellegarde,0.038762498646975,0.0,28.1,49.5,miss,,free_kick,right-foot,8,missed
2026-06-24,15186861,,Scotland v Brazil,Brazil,Scotland,Vinícius Júnior,0.049733355641365,0.0,13.6,40.1,block,,open_play,left-foot,90,blocked
2026-06-24,15186861,,Scotland v Brazil,Scotland,Brazil,Scott McTominay,0.26608666777611,0.37562328577042,4.6,46.0,save,,corner,left-foot,90,saved
2026-06-24,15186861,,Scotland v Brazil,Brazil,Scotland,Neymar,0.008917192928493,0.14552368223667,13.9,25.0,save,,set_piece,right-foot,90,saved
2026-06-24,15186861,,Scotland v Brazil,Scotland,Brazil,Tony Ralston,0.058503545820713,0.032764010131359,13.1,60.5,save,,open_play,left-foot,89,saved
2026-06-24,15186861,,Scotland v Brazil,Brazil,Scotland,Gabriel Magalhães,0.067294158041477,0.0,9.1,59.3,block,,corner,left-foot,86,blocked
2026-06-24,15186861,,Scotland v Brazil,Scotland,Brazil,Kieran Tierney,0.021839331835508,0.0,11.1,31.6,block,,open_play,left-foot,84,blocked
2026-06-24,15186861,,Scotland v Brazil,Scotland,Brazil,Ryan Christie,0.022568233311176,0.0,14.7,60.3,miss,,set_piece,right-foot,83,missed
2026-06-24,15186861,,Scotland v Brazil,Brazil,Scotland,Vinícius Júnior,0.87949240207672,0.0,6.6,47.2,miss,,fast_break,right-foot,81,missed
2026-06-24,15186861,,Scotland v Brazil,Brazil,Scotland,Vinícius Júnior,0.061155166476965,0.47774577140808,9.6,29.8,save,,open_play,right-foot,79,saved
2026-06-24,15186861,,Scotland v Brazil,Scotland,Brazil,Lawrence Shankland,0.05073319002986,0.0,8.4,45.2,miss,,corner,head,76,missed
2026-06-24,15186861,,Scotland v Brazil,Scotland,Brazil,Scott McTominay,0.16747799515724,0.0,7.4,47.7,miss,,open_play,left-foot,72,missed
2026-06-24,15186861,,Scotland v Brazil,Scotland,Brazil,Lawrence Shankland,0.0764235034585,0.0,9.7,34.6,miss,,open_play,left-foot,72,missed
2026-06-24,15186861,,Scotland v Brazil,Scotland,Brazil,Scott McTominay,0.11913955211639,0.68706572055817,7.4,53.3,save,,corner,head,64,saved
2026-06-24,15186861,,Scotland v Brazil,Scotland,Brazil,Lewis Ferguson,0.032797090709209,0.08811229467392,6.4,19.4,save,,free_kick,right-foot,64,saved
2026-06-24,15186861,,Scotland v Brazil,Brazil,Scotland,Matheus Cunha,0.089690037071705,0.6108216047287,12.0,58.7,goal,regular,open_play,right-foot,60,goal
2026-06-24,15186861,,Scotland v Brazil,Brazil,Scotland,Lucas Paquetá,0.069594614207745,0.0,18.2,42.7,miss,,open_play,right-foot,59,missed
2026-06-24,15186861,,Scotland v Brazil,Brazil,Scotland,Matheus Cunha,0.036325812339783,0.0,14.1,69.4,block,,open_play,right-foot,59,blocked
2026-06-24,15186861,,Scotland v Brazil,Brazil,Scotland,Vinícius Júnior,0.010517071001232,0.041758976876736,28.7,31.7,save,,open_play,right-foot,54,saved
2026-06-24,15186861,,Scotland v Brazil,Brazil,Scotland,Vinícius Júnior,0.28572005033493,0.74647897481918,12.6,42.3,save,,open_play,right-foot,51,saved
2026-06-24,15186861,,Scotland v Brazil,Scotland,Brazil,Scott McTominay,0.080330371856689,0.045788917690516,8.6,50.9,save,,open_play,head,49,saved
2026-06-24,15186861,,Scotland v Brazil,Brazil,Scotland,Douglas Santos,0.040367025882006,0.0,16.3,30.9,miss,,corner,left-foot,45,missed
2026-06-24,15186861,,Scotland v Brazil,Brazil,Scotland,Rayan,0.60104644298553,0.78779572248459,14.3,45.6,save,,open_play,right-foot,45,saved
2026-06-24,15186861,,Scotland v Brazil,Scotland,Brazil,Ben Gannon-Doak,0.07106801867485,0.0,18.4,55.0,block,,set_piece,right-foot,45,blocked
2026-06-24,15186861,,Scotland v Brazil,Brazil,Scotland,Vinícius Júnior,0.76646381616592,0.99495303630829,3.2,46.8,goal,regular,open_play,head,45,goal
2026-06-24,15186861,,Scotland v Brazil,Scotland,Brazil,Ben Gannon-Doak,0.036325812339783,0.0,14.0,30.8,miss,,open_play,right-foot,45,missed
2026-06-24,15186861,,Scotland v Brazil,Brazil,Scotland,Matheus Cunha,0.21403519809246,0.0,3.3,56.0,save,,open_play,right-foot,45,saved
2026-06-24,15186861,,Scotland v Brazil,Brazil,Scotland,Matheus Cunha,0.024408079683781,0.0,19.8,35.8,miss,,open_play,right-foot,42,missed
2026-06-24,15186861,,Scotland v Brazil,Brazil,Scotland,Rayan,0.045398809015751,0.0,21.6,66.2,miss,,open_play,left-foot,38,missed
2026-06-24,15186861,,Scotland v Brazil,Scotland,Brazil,Kenny McLean,0.019288873299956,0.0,27.9,52.9,block,,set_piece,left-foot,36,blocked
2026-06-24,15186861,,Scotland v Brazil,Scotland,Brazil,Lewis Ferguson,0.019214285537601,0.0,28.4,63.6,miss,,open_play,right-foot,33,missed
2026-06-24,15186861,,Scotland v Brazil,Brazil,Scotland,Vinícius Júnior,0.056506402790546,0.0,13.2,67.7,miss,,fast_break,right-foot,20,missed
2026-06-24,15186861,,Scotland v Brazil,Brazil,Scotland,Matheus Cunha,0.030303506180644,0.0,22.7,69.4,miss,,open_play,right-foot,12,missed
2026-06-24,15186861,,Scotland v Brazil,Brazil,Scotland,Bruno Guimarães,0.025595178827643,0.0,19.6,72.3,block,,fast_break,right-foot,11,blocked
2026-06-24,15186861,,Scotland v Brazil,Brazil,Scotland,Vinícius Júnior,0.94657838344574,0.99519050121307,8.1,51.0,goal,regular,open_play,right-foot,7,goal
2026-06-24,15186861,,Scotland v Brazil,Brazil,Scotland,Casemiro,0.024403192102909,0.0,28.3,48.8,block,,open_play,right-foot,7,blocked
2026-06-25,15186744,,South Africa v South Korea,South Korea,South Africa,Jin-seob Park,0.36469665169716,0.64339852333069,2.9,44.2,save,,corner,head,90,saved
2026-06-25,15186744,,South Africa v South Korea,South Korea,South Africa,Son Heung-min,0.032174330204725,0.0,22.2,48.1,block,,open_play,left-foot,88,blocked
2026-06-25,15186744,,South Africa v South Korea,South Korea,South Africa,Young-woo Seol,0.005469829775393,0.0,24.2,66.2,miss,,corner,right-foot,86,missed
2026-06-25,15186744,,South Africa v South Korea,South Africa,South Korea,Thapelo Maseko,0.086023598909378,0.24795681238174,12.3,60.9,goal,regular,fast_break,left-foot,63,goal
2026-06-25,15186744,,South Africa v South Korea,South Korea,South Africa,Hyeon-gyu Oh,0.16524033248425,0.78074711561203,8.7,51.1,save,,open_play,head,60,saved
2026-06-25,15186744,,South Africa v South Korea,South Africa,South Korea,Thalente Mbatha,0.016321009024978,0.0,31.8,47.7,miss,,open_play,right-foot,51,missed
2026-06-25,15186744,,South Africa v South Korea,South Africa,South Korea,Thapelo Maseko,0.083055011928082,0.0,13.9,55.9,block,,open_play,left-foot,51,blocked
2026-06-25,15186744,,South Africa v South Korea,South Africa,South Korea,Aubrey Modiba,0.0088994232937694,0.0,26.8,56.8,miss,,corner,left-foot,45,missed
2026-06-25,15186744,,South Africa v South Korea,South Africa,South Korea,Thapelo Maseko,0.031134493649006,0.0,20.6,71.3,block,,open_play,left-foot,43,blocked
2026-06-25,15186744,,South Africa v South Korea,South Africa,South Korea,Relebohile Mofokeng,0.025005983188748,0.0,22.9,34.2,miss,,set_piece,right-foot,42,missed
2026-06-25,15186744,,South Africa v South Korea,South Africa,South Korea,Thapelo Maseko,0.040215857326984,0.0,26.0,56.5,miss,,fast_break,left-foot,39,missed
2026-06-25,15186744,,South Africa v South Korea,South Korea,South Africa,Hwang Hee-chan,0.018266240134835,0.0,29.1,37.6,miss,,open_play,right-foot,34,missed
2026-06-25,15186744,,South Africa v South Korea,South Africa,South Korea,Evidence Makgopa,0.57916927337646,0.20412892103195,9.1,49.1,save,,fast_break,left-foot,30,saved
2026-06-25,15186744,,South Africa v South Korea,South Africa,South Korea,Thalente Mbatha,0.044074073433876,0.016837816685438,22.0,64.0,save,,fast_break,left-foot,30,saved
2026-06-25,15186744,,South Africa v South Korea,South Africa,South Korea,Oswin Appollis,0.027296043932438,0.029785199090838,23.7,32.7,save,,corner,right-foot,20,saved
2026-06-25,15186744,,South Africa v South Korea,South Africa,South Korea,Thapelo Maseko,0.13537962734699,0.0,13.5,60.5,block,,fast_break,left-foot,19,blocked
2026-06-25,15186744,,South Africa v South Korea,South Africa,South Korea,Evidence Makgopa,0.054189834743738,0.0,10.0,51.2,miss,,open_play,head,14,missed
2026-06-25,15186744,,South Africa v South Korea,South Korea,South Africa,Kang-in Lee,0.076029255986214,0.0,13.0,54.6,miss,,open_play,left-foot,8,missed
2026-06-25,15186744,,South Africa v South Korea,South Korea,South Africa,Hyeon-gyu Oh,0.20753446221352,0.0,3.8,55.5,miss,,open_play,right-foot,7,missed
2026-06-25,15186744,,South Africa v South Korea,South Africa,South Korea,Relebohile Mofokeng,0.053279541432858,0.0,20.9,61.3,block,,corner,left-foot,6,blocked
2026-06-25,15186744,,South Africa v South Korea,South Korea,South Africa,Kim Min-jae,0.034543167799711,0.0,8.1,43.6,save,,corner,head,2,saved
2026-06-25,15186732,,Czechia v Mexico,Mexico,Czechia,Álvaro Fidalgo,0.21110399067402,0.71202689409256,14.9,53.4,goal,regular,open_play,right-foot,90,goal
2026-06-25,15186732,,Czechia v Mexico,Mexico,Czechia,Santiago Giménez,0.10150680691004,0.16129384934902,6.5,60.3,save,,open_play,left-foot,90,saved
2026-06-25,15186732,,Czechia v Mexico,Czechia,Mexico,David Douděra,0.013980547897518,0.0,4.3,27.6,miss,,open_play,right-foot,90,missed
2026-06-25,15186732,,Czechia v Mexico,Czechia,Mexico,Pavel Šulc,0.034671388566494,0.0,26.8,53.6,miss,,open_play,right-foot,90,missed
2026-06-25,15186732,,Czechia v Mexico,Czechia,Mexico,David Douděra,0.016884902492166,0.0,30.7,61.9,miss,,open_play,right-foot,81,missed
2026-06-25,15186732,,Czechia v Mexico,Mexico,Czechia,Julián Quiñones,0.05489943921566,0.0,8.9,39.9,miss,,set_piece,head,77,missed
2026-06-25,15186732,,Czechia v Mexico,Czechia,Mexico,David Douděra,0.013876913115382,0.0,25.0,48.3,miss,,corner,right-foot,68,missed
2026-06-25,15186732,,Czechia v Mexico,Mexico,Czechia,Julián Quiñones,0.76225960254669,0.99454861879349,3.8,48.5,goal,regular,fast_break,right-foot,61,goal
2026-06-25,15186732,,Czechia v Mexico,Czechia,Mexico,Michal Sadílek,0.029682729393244,0.0,25.9,63.2,block,,set_piece,left-foot,61,blocked
2026-06-25,15186732,,Czechia v Mexico,Mexico,Czechia,Mateo Chávez,0.42623680830002,0.43598175048828,10.2,62.6,goal,regular,open_play,left-foot,55,goal
2026-06-25,15186732,,Czechia v Mexico,Czechia,Mexico,Lukáš Červ,0.013023505918682,0.0,23.8,59.1,block,,corner,right-foot,54,blocked
2026-06-25,15186732,,Czechia v Mexico,Mexico,Czechia,Julián Quiñones,0.030623031780124,0.0,16.0,37.0,block,,open_play,right-foot,50,blocked
2026-06-25,15186732,,Czechia v Mexico,Czechia,Mexico,Lukáš Červ,0.10994291305542,0.13286525011063,14.0,47.7,save,,set_piece,left-foot,46,saved
2026-06-25,15186732,,Czechia v Mexico,Mexico,Czechia,Julián Quiñones,0.010583363473415,0.0,27.5,18.3,miss,,open_play,right-foot,45,missed
2026-06-25,15186732,,Czechia v Mexico,Czechia,Mexico,David Douděra,0.013279903680086,0.0,29.6,32.3,miss,,set_piece,right-foot,44,missed
2026-06-25,15186732,,Czechia v Mexico,Mexico,Czechia,Roberto Alvarado,0.058018036186695,0.0,10.8,69.7,miss,,open_play,left-foot,39,missed
2026-06-25,15186732,,Czechia v Mexico,Mexico,Czechia,Jorge Sánchez,0.028826171532273,0.049867462366819,10.7,75.1,save,,open_play,right-foot,39,saved
2026-06-25,15186732,,Czechia v Mexico,Mexico,Czechia,Gilberto Mora,0.027527181431651,0.0,24.7,55.7,block,,open_play,left-foot,39,blocked
2026-06-25,15186732,,Czechia v Mexico,Mexico,Czechia,Israel Reyes,0.031651150435209,0.0,14.1,52.6,miss,,set_piece,right-foot,37,missed
2026-06-25,15186732,,Czechia v Mexico,Czechia,Mexico,Denis Višinský,0.095745034515858,0.0,12.5,44.6,block,,open_play,right-foot,27,blocked
2026-06-25,15186732,,Czechia v Mexico,Czechia,Mexico,Denis Višinský,0.021778961643577,0.0,25.9,29.5,miss,,set_piece,right-foot,15,missed
2026-06-25,15186732,,Czechia v Mexico,Czechia,Mexico,Michal Sadílek,0.033822581171989,0.0,15.2,57.6,miss,,set_piece,left-foot,12,missed
2026-06-25,15186732,,Czechia v Mexico,Czechia,Mexico,Denis Višinský,0.11170563846827,0.0,10.4,60.5,miss,,open_play,right-foot,8,missed
2026-06-25,15186732,,Czechia v Mexico,Czechia,Mexico,Vladimír Coufal,0.019741132855415,0.0,13.9,52.8,block,,open_play,head,7,blocked
2026-06-25,15186908,,Curaçao v Côte d'Ivoire,Curaçao,Côte d'Ivoire,Jeremy Antonisse,0.052020031958818,0.0,16.3,37.8,block,,open_play,right-foot,90,blocked
2026-06-25,15186908,,Curaçao v Côte d'Ivoire,Curaçao,Côte d'Ivoire,Gervane Kastaneer,0.041067514568567,0.0,18.9,48.5,miss,,open_play,left-foot,90,missed
2026-06-25,15186908,,Curaçao v Côte d'Ivoire,Côte d'Ivoire,Curaçao,Elye Wahi,0.25995796918869,0.30123719573021,7.7,67.0,save,,open_play,right-foot,89,saved
2026-06-25,15186908,,Curaçao v Côte d'Ivoire,Curaçao,Côte d'Ivoire,Juninho Bacuna,0.080468237400055,0.0,8.0,51.3,miss,,set_piece,head,79,missed
2026-06-25,15186908,,Curaçao v Côte d'Ivoire,Curaçao,Côte d'Ivoire,Leandro Bacuna,0.1032542809844,0.0,7.7,51.4,miss,,set_piece,head,79,missed
2026-06-25,15186908,,Curaçao v Côte d'Ivoire,Curaçao,Côte d'Ivoire,Tahith Chong,0.014905677177012,0.03896065056324,17.3,72.6,save,,open_play,left-foot,74,saved
2026-06-25,15186908,,Curaçao v Côte d'Ivoire,Côte d'Ivoire,Curaçao,Nicolas Pépé,0.1299302726984,0.57324343919754,10.9,66.0,goal,regular,open_play,left-foot,64,goal
2026-06-25,15186908,,Curaçao v Côte d'Ivoire,Curaçao,Côte d'Ivoire,Sherel Constancio Floranus,0.07176112383604,0.0,22.1,47.4,miss,,open_play,left-foot,55,missed
2026-06-25,15186908,,Curaçao v Côte d'Ivoire,Côte d'Ivoire,Curaçao,Franck Kessié,0.11729658395052,0.0,14.9,47.8,block,,open_play,left-foot,53,blocked
2026-06-25,15186908,,Curaçao v Côte d'Ivoire,Curaçao,Côte d'Ivoire,Jurien Gaari,0.037042625248432,0.0,4.2,39.7,block,,corner,head,45,blocked
2026-06-25,15186908,,Curaçao v Côte d'Ivoire,Curaçao,Côte d'Ivoire,Leandro Bacuna,0.024549193680286,0.0,10.5,30.9,miss,,open_play,right-foot,44,missed
2026-06-25,15186908,,Curaçao v Côte d'Ivoire,Curaçao,Côte d'Ivoire,Tahith Chong,0.016619762405753,0.0,25.7,56.2,miss,,open_play,left-foot,40,missed
2026-06-25,15186908,,Curaçao v Côte d'Ivoire,Côte d'Ivoire,Curaçao,Amad Diallo,0.12750960886478,0.0,17.5,55.2,miss,,open_play,left-foot,23,missed
2026-06-25,15186908,,Curaçao v Côte d'Ivoire,Côte d'Ivoire,Curaçao,Amad Diallo,0.20393051207066,0.0,9.3,51.9,miss,,open_play,left-foot,18,missed
2026-06-25,15186908,,Curaçao v Côte d'Ivoire,Curaçao,Côte d'Ivoire,Jurien Gaari,0.017455803230405,0.0,25.3,67.9,miss,,open_play,right-foot,14,missed
2026-06-25,15186908,,Curaçao v Côte d'Ivoire,Côte d'Ivoire,Curaçao,Amad Diallo,0.042691230773926,0.0,18.1,65.2,miss,,open_play,left-foot,10,missed
2026-06-25,15186908,,Curaçao v Côte d'Ivoire,Côte d'Ivoire,Curaçao,Nicolas Pépé,0.42798513174057,0.98124009370804,4.5,47.3,goal,regular,open_play,left-foot,7,goal
2026-06-25,15186908,,Curaçao v Côte d'Ivoire,Curaçao,Côte d'Ivoire,Tahith Chong,0.041193552315235,0.022868007421494,21.9,40.1,save,,open_play,left-foot,2,saved
2026-06-25,15186907,,Ecuador v Germany,Germany,Ecuador,Pascal Groß,0.016303479671478,0.0,23.0,58.8,miss,,set_piece,left-foot,90,missed
2026-06-25,15186907,,Ecuador v Germany,Germany,Ecuador,Deniz Undav,0.025815036147833,0.0,3.4,31.3,miss,,open_play,left-foot,90,missed
2026-06-25,15186907,,Ecuador v Germany,Ecuador,Germany,Gonzalo Plata,0.56921994686127,0.93349039554596,1.4,52.8,goal,regular,corner,left-foot,77,goal
2026-06-25,15186907,,Ecuador v Germany,Ecuador,Germany,Kevin Rodriguez,0.28812775015831,0.0,4.6,46.6,block,,open_play,left-foot,77,blocked
2026-06-25,15186907,,Ecuador v Germany,Germany,Ecuador,Leroy Sané,0.1611712127924,0.037028655409813,14.2,40.5,save,,fast_break,left-foot,76,saved
2026-06-25,15186907,,Ecuador v Germany,Ecuador,Germany,Gonzalo Plata,0.29998663067818,0.0,4.6,51.7,miss,,open_play,left-foot,73,missed
2026-06-25,15186907,,Ecuador v Germany,Germany,Ecuador,Florian Wirtz,0.059495955705643,0.0,20.3,45.5,block,,fast_break,right-foot,63,blocked
2026-06-25,15186907,,Ecuador v Germany,Ecuador,Germany,Enner Valencia,0.04612585529685,0.16995160281658,22.2,61.7,save,,open_play,right-foot,62,saved
2026-06-25,15186907,,Ecuador v Germany,Ecuador,Germany,Moisés Caicedo,0.021613201126456,0.0,3.4,34.9,miss,,corner,head,54,missed
2026-06-25,15186907,,Ecuador v Germany,Germany,Ecuador,Florian Wirtz,0.072388246655464,0.0,10.5,61.5,block,,open_play,right-foot,45,blocked
2026-06-25,15186907,,Ecuador v Germany,Germany,Ecuador,Felix Nmecha,0.022430453449488,0.0,20.7,63.8,block,,open_play,right-foot,38,blocked
2026-06-25,15186907,,Ecuador v Germany,Germany,Ecuador,Jamal Musiala,0.027801383286715,0.0,13.4,34.9,block,,open_play,left-foot,35,blocked
2026-06-25,15186907,,Ecuador v Germany,Ecuador,Germany,Enner Valencia,0.019715569913387,0.0,10.2,71.6,block,,open_play,right-foot,32,blocked
2026-06-25,15186907,,Ecuador v Germany,Germany,Ecuador,Kai Havertz,0.087646625936031,0.36776396632195,8.2,51.3,save,,open_play,head,25,saved
2026-06-25,15186907,,Ecuador v Germany,Germany,Ecuador,Felix Nmecha,0.035722158849239,0.0,19.3,71.5,miss,,open_play,right-foot,14,missed
2026-06-25,15186907,,Ecuador v Germany,Ecuador,Germany,Nilson Angulo,0.025310298427939,0.52274709939957,22.1,41.1,goal,regular,open_play,right-foot,9,goal
2026-06-25,15186907,,Ecuador v Germany,Germany,Ecuador,Florian Wirtz,0.033944636583328,0.0,20.2,42.3,block,,open_play,right-foot,7,blocked
2026-06-25,15186907,,Ecuador v Germany,Germany,Ecuador,Leroy Sané,0.10711923241615,0.5402427315712,15.0,49.2,goal,regular,set_piece,left-foot,2,goal
2026-06-25,15186972,,Japan v Sweden,Sweden,Japan,Alexander Isak,0.10501806437969,0.39875382184982,4.0,43.6,save,,corner,head,90,saved
2026-06-25,15186972,,Japan v Sweden,Sweden,Japan,Anthony Elanga,0.062120828777552,0.29756489396095,7.0,68.4,save,,open_play,right-foot,90,saved
2026-06-25,15186972,,Japan v Sweden,Japan,Sweden,Koki Ogawa,0.30681684613228,0.0,9.9,54.4,miss,,open_play,left-foot,83,missed
2026-06-25,15186972,,Japan v Sweden,Sweden,Japan,Gustaf Lagerbielke,0.027530945837498,0.0,12.5,43.0,miss,,set_piece,head,81,missed
2026-06-25,15186972,,Japan v Sweden,Sweden,Japan,Ken Sema,0.032759688794613,0.0,14.7,60.1,block,,corner,left-foot,79,blocked
2026-06-25,15186972,,Japan v Sweden,Sweden,Japan,Victor Lindelöf,0.18993830680847,0.0,3.2,44.9,miss,,corner,head,79,missed
2026-06-25,15186972,,Japan v Sweden,Sweden,Japan,Daniel Svensson,0.0080354148522019,0.0,20.1,31.1,block,,set_piece,left-foot,78,blocked
2026-06-25,15186972,,Japan v Sweden,Sweden,Japan,Alexander Isak,0.057289812713861,0.12338314950466,20.0,41.9,save,,open_play,right-foot,65,saved
2026-06-25,15186972,,Japan v Sweden,Sweden,Japan,Anthony Elanga,0.017983600497246,0.13210089504719,17.8,78.1,goal,regular,open_play,left-foot,62,goal
2026-06-25,15186972,,Japan v Sweden,Japan,Sweden,Daizen Maeda,0.59847813844681,0.75398790836334,9.9,51.8,goal,regular,open_play,right-foot,56,goal
2026-06-25,15186972,,Japan v Sweden,Japan,Sweden,Ayase Ueda,0.080117680132389,0.0,21.5,56.3,block,,open_play,right-foot,52,blocked
2026-06-25,15186972,,Japan v Sweden,Sweden,Japan,Gustaf Lagerbielke,0.073050126433372,0.0,4.3,58.8,miss,,corner,head,50,missed
2026-06-25,15186972,,Japan v Sweden,Japan,Sweden,Ao Tanaka,0.046611629426479,0.0,23.8,54.6,miss,,open_play,right-foot,48,missed
2026-06-25,15186972,,Japan v Sweden,Sweden,Japan,Viktor Gyökeres,0.025266936048865,0.0,25.2,56.6,block,,open_play,right-foot,45,blocked
2026-06-25,15186972,,Japan v Sweden,Japan,Sweden,Keito Nakamura,0.061905667185783,0.50593560934067,13.4,34.6,save,,open_play,right-foot,45,saved
2026-06-25,15186972,,Japan v Sweden,Japan,Sweden,Yukinari Sugawara,0.0080745816230774,0.012897876091301,28.5,69.1,save,,open_play,right-foot,40,saved
2026-06-25,15186972,,Japan v Sweden,Japan,Sweden,Daizen Maeda,0.084685936570168,0.0,9.0,44.5,miss,,open_play,head,22,missed
2026-06-25,15186972,,Japan v Sweden,Japan,Sweden,Ritsu Doan,0.022252473980188,0.0,19.7,65.8,block,,open_play,left-foot,15,blocked
2026-06-25,15186972,,Japan v Sweden,Sweden,Japan,Alexander Bernhardsson,0.044493444263935,0.21202436089516,17.9,58.9,save,,open_play,left-foot,6,saved
2026-06-25,15186973,,Tunisia v Netherlands,Tunisia,Netherlands,Elias Achouri,0.027158534154296,0.0,16.7,51.3,block,,corner,right-foot,90,blocked
2026-06-25,15186973,,Tunisia v Netherlands,Tunisia,Netherlands,Hazem Mastouri,0.011545773595572,0.0,54.8,46.8,miss,,fast_break,right-foot,90,missed
2026-06-25,15186973,,Tunisia v Netherlands,Netherlands,Tunisia,Nathan Aké,0.1215733513236,0.0,8.3,48.5,miss,,set_piece,head,80,missed
2026-06-25,15186973,,Tunisia v Netherlands,Netherlands,Tunisia,Virgil van Dijk,0.036461628973484,0.040243569761515,10.7,53.4,save,,set_piece,head,78,saved
2026-06-25,15186973,,Tunisia v Netherlands,Tunisia,Netherlands,Elias Achouri,0.05156771838665,0.0,20.4,40.9,miss,,corner,right-foot,77,missed
2026-06-25,15186973,,Tunisia v Netherlands,Tunisia,Netherlands,Hannibal Mejbri,0.022076923400164,0.080357186496258,21.6,67.7,save,,open_play,left-foot,76,saved
2026-06-25,15186973,,Tunisia v Netherlands,Netherlands,Tunisia,Tijjani Reijnders,0.040248099714518,0.41744717955589,19.1,51.9,save,,open_play,right-foot,68,saved
2026-06-25,15186973,,Tunisia v Netherlands,Netherlands,Tunisia,Denzel Dumfries,0.050154849886894,0.0,7.6,63.9,miss,,open_play,head,66,missed
2026-06-25,15186973,,Tunisia v Netherlands,Netherlands,Tunisia,Tijjani Reijnders,0.12140815705061,0.0,15.3,34.9,post,,open_play,right-foot,66,post
2026-06-25,15186973,,Tunisia v Netherlands,Tunisia,Netherlands,Hazem Mastouri,0.017263378947973,0.018240405246615,26.6,71.8,save,,open_play,right-foot,65,saved
2026-06-25,15186973,,Tunisia v Netherlands,Netherlands,Tunisia,Jan Paul van Hecke,0.039037924259901,0.58119362592697,4.4,39.9,goal,regular,corner,head,62,goal
2026-06-25,15186973,,Tunisia v Netherlands,Netherlands,Tunisia,Cody Gakpo,0.077200956642628,0.0,13.4,43.7,block,,open_play,right-foot,61,blocked
2026-06-25,15186973,,Tunisia v Netherlands,Tunisia,Netherlands,Hazem Mastouri,0.11385083943605,0.80101293325424,7.9,50.3,goal,regular,corner,head,54,goal
2026-06-25,15186973,,Tunisia v Netherlands,Netherlands,Tunisia,Denzel Dumfries,0.1848401427269,0.0,9.8,53.6,save,,open_play,right-foot,51,saved
2026-06-25,15186973,,Tunisia v Netherlands,Netherlands,Tunisia,Denzel Dumfries,0.070638328790665,0.19188065826893,14.5,67.8,save,,open_play,left-foot,44,saved
2026-06-25,15186973,,Tunisia v Netherlands,Netherlands,Tunisia,Brian Brobbey,0.091194324195385,0.0,10.7,58.9,block,,open_play,right-foot,42,blocked
2026-06-25,15186973,,Tunisia v Netherlands,Netherlands,Tunisia,Ryan Gravenberch,0.028793398290873,0.0,27.5,56.0,miss,,open_play,right-foot,39,missed
2026-06-25,15186973,,Tunisia v Netherlands,Tunisia,Netherlands,Ismael Gharbi,0.017327824607491,0.0,29.4,47.9,miss,,set_piece,right-foot,32,missed
2026-06-25,15186973,,Tunisia v Netherlands,Netherlands,Tunisia,Donyell Malen,0.048712767660618,0.0,18.7,52.2,miss,,corner,right-foot,31,missed
2026-06-25,15186973,,Tunisia v Netherlands,Netherlands,Tunisia,Denzel Dumfries,0.073856376111507,0.0,16.4,60.0,block,,open_play,right-foot,30,blocked
2026-06-25,15186973,,Tunisia v Netherlands,Netherlands,Tunisia,Cody Gakpo,0.042903926223516,0.0,7.3,37.6,miss,,open_play,head,30,missed
2026-06-25,15186973,,Tunisia v Netherlands,Netherlands,Tunisia,Donyell Malen,0.019765771925449,0.0,22.5,35.8,miss,,corner,right-foot,29,missed
2026-06-25,15186973,,Tunisia v Netherlands,Netherlands,Tunisia,Ryan Gravenberch,0.069069795310497,0.0,13.9,64.1,block,,open_play,right-foot,28,blocked
2026-06-25,15186973,,Tunisia v Netherlands,Netherlands,Tunisia,Tijjani Reijnders,0.085386820137501,0.12471124529839,4.4,61.9,save,,open_play,right-foot,19,saved
2026-06-25,15186973,,Tunisia v Netherlands,Netherlands,Tunisia,Jan Paul van Hecke,0.082920596003532,0.0,8.7,52.9,miss,,set_piece,head,17,missed
2026-06-25,15186973,,Tunisia v Netherlands,Tunisia,Netherlands,Anis Ben Slimane,0.13063232600689,0.043293040245771,8.5,48.3,save,,corner,head,12,saved
2026-06-25,15186973,,Tunisia v Netherlands,Netherlands,Tunisia,Frenkie de Jong,0.10940376669168,0.0,14.8,48.3,block,,open_play,left-foot,11,blocked
2026-06-25,15186973,,Tunisia v Netherlands,Tunisia,Netherlands,Ali Abdi,0.055842459201813,0.0,20.0,34.2,miss,,open_play,right-foot,9,missed
2026-06-25,15186973,,Tunisia v Netherlands,Netherlands,Tunisia,Brian Brobbey,0.4516678750515,0.85953766107559,6.2,55.3,goal,regular,set_piece,right-foot,7,goal
2026-06-25,15186973,,Tunisia v Netherlands,Netherlands,Tunisia,Ellyes Skhiri,,,4.6,49.8,goal,own,open_play,left-foot,3,goal
2026-06-25,15186973,,Tunisia v Netherlands,Tunisia,Netherlands,Ismael Gharbi,0.17426706850529,0.0,10.5,46.8,miss,,open_play,right-foot,2,missed
2026-06-26,15186891,,Paraguay v Australia,Australia,Paraguay,Tete Yengi,0.070970132946968,0.11056307703257,11.1,64.0,save,,open_play,right-foot,90,saved
2026-06-26,15186891,,Paraguay v Australia,Paraguay,Australia,Mauricio,0.065255232155323,0.18635165691376,15.0,48.7,save,,open_play,left-foot,90,saved
2026-06-26,15186891,,Paraguay v Australia,Australia,Paraguay,Jordan Bos,0.06037488207221,0.0,12.0,69.3,miss,,open_play,left-foot,90,missed
2026-06-26,15186891,,Paraguay v Australia,Australia,Paraguay,Jordan Bos,0.087713964283466,0.17785918712616,8.5,59.5,save,,open_play,left-foot,83,saved
2026-06-26,15186891,,Paraguay v Australia,Paraguay,Australia,Julio Enciso,0.044366419315338,0.0,16.9,35.2,miss,,open_play,right-foot,82,missed
2026-06-26,15186891,,Paraguay v Australia,Paraguay,Australia,Julio Enciso,0.022748250514269,0.0,20.9,32.1,block,,open_play,right-foot,82,blocked
2026-06-26,15186891,,Paraguay v Australia,Australia,Paraguay,Ajdin Hrustić,0.041628070175648,0.0,20.1,60.1,block,,open_play,left-foot,61,blocked
2026-06-26,15186891,,Paraguay v Australia,Australia,Paraguay,Nestory Irankunda,0.014375496655703,0.0,29.7,44.4,block,,open_play,right-foot,60,blocked
2026-06-26,15186891,,Paraguay v Australia,Australia,Paraguay,Nestory Irankunda,0.048618696630001,0.0,8.6,74.6,miss,,open_play,right-foot,59,missed
2026-06-26,15186891,,Paraguay v Australia,Paraguay,Australia,Mauricio,0.040469862520695,0.11096708476543,27.8,52.8,save,,fast_break,right-foot,50,saved
2026-06-26,15186891,,Paraguay v Australia,Paraguay,Australia,Andrés Cubas,0.016538107767701,0.0,25.1,67.1,miss,,set_piece,right-foot,48,missed
2026-06-26,15186891,,Paraguay v Australia,Paraguay,Australia,Juan Cáceres,0.0039422768168151,0.0,36.2,81.4,miss,,open_play,right-foot,46,missed
2026-06-26,15186891,,Paraguay v Australia,Australia,Paraguay,Jackson Irvine,0.087453708052635,0.0,9.8,54.0,miss,,open_play,head,45,missed
2026-06-26,15186891,,Paraguay v Australia,Australia,Paraguay,Cristian Volpato,0.023011134937406,0.050542563199997,13.1,75.6,save,,open_play,left-foot,45,saved
2026-06-26,15186891,,Paraguay v Australia,Paraguay,Australia,Gabriel Ávalos,0.049786731600761,0.0,12.5,40.0,miss,,set_piece,right-foot,38,missed
2026-06-26,15186891,,Paraguay v Australia,Australia,Paraguay,Jordan Bos,0.021305100992322,0.03440510481596,25.9,63.4,save,,open_play,left-foot,36,saved
2026-06-26,15186891,,Paraguay v Australia,Australia,Paraguay,Connor Metcalfe,0.018951607868075,0.0,26.3,37.8,block,,open_play,left-foot,23,blocked
2026-06-26,15186891,,Paraguay v Australia,Australia,Paraguay,Aiden O'Neill,0.017837239429355,0.0,22.6,27.0,miss,,set_piece,right-foot,10,missed
2026-06-26,15186891,,Paraguay v Australia,Australia,Paraguay,Jackson Irvine,0.059013955295086,0.22896012663841,6.1,66.4,save,,open_play,right-foot,4,saved
2026-06-26,15186887,,Türkiye v USA,Türkiye,USA,Kaan Ayhan,0.59682279825211,0.99133962392807,2.4,53.2,goal,regular,set_piece,right-foot,90,goal
2026-06-26,15186887,,Türkiye v USA,Türkiye,USA,Can Uzun,0.21484729647636,0.0,3.0,38.9,miss,,set_piece,right-foot,90,missed
2026-06-26,15186887,,Türkiye v USA,USA,Türkiye,Ricardo Pepi,0.11538660526276,0.0,11.1,33.0,block,,open_play,left-foot,90,blocked
2026-06-26,15186887,,Türkiye v USA,USA,Türkiye,Alex Zendejas,0.02030960842967,0.0,16.0,70.6,block,,open_play,left-foot,90,blocked
2026-06-26,15186887,,Türkiye v USA,Türkiye,USA,Orkun Kökçü,0.037188533693552,0.0,20.4,63.6,miss,,open_play,right-foot,81,missed
2026-06-26,15186887,,Türkiye v USA,USA,Türkiye,Christian Pulišić,0.022276872768998,0.0,21.0,66.1,miss,,corner,left-foot,77,missed
2026-06-26,15186887,,Türkiye v USA,Türkiye,USA,Kenan Yıldız,0.032556153833866,0.0,12.5,28.0,miss,,open_play,right-foot,72,missed
2026-06-26,15186887,,Türkiye v USA,USA,Türkiye,Weston McKennie,0.043283343315125,0.0,9.8,56.4,miss,,corner,head,66,missed
2026-06-26,15186887,,Türkiye v USA,USA,Türkiye,Weston McKennie,0.2426947504282,0.0,9.4,52.2,block,,open_play,left-foot,63,blocked
2026-06-26,15186887,,Türkiye v USA,USA,Türkiye,Christian Pulišić,0.47441297769547,0.92350298166275,8.3,47.1,save,,open_play,left-foot,63,saved
2026-06-26,15186887,,Türkiye v USA,USA,Türkiye,Ricardo Pepi,0.083167001605034,0.0,9.7,52.3,miss,,open_play,right-foot,63,missed
2026-06-26,15186887,,Türkiye v USA,USA,Türkiye,Brenden Aaronson,0.36294782161713,0.0,13.3,47.4,miss,,open_play,right-foot,62,missed
2026-06-26,15186887,,Türkiye v USA,USA,Türkiye,Christian Pulišić,0.084677547216415,0.14960144460201,3.3,33.3,save,,open_play,left-foot,62,saved
2026-06-26,15186887,,Türkiye v USA,USA,Türkiye,Sebastian Berhalter,0.054264426231384,0.28999596834183,17.8,35.8,goal,regular,set_piece,right-foot,49,goal
2026-06-26,15186887,,Türkiye v USA,USA,Türkiye,Auston Trusty,0.11385083943605,0.0,7.9,49.7,miss,,corner,head,45,missed
2026-06-26,15186887,,Türkiye v USA,USA,Türkiye,Weston McKennie,0.022436691448092,0.15695983171463,27.4,49.1,save,,open_play,right-foot,45,saved
2026-06-26,15186887,,Türkiye v USA,Türkiye,USA,Kenan Yıldız,0.018388740718365,0.0,8.7,27.0,block,,fast_break,left-foot,43,blocked
2026-06-26,15186887,,Türkiye v USA,Türkiye,USA,Abdülkerim Bardakcı,0.057321172207594,0.0,1.9,59.9,block,,set_piece,left-foot,40,blocked
2026-06-26,15186887,,Türkiye v USA,Türkiye,USA,Barış Alper Yılmaz,0.89107340574265,0.9932404756546,3.5,51.9,goal,regular,open_play,right-foot,31,goal
2026-06-26,15186887,,Türkiye v USA,Türkiye,USA,Orkun Kökçü,0.59143555164337,0.0,4.2,47.6,miss,,open_play,right-foot,31,missed
2026-06-26,15186887,,Türkiye v USA,USA,Türkiye,Miles Robinson,0.062321696430445,0.0,9.3,51.7,miss,,corner,head,29,missed
2026-06-26,15186887,,Türkiye v USA,USA,Türkiye,Brenden Aaronson,0.097265541553497,0.11769250780344,14.7,63.4,save,,open_play,right-foot,13,saved
2026-06-26,15186887,,Türkiye v USA,USA,Türkiye,Brenden Aaronson,0.081206597387791,0.0,14.2,60.9,block,,open_play,left-foot,13,blocked
2026-06-26,15186887,,Türkiye v USA,Türkiye,USA,Arda Güler,0.61442023515701,0.33557987213135,7.6,51.2,goal,regular,open_play,left-foot,10,goal
2026-06-26,15186887,,Türkiye v USA,USA,Türkiye,Auston Trusty,0.081644639372826,0.34885105490685,3.9,64.4,goal,regular,corner,left-foot,3,goal
2026-06-26,15186887,,Türkiye v USA,USA,Türkiye,Auston Trusty,0.10727632790804,0.37650063633919,11.6,44.2,save,,corner,right-foot,2,saved
2026-06-26,15186887,,Türkiye v USA,USA,Türkiye,Giovanni Reyna,0.08742855489254,0.0,13.8,63.3,block,,open_play,right-foot,1,blocked
2026-06-26,15186771,,Senegal v Iraq,Senegal,Iraq,Iliman Ndiaye,0.078683853149414,0.33745962381363,12.6,34.0,save,,open_play,right-foot,90,saved
2026-06-26,15186771,,Senegal v Iraq,Senegal,Iraq,Pape Gueye,0.011548407375813,0.018630100414157,21.4,72.0,save,,open_play,left-foot,90,saved
2026-06-26,15186771,,Senegal v Iraq,Senegal,Iraq,Nicolas Jackson,0.077206626534462,0.030104275792837,10.4,53.4,save,,set_piece,head,90,saved
2026-06-26,15186771,,Senegal v Iraq,Senegal,Iraq,Pape Gueye,0.027599694207311,0.0,27.7,48.7,block,,open_play,left-foot,88,blocked
2026-06-26,15186771,,Senegal v Iraq,Senegal,Iraq,Sadio Mané,0.094923198223114,0.0,11.0,40.9,block,,corner,left-foot,86,blocked
2026-06-26,15186771,,Senegal v Iraq,Senegal,Iraq,Iliman Ndiaye,0.037147391587496,0.18463240563869,20.2,66.9,goal,regular,open_play,right-foot,82,goal
2026-06-26,15186771,,Senegal v Iraq,Senegal,Iraq,Nicolas Jackson,0.050990626215935,0.51612049341202,14.9,35.5,save,,open_play,right-foot,79,saved
2026-06-26,15186771,,Senegal v Iraq,Senegal,Iraq,Pathé Ismaël Ciss,0.2368298470974,0.19195057451725,7.3,45.2,save,,corner,head,79,saved
2026-06-26,15186771,,Senegal v Iraq,Senegal,Iraq,Nicolas Jackson,0.1091663390398,0.0,10.7,53.8,block,,open_play,right-foot,77,blocked
2026-06-26,15186771,,Senegal v Iraq,Senegal,Iraq,Krépin Diatta,0.066338822245598,0.0,21.3,60.2,miss,,open_play,right-foot,74,missed
2026-06-26,15186771,,Senegal v Iraq,Senegal,Iraq,Pape Gueye,0.053978744894266,0.0,18.8,46.6,block,,open_play,left-foot,74,blocked
2026-06-26,15186771,,Senegal v Iraq,Iraq,Senegal,Kevin Yakob,0.024797007441521,0.0,12.6,66.7,miss,,open_play,left-foot,73,missed
2026-06-26,15186771,,Senegal v Iraq,Senegal,Iraq,Pape Gueye,0.13738591969013,0.70658791065216,15.3,49.6,goal,regular,open_play,left-foot,71,goal
2026-06-26,15186771,,Senegal v Iraq,Senegal,Iraq,Pape Gueye,0.063853494822979,0.0,15.6,35.8,miss,,set_piece,left-foot,62,missed
2026-06-26,15186771,,Senegal v Iraq,Senegal,Iraq,Pape Gueye,0.036470785737038,0.64928078651428,21.7,68.2,goal,regular,open_play,left-foot,59,goal
2026-06-26,15186771,,Senegal v Iraq,Senegal,Iraq,Ismaïla Sarr,0.4099680185318,0.95598500967026,3.4,50.5,goal,regular,open_play,right-foot,56,goal
2026-06-26,15186771,,Senegal v Iraq,Senegal,Iraq,Ismaïla Sarr,0.14181339740753,0.090392790734768,13.5,62.2,save,,fast_break,right-foot,54,saved
2026-06-26,15186771,,Senegal v Iraq,Iraq,Senegal,Ali Jasim,0.01942066475749,0.071219988167286,20.1,18.8,save,,open_play,right-foot,53,saved
2026-06-26,15186771,,Senegal v Iraq,Senegal,Iraq,Sadio Mané,0.35527294874191,0.0,7.1,46.4,miss,,open_play,right-foot,51,missed
2026-06-26,15186771,,Senegal v Iraq,Senegal,Iraq,Habib Diarra,0.019911063835025,0.0,20.9,64.9,miss,,open_play,left-foot,46,missed
2026-06-26,15186771,,Senegal v Iraq,Senegal,Iraq,Lamine Camara,0.0045697153545916,0.0,26.0,39.9,miss,,corner,right-foot,45,missed
2026-06-26,15186771,,Senegal v Iraq,Senegal,Iraq,Moussa Niakhaté,0.10667917132378,0.0,8.1,51.5,miss,,corner,head,45,missed
2026-06-26,15186771,,Senegal v Iraq,Senegal,Iraq,Sadio Mané,0.042402669787407,0.0,12.1,35.8,miss,,open_play,right-foot,45,missed
2026-06-26,15186771,,Senegal v Iraq,Iraq,Senegal,Ali Jasim,0.017388019710779,0.0,20.9,29.3,block,,corner,right-foot,41,blocked
2026-06-26,15186771,,Senegal v Iraq,Iraq,Senegal,Merchas Doski,0.01887920498848,0.0,21.2,32.5,block,,corner,left-foot,41,blocked
2026-06-26,15186771,,Senegal v Iraq,Senegal,Iraq,Ismail Jakobs,0.063387885689735,0.0,14.5,37.0,miss,,open_play,left-foot,33,missed
2026-06-26,15186771,,Senegal v Iraq,Iraq,Senegal,Ali Jasim,0.01488421112299,0.0,20.7,30.3,block,,set_piece,right-foot,20,blocked
2026-06-26,15186771,,Senegal v Iraq,Iraq,Senegal,Ali Jasim,0.043950498104095,0.0,21.4,27.1,block,,free_kick,right-foot,20,blocked
2026-06-26,15186771,,Senegal v Iraq,Senegal,Iraq,Ismaïla Sarr,0.070951297879219,0.0,6.0,66.7,miss,,set_piece,right-foot,17,missed
2026-06-26,15186771,,Senegal v Iraq,Senegal,Iraq,Abdoulaye Seck,0.017420947551727,0.0,26.9,51.3,miss,,set_piece,right-foot,14,missed
2026-06-26,15186771,,Senegal v Iraq,Senegal,Iraq,Sadio Mané,0.1102451980114,0.27093383669853,20.2,59.2,save,,free_kick,right-foot,14,saved
2026-06-26,15186771,,Senegal v Iraq,Senegal,Iraq,Habib Diarra,0.51361978054047,0.97400170564651,3.9,49.4,goal,regular,corner,right-foot,4,goal
2026-06-26,15186771,,Senegal v Iraq,Senegal,Iraq,Abdoulaye Seck,0.03585871309042,0.0,8.7,44.3,block,,corner,head,4,blocked
2026-06-26,15186771,,Senegal v Iraq,Senegal,Iraq,Idrissa Gana Gueye,0.034260343760252,0.0,18.7,54.3,miss,,corner,right-foot,3,missed
2026-06-26,15186537,,Norway v France,France,Norway,Désiré Doué,0.12023282796144,0.63352710008621,9.9,50.7,goal,regular,open_play,head,90,goal
2026-06-26,15186537,,Norway v France,France,Norway,Theo Hernández,0.030369907617569,0.0,21.0,26.2,miss,,open_play,left-foot,90,missed
2026-06-26,15186537,,Norway v France,Norway,France,Fredrik Aursnes,0.03905588760972,0.0,24.3,45.6,miss,,open_play,right-foot,87,missed
2026-06-26,15186537,,Norway v France,Norway,France,Patrick Berg,0.070481352508068,0.0,19.8,47.3,block,,open_play,right-foot,79,blocked
2026-06-26,15186537,,Norway v France,Norway,France,Oscar Bobb,0.29011714458466,0.48859202861786,11.8,60.5,save,,open_play,left-foot,72,saved
2026-06-26,15186537,,Norway v France,France,Norway,Kylian Mbappé,0.074972294270992,0.0,14.4,46.4,block,,open_play,right-foot,64,blocked
2026-06-26,15186537,,Norway v France,Norway,France,Oscar Bobb,0.03159985691309,0.0,12.8,67.5,block,,open_play,left-foot,64,blocked
2026-06-26,15186537,,Norway v France,France,Norway,Kylian Mbappé,0.045708533376455,0.0,20.3,38.7,miss,,open_play,right-foot,56,missed
2026-06-26,15186537,,Norway v France,Norway,France,Leo Østigård,0.070370696485043,0.0,5.1,42.7,miss,,corner,head,55,missed
2026-06-26,15186537,,Norway v France,Norway,France,Jørgen Strand Larsen,0.7884,0.63289827108383,11.5,50.0,save,,penalty,right-foot,50,saved
2026-06-26,15186537,,Norway v France,France,Norway,Michael Olise,0.090903356671333,0.0,15.0,60.9,miss,,open_play,right-foot,45,missed
2026-06-26,15186537,,Norway v France,France,Norway,Aurélien Tchouaméni,0.042640835046768,0.0,19.5,52.1,miss,,open_play,right-foot,35,missed
2026-06-26,15186537,,Norway v France,France,Norway,Ousmane Dembélé,0.089587889611721,0.660913169384,15.0,61.9,goal,regular,open_play,left-foot,32,goal
2026-06-26,15186537,,Norway v France,France,Norway,Theo Hernández,0.024257242679596,0.0,24.7,31.3,miss,,open_play,left-foot,24,missed
2026-06-26,15186537,,Norway v France,France,Norway,Désiré Doué,0.023810643702745,0.0,27.4,55.4,miss,,corner,right-foot,23,missed
2026-06-26,15186537,,Norway v France,France,Norway,Michael Olise,0.12779632210732,0.0,13.9,50.5,block,,corner,right-foot,23,blocked
2026-06-26,15186537,,Norway v France,Norway,France,Thelo Aasgaard,0.10293851047754,0.23671068251133,14.7,44.6,goal,regular,open_play,right-foot,21,goal
2026-06-26,15186537,,Norway v France,France,Norway,Ousmane Dembélé,0.11413074284792,0.70791989564896,22.9,59.1,goal,regular,fast_break,left-foot,20,goal
2026-06-26,15186537,,Norway v France,Norway,France,Thelo Aasgaard,0.032166142016649,0.0,23.8,36.2,block,,fast_break,right-foot,19,blocked
2026-06-26,15186537,,Norway v France,France,Norway,Kylian Mbappé,0.12256205826998,0.15359680354595,8.6,33.6,save,,fast_break,right-foot,17,saved
2026-06-26,15186537,,Norway v France,Norway,France,Jørgen Strand Larsen,0.25569561123848,0.0,9.4,48.7,miss,,set_piece,right-foot,14,missed
2026-06-26,15186537,,Norway v France,France,Norway,Michael Olise,0.29307678341866,0.0,9.8,38.7,block,,open_play,left-foot,13,blocked
2026-06-26,15186537,,Norway v France,Norway,France,Kristian Thorstvedt,0.020023347809911,0.052095517516136,29.7,49.1,save,,open_play,left-foot,11,saved
2026-06-26,15186537,,Norway v France,France,Norway,Désiré Doué,0.037591010332108,0.069722965359688,25.0,40.7,save,,open_play,right-foot,8,saved
2026-06-26,15186537,,Norway v France,France,Norway,Ousmane Dembélé,0.087741903960705,0.51250088214874,11.0,66.7,goal,regular,open_play,right-foot,7,goal
2026-06-26,15186537,,Norway v France,France,Norway,Désiré Doué,0.025068517774343,0.028679570183158,27.7,47.2,save,,corner,right-foot,5,saved
2026-06-26,15186537,,Norway v France,France,Norway,Manu Koné,0.1069905385375,0.1384315341711,15.5,60.8,save,,open_play,right-foot,4,saved
2026-06-26,15186537,,Norway v France,France,Norway,Kylian Mbappé,0.045953873544931,0.093772821128368,6.3,74.0,save,,fast_break,right-foot,1,saved
2026-06-27,15186803,,Cabo Verde v Saudi Arabia,Saudi Arabia,Cabo Verde,Abdullah Al-Hamdan,0.13577042520046,0.095490619540215,13.1,51.4,save,,open_play,right-foot,90,saved
2026-06-27,15186803,,Cabo Verde v Saudi Arabia,Cabo Verde,Saudi Arabia,Wagner Pina,0.14453887939453,0.0,15.3,48.9,block,,open_play,right-foot,86,blocked
2026-06-27,15186803,,Cabo Verde v Saudi Arabia,Cabo Verde,Saudi Arabia,Nuno Da Costa,0.032466612756252,0.0,8.3,68.3,miss,,open_play,left-foot,85,missed
2026-06-27,15186803,,Cabo Verde v Saudi Arabia,Cabo Verde,Saudi Arabia,Kevin Pina,0.020971378311515,0.0,25.9,46.6,miss,,open_play,right-foot,84,missed
2026-06-27,15186803,,Cabo Verde v Saudi Arabia,Saudi Arabia,Cabo Verde,Nasser Al-Dawsari,0.029945306479931,0.0,26.8,56.8,block,,open_play,left-foot,83,blocked
2026-06-27,15186803,,Cabo Verde v Saudi Arabia,Cabo Verde,Saudi Arabia,Garry Rodrigues,0.042008202522993,0.0,18.5,65.4,block,,open_play,left-foot,79,blocked
2026-06-27,15186803,,Cabo Verde v Saudi Arabia,Cabo Verde,Saudi Arabia,João Paulo,0.026802279055119,0.0,20.3,32.3,block,,open_play,right-foot,77,blocked
2026-06-27,15186803,,Cabo Verde v Saudi Arabia,Cabo Verde,Saudi Arabia,Pico,0.13582099974155,0.0,4.8,56.2,miss,,corner,head,75,missed
2026-06-27,15186803,,Cabo Verde v Saudi Arabia,Cabo Verde,Saudi Arabia,Laros Duarte,0.63482242822647,0.34148302674294,9.8,54.3,save,,fast_break,right-foot,75,saved
2026-06-27,15186803,,Cabo Verde v Saudi Arabia,Saudi Arabia,Cabo Verde,Mohammed Abu Al-Shamat,0.037010721862316,0.19514384865761,11.6,69.9,save,,open_play,right-foot,67,saved
2026-06-27,15186803,,Cabo Verde v Saudi Arabia,Cabo Verde,Saudi Arabia,Deroy Duarte,0.027116913348436,0.0,23.1,43.5,miss,,open_play,right-foot,57,missed
2026-06-27,15186803,,Cabo Verde v Saudi Arabia,Cabo Verde,Saudi Arabia,Ryan Mendes,0.07684351503849,0.0,11.2,59.4,block,,open_play,left-foot,53,blocked
2026-06-27,15186803,,Cabo Verde v Saudi Arabia,Cabo Verde,Saudi Arabia,Kevin Pina,0.018535232171416,0.0,29.1,60.9,miss,,open_play,left-foot,50,missed
2026-06-27,15186803,,Cabo Verde v Saudi Arabia,Cabo Verde,Saudi Arabia,Jamiro Monteiro,0.082644388079643,0.16715325415134,14.1,55.0,save,,open_play,right-foot,48,saved
2026-06-27,15186803,,Cabo Verde v Saudi Arabia,Saudi Arabia,Cabo Verde,Abdulelah Al-Amri,0.013368349522352,0.0,9.3,60.5,miss,,corner,head,47,missed
2026-06-27,15186803,,Cabo Verde v Saudi Arabia,Saudi Arabia,Cabo Verde,Saud Abdulhamid,0.0065528564155102,0.0,25.1,60.9,block,,set_piece,right-foot,45,blocked
2026-06-27,15186803,,Cabo Verde v Saudi Arabia,Saudi Arabia,Cabo Verde,Mohamed Kanno,0.1182012334466,0.035819455981255,9.2,45.4,save,,open_play,head,45,saved
2026-06-27,15186803,,Cabo Verde v Saudi Arabia,Cabo Verde,Saudi Arabia,Willy Semedo,0.024839486926794,0.0,21.6,38.0,miss,,open_play,right-foot,42,missed
2026-06-27,15186803,,Cabo Verde v Saudi Arabia,Cabo Verde,Saudi Arabia,João Paulo,0.05554024875164,0.0,9.0,50.9,miss,,corner,head,39,missed
2026-06-27,15186803,,Cabo Verde v Saudi Arabia,Cabo Verde,Saudi Arabia,Jamiro Monteiro,0.038743317127228,0.0,13.3,36.7,block,,open_play,left-foot,34,blocked
2026-06-27,15186803,,Cabo Verde v Saudi Arabia,Cabo Verde,Saudi Arabia,Willy Semedo,0.029004637151957,0.0,8.5,25.9,miss,,open_play,left-foot,22,missed
2026-06-27,15186803,,Cabo Verde v Saudi Arabia,Saudi Arabia,Cabo Verde,Salem Al-Dawsari,0.046190053224564,0.0,12.6,32.3,block,,open_play,left-foot,18,blocked
2026-06-27,15186841,,Uruguay v Spain,Spain,Uruguay,Ferran Torres,0.38227346539497,0.0,15.7,49.0,post,,open_play,right-foot,86,post
2026-06-27,15186841,,Uruguay v Spain,Uruguay,Spain,Nicolás de la Cruz,0.018365511670709,0.10188362747431,29.9,53.6,save,,open_play,right-foot,85,saved
2026-06-27,15186841,,Uruguay v Spain,Uruguay,Spain,Federico Viñas,0.083199106156826,0.0,3.9,39.7,miss,,open_play,left-foot,64,missed
2026-06-27,15186841,,Uruguay v Spain,Spain,Uruguay,Dani Olmo,0.17086887359619,0.0,13.5,53.8,miss,,open_play,right-foot,63,missed
2026-06-27,15186841,,Uruguay v Spain,Spain,Uruguay,Mikel Oyarzabal,0.016206953674555,0.0,31.8,39.9,miss,,open_play,left-foot,45,missed
2026-06-27,15186841,,Uruguay v Spain,Spain,Uruguay,Alex Baena,0.13585475087166,0.20239986479282,14.1,54.3,goal,regular,open_play,right-foot,42,goal
2026-06-27,15186841,,Uruguay v Spain,Uruguay,Spain,Darwin Núñez,0.0089427083730698,0.0,56.9,49.5,miss,,fast_break,right-foot,39,missed
2026-06-27,15186841,,Uruguay v Spain,Uruguay,Spain,Rodrigo Bentancur,0.019060948863626,0.0,27.5,54.6,miss,,open_play,right-foot,36,missed
2026-06-27,15186841,,Uruguay v Spain,Uruguay,Spain,Agustín Canobbio,0.071421682834625,0.0,14.3,34.6,block,,set_piece,right-foot,32,blocked
2026-06-27,15186841,,Uruguay v Spain,Spain,Uruguay,Pau Cubarsí,0.12422205507755,0.0,4.5,56.3,miss,,corner,head,20,missed
2026-06-27,15186841,,Uruguay v Spain,Spain,Uruguay,Lamine Yamal,0.02899575792253,0.0,14.7,72.3,block,,open_play,left-foot,17,blocked
2026-06-27,15186822,,New Zealand v Belgium,Belgium,New Zealand,Alexis Saelemaekers,0.085161171853542,0.51863050460815,15.6,40.3,goal,regular,fast_break,right-foot,90,goal
2026-06-27,15186822,,New Zealand v Belgium,Belgium,New Zealand,Arthur Theate,0.0055137225426733,0.0,28.7,53.8,miss,,corner,left-foot,90,missed
2026-06-27,15186822,,New Zealand v Belgium,Belgium,New Zealand,Maxim De Cuyper,0.05170289054513,0.13987903296947,21.7,41.2,save,,open_play,left-foot,90,saved
2026-06-27,15186822,,New Zealand v Belgium,Belgium,New Zealand,Amadou Onana,0.017915692180395,0.0,29.0,50.3,miss,,set_piece,right-foot,90,missed
2026-06-27,15186822,,New Zealand v Belgium,Belgium,New Zealand,Romelu Lukaku,0.5200235247612,0.44239437580109,4.2,46.5,goal,regular,open_play,head,86,goal
2026-06-27,15186822,,New Zealand v Belgium,New Zealand,Belgium,Elijah Just,0.040760334581137,0.17376247048378,14.4,51.6,goal,regular,corner,left-foot,84,goal
2026-06-27,15186822,,New Zealand v Belgium,Belgium,New Zealand,Alexis Saelemaekers,0.014848331920803,0.0,8.5,73.4,miss,,open_play,right-foot,80,missed
2026-06-27,15186822,,New Zealand v Belgium,Belgium,New Zealand,Maxim De Cuyper,0.098833456635475,0.0,22.9,54.0,miss,,free_kick,left-foot,78,missed
2026-06-27,15186822,,New Zealand v Belgium,New Zealand,Belgium,Tyler Bindon,0.047155000269413,0.0,5.2,59.7,miss,,corner,head,76,missed
2026-06-27,15186822,,New Zealand v Belgium,New Zealand,Belgium,Elijah Just,0.059733051806688,0.0,9.1,63.0,block,,open_play,right-foot,76,blocked
2026-06-27,15186822,,New Zealand v Belgium,Belgium,New Zealand,Amadou Onana,0.034480232745409,0.0,25.9,47.2,block,,fast_break,left-foot,74,blocked
2026-06-27,15186822,,New Zealand v Belgium,Belgium,New Zealand,Matías Fernández-Pardo,0.13218432664871,0.0,14.2,46.2,block,,fast_break,right-foot,74,blocked
2026-06-27,15186822,,New Zealand v Belgium,Belgium,New Zealand,Kevin De Bruyne,0.059814531356096,0.21178717911243,19.4,44.5,goal,regular,open_play,left-foot,66,goal
2026-06-27,15186822,,New Zealand v Belgium,Belgium,New Zealand,Kevin De Bruyne,0.21288934350014,0.0,13.5,56.7,block,,fast_break,left-foot,66,blocked
2026-06-27,15186822,,New Zealand v Belgium,Belgium,New Zealand,Matías Fernández-Pardo,0.16936120390892,0.0,11.3,42.7,miss,,fast_break,left-foot,65,missed
2026-06-27,15186822,,New Zealand v Belgium,Belgium,New Zealand,Kevin De Bruyne,0.062060847878456,0.0,19.1,47.9,block,,open_play,right-foot,62,blocked
2026-06-27,15186822,,New Zealand v Belgium,Belgium,New Zealand,Arthur Theate,0.043368466198444,0.036613576114178,12.7,43.7,save,,corner,right-foot,62,saved
2026-06-27,15186822,,New Zealand v Belgium,Belgium,New Zealand,Kevin De Bruyne,0.026191558688879,0.0,23.2,37.9,block,,open_play,right-foot,61,blocked
2026-06-27,15186822,,New Zealand v Belgium,Belgium,New Zealand,Arthur Theate,0.039804752916098,0.0,5.8,40.3,miss,,corner,head,60,missed
2026-06-27,15186822,,New Zealand v Belgium,New Zealand,Belgium,Jesse Randall,0.011412118561566,0.0,18.2,34.5,miss,,corner,left-foot,59,missed
2026-06-27,15186822,,New Zealand v Belgium,New Zealand,Belgium,Tim Payne,0.027340959757566,0.0,17.6,73.4,miss,,open_play,right-foot,55,missed
2026-06-27,15186822,,New Zealand v Belgium,New Zealand,Belgium,Elijah Just,0.048496291041374,0.05786856636405,18.3,36.6,save,,open_play,left-foot,55,saved
2026-06-27,15186822,,New Zealand v Belgium,Belgium,New Zealand,Leandro Trossard,0.073014214634895,0.7463795542717,10.0,43.5,goal,regular,open_play,right-foot,50,goal
2026-06-27,15186822,,New Zealand v Belgium,Belgium,New Zealand,Leandro Trossard,0.076297774910927,0.0,10.8,40.2,block,,open_play,right-foot,50,blocked
2026-06-27,15186822,,New Zealand v Belgium,Belgium,New Zealand,Kevin De Bruyne,0.028018951416016,0.0,24.4,54.4,miss,,open_play,right-foot,47,missed
2026-06-27,15186822,,New Zealand v Belgium,Belgium,New Zealand,Timothy Castagne,0.046957287937403,0.0,13.5,69.4,miss,,open_play,right-foot,45,missed
2026-06-27,15186822,,New Zealand v Belgium,Belgium,New Zealand,Arthur Theate,0.10601389408112,0.0,6.7,53.4,miss,,corner,head,45,missed
2026-06-27,15186822,,New Zealand v Belgium,Belgium,New Zealand,Hans Vanaken,0.032076239585876,0.0,15.4,38.9,block,,open_play,left-foot,45,blocked
2026-06-27,15186822,,New Zealand v Belgium,Belgium,New Zealand,Leandro Trossard,0.021707653999329,0.0,21.0,68.9,block,,open_play,right-foot,45,blocked
2026-06-27,15186822,,New Zealand v Belgium,Belgium,New Zealand,Charles De Ketelaere,0.20059314370155,0.18965607881546,12.8,43.3,save,,open_play,left-foot,43,saved
2026-06-27,15186822,,New Zealand v Belgium,Belgium,New Zealand,Kevin De Bruyne,0.098609983921051,0.0,10.8,56.6,miss,,open_play,right-foot,42,missed
2026-06-27,15186822,,New Zealand v Belgium,Belgium,New Zealand,Jérémy Doku,0.031279567629099,0.0,12.6,27.2,miss,,open_play,right-foot,39,missed
2026-06-27,15186822,,New Zealand v Belgium,Belgium,New Zealand,Hans Vanaken,0.12079761922359,0.0,9.4,49.5,block,,open_play,right-foot,31,blocked
2026-06-27,15186822,,New Zealand v Belgium,Belgium,New Zealand,Leandro Trossard,0.50368446111679,0.63594979047775,1.9,52.6,goal,regular,corner,right-foot,28,goal
2026-06-27,15186822,,New Zealand v Belgium,Belgium,New Zealand,Leandro Trossard,0.051656819880009,0.0,14.2,35.6,block,,open_play,right-foot,19,blocked
2026-06-27,15186822,,New Zealand v Belgium,Belgium,New Zealand,Jérémy Doku,0.059754777699709,0.04285316541791,9.2,30.3,save,,open_play,right-foot,16,saved
2026-06-27,15186822,,New Zealand v Belgium,Belgium,New Zealand,Leandro Trossard,0.025118233636022,0.0,14.6,35.9,block,,open_play,left-foot,16,blocked
2026-06-27,15186822,,New Zealand v Belgium,Belgium,New Zealand,Kevin De Bruyne,0.02438935264945,0.17651714384556,24.6,39.5,save,,open_play,right-foot,12,saved
2026-06-27,15186822,,New Zealand v Belgium,Belgium,New Zealand,Brandon Mechele,0.069862507283688,0.0,9.2,50.5,block,,open_play,head,12,blocked
2026-06-27,15186822,,New Zealand v Belgium,Belgium,New Zealand,Leandro Trossard,0.47911965847015,0.0,4.3,40.3,post,,set_piece,left-foot,11,post
2026-06-27,15186822,,New Zealand v Belgium,Belgium,New Zealand,Youri Tielemans,0.021460801362991,0.0,26.5,57.3,miss,,open_play,right-foot,4,missed
2026-06-27,15186828,,Egypt v Iran,Iran,Egypt,Saeid Ezatolahi,0.30353689193726,0.0,5.0,47.1,post,,corner,head,90,post
2026-06-27,15186828,,Egypt v Iran,Iran,Egypt,Ramin Rezaeian,0.087910994887352,0.0,7.1,61.1,block,,open_play,right-foot,90,blocked
2026-06-27,15186828,,Egypt v Iran,Iran,Egypt,Mehdi Taremi,0.12862637639046,0.0,9.8,47.4,block,,open_play,right-foot,90,blocked
2026-06-27,15186828,,Egypt v Iran,Iran,Egypt,Mohammad Ghorbani,0.12734770774841,0.0,9.4,49.7,save,,set_piece,right-foot,90,saved
2026-06-27,15186828,,Egypt v Iran,Egypt,Iran,Mohanad Lasheen,0.032674707472324,0.0,22.3,32.3,miss,,open_play,right-foot,84,missed
2026-06-27,15186828,,Egypt v Iran,Iran,Egypt,Mohammad Ghorbani,0.039776332676411,0.0,24.4,57.9,block,,open_play,right-foot,76,blocked
2026-06-27,15186828,,Egypt v Iran,Egypt,Iran,Mahmoud Trézéguet,0.07019317895174,0.0,8.3,49.7,miss,,corner,head,72,missed
2026-06-27,15186828,,Egypt v Iran,Egypt,Iran,Omar Marmoush,0.041136126965284,0.0,19.5,30.0,block,,open_play,right-foot,68,blocked
2026-06-27,15186828,,Egypt v Iran,Egypt,Iran,Zizo,0.079248957335949,0.0,13.1,39.2,block,,open_play,left-foot,62,blocked
2026-06-27,15186828,,Egypt v Iran,Iran,Egypt,Saman Ghoddos,0.028492894023657,0.0,26.7,42.4,miss,,open_play,right-foot,55,missed
2026-06-27,15186828,,Egypt v Iran,Egypt,Iran,Mohanad Lasheen,0.1363060772419,0.0,6.7,48.9,miss,,corner,head,52,missed
2026-06-27,15186828,,Egypt v Iran,Egypt,Iran,Mahmoud Trézéguet,0.082406990230083,0.0,13.3,56.8,block,,open_play,right-foot,52,blocked
2026-06-27,15186828,,Egypt v Iran,Egypt,Iran,Mahmoud Trézéguet,0.071639470756054,0.15190942585468,13.0,37.0,save,,open_play,right-foot,49,saved
2026-06-27,15186828,,Egypt v Iran,Iran,Egypt,Saeid Ezatolahi,0.054734341800213,0.0,18.8,45.4,miss,,open_play,right-foot,46,missed
2026-06-27,15186828,,Egypt v Iran,Egypt,Iran,Mahmoud Saber,0.02359184063971,0.0,28.3,46.7,miss,,open_play,left-foot,45,missed
2026-06-27,15186828,,Egypt v Iran,Iran,Egypt,Shoja Khalilzadeh,0.1252748966217,0.0,6.6,54.0,miss,,set_piece,head,45,missed
2026-06-27,15186828,,Egypt v Iran,Egypt,Iran,Mahmoud Trézéguet,0.01688664406538,0.0,25.5,54.2,block,,open_play,right-foot,41,blocked
2026-06-27,15186828,,Egypt v Iran,Egypt,Iran,Mahmoud Saber,0.0091055063530803,0.0,23.6,33.9,miss,,corner,right-foot,39,missed
2026-06-27,15186828,,Egypt v Iran,Iran,Egypt,Ramin Rezaeian,0.069708988070488,0.0,14.1,49.3,miss,,open_play,left-foot,34,missed
2026-06-27,15186828,,Egypt v Iran,Egypt,Iran,Mahmoud Trézéguet,0.019019015133381,0.0089559070765972,23.8,25.4,save,,fast_break,right-foot,30,saved
2026-06-27,15186828,,Egypt v Iran,Egypt,Iran,Mohamed Hany,0.034836649894714,0.0,25.4,57.7,block,,corner,right-foot,21,blocked
2026-06-27,15186828,,Egypt v Iran,Egypt,Iran,Mostafa Ziko,0.035873036831617,0.0,11.4,57.9,miss,,corner,right-foot,17,missed
2026-06-27,15186828,,Egypt v Iran,Iran,Egypt,Ramin Rezaeian,0.07103431224823,0.14221842586994,1.9,59.4,goal,regular,open_play,right-foot,14,goal
2026-06-27,15186828,,Egypt v Iran,Iran,Egypt,Milad Mohammadi,0.12062095105648,0.23749950528145,13.6,38.3,save,,open_play,right-foot,14,saved
2026-06-27,15186828,,Egypt v Iran,Iran,Egypt,Saman Ghoddos,0.16128127276897,0.0,9.5,58.4,miss,,set_piece,left-foot,11,missed
2026-06-27,15186828,,Egypt v Iran,Iran,Egypt,Mehdi Taremi,0.7884,0.85194486379623,11.5,50.0,save,,penalty,right-foot,11,saved
2026-06-27,15186828,,Egypt v Iran,Egypt,Iran,Mahmoud Saber,0.10326892882586,0.30759516358376,11.4,32.8,goal,regular,open_play,left-foot,5,goal
2026-06-27,15186828,,Egypt v Iran,Egypt,Iran,Mohamed Salah,0.084745042026043,0.0,13.1,56.3,block,,open_play,left-foot,5,blocked
2026-06-27,15186624,,Croatia v Ghana,Ghana,Croatia,Abdul Fatawu Issahaku,0.015688126906753,0.0,8.8,25.9,miss,,open_play,left-foot,90,missed
2026-06-27,15186624,,Croatia v Ghana,Ghana,Croatia,Marvin Senaya,0.02832380309701,0.0,17.8,67.8,block,,open_play,right-foot,90,blocked
2026-06-27,15186624,,Croatia v Ghana,Croatia,Ghana,Mario Pašalić,0.041366998106241,0.0,18.6,55.9,block,,open_play,left-foot,90,blocked
2026-06-27,15186624,,Croatia v Ghana,Croatia,Ghana,Nikola Vlašić,0.048239342868328,0.51197135448456,8.7,48.0,goal,regular,corner,head,83,goal
2026-06-27,15186624,,Croatia v Ghana,Croatia,Ghana,Mario Pašalić,0.048615884035826,0.054981175810099,18.2,37.8,save,,open_play,left-foot,82,saved
2026-06-27,15186624,,Croatia v Ghana,Ghana,Croatia,Derrick Luckassen,0.540167927742,0.9584327340126,4.8,47.7,goal,regular,set_piece,left-foot,73,goal
2026-06-27,15186624,,Croatia v Ghana,Ghana,Croatia,Kamaldeen Sulemana,0.012828343547881,0.0,20.0,38.2,block,,corner,left-foot,57,blocked
2026-06-27,15186624,,Croatia v Ghana,Ghana,Croatia,Abdul Fatawu Issahaku,0.020317431539297,0.0,20.7,69.9,miss,,open_play,left-foot,47,missed
2026-06-27,15186624,,Croatia v Ghana,Ghana,Croatia,Antoine Semenyo,0.018250266090035,0.0,9.8,73.2,miss,,open_play,right-foot,40,missed
2026-06-27,15186624,,Croatia v Ghana,Croatia,Ghana,Mateo Kovačić,0.037267543375492,0.0,25.3,42.5,block,,open_play,right-foot,38,blocked
2026-06-27,15186624,,Croatia v Ghana,Croatia,Ghana,Petar Sučić,0.037649758160114,0.2519394159317,26.1,53.2,goal,regular,open_play,right-foot,31,goal
2026-06-27,15186624,,Croatia v Ghana,Croatia,Ghana,Ivan Perišić,0.017131496220827,0.050863545387983,14.8,52.3,save,,set_piece,head,30,saved
2026-06-27,15186624,,Croatia v Ghana,Croatia,Ghana,Marin Pongračić,0.086492091417313,0.0,9.2,48.5,miss,,set_piece,head,21,missed
2026-06-27,15186624,,Croatia v Ghana,Croatia,Ghana,Nikola Vlašić,0.10285899788141,0.0,21.8,61.0,post,,fast_break,right-foot,17,post
2026-06-27,15186676,,Panama v England,England,Panama,Eberechi Eze,0.035815577954054,0.0,26.3,50.1,block,,open_play,left-foot,90,blocked
2026-06-27,15186676,,Panama v England,Panama,England,Éric Davis,0.0097847627475858,0.0,0.5,99.5,miss,,corner,left-foot,90,missed
2026-06-27,15186676,,Panama v England,England,Panama,Noni Madueke,0.22471272945404,0.25843471288681,8.0,57.9,save,,open_play,right-foot,90,saved
2026-06-27,15186676,,Panama v England,Panama,England,Ismael Díaz,0.022409165278077,0.0,28.5,47.4,miss,,open_play,right-foot,90,missed
2026-06-27,15186676,,Panama v England,England,Panama,Marcus Rashford,0.062407035380602,0.0,6.6,35.2,miss,,open_play,right-foot,87,missed
2026-06-27,15186676,,Panama v England,Panama,England,Ismael Díaz,0.066584967076778,0.0,15.8,53.6,miss,,corner,right-foot,76,missed
2026-06-27,15186676,,Panama v England,Panama,England,Amir Murillo,0.058621007949114,0.0,7.3,58.2,block,,corner,right-foot,76,blocked
2026-06-27,15186676,,Panama v England,Panama,England,Carlos Harvey,0.034575056284666,0.0,9.7,46.8,block,,corner,head,76,blocked
2026-06-27,15186676,,Panama v England,Panama,England,Ismael Díaz,0.047086272388697,0.0,7.1,66.2,block,,open_play,right-foot,75,blocked
2026-06-27,15186676,,Panama v England,Panama,England,Ismael Díaz,0.11702748388052,0.0,8.4,44.2,miss,,open_play,head,74,missed
2026-06-27,15186676,,Panama v England,Panama,England,Azarias Londoño,0.018221409991384,0.0,18.5,77.1,miss,,open_play,left-foot,74,missed
2026-06-27,15186676,,Panama v England,England,Panama,Harry Kane,0.1806560754776,0.54817658662796,6.3,52.2,goal,regular,open_play,head,67,goal
2026-06-27,15186676,,Panama v England,England,Panama,Harry Kane,0.12062095105648,0.0,13.8,38.8,block,,open_play,left-foot,66,blocked
2026-06-27,15186676,,Panama v England,Panama,England,Amir Murillo,0.099060192704201,0.0,12.3,62.4,miss,,open_play,right-foot,64,missed
2026-06-27,15186676,,Panama v England,England,Panama,Jude Bellingham,0.10270341485739,0.64662629365921,7.7,47.4,goal,regular,corner,left-foot,62,goal
2026-06-27,15186676,,Panama v England,England,Panama,Harry Kane,0.29105544090271,0.45389637351036,13.0,62.8,save,,fast_break,right-foot,57,saved
2026-06-27,15186676,,Panama v England,Panama,England,José Luis Rodríguez,0.046820618212223,0.0,21.0,34.0,miss,,open_play,right-foot,56,missed
2026-06-27,15186676,,Panama v England,England,Panama,Marcus Rashford,0.049864314496517,0.0,5.1,30.5,miss,,fast_break,left-foot,55,missed
2026-06-27,15186676,,Panama v England,England,Panama,Marcus Rashford,0.03711935505271,0.0,28.2,51.3,miss,,free_kick,right-foot,45,missed
2026-06-27,15186676,,Panama v England,England,Panama,Marcus Rashford,0.090305313467979,0.0,4.6,41.1,miss,,open_play,head,38,missed
2026-06-27,15186676,,Panama v England,England,Panama,Elliot Anderson,0.028069531545043,0.016949113458395,27.5,49.1,save,,open_play,right-foot,35,saved
2026-06-27,15186676,,Panama v England,England,Panama,Nico O'Reilly,0.18487058579922,0.0,8.9,45.6,miss,,open_play,head,33,missed
2026-06-27,15186676,,Panama v England,Panama,England,Carlos Harvey,0.068060785531998,0.0,5.0,67.0,miss,,set_piece,right-foot,28,missed
2026-06-27,15186676,,Panama v England,Panama,England,José Luis Rodríguez,0.038584690541029,0.19518622756004,13.0,30.1,save,,open_play,left-foot,26,saved
2026-06-27,15186676,,Panama v England,England,Panama,Bukayo Saka,0.063492499291897,0.0,15.0,52.6,block,,open_play,left-foot,22,blocked
2026-06-27,15186676,,Panama v England,England,Panama,Jude Bellingham,0.015353715978563,0.0,32.7,80.8,miss,,open_play,right-foot,22,missed
2026-06-27,15186676,,Panama v England,England,Panama,Bukayo Saka,0.020468778908253,0.0,10.8,71.7,miss,,open_play,left-foot,15,missed
2026-06-27,15186676,,Panama v England,England,Panama,Bukayo Saka,0.035521127283573,0.0,10.8,60.3,miss,,corner,right-foot,8,missed
2026-06-27,15186676,,Panama v England,England,Panama,Marcus Rashford,0.019853893667459,0.085063464939594,20.9,34.8,save,,open_play,right-foot,8,saved
2026-06-27,15186676,,Panama v England,Panama,England,Tomás Rodríguez,0.030061913654208,0.016784742474556,23.2,40.0,save,,open_play,right-foot,1,saved
2026-06-27,15186717,,DR Congo v Uzbekistan,DR Congo,Uzbekistan,Théo Bongonda,0.073466561734676,0.0,13.0,64.4,miss,,open_play,left-foot,90,missed
2026-06-27,15186717,,DR Congo v Uzbekistan,DR Congo,Uzbekistan,Ngal'ayel Mukau,0.019023770466447,0.0,26.0,39.1,miss,,open_play,left-foot,90,missed
2026-06-27,15186717,,DR Congo v Uzbekistan,DR Congo,Uzbekistan,Yoane Wissa,0.025248985737562,0.48951402306557,19.8,31.0,goal,regular,open_play,right-foot,90,goal
2026-06-27,15186717,,DR Congo v Uzbekistan,DR Congo,Uzbekistan,Fiston Mayele,0.026827288791537,0.0,9.7,72.2,miss,,open_play,right-foot,90,missed
2026-06-27,15186717,,DR Congo v Uzbekistan,DR Congo,Uzbekistan,Fiston Mayele,0.033216651529074,0.0,24.6,63.4,miss,,open_play,right-foot,88,missed
2026-06-27,15186717,,DR Congo v Uzbekistan,DR Congo,Uzbekistan,Fiston Mayele,0.40773376822472,0.90726065635681,4.3,45.3,goal,regular,open_play,right-foot,78,goal
2026-06-27,15186717,,DR Congo v Uzbekistan,DR Congo,Uzbekistan,Meschak Elia,0.018488509580493,0.0,17.4,30.6,miss,,open_play,right-foot,78,missed
2026-06-27,15186717,,DR Congo v Uzbekistan,DR Congo,Uzbekistan,Fiston Mayele,0.093426272273064,0.0,5.1,42.1,miss,,open_play,head,75,missed
2026-06-27,15186717,,DR Congo v Uzbekistan,DR Congo,Uzbekistan,Yoane Wissa,0.7884,0.90042114257812,11.5,50.0,goal,penalty,penalty,right-foot,68,goal
2026-06-27,15186717,,DR Congo v Uzbekistan,DR Congo,Uzbekistan,Yoane Wissa,0.24712020158768,0.0,7.7,54.2,miss,,open_play,head,61,missed
2026-06-27,15186717,,DR Congo v Uzbekistan,DR Congo,Uzbekistan,Fiston Mayele,0.02857612259686,0.0,14.5,27.2,miss,,open_play,right-foot,60,missed
2026-06-27,15186717,,DR Congo v Uzbekistan,DR Congo,Uzbekistan,Nathanaël Mbuku,0.018359009176493,0.050671003758907,20.8,73.5,save,,open_play,left-foot,58,saved
2026-06-27,15186717,,DR Congo v Uzbekistan,DR Congo,Uzbekistan,Brian Cipenga,0.039350748062134,0.0,12.2,23.9,miss,,open_play,right-foot,53,missed
2026-06-27,15186717,,DR Congo v Uzbekistan,Uzbekistan,DR Congo,Eldor Shomurodov,0.14316120743752,0.0,14.8,57.0,miss,,open_play,right-foot,51,missed
2026-06-27,15186717,,DR Congo v Uzbekistan,DR Congo,Uzbekistan,Yoane Wissa,0.143783852458,0.0,12.0,52.6,miss,,open_play,left-foot,50,missed
2026-06-27,15186717,,DR Congo v Uzbekistan,DR Congo,Uzbekistan,Brian Cipenga,0.011401515454054,0.0,28.7,33.3,miss,,set_piece,right-foot,48,missed
2026-06-27,15186717,,DR Congo v Uzbekistan,Uzbekistan,DR Congo,Abbosbek Fayzullaev,0.046875905245543,0.0,26.5,42.5,miss,,free_kick,right-foot,45,missed
2026-06-27,15186717,,DR Congo v Uzbekistan,DR Congo,Uzbekistan,Chancel Mbemba,0.049607183784246,0.0,10.7,35.4,miss,,set_piece,right-foot,45,missed
2026-06-27,15186717,,DR Congo v Uzbekistan,DR Congo,Uzbekistan,Brian Cipenga,0.030056998133659,0.0,5.1,13.1,block,,free_kick,right-foot,44,blocked
2026-06-27,15186717,,DR Congo v Uzbekistan,DR Congo,Uzbekistan,Yoane Wissa,0.10317313671112,0.0,10.8,49.1,miss,,set_piece,left-foot,29,missed
2026-06-27,15186717,,DR Congo v Uzbekistan,Uzbekistan,DR Congo,Eldor Shomurodov,0.014302907511592,0.29334715008736,8.0,26.5,goal,regular,open_play,left-foot,10,goal
2026-06-27,15186717,,DR Congo v Uzbekistan,DR Congo,Uzbekistan,Yoane Wissa,0.019953059032559,0.0,26.0,40.7,miss,,open_play,right-foot,2,missed
2026-06-27,15186696,,Colombia v Portugal,Colombia,Portugal,Gustavo Puerta,0.06700948625803,0.0,16.2,37.3,block,,open_play,right-foot,90,blocked
2026-06-27,15186696,,Colombia v Portugal,Portugal,Colombia,Rafael Leão,0.044948969036341,0.0,6.9,29.5,miss,,open_play,right-foot,90,missed
2026-06-27,15186696,,Colombia v Portugal,Colombia,Portugal,Luis Javier Suárez,0.088358946144581,0.0,9.1,55.6,miss,,open_play,head,90,missed
2026-06-27,15186696,,Colombia v Portugal,Colombia,Portugal,Luis Javier Suárez,0.12981916964054,0.0,13.0,53.8,miss,,set_piece,right-foot,88,missed
2026-06-27,15186696,,Colombia v Portugal,Portugal,Colombia,Diogo Dalot,0.032596737146378,0.0,21.5,34.6,miss,,corner,right-foot,78,missed
2026-06-27,15186696,,Colombia v Portugal,Colombia,Portugal,James Rodríguez,0.031333569437265,0.0,20.9,39.5,block,,open_play,left-foot,74,blocked
2026-06-27,15186696,,Colombia v Portugal,Colombia,Portugal,Luis Javier Suárez,0.083243273198605,0.0,14.0,53.1,miss,,open_play,left-foot,73,missed
2026-06-27,15186696,,Colombia v Portugal,Colombia,Portugal,Gustavo Puerta,0.015209026634693,0.0,26.2,41.5,miss,,corner,right-foot,67,missed
2026-06-27,15186696,,Colombia v Portugal,Colombia,Portugal,Jhon Arias,0.064906895160675,0.16375659406185,12.6,66.5,save,,open_play,right-foot,66,saved
2026-06-27,15186696,,Colombia v Portugal,Colombia,Portugal,Davinson Sánchez,0.038899913430214,0.0,9.8,53.4,miss,,corner,head,65,missed
2026-06-27,15186696,,Colombia v Portugal,Colombia,Portugal,Luis Javier Suárez,0.034187663346529,0.0,6.0,70.9,block,,open_play,right-foot,65,blocked
2026-06-27,15186696,,Colombia v Portugal,Colombia,Portugal,Richard Ríos,0.25627011060715,0.0,10.2,56.4,miss,,open_play,left-foot,62,missed
2026-06-27,15186696,,Colombia v Portugal,Portugal,Colombia,João Félix,0.034708593040705,0.0,19.5,32.9,block,,open_play,right-foot,57,blocked
2026-06-27,15186696,,Colombia v Portugal,Colombia,Portugal,Jhon Arias,0.02191255427897,0.078392259776592,28.5,56.2,save,,open_play,right-foot,55,saved
2026-06-27,15186696,,Colombia v Portugal,Colombia,Portugal,Jefferson Lerma,0.025978589430451,0.036287389695644,24.9,33.2,save,,open_play,right-foot,55,saved
2026-06-27,15186696,,Colombia v Portugal,Portugal,Colombia,João Félix,0.090814203023911,0.0,10.2,48.9,miss,,open_play,head,51,missed
2026-06-27,15186696,,Colombia v Portugal,Colombia,Portugal,James Rodríguez,0.036661390215158,0.089412897825241,23.1,54.0,save,,open_play,left-foot,45,saved
2026-06-27,15186696,,Colombia v Portugal,Portugal,Colombia,Cristiano Ronaldo,0.027020851150155,0.0,22.9,38.5,block,,open_play,left-foot,45,blocked
2026-06-27,15186696,,Colombia v Portugal,Colombia,Portugal,Luis Díaz,0.019355328753591,0.0,21.2,27.6,miss,,open_play,right-foot,45,missed
2026-06-27,15186696,,Colombia v Portugal,Colombia,Portugal,Gustavo Puerta,0.063690632581711,0.10151018202305,21.7,52.2,save,,open_play,right-foot,45,saved
2026-06-27,15186696,,Colombia v Portugal,Colombia,Portugal,Jefferson Lerma,0.02176053635776,0.0,23.6,56.2,block,,open_play,left-foot,44,blocked
2026-06-27,15186696,,Colombia v Portugal,Colombia,Portugal,James Rodríguez,0.10239388048649,0.0,15.5,49.1,block,,open_play,right-foot,44,blocked
2026-06-27,15186696,,Colombia v Portugal,Portugal,Colombia,João Félix,0.25991973280907,0.0,9.8,41.3,miss,,set_piece,right-foot,42,missed
2026-06-27,15186696,,Colombia v Portugal,Portugal,Colombia,Rúben Neves,0.018864382058382,0.0,27.7,49.3,miss,,open_play,right-foot,40,missed
2026-06-27,15186696,,Colombia v Portugal,Portugal,Colombia,Cristiano Ronaldo,0.077527306973934,0.0,11.1,46.6,block,,open_play,right-foot,39,blocked
2026-06-27,15186696,,Colombia v Portugal,Portugal,Colombia,Bruno Fernandes,0.28236991167068,0.4607430100441,8.9,54.4,save,,open_play,right-foot,39,saved
2026-06-27,15186696,,Colombia v Portugal,Portugal,Colombia,Vitinha,0.025152837857604,0.0,20.4,37.8,block,,open_play,right-foot,38,blocked
2026-06-27,15186696,,Colombia v Portugal,Portugal,Colombia,Cristiano Ronaldo,0.027546226978302,0.011524661444128,31.2,48.3,save,,free_kick,right-foot,24,saved
2026-06-27,15186696,,Colombia v Portugal,Colombia,Portugal,Jhon Arias,0.029125375673175,0.0,9.8,70.3,miss,,open_play,right-foot,22,missed
2026-06-27,15186696,,Colombia v Portugal,Colombia,Portugal,Luis Díaz,0.12601016461849,0.0,11.0,38.0,block,,fast_break,right-foot,17,blocked
2026-06-27,15186696,,Colombia v Portugal,Colombia,Portugal,Jhon Córdoba,0.070127747952938,0.14038236439228,8.4,69.0,save,,fast_break,right-foot,17,saved
2026-06-27,15186696,,Colombia v Portugal,Colombia,Portugal,Gustavo Puerta,0.036202050745487,0.0,23.2,55.1,miss,,open_play,left-foot,14,missed
2026-06-27,15186696,,Colombia v Portugal,Portugal,Colombia,Bruno Fernandes,0.014442341402173,0.0,27.2,66.9,miss,,open_play,right-foot,12,missed
2026-06-27,15186696,,Colombia v Portugal,Colombia,Portugal,Luis Díaz,0.065216705203056,0.0,14.7,44.2,miss,,set_piece,right-foot,6,missed
2026-06-27,15186696,,Colombia v Portugal,Portugal,Colombia,Rúben Neves,0.013219518586993,0.0,18.9,28.9,miss,,open_play,right-foot,4,missed
2026-06-27,15186696,,Colombia v Portugal,Colombia,Portugal,Jhon Córdoba,0.22985024750233,0.0,7.4,53.3,miss,,open_play,head,2,missed
2026-06-27,15186696,,Colombia v Portugal,Colombia,Portugal,Luis Díaz,0.0403055511415,0.0,13.3,30.6,block,,open_play,right-foot,2,blocked
2026-06-28,15186747,,Algeria v Austria,Austria,Algeria,Saša Kalajdžić,0.16839335858822,0.32214990258217,7.1,53.4,goal,regular,open_play,head,90,goal
2026-06-28,15186747,,Algeria v Austria,Austria,Algeria,Philipp Lienhart,0.11492218822241,0.0,13.6,45.2,miss,,open_play,left-foot,90,missed
2026-06-28,15186747,,Algeria v Austria,Algeria,Austria,Riyad Mahrez,0.47221285104752,0.84972643852234,8.7,61.5,goal,regular,open_play,right-foot,90,goal
2026-06-28,15186747,,Algeria v Austria,Austria,Algeria,Kevin Danso,0.13637205958366,0.0,6.6,48.3,miss,,corner,head,68,missed
2026-06-28,15186747,,Algeria v Austria,Austria,Algeria,Nicolas Seiwald,0.01914120092988,0.0,26.5,29.9,miss,,open_play,right-foot,65,missed
2026-06-28,15186747,,Algeria v Austria,Algeria,Austria,Riyad Mahrez,0.22881259024143,0.90729105472565,8.5,59.1,goal,regular,open_play,left-foot,60,goal
2026-06-28,15186747,,Algeria v Austria,Algeria,Austria,Farès Chaïbi,0.017028044909239,0.0,30.2,61.3,block,,open_play,right-foot,59,blocked
2026-06-28,15186747,,Algeria v Austria,Austria,Algeria,Marcel Sabitzer,0.11096564680338,0.24048186838627,18.4,50.5,goal,regular,open_play,right-foot,55,goal
2026-06-28,15186747,,Algeria v Austria,Algeria,Austria,Farès Chaïbi,0.079774536192417,0.035467095673084,21.9,52.3,save,,open_play,right-foot,54,saved
2026-06-28,15186747,,Algeria v Austria,Algeria,Austria,Ramy Bensebaini,0.015370369888842,0.0,34.3,34.6,miss,,open_play,left-foot,49,missed
2026-06-28,15186747,,Algeria v Austria,Austria,Algeria,Nicolas Seiwald,0.11218037456274,0.0,13.2,47.7,block,,corner,left-foot,45,blocked
2026-06-28,15186747,,Algeria v Austria,Algeria,Austria,Rafik Belghali,0.086844064295292,0.67423838376999,6.9,61.5,goal,regular,open_play,left-foot,45,goal
2026-06-28,15186747,,Algeria v Austria,Algeria,Austria,Ibrahim Maza,0.45806261897087,0.318837672472,7.3,55.8,save,,open_play,left-foot,44,saved
2026-06-28,15186747,,Algeria v Austria,Algeria,Austria,Riyad Mahrez,0.051277033984661,0.0,17.9,57.3,block,,open_play,left-foot,42,blocked
2026-06-28,15186747,,Algeria v Austria,Austria,Algeria,Phillipp Mwene,0.049396175891161,0.0,8.8,28.9,miss,,open_play,right-foot,41,missed
2026-06-28,15186747,,Algeria v Austria,Algeria,Austria,Farès Chaïbi,0.085938967764378,0.0,20.2,57.6,post,,open_play,left-foot,40,post
2026-06-28,15186747,,Algeria v Austria,Austria,Algeria,Romano Schmid,0.0030950105283409,0.0,24.2,75.6,miss,,corner,right-foot,38,missed
2026-06-28,15186747,,Algeria v Austria,Algeria,Austria,Ibrahim Maza,0.13383129239082,0.0,5.7,31.5,miss,,open_play,left-foot,36,missed
2026-06-28,15186747,,Algeria v Austria,Algeria,Austria,Rafik Belghali,0.026734350249171,0.0,8.2,69.9,miss,,open_play,right-foot,32,missed
2026-06-28,15186747,,Algeria v Austria,Austria,Algeria,Marko Arnautović,0.7663676738739,0.75308901071548,6.3,46.4,goal,regular,open_play,right-foot,28,goal
2026-06-28,15186747,,Algeria v Austria,Algeria,Austria,Ibrahim Maza,0.01298114657402,0.0,29.7,40.3,miss,,set_piece,right-foot,10,missed
2026-06-28,15186747,,Algeria v Austria,Austria,Algeria,Xaver Schlager,0.0085327820852399,0.0,24.1,67.6,miss,,set_piece,left-foot,8,missed
2026-06-28,15186734,,Jordan v Argentina,Argentina,Jordan,Marcos Senesi,0.28463330864906,0.0,3.6,50.9,miss,,set_piece,right-foot,90,missed
2026-06-28,15186734,,Jordan v Argentina,Argentina,Jordan,José Manuel López,0.020533345639706,0.0,9.8,28.9,block,,open_play,right-foot,86,blocked
2026-06-28,15186734,,Jordan v Argentina,Argentina,Jordan,Thiago Almada,0.04779664427042,0.0,23.8,52.3,miss,,open_play,right-foot,82,missed
2026-06-28,15186734,,Jordan v Argentina,Argentina,Jordan,Lionel Messi,0.083007328212261,0.10070340335369,24.4,51.6,goal,regular,free_kick,left-foot,80,goal
2026-06-28,15186734,,Jordan v Argentina,Argentina,Jordan,Lionel Messi,0.038815844804049,0.0,28.0,49.1,miss,,free_kick,left-foot,65,missed
2026-06-28,15186734,,Jordan v Argentina,Argentina,Jordan,Nico Paz,0.057327076792717,0.0,18.8,48.3,miss,,open_play,right-foot,59,missed
2026-06-28,15186734,,Jordan v Argentina,Jordan,Argentina,Mousa Tamari,0.52180445194244,0.7202559709549,8.2,47.0,goal,regular,open_play,left-foot,55,goal
2026-06-28,15186734,,Jordan v Argentina,Argentina,Jordan,Lautaro Martínez,0.020335698500276,0.0,23.0,30.0,post,,open_play,right-foot,53,post
2026-06-28,15186734,,Jordan v Argentina,Jordan,Argentina,Mousa Tamari,0.12145954370499,0.0,18.9,49.6,miss,,open_play,left-foot,51,missed
2026-06-28,15186734,,Jordan v Argentina,Argentina,Jordan,Julián Alvarez,0.089597947895527,0.10301639139652,8.9,35.2,save,,fast_break,left-foot,45,saved
2026-06-28,15186734,,Jordan v Argentina,Jordan,Argentina,Ali Al Azaizeh,0.053737293928862,0.0,10.4,48.9,miss,,open_play,head,38,missed
2026-06-28,15186734,,Jordan v Argentina,Jordan,Argentina,Mohannad Abu Taha,0.040031347423792,0.0,21.8,43.8,block,,corner,left-foot,35,blocked
2026-06-28,15186734,,Jordan v Argentina,Jordan,Argentina,Odeh Fakhoury,0.024387771263719,0.0,27.1,62.8,block,,open_play,right-foot,35,blocked
2026-06-28,15186734,,Jordan v Argentina,Argentina,Jordan,Lautaro Martínez,0.7884,0.59778082370758,11.5,50.0,goal,penalty,penalty,right-foot,31,goal
2026-06-28,15186734,,Jordan v Argentina,Argentina,Jordan,Lautaro Martínez,0.56223565340042,0.0,4.1,46.2,post,,corner,left-foot,28,post
2026-06-28,15186734,,Jordan v Argentina,Argentina,Jordan,Giovani Lo Celso,0.10054817795753,0.69851523637772,18.9,62.0,goal,regular,free_kick,left-foot,19,goal
2026-06-28,15186734,,Jordan v Argentina,Argentina,Jordan,Nicolás Otamendi,0.038307346403599,0.0,4.2,61.5,miss,,corner,head,13,missed
2026-06-28,12813000,Round of 32,South Africa v Canada,Canada,South Africa,Stephen Eustaquio,0.096674345433712,0.66601985692978,18.2,57.5,goal,regular,open_play,right-foot,90,goal
2026-06-28,12813000,Round of 32,South Africa v Canada,South Africa,Canada,Oswin Appollis,0.0340919457376,0.0,23.7,64.0,miss,,open_play,right-foot,85,missed
2026-06-28,12813000,Round of 32,South Africa v Canada,Canada,South Africa,Jonathan David,0.065477073192596,0.16019007563591,4.3,32.7,save,,open_play,left-foot,78,saved
2026-06-28,12813000,Round of 32,South Africa v Canada,Canada,South Africa,Promise David,0.041474316269159,0.0,25.9,49.7,miss,,fast_break,right-foot,76,missed
2026-06-28,12813000,Round of 32,South Africa v Canada,South Africa,Canada,Thalente Mbatha,0.0085896626114845,0.0,27.2,58.9,miss,,open_play,right-foot,75,missed
2026-06-28,12813000,Round of 32,South Africa v Canada,Canada,South Africa,Luc De Fougerolles,0.035807635635138,0.0,9.7,54.0,miss,,corner,head,66,missed
2026-06-28,12813000,Round of 32,South Africa v Canada,Canada,South Africa,Tani Oluwaseyi,0.14948770403862,0.34355446696281,13.5,38.5,save,,fast_break,left-foot,65,saved
2026-06-28,12813000,Round of 32,South Africa v Canada,South Africa,Canada,Oswin Appollis,0.034953813999891,0.0,24.0,35.2,miss,,open_play,right-foot,62,missed
2026-06-28,12813000,Round of 32,South Africa v Canada,Canada,South Africa,Tajon Buchanan,0.17567005753517,0.27709752321243,2.9,56.4,save,,corner,right-foot,44,saved
2026-06-28,12813000,Round of 32,South Africa v Canada,Canada,South Africa,Moise Bombito,0.26249921321869,0.0,4.6,50.4,save,,corner,head,44,saved
2026-06-28,12813000,Round of 32,South Africa v Canada,Canada,South Africa,Tani Oluwaseyi,0.057869531214237,0.0,9.2,47.2,miss,,set_piece,head,41,missed
2026-06-28,12813000,Round of 32,South Africa v Canada,South Africa,Canada,Ime Okon,0.013915916904807,0.0,12.8,50.5,miss,,corner,head,36,missed
2026-06-28,12813000,Round of 32,South Africa v Canada,Canada,South Africa,Tani Oluwaseyi,0.03241828083992,0.13879480957985,8.4,31.0,save,,open_play,left-foot,35,saved
2026-06-28,12813000,Round of 32,South Africa v Canada,South Africa,Canada,Teboho Mokoena,0.024195745587349,0.0,25.0,68.9,block,,open_play,right-foot,23,blocked
2026-06-28,12813000,Round of 32,South Africa v Canada,Canada,South Africa,Derek Cornelius,0.32871949672699,0.085704177618027,7.1,49.1,save,,set_piece,head,22,saved
2026-06-28,12813000,Round of 32,South Africa v Canada,Canada,South Africa,Jonathan David,0.11184118688107,0.0,10.4,52.3,miss,,corner,right-foot,17,missed
2026-06-28,12813000,Round of 32,South Africa v Canada,Canada,South Africa,Stephen Eustaquio,0.01811533421278,0.0,25.6,36.2,miss,,open_play,right-foot,7,missed
2026-06-28,12813000,Round of 32,South Africa v Canada,South Africa,Canada,Teboho Mokoena,0.022660268470645,0.10641001909971,27.8,47.1,save,,open_play,right-foot,6,saved
2026-06-29,12813012,Round of 32,Brazil v Japan,Brazil,Japan,Gabriel Martinelli,0.43302622437477,0.43114575743675,10.2,44.2,goal,regular,open_play,right-foot,90,goal
2026-06-29,12813012,Round of 32,Brazil v Japan,Brazil,Japan,Fabinho,0.018404193222523,0.0,12.1,48.7,miss,,corner,head,90,missed
2026-06-29,12813012,Round of 32,Brazil v Japan,Brazil,Japan,Vinícius Júnior,0.016777260228992,0.0,22.2,34.8,block,,set_piece,right-foot,89,blocked
2026-06-29,12813012,Round of 32,Brazil v Japan,Brazil,Japan,Gabriel Martinelli,0.032345108687878,0.0,17.8,36.9,miss,,open_play,right-foot,77,missed
2026-06-29,12813012,Round of 32,Brazil v Japan,Brazil,Japan,Rayan,0.068359822034836,0.0,5.2,60.1,block,,open_play,head,74,blocked
2026-06-29,12813012,Round of 32,Brazil v Japan,Japan,Brazil,Ayase Ueda,0.036409247666597,0.1276810914278,15.2,23.0,save,,open_play,right-foot,64,saved
2026-06-29,12813012,Round of 32,Brazil v Japan,Brazil,Japan,Matheus Cunha,0.098506309092045,0.0,20.0,49.3,miss,,fast_break,right-foot,58,missed
2026-06-29,12813012,Round of 32,Brazil v Japan,Brazil,Japan,Vinícius Júnior,0.30808693170547,0.34858965873718,8.0,39.1,save,,fast_break,right-foot,58,saved
2026-06-29,12813012,Round of 32,Brazil v Japan,Brazil,Japan,Casemiro,0.29296064376831,0.54682153463364,3.3,57.1,goal,regular,open_play,head,56,goal
2026-06-29,12813012,Round of 32,Brazil v Japan,Brazil,Japan,Casemiro,0.32288813591003,0.0,4.4,49.3,save,,open_play,head,54,saved
2026-06-29,12813012,Round of 32,Brazil v Japan,Brazil,Japan,Endrick,0.075685940682888,0.0,9.1,41.7,miss,,open_play,left-foot,53,missed
2026-06-29,12813012,Round of 32,Brazil v Japan,Brazil,Japan,Bruno Guimarães,0.065459728240967,0.099926590919495,10.6,48.3,save,,open_play,head,52,saved
2026-06-29,12813012,Round of 32,Brazil v Japan,Brazil,Japan,Lucas Paquetá,0.057613510638475,0.0,12.6,49.2,block,,open_play,head,45,blocked
2026-06-29,12813012,Round of 32,Brazil v Japan,Japan,Brazil,Junya Ito,0.02519572339952,0.0,18.4,70.5,block,,open_play,left-foot,45,blocked
2026-06-29,12813012,Round of 32,Brazil v Japan,Brazil,Japan,Matheus Cunha,0.016860462725163,0.010008457116783,28.1,40.1,save,,open_play,right-foot,38,saved
2026-06-29,12813012,Round of 32,Brazil v Japan,Brazil,Japan,Lucas Paquetá,0.062502220273018,0.0,17.6,38.3,block,,open_play,left-foot,35,blocked
2026-06-29,12813012,Round of 32,Brazil v Japan,Brazil,Japan,Vinícius Júnior,0.038232751190662,0.011115994304419,24.9,41.8,save,,open_play,right-foot,34,saved
2026-06-29,12813012,Round of 32,Brazil v Japan,Japan,Brazil,Kaishu Sano,0.12224444001913,0.65564477443695,22.5,56.2,goal,regular,fast_break,right-foot,29,goal
2026-06-29,12813012,Round of 32,Brazil v Japan,Japan,Brazil,Ayase Ueda,0.050672624260187,0.0,8.6,47.9,miss,,corner,head,28,missed
2026-06-29,12813012,Round of 32,Brazil v Japan,Japan,Brazil,Daichi Kamada,0.090638265013695,0.0,18.9,34.2,block,,free_kick,right-foot,16,blocked
2026-06-29,12813012,Round of 32,Brazil v Japan,Brazil,Japan,Bruno Guimarães,0.02386261895299,0.0,11.5,29.1,miss,,corner,right-foot,14,missed
2026-06-29,12813012,Round of 32,Brazil v Japan,Brazil,Japan,Matheus Cunha,0.057226248085499,0.0,21.5,52.6,miss,,fast_break,left-foot,14,missed
2026-06-29,12813012,Round of 32,Brazil v Japan,Brazil,Japan,Bruno Guimarães,0.059588197618723,0.0,15.4,37.4,block,,open_play,left-foot,10,blocked
2026-06-29,12813012,Round of 32,Brazil v Japan,Brazil,Japan,Bruno Guimarães,0.051933001726866,0.0,14.9,67.0,block,,open_play,left-foot,2,blocked
2026-06-29,12813014,Round of 32,Germany v Paraguay,Paraguay,Germany,José Canale,0.7884,0.98532944917679,11.5,50.0,goal,penalty,shootout,left-foot,132,goal
2026-06-29,12813014,Round of 32,Germany v Paraguay,Germany,Paraguay,Jonathan Tah,0.7884,0.0,11.5,50.0,miss,,shootout,right-foot,132,missed
2026-06-29,12813014,Round of 32,Germany v Paraguay,Paraguay,Germany,Fabián Balbuena,0.7884,0.85194629430771,11.5,50.0,save,,shootout,right-foot,131,saved
2026-06-29,12813014,Round of 32,Germany v Paraguay,Germany,Paraguay,Nadiem Amiri,0.7884,0.8372705578804,11.5,50.0,goal,penalty,shootout,right-foot,130,goal
2026-06-29,12813014,Round of 32,Germany v Paraguay,Paraguay,Germany,Antonio Sanabria,0.7884,0.0,11.5,50.0,miss,,shootout,right-foot,129,missed
2026-06-29,12813014,Round of 32,Germany v Paraguay,Germany,Paraguay,Nick Woltemade,0.7884,0.6888473033905,11.5,50.0,save,,shootout,right-foot,128,saved
2026-06-29,12813014,Round of 32,Germany v Paraguay,Paraguay,Germany,Matías Galarza,0.7884,0.78587490320206,11.5,50.0,goal,penalty,shootout,left-foot,127,goal
2026-06-29,12813014,Round of 32,Germany v Paraguay,Germany,Paraguay,Jamal Musiala,0.7884,0.80938845872879,11.5,50.0,goal,penalty,shootout,right-foot,126,goal
2026-06-29,12813014,Round of 32,Germany v Paraguay,Paraguay,Germany,Gustavo Gómez,0.7884,0.78814029693604,11.5,50.0,goal,penalty,shootout,right-foot,125,goal
2026-06-29,12813014,Round of 32,Germany v Paraguay,Germany,Paraguay,Joshua Kimmich,0.7884,0.6666464805603,11.5,50.0,goal,penalty,shootout,right-foot,125,goal
2026-06-29,12813014,Round of 32,Germany v Paraguay,Paraguay,Germany,Mauricio,0.7884,0.81514942646027,11.5,50.0,goal,penalty,shootout,left-foot,124,goal
2026-06-29,12813014,Round of 32,Germany v Paraguay,Germany,Paraguay,Kai Havertz,0.7884,0.99077588319778,11.5,50.0,save,,shootout,left-foot,122,saved
2026-06-29,12813014,Round of 32,Germany v Paraguay,Germany,Paraguay,Nadiem Amiri,0.03206604346633,0.0,24.8,73.3,miss,,free_kick,right-foot,120,missed
2026-06-29,12813014,Round of 32,Germany v Paraguay,Germany,Paraguay,Waldemar Anton,0.18992732465267,0.32587420940399,5.1,50.1,save,,corner,head,119,saved
2026-06-29,12813014,Round of 32,Germany v Paraguay,Germany,Paraguay,Joshua Kimmich,0.010139380581677,0.050199739634991,0.5,0.5,save,,corner,right-foot,111,saved
2026-06-29,12813014,Round of 32,Germany v Paraguay,Germany,Paraguay,Kai Havertz,0.24591021239758,0.73435455560684,4.1,55.5,save,,open_play,head,105,saved
2026-06-29,12813014,Round of 32,Germany v Paraguay,Germany,Paraguay,Nick Woltemade,0.13509154319763,0.0,9.5,51.6,miss,,open_play,left-foot,97,missed
2026-06-29,12813014,Round of 32,Germany v Paraguay,Germany,Paraguay,Joshua Kimmich,0.03085152618587,0.0,22.6,36.6,block,,open_play,right-foot,93,blocked
2026-06-29,12813014,Round of 32,Germany v Paraguay,Germany,Paraguay,Nick Woltemade,0.14010736346245,0.0,13.6,43.1,block,,open_play,left-foot,93,blocked
2026-06-29,12813014,Round of 32,Germany v Paraguay,Paraguay,Germany,Miguel Almirón,0.022836485877633,0.0,24.6,37.4,block,,open_play,left-foot,90,blocked
2026-06-29,12813014,Round of 32,Germany v Paraguay,Germany,Paraguay,Jonathan Tah,0.011879332363605,0.033470183610916,7.7,37.6,save,,corner,head,90,saved
2026-06-29,12813014,Round of 32,Germany v Paraguay,Germany,Paraguay,Joshua Kimmich,0.023313157260418,0.0,21.1,64.3,block,,open_play,right-foot,90,blocked
2026-06-29,12813014,Round of 32,Germany v Paraguay,Germany,Paraguay,Leon Goretzka,0.049868501722813,0.0,9.0,52.9,miss,,corner,head,86,missed
2026-06-29,12813014,Round of 32,Germany v Paraguay,Germany,Paraguay,Florian Wirtz,0.033932123333216,0.0,27.9,39.7,block,,free_kick,right-foot,80,blocked
2026-06-29,12813014,Round of 32,Germany v Paraguay,Germany,Paraguay,Kai Havertz,0.1499979197979,0.37692257761955,7.3,52.8,save,,open_play,head,78,saved
2026-06-29,12813014,Round of 32,Germany v Paraguay,Paraguay,Germany,Gustavo Gómez,0.033408150076866,0.0,1.9,38.5,miss,,corner,head,70,missed
2026-06-29,12813014,Round of 32,Germany v Paraguay,Germany,Paraguay,Leroy Sané,0.090674117207527,0.0,25.5,68.7,block,,free_kick,left-foot,66,blocked
2026-06-29,12813014,Round of 32,Germany v Paraguay,Paraguay,Germany,Gustavo Caballero,0.051116574555635,0.034875262528658,7.4,58.4,save,,open_play,head,59,saved
2026-06-29,12813014,Round of 32,Germany v Paraguay,Germany,Paraguay,Aleksandar Pavlović,0.044878713786602,0.0,22.0,50.9,block,,open_play,right-foot,56,blocked
2026-06-29,12813014,Round of 32,Germany v Paraguay,Germany,Paraguay,Leon Goretzka,0.20047657191753,0.0,12.1,53.9,block,,open_play,right-foot,56,blocked
2026-06-29,12813014,Round of 32,Germany v Paraguay,Germany,Paraguay,Kai Havertz,0.033937875181437,0.34467142820358,11.1,47.8,goal,regular,open_play,head,54,goal
2026-06-29,12813014,Round of 32,Germany v Paraguay,Paraguay,Germany,Julio Enciso,0.051514893770218,0.0,5.7,31.6,miss,,open_play,right-foot,50,missed
2026-06-29,12813014,Round of 32,Germany v Paraguay,Germany,Paraguay,Joshua Kimmich,0.030108546838164,0.0,3.3,31.3,miss,,corner,right-foot,45,missed
2026-06-29,12813014,Round of 32,Germany v Paraguay,Germany,Paraguay,Joshua Kimmich,0.022658947855234,0.0,21.9,51.5,miss,,open_play,left-foot,45,missed
2026-06-29,12813014,Round of 32,Germany v Paraguay,Paraguay,Germany,Julio Enciso,0.074424892663956,0.27146199345589,10.3,50.4,goal,regular,corner,head,42,goal
2026-06-29,12813014,Round of 32,Germany v Paraguay,Germany,Paraguay,Kai Havertz,0.022250112146139,0.0,18.8,34.2,block,,open_play,left-foot,33,blocked
2026-06-29,12813014,Round of 32,Germany v Paraguay,Germany,Paraguay,Florian Wirtz,0.037211231887341,0.0,21.8,47.4,miss,,corner,right-foot,8,missed
2026-06-29,12813014,Round of 32,Germany v Paraguay,Germany,Paraguay,Deniz Undav,0.033880010247231,0.0,10.0,30.7,miss,,open_play,right-foot,6,missed
2026-06-29,12813014,Round of 32,Germany v Paraguay,Paraguay,Germany,Junior Alonso,0.10532286018133,0.17873691022396,2.9,59.3,save,,corner,left-foot,2,saved
2026-06-29,12813014,Round of 32,Germany v Paraguay,Paraguay,Germany,Julio Enciso,0.014848274178803,0.0,10.2,22.5,block,,open_play,right-foot,1,blocked
2026-06-30,12812998,Round of 32,Netherlands v Morocco,Morocco,Netherlands,Ismael Saibari,0.7884,0.85561668872833,11.5,50.0,goal,penalty,shootout,right-foot,130,goal
2026-06-30,12812998,Round of 32,Netherlands v Morocco,Netherlands,Morocco,Crysencio Summerville,0.7884,0.98802781105042,11.5,50.0,save,,shootout,right-foot,129,saved
2026-06-30,12812998,Round of 32,Netherlands v Morocco,Morocco,Netherlands,Achraf Hakimi,0.7884,0.0,11.5,50.0,post,,shootout,right-foot,127,post
2026-06-30,12812998,Round of 32,Netherlands v Morocco,Netherlands,Morocco,Quinten Timber,0.7884,0.0,11.5,50.0,miss,,shootout,right-foot,127,missed
2026-06-30,12812998,Round of 32,Netherlands v Morocco,Morocco,Netherlands,Chemsdine Talbi,0.7884,0.93175864219666,11.5,50.0,goal,penalty,shootout,right-foot,126,goal
2026-06-30,12812998,Round of 32,Netherlands v Morocco,Netherlands,Morocco,Wout Weghorst,0.7884,0.9906741976738,11.5,50.0,goal,penalty,shootout,right-foot,125,goal
2026-06-30,12812998,Round of 32,Netherlands v Morocco,Morocco,Netherlands,Soufiane Rahimi,0.7884,0.76638382673264,11.5,50.0,goal,penalty,shootout,right-foot,124,goal
2026-06-30,12812998,Round of 32,Netherlands v Morocco,Netherlands,Morocco,Justin Kluivert,0.7884,0.0,11.5,50.0,post,,shootout,right-foot,123,post
2026-06-30,12812998,Round of 32,Netherlands v Morocco,Morocco,Netherlands,Neil El Aynaoui,0.7884,0.0,11.5,50.0,post,,shootout,right-foot,122,post
2026-06-30,12812998,Round of 32,Netherlands v Morocco,Netherlands,Morocco,Teun Koopmeiners,0.7884,0.92423915863037,11.5,50.0,goal,penalty,shootout,left-foot,121,goal
2026-06-30,12812998,Round of 32,Netherlands v Morocco,Morocco,Netherlands,Soufiane Rahimi,0.74391412734985,0.82830911874771,9.4,48.9,save,,open_play,right-foot,97,saved
2026-06-30,12812998,Round of 32,Netherlands v Morocco,Morocco,Netherlands,Issa Diop,0.17830753326416,0.736407995224,8.7,52.4,goal,regular,open_play,head,90,goal
2026-06-30,12812998,Round of 32,Netherlands v Morocco,Morocco,Netherlands,Anass Salah-Eddine,0.02225910499692,0.0,21.2,25.3,block,,corner,left-foot,78,blocked
2026-06-30,12812998,Round of 32,Netherlands v Morocco,Netherlands,Morocco,Cody Gakpo,0.09556145966053,0.14088307321072,12.8,49.4,goal,regular,open_play,right-foot,72,goal
2026-06-30,12812998,Round of 32,Netherlands v Morocco,Netherlands,Morocco,Ryan Gravenberch,0.072397612035275,0.0,18.1,51.1,block,,open_play,left-foot,59,blocked
2026-06-30,12812998,Round of 32,Netherlands v Morocco,Morocco,Netherlands,Bilal El Khannouss,0.017839988693595,0.11461495608091,25.7,26.3,save,,open_play,right-foot,58,saved
2026-06-30,12812998,Round of 32,Netherlands v Morocco,Morocco,Netherlands,Achraf Hakimi,0.081874579191208,0.0,11.7,62.5,block,,open_play,right-foot,56,blocked
2026-06-30,12812998,Round of 32,Netherlands v Morocco,Morocco,Netherlands,Achraf Hakimi,0.11355739086866,0.0,4.6,67.3,post,,open_play,right-foot,52,post
2026-06-30,12812998,Round of 32,Netherlands v Morocco,Morocco,Netherlands,Ayyoub Bouaddi,0.047595739364624,0.0,22.3,47.7,miss,,open_play,left-foot,48,missed
2026-06-30,12812998,Round of 32,Netherlands v Morocco,Netherlands,Morocco,Micky van de Ven,0.012432013638318,0.019046057015657,10.7,62.5,save,,set_piece,head,48,saved
2026-06-30,12812998,Round of 32,Netherlands v Morocco,Morocco,Netherlands,Azzedine Ounahi,0.033618323504925,0.0,16.8,73.0,miss,,fast_break,right-foot,45,missed
2026-06-30,12812998,Round of 32,Netherlands v Morocco,Netherlands,Morocco,Micky van de Ven,0.025812013074756,0.0,25.3,40.9,miss,,open_play,left-foot,44,missed
2026-06-30,12812998,Round of 32,Netherlands v Morocco,Netherlands,Morocco,Denzel Dumfries,0.0094729121774435,0.0,8.9,37.6,block,,corner,head,37,blocked
2026-06-30,12812998,Round of 32,Netherlands v Morocco,Morocco,Netherlands,Achraf Hakimi,0.038477119058371,0.23932442069054,16.3,70.3,save,,open_play,right-foot,21,saved
2026-06-30,12812998,Round of 32,Netherlands v Morocco,Morocco,Netherlands,Ayyoub Bouaddi,0.017537033185363,0.0,23.7,47.9,miss,,corner,right-foot,20,missed
2026-06-30,12812998,Round of 32,Netherlands v Morocco,Morocco,Netherlands,Neil El Aynaoui,0.085733383893967,0.35888087749481,3.6,59.1,save,,corner,head,20,saved
2026-06-30,12812998,Round of 32,Netherlands v Morocco,Netherlands,Morocco,Ryan Gravenberch,0.02336267568171,0.0,15.2,67.0,block,,set_piece,left-foot,7,blocked
2026-06-30,12812989,Round of 32,Côte d'Ivoire v Norway,Côte d'Ivoire,Norway,Evann Guessand,0.22148218750954,0.0,4.2,48.1,miss,,corner,head,90,missed
2026-06-30,12812989,Round of 32,Côte d'Ivoire v Norway,Côte d'Ivoire,Norway,Amad Diallo,0.034152999520302,0.19212844967842,29.6,48.9,save,,free_kick,left-foot,90,saved
2026-06-30,12812989,Round of 32,Côte d'Ivoire v Norway,Norway,Côte d'Ivoire,Andreas Schjelderup,0.069715268909931,0.0,10.2,34.4,miss,,open_play,right-foot,90,missed
2026-06-30,12812989,Round of 32,Côte d'Ivoire v Norway,Norway,Côte d'Ivoire,Erling Haaland,0.80237329006195,0.9649618268013,6.7,48.9,goal,regular,open_play,left-foot,86,goal
2026-06-30,12812989,Round of 32,Côte d'Ivoire v Norway,Côte d'Ivoire,Norway,Amad Diallo,0.19829346239567,0.3718818128109,4.2,58.7,goal,regular,open_play,left-foot,74,goal
2026-06-30,12812989,Round of 32,Côte d'Ivoire v Norway,Côte d'Ivoire,Norway,Ghislain Konan,0.063083723187447,0.0,14.3,36.8,miss,,open_play,right-foot,72,missed
2026-06-30,12812989,Round of 32,Côte d'Ivoire v Norway,Norway,Côte d'Ivoire,Torbjørn Heggem,0.38420805335045,0.0,4.3,48.1,save,,corner,right-foot,66,saved
2026-06-30,12812989,Round of 32,Côte d'Ivoire v Norway,Côte d'Ivoire,Norway,Guéla Doué,0.12915061414242,0.0,7.1,47.0,miss,,corner,left-foot,64,missed
2026-06-30,12812989,Round of 32,Côte d'Ivoire v Norway,Côte d'Ivoire,Norway,Emmanuel Agbadou,0.0154844885692,0.0,27.1,48.1,miss,,corner,right-foot,59,missed
2026-06-30,12812989,Round of 32,Côte d'Ivoire v Norway,Côte d'Ivoire,Norway,Franck Kessié,0.10012438893318,0.16116796433926,8.3,58.7,save,,open_play,right-foot,57,saved
2026-06-30,12812989,Round of 32,Côte d'Ivoire v Norway,Côte d'Ivoire,Norway,Nicolas Pépé,0.12653341889381,0.64512825012207,7.6,60.1,save,,open_play,left-foot,55,saved
2026-06-30,12812989,Round of 32,Côte d'Ivoire v Norway,Côte d'Ivoire,Norway,Ibrahim Sangaré,0.019144969061017,0.0,27.9,55.7,miss,,open_play,right-foot,52,missed
2026-06-30,12812989,Round of 32,Côte d'Ivoire v Norway,Côte d'Ivoire,Norway,Emmanuel Agbadou,0.078320749104023,0.0,8.9,47.3,miss,,set_piece,head,45,missed
2026-06-30,12812989,Round of 32,Côte d'Ivoire v Norway,Norway,Côte d'Ivoire,Alexander Sørloth,0.23167784512043,0.0,4.9,47.9,miss,,corner,head,42,missed
2026-06-30,12812989,Round of 32,Côte d'Ivoire v Norway,Norway,Côte d'Ivoire,Erling Haaland,0.27293688058853,0.0,4.9,49.1,block,,open_play,left-foot,42,blocked
2026-06-30,12812989,Round of 32,Côte d'Ivoire v Norway,Norway,Côte d'Ivoire,Antonio Nusa,0.021823201328516,0.8022546172142,12.5,29.5,goal,regular,open_play,right-foot,39,goal
2026-06-30,12812989,Round of 32,Côte d'Ivoire v Norway,Norway,Côte d'Ivoire,Martin Ødegaard,0.028109900653362,0.0,25.1,44.3,block,,open_play,left-foot,38,blocked
2026-06-30,12812989,Round of 32,Côte d'Ivoire v Norway,Norway,Côte d'Ivoire,Erling Haaland,0.062523663043976,0.25049296021461,9.3,46.9,save,,open_play,head,37,saved
2026-06-30,12812989,Round of 32,Côte d'Ivoire v Norway,Côte d'Ivoire,Norway,Emmanuel Agbadou,0.0094121005386114,0.025253690779209,26.5,54.4,save,,corner,right-foot,35,saved
2026-06-30,12812989,Round of 32,Côte d'Ivoire v Norway,Côte d'Ivoire,Norway,Nicolas Pépé,0.2505832016468,0.0,3.5,59.4,miss,,open_play,right-foot,28,missed
2026-06-30,12812989,Round of 32,Côte d'Ivoire v Norway,Côte d'Ivoire,Norway,Ghislain Konan,0.075994797050953,0.0,7.0,29.7,miss,,open_play,right-foot,21,missed
2026-06-30,12812989,Round of 32,Côte d'Ivoire v Norway,Côte d'Ivoire,Norway,Yan Diomande,0.16825245320797,0.0,8.1,50.2,miss,,open_play,head,8,missed
2026-06-30,12812989,Round of 32,Côte d'Ivoire v Norway,Norway,Côte d'Ivoire,Erling Haaland,0.029907373711467,0.0,11.4,41.8,block,,open_play,head,3,blocked
2026-06-30,12812995,Round of 32,France v Sweden,Sweden,France,Mattias Svanberg,0.069232143461704,0.15200796723366,10.8,69.9,save,,open_play,right-foot,90,saved
2026-06-30,12812995,Round of 32,France v Sweden,Sweden,France,Gustaf Nilsson,0.03246121481061,0.0,12.6,53.8,block,,open_play,head,90,blocked
2026-06-30,12812995,Round of 32,France v Sweden,France,Sweden,Jean-Philippe Mateta,0.25459122657776,0.0,9.0,43.0,miss,,open_play,left-foot,90,missed
2026-06-30,12812995,Round of 32,France v Sweden,Sweden,France,Viktor Gyökeres,0.26116970181465,0.40890836715698,13.3,44.8,save,,open_play,right-foot,89,saved
2026-06-30,12812995,Round of 32,France v Sweden,Sweden,France,Mattias Svanberg,0.016521736979485,0.0,25.6,53.4,miss,,set_piece,right-foot,86,missed
2026-06-30,12812995,Round of 32,France v Sweden,France,Sweden,Bradley Barcola,0.32868650555611,0.32126095890999,3.5,38.5,save,,fast_break,left-foot,82,saved
2026-06-30,12812995,Round of 32,France v Sweden,France,Sweden,Désiré Doué,0.036817517131567,0.064794927835464,15.1,68.5,save,,open_play,right-foot,81,saved
2026-06-30,12812995,Round of 32,France v Sweden,France,Sweden,Kylian Mbappé,0.32453596591949,0.70704251527786,8.8,35.6,goal,regular,open_play,right-foot,74,goal
2026-06-30,12812995,Round of 32,France v Sweden,France,Sweden,Michael Olise,0.54652279615402,0.31253957748413,11.3,54.3,save,,fast_break,left-foot,71,saved
2026-06-30,12812995,Round of 32,France v Sweden,France,Sweden,Dayot Upamecano,0.053701967000961,0.0,13.9,53.4,block,,corner,right-foot,66,blocked
2026-06-30,12812995,Round of 32,France v Sweden,France,Sweden,Michael Olise,0.085372611880302,0.0,9.1,34.2,block,,fast_break,left-foot,65,blocked
2026-06-30,12812995,Round of 32,France v Sweden,France,Sweden,Michael Olise,0.043343886733055,0.2759567797184,20.4,66.9,save,,open_play,left-foot,61,saved
2026-06-30,12812995,Round of 32,France v Sweden,Sweden,France,Lucas Bergvall,0.036412630230188,0.0,8.0,43.8,miss,,corner,head,57,missed
2026-06-30,12812995,Round of 32,France v Sweden,France,Sweden,Bradley Barcola,0.62333703041077,0.93374675512314,13.6,46.2,goal,regular,fast_break,right-foot,53,goal
2026-06-30,12812995,Round of 32,France v Sweden,France,Sweden,Aurélien Tchouaméni,0.023469923064113,0.0,27.4,38.4,miss,,open_play,right-foot,50,missed
2026-06-30,12812995,Round of 32,France v Sweden,Sweden,France,Elliot Stroud,0.11083891242743,0.0,10.8,58.3,miss,,open_play,right-foot,45,missed
2026-06-30,12812995,Round of 32,France v Sweden,France,Sweden,Kylian Mbappé,0.04770402982831,0.86888819932938,8.1,37.5,goal,regular,corner,right-foot,45,goal
2026-06-30,12812995,Round of 32,France v Sweden,France,Sweden,Michael Olise,0.028154794126749,0.18851335346699,24.3,52.1,save,,open_play,left-foot,45,saved
2026-06-30,12812995,Round of 32,France v Sweden,France,Sweden,Jules Koundé,0.03912566229701,0.0,11.7,65.8,block,,open_play,left-foot,44,blocked
2026-06-30,12812995,Round of 32,France v Sweden,France,Sweden,Michael Olise,0.04874823987484,0.0,21.6,44.6,miss,,open_play,left-foot,42,missed
2026-06-30,12812995,Round of 32,France v Sweden,France,Sweden,Kylian Mbappé,0.049699742347002,0.029675310477614,22.8,35.2,save,,fast_break,right-foot,40,saved
2026-06-30,12812995,Round of 32,France v Sweden,France,Sweden,Dayot Upamecano,0.076841279864311,0.0,8.5,52.3,miss,,set_piece,head,39,missed
2026-06-30,12812995,Round of 32,France v Sweden,France,Sweden,Ousmane Dembélé,0.23405484855175,0.0,9.8,62.8,miss,,open_play,left-foot,36,missed
2026-06-30,12812995,Round of 32,France v Sweden,France,Sweden,Michael Olise,0.11217083781958,0.0,14.7,42.7,post,,open_play,left-foot,36,post
2026-06-30,12812995,Round of 32,France v Sweden,France,Sweden,Adrien Rabiot,0.030849911272526,0.0,24.1,33.6,miss,,open_play,left-foot,33,missed
2026-06-30,12812995,Round of 32,France v Sweden,France,Sweden,Kylian Mbappé,0.14619512856007,0.0,8.3,42.3,post,,corner,right-foot,32,post
2026-06-30,12812995,Round of 32,France v Sweden,France,Sweden,Adrien Rabiot,0.029493873938918,0.053304489701986,8.2,31.7,save,,open_play,left-foot,30,saved
2026-06-30,12812995,Round of 32,France v Sweden,France,Sweden,Ousmane Dembélé,0.012674224562943,0.0,17.6,75.0,block,,open_play,right-foot,28,blocked
2026-06-30,12812995,Round of 32,France v Sweden,Sweden,France,Alexander Isak,0.13883227109909,0.0,7.7,61.7,miss,,set_piece,right-foot,28,missed
2026-06-30,12812995,Round of 32,France v Sweden,France,Sweden,Bradley Barcola,0.047406584024429,0.0,10.4,32.3,miss,,open_play,left-foot,19,missed
2026-06-30,12812995,Round of 32,France v Sweden,France,Sweden,Kylian Mbappé,0.029286213219166,0.037896364927292,24.3,33.6,save,,open_play,right-foot,17,saved
2026-06-30,12812995,Round of 32,France v Sweden,France,Sweden,Lucas Digne,0.015438621863723,0.038623057305813,23.4,30.9,save,,corner,left-foot,15,saved
2026-06-30,12812995,Round of 32,France v Sweden,Sweden,France,Alexander Isak,0.031388778239489,0.084882222115993,16.9,38.0,save,,open_play,right-foot,3,saved
2026-07-01,12813001,Round of 32,Mexico v Ecuador,Mexico,Ecuador,Orbelín Pineda,0.064915738999844,0.0,13.3,36.2,miss,,open_play,right-foot,90,missed
2026-07-01,12813001,Round of 32,Mexico v Ecuador,Ecuador,Mexico,Jordy Caicedo,0.11507628113031,0.0,14.0,49.5,block,,set_piece,left-foot,89,blocked
2026-07-01,12813001,Round of 32,Mexico v Ecuador,Ecuador,Mexico,Yaimar Medina,0.022107509896159,0.0,14.2,43.6,miss,,open_play,head,88,missed
2026-07-01,12813001,Round of 32,Mexico v Ecuador,Ecuador,Mexico,Moisés Caicedo,0.0087165208533406,0.0,27.2,51.9,miss,,open_play,right-foot,85,missed
2026-07-01,12813001,Round of 32,Mexico v Ecuador,Ecuador,Mexico,Kevin Rodriguez,0.42099070549011,0.0,9.5,38.7,miss,,open_play,right-foot,74,missed
2026-07-01,12813001,Round of 32,Mexico v Ecuador,Mexico,Ecuador,Johan Vásquez,0.10099504143,0.0,7.4,53.0,miss,,corner,head,67,missed
2026-07-01,12813001,Round of 32,Mexico v Ecuador,Mexico,Ecuador,César Montes,0.088954545557499,0.094730727374554,7.6,53.2,save,,corner,head,67,saved
2026-07-01,12813001,Round of 32,Mexico v Ecuador,Mexico,Ecuador,Gilberto Mora,0.024711322039366,0.0,13.6,66.6,block,,open_play,right-foot,52,blocked
2026-07-01,12813001,Round of 32,Mexico v Ecuador,Ecuador,Mexico,Pedro Vite,0.022660713642836,0.0,26.3,53.6,miss,,open_play,left-foot,51,missed
2026-07-01,12813001,Round of 32,Mexico v Ecuador,Mexico,Ecuador,Roberto Alvarado,0.052996437996626,0.0,14.8,72.6,miss,,open_play,left-foot,46,missed
2026-07-01,12813001,Round of 32,Mexico v Ecuador,Mexico,Ecuador,Raúl Jiménez,0.054475821554661,0.0,18.9,48.5,miss,,open_play,right-foot,45,missed
2026-07-01,12813001,Round of 32,Mexico v Ecuador,Mexico,Ecuador,Raúl Jiménez,0.077153831720352,0.0,8.8,50.7,miss,,open_play,head,44,missed
2026-07-01,12813001,Round of 32,Mexico v Ecuador,Ecuador,Mexico,John Yeboah,0.054475013166666,0.63058167695999,15.7,66.7,save,,open_play,left-foot,40,saved
2026-07-01,12813001,Round of 32,Mexico v Ecuador,Mexico,Ecuador,Raúl Jiménez,0.12470144033432,0.80375146865845,15.3,52.2,goal,regular,open_play,right-foot,31,goal
2026-07-01,12813001,Round of 32,Mexico v Ecuador,Mexico,Ecuador,Julián Quiñones,0.099662587046623,0.23831973969936,13.2,35.4,goal,regular,open_play,right-foot,22,goal
2026-07-01,12813001,Round of 32,Mexico v Ecuador,Ecuador,Mexico,John Yeboah,0.1078135818243,0.0,12.8,37.0,post,,open_play,left-foot,18,post
2026-07-01,12813001,Round of 32,Mexico v Ecuador,Mexico,Ecuador,Gilberto Mora,0.032331835478544,0.0,10.2,23.7,miss,,corner,right-foot,15,missed
2026-07-01,12813001,Round of 32,Mexico v Ecuador,Mexico,Ecuador,Roberto Alvarado,0.049205113202333,0.0,18.5,67.0,block,,open_play,right-foot,14,blocked
2026-07-01,12813001,Round of 32,Mexico v Ecuador,Mexico,Ecuador,Raúl Jiménez,0.20264728367329,0.0,8.3,45.2,miss,,fast_break,head,7,missed
2026-07-01,12813001,Round of 32,Mexico v Ecuador,Mexico,Ecuador,Luis Romo,0.022624803707004,0.0,28.8,48.1,miss,,open_play,right-foot,6,missed
2026-07-01,12813001,Round of 32,Mexico v Ecuador,Mexico,Ecuador,Gilberto Mora,0.022732412442565,0.0,24.4,60.6,miss,,open_play,right-foot,5,missed
2026-07-01,12813001,Round of 32,Mexico v Ecuador,Mexico,Ecuador,Roberto Alvarado,0.032861262559891,0.0,22.3,62.4,block,,open_play,left-foot,4,blocked
2026-07-01,12813020,Round of 32,England v DR Congo,DR Congo,England,Yoane Wissa,0.050721194595098,0.0,26.9,46.0,miss,,free_kick,right-foot,90,missed
2026-07-01,12813020,Round of 32,England v DR Congo,England,DR Congo,Harry Kane,0.019165413454175,0.0,30.0,43.0,miss,,open_play,right-foot,90,missed
2026-07-01,12813020,Round of 32,England v DR Congo,England,DR Congo,Harry Kane,0.064934425055981,0.47115862369537,13.6,63.4,goal,regular,open_play,right-foot,86,goal
2026-07-01,12813020,Round of 32,England v DR Congo,England,DR Congo,Jude Bellingham,0.14595207571983,0.17340835928917,5.5,33.1,save,,open_play,left-foot,86,saved
2026-07-01,12813020,Round of 32,England v DR Congo,DR Congo,England,Meschak Elia,0.028805775567889,0.055684223771095,19.4,24.4,save,,open_play,right-foot,85,saved
2026-07-01,12813020,Round of 32,England v DR Congo,England,DR Congo,Anthony Gordon,0.034882884472609,0.0,12.3,43.4,miss,,open_play,head,85,missed
2026-07-01,12813020,Round of 32,England v DR Congo,England,DR Congo,Elliot Anderson,0.037385780364275,0.0,23.4,37.0,miss,,open_play,right-foot,79,missed
2026-07-01,12813020,Round of 32,England v DR Congo,England,DR Congo,Harry Kane,0.31616613268852,0.57849645614624,7.9,53.4,goal,regular,open_play,head,75,goal
2026-07-01,12813020,Round of 32,England v DR Congo,DR Congo,England,Nathanaël Mbuku,0.016994994133711,0.0,21.3,69.1,block,,corner,left-foot,63,blocked
2026-07-01,12813020,Round of 32,England v DR Congo,DR Congo,England,Brian Cipenga,0.014082707464695,0.0,23.2,23.5,block,,open_play,right-foot,62,blocked
2026-07-01,12813020,Round of 32,England v DR Congo,England,DR Congo,Marcus Rashford,0.014170227572322,0.0,12.2,37.6,miss,,open_play,head,54,missed
2026-07-01,12813020,Round of 32,England v DR Congo,England,DR Congo,Marcus Rashford,0.20162259042263,0.0,9.2,33.3,miss,,fast_break,left-foot,51,missed
2026-07-01,12813020,Round of 32,England v DR Congo,England,DR Congo,Harry Kane,0.059826508164406,0.13291794061661,3.9,59.7,save,,corner,right-foot,45,saved
2026-07-01,12813020,Round of 32,England v DR Congo,England,DR Congo,Jude Bellingham,0.33489200472832,0.76515382528305,8.2,52.8,save,,open_play,head,45,saved
2026-07-01,12813020,Round of 32,England v DR Congo,DR Congo,England,Yoane Wissa,0.57259213924408,0.0,4.2,53.4,post,,open_play,right-foot,42,post
2026-07-01,12813020,Round of 32,England v DR Congo,England,DR Congo,Noni Madueke,0.01519069634378,0.0,12.2,75.4,block,,open_play,left-foot,39,blocked
2026-07-01,12813020,Round of 32,England v DR Congo,England,DR Congo,Noni Madueke,0.019871052354574,0.0,19.9,66.0,block,,open_play,left-foot,36,blocked
2026-07-01,12813020,Round of 32,England v DR Congo,England,DR Congo,Marcus Rashford,0.19542926549911,0.0,7.6,40.3,save,,open_play,right-foot,35,saved
2026-07-01,12813020,Round of 32,England v DR Congo,England,DR Congo,Nico O'Reilly,0.43964889645576,0.0,4.5,51.7,miss,,open_play,left-foot,35,missed
2026-07-01,12813020,Round of 32,England v DR Congo,England,DR Congo,Harry Kane,0.082526825368404,0.0,13.9,50.3,block,,open_play,right-foot,35,blocked
2026-07-01,12813020,Round of 32,England v DR Congo,DR Congo,England,Brian Cipenga,0.013482195325196,0.0,19.8,27.6,miss,,open_play,right-foot,32,missed
2026-07-01,12813020,Round of 32,England v DR Congo,England,DR Congo,Jude Bellingham,0.17670129239559,0.32238411903381,8.0,43.4,save,,open_play,head,30,saved
2026-07-01,12813020,Round of 32,England v DR Congo,DR Congo,England,Brian Cipenga,0.075732938945293,0.24888336658478,9.4,30.6,goal,regular,open_play,right-foot,7,goal
2026-07-01,12813013,Round of 32,Belgium v Senegal,Senegal,Belgium,Pape Matar Sarr,0.17032697796822,0.0,18.1,47.8,miss,,free_kick,right-foot,120,missed
2026-07-01,12813013,Round of 32,Belgium v Senegal,Senegal,Belgium,Ismaïla Sarr,0.065774783492088,0.0,21.5,46.0,block,,fast_break,right-foot,120,blocked
2026-07-01,12813013,Round of 32,Belgium v Senegal,Senegal,Belgium,Pathé Ismaël Ciss,0.083544559776783,0.0,17.9,55.0,block,,fast_break,right-foot,120,blocked
2026-07-01,12813013,Round of 32,Belgium v Senegal,Senegal,Belgium,Pape Matar Sarr,0.029376866295934,0.0,22.3,35.6,miss,,open_play,left-foot,120,missed
2026-07-01,12813013,Round of 32,Belgium v Senegal,Belgium,Senegal,Youri Tielemans,0.7884,0.98878365755081,11.5,50.0,goal,penalty,penalty,right-foot,120,goal
2026-07-01,12813013,Round of 32,Belgium v Senegal,Senegal,Belgium,Bara Sapoko Ndiaye,0.0306101962924,0.040262006223202,23.2,31.1,save,,open_play,left-foot,113,saved
2026-07-01,12813013,Round of 32,Belgium v Senegal,Senegal,Belgium,Ibrahim Mbaye,0.33704262971878,0.0,10.7,54.0,miss,,open_play,left-foot,109,missed
2026-07-01,12813013,Round of 32,Belgium v Senegal,Belgium,Senegal,Nicolas Raskin,0.051547288894653,0.0,9.8,45.6,miss,,open_play,head,107,missed
2026-07-01,12813013,Round of 32,Belgium v Senegal,Belgium,Senegal,Leandro Trossard,0.043106500059366,0.0,18.7,34.9,block,,open_play,right-foot,104,blocked
2026-07-01,12813013,Round of 32,Belgium v Senegal,Senegal,Belgium,Idrissa Gana Gueye,0.019125070422888,0.0,26.6,61.7,miss,,open_play,right-foot,90,missed
2026-07-01,12813013,Round of 32,Belgium v Senegal,Belgium,Senegal,Thomas Meunier,0.016065491363406,0.0,24.6,51.1,miss,,corner,right-foot,90,missed
2026-07-01,12813013,Round of 32,Belgium v Senegal,Belgium,Senegal,Youri Tielemans,0.14163468778133,0.65839529037476,7.3,53.4,goal,regular,open_play,head,89,goal
2026-07-01,12813013,Round of 32,Belgium v Senegal,Senegal,Belgium,Ibrahim Mbaye,0.17948451638222,0.0,12.2,69.9,miss,,open_play,right-foot,88,missed
2026-07-01,12813013,Round of 32,Belgium v Senegal,Belgium,Senegal,Romelu Lukaku,0.15886707603931,0.37418952584267,3.9,57.1,goal,regular,open_play,right-foot,86,goal
2026-07-01,12813013,Round of 32,Belgium v Senegal,Belgium,Senegal,Youri Tielemans,0.030188078060746,0.0,19.0,38.3,miss,,open_play,left-foot,84,missed
2026-07-01,12813013,Round of 32,Belgium v Senegal,Belgium,Senegal,Timothy Castagne,0.06355544179678,0.0,7.9,43.6,miss,,open_play,head,83,missed
2026-07-01,12813013,Round of 32,Belgium v Senegal,Belgium,Senegal,Dodi Lukebakio,0.034592162817717,0.0,14.5,70.3,miss,,open_play,left-foot,78,missed
2026-07-01,12813013,Round of 32,Belgium v Senegal,Belgium,Senegal,Arthur Theate,0.021118437871337,0.0,27.0,34.6,block,,open_play,left-foot,77,blocked
2026-07-01,12813013,Round of 32,Belgium v Senegal,Belgium,Senegal,Dodi Lukebakio,0.10052184760571,0.0,15.2,53.6,miss,,set_piece,left-foot,62,missed
2026-07-01,12813013,Round of 32,Belgium v Senegal,Belgium,Senegal,Youri Tielemans,0.022914089262486,0.0,3.9,69.3,block,,open_play,right-foot,60,blocked
2026-07-01,12813013,Round of 32,Belgium v Senegal,Belgium,Senegal,Dodi Lukebakio,0.050653137266636,0.0,15.7,57.7,block,,open_play,left-foot,60,blocked
2026-07-01,12813013,Round of 32,Belgium v Senegal,Belgium,Senegal,Brandon Mechele,0.065588839352131,0.0,4.5,60.6,miss,,set_piece,head,57,missed
2026-07-01,12813013,Round of 32,Belgium v Senegal,Senegal,Belgium,Ismaïla Sarr,0.39180985093117,0.65592950582504,10.6,54.0,goal,regular,open_play,right-foot,51,goal
2026-07-01,12813013,Round of 32,Belgium v Senegal,Senegal,Belgium,Habib Diarra,0.30937963724136,0.0,9.8,49.3,miss,,open_play,left-foot,51,missed
2026-07-01,12813013,Round of 32,Belgium v Senegal,Senegal,Belgium,Iliman Ndiaye,0.10141544789076,0.0,14.0,59.2,miss,,open_play,left-foot,46,missed
2026-07-01,12813013,Round of 32,Belgium v Senegal,Senegal,Belgium,Pape Gueye,0.030018541961908,0.0,19.1,33.5,block,,open_play,right-foot,46,blocked
2026-07-01,12813013,Round of 32,Belgium v Senegal,Belgium,Senegal,Kevin De Bruyne,0.020075602456927,0.0,22.9,47.9,miss,,open_play,right-foot,45,missed
2026-07-01,12813013,Round of 32,Belgium v Senegal,Belgium,Senegal,Maxim De Cuyper,0.036245122551918,0.0,28.0,55.5,block,,free_kick,left-foot,45,blocked
2026-07-01,12813013,Round of 32,Belgium v Senegal,Senegal,Belgium,Pape Gueye,0.039531264454126,0.0,19.1,53.8,miss,,open_play,left-foot,45,missed
2026-07-01,12813013,Round of 32,Belgium v Senegal,Belgium,Senegal,Maxim De Cuyper,0.014855439774692,0.21901831030846,22.8,28.9,save,,corner,right-foot,45,saved
2026-07-01,12813013,Round of 32,Belgium v Senegal,Senegal,Belgium,Sadio Mané,0.039143286645412,0.085534550249577,12.9,36.2,save,,open_play,right-foot,37,saved
2026-07-01,12813013,Round of 32,Belgium v Senegal,Senegal,Belgium,Habib Diarra,0.70219123363495,0.98798185586929,4.5,53.8,goal,regular,open_play,right-foot,25,goal
2026-07-01,12813013,Round of 32,Belgium v Senegal,Senegal,Belgium,Ismaïla Sarr,0.19213697314262,0.0,8.2,49.0,post,,open_play,head,24,post
2026-07-01,12813013,Round of 32,Belgium v Senegal,Belgium,Senegal,Kevin De Bruyne,0.03025939501822,0.0,27.2,54.0,miss,,open_play,right-foot,18,missed
2026-07-01,12813013,Round of 32,Belgium v Senegal,Senegal,Belgium,Idrissa Gana Gueye,0.046544145792723,0.079189598560333,20.5,43.0,save,,open_play,right-foot,17,saved
2026-07-01,12813013,Round of 32,Belgium v Senegal,Senegal,Belgium,Ismaïla Sarr,0.42075309157372,0.0,2.6,56.3,miss,,open_play,right-foot,13,missed
2026-07-01,12813013,Round of 32,Belgium v Senegal,Senegal,Belgium,Ismaïla Sarr,0.90964263677597,0.0,4.2,51.7,post,,open_play,right-foot,13,post
2026-07-01,12813013,Round of 32,Belgium v Senegal,Belgium,Senegal,Leandro Trossard,0.053774502128363,0.063651658594608,16.1,66.7,save,,open_play,right-foot,9,saved
2026-07-02,12812992,Round of 32,USA v Bosnia & Herzegovina,Bosnia & Herzegovina,USA,Ermin Mahmić,0.030003299936652,0.0,23.7,67.3,miss,,fast_break,right-foot,90,missed
2026-07-02,12812992,Round of 32,USA v Bosnia & Herzegovina,Bosnia & Herzegovina,USA,Ermin Mahmić,0.010659961029887,0.0,28.8,31.9,miss,,open_play,right-foot,90,missed
2026-07-02,12812992,Round of 32,USA v Bosnia & Herzegovina,USA,Bosnia & Herzegovina,Alexander Freeman,0.040193412452936,0.0,14.7,67.0,miss,,open_play,right-foot,90,missed
2026-07-02,12812992,Round of 32,USA v Bosnia & Herzegovina,Bosnia & Herzegovina,USA,Kerim Alajbegović,0.025893716141582,0.0,13.2,25.2,miss,,open_play,right-foot,90,missed
2026-07-02,12812992,Round of 32,USA v Bosnia & Herzegovina,Bosnia & Herzegovina,USA,Amar Memić,0.020261930301785,0.0,2.9,69.1,block,,open_play,right-foot,90,blocked
2026-07-02,12812992,Round of 32,USA v Bosnia & Herzegovina,USA,Bosnia & Herzegovina,Malik Tillman,0.091619163751602,0.093171052634716,18.4,34.5,goal,regular,free_kick,right-foot,82,goal
2026-07-02,12812992,Round of 32,USA v Bosnia & Herzegovina,USA,Bosnia & Herzegovina,Malik Tillman,0.10088167339563,0.0,9.7,48.1,block,,open_play,left-foot,79,blocked
2026-07-02,12812992,Round of 32,USA v Bosnia & Herzegovina,Bosnia & Herzegovina,USA,Kerim Alajbegović,0.02513312548399,0.0,18.1,37.4,block,,open_play,left-foot,77,blocked
2026-07-02,12812992,Round of 32,USA v Bosnia & Herzegovina,Bosnia & Herzegovina,USA,Amar Dedić,0.016880383715034,0.0,20.7,59.5,block,,corner,left-foot,74,blocked
2026-07-02,12812992,Round of 32,USA v Bosnia & Herzegovina,Bosnia & Herzegovina,USA,Esmir Bajraktarević,0.018198281526566,0.026409864425659,12.6,27.8,save,,open_play,left-foot,68,saved
2026-07-02,12812992,Round of 32,USA v Bosnia & Herzegovina,Bosnia & Herzegovina,USA,Ermedin Demirović,0.047533288598061,0.032088372856379,15.0,50.5,save,,open_play,right-foot,66,saved
2026-07-02,12812992,Round of 32,USA v Bosnia & Herzegovina,Bosnia & Herzegovina,USA,Nikola Katić,0.015353715978563,0.0,28.2,73.0,miss,,open_play,right-foot,56,missed
2026-07-02,12812992,Round of 32,USA v Bosnia & Herzegovina,USA,Bosnia & Herzegovina,Folarin Balogun,0.20792123675346,0.0,5.0,54.4,post,,open_play,right-foot,45,post
2026-07-02,12812992,Round of 32,USA v Bosnia & Herzegovina,USA,Bosnia & Herzegovina,Folarin Balogun,0.20954550802708,0.19638560712337,13.4,54.5,goal,regular,open_play,left-foot,45,goal
2026-07-02,12812992,Round of 32,USA v Bosnia & Herzegovina,USA,Bosnia & Herzegovina,Folarin Balogun,0.058416932821274,0.0,4.2,60.1,miss,,set_piece,right-foot,42,missed
2026-07-02,12812992,Round of 32,USA v Bosnia & Herzegovina,USA,Bosnia & Herzegovina,Folarin Balogun,0.089400596916676,0.0,10.1,64.4,miss,,set_piece,right-foot,15,missed
2026-07-02,12812992,Round of 32,USA v Bosnia & Herzegovina,Bosnia & Herzegovina,USA,Ermedin Demirović,0.044018808752298,0.075387291610241,14.2,64.9,save,,open_play,right-foot,10,saved
2026-07-02,12812992,Round of 32,USA v Bosnia & Herzegovina,USA,Bosnia & Herzegovina,Christian Pulišić,0.086859494447708,0.0,20.3,51.0,block,,open_play,right-foot,4,blocked
2026-07-02,12813004,Round of 32,Spain v Austria,Spain,Austria,Ferran Torres,0.036449663341045,0.0,10.4,70.9,miss,,open_play,right-foot,90,missed
2026-07-02,12813004,Round of 32,Spain v Austria,Spain,Austria,Mikel Oyarzabal,0.58457589149475,0.9054908156395,10.1,49.8,goal,regular,open_play,right-foot,89,goal
2026-07-02,12813004,Round of 32,Spain v Austria,Spain,Austria,Lamine Yamal,0.29280349612236,0.0,8.9,47.4,save,,open_play,left-foot,85,saved
2026-07-02,12813004,Round of 32,Spain v Austria,Austria,Spain,Stefan Posch,0.055368922650814,0.0,9.9,51.8,miss,,open_play,head,82,missed
2026-07-02,12813004,Round of 32,Spain v Austria,Austria,Spain,Carney Chukwuemeka,0.059172969311476,0.0,12.8,65.4,miss,,open_play,right-foot,79,missed
2026-07-02,12813004,Round of 32,Spain v Austria,Spain,Austria,Ferran Torres,0.015361503697932,0.0,6.4,65.0,miss,,corner,head,78,missed
2026-07-02,12813004,Round of 32,Spain v Austria,Spain,Austria,Pedro Porro,0.52665042877197,0.39418423175812,7.3,48.6,goal,regular,open_play,head,66,goal
2026-07-02,12813004,Round of 32,Spain v Austria,Spain,Austria,Dani Olmo,0.019904332235456,0.0,21.6,35.6,block,,open_play,right-foot,66,blocked
2026-07-02,12813004,Round of 32,Spain v Austria,Spain,Austria,Dani Olmo,0.060913529247046,0.0,16.4,63.0,block,,open_play,right-foot,62,blocked
2026-07-02,12813004,Round of 32,Spain v Austria,Austria,Spain,Saša Kalajdžić,0.11938796192408,0.0,7.4,51.1,miss,,open_play,head,61,missed
2026-07-02,12813004,Round of 32,Spain v Austria,Spain,Austria,Lamine Yamal,0.036476247012615,0.0,15.4,71.2,block,,open_play,left-foot,59,blocked
2026-07-02,12813004,Round of 32,Spain v Austria,Spain,Austria,Alex Baena,0.016823628917336,0.0,27.1,36.2,block,,open_play,right-foot,58,blocked
2026-07-02,12813004,Round of 32,Spain v Austria,Spain,Austria,Rodri,0.020431626588106,0.0,26.6,51.2,block,,open_play,right-foot,54,blocked
2026-07-02,12813004,Round of 32,Spain v Austria,Spain,Austria,Mikel Oyarzabal,0.061161458492279,0.0,9.2,51.7,miss,,corner,head,52,missed
2026-07-02,12813004,Round of 32,Spain v Austria,Spain,Austria,Mikel Oyarzabal,0.05792661011219,0.041045024991035,20.9,48.9,save,,open_play,left-foot,49,saved
2026-07-02,12813004,Round of 32,Spain v Austria,Spain,Austria,Lamine Yamal,0.25829258561134,0.18069785833359,3.5,42.3,save,,set_piece,left-foot,45,saved
2026-07-02,12813004,Round of 32,Spain v Austria,Spain,Austria,Alex Baena,0.031312540173531,0.14764401316643,26.8,30.1,save,,free_kick,right-foot,45,saved
2026-07-02,12813004,Round of 32,Spain v Austria,Austria,Spain,Nicolas Seiwald,0.038642715662718,0.0,12.6,35.1,block,,open_play,left-foot,45,blocked
2026-07-02,12813004,Round of 32,Spain v Austria,Spain,Austria,Aymeric Laporte,0.0058989794924855,0.0,54.9,31.1,miss,,open_play,left-foot,42,missed
2026-07-02,12813004,Round of 32,Spain v Austria,Spain,Austria,Mikel Oyarzabal,0.13983057439327,0.0,14.0,55.6,block,,open_play,left-foot,39,blocked
2026-07-02,12813004,Round of 32,Spain v Austria,Spain,Austria,Lamine Yamal,0.048197325319052,0.028969334438443,22.0,53.2,save,,open_play,right-foot,38,saved
2026-07-02,12813004,Round of 32,Spain v Austria,Spain,Austria,Mikel Oyarzabal,0.17825692892075,0.34467625617981,10.8,45.8,goal,regular,open_play,left-foot,36,goal
2026-07-02,12813004,Round of 32,Spain v Austria,Austria,Spain,David Alaba,0.02191255427897,0.0,28.7,47.9,miss,,open_play,left-foot,35,missed
2026-07-02,12813004,Round of 32,Spain v Austria,Spain,Austria,Mikel Oyarzabal,0.06406881660223,0.11509595811367,14.7,37.3,save,,open_play,left-foot,33,saved
2026-07-02,12813004,Round of 32,Spain v Austria,Spain,Austria,Lamine Yamal,0.011591732501984,0.0,0.7,68.2,miss,,open_play,left-foot,32,missed
2026-07-02,12813004,Round of 32,Spain v Austria,Spain,Austria,Aymeric Laporte,0.18628637492657,0.0,3.5,45.2,miss,,corner,head,8,missed
2026-07-02,12813004,Round of 32,Spain v Austria,Spain,Austria,Dani Olmo,0.074141882359982,0.0,13.9,53.3,block,,open_play,right-foot,8,blocked
2026-07-02,12813004,Round of 32,Spain v Austria,Spain,Austria,Lamine Yamal,0.071589790284634,0.040444772690535,19.7,33.3,save,,fast_break,left-foot,2,saved
2026-07-02,12812997,Round of 32,Portugal v Croatia,Portugal,Croatia,Francisco Conceição,0.0403055511415,0.0,12.3,67.9,miss,,open_play,left-foot,90,missed
2026-07-02,12812997,Round of 32,Portugal v Croatia,Croatia,Portugal,Igor Matanović,0.10589127987623,0.0,5.5,44.8,block,,corner,head,90,blocked
2026-07-02,12812997,Round of 32,Portugal v Croatia,Portugal,Croatia,Gonçalo Ramos,0.072570517659187,0.53020125627518,9.1,50.9,goal,regular,open_play,head,90,goal
2026-07-02,12812997,Round of 32,Portugal v Croatia,Portugal,Croatia,Gonçalo Ramos,0.059065241366625,0.0,4.7,41.7,miss,,corner,head,90,missed
2026-07-02,12812997,Round of 32,Portugal v Croatia,Croatia,Portugal,Mario Pašalić,0.15707315504551,0.0,5.5,45.6,miss,,open_play,head,89,missed
2026-07-02,12812997,Round of 32,Portugal v Croatia,Portugal,Croatia,Renato Veiga,0.18828135728836,0.0,5.4,50.1,miss,,corner,head,87,missed
2026-07-02,12812997,Round of 32,Portugal v Croatia,Croatia,Portugal,Igor Matanović,0.22978322207928,0.57315438985825,4.0,63.5,save,,open_play,right-foot,77,saved
2026-07-02,12812997,Round of 32,Portugal v Croatia,Croatia,Portugal,Igor Matanović,0.068245768547058,0.0,8.7,49.2,miss,,corner,head,76,missed
2026-07-02,12812997,Round of 32,Portugal v Croatia,Croatia,Portugal,Mateo Kovačić,0.07672692835331,0.027473462745547,17.3,50.5,save,,open_play,right-foot,75,saved
2026-07-02,12812997,Round of 32,Portugal v Croatia,Croatia,Portugal,Mateo Kovačić,0.036034218966961,0.14450593292713,23.3,55.8,save,,open_play,right-foot,75,saved
2026-07-02,12812997,Round of 32,Portugal v Croatia,Portugal,Croatia,Cristiano Ronaldo,0.7884,0.92045944929123,11.5,50.0,goal,penalty,penalty,right-foot,68,goal
2026-07-02,12812997,Round of 32,Portugal v Croatia,Croatia,Portugal,Petar Sučić,0.081498548388481,0.14335769414902,13.8,38.5,save,,open_play,right-foot,59,saved
2026-07-02,12812997,Round of 32,Portugal v Croatia,Portugal,Croatia,Rafael Leão,0.063505411148071,0.0,20.4,38.2,post,,open_play,right-foot,58,post
2026-07-02,12812997,Round of 32,Portugal v Croatia,Croatia,Portugal,Ivan Perišić,0.21442452073097,0.19150830805302,8.2,36.4,goal,regular,open_play,left-foot,53,goal
2026-07-02,12812997,Round of 32,Portugal v Croatia,Croatia,Portugal,Nikola Vlašić,0.016093086451292,0.0,15.3,36.2,miss,,corner,right-foot,49,missed
2026-07-02,12812997,Round of 32,Portugal v Croatia,Croatia,Portugal,Mateo Kovačić,0.14010836184025,0.42853233218193,9.1,36.8,save,,open_play,left-foot,48,saved
2026-07-02,12812997,Round of 32,Portugal v Croatia,Portugal,Croatia,Rafael Leão,0.023022597655654,0.0,7.0,31.7,miss,,open_play,right-foot,45,missed
2026-07-02,12812997,Round of 32,Portugal v Croatia,Portugal,Croatia,Nuno Mendes,0.012562493793666,0.0,24.6,50.3,block,,corner,right-foot,34,blocked
2026-07-02,12812997,Round of 32,Portugal v Croatia,Croatia,Portugal,Martin Baturina,0.048496291041374,0.0,18.5,36.4,block,,open_play,left-foot,28,blocked
2026-07-02,12812997,Round of 32,Portugal v Croatia,Portugal,Croatia,João Neves,0.095477312803268,0.0,3.8,39.7,miss,,corner,left-foot,24,missed
2026-07-02,12812997,Round of 32,Portugal v Croatia,Portugal,Croatia,Renato Veiga,0.22849529981613,0.0,6.3,47.0,miss,,corner,head,16,missed
2026-07-02,12812997,Round of 32,Portugal v Croatia,Portugal,Croatia,Cristiano Ronaldo,0.035206504166126,0.0,27.2,38.3,block,,free_kick,right-foot,13,blocked
2026-07-02,12812997,Round of 32,Portugal v Croatia,Croatia,Portugal,Ante Budimir,0.039846666157246,0.0,13.1,48.3,miss,,open_play,head,10,missed
2026-07-02,12812997,Round of 32,Portugal v Croatia,Portugal,Croatia,João Cancelo,0.038062632083893,0.0,20.0,50.3,miss,,corner,right-foot,7,missed
2026-07-02,12812997,Round of 32,Portugal v Croatia,Portugal,Croatia,Vitinha,0.030742149800062,0.0,21.4,49.8,block,,open_play,right-foot,4,blocked
2026-07-02,12812997,Round of 32,Portugal v Croatia,Portugal,Croatia,Bruno Fernandes,0.33653143048286,0.0,4.3,44.5,block,,open_play,right-foot,4,blocked
2026-07-02,12812997,Round of 32,Portugal v Croatia,Portugal,Croatia,Bruno Fernandes,0.28907233476639,0.39708936214447,12.6,45.6,save,,open_play,right-foot,4,saved
2026-07-02,12812997,Round of 32,Portugal v Croatia,Croatia,Portugal,Ante Budimir,0.12510432302952,0.0,13.3,38.3,miss,,open_play,left-foot,3,missed
2026-07-03,12813019,Round of 32,Switzerland v Algeria,Switzerland,Algeria,Remo Freuler,0.045840620994568,0.041117709130049,15.6,55.9,save,,open_play,right-foot,90,saved
2026-07-03,12813019,Round of 32,Switzerland v Algeria,Switzerland,Algeria,Noah Okafor,0.075250767171383,0.0,12.9,36.2,block,,open_play,right-foot,90,blocked
2026-07-03,12813019,Round of 32,Switzerland v Algeria,Algeria,Switzerland,Ibrahim Maza,0.023480920121074,0.0,11.6,31.9,block,,open_play,right-foot,90,blocked
2026-07-03,12813019,Round of 32,Switzerland v Algeria,Switzerland,Algeria,Fabian Rieder,0.64751487970352,0.0,2.6,43.6,miss,,open_play,left-foot,81,missed
2026-07-03,12813019,Round of 32,Switzerland v Algeria,Switzerland,Algeria,Breel Embolo,0.026283465325832,0.0,19.8,29.5,miss,,open_play,right-foot,80,missed
2026-07-03,12813019,Round of 32,Switzerland v Algeria,Algeria,Switzerland,Jaouen Hadjam,0.029215425252914,0.0,21.1,27.0,miss,,open_play,right-foot,77,missed
2026-07-03,12813019,Round of 32,Switzerland v Algeria,Switzerland,Algeria,Fabian Rieder,0.10993511974812,0.0,14.6,49.7,save,,open_play,left-foot,75,saved
2026-07-03,12813019,Round of 32,Switzerland v Algeria,Switzerland,Algeria,Nico Elvedi,0.090641647577286,0.0,4.5,41.3,block,,corner,head,65,blocked
2026-07-03,12813019,Round of 32,Switzerland v Algeria,Algeria,Switzerland,Riyad Mahrez,0.1661934107542,0.0,14.4,46.9,block,,open_play,left-foot,50,blocked
2026-07-03,12813019,Round of 32,Switzerland v Algeria,Switzerland,Algeria,Dan Ndoye,0.090557545423508,0.15162564814091,15.1,57.9,goal,regular,open_play,right-foot,46,goal
2026-07-03,12813019,Round of 32,Switzerland v Algeria,Algeria,Switzerland,Ibrahim Maza,0.098873443901539,0.0,10.6,53.6,miss,,open_play,left-foot,45,missed
2026-07-03,12813019,Round of 32,Switzerland v Algeria,Algeria,Switzerland,Farès Chaïbi,0.042111773043871,0.21598796546459,13.9,33.7,save,,open_play,right-foot,43,saved
2026-07-03,12813019,Round of 32,Switzerland v Algeria,Switzerland,Algeria,Denis Zakaria,0.08881838619709,0.0,7.6,54.0,miss,,set_piece,head,37,missed
2026-07-03,12813019,Round of 32,Switzerland v Algeria,Switzerland,Algeria,Ricardo Rodríguez,0.015036216005683,0.0,26.3,31.9,miss,,open_play,left-foot,25,missed
2026-07-03,12813019,Round of 32,Switzerland v Algeria,Algeria,Switzerland,Ibrahim Maza,0.026772767305374,0.0,21.1,33.7,block,,open_play,right-foot,18,blocked
2026-07-03,12813019,Round of 32,Switzerland v Algeria,Switzerland,Algeria,Denis Zakaria,0.288484364748,0.10594769567251,8.9,53.0,save,,open_play,right-foot,15,saved
2026-07-03,12813019,Round of 32,Switzerland v Algeria,Algeria,Switzerland,Houssem Aouar,0.040246710181236,0.064458459615707,23.8,41.3,save,,open_play,right-foot,14,saved
2026-07-03,12813019,Round of 32,Switzerland v Algeria,Switzerland,Algeria,Breel Embolo,0.97207164764404,0.99418795108795,3.2,49.5,goal,regular,fast_break,left-foot,10,goal
2026-07-03,12813019,Round of 32,Switzerland v Algeria,Algeria,Switzerland,Houssem Aouar,0.30847561359406,0.0,11.0,53.8,miss,,open_play,right-foot,6,missed
2026-07-03,12813018,Round of 32,Australia v Egypt,Egypt,Australia,Hossam Abdelmaguid,0.7884,0.63816863298416,11.5,50.0,goal,penalty,shootout,right-foot,129,goal
2026-07-03,12813018,Round of 32,Australia v Egypt,Australia,Egypt,Lucas Herrington,0.7884,0.0,11.5,50.0,post,,shootout,right-foot,128,post
2026-07-03,12813018,Round of 32,Australia v Egypt,Egypt,Australia,Mohamed Salah,0.7884,0.87996518611908,11.5,50.0,goal,penalty,shootout,left-foot,127,goal
2026-07-03,12813018,Round of 32,Australia v Egypt,Australia,Egypt,Awer Mabil,0.7884,0.78636848926544,11.5,50.0,goal,penalty,shootout,right-foot,126,goal
2026-07-03,12813018,Round of 32,Australia v Egypt,Egypt,Australia,Rami Rabia,0.7884,0.84206992387772,11.5,50.0,goal,penalty,shootout,right-foot,125,goal
2026-07-03,12813018,Round of 32,Australia v Egypt,Australia,Egypt,Jackson Irvine,0.7884,0.98496925830841,11.5,50.0,goal,penalty,shootout,right-foot,124,goal
2026-07-03,12813018,Round of 32,Australia v Egypt,Egypt,Australia,Mahmoud Saber,0.7884,0.8971631526947,11.5,50.0,goal,penalty,shootout,right-foot,123,goal
2026-07-03,12813018,Round of 32,Australia v Egypt,Australia,Egypt,Harry Souttar,0.7884,0.0,11.5,50.0,miss,,shootout,right-foot,122,missed
2026-07-03,12813018,Round of 32,Australia v Egypt,Australia,Egypt,Mohamed Touré,0.20650000870228,0.0,8.9,49.3,miss,,set_piece,right-foot,120,missed
2026-07-03,12813018,Round of 32,Australia v Egypt,Australia,Egypt,Alessandro Circati,0.026584999635816,0.0,8.8,60.6,block,,set_piece,head,120,blocked
2026-07-03,12813018,Round of 32,Australia v Egypt,Australia,Egypt,Awer Mabil,0.043939098715782,0.0,20.3,26.7,block,,free_kick,right-foot,118,blocked
2026-07-03,12813018,Round of 32,Australia v Egypt,Egypt,Australia,Emam Ashour,0.034237064421177,0.0,18.4,58.2,block,,open_play,left-foot,112,blocked
2026-07-03,12813018,Round of 32,Australia v Egypt,Egypt,Australia,Marwan Attia,0.035916674882174,0.0,26.8,53.1,miss,,open_play,right-foot,109,missed
2026-07-03,12813018,Round of 32,Australia v Egypt,Australia,Egypt,Mohamed Touré,0.054734386503696,0.0,9.7,53.0,miss,,open_play,head,106,missed
2026-07-03,12813018,Round of 32,Australia v Egypt,Egypt,Australia,Emam Ashour,0.018358824774623,0.0,27.9,56.6,miss,,open_play,left-foot,103,missed
2026-07-03,12813018,Round of 32,Australia v Egypt,Egypt,Australia,Mohamed Salah,0.099384561181068,0.0,10.1,66.2,miss,,open_play,right-foot,93,missed
2026-07-03,12813018,Round of 32,Australia v Egypt,Egypt,Australia,Haissem Hassan,0.1467974036932,0.0,11.7,60.7,block,,open_play,right-foot,90,blocked
2026-07-03,12813018,Round of 32,Australia v Egypt,Egypt,Australia,Marwan Attia,0.027536826208234,0.0,17.0,63.6,block,,open_play,right-foot,90,blocked
2026-07-03,12813018,Round of 32,Australia v Egypt,Egypt,Australia,Mohamed Salah,0.029099008068442,0.07332207262516,13.9,64.8,save,,corner,left-foot,90,saved
2026-07-03,12813018,Round of 32,Australia v Egypt,Egypt,Australia,Rami Rabia,0.14705173671246,0.32735186815262,8.5,51.7,save,,corner,head,90,saved
2026-07-03,12813018,Round of 32,Australia v Egypt,Australia,Egypt,Kai Trewin,0.0080873584374785,0.0,20.2,67.6,block,,corner,right-foot,88,blocked
2026-07-03,12813018,Round of 32,Australia v Egypt,Australia,Egypt,Jackson Irvine,0.075666211545467,0.0,3.9,60.0,block,,corner,head,88,blocked
2026-07-03,12813018,Round of 32,Australia v Egypt,Australia,Egypt,Ajdin Hrustić,0.026759350672364,0.0,11.2,71.5,block,,fast_break,left-foot,86,blocked
2026-07-03,12813018,Round of 32,Australia v Egypt,Egypt,Australia,Marwan Attia,0.02679405733943,0.0,18.5,64.6,block,,open_play,right-foot,86,blocked
2026-07-03,12813018,Round of 32,Australia v Egypt,Australia,Egypt,Connor Metcalfe,0.028456341475248,0.0,16.3,48.9,block,,set_piece,left-foot,81,blocked
2026-07-03,12813018,Round of 32,Australia v Egypt,Australia,Egypt,Ajdin Hrustić,0.026591466739774,0.0,11.9,74.4,block,,open_play,left-foot,78,blocked
2026-07-03,12813018,Round of 32,Australia v Egypt,Egypt,Australia,Emam Ashour,0.047791857272387,0.0,18.8,63.6,miss,,open_play,right-foot,73,missed
2026-07-03,12813018,Round of 32,Australia v Egypt,Australia,Egypt,Nestory Irankunda,0.03303350508213,0.0,18.5,39.7,block,,open_play,right-foot,61,blocked
2026-07-03,12813018,Round of 32,Australia v Egypt,Australia,Egypt,Mohamed Hany,,,4.8,50.3,goal,own,set_piece,head,55,goal
2026-07-03,12813018,Round of 32,Australia v Egypt,Egypt,Australia,Omar Marmoush,0.42134734988213,0.0,10.2,43.6,miss,,open_play,right-foot,46,missed
2026-07-03,12813018,Round of 32,Australia v Egypt,Australia,Egypt,Nestory Irankunda,0.12294796854258,0.0,7.3,50.2,miss,,open_play,head,45,missed
2026-07-03,12813018,Round of 32,Australia v Egypt,Australia,Egypt,Cristian Volpato,0.024060029536486,0.0,19.6,70.1,miss,,open_play,left-foot,45,missed
2026-07-03,12813018,Round of 32,Australia v Egypt,Australia,Egypt,Aziz Behich,0.029331305995584,0.065141372382641,16.0,32.5,save,,set_piece,left-foot,35,saved
2026-07-03,12813018,Round of 32,Australia v Egypt,Egypt,Australia,Omar Marmoush,0.10216721892357,0.0,11.5,36.5,block,,fast_break,right-foot,16,blocked
2026-07-03,12813018,Round of 32,Australia v Egypt,Australia,Egypt,Aiden O'Neill,0.067795112729073,0.0,14.8,34.2,miss,,set_piece,left-foot,15,missed
2026-07-03,12813018,Round of 32,Australia v Egypt,Australia,Egypt,Connor Metcalfe,0.048197720199823,0.0,16.0,52.8,block,,set_piece,right-foot,15,blocked
2026-07-03,12813018,Round of 32,Australia v Egypt,Egypt,Australia,Emam Ashour,0.17443935573101,0.74164652824402,7.4,44.4,goal,regular,set_piece,head,13,goal
2026-07-03,12813018,Round of 32,Australia v Egypt,Egypt,Australia,Emam Ashour,0.010037479922175,0.0,14.3,28.9,block,,set_piece,right-foot,13,blocked
2026-07-03,12813018,Round of 32,Australia v Egypt,Australia,Egypt,Cristian Volpato,0.020157130435109,0.0,25.0,53.4,post,,open_play,left-foot,5,post
2026-07-03,12812999,Round of 32,Argentina v Cabo Verde,Cabo Verde,Argentina,Hélio Varela,0.025534762069583,0.0,27.4,59.9,miss,,open_play,right-foot,120,missed
2026-07-03,12812999,Round of 32,Argentina v Cabo Verde,Cabo Verde,Argentina,Jamiro Monteiro,0.045357689261436,0.0,17.8,48.3,block,,corner,right-foot,120,blocked
2026-07-03,12812999,Round of 32,Argentina v Cabo Verde,Cabo Verde,Argentina,Hélio Varela,0.024795750156045,0.0,19.7,62.2,block,,open_play,right-foot,120,blocked
2026-07-03,12812999,Round of 32,Argentina v Cabo Verde,Cabo Verde,Argentina,Diney Borges,0.014586547389627,0.28244230151176,13.0,47.2,save,,set_piece,head,119,saved
2026-07-03,12812999,Round of 32,Argentina v Cabo Verde,Cabo Verde,Argentina,Sidny Lopes Cabral,0.04315447807312,0.29834750294685,12.8,18.8,save,,free_kick,right-foot,116,saved
2026-07-03,12812999,Round of 32,Argentina v Cabo Verde,Cabo Verde,Argentina,Willy Semedo,0.021385421976447,0.0,6.8,24.1,block,,open_play,left-foot,114,blocked
2026-07-03,12812999,Round of 32,Argentina v Cabo Verde,Argentina,Cabo Verde,Diney Borges,,,4.6,47.2,goal,own,corner,other,111,goal
2026-07-03,12812999,Round of 32,Argentina v Cabo Verde,Argentina,Cabo Verde,Cristian Romero,0.11953748762608,0.0,5.2,44.6,miss,,corner,head,111,missed
2026-07-03,12812999,Round of 32,Argentina v Cabo Verde,Cabo Verde,Argentina,Yannick Semedo,0.015561293810606,0.0,31.6,30.4,miss,,open_play,right-foot,108,missed
2026-07-03,12812999,Round of 32,Argentina v Cabo Verde,Argentina,Cabo Verde,Gonzalo Montiel,0.085490770637989,0.0,9.2,58.9,block,,open_play,right-foot,105,blocked
2026-07-03,12812999,Round of 32,Argentina v Cabo Verde,Argentina,Cabo Verde,Lionel Messi,0.13170243799686,0.19129946827888,15.3,46.6,save,,open_play,left-foot,105,saved
2026-07-03,12812999,Round of 32,Argentina v Cabo Verde,Cabo Verde,Argentina,Sidny Lopes Cabral,0.03291329741478,0.76565760374069,14.2,23.7,goal,regular,open_play,right-foot,103,goal
2026-07-03,12812999,Round of 32,Argentina v Cabo Verde,Argentina,Cabo Verde,Enzo Fernández,0.030885476619005,0.0,18.1,45.8,block,,corner,right-foot,99,blocked
2026-07-03,12812999,Round of 32,Argentina v Cabo Verde,Argentina,Cabo Verde,Julián Alvarez,0.055091086775064,0.0,9.4,59.3,block,,open_play,right-foot,98,blocked
2026-07-03,12812999,Round of 32,Argentina v Cabo Verde,Argentina,Cabo Verde,Lionel Messi,0.097648657858372,0.0,14.8,42.1,block,,open_play,left-foot,98,blocked
2026-07-03,12812999,Round of 32,Argentina v Cabo Verde,Cabo Verde,Argentina,Steven Moreira,0.02767339348793,0.0,23.2,49.5,block,,corner,right-foot,97,blocked
2026-07-03,12812999,Round of 32,Argentina v Cabo Verde,Cabo Verde,Argentina,Diney Borges,0.02850322984159,0.0,10.6,47.3,miss,,corner,head,97,missed
2026-07-03,12812999,Round of 32,Argentina v Cabo Verde,Argentina,Cabo Verde,Lisandro Martínez,0.051686026155949,0.35393851995468,6.1,66.9,goal,regular,corner,left-foot,92,goal
2026-07-03,12812999,Round of 32,Argentina v Cabo Verde,Argentina,Cabo Verde,Enzo Fernández,0.14545801281929,0.14655131101608,8.5,49.6,save,,set_piece,head,90,saved
2026-07-03,12812999,Round of 32,Argentina v Cabo Verde,Argentina,Cabo Verde,Lionel Messi,0.07134460657835,0.061995837837458,22.3,61.9,save,,free_kick,left-foot,90,saved
2026-07-03,12812999,Round of 32,Argentina v Cabo Verde,Argentina,Cabo Verde,Leandro Paredes,0.016641551628709,0.045720744878054,28.5,54.6,save,,open_play,right-foot,90,saved
2026-07-03,12812999,Round of 32,Argentina v Cabo Verde,Argentina,Cabo Verde,Alexis Mac Allister,0.11169701069593,0.0,8.5,53.0,block,,open_play,head,89,blocked
2026-07-03,12812999,Round of 32,Argentina v Cabo Verde,Argentina,Cabo Verde,Alexis Mac Allister,0.016126584261656,0.0,13.2,67.5,block,,open_play,right-foot,87,blocked
2026-07-03,12812999,Round of 32,Argentina v Cabo Verde,Argentina,Cabo Verde,Nicolás González,0.12288216501474,0.0,6.0,45.4,miss,,corner,head,84,missed
2026-07-03,12812999,Round of 32,Argentina v Cabo Verde,Cabo Verde,Argentina,Kevin Pina,0.027582000941038,0.0,31.8,43.3,miss,,free_kick,right-foot,78,missed
2026-07-03,12812999,Round of 32,Argentina v Cabo Verde,Argentina,Cabo Verde,Nicolás González,0.10742382705212,0.0,6.9,52.2,miss,,corner,head,73,missed
2026-07-03,12812999,Round of 32,Argentina v Cabo Verde,Argentina,Cabo Verde,Lionel Messi,0.12772759795189,0.449010014534,19.2,38.1,save,,free_kick,left-foot,73,saved
2026-07-03,12812999,Round of 32,Argentina v Cabo Verde,Argentina,Cabo Verde,Lionel Messi,0.039774421602488,0.0,27.2,52.9,block,,free_kick,left-foot,69,blocked
2026-07-03,12812999,Round of 32,Argentina v Cabo Verde,Argentina,Cabo Verde,Enzo Fernández,0.025474356487393,0.0,13.5,36.6,miss,,open_play,right-foot,67,missed
2026-07-03,12812999,Round of 32,Argentina v Cabo Verde,Argentina,Cabo Verde,Lionel Messi,0.48547905683517,0.29818925261497,10.2,55.4,save,,open_play,right-foot,63,saved
2026-07-03,12812999,Round of 32,Argentina v Cabo Verde,Cabo Verde,Argentina,Deroy Duarte,0.045299399644136,0.075177781283855,4.6,66.2,goal,regular,open_play,right-foot,59,goal
2026-07-03,12812999,Round of 32,Argentina v Cabo Verde,Cabo Verde,Argentina,Deroy Duarte,0.0335598513484,0.056812275201082,24.4,52.6,save,,open_play,left-foot,54,saved
2026-07-03,12812999,Round of 32,Argentina v Cabo Verde,Cabo Verde,Argentina,Ryan Mendes,0.013770481571555,0.0,26.2,69.9,miss,,open_play,right-foot,50,missed
2026-07-03,12812999,Round of 32,Argentina v Cabo Verde,Cabo Verde,Argentina,Jovane Cabral,0.018274147063494,0.0,22.9,40.9,block,,corner,right-foot,49,blocked
2026-07-03,12812999,Round of 32,Argentina v Cabo Verde,Argentina,Cabo Verde,Enzo Fernández,0.063835307955742,0.23979356884956,18.7,46.5,save,,open_play,right-foot,45,saved
2026-07-03,12812999,Round of 32,Argentina v Cabo Verde,Argentina,Cabo Verde,Lionel Messi,0.24649362266064,0.57843416929245,3.5,58.7,goal,regular,open_play,left-foot,29,goal
2026-07-03,12812999,Round of 32,Argentina v Cabo Verde,Argentina,Cabo Verde,Lionel Messi,0.04551150277257,0.059101939201355,25.9,38.9,save,,free_kick,left-foot,18,saved
2026-07-03,12812999,Round of 32,Argentina v Cabo Verde,Argentina,Cabo Verde,Lionel Messi,0.080287158489227,0.0,9.9,31.1,miss,,open_play,left-foot,15,missed
2026-07-03,12812999,Round of 32,Argentina v Cabo Verde,Cabo Verde,Argentina,Ryan Mendes,0.052700106054544,0.0,14.8,67.9,block,,fast_break,left-foot,7,blocked
2026-07-04,12813011,Round of 32,Colombia v Ghana,Colombia,Ghana,Jaminton Campaz,0.017138803377748,0.16546115279198,10.5,18.4,save,,open_play,left-foot,90,saved
2026-07-04,12813011,Round of 32,Colombia v Ghana,Colombia,Ghana,Richard Ríos,0.02363876439631,0.078034140169621,18.5,80.8,save,,set_piece,right-foot,90,saved
2026-07-04,12813011,Round of 32,Colombia v Ghana,Colombia,Ghana,Gustavo Puerta,0.018891097977757,0.0,27.8,33.6,block,,open_play,right-foot,90,blocked
2026-07-04,12813011,Round of 32,Colombia v Ghana,Colombia,Ghana,Luis Javier Suárez,0.034257359802723,0.0,11.4,33.8,block,,open_play,right-foot,90,blocked
2026-07-04,12813011,Round of 32,Colombia v Ghana,Colombia,Ghana,Jaminton Campaz,0.030487056821585,0.0,3.6,35.2,miss,,open_play,left-foot,90,missed
2026-07-04,12813011,Round of 32,Colombia v Ghana,Colombia,Ghana,Richard Ríos,0.22073844075203,0.0,4.8,53.4,miss,,open_play,head,90,missed
2026-07-04,12813011,Round of 32,Colombia v Ghana,Colombia,Ghana,Luis Díaz,0.024272665381432,0.0,9.5,30.5,block,,open_play,right-foot,87,blocked
2026-07-04,12813011,Round of 32,Colombia v Ghana,Colombia,Ghana,Juan Fernando Quintero,0.025341408327222,0.0,26.2,66.0,miss,,open_play,left-foot,84,missed
2026-07-04,12813011,Round of 32,Colombia v Ghana,Colombia,Ghana,Davinson Sánchez,0.22876860201359,0.28994482755661,6.6,47.2,save,,corner,head,81,saved
2026-07-04,12813011,Round of 32,Colombia v Ghana,Colombia,Ghana,Luis Díaz,0.051690500229597,0.0,19.5,33.9,block,,open_play,right-foot,80,blocked
2026-07-04,12813011,Round of 32,Colombia v Ghana,Colombia,Ghana,Juan Fernando Quintero,0.035221491008997,0.0,29.3,30.0,miss,,free_kick,left-foot,77,missed
2026-07-04,12813011,Round of 32,Colombia v Ghana,Ghana,Colombia,Thomas Partey,0.040823917835951,0.0,23.5,36.4,miss,,open_play,right-foot,69,missed
2026-07-04,12813011,Round of 32,Colombia v Ghana,Ghana,Colombia,Antoine Semenyo,0.056549049913883,0.0,24.6,46.4,block,,open_play,left-foot,69,blocked
2026-07-04,12813011,Round of 32,Colombia v Ghana,Colombia,Ghana,Luis Díaz,0.27817729115486,0.22192607820034,12.0,42.3,save,,open_play,right-foot,58,saved
2026-07-04,12813011,Round of 32,Colombia v Ghana,Colombia,Ghana,Davinson Sánchez,0.021719520911574,0.0,20.9,67.2,miss,,set_piece,right-foot,56,missed
2026-07-04,12813011,Round of 32,Colombia v Ghana,Colombia,Ghana,Gustavo Puerta,0.030458033084869,0.48982980847359,12.4,23.1,save,,corner,right-foot,55,saved
2026-07-04,12813011,Round of 32,Colombia v Ghana,Colombia,Ghana,Richard Ríos,0.014775180257857,0.0,15.0,75.6,miss,,open_play,right-foot,48,missed
2026-07-04,12813011,Round of 32,Colombia v Ghana,Colombia,Ghana,Johan Mojica,0.21453687548637,0.68862724304199,5.1,46.4,save,,open_play,head,45,saved
2026-07-04,12813011,Round of 32,Colombia v Ghana,Ghana,Colombia,Iñaki Williams,0.045569993555546,0.0,16.5,47.8,block,,open_play,left-foot,44,blocked
2026-07-04,12813011,Round of 32,Colombia v Ghana,Ghana,Colombia,Antoine Semenyo,0.016544399783015,0.0,21.2,33.4,block,,open_play,right-foot,44,blocked
2026-07-04,12813011,Round of 32,Colombia v Ghana,Colombia,Ghana,Luis Javier Suárez,0.030501998960972,0.0,13.3,59.1,miss,,open_play,head,42,missed
2026-07-04,12813011,Round of 32,Colombia v Ghana,Ghana,Colombia,Iñaki Williams,0.028580060228705,0.0,22.6,71.6,miss,,open_play,left-foot,40,missed
2026-07-04,12813011,Round of 32,Colombia v Ghana,Colombia,Ghana,Luis Díaz,0.2135376483202,0.0,10.2,39.4,miss,,open_play,right-foot,39,missed
2026-07-04,12813011,Round of 32,Colombia v Ghana,Ghana,Colombia,Antoine Semenyo,0.037860490381718,0.0,23.8,52.3,block,,open_play,right-foot,37,blocked
2026-07-04,12813011,Round of 32,Colombia v Ghana,Ghana,Colombia,Iñaki Williams,0.021832594648004,0.0,11.9,34.6,block,,corner,right-foot,34,blocked
2026-07-04,12813011,Round of 32,Colombia v Ghana,Colombia,Ghana,Luis Díaz,0.065520323812962,0.032388389110565,23.3,47.5,save,,open_play,right-foot,20,saved
2026-07-04,12813011,Round of 32,Colombia v Ghana,Colombia,Ghana,Jhon Arias,0.45970773696899,0.72069507837296,7.7,45.3,goal,regular,open_play,right-foot,14,goal
2026-07-04,12813011,Round of 32,Colombia v Ghana,Ghana,Colombia,Thomas Partey,0.018603963777423,0.0,25.9,52.1,miss,,open_play,right-foot,1,missed
2026-07-04,12813009,Round of 16,Canada v Morocco,Morocco,Canada,Soufiane Rahimi,0.45050868391991,0.59225678443909,12.8,39.5,goal,regular,fast_break,left-foot,90,goal
2026-07-04,12813009,Round of 16,Canada v Morocco,Canada,Morocco,Jayden Nelson,0.030799893662333,0.0,22.0,39.0,miss,,set_piece,right-foot,90,missed
2026-07-04,12813009,Round of 16,Canada v Morocco,Canada,Morocco,Jonathan Osorio,0.023829171434045,0.0,14.7,63.8,block,,set_piece,right-foot,90,blocked
2026-07-04,12813009,Round of 16,Canada v Morocco,Morocco,Canada,Soufiane Rahimi,0.11163827776909,0.0,11.7,50.7,post,,fast_break,head,85,post
2026-07-04,12813009,Round of 16,Canada v Morocco,Canada,Morocco,Jonathan David,0.020733453333378,0.0,21.4,31.1,block,,open_play,left-foot,84,blocked
2026-07-04,12813009,Round of 16,Canada v Morocco,Morocco,Canada,Azzedine Ounahi,0.16515064239502,0.78862935304642,13.9,55.8,goal,regular,fast_break,right-foot,82,goal
2026-07-04,12813009,Round of 16,Canada v Morocco,Canada,Morocco,Tajon Buchanan,0.028701826930046,0.18823647499084,30.6,46.4,save,,fast_break,right-foot,79,saved
2026-07-04,12813009,Round of 16,Canada v Morocco,Canada,Morocco,Jonathan David,0.23770695924759,0.0,17.8,48.9,miss,,free_kick,right-foot,78,missed
2026-07-04,12813009,Round of 16,Canada v Morocco,Morocco,Canada,Azzedine Ounahi,0.07038339972496,0.59868931770325,18.1,52.3,goal,regular,set_piece,right-foot,50,goal
2026-07-04,12813009,Round of 16,Canada v Morocco,Canada,Morocco,Luc De Fougerolles,0.10851491242647,0.0,12.6,54.6,miss,,corner,right-foot,49,missed
2026-07-04,12813009,Round of 16,Canada v Morocco,Morocco,Canada,Soufiane Rahimi,0.019288873299956,0.16861443221569,26.9,46.6,save,,open_play,right-foot,29,saved
2026-07-04,12813009,Round of 16,Canada v Morocco,Canada,Morocco,Alistair Johnston,0.052727214992046,0.0,10.7,53.4,block,,corner,head,18,blocked
2026-07-04,12813009,Round of 16,Canada v Morocco,Canada,Morocco,Tani Oluwaseyi,0.067216940224171,0.0,11.6,40.1,miss,,open_play,left-foot,11,missed
2026-07-04,12813009,Round of 16,Canada v Morocco,Canada,Morocco,Tani Oluwaseyi,0.25002866983414,0.24070677161217,11.0,41.9,save,,open_play,left-foot,10,saved
2026-07-04,12813009,Round of 16,Canada v Morocco,Canada,Morocco,Jonathan David,0.021103229373693,0.1040775924921,3.0,34.9,save,,corner,left-foot,5,saved
2026-07-04,12813010,Round of 16,Paraguay v France,France,Paraguay,Kylian Mbappé,0.20652903616428,0.34967786073685,9.2,43.4,save,,open_play,left-foot,90,saved
2026-07-04,12813010,Round of 16,Paraguay v France,France,Paraguay,Kylian Mbappé,0.13194914162159,0.59296458959579,14.2,45.0,save,,open_play,left-foot,90,saved
2026-07-04,12813010,Round of 16,Paraguay v France,France,Paraguay,Désiré Doué,0.025986028835177,0.0,18.5,31.7,block,,fast_break,right-foot,90,blocked
2026-07-04,12813010,Round of 16,Paraguay v France,Paraguay,France,Mauricio,0.06159657612443,0.0,23.4,52.8,miss,,open_play,right-foot,90,missed
2026-07-04,12813010,Round of 16,Paraguay v France,France,Paraguay,Kylian Mbappé,0.052916474640369,0.094846822321415,20.6,36.0,save,,fast_break,right-foot,89,saved
2026-07-04,12813010,Round of 16,Paraguay v France,Paraguay,France,Junior Alonso,0.022327471524477,0.0,20.7,36.6,miss,,set_piece,left-foot,87,missed
2026-07-04,12813010,Round of 16,Paraguay v France,France,Paraguay,Kylian Mbappé,0.7884,0.74228692054749,11.5,50.0,goal,penalty,penalty,right-foot,70,goal
2026-07-04,12813010,Round of 16,Paraguay v France,France,Paraguay,Kylian Mbappé,0.021219728514552,0.0,27.2,33.6,miss,,open_play,right-foot,64,missed
2026-07-04,12813010,Round of 16,Paraguay v France,France,Paraguay,Bradley Barcola,0.039776332676411,0.0,25.1,42.1,miss,,open_play,right-foot,60,missed
2026-07-04,12813010,Round of 16,Paraguay v France,France,Paraguay,Manu Koné,0.010863686911762,0.1016580760479,25.7,32.3,save,,open_play,right-foot,54,saved
2026-07-04,12813010,Round of 16,Paraguay v France,France,Paraguay,Ousmane Dembélé,0.037597376853228,0.0,3.5,33.9,miss,,corner,right-foot,52,missed
2026-07-04,12813010,Round of 16,Paraguay v France,Paraguay,France,Miguel Almirón,0.019270339980721,0.0,9.8,72.0,block,,open_play,left-foot,50,blocked
2026-07-04,12813010,Round of 16,Paraguay v France,France,Paraguay,Adrien Rabiot,0.037957530468702,0.0,25.4,61.5,miss,,open_play,left-foot,49,missed
2026-07-04,12813010,Round of 16,Paraguay v France,France,Paraguay,Adrien Rabiot,0.030111664906144,0.0,23.7,41.9,block,,open_play,left-foot,45,blocked
2026-07-04,12813010,Round of 16,Paraguay v France,France,Paraguay,Manu Koné,0.01976034976542,0.0,22.1,36.6,miss,,open_play,right-foot,43,missed
2026-07-04,12813010,Round of 16,Paraguay v France,France,Paraguay,Ousmane Dembélé,0.025519343093038,0.0,14.7,74.6,block,,open_play,left-foot,38,blocked
2026-07-04,12813010,Round of 16,Paraguay v France,France,Paraguay,Adrien Rabiot,0.024125572293997,0.0,28.3,46.7,miss,,open_play,left-foot,33,missed
2026-07-04,12813010,Round of 16,Paraguay v France,Paraguay,France,Diego Gómez,0.010082454420626,0.0,26.0,62.0,miss,,open_play,right-foot,28,missed
2026-07-04,12813010,Round of 16,Paraguay v France,Paraguay,France,Junior Alonso,0.015172716230154,0.0,27.9,36.6,miss,,open_play,left-foot,28,missed
2026-07-04,12813010,Round of 16,Paraguay v France,France,Paraguay,Manu Koné,0.027323307469487,0.0,26.8,59.9,block,,open_play,left-foot,22,blocked
2026-07-05,12813006,Round of 16,Brazil v Norway,Brazil,Norway,Neymar,0.7884,0.75293451547623,11.5,50.0,goal,penalty,penalty,right-foot,90,goal
2026-07-05,12813006,Round of 16,Brazil v Norway,Brazil,Norway,Éderson,0.027622163295746,0.0,23.5,69.7,block,,open_play,right-foot,90,blocked
2026-07-05,12813006,Round of 16,Brazil v Norway,Norway,Brazil,Erling Haaland,0.038634337484837,0.37591749429703,18.4,32.7,goal,regular,open_play,left-foot,90,goal
2026-07-05,12813006,Round of 16,Brazil v Norway,Brazil,Norway,Neymar,0.018471522256732,0.0,7.4,32.5,miss,,corner,right-foot,84,missed
2026-07-05,12813006,Round of 16,Brazil v Norway,Norway,Brazil,Erling Haaland,0.076735660433769,0.31994101405144,8.5,51.9,goal,regular,open_play,head,79,goal
2026-07-05,12813006,Round of 16,Brazil v Norway,Norway,Brazil,Andreas Schjelderup,0.074817575514317,0.19357122480869,12.2,34.4,save,,fast_break,right-foot,75,saved
2026-07-05,12813006,Round of 16,Brazil v Norway,Norway,Brazil,Erling Haaland,0.25883761048317,0.0,2.4,57.9,miss,,corner,left-foot,67,missed
2026-07-05,12813006,Round of 16,Brazil v Norway,Brazil,Norway,Rayan,0.073002755641937,0.13701042532921,16.3,61.0,save,,corner,right-foot,62,saved
2026-07-05,12813006,Round of 16,Brazil v Norway,Brazil,Norway,Endrick,0.020883893594146,0.0,23.2,32.1,block,,open_play,left-foot,61,blocked
2026-07-05,12813006,Round of 16,Brazil v Norway,Brazil,Norway,Endrick,0.5589052438736,0.0,14.7,52.8,miss,,fast_break,left-foot,59,missed
2026-07-05,12813006,Round of 16,Brazil v Norway,Norway,Brazil,Patrick Berg,0.037661656737328,0.0,23.1,64.8,miss,,open_play,right-foot,49,missed
2026-07-05,12813006,Round of 16,Brazil v Norway,Brazil,Norway,Matheus Cunha,0.030951144173741,0.0,12.0,45.6,miss,,open_play,head,45,missed
2026-07-05,12813006,Round of 16,Brazil v Norway,Brazil,Norway,Bruno Guimarães,0.02604278549552,0.0,26.5,36.6,block,,open_play,right-foot,45,blocked
2026-07-05,12813006,Round of 16,Brazil v Norway,Norway,Brazil,Martin Ødegaard,0.39712181687355,0.32047921419144,13.3,41.9,save,,open_play,left-foot,45,saved
2026-07-05,12813006,Round of 16,Brazil v Norway,Norway,Brazil,Martin Ødegaard,0.049608569592237,0.0,5.4,33.8,block,,open_play,left-foot,43,blocked
2026-07-05,12813006,Round of 16,Brazil v Norway,Brazil,Norway,Vinícius Júnior,0.13008615374565,0.23301760852337,8.9,31.7,save,,open_play,left-foot,40,saved
2026-07-05,12813006,Round of 16,Brazil v Norway,Brazil,Norway,Casemiro,0.021195705980062,0.0,23.4,65.6,block,,open_play,left-foot,40,blocked
2026-07-05,12813006,Round of 16,Brazil v Norway,Norway,Brazil,Erling Haaland,0.093239016830921,0.44888392090797,9.4,41.7,save,,open_play,left-foot,37,saved
2026-07-05,12813006,Round of 16,Brazil v Norway,Norway,Brazil,Martin Ødegaard,0.026623252779245,0.0,15.4,68.7,miss,,open_play,left-foot,35,missed
2026-07-05,12813006,Round of 16,Brazil v Norway,Brazil,Norway,Vinícius Júnior,0.040402989834547,0.0,8.4,68.5,miss,,open_play,right-foot,35,missed
2026-07-05,12813006,Round of 16,Brazil v Norway,Brazil,Norway,Danilo,0.07127521187067,0.0,9.9,68.5,miss,,open_play,right-foot,31,missed
2026-07-05,12813006,Round of 16,Brazil v Norway,Brazil,Norway,Rayan,0.018254235386848,0.0,12.0,72.6,miss,,open_play,right-foot,16,missed
2026-07-05,12813006,Round of 16,Brazil v Norway,Brazil,Norway,Bruno Guimarães,0.7884,0.63289827108383,11.5,50.0,save,,penalty,right-foot,14,saved
2026-07-06,12813007,Round of 16,Mexico v England,Mexico,England,Álvaro Fidalgo,0.037823636084795,0.0,9.4,68.9,block,,corner,right-foot,90,blocked
2026-07-06,12813007,Round of 16,Mexico v England,Mexico,England,Raúl Jiménez,0.026800280436873,0.0,13.6,72.0,miss,,corner,right-foot,90,missed
2026-07-06,12813007,Round of 16,Mexico v England,Mexico,England,Raúl Jiménez,0.14043939113617,0.0,12.2,46.0,miss,,open_play,right-foot,90,missed
2026-07-06,12813007,Round of 16,Mexico v England,Mexico,England,Edson Álvarez,0.0167595166713,0.0,28.8,51.5,block,,open_play,right-foot,90,blocked
2026-07-06,12813007,Round of 16,Mexico v England,Mexico,England,Raúl Jiménez,0.034691598266363,0.0,18.7,52.6,block,,open_play,right-foot,90,blocked
2026-07-06,12813007,Round of 16,Mexico v England,Mexico,England,Jesús Gallardo,0.027461390942335,0.0,22.8,28.9,miss,,open_play,right-foot,90,missed
2026-07-06,12813007,Round of 16,Mexico v England,England,Mexico,Jude Bellingham,0.015712916851044,0.18751771748066,46.8,36.4,save,,fast_break,right-foot,90,saved
2026-07-06,12813007,Round of 16,Mexico v England,Mexico,England,Álvaro Fidalgo,0.018431408330798,0.037707019597292,26.5,39.9,save,,open_play,right-foot,89,saved
2026-07-06,12813007,Round of 16,Mexico v England,Mexico,England,Santiago Giménez,0.081547282636166,0.0,13.3,50.3,miss,,open_play,left-foot,82,missed
2026-07-06,12813007,Round of 16,Mexico v England,Mexico,England,Edson Álvarez,0.19945076107979,0.0,4.8,51.4,miss,,corner,head,80,missed
2026-07-06,12813007,Round of 16,Mexico v England,Mexico,England,Brian Gutiérrez,0.030185515061021,0.0,10.0,28.9,block,,open_play,right-foot,78,blocked
2026-07-06,12813007,Round of 16,Mexico v England,Mexico,England,Raúl Jiménez,0.7884,0.73709243535995,11.5,50.0,goal,penalty,penalty,right-foot,69,goal
2026-07-06,12813007,Round of 16,Mexico v England,England,Mexico,Harry Kane,0.7884,0.81784242391586,11.5,50.0,goal,penalty,penalty,right-foot,60,goal
2026-07-06,12813007,Round of 16,Mexico v England,Mexico,England,Julián Quiñones,0.018007980659604,0.0,22.9,28.0,miss,,open_play,right-foot,57,missed
2026-07-06,12813007,Round of 16,Mexico v England,England,Mexico,Nico O'Reilly,0.057443082332611,0.0,19.4,49.3,miss,,set_piece,left-foot,49,missed
2026-07-06,12813007,Round of 16,Mexico v England,Mexico,England,Julián Quiñones,0.01835479773581,0.0,30.2,55.0,block,,open_play,right-foot,48,blocked
2026-07-06,12813007,Round of 16,Mexico v England,Mexico,England,Raúl Jiménez,0.034715253859758,0.18546786904335,14.8,46.6,save,,open_play,head,45,saved
2026-07-06,12813007,Round of 16,Mexico v England,Mexico,England,Raúl Jiménez,0.092386841773987,0.0,15.4,40.1,miss,,open_play,left-foot,45,missed
2026-07-06,12813007,Round of 16,Mexico v England,Mexico,England,Julián Quiñones,0.18856438994408,0.66816514730453,9.1,50.9,goal,regular,set_piece,right-foot,42,goal
2026-07-06,12813007,Round of 16,Mexico v England,England,Mexico,Jude Bellingham,0.36750102043152,0.97431832551956,3.8,47.8,goal,regular,open_play,right-foot,38,goal
2026-07-06,12813007,Round of 16,Mexico v England,England,Mexico,Jude Bellingham,0.34551069140434,0.95201277732849,4.8,45.5,goal,regular,open_play,head,36,goal
2026-07-06,12813007,Round of 16,Mexico v England,Mexico,England,Luis Romo,0.018864382058382,0.0,27.8,51.1,miss,,open_play,right-foot,32,missed
2026-07-06,12813007,Round of 16,Mexico v England,England,Mexico,Anthony Gordon,0.038510024547577,0.047249067574739,8.9,25.0,save,,open_play,right-foot,26,saved
2026-07-06,12813007,Round of 16,Mexico v England,Mexico,England,Gilberto Mora,0.043849784880877,0.0,16.2,34.0,block,,open_play,right-foot,19,blocked
2026-07-06,12813007,Round of 16,Mexico v England,Mexico,England,Raúl Jiménez,0.046544939279556,0.19038310647011,11.9,54.2,save,,open_play,head,15,saved
2026-07-06,12813007,Round of 16,Mexico v England,Mexico,England,Raúl Jiménez,0.018150120973587,0.0,25.9,55.4,block,,open_play,right-foot,3,blocked
2026-07-06,12812990,Round of 16,Portugal v Spain,Portugal,Spain,João Neves,0.057207010686398,0.0,11.4,59.1,miss,,set_piece,head,90,missed
2026-07-06,12812990,Round of 16,Portugal v Spain,Portugal,Spain,Bernardo Silva,0.16103652119637,0.0,7.0,50.1,miss,,open_play,head,90,missed
2026-07-06,12812990,Round of 16,Portugal v Spain,Spain,Portugal,Mikel Merino,0.55039435625076,0.78195750713348,12.1,43.3,goal,regular,open_play,left-foot,90,goal
2026-07-06,12812990,Round of 16,Portugal v Spain,Spain,Portugal,Dani Olmo,0.041431821882725,0.0,13.1,67.7,block,,open_play,right-foot,78,blocked
2026-07-06,12812990,Round of 16,Portugal v Spain,Spain,Portugal,Ferran Torres,0.0083995386958122,0.0,1.2,68.3,miss,,open_play,right-foot,77,missed
2026-07-06,12812990,Round of 16,Portugal v Spain,Portugal,Spain,Bruno Fernandes,0.033255495131016,0.0,11.3,63.8,miss,,open_play,right-foot,76,missed
2026-07-06,12812990,Round of 16,Portugal v Spain,Portugal,Spain,Vitinha,0.027395278215408,0.0,27.4,42.1,block,,open_play,right-foot,76,blocked
2026-07-06,12812990,Round of 16,Portugal v Spain,Spain,Portugal,Lamine Yamal,0.042035959661007,0.012268652208149,16.9,82.7,save,,free_kick,left-foot,73,saved
2026-07-06,12812990,Round of 16,Portugal v Spain,Spain,Portugal,Alex Baena,0.083224713802338,0.11752724647522,16.5,36.4,save,,open_play,left-foot,65,saved
2026-07-06,12812990,Round of 16,Portugal v Spain,Spain,Portugal,Lamine Yamal,0.0149608803913,0.0,23.8,39.3,block,,corner,left-foot,62,blocked
2026-07-06,12812990,Round of 16,Portugal v Spain,Spain,Portugal,Pedri,0.062103066593409,0.0,19.1,48.9,block,,open_play,right-foot,61,blocked
2026-07-06,12812990,Round of 16,Portugal v Spain,Portugal,Spain,Cristiano Ronaldo,0.087953791022301,0.0,4.3,63.7,miss,,open_play,right-foot,59,missed
2026-07-06,12812990,Round of 16,Portugal v Spain,Spain,Portugal,Rodri,0.022866958752275,0.0,27.9,58.6,miss,,open_play,right-foot,45,missed
2026-07-06,12812990,Round of 16,Portugal v Spain,Portugal,Spain,Nuno Mendes,0.030044203624129,0.0,17.6,72.0,block,,corner,left-foot,41,blocked
2026-07-06,12812990,Round of 16,Portugal v Spain,Portugal,Spain,Cristiano Ronaldo,0.16686052083969,0.85429167747498,4.8,42.7,save,,open_play,right-foot,37,saved
2026-07-06,12812990,Round of 16,Portugal v Spain,Spain,Portugal,Dani Olmo,0.05529647693038,0.0,8.5,56.6,miss,,corner,head,31,missed
2026-07-06,12812990,Round of 16,Portugal v Spain,Spain,Portugal,Pedro Porro,0.010831407271326,0.0,28.1,50.1,miss,,set_piece,right-foot,23,missed
2026-07-06,12812990,Round of 16,Portugal v Spain,Spain,Portugal,Alex Baena,0.066502891480923,0.23176205158234,14.2,32.3,save,,fast_break,right-foot,16,saved
2026-07-06,12812990,Round of 16,Portugal v Spain,Spain,Portugal,Lamine Yamal,0.058190256357193,0.28700530529022,13.6,67.7,save,,fast_break,left-foot,16,saved
2026-07-06,12812990,Round of 16,Portugal v Spain,Spain,Portugal,Alex Baena,0.022242661565542,0.0,20.8,29.6,miss,,open_play,right-foot,14,missed
2026-07-06,12812990,Round of 16,Portugal v Spain,Portugal,Spain,Cristiano Ronaldo,0.029027357697487,0.036251693964005,8.5,69.9,save,,open_play,right-foot,12,saved
2026-07-06,12812990,Round of 16,Portugal v Spain,Portugal,Spain,Pedro Neto,0.0070082941092551,0.0,29.6,51.3,block,,corner,left-foot,10,blocked
2026-07-06,12812990,Round of 16,Portugal v Spain,Spain,Portugal,Mikel Oyarzabal,0.6143354177475,0.0,13.9,41.7,miss,,fast_break,left-foot,8,missed
2026-07-06,12812990,Round of 16,Portugal v Spain,Portugal,Spain,João Cancelo,0.031844656914473,0.0,15.0,76.5,miss,,open_play,right-foot,7,missed
2026-07-06,12812990,Round of 16,Portugal v Spain,Spain,Portugal,Mikel Oyarzabal,0.037194885313511,0.03188905492425,24.3,38.0,save,,open_play,left-foot,3,saved
2026-07-07,12813002,Round of 16,USA v Belgium,Belgium,USA,Romelu Lukaku,0.044413305819035,0.47552332282066,9.2,33.3,goal,regular,open_play,right-foot,90,goal
2026-07-07,12813002,Round of 16,USA v Belgium,Belgium,USA,Leandro Trossard,0.063023552298546,0.0,12.5,64.0,block,,open_play,left-foot,86,blocked
2026-07-07,12813002,Round of 16,USA v Belgium,USA,Belgium,Folarin Balogun,0.091091059148312,0.0,7.7,52.3,miss,,corner,head,83,missed
2026-07-07,12813002,Round of 16,USA v Belgium,USA,Belgium,Folarin Balogun,0.07954864948988,0.10913411527872,8.0,32.1,save,,fast_break,left-foot,82,saved
2026-07-07,12813002,Round of 16,USA v Belgium,USA,Belgium,Sebastian Berhalter,0.057607401162386,0.0,19.8,49.3,miss,,open_play,left-foot,79,missed
2026-07-07,12813002,Round of 16,USA v Belgium,USA,Belgium,Alexander Freeman,0.019752357155085,0.0,11.3,43.4,miss,,corner,head,66,missed
2026-07-07,12813002,Round of 16,USA v Belgium,Belgium,USA,Leandro Trossard,0.051776621490717,0.0,13.2,31.2,block,,fast_break,left-foot,62,blocked
2026-07-07,12813002,Round of 16,USA v Belgium,Belgium,USA,Hans Vanaken,0.083645358681679,0.61227661371231,29.6,42.7,goal,regular,open_play,right-foot,57,goal
2026-07-07,12813002,Round of 16,USA v Belgium,Belgium,USA,Dodi Lukebakio,0.023937005549669,0.0,13.2,31.7,miss,,corner,left-foot,45,missed
2026-07-07,12813002,Round of 16,USA v Belgium,USA,Belgium,Folarin Balogun,0.25817102193832,0.0,5.7,49.1,miss,,set_piece,right-foot,45,missed
2026-07-07,12813002,Round of 16,USA v Belgium,USA,Belgium,Alexander Freeman,0.056078471243382,0.0,9.1,55.4,miss,,set_piece,head,45,missed
2026-07-07,12813002,Round of 16,USA v Belgium,Belgium,USA,Dodi Lukebakio,0.13405406475067,0.0,8.9,48.5,miss,,set_piece,head,43,missed
2026-07-07,12813002,Round of 16,USA v Belgium,Belgium,USA,Nicolas Raskin,0.081971153616905,0.13737086951733,5.0,62.0,save,,corner,right-foot,39,saved
2026-07-07,12813002,Round of 16,USA v Belgium,Belgium,USA,Charles De Ketelaere,0.31664982438087,0.97244161367416,3.1,51.9,goal,regular,open_play,head,33,goal
2026-07-07,12813002,Round of 16,USA v Belgium,USA,Belgium,Malik Tillman,0.070651665329933,0.11069018393755,24.7,48.1,goal,regular,free_kick,right-foot,31,goal
2026-07-07,12813002,Round of 16,USA v Belgium,Belgium,USA,Leandro Trossard,0.02724228054285,0.0,27.5,57.9,miss,,open_play,right-foot,14,missed
2026-07-07,12813002,Round of 16,USA v Belgium,Belgium,USA,Charles De Ketelaere,0.77415704727173,0.98865324258804,3.3,49.9,goal,regular,open_play,right-foot,9,goal
2026-07-07,12813002,Round of 16,USA v Belgium,Belgium,USA,Youri Tielemans,0.28908085823059,0.0,8.1,55.3,miss,,open_play,right-foot,8,missed
2026-07-07,12813002,Round of 16,USA v Belgium,Belgium,USA,Charles De Ketelaere,0.022207563742995,0.018579341471195,10.7,54.6,save,,corner,head,2,saved
2026-07-07,12813002,Round of 16,USA v Belgium,Belgium,USA,Timothy Castagne,0.027352819219232,0.30707189440727,25.7,54.8,save,,set_piece,right-foot,1,saved
2026-07-07,12813002,Round of 16,USA v Belgium,Belgium,USA,Youri Tielemans,0.051432501524687,0.0,19.1,49.5,block,,set_piece,left-foot,1,blocked
2026-07-07,12813002,Round of 16,USA v Belgium,Belgium,USA,Leandro Trossard,0.022850401699543,0.0,20.1,40.9,block,,open_play,left-foot,1,blocked
2026-07-07,12812993,Round of 16,Argentina v Egypt,Argentina,Egypt,Enzo Fernández,0.17076154053211,0.76038682460785,8.2,45.2,goal,regular,fast_break,head,90,goal
2026-07-07,12812993,Round of 16,Argentina v Egypt,Egypt,Argentina,Mahmoud Trézéguet,0.086141772568226,0.0,8.1,46.6,miss,,open_play,head,90,missed
2026-07-07,12812993,Round of 16,Argentina v Egypt,Argentina,Egypt,Lionel Messi,0.069513827562332,0.11617365479469,10.5,55.2,goal,regular,open_play,left-foot,83,goal
2026-07-07,12812993,Round of 16,Argentina v Egypt,Argentina,Egypt,Lautaro Martínez,0.1619515568018,0.0,4.8,56.4,miss,,open_play,head,82,missed
2026-07-07,12812993,Round of 16,Argentina v Egypt,Argentina,Egypt,Cristian Romero,0.35052248835564,0.45843121409416,7.6,52.4,goal,regular,open_play,head,79,goal
2026-07-07,12812993,Round of 16,Argentina v Egypt,Argentina,Egypt,Lionel Messi,0.069596812129021,0.0,11.4,51.3,block,,open_play,right-foot,78,blocked
2026-07-07,12812993,Round of 16,Argentina v Egypt,Egypt,Argentina,Mahmoud Trézéguet,0.03659588471055,0.0,5.4,29.5,miss,,open_play,right-foot,77,missed
2026-07-07,12812993,Round of 16,Argentina v Egypt,Argentina,Egypt,Lautaro Martínez,0.13080030679703,0.0,8.2,52.1,miss,,open_play,right-foot,75,missed
2026-07-07,12812993,Round of 16,Argentina v Egypt,Argentina,Egypt,Lautaro Martínez,0.13917776942253,0.0,8.6,42.4,block,,set_piece,left-foot,74,blocked
2026-07-07,12812993,Round of 16,Argentina v Egypt,Argentina,Egypt,Lisandro Martínez,0.019404180347919,0.0,24.7,43.5,miss,,open_play,left-foot,70,missed
2026-07-07,12812993,Round of 16,Argentina v Egypt,Egypt,Argentina,Mostafa Ziko,0.64400100708008,0.46935266256332,7.7,51.2,goal,regular,fast_break,right-foot,67,goal
2026-07-07,12812993,Round of 16,Argentina v Egypt,Argentina,Egypt,Alexis Mac Allister,0.10302938520908,0.0,4.6,41.5,miss,,set_piece,head,61,missed
2026-07-07,12812993,Round of 16,Argentina v Egypt,Argentina,Egypt,Leandro Paredes,0.012671063654125,0.0,27.1,72.2,block,,open_play,right-foot,58,blocked
2026-07-07,12812993,Round of 16,Argentina v Egypt,Argentina,Egypt,Leandro Paredes,0.014652601443231,0.0,24.3,75.4,miss,,set_piece,right-foot,53,missed
2026-07-07,12812993,Round of 16,Argentina v Egypt,Argentina,Egypt,Rodrigo De Paul,0.038346897810698,0.096163436770439,19.4,62.4,save,,open_play,right-foot,47,saved
2026-07-07,12812993,Round of 16,Argentina v Egypt,Argentina,Egypt,Julián Alvarez,0.046238731592894,0.0,22.9,39.9,miss,,open_play,right-foot,43,missed
2026-07-07,12812993,Round of 16,Argentina v Egypt,Argentina,Egypt,Julián Alvarez,0.26208075881004,0.22878482937813,10.5,46.6,save,,open_play,left-foot,39,saved
2026-07-07,12812993,Round of 16,Argentina v Egypt,Argentina,Egypt,Lionel Messi,0.045597553253174,0.0,19.4,62.0,miss,,open_play,left-foot,38,missed
2026-07-07,12812993,Round of 16,Argentina v Egypt,Egypt,Argentina,Karim Hafez,0.016206953674555,0.0,31.2,39.5,miss,,open_play,right-foot,35,missed
2026-07-07,12812993,Round of 16,Argentina v Egypt,Argentina,Egypt,Lionel Messi,0.034802205860615,0.0,28.4,44.2,post,,free_kick,left-foot,31,post
2026-07-07,12812993,Round of 16,Argentina v Egypt,Argentina,Egypt,Enzo Fernández,0.08202338218689,0.0,18.3,52.6,block,,open_play,left-foot,29,blocked
2026-07-07,12812993,Round of 16,Argentina v Egypt,Argentina,Egypt,Alexis Mac Allister,0.3036698102951,0.36175143718719,7.7,49.9,save,,open_play,head,28,saved
2026-07-07,12812993,Round of 16,Argentina v Egypt,Argentina,Egypt,Lionel Messi,0.7884,0.6392257809639,11.5,50.0,save,,penalty,left-foot,21,saved
2026-07-07,12812993,Round of 16,Argentina v Egypt,Egypt,Argentina,Yasser Ibrahim,0.10317593812943,0.74540597200394,6.8,46.2,goal,regular,corner,head,15,goal
2026-07-07,12812991,Round of 16,Switzerland v Colombia,Switzerland,Colombia,Rubén Vargas,0.7884,0.61027657985687,11.5,50.0,goal,penalty,shootout,right-foot,131,goal
2026-07-07,12812991,Round of 16,Switzerland v Colombia,Colombia,Switzerland,Luis Díaz,0.7884,0.79970133304596,11.5,50.0,goal,penalty,shootout,right-foot,130,goal
2026-07-07,12812991,Round of 16,Switzerland v Colombia,Switzerland,Colombia,Cédric Itten,0.7884,0.9306053519249,11.5,50.0,goal,penalty,shootout,right-foot,129,goal
2026-07-07,12812991,Round of 16,Switzerland v Colombia,Colombia,Switzerland,Cucho Hernández,0.7884,0.67336481809616,11.5,50.0,save,,shootout,right-foot,128,saved
2026-07-07,12812991,Round of 16,Switzerland v Colombia,Switzerland,Colombia,Manuel Akanji,0.7884,0.0,11.5,50.0,miss,,shootout,right-foot,127,missed
2026-07-07,12812991,Round of 16,Switzerland v Colombia,Colombia,Switzerland,Jaminton Campaz,0.7884,0.75863182544708,11.5,50.0,goal,penalty,shootout,left-foot,126,goal
2026-07-07,12812991,Round of 16,Switzerland v Colombia,Switzerland,Colombia,Zeki Amdouni,0.7884,0.63289827108383,11.5,50.0,goal,penalty,shootout,right-foot,125,goal
2026-07-07,12812991,Round of 16,Switzerland v Colombia,Colombia,Switzerland,Davinson Sánchez,0.7884,0.0,11.5,50.0,post,,shootout,right-foot,124,post
2026-07-07,12812991,Round of 16,Switzerland v Colombia,Switzerland,Colombia,Granit Xhaka,0.7884,0.98518651723862,11.5,50.0,goal,penalty,shootout,left-foot,123,goal
2026-07-07,12812991,Round of 16,Switzerland v Colombia,Colombia,Switzerland,Juan Fernando Quintero,0.7884,0.68320989608765,11.5,50.0,goal,penalty,shootout,left-foot,122,goal
2026-07-07,12812991,Round of 16,Switzerland v Colombia,Colombia,Switzerland,Cucho Hernández,0.066209651529789,0.0,9.2,45.2,miss,,set_piece,head,117,missed
2026-07-07,12812991,Round of 16,Switzerland v Colombia,Colombia,Switzerland,Jaminton Campaz,0.34579986333847,0.0,7.9,66.0,miss,,open_play,left-foot,115,missed
2026-07-07,12812991,Round of 16,Switzerland v Colombia,Switzerland,Colombia,Granit Xhaka,0.044621668756008,0.0,18.7,34.0,miss,,open_play,left-foot,114,missed
2026-07-07,12812991,Round of 16,Switzerland v Colombia,Colombia,Switzerland,Juan Fernando Quintero,0.020267592743039,0.0,21.4,69.9,miss,,open_play,left-foot,112,missed
2026-07-07,12812991,Round of 16,Switzerland v Colombia,Colombia,Switzerland,Luis Díaz,0.08095345646143,0.0,12.0,37.4,block,,open_play,right-foot,105,blocked
2026-07-07,12812991,Round of 16,Switzerland v Colombia,Colombia,Switzerland,Jaminton Campaz,0.015353715978563,0.067771025002003,29.6,73.0,save,,open_play,left-foot,101,saved
2026-07-07,12812991,Round of 16,Switzerland v Colombia,Colombia,Switzerland,Richard Ríos,0.018365511670709,0.0,30.1,46.0,miss,,open_play,right-foot,100,missed
2026-07-07,12812991,Round of 16,Switzerland v Colombia,Colombia,Switzerland,Jhon Lucumí,0.10283382982016,0.0,8.0,47.5,post,,corner,head,99,post
2026-07-07,12812991,Round of 16,Switzerland v Colombia,Colombia,Switzerland,Davinson Sánchez,0.051359158009291,0.0,8.6,63.6,miss,,set_piece,right-foot,93,missed
2026-07-07,12812991,Round of 16,Switzerland v Colombia,Switzerland,Colombia,Dan Ndoye,0.024968389421701,0.0,5.1,70.3,miss,,open_play,right-foot,90,missed
2026-07-07,12812991,Round of 16,Switzerland v Colombia,Colombia,Switzerland,Luis Javier Suárez,0.063003353774548,0.0,19.7,51.4,miss,,open_play,right-foot,63,missed
2026-07-07,12812991,Round of 16,Switzerland v Colombia,Switzerland,Colombia,Fabian Rieder,0.019355328753591,0.0,20.9,28.6,block,,open_play,left-foot,61,blocked
2026-07-07,12812991,Round of 16,Switzerland v Colombia,Colombia,Switzerland,Luis Díaz,0.077817156910896,0.41112607717514,14.4,38.8,save,,open_play,left-foot,60,saved
2026-07-07,12812991,Round of 16,Switzerland v Colombia,Switzerland,Colombia,Fabian Rieder,0.050679113715887,0.0,21.2,29.5,miss,,free_kick,left-foot,53,missed
2026-07-07,12812991,Round of 16,Switzerland v Colombia,Switzerland,Colombia,Djibril Sow,0.18507552146912,0.0,12.9,54.2,miss,,open_play,left-foot,47,missed
2026-07-07,12812991,Round of 16,Switzerland v Colombia,Colombia,Switzerland,Gustavo Puerta,0.048299968242645,0.0,20.1,45.4,miss,,open_play,right-foot,39,missed
2026-07-07,12812991,Round of 16,Switzerland v Colombia,Colombia,Switzerland,Luis Javier Suárez,0.035011015832424,0.0,19.8,45.4,block,,open_play,right-foot,39,blocked
2026-07-07,12812991,Round of 16,Switzerland v Colombia,Colombia,Switzerland,Luis Díaz,0.060268182307482,0.0,12.0,34.2,block,,open_play,right-foot,33,blocked
2026-07-07,12812991,Round of 16,Switzerland v Colombia,Switzerland,Colombia,Dan Ndoye,0.028476644307375,0.033342018723488,11.6,26.8,save,,open_play,left-foot,32,saved
2026-07-07,12812991,Round of 16,Switzerland v Colombia,Switzerland,Colombia,Fabian Rieder,0.036075964570045,0.054776545614004,10.7,31.9,save,,open_play,left-foot,30,saved
2026-07-07,12812991,Round of 16,Switzerland v Colombia,Colombia,Switzerland,Gustavo Puerta,0.054904200136662,0.36824578046799,16.3,36.0,save,,open_play,right-foot,21,saved
2026-07-07,12812991,Round of 16,Switzerland v Colombia,Colombia,Switzerland,Jhon Arias,0.047535557299852,0.0,12.0,40.9,block,,set_piece,right-foot,2,blocked
2026-07-09,12813016,Quarterfinals,France v Morocco,France,Morocco,Michael Olise,0.040872756391764,0.0,22.6,39.9,miss,,open_play,left-foot,90,missed
2026-07-09,12813016,Quarterfinals,France v Morocco,Morocco,France,Gessime Yassine,0.015603241510689,0.0,43.9,74.0,miss,,open_play,left-foot,90,missed
2026-07-09,12813016,Quarterfinals,France v Morocco,France,Morocco,Jean-Philippe Mateta,0.26461309194565,0.1840813010931,15.4,54.2,save,,open_play,left-foot,90,saved
2026-07-09,12813016,Quarterfinals,France v Morocco,France,Morocco,Jean-Philippe Mateta,0.64689040184021,0.0,4.2,51.8,miss,,corner,head,88,missed
2026-07-09,12813016,Quarterfinals,France v Morocco,France,Morocco,Bradley Barcola,0.049139376729727,0.15096242725849,10.1,29.1,save,,fast_break,right-foot,88,saved
2026-07-09,12813016,Quarterfinals,France v Morocco,France,Morocco,Michael Olise,0.10486026108265,0.0,12.2,63.8,miss,,fast_break,left-foot,86,missed
2026-07-09,12813016,Quarterfinals,France v Morocco,Morocco,France,Neil El Aynaoui,0.03005718998611,0.0,4.9,37.8,miss,,corner,head,84,missed
2026-07-09,12813016,Quarterfinals,France v Morocco,Morocco,France,Azzedine Ounahi,0.019168816506863,0.037754449993372,24.3,43.0,save,,set_piece,right-foot,83,saved
2026-07-09,12813016,Quarterfinals,France v Morocco,France,Morocco,Ousmane Dembélé,0.11944673955441,0.52484899759293,19.6,50.8,goal,regular,open_play,right-foot,66,goal
2026-07-09,12813016,Quarterfinals,France v Morocco,France,Morocco,Kylian Mbappé,0.050547856837511,0.60969811677933,15.5,34.6,goal,regular,open_play,right-foot,60,goal
2026-07-09,12813016,Quarterfinals,France v Morocco,France,Morocco,Kylian Mbappé,0.47796651721001,0.0,11.4,43.0,miss,,open_play,right-foot,56,missed
2026-07-09,12813016,Quarterfinals,France v Morocco,France,Morocco,Désiré Doué,0.018876420333982,0.039540145546198,18.2,24.2,save,,open_play,right-foot,55,saved
2026-07-09,12813016,Quarterfinals,France v Morocco,Morocco,France,Brahim Díaz,0.03509858995676,0.0,19.6,54.1,block,,open_play,right-foot,48,blocked
2026-07-09,12813016,Quarterfinals,France v Morocco,Morocco,France,Achraf Hakimi,0.043598342686892,0.0,20.4,73.9,miss,,free_kick,right-foot,45,missed
2026-07-09,12813016,Quarterfinals,France v Morocco,France,Morocco,Lucas Digne,0.016049556434155,0.0,24.6,29.5,post,,open_play,left-foot,45,post
2026-07-09,12813016,Quarterfinals,France v Morocco,France,Morocco,Michael Olise,0.027150416746736,0.0,22.2,55.6,block,,open_play,left-foot,45,blocked
2026-07-09,12813016,Quarterfinals,France v Morocco,France,Morocco,Manu Koné,0.041673112660646,0.0,23.4,63.0,block,,open_play,right-foot,45,blocked
2026-07-09,12813016,Quarterfinals,France v Morocco,France,Morocco,Jules Koundé,0.043613970279694,0.0,9.8,49.5,block,,corner,head,36,blocked
2026-07-09,12813016,Quarterfinals,France v Morocco,France,Morocco,Désiré Doué,0.32750809192657,0.18502226471901,13.5,46.2,save,,open_play,right-foot,35,saved
2026-07-09,12813016,Quarterfinals,France v Morocco,France,Morocco,Ousmane Dembélé,0.035544399172068,0.0,19.1,67.0,miss,,open_play,left-foot,33,missed
2026-07-09,12813016,Quarterfinals,France v Morocco,France,Morocco,Kylian Mbappé,0.7884,0.74667394161224,11.5,50.0,save,,penalty,right-foot,28,saved
2026-07-09,12813016,Quarterfinals,France v Morocco,France,Morocco,Adrien Rabiot,0.051446590572596,0.0,8.5,46.0,miss,,corner,head,21,missed
2026-07-09,12813016,Quarterfinals,France v Morocco,France,Morocco,Ousmane Dembélé,0.019355328753591,0.0,20.3,72.0,block,,open_play,left-foot,20,blocked
2026-07-09,12813016,Quarterfinals,France v Morocco,France,Morocco,Ousmane Dembélé,0.072404481470585,0.0,8.9,53.8,miss,,open_play,head,18,missed
2026-07-09,12813016,Quarterfinals,France v Morocco,France,Morocco,Désiré Doué,0.023947089910507,0.0,19.8,30.1,block,,open_play,right-foot,10,blocked
2026-07-09,12813016,Quarterfinals,France v Morocco,France,Morocco,Dayot Upamecano,0.44410985708237,0.44012388586998,4.5,53.4,save,,corner,head,4,saved
2026-07-09,12813016,Quarterfinals,France v Morocco,France,Morocco,Kylian Mbappé,0.021562745794654,0.0,22.2,33.0,miss,,open_play,right-foot,4,missed
2026-07-10,12812994,Quarterfinals,Spain v Belgium,Spain,Belgium,Marc Cucurella,0.045283559709787,0.054766349494457,21.8,33.3,save,,open_play,left-foot,90,saved
2026-07-10,12812994,Quarterfinals,Spain v Belgium,Spain,Belgium,Mikel Merino,0.69233369827271,0.95890080928802,4.8,48.1,goal,regular,open_play,left-foot,88,goal
2026-07-10,12812994,Quarterfinals,Spain v Belgium,Spain,Belgium,Pau Cubarsí,0.030474355444312,0.098728246986866,27.2,62.8,save,,open_play,right-foot,88,saved
2026-07-10,12812994,Quarterfinals,Spain v Belgium,Belgium,Spain,Kevin De Bruyne,0.041162304580212,0.0,40.0,31.5,block,,open_play,left-foot,84,blocked
2026-07-10,12812994,Quarterfinals,Spain v Belgium,Spain,Belgium,Lamine Yamal,0.017329499125481,0.0,13.9,73.6,block,,open_play,left-foot,74,blocked
2026-07-10,12812994,Quarterfinals,Spain v Belgium,Spain,Belgium,Mikel Oyarzabal,0.069188944995403,0.33875265717506,4.0,62.8,save,,open_play,right-foot,62,saved
2026-07-10,12812994,Quarterfinals,Spain v Belgium,Belgium,Spain,Kevin De Bruyne,0.085937805473804,0.13800051808357,15.6,43.4,save,,fast_break,right-foot,62,saved
2026-07-10,12812994,Quarterfinals,Spain v Belgium,Spain,Belgium,Lamine Yamal,0.018977290019393,0.046115890145302,18.9,73.2,save,,open_play,left-foot,61,saved
2026-07-10,12812994,Quarterfinals,Spain v Belgium,Belgium,Spain,Maxim De Cuyper,0.049605846405029,0.0,9.2,31.7,miss,,open_play,left-foot,55,missed
2026-07-10,12812994,Quarterfinals,Spain v Belgium,Spain,Belgium,Dani Olmo,0.030170893296599,0.0,19.8,39.7,miss,,corner,right-foot,53,missed
2026-07-10,12812994,Quarterfinals,Spain v Belgium,Spain,Belgium,Lamine Yamal,0.079926013946533,0.0,15.5,44.0,block,,open_play,left-foot,52,blocked
2026-07-10,12812994,Quarterfinals,Spain v Belgium,Spain,Belgium,Fabián Ruiz,0.025599870830774,0.0,15.0,58.3,block,,corner,left-foot,45,blocked
2026-07-10,12812994,Quarterfinals,Spain v Belgium,Spain,Belgium,Pedro Porro,0.034890726208687,0.0,18.5,67.5,miss,,open_play,left-foot,45,missed
2026-07-10,12812994,Quarterfinals,Spain v Belgium,Belgium,Spain,Charles De Ketelaere,0.13474687933922,0.24477866292,7.3,52.8,goal,regular,open_play,head,41,goal
2026-07-10,12812994,Quarterfinals,Spain v Belgium,Spain,Belgium,Lamine Yamal,0.019931871443987,0.0,14.1,69.9,miss,,open_play,left-foot,40,missed
2026-07-10,12812994,Quarterfinals,Spain v Belgium,Spain,Belgium,Lamine Yamal,0.081494823098183,0.13107998669147,20.9,60.7,save,,free_kick,left-foot,35,saved
2026-07-10,12812994,Quarterfinals,Spain v Belgium,Spain,Belgium,Fabián Ruiz,0.44747859239578,0.80252772569656,7.0,47.2,goal,regular,open_play,right-foot,30,goal
2026-07-10,12812994,Quarterfinals,Spain v Belgium,Spain,Belgium,Dani Olmo,0.21846188604832,0.46496775746346,12.7,57.1,save,,open_play,right-foot,30,saved
2026-07-10,12812994,Quarterfinals,Spain v Belgium,Spain,Belgium,Lamine Yamal,0.035011015832424,0.0,19.5,55.2,miss,,open_play,left-foot,21,missed
2026-07-10,12812994,Quarterfinals,Spain v Belgium,Belgium,Spain,Charles De Ketelaere,0.032986380159855,0.0,15.3,67.3,block,,fast_break,left-foot,15,blocked
2026-07-10,12812994,Quarterfinals,Spain v Belgium,Spain,Belgium,Alex Baena,0.10381326824427,0.0,13.3,57.7,block,,open_play,right-foot,13,blocked
2026-07-10,12812994,Quarterfinals,Spain v Belgium,Spain,Belgium,Rodri,0.12862095236778,0.0,11.0,54.2,block,,set_piece,right-foot,10,blocked
2026-07-11,12813017,Quarterfinals,Norway v England,Norway,England,Oscar Bobb,0.04271624237299,0.0,13.3,52.6,miss,,corner,left-foot,114,missed
2026-07-11,12813017,Quarterfinals,Norway v England,Norway,England,Antonio Nusa,0.014634354971349,0.0,10.0,26.2,block,,open_play,right-foot,114,blocked
2026-07-11,12813017,Quarterfinals,Norway v England,England,Norway,Bukayo Saka,0.060728576034307,0.28751361370087,4.9,67.5,save,,open_play,right-foot,110,saved
2026-07-11,12813017,Quarterfinals,Norway v England,England,Norway,Djed Spence,0.10965148359537,0.58265173435211,18.7,53.6,save,,open_play,right-foot,110,saved
2026-07-11,12813017,Quarterfinals,Norway v England,England,Norway,Bukayo Saka,0.085722826421261,0.15605300664902,9.4,69.7,save,,fast_break,left-foot,110,saved
2026-07-11,12813017,Quarterfinals,Norway v England,Norway,England,Patrick Berg,0.027391869574785,0.0,18.4,63.0,miss,,open_play,right-foot,109,missed
2026-07-11,12813017,Quarterfinals,Norway v England,England,Norway,Jude Bellingham,0.050534393638372,0.0,22.3,62.8,miss,,open_play,right-foot,105,missed
2026-07-11,12813017,Quarterfinals,Norway v England,Norway,England,Antonio Nusa,0.078825905919075,0.0,17.5,57.7,block,,open_play,left-foot,104,blocked
2026-07-11,12813017,Quarterfinals,Norway v England,England,Norway,Jude Bellingham,0.4425562620163,0.95643389225006,7.4,49.2,goal,regular,corner,right-foot,93,goal
2026-07-11,12813017,Quarterfinals,Norway v England,England,Norway,Morgan Rogers,0.02005316503346,0.042856752872467,28.8,47.8,save,,corner,right-foot,93,saved
2026-07-11,12813017,Quarterfinals,Norway v England,England,Norway,Harry Kane,0.013053443282843,0.20623721182346,3.0,32.8,save,,corner,head,93,saved
2026-07-11,12813017,Quarterfinals,Norway v England,England,Norway,Jude Bellingham,0.028054296970367,0.0,11.7,56.4,miss,,open_play,head,90,missed
2026-07-11,12813017,Quarterfinals,Norway v England,Norway,England,Antonio Nusa,0.031952608376741,0.070147410035133,12.5,28.0,save,,open_play,right-foot,85,saved
2026-07-11,12813017,Quarterfinals,Norway v England,Norway,England,Kristoffer Ajer,0.093827947974205,0.0,7.9,49.8,post,,corner,head,76,post
2026-07-11,12813017,Quarterfinals,Norway v England,Norway,England,Fredrik Aursnes,0.020735938102007,0.0,13.3,68.7,miss,,corner,right-foot,76,missed
2026-07-11,12813017,Quarterfinals,Norway v England,Norway,England,Erling Haaland,0.027703247964382,0.0,11.1,45.6,miss,,corner,head,53,missed
2026-07-11,12813017,Quarterfinals,Norway v England,England,Norway,Bukayo Saka,0.031078819185495,0.0,11.5,73.5,block,,open_play,left-foot,52,blocked
2026-07-11,12813017,Quarterfinals,Norway v England,England,Norway,Eberechi Eze,0.031312540173531,0.0,26.5,30.9,block,,free_kick,right-foot,48,blocked
2026-07-11,12813017,Quarterfinals,Norway v England,England,Norway,Harry Kane,0.027439968660474,0.24079538881779,27.7,45.8,save,,open_play,right-foot,45,saved
2026-07-11,12813017,Quarterfinals,Norway v England,England,Norway,Jude Bellingham,0.061407007277012,0.16288007795811,7.4,36.0,goal,regular,open_play,left-foot,45,goal
2026-07-11,12813017,Quarterfinals,Norway v England,England,Norway,Jude Bellingham,0.031230814754963,0.0,12.5,60.6,block,,corner,right-foot,45,blocked
2026-07-11,12813017,Quarterfinals,Norway v England,Norway,England,Alexander Sørloth,0.18907979130745,0.0,15.1,53.9,block,,fast_break,left-foot,44,blocked
2026-07-11,12813017,Quarterfinals,Norway v England,Norway,England,Martin Ødegaard,0.028544906526804,0.076111279428005,19.7,76.7,save,,open_play,left-foot,40,saved
2026-07-11,12813017,Quarterfinals,Norway v England,Norway,England,Alexander Sørloth,0.013391016051173,0.0,14.4,63.9,miss,,set_piece,left-foot,39,missed
2026-07-11,12813017,Quarterfinals,Norway v England,Norway,England,Andreas Schjelderup,0.023659355938435,0.42651143670082,12.0,23.7,goal,regular,open_play,left-foot,36,goal
2026-07-11,12813017,Quarterfinals,Norway v England,Norway,England,Erling Haaland,0.08342981338501,0.061907090246677,7.9,45.4,save,,open_play,head,35,saved
2026-07-11,12813017,Quarterfinals,Norway v England,England,Norway,Harry Kane,0.06372382491827,0.0,22.8,61.4,miss,,free_kick,right-foot,29,missed
2026-07-12,12813015,Quarterfinals,Argentina v Switzerland,Argentina,Switzerland,Lautaro Martínez,0.28118509054184,0.85621672868729,14.7,49.9,goal,regular,fast_break,right-foot,120,goal
2026-07-12,12813015,Quarterfinals,Argentina v Switzerland,Argentina,Switzerland,Thiago Almada,0.26116171479225,0.47779688239098,8.9,47.4,save,,fast_break,right-foot,120,saved
2026-07-12,12813015,Quarterfinals,Argentina v Switzerland,Argentina,Switzerland,Lionel Messi,0.10396744310856,0.0,12.9,63.4,block,,fast_break,left-foot,119,blocked
2026-07-12,12813015,Quarterfinals,Argentina v Switzerland,Argentina,Switzerland,Julián Alvarez,0.030631545931101,0.60799366235733,21.8,31.3,goal,regular,open_play,right-foot,112,goal
2026-07-12,12813015,Quarterfinals,Argentina v Switzerland,Argentina,Switzerland,Lionel Messi,0.073078982532024,0.14945144951344,18.8,53.8,save,,open_play,left-foot,112,saved
2026-07-12,12813015,Quarterfinals,Argentina v Switzerland,Argentina,Switzerland,Cristian Romero,0.0401396676898,0.0,9.7,47.0,miss,,corner,head,105,missed
2026-07-12,12813015,Quarterfinals,Argentina v Switzerland,Argentina,Switzerland,Lisandro Martínez,0.041970819234848,0.0,22.5,45.8,block,,open_play,right-foot,105,blocked
2026-07-12,12813015,Quarterfinals,Argentina v Switzerland,Switzerland,Argentina,Ardon Jashari,0.014933394268155,0.0,27.3,55.0,miss,,open_play,left-foot,105,missed
2026-07-12,12813015,Quarterfinals,Argentina v Switzerland,Argentina,Switzerland,Lionel Messi,0.035466499626637,0.0,27.8,58.2,block,,free_kick,left-foot,103,blocked
2026-07-12,12813015,Quarterfinals,Argentina v Switzerland,Switzerland,Argentina,Granit Xhaka,0.019117945805192,0.0,25.6,34.2,miss,,open_play,left-foot,99,missed
2026-07-12,12813015,Quarterfinals,Argentina v Switzerland,Argentina,Switzerland,Thiago Almada,0.017907656729221,0.0,20.9,35.1,post,,open_play,right-foot,95,post
2026-07-12,12813015,Quarterfinals,Argentina v Switzerland,Argentina,Switzerland,Thiago Almada,0.061513334512711,0.036169979721308,12.9,36.8,save,,open_play,right-foot,93,saved
2026-07-12,12813015,Quarterfinals,Argentina v Switzerland,Argentina,Switzerland,Julián Alvarez,0.015956209972501,0.0,28.1,35.4,miss,,corner,right-foot,92,missed
2026-07-12,12813015,Quarterfinals,Argentina v Switzerland,Argentina,Switzerland,Nicolás González,0.11234087496996,0.0,11.9,38.8,block,,open_play,left-foot,91,blocked
2026-07-12,12813015,Quarterfinals,Argentina v Switzerland,Argentina,Switzerland,Lautaro Martínez,0.054615914821625,0.0,13.6,58.2,block,,open_play,right-foot,91,blocked
2026-07-12,12813015,Quarterfinals,Argentina v Switzerland,Argentina,Switzerland,Lisandro Martínez,0.077358692884445,0.73891055583954,13.5,54.6,save,,corner,left-foot,90,saved
2026-07-12,12813015,Quarterfinals,Argentina v Switzerland,Argentina,Switzerland,Nicolás González,0.014258189126849,0.0,10.5,25.0,miss,,open_play,left-foot,90,missed
2026-07-12,12813015,Quarterfinals,Argentina v Switzerland,Argentina,Switzerland,Lionel Messi,0.036224760115147,0.0,21.2,43.6,miss,,corner,right-foot,90,missed
2026-07-12,12813015,Quarterfinals,Argentina v Switzerland,Argentina,Switzerland,Alexis Mac Allister,0.37616249918938,0.0,4.3,48.1,miss,,open_play,head,89,missed
2026-07-12,12813015,Quarterfinals,Argentina v Switzerland,Switzerland,Argentina,Dan Ndoye,0.14005701243877,0.17521665990353,3.9,33.8,goal,regular,open_play,right-foot,67,goal
2026-07-12,12813015,Quarterfinals,Argentina v Switzerland,Switzerland,Argentina,Granit Xhaka,0.016145758330822,0.11615077406168,30.9,65.2,save,,open_play,left-foot,66,saved
2026-07-12,12813015,Quarterfinals,Argentina v Switzerland,Switzerland,Argentina,Dan Ndoye,0.027833653613925,0.10876622051001,9.2,39.9,save,,open_play,head,65,saved
2026-07-12,12813015,Quarterfinals,Argentina v Switzerland,Switzerland,Argentina,Breel Embolo,0.077799737453461,0.61201077699661,8.6,49.7,save,,open_play,head,60,saved
2026-07-12,12813015,Quarterfinals,Argentina v Switzerland,Switzerland,Argentina,Dan Ndoye,0.047225128859282,0.0,11.1,36.0,block,,open_play,right-foot,55,blocked
2026-07-12,12813015,Quarterfinals,Argentina v Switzerland,Argentina,Switzerland,Julián Alvarez,0.052155405282974,0.0,20.2,34.9,block,,open_play,left-foot,52,blocked
2026-07-12,12813015,Quarterfinals,Argentina v Switzerland,Argentina,Switzerland,Nahuel Molina,0.048463877290487,0.0,22.9,71.6,miss,,open_play,right-foot,50,missed
2026-07-12,12813015,Quarterfinals,Argentina v Switzerland,Switzerland,Argentina,Fabian Rieder,0.062806524336338,0.0,23.5,48.3,block,,open_play,left-foot,47,blocked
2026-07-12,12813015,Quarterfinals,Argentina v Switzerland,Switzerland,Argentina,Djibril Sow,0.026703588664532,0.008829802274704,24.8,52.1,save,,open_play,right-foot,20,saved
2026-07-12,12813015,Quarterfinals,Argentina v Switzerland,Argentina,Switzerland,Alexis Mac Allister,0.14413025975227,0.78148078918457,5.0,44.1,goal,regular,corner,head,10,goal
2026-07-12,12813015,Quarterfinals,Argentina v Switzerland,Argentina,Switzerland,Alexis Mac Allister,0.075417272746563,0.0,4.2,59.4,miss,,corner,head,9,missed
2026-07-12,12813015,Quarterfinals,Argentina v Switzerland,Argentina,Switzerland,Alexis Mac Allister,0.056546736508608,0.0,19.1,60.3,block,,open_play,right-foot,9,blocked
2026-07-12,12813015,Quarterfinals,Argentina v Switzerland,Switzerland,Argentina,Granit Xhaka,0.01519566308707,0.0,22.9,36.6,miss,,open_play,left-foot,7,missed
2026-07-12,12813015,Quarterfinals,Argentina v Switzerland,Switzerland,Argentina,Denis Zakaria,0.018475757911801,0.0,14.3,73.2,block,,open_play,right-foot,1,blocked
2026-07-14,12813008,Semifinals,France v Spain,France,Spain,Kylian Mbappé,0.017897360026836,0.0,22.9,29.1,miss,,open_play,right-foot,90,missed
2026-07-14,12813008,Semifinals,France v Spain,France,Spain,Ousmane Dembélé,0.032036002725363,0.020981473848224,11.9,72.6,save,,open_play,right-foot,90,saved
2026-07-14,12813008,Semifinals,France v Spain,France,Spain,Ousmane Dembélé,0.025294041261077,0.03544807061553,9.8,69.7,save,,open_play,left-foot,90,saved
2026-07-14,12813008,Semifinals,France v Spain,Spain,France,Nico Williams,0.026262396946549,0.0,4.5,29.5,miss,,open_play,left-foot,90,missed
2026-07-14,12813008,Semifinals,France v Spain,France,Spain,Kylian Mbappé,0.043997071683407,0.0,18.6,25.1,miss,,free_kick,right-foot,89,missed
2026-07-14,12813008,Semifinals,France v Spain,France,Spain,Désiré Doué,0.024121278896928,0.014245007187128,23.8,28.5,save,,open_play,right-foot,81,saved
2026-07-14,12813008,Semifinals,France v Spain,Spain,France,Ferran Torres,0.062194507569075,0.0,9.5,48.1,miss,,open_play,head,78,missed
2026-07-14,12813008,Semifinals,France v Spain,France,Spain,Désiré Doué,0.033152248710394,0.0,19.9,36.4,block,,corner,right-foot,68,blocked
2026-07-14,12813008,Semifinals,France v Spain,France,Spain,Kylian Mbappé,0.026229007169604,0.0,16.9,64.6,block,,open_play,right-foot,67,blocked
2026-07-14,12813008,Semifinals,France v Spain,France,Spain,Aurélien Tchouaméni,0.062760174274445,0.0,6.1,40.3,miss,,corner,right-foot,65,missed
2026-07-14,12813008,Semifinals,France v Spain,Spain,France,Pedro Porro,0.52183920145035,0.60880929231644,11.2,57.3,goal,regular,open_play,right-foot,58,goal
2026-07-14,12813008,Semifinals,France v Spain,Spain,France,Alex Baena,0.01924816891551,0.0,19.2,25.6,block,,open_play,right-foot,58,blocked
2026-07-14,12813008,Semifinals,France v Spain,Spain,France,Mikel Oyarzabal,0.020277179777622,0.0,21.6,30.5,miss,,open_play,left-foot,52,missed
2026-07-14,12813008,Semifinals,France v Spain,Spain,France,Fabián Ruiz,0.11652245372534,0.0,8.9,55.1,block,,open_play,left-foot,38,blocked
2026-07-14,12813008,Semifinals,France v Spain,Spain,France,Pedro Porro,0.014115251600742,0.0,26.0,71.6,miss,,open_play,right-foot,37,missed
2026-07-14,12813008,Semifinals,France v Spain,France,Spain,Bradley Barcola,0.03011005744338,0.0,19.7,31.9,miss,,open_play,right-foot,36,missed
2026-07-14,12813008,Semifinals,France v Spain,Spain,France,Dani Olmo,0.014436322264373,0.0,27.3,33.7,miss,,open_play,right-foot,34,missed
2026-07-14,12813008,Semifinals,France v Spain,Spain,France,Mikel Oyarzabal,0.7884,0.96310287714005,11.5,50.0,goal,penalty,penalty,left-foot,22,goal
2026-07-14,12813008,Semifinals,France v Spain,Spain,France,Alex Baena,0.051022928208113,0.0,18.2,70.8,block,,free_kick,right-foot,11,blocked
2026-07-14,12813008,Semifinals,France v Spain,France,Spain,Adrien Rabiot,0.012265191413462,0.0,25.3,52.3,miss,,corner,left-foot,6,missed
2026-07-15,12812996,Semifinals,England v Argentina,Argentina,England,Lautaro Martínez,0.5286825299263,0.97360396385193,3.6,47.2,goal,regular,open_play,head,90,goal
2026-07-15,12812996,Semifinals,England v Argentina,Argentina,England,Alexis Mac Allister,0.080212108790874,0.0,17.9,43.7,block,,open_play,right-foot,90,blocked
2026-07-15,12812996,Semifinals,England v Argentina,Argentina,England,Enzo Fernández,0.035226333886385,0.064282394945621,23.4,58.1,goal,regular,corner,right-foot,85,goal
2026-07-15,12812996,Semifinals,England v Argentina,Argentina,England,Enzo Fernández,0.026600014418364,0.0,27.5,47.9,miss,,open_play,right-foot,85,missed
2026-07-15,12812996,Semifinals,England v Argentina,Argentina,England,Rodrigo De Paul,0.018864382058382,0.0,27.9,50.7,block,,open_play,right-foot,84,blocked
2026-07-15,12812996,Semifinals,England v Argentina,England,Argentina,Morgan Rogers,0.048645999282598,0.0,21.9,38.3,block,,fast_break,right-foot,79,blocked
2026-07-15,12812996,Semifinals,England v Argentina,Argentina,England,Alexis Mac Allister,0.088259242475033,0.044511932879686,9.2,54.5,save,,open_play,head,76,saved
2026-07-15,12812996,Semifinals,England v Argentina,Argentina,England,Julián Alvarez,0.29330831766129,0.0,7.6,54.0,miss,,open_play,left-foot,76,missed
2026-07-15,12812996,Semifinals,England v Argentina,Argentina,England,Alexis Mac Allister,0.25167682766914,0.0,7.5,49.7,post,,open_play,head,76,post
2026-07-15,12812996,Semifinals,England v Argentina,Argentina,England,Nicolás González,0.13997891545296,0.22146497666836,8.3,50.7,save,,corner,head,69,saved
2026-07-15,12812996,Semifinals,England v Argentina,England,Argentina,Harry Kane,0.019673140719533,0.0,27.5,57.5,block,,open_play,right-foot,66,blocked
2026-07-15,12812996,Semifinals,England v Argentina,England,Argentina,Declan Rice,0.022610740736127,0.056823186576366,20.0,73.2,save,,open_play,right-foot,66,saved
2026-07-15,12812996,Semifinals,England v Argentina,Argentina,England,Enzo Fernández,0.016770914196968,0.0,23.8,69.7,miss,,open_play,right-foot,61,missed
2026-07-15,12812996,Semifinals,England v Argentina,England,Argentina,Anthony Gordon,0.38390743732452,0.96594017744064,5.2,47.4,goal,regular,open_play,right-foot,55,goal
2026-07-15,12812996,Semifinals,England v Argentina,Argentina,England,Leandro Paredes,0.017165925353765,0.0,26.3,73.2,miss,,open_play,right-foot,54,missed
2026-07-15,12812996,Semifinals,England v Argentina,Argentina,England,Julián Alvarez,0.055371578782797,0.0,5.2,69.5,miss,,open_play,right-foot,47,missed
2026-07-15,12812996,Semifinals,England v Argentina,Argentina,England,Julián Alvarez,0.088211730122566,0.2363208681345,9.1,67.1,save,,open_play,right-foot,47,saved
2026-07-15,12812996,Semifinals,England v Argentina,Argentina,England,Enzo Fernández,0.014143721200526,0.0,26.9,57.5,miss,,set_piece,right-foot,38,missed
2026-07-15,12812996,Semifinals,England v Argentina,Argentina,England,Lionel Messi,0.0078168101608753,0.0,26.7,41.6,block,,set_piece,left-foot,38,blocked
2026-07-15,12812996,Semifinals,England v Argentina,England,Argentina,John Stones,0.054891433566809,0.0,6.0,59.7,miss,,set_piece,head,33,missed
2026-07-18,12813003,Match for 3rd place,France v England,England,France,Jude Bellingham,0.31135907769203,0.79738193750381,7.1,52.0,goal,regular,fast_break,right-foot,90,goal
2026-07-18,12813003,Match for 3rd place,France v England,France,England,Ousmane Dembélé,0.32487913966179,0.85471171140671,12.3,60.5,goal,regular,fast_break,left-foot,90,goal
2026-07-18,12813003,Match for 3rd place,France v England,France,England,Bradley Barcola,0.024690603837371,0.0,20.7,32.1,block,,open_play,right-foot,90,blocked
2026-07-18,12813003,Match for 3rd place,France v England,England,France,Bukayo Saka,0.7884,0.89640229940414,11.5,50.0,goal,penalty,penalty,left-foot,87,goal
2026-07-18,12813003,Match for 3rd place,France v England,France,England,Kylian Mbappé,0.049621257930994,0.037687476724386,23.8,38.3,save,,open_play,right-foot,84,saved
2026-07-18,12813003,Match for 3rd place,France v England,France,England,Michael Olise,0.18926526606083,0.0,9.7,50.5,miss,,open_play,right-foot,81,missed
2026-07-18,12813003,Match for 3rd place,France v England,England,France,Morgan Rogers,0.067647956311703,0.0,10.7,38.9,block,,open_play,left-foot,80,blocked
2026-07-18,12813003,Match for 3rd place,France v England,England,France,Jude Bellingham,0.12565541267395,0.26985302567482,3.2,41.3,save,,open_play,right-foot,80,saved
2026-07-18,12813003,Match for 3rd place,France v England,France,England,Kylian Mbappé,0.04953046888113,0.0,5.1,33.5,block,,open_play,left-foot,79,blocked
2026-07-18,12813003,Match for 3rd place,France v England,France,England,Michael Olise,0.11687751859426,0.0,14.1,54.4,miss,,open_play,left-foot,75,missed
2026-07-18,12813003,Match for 3rd place,France v England,France,England,Kylian Mbappé,0.15245455503464,0.0,11.9,45.8,miss,,open_play,right-foot,68,missed
2026-07-18,12813003,Match for 3rd place,France v England,France,England,Kylian Mbappé,0.077261507511139,0.61259514093399,14.5,51.7,goal,regular,open_play,left-foot,66,goal
2026-07-18,12813003,Match for 3rd place,France v England,France,England,Dayot Upamecano,0.030378164723516,0.30644023418427,27.5,51.7,save,,open_play,right-foot,65,saved
2026-07-18,12813003,Match for 3rd place,France v England,France,England,Ousmane Dembélé,0.15614606440067,0.14844834804535,11.4,58.7,save,,open_play,left-foot,64,saved
2026-07-18,12813003,Match for 3rd place,France v England,England,France,Eberechi Eze,0.027889991179109,0.0,12.7,33.1,block,,open_play,left-foot,64,blocked
2026-07-18,12813003,Match for 3rd place,France v England,France,England,Michael Olise,0.1176164150238,0.0,18.2,41.3,miss,,open_play,left-foot,61,missed
2026-07-18,12813003,Match for 3rd place,France v England,England,France,Ivan Toney,0.09691459685564,0.41846600174904,7.1,47.9,save,,corner,head,59,saved
2026-07-18,12813003,Match for 3rd place,France v England,France,England,Bradley Barcola,0.38589397072792,0.80302828550339,9.5,45.0,goal,regular,open_play,right-foot,54,goal
2026-07-18,12813003,Match for 3rd place,France v England,England,France,Eberechi Eze,0.028818652033806,0.0,34.1,39.1,miss,,fast_break,left-foot,54,missed
2026-07-18,12813003,Match for 3rd place,France v England,France,England,Adrien Rabiot,0.064852148294449,0.0,15.4,48.9,miss,,open_play,left-foot,51,missed
2026-07-18,12813003,Match for 3rd place,France v England,England,France,Ollie Watkins,0.048319187015295,0.0,11.3,71.8,miss,,open_play,right-foot,50,missed
2026-07-18,12813003,Match for 3rd place,France v England,France,England,Kylian Mbappé,0.62713527679443,0.84931272268295,9.1,44.6,goal,regular,fast_break,left-foot,48,goal
2026-07-18,12813003,Match for 3rd place,France v England,England,France,Ivan Toney,0.015308531932533,0.0,7.4,73.9,block,,open_play,right-foot,45,blocked
2026-07-18,12813003,Match for 3rd place,France v England,England,France,Bukayo Saka,0.094860844314098,0.3447045981884,16.9,46.2,goal,regular,open_play,left-foot,45,goal
2026-07-18,12813003,Match for 3rd place,France v England,England,France,Bukayo Saka,0.32231885194778,0.96356266736984,8.4,34.3,goal,regular,fast_break,left-foot,37,goal
2026-07-18,12813003,Match for 3rd place,France v England,England,France,Bukayo Saka,0.16294056177139,0.0,11.7,35.6,save,,fast_break,left-foot,37,saved
2026-07-18,12813003,Match for 3rd place,France v England,England,France,Marcus Rashford,0.36975753307343,0.24710774421692,13.1,33.5,save,,fast_break,right-foot,37,saved
2026-07-18,12813003,Match for 3rd place,France v England,France,England,Kylian Mbappé,0.39239662885666,0.4355480670929,10.4,43.8,save,,open_play,right-foot,35,saved
2026-07-18,12813003,Match for 3rd place,France v England,England,France,Marcus Rashford,0.022540286183357,0.06244757771492,28.9,49.4,save,,open_play,right-foot,33,saved
2026-07-18,12813003,Match for 3rd place,France v England,France,England,Kylian Mbappé,0.023757629096508,0.0,23.4,26.4,miss,,open_play,right-foot,22,missed
2026-07-18,12813003,Match for 3rd place,France v England,England,France,Ezri Konsa,0.094254344701767,0.69181454181671,7.3,46.2,goal,regular,corner,head,18,goal
2026-07-18,12813003,Match for 3rd place,France v England,England,France,Bukayo Saka,0.12592303752899,0.0,12.3,62.9,block,,fast_break,left-foot,18,blocked
2026-07-18,12813003,Match for 3rd place,France v England,France,England,Warren Zaïre-Emery,0.027396373450756,0.0,25.0,44.6,block,,open_play,left-foot,11,blocked
2026-07-18,12813003,Match for 3rd place,France v England,France,England,Rayan Cherki,0.044712103903294,0.11581122130156,18.2,52.3,save,,open_play,left-foot,11,saved
2026-07-18,12813003,Match for 3rd place,France v England,England,France,Eberechi Eze,0.021832594648004,0.0,12.3,64.6,block,,corner,left-foot,8,blocked
2026-07-18,12813003,Match for 3rd place,France v England,England,France,Marcus Rashford,0.11686296761036,0.0,13.3,40.7,block,,fast_break,right-foot,7,blocked
2026-07-18,12813003,Match for 3rd place,France v England,France,England,Kylian Mbappé,0.025885874405503,0.0,12.0,26.8,block,,open_play,right-foot,5,blocked
2026-07-18,12813003,Match for 3rd place,France v England,England,France,Declan Rice,0.044682547450066,0.29352515935898,21.7,35.6,goal,regular,open_play,right-foot,3,goal
2026-07-19,12813005,Final,Spain v Argentina,Argentina,Spain,Giuliano Simeone,0.19605986773968,0.0,9.2,52.4,miss,,corner,right-foot,120,missed
2026-07-19,12813005,Final,Spain v Argentina,Argentina,Spain,Lionel Messi,0.026802279055119,0.0,20.0,67.9,block,,open_play,left-foot,117,blocked
2026-07-19,12813005,Final,Spain v Argentina,Spain,Argentina,Ferran Torres,0.25496339797974,0.55470371246338,8.8,43.8,goal,regular,open_play,left-foot,106,goal
2026-07-19,12813005,Final,Spain v Argentina,Spain,Argentina,Nico Williams,0.034754168242216,0.0,26.2,43.2,block,,open_play,right-foot,104,blocked
2026-07-19,12813005,Final,Spain v Argentina,Spain,Argentina,Mikel Merino,0.25498223304749,0.0,7.5,49.3,miss,,open_play,head,103,missed
2026-07-19,12813005,Final,Spain v Argentina,Spain,Argentina,Lamine Yamal,0.016862746328115,0.0,21.9,67.7,miss,,open_play,left-foot,101,missed
2026-07-19,12813005,Final,Spain v Argentina,Spain,Argentina,Nico Williams,0.47581824660301,0.81764990091324,7.6,48.9,save,,open_play,head,93,saved
2026-07-19,12813005,Final,Spain v Argentina,Spain,Argentina,Lamine Yamal,0.074888832867146,0.46179756522179,24.0,47.0,save,,free_kick,left-foot,90,saved
2026-07-19,12813005,Final,Spain v Argentina,Spain,Argentina,Nico Williams,0.054678495973349,0.048293020576239,15.8,70.6,save,,fast_break,right-foot,90,saved
2026-07-19,12813005,Final,Spain v Argentina,Spain,Argentina,Rodri,0.033736888319254,0.0,28.2,54.8,miss,,open_play,right-foot,89,missed
2026-07-19,12813005,Final,Spain v Argentina,Spain,Argentina,Ferran Torres,0.16035261750221,0.0,11.7,59.9,miss,,open_play,right-foot,87,missed
2026-07-19,12813005,Final,Spain v Argentina,Spain,Argentina,Aymeric Laporte,0.09274709969759,0.1879053413868,6.7,44.8,save,,corner,head,81,saved
2026-07-19,12813005,Final,Spain v Argentina,Spain,Argentina,Pau Cubarsí,0.029379157349467,0.017288764938712,21.5,72.0,save,,set_piece,right-foot,77,saved
2026-07-19,12813005,Final,Spain v Argentina,Spain,Argentina,Pedri,0.044712103903294,0.056865565478802,18.2,46.4,save,,open_play,left-foot,77,saved
2026-07-19,12813005,Final,Spain v Argentina,Spain,Argentina,Ferran Torres,0.26434099674225,0.28093409538269,8.1,55.0,save,,corner,head,67,saved
2026-07-19,12813005,Final,Spain v Argentina,Spain,Argentina,Dani Olmo,0.14216977357864,0.0,5.2,53.4,block,,corner,head,65,blocked
2026-07-19,12813005,Final,Spain v Argentina,Spain,Argentina,Dani Olmo,0.046287845820189,0.027893481776118,24.3,52.1,save,,open_play,right-foot,64,saved
2026-07-19,12813005,Final,Spain v Argentina,Spain,Argentina,Lamine Yamal,0.035097531974316,0.0,23.6,73.5,block,,free_kick,left-foot,61,blocked
2026-07-19,12813005,Final,Spain v Argentina,Spain,Argentina,Alex Baena,0.077400766313076,0.11310432106256,20.0,40.1,save,,open_play,right-foot,46,saved
2026-07-19,12813005,Final,Spain v Argentina,Spain,Argentina,Marc Cucurella,0.02938543446362,0.0,20.0,25.6,miss,,open_play,left-foot,43,missed
2026-07-19,12813005,Final,Spain v Argentina,Spain,Argentina,Mikel Oyarzabal,0.062491782009602,0.13759322464466,18.9,54.0,save,,open_play,left-foot,39,saved
2026-07-19,12813005,Final,Spain v Argentina,Spain,Argentina,Lamine Yamal,0.10034488141537,0.32581517100334,6.4,67.7,save,,open_play,left-foot,5,saved
