league,season,team,player,nation,pos,age,born,90s,att,pass_types_live,pass_types_dead,pass_types_fk,pass_types_tb,pass_types_sw,pass_types_crs,pass_types_ti,pass_types_ck,corner_kicks_in,corner_kicks_out,corner_kicks_str,outcomes_cmp,outcomes_off,outcomes_blocks
ENG-Premier League,2425,Arsenal,Ben White,ENG,DF,26.0,1997.0,13.3,,,,,,,17,,,,,,,,
ENG-Premier League,2425,Arsenal,Bukayo Saka,ENG,"FW,MF",22.0,2001.0,19.2,,,,,,,115,,,,,,,,
ENG-Premier League,2425,Arsenal,David Raya,ESP,GK,28.0,1995.0,38.0,,,,,,,0,,,,,,,,
ENG-Premier League,2425,Arsenal,Declan Rice,ENG,MF,25.0,1999.0,31.4,,,,,,,161,,,,,,,,
ENG-Premier League,2425,Arsenal,Ethan Nwaneri,ENG,"FW,MF",17.0,2007.0,9.9,,,,,,,54,,,,,,,,
ENG-Premier League,2425,Arsenal,Gabriel Jesus,BRA,FW,27.0,1997.0,6.8,,,,,,,6,,,,,,,,
ENG-Premier League,2425,Arsenal,Gabriel Magalhães,BRA,DF,26.0,1997.0,26.3,,,,,,,9,,,,,,,,
ENG-Premier League,2425,Arsenal,Gabriel Martinelli,BRA,"FW,MF",23.0,2001.0,25.4,,,,,,,90,,,,,,,,
ENG-Premier League,2425,Arsenal,Jakub Kiwior,POL,DF,24.0,2000.0,12.5,,,,,,,2,,,,,,,,
ENG-Premier League,2425,Arsenal,Jorginho,ITA,MF,32.0,1991.0,7.8,,,,,,,1,,,,,,,,
ENG-Premier League,2425,Arsenal,Jurriën Timber,NED,DF,23.0,2001.0,26.9,,,,,,,28,,,,,,,,
ENG-Premier League,2425,Arsenal,Kai Havertz,GER,FW,25.0,1999.0,20.8,,,,,,,11,,,,,,,,
ENG-Premier League,2425,Arsenal,Kieran Tierney,SCO,DF,27.0,1997.0,2.9,,,,,,,14,,,,,,,,
ENG-Premier League,2425,Arsenal,Leandro Trossard,BEL,FW,29.0,1994.0,28.3,,,,,,,80,,,,,,,,
ENG-Premier League,2425,Arsenal,Martin Ødegaard,NOR,MF,25.0,1998.0,25.8,,,,,,,86,,,,,,,,
ENG-Premier League,2425,Arsenal,Mikel Merino,ESP,"MF,FW",28.0,1996.0,17.6,,,,,,,12,,,,,,,,
ENG-Premier League,2425,Arsenal,Myles Lewis-Skelly,ENG,DF,17.0,2006.0,15.2,,,,,,,10,,,,,,,,
ENG-Premier League,2425,Arsenal,Nathan Butler-Oyedeji,ENG,FW,21.0,2003.0,0.1,,,,,,,0,,,,,,,,
ENG-Premier League,2425,Arsenal,Oleksandr Zinchenko,UKR,"DF,MF",27.0,1996.0,5.9,,,,,,,13,,,,,,,,
ENG-Premier League,2425,Arsenal,Raheem Sterling,ENG,"FW,MF",29.0,1994.0,5.5,,,,,,,16,,,,,,,,
ENG-Premier League,2425,Arsenal,Reiss Nelson,ENG,"FW,MF",24.0,1999.0,0.0,,,,,,,0,,,,,,,,
ENG-Premier League,2425,Arsenal,Riccardo Calafiori,ITA,DF,22.0,2002.0,10.9,,,,,,,11,,,,,,,,
ENG-Premier League,2425,Arsenal,Takehiro Tomiyasu,JPN,DF,25.0,1998.0,0.1,,,,,,,0,,,,,,,,
ENG-Premier League,2425,Arsenal,Thomas Partey,GHA,"MF,DF",31.0,1993.0,31.1,,,,,,,12,,,,,,,,
ENG-Premier League,2425,Arsenal,William Saliba,FRA,DF,23.0,2001.0,33.8,,,,,,,3,,,,,,,,
ENG-Premier League,2425,Aston Villa,Amadou Onana,BEL,MF,22.0,2001.0,18.0,,,,,,,2,,,,,,,,
ENG-Premier League,2425,Aston Villa,Andrés García,ESP,"DF,MF",21.0,2003.0,3.5,,,,,,,18,,,,,,,,
ENG-Premier League,2425,Aston Villa,Axel Disasi,FRA,DF,26.0,1998.0,5.4,,,,,,,1,,,,,,,,
ENG-Premier League,2425,Aston Villa,Boubacar Kamara,FRA,"MF,DF",24.0,1999.0,19.2,,,,,,,1,,,,,,,,
ENG-Premier League,2425,Aston Villa,Diego Carlos,BRA,DF,31.0,1993.0,9.2,,,,,,,0,,,,,,,,
ENG-Premier League,2425,Aston Villa,Donyell Malen,NED,MF,25.0,1999.0,3.4,,,,,,,8,,,,,,,,
ENG-Premier League,2425,Aston Villa,Emi Buendía,ARG,"FW,MF",27.0,1996.0,1.1,,,,,,,0,,,,,,,,
ENG-Premier League,2425,Aston Villa,Emiliano Martínez,ARG,GK,31.0,1992.0,35.5,,,,,,,0,,,,,,,,
ENG-Premier League,2425,Aston Villa,Ezri Konsa,ENG,DF,26.0,1997.0,32.6,,,,,,,5,,,,,,,,
ENG-Premier League,2425,Aston Villa,Ian Maatsen,NED,DF,22.0,2002.0,12.7,,,,,,,51,,,,,,,,
ENG-Premier League,2425,Aston Villa,Jacob Ramsey,ENG,MF,23.0,2001.0,18.0,,,,,,,11,,,,,,,,
ENG-Premier League,2425,Aston Villa,Jaden Philogene Bidace,ENG,MF,22.0,2002.0,3.7,,,,,,,4,,,,,,,,
ENG-Premier League,2425,Aston Villa,John McGinn,SCO,MF,29.0,1994.0,24.7,,,,,,,60,,,,,,,,
ENG-Premier League,2425,Aston Villa,Jáder Durán,COL,FW,20.0,2003.0,7.1,,,,,,,3,,,,,,,,
ENG-Premier League,2425,Aston Villa,Kosta Nedeljković,SRB,DF,18.0,2005.0,1.4,,,,,,,1,,,,,,,,
ENG-Premier League,2425,Aston Villa,Lamare Bogarde,NED,"DF,MF",20.0,2004.0,5.3,,,,,,,0,,,,,,,,
ENG-Premier League,2425,Aston Villa,Leon Bailey,JAM,MF,26.0,1997.0,12.7,,,,,,,34,,,,,,,,
ENG-Premier League,2425,Aston Villa,Lucas Digne,FRA,DF,31.0,1993.0,26.1,,,,,,,140,,,,,,,,
ENG-Premier League,2425,Aston Villa,Marco Asensio,ESP,MF,28.0,1996.0,8.3,,,,,,,38,,,,,,,,
ENG-Premier League,2425,Aston Villa,Marcus Rashford,ENG,"FW,MF",26.0,1997.0,4.9,,,,,,,28,,,,,,,,
ENG-Premier League,2425,Aston Villa,Matty Cash,POL,DF,26.0,1997.0,23.0,,,,,,,40,,,,,,,,
ENG-Premier League,2425,Aston Villa,Morgan Rogers,ENG,MF,22.0,2002.0,34.6,,,,,,,28,,,,,,,,
ENG-Premier League,2425,Aston Villa,Ollie Watkins,ENG,FW,28.0,1995.0,28.9,,,,,,,7,,,,,,,,
ENG-Premier League,2425,Aston Villa,Pau Torres,ESP,DF,27.0,1997.0,22.4,,,,,,,4,,,,,,,,
ENG-Premier League,2425,Aston Villa,Robin Olsen,SWE,GK,34.0,1990.0,2.5,,,,,,,0,,,,,,,,
ENG-Premier League,2425,Aston Villa,Ross Barkley,ENG,MF,30.0,1993.0,6.5,,,,,,,1,,,,,,,,
ENG-Premier League,2425,Aston Villa,Tyrone Mings,ENG,DF,31.0,1993.0,12.4,,,,,,,1,,,,,,,,
ENG-Premier League,2425,Aston Villa,Youri Tielemans,BEL,MF,27.0,1997.0,33.6,,,,,,,118,,,,,,,,
ENG-Premier League,2425,Bournemouth,Adam Smith,ENG,DF,33.0,1991.0,17.7,,,,,,,33,,,,,,,,
ENG-Premier League,2425,Bournemouth,Alex Scott,ENG,MF,20.0,2003.0,8.4,,,,,,,7,,,,,,,,
ENG-Premier League,2425,Bournemouth,Antoine Semenyo,GHA,MF,24.0,2000.0,35.6,,,,,,,58,,,,,,,,
ENG-Premier League,2425,Bournemouth,Ben Winterburn,ENG,MF,19.0,2004.0,0.3,,,,,,,0,,,,,,,,
ENG-Premier League,2425,Bournemouth,Dango Ouattara,BFA,"MF,FW",22.0,2002.0,22.3,,,,,,,88,,,,,,,,
ENG-Premier League,2425,Bournemouth,Daniel Jebbison,CAN,FW,20.0,2003.0,1.3,,,,,,,3,,,,,,,,
ENG-Premier League,2425,Bournemouth,David Brooks,WAL,MF,27.0,1997.0,10.7,,,,,,,51,,,,,,,,
ENG-Premier League,2425,Bournemouth,Dean Huijsen,ESP,DF,19.0,2005.0,27.0,,,,,,,13,,,,,,,,
ENG-Premier League,2425,Bournemouth,Enes Ünal,TUR,FW,27.0,1997.0,3.8,,,,,,,4,,,,,,,,
ENG-Premier League,2425,Bournemouth,Evanilson,BRA,FW,24.0,1999.0,25.8,,,,,,,1,,,,,,,,
ENG-Premier League,2425,Bournemouth,Illia Zabarnyi,UKR,DF,21.0,2002.0,34.5,,,,,,,6,,,,,,,,
ENG-Premier League,2425,Bournemouth,James Hill,ENG,DF,22.0,2002.0,5.0,,,,,,,10,,,,,,,,
ENG-Premier League,2425,Bournemouth,Julian Araujo,MEX,DF,22.0,2001.0,5.5,,,,,,,9,,,,,,,,
ENG-Premier League,2425,Bournemouth,Julio Soler,ARG,DF,19.0,2005.0,0.1,,,,,,,1,,,,,,,,
ENG-Premier League,2425,Bournemouth,Justin Kluivert,NED,MF,25.0,1999.0,26.0,,,,,,,86,,,,,,,,
ENG-Premier League,2425,Bournemouth,Kepa Arrizabalaga,ESP,GK,29.0,1994.0,31.0,,,,,,,0,,,,,,,,
ENG-Premier League,2425,Bournemouth,Lewis Cook,ENG,"MF,DF",27.0,1997.0,33.1,,,,,,,132,,,,,,,,
ENG-Premier League,2425,Bournemouth,Luis Sinisterra,COL,MF,25.0,1999.0,2.6,,,,,,,7,,,,,,,,
ENG-Premier League,2425,Bournemouth,Marcos Senesi,ARG,DF,27.0,1997.0,12.3,,,,,,,11,,,,,,,,
ENG-Premier League,2425,Bournemouth,Marcus Tavernier,ENG,MF,25.0,1999.0,21.5,,,,,,,108,,,,,,,,
ENG-Premier League,2425,Bournemouth,Mark Travers,IRL,GK,25.0,1999.0,5.0,,,,,,,0,,,,,,,,
ENG-Premier League,2425,Bournemouth,Max Aarons,ENG,DF,24.0,2000.0,1.0,,,,,,,2,,,,,,,,
ENG-Premier League,2425,Bournemouth,Milos Kerkez,HUN,DF,20.0,2003.0,37.1,,,,,,,141,,,,,,,,
ENG-Premier League,2425,Bournemouth,Neto,BRA,GK,35.0,1989.0,2.0,,,,,,,0,,,,,,,,
ENG-Premier League,2425,Bournemouth,Philip Billing,DEN,MF,28.0,1996.0,2.0,,,,,,,10,,,,,,,,
ENG-Premier League,2425,Bournemouth,Remy Rees-Dottin,ENG,FW,18.0,2006.0,0.0,,,,,,,0,,,,,,,,
ENG-Premier League,2425,Bournemouth,Ryan Christie,SCO,MF,29.0,1995.0,23.5,,,,,,,47,,,,,,,,
ENG-Premier League,2425,Bournemouth,Tyler Adams,USA,MF,25.0,1999.0,21.8,,,,,,,2,,,,,,,,
ENG-Premier League,2425,Bournemouth,Zain Silcott-Duberry,MSR,MF,19.0,2005.0,0.0,,,,,,,0,,,,,,,,
ENG-Premier League,2425,Brentford,Ben Mee,ENG,DF,34.0,1989.0,2.0,,,,,,,0,,,,,,,,
ENG-Premier League,2425,Brentford,Bryan Mbeumo,CMR,"MF,FW",24.0,1999.0,37.9,,,,,,,200,,,,,,,,
ENG-Premier League,2425,Brentford,Christian Nørgaard,DEN,MF,30.0,1994.0,31.3,,,,,,,18,,,,,,,,
ENG-Premier League,2425,Brentford,Edmond-Paris Maghoma,ENG,MF,23.0,2001.0,1.3,,,,,,,3,,,,,,,,
ENG-Premier League,2425,Brentford,Ethan Pinnock,JAM,DF,31.0,1993.0,21.3,,,,,,,9,,,,,,,,
ENG-Premier League,2425,Brentford,Fabio Carvalho,POR,"FW,MF",21.0,2002.0,5.1,,,,,,,10,,,,,,,,
ENG-Premier League,2425,Brentford,Frank Onyeka,NGA,MF,26.0,1998.0,0.3,,,,,,,0,,,,,,,,
ENG-Premier League,2425,Brentford,Gustavo Nunes,BRA,MF,18.0,2005.0,0.1,,,,,,,0,,,,,,,,
ENG-Premier League,2425,Brentford,Hákon Valdimarsson,ISL,GK,22.0,2001.0,1.6,,,,,,,0,,,,,,,,
ENG-Premier League,2425,Brentford,Igor Thiago,BRA,FW,23.0,2001.0,1.9,,,,,,,2,,,,,,,,
ENG-Premier League,2425,Brentford,Jayden Meghoma,ENG,DF,18.0,2006.0,0.1,,,,,,,0,,,,,,,,
ENG-Premier League,2425,Brentford,Keane Lewis-Potter,ENG,"DF,MF",23.0,2001.0,34.4,,,,,,,75,,,,,,,,
ENG-Premier League,2425,Brentford,Kevin Schade,GER,"MF,FW",22.0,2001.0,25.5,,,,,,,39,,,,,,,,
ENG-Premier League,2425,Brentford,Kim Jisoo,KOR,DF,19.0,2004.0,0.3,,,,,,,0,,,,,,,,
ENG-Premier League,2425,Brentford,Kristoffer Ajer,NOR,DF,26.0,1998.0,16.0,,,,,,,14,,,,,,,,
ENG-Premier League,2425,Brentford,Mads Roerslev,DEN,DF,25.0,1999.0,12.2,,,,,,,30,,,,,,,,
ENG-Premier League,2425,Brentford,Mark Flekken,NED,GK,31.0,1993.0,36.4,,,,,,,0,,,,,,,,
ENG-Premier League,2425,Brentford,Mathias Jensen,DEN,MF,28.0,1996.0,9.6,,,,,,,33,,,,,,,,
ENG-Premier League,2425,Brentford,Michael Kayode,ITA,DF,20.0,2004.0,5.9,,,,,,,10,,,,,,,,
ENG-Premier League,2425,Brentford,Mikkel Damsgaard,DEN,MF,24.0,2000.0,32.3,,,,,,,147,,,,,,,,
ENG-Premier League,2425,Brentford,Nathan Collins,IRL,DF,23.0,2001.0,38.0,,,,,,,8,,,,,,,,
ENG-Premier League,2425,Brentford,Rico Henry,JAM,"DF,MF",27.0,1997.0,1.1,,,,,,,2,,,,,,,,
ENG-Premier League,2425,Brentford,Ryan Trevitt,ENG,MF,21.0,2003.0,0.0,,,,,,,0,,,,,,,,
ENG-Premier League,2425,Brentford,Sepp van den Berg,NED,DF,22.0,2001.0,28.7,,,,,,,7,,,,,,,,
ENG-Premier League,2425,Brentford,Vitaly Janelt,GER,MF,26.0,1998.0,25.0,,,,,,,31,,,,,,,,
ENG-Premier League,2425,Brentford,Yehor Yarmoliuk,UKR,MF,20.0,2004.0,16.1,,,,,,,16,,,,,,,,
ENG-Premier League,2425,Brentford,Yoane Wissa,COD,FW,27.0,1996.0,32.4,,,,,,,19,,,,,,,,
ENG-Premier League,2425,Brentford,Yunus Emre Konak,TUR,MF,18.0,2006.0,0.5,,,,,,,0,,,,,,,,
ENG-Premier League,2425,Brighton,Adam Webster,ENG,DF,29.0,1995.0,9.9,,,,,,,2,,,,,,,,
ENG-Premier League,2425,Brighton,Bart Verbruggen,NED,GK,21.0,2002.0,36.0,,,,,,,0,,,,,,,,
ENG-Premier League,2425,Brighton,Billy Gilmour,SCO,MF,23.0,2001.0,1.1,,,,,,,1,,,,,,,,
ENG-Premier League,2425,Brighton,Brajan Gruda,GER,"MF,FW",20.0,2004.0,7.6,,,,,,,29,,,,,,,,
ENG-Premier League,2425,Brighton,Carlos Baleba,CMR,MF,20.0,2004.0,29.6,,,,,,,9,,,,,,,,
ENG-Premier League,2425,Brighton,Danny Welbeck,ENG,FW,33.0,1990.0,23.5,,,,,,,3,,,,,,,,
ENG-Premier League,2425,Brighton,Diego Gómez,PAR,MF,21.0,2003.0,5.7,,,,,,,11,,,,,,,,
ENG-Premier League,2425,Brighton,Eiran Cashin,IRL,DF,22.0,2001.0,0.2,,,,,,,1,,,,,,,,
ENG-Premier League,2425,Brighton,Evan Ferguson,IRL,FW,19.0,2004.0,2.7,,,,,,,0,,,,,,,,
ENG-Premier League,2425,Brighton,Ferdi Kadioglu,TUR,"DF,MF",24.0,1999.0,4.3,,,,,,,9,,,,,,,,
ENG-Premier League,2425,Brighton,Georginio Rutter,FRA,"MF,FW",22.0,2002.0,18.4,,,,,,,9,,,,,,,,
ENG-Premier League,2425,Brighton,Harry Howell,ENG,MF,16.0,2008.0,0.1,,,,,,,0,,,,,,,,
ENG-Premier League,2425,Brighton,Igor,BRA,DF,26.0,1998.0,10.7,,,,,,,4,,,,,,,,
ENG-Premier League,2425,Brighton,Jack Hinshelwood,ENG,"MF,DF",19.0,2005.0,20.5,,,,,,,28,,,,,,,,
ENG-Premier League,2425,Brighton,Jakub Moder,POL,MF,25.0,1999.0,0.1,,,,,,,1,,,,,,,,
ENG-Premier League,2425,Brighton,James Milner,ENG,MF,38.0,1986.0,1.9,,,,,,,8,,,,,,,,
ENG-Premier League,2425,Brighton,Jan Paul van Hecke,NED,DF,24.0,2000.0,32.9,,,,,,,11,,,,,,,,
ENG-Premier League,2425,Brighton,Jason Steele,ENG,GK,33.0,1990.0,2.0,,,,,,,0,,,,,,,,
ENG-Premier League,2425,Brighton,Jeremy Sarmiento,ECU,MF,22.0,2002.0,0.1,,,,,,,0,,,,,,,,
ENG-Premier League,2425,Brighton,João Pedro,BRA,"FW,MF",22.0,2001.0,21.6,,,,,,,22,,,,,,,,
ENG-Premier League,2425,Brighton,Joël Veltman,NED,DF,32.0,1992.0,18.9,,,,,,,24,,,,,,,,
ENG-Premier League,2425,Brighton,Julio Enciso,PAR,MF,20.0,2004.0,3.3,,,,,,,20,,,,,,,,
ENG-Premier League,2425,Brighton,Kaoru Mitoma,JPN,MF,27.0,1997.0,28.9,,,,,,,72,,,,,,,,
ENG-Premier League,2425,Brighton,Lewis Dunk,ENG,DF,32.0,1991.0,23.1,,,,,,,5,,,,,,,,
ENG-Premier League,2425,Brighton,Mats Wieffer,NED,"DF,MF",24.0,1999.0,11.3,,,,,,,14,,,,,,,,
ENG-Premier League,2425,Brighton,Matt O'Riley,DEN,MF,23.0,2000.0,10.4,,,,,,,50,,,,,,,,
ENG-Premier League,2425,Brighton,Pervis Estupiñán,ECU,DF,26.0,1998.0,26.7,,,,,,,119,,,,,,,,
ENG-Premier League,2425,Brighton,Simon Adingra,CIV,MF,22.0,2002.0,12.2,,,,,,,42,,,,,,,,
ENG-Premier League,2425,Brighton,Solly March,ENG,MF,30.0,1994.0,1.9,,,,,,,20,,,,,,,,
ENG-Premier League,2425,Brighton,Tariq Lamptey,GHA,"DF,MF",23.0,2000.0,9.6,,,,,,,28,,,,,,,,
ENG-Premier League,2425,Brighton,Yankuba Minteh,GAM,MF,20.0,2004.0,20.4,,,,,,,90,,,,,,,,
ENG-Premier League,2425,Brighton,Yasin Ayari,SWE,MF,20.0,2003.0,21.8,,,,,,,70,,,,,,,,
ENG-Premier League,2425,Chelsea,Axel Disasi,FRA,DF,26.0,1998.0,4.0,,,,,,,0,,,,,,,,
ENG-Premier League,2425,Chelsea,Benoît Badiashile,FRA,DF,23.0,2001.0,3.7,,,,,,,1,,,,,,,,
ENG-Premier League,2425,Chelsea,Christopher Nkunku,FRA,"MF,FW",26.0,1997.0,10.2,,,,,,,6,,,,,,,,
ENG-Premier League,2425,Chelsea,Cole Palmer,ENG,MF,22.0,2002.0,35.5,,,,,,,145,,,,,,,,
ENG-Premier League,2425,Chelsea,Enzo Fernández,ARG,MF,23.0,2001.0,32.7,,,,,,,111,,,,,,,,
ENG-Premier League,2425,Chelsea,Filip Jørgensen,DEN,GK,22.0,2002.0,6.0,,,,,,,0,,,,,,,,
ENG-Premier League,2425,Chelsea,Jadon Sancho,ENG,MF,24.0,2000.0,19.6,,,,,,,24,,,,,,,,
ENG-Premier League,2425,Chelsea,Joshua Acheampong,ENG,DF,18.0,2006.0,1.9,,,,,,,0,,,,,,,,
ENG-Premier League,2425,Chelsea,João Félix,POR,MF,24.0,1999.0,4.1,,,,,,,0,,,,,,,,
ENG-Premier League,2425,Chelsea,Kiernan Dewsbury-Hall,ENG,MF,25.0,1998.0,2.9,,,,,,,2,,,,,,,,
ENG-Premier League,2425,Chelsea,Levi Colwill,ENG,DF,21.0,2003.0,35.0,,,,,,,12,,,,,,,,
ENG-Premier League,2425,Chelsea,Malo Gusto,FRA,DF,21.0,2003.0,20.7,,,,,,,54,,,,,,,,
ENG-Premier League,2425,Chelsea,Marc Cucurella,ESP,DF,26.0,1998.0,33.2,,,,,,,29,,,,,,,,
ENG-Premier League,2425,Chelsea,Marc Guiu,ESP,FW,18.0,2006.0,0.8,,,,,,,0,,,,,,,,
ENG-Premier League,2425,Chelsea,Mathis Amougou,FRA,MF,18.0,2006.0,0.1,,,,,,,0,,,,,,,,
ENG-Premier League,2425,Chelsea,Moisés Caicedo,ECU,"MF,DF",22.0,2001.0,37.2,,,,,,,10,,,,,,,,
ENG-Premier League,2425,Chelsea,Mykhailo Mudryk,UKR,MF,23.0,2001.0,1.7,,,,,,,7,,,,,,,,
ENG-Premier League,2425,Chelsea,Nicolas Jackson,SEN,FW,23.0,2001.0,24.7,,,,,,,3,,,,,,,,
ENG-Premier League,2425,Chelsea,Noni Madueke,ENG,MF,22.0,2002.0,22.6,,,,,,,63,,,,,,,,
ENG-Premier League,2425,Chelsea,Pedro Neto,POR,"MF,FW",24.0,2000.0,25.2,,,,,,,149,,,,,,,,
ENG-Premier League,2425,Chelsea,Reece James,ENG,"DF,MF",24.0,1999.0,11.8,,,,,,,43,,,,,,,,
ENG-Premier League,2425,Chelsea,Renato Veiga,POR,MF,21.0,2003.0,2.0,,,,,,,0,,,,,,,,
ENG-Premier League,2425,Chelsea,Robert Sánchez,ESP,GK,26.0,1997.0,32.0,,,,,,,0,,,,,,,,
ENG-Premier League,2425,Chelsea,Roméo Lavia,BEL,MF,20.0,2004.0,8.9,,,,,,,0,,,,,,,,
ENG-Premier League,2425,Chelsea,Shumaira Mheuka,ENG,FW,16.0,2007.0,0.0,,,,,,,0,,,,,,,,
ENG-Premier League,2425,Chelsea,Tosin Adarabioyo,ENG,DF,26.0,1997.0,15.7,,,,,,,0,,,,,,,,
ENG-Premier League,2425,Chelsea,Trevoh Chalobah,ENG,DF,25.0,1999.0,10.1,,,,,,,3,,,,,,,,
ENG-Premier League,2425,Chelsea,Tyrique George,ENG,FW,18.0,2006.0,2.0,,,,,,,3,,,,,,,,
ENG-Premier League,2425,Chelsea,Wesley Fofana,FRA,DF,23.0,2000.0,13.0,,,,,,,1,,,,,,,,
ENG-Premier League,2425,Crystal Palace,Adam Wharton,ENG,MF,20.0,2004.0,14.6,,,,,,,39,,,,,,,,
ENG-Premier League,2425,Crystal Palace,Asher Agbinone,ENG,MF,18.0,2005.0,0.1,,,,,,,1,,,,,,,,
ENG-Premier League,2425,Crystal Palace,Ben Chilwell,ENG,MF,27.0,1996.0,2.9,,,,,,,7,,,,,,,,
ENG-Premier League,2425,Crystal Palace,Caleb Kporha,ENG,DF,18.0,2006.0,0.1,,,,,,,2,,,,,,,,
ENG-Premier League,2425,Crystal Palace,Chadi Riad,MAR,DF,21.0,2003.0,1.0,,,,,,,0,,,,,,,,
ENG-Premier League,2425,Crystal Palace,Cheick Doucouré,MLI,MF,24.0,2000.0,5.0,,,,,,,1,,,,,,,,
ENG-Premier League,2425,Crystal Palace,Chris Richards,USA,DF,24.0,2000.0,21.4,,,,,,,5,,,,,,,,
ENG-Premier League,2425,Crystal Palace,Daichi Kamada,JPN,MF,27.0,1996.0,17.4,,,,,,,32,,,,,,,,
ENG-Premier League,2425,Crystal Palace,Daniel Muñoz,COL,MF,28.0,1996.0,35.9,,,,,,,74,,,,,,,,
ENG-Premier League,2425,Crystal Palace,Dean Henderson,ENG,GK,27.0,1997.0,38.0,,,,,,,0,,,,,,,,
ENG-Premier League,2425,Crystal Palace,Eberechi Eze,ENG,MF,26.0,1998.0,28.8,,,,,,,110,,,,,,,,
ENG-Premier League,2425,Crystal Palace,Eddie Nketiah,ENG,"FW,MF",25.0,1999.0,11.5,,,,,,,5,,,,,,,,
ENG-Premier League,2425,Crystal Palace,Ismaila Sarr,SEN,MF,26.0,1998.0,30.1,,,,,,,55,,,,,,,,
ENG-Premier League,2425,Crystal Palace,Jean-Philippe Mateta,FRA,FW,27.0,1997.0,29.4,,,,,,,26,,,,,,,,
ENG-Premier League,2425,Crystal Palace,Jefferson Lerma,COL,"MF,DF",29.0,1994.0,25.3,,,,,,,12,,,,,,,,
ENG-Premier League,2425,Crystal Palace,Jeffrey Schlupp,GHA,"DF,FW",31.0,1992.0,1.1,,,,,,,4,,,,,,,,
ENG-Premier League,2425,Crystal Palace,Joachim Andersen,DEN,DF,28.0,1996.0,1.0,,,,,,,1,,,,,,,,
ENG-Premier League,2425,Crystal Palace,Joel Ward,ENG,DF,34.0,1989.0,0.8,,,,,,,0,,,,,,,,
ENG-Premier League,2425,Crystal Palace,Jordan Ayew,GHA,"FW,MF",32.0,1991.0,0.2,,,,,,,1,,,,,,,,
ENG-Premier League,2425,Crystal Palace,Justin Devenny,NIR,MF,20.0,2003.0,5.6,,,,,,,18,,,,,,,,
ENG-Premier League,2425,Crystal Palace,Marc Guéhi,ENG,DF,24.0,2000.0,34.0,,,,,,,13,,,,,,,,
ENG-Premier League,2425,Crystal Palace,Matheus França,BRA,FW,20.0,2004.0,0.6,,,,,,,1,,,,,,,,
ENG-Premier League,2425,Crystal Palace,Maxence Lacroix,FRA,DF,24.0,2000.0,34.6,,,,,,,7,,,,,,,,
ENG-Premier League,2425,Crystal Palace,Nathaniel Clyne,ENG,"DF,MF",33.0,1991.0,5.4,,,,,,,7,,,,,,,,
ENG-Premier League,2425,Crystal Palace,Odsonne Édouard,FRA,MF,26.0,1998.0,1.3,,,,,,,1,,,,,,,,
ENG-Premier League,2425,Crystal Palace,Romain Esse,ENG,MF,19.0,2005.0,1.5,,,,,,,0,,,,,,,,
ENG-Premier League,2425,Crystal Palace,Trevoh Chalobah,ENG,DF,25.0,1999.0,11.8,,,,,,,7,,,,,,,,
ENG-Premier League,2425,Crystal Palace,Tyrick Mitchell,ENG,MF,24.0,1999.0,34.4,,,,,,,107,,,,,,,,
ENG-Premier League,2425,Crystal Palace,Will Hughes,ENG,MF,29.0,1995.0,23.4,,,,,,,70,,,,,,,,
ENG-Premier League,2425,Everton,Abdoulaye Doucouré,MLI,MF,31.0,1993.0,28.5,,,,,,,23,,,,,,,,
ENG-Premier League,2425,Everton,Armando Broja,ALB,FW,22.0,2001.0,3.7,,,,,,,1,,,,,,,,
ENG-Premier League,2425,Everton,Ashley Young,ENG,DF,39.0,1985.0,20.8,,,,,,,75,,,,,,,,
ENG-Premier League,2425,Everton,Beto,GNB,FW,26.0,1998.0,17.0,,,,,,,4,,,,,,,,
ENG-Premier League,2425,Everton,Carlos Alcaraz,ARG,MF,21.0,2002.0,8.5,,,,,,,11,,,,,,,,
ENG-Premier League,2425,Everton,Dominic Calvert-Lewin,ENG,FW,27.0,1997.0,17.9,,,,,,,6,,,,,,,,
ENG-Premier League,2425,Everton,Dwight McNeil,ENG,MF,24.0,1999.0,15.2,,,,,,,104,,,,,,,,
ENG-Premier League,2425,Everton,Harrison Armstrong,ENG,MF,17.0,2007.0,0.5,,,,,,,1,,,,,,,,
ENG-Premier League,2425,Everton,Idrissa Gueye,SEN,MF,34.0,1989.0,34.0,,,,,,,7,,,,,,,,
ENG-Premier League,2425,Everton,Iliman Ndiaye,SEN,"MF,FW",24.0,2000.0,27.0,,,,,,,37,,,,,,,,
ENG-Premier League,2425,Everton,Jack Harrison,ENG,"MF,FW",27.0,1996.0,23.1,,,,,,,131,,,,,,,,
ENG-Premier League,2425,Everton,Jake O'Brien,IRL,DF,23.0,2001.0,17.5,,,,,,,18,,,,,,,,
ENG-Premier League,2425,Everton,James Garner,ENG,"MF,DF",23.0,2001.0,17.7,,,,,,,55,,,,,,,,
ENG-Premier League,2425,Everton,James Tarkowski,ENG,DF,31.0,1992.0,32.5,,,,,,,1,,,,,,,,
ENG-Premier League,2425,Everton,Jarrad Branthwaite,ENG,DF,22.0,2002.0,27.9,,,,,,,6,,,,,,,,
ENG-Premier League,2425,Everton,Jesper Lindstrøm,DEN,MF,24.0,2000.0,13.8,,,,,,,72,,,,,,,,
ENG-Premier League,2425,Everton,Jordan Pickford,ENG,GK,30.0,1994.0,38.0,,,,,,,0,,,,,,,,
ENG-Premier League,2425,Everton,Mason Holgate,JAM,DF,27.0,1996.0,0.1,,,,,,,0,,,,,,,,
ENG-Premier League,2425,Everton,Michael Keane,ENG,DF,31.0,1993.0,11.7,,,,,,,1,,,,,,,,
ENG-Premier League,2425,Everton,Nathan Patterson,SCO,DF,22.0,2001.0,3.9,,,,,,,14,,,,,,,,
ENG-Premier League,2425,Everton,Orel Mangala,BEL,MF,26.0,1998.0,14.0,,,,,,,6,,,,,,,,
ENG-Premier League,2425,Everton,Roman Dixon,ENG,DF,19.0,2004.0,1.0,,,,,,,0,,,,,,,,
ENG-Premier League,2425,Everton,Séamus Coleman,IRL,DF,35.0,1988.0,2.4,,,,,,,4,,,,,,,,
ENG-Premier League,2425,Everton,Tim Iroegbunam,ENG,MF,21.0,2003.0,6.4,,,,,,,1,,,,,,,,
ENG-Premier League,2425,Everton,Vitaliy Mykolenko,UKR,DF,25.0,1999.0,34.2,,,,,,,100,,,,,,,,
ENG-Premier League,2425,Everton,Youssef Chermiti,POR,FW,20.0,2004.0,0.5,,,,,,,1,,,,,,,,
ENG-Premier League,2425,Fulham,Adama Traoré,ESP,MF,28.0,1996.0,19.7,,,,,,,100,,,,,,,,
ENG-Premier League,2425,Fulham,Alex Iwobi,NGA,MF,28.0,1996.0,33.1,,,,,,,127,,,,,,,,
ENG-Premier League,2425,Fulham,Andreas Pereira,BRA,MF,28.0,1996.0,22.4,,,,,,,173,,,,,,,,
ENG-Premier League,2425,Fulham,Antonee Robinson,USA,"DF,MF",26.0,1997.0,35.2,,,,,,,172,,,,,,,,
ENG-Premier League,2425,Fulham,Bernd Leno,GER,GK,32.0,1992.0,38.0,,,,,,,0,,,,,,,,
ENG-Premier League,2425,Fulham,Calvin Bassey,NGA,DF,24.0,1999.0,34.2,,,,,,,9,,,,,,,,
ENG-Premier League,2425,Fulham,Carlos Vinícius,BRA,FW,29.0,1995.0,0.2,,,,,,,0,,,,,,,,
ENG-Premier League,2425,Fulham,Emile Smith Rowe,ENG,MF,24.0,2000.0,22.7,,,,,,,16,,,,,,,,
ENG-Premier League,2425,Fulham,Harrison Reed,ENG,MF,29.0,1995.0,1.2,,,,,,,6,,,,,,,,
ENG-Premier League,2425,Fulham,Harry Wilson,WAL,"MF,FW",27.0,1997.0,12.9,,,,,,,41,,,,,,,,
ENG-Premier League,2425,Fulham,Issa Diop,MAR,DF,27.0,1997.0,14.9,,,,,,,1,,,,,,,,
ENG-Premier League,2425,Fulham,Jay Stansfield,ENG,"FW,MF",21.0,2002.0,0.0,,,,,,,0,,,,,,,,
ENG-Premier League,2425,Fulham,Joachim Andersen,DEN,DF,28.0,1996.0,28.7,,,,,,,12,,,,,,,,
ENG-Premier League,2425,Fulham,Jorge Cuenca,ESP,DF,24.0,1999.0,3.9,,,,,,,1,,,,,,,,
ENG-Premier League,2425,Fulham,Joshua King,ENG,MF,17.0,2007.0,1.4,,,,,,,2,,,,,,,,
ENG-Premier League,2425,Fulham,Kenny Tete,NED,DF,28.0,1995.0,19.7,,,,,,,38,,,,,,,,
ENG-Premier League,2425,Fulham,Martial Godo,CIV,"FW,MF",21.0,2003.0,0.3,,,,,,,1,,,,,,,,
ENG-Premier League,2425,Fulham,Raúl Jiménez,MEX,FW,33.0,1991.0,27.7,,,,,,,22,,,,,,,,
ENG-Premier League,2425,Fulham,Reiss Nelson,ENG,MF,24.0,1999.0,5.4,,,,,,,25,,,,,,,,
ENG-Premier League,2425,Fulham,Rodrigo Muniz,BRA,FW,23.0,2001.0,10.7,,,,,,,1,,,,,,,,
ENG-Premier League,2425,Fulham,Ryan Sessegnon,ENG,"MF,DF",24.0,2000.0,6.4,,,,,,,15,,,,,,,,
ENG-Premier League,2425,Fulham,Sander Berge,NOR,MF,26.0,1998.0,24.7,,,,,,,3,,,,,,,,
ENG-Premier League,2425,Fulham,Saša Lukić,SRB,MF,27.0,1996.0,26.0,,,,,,,63,,,,,,,,
ENG-Premier League,2425,Fulham,Timothy Castagne,BEL,"DF,MF",28.0,1995.0,18.3,,,,,,,38,,,,,,,,
ENG-Premier League,2425,Fulham,Tom Cairney,SCO,MF,33.0,1991.0,7.0,,,,,,,20,,,,,,,,
ENG-Premier League,2425,Fulham,Willian,BRA,"MF,FW",35.0,1988.0,2.9,,,,,,,16,,,,,,,,
ENG-Premier League,2425,Ipswich Town,Alex Palmer,ENG,GK,27.0,1996.0,13.0,,,,,,,0,,,,,,,,
ENG-Premier League,2425,Ipswich Town,Ali Al Hamadi,IRQ,FW,22.0,2002.0,1.5,,,,,,,0,,,,,,,,
ENG-Premier League,2425,Ipswich Town,Arijanet Muric,KVX,GK,25.0,1998.0,18.0,,,,,,,0,,,,,,,,
ENG-Premier League,2425,Ipswich Town,Axel Tuanzebe,COD,DF,26.0,1997.0,19.0,,,,,,,10,,,,,,,,
ENG-Premier League,2425,Ipswich Town,Ben Godfrey,ENG,DF,26.0,1998.0,1.8,,,,,,,0,,,,,,,,
ENG-Premier League,2425,Ipswich Town,Ben Johnson,ENG,"MF,DF",24.0,2000.0,15.0,,,,,,,37,,,,,,,,
ENG-Premier League,2425,Ipswich Town,Cameron Burgess,AUS,DF,28.0,1995.0,17.1,,,,,,,0,,,,,,,,
ENG-Premier League,2425,Ipswich Town,Chiedozie Ogbene,IRL,MF,27.0,1997.0,2.6,,,,,,,4,,,,,,,,
ENG-Premier League,2425,Ipswich Town,Christian Walton,ENG,GK,28.0,1995.0,7.0,,,,,,,0,,,,,,,,
ENG-Premier League,2425,Ipswich Town,Conor Chaplin,ENG,"MF,FW",27.0,1997.0,9.5,,,,,,,9,,,,,,,,
ENG-Premier League,2425,Ipswich Town,Conor Townsend,ENG,DF,31.0,1993.0,3.7,,,,,,,12,,,,,,,,
ENG-Premier League,2425,Ipswich Town,Dara O'Shea,IRL,DF,25.0,1999.0,34.7,,,,,,,8,,,,,,,,
ENG-Premier League,2425,Ipswich Town,George Edmundson,ENG,DF,26.0,1997.0,0.0,,,,,,,0,,,,,,,,
ENG-Premier League,2425,Ipswich Town,George Hirst,SCO,FW,25.0,1999.0,7.3,,,,,,,3,,,,,,,,
ENG-Premier League,2425,Ipswich Town,Harry Clarke,ENG,DF,23.0,2001.0,4.2,,,,,,,5,,,,,,,,
ENG-Premier League,2425,Ipswich Town,Jack Clarke,ENG,MF,23.0,2000.0,13.1,,,,,,,14,,,,,,,,
ENG-Premier League,2425,Ipswich Town,Jack Taylor,IRL,MF,26.0,1998.0,9.6,,,,,,,7,,,,,,,,
ENG-Premier League,2425,Ipswich Town,Jacob Greaves,ENG,DF,23.0,2000.0,24.5,,,,,,,1,,,,,,,,
ENG-Premier League,2425,Ipswich Town,Jaden Philogene Bidace,ENG,MF,22.0,2002.0,5.3,,,,,,,13,,,,,,,,
ENG-Premier League,2425,Ipswich Town,Jens Cajuste,SWE,MF,24.0,1999.0,21.8,,,,,,,10,,,,,,,,
ENG-Premier League,2425,Ipswich Town,Julio Enciso,PAR,MF,20.0,2004.0,9.7,,,,,,,20,,,,,,,,
ENG-Premier League,2425,Ipswich Town,Kalvin Phillips,ENG,MF,28.0,1995.0,13.7,,,,,,,20,,,,,,,,
ENG-Premier League,2425,Ipswich Town,Leif Davis,ENG,DF,24.0,1999.0,30.5,,,,,,,157,,,,,,,,
ENG-Premier League,2425,Ipswich Town,Liam Delap,ENG,FW,21.0,2003.0,28.8,,,,,,,5,,,,,,,,
ENG-Premier League,2425,Ipswich Town,Luke Woolfenden,ENG,DF,25.0,1998.0,13.2,,,,,,,0,,,,,,,,
ENG-Premier League,2425,Ipswich Town,Marcus Harness,ENG,"FW,MF",28.0,1996.0,0.5,,,,,,,0,,,,,,,,
ENG-Premier League,2425,Ipswich Town,Massimo Luongo,AUS,MF,31.0,1992.0,2.2,,,,,,,1,,,,,,,,
ENG-Premier League,2425,Ipswich Town,Nathan Broadhead,WAL,MF,26.0,1998.0,7.8,,,,,,,9,,,,,,,,
ENG-Premier League,2425,Ipswich Town,Omari Hutchinson,ENG,MF,20.0,2003.0,28.7,,,,,,,81,,,,,,,,
ENG-Premier League,2425,Ipswich Town,Sam Morsy,EGY,MF,32.0,1991.0,30.6,,,,,,,15,,,,,,,,
ENG-Premier League,2425,Ipswich Town,Sammie Szmodics,IRL,MF,28.0,1995.0,11.0,,,,,,,14,,,,,,,,
ENG-Premier League,2425,Ipswich Town,Wes Burns,WAL,MF,29.0,1994.0,10.3,,,,,,,45,,,,,,,,
ENG-Premier League,2425,Leicester City,Abdul Fatawu Issahaku,GHA,"MF,FW",20.0,2004.0,6.4,,,,,,,29,,,,,,,,
ENG-Premier League,2425,Leicester City,Bilal El Khannouss,MAR,MF,20.0,2004.0,24.2,,,,,,,89,,,,,,,,
ENG-Premier League,2425,Leicester City,Bobby De Cordova-Reid,JAM,"MF,FW",31.0,1993.0,8.3,,,,,,,15,,,,,,,,
ENG-Premier League,2425,Leicester City,Boubakary Soumaré,FRA,MF,25.0,1999.0,24.1,,,,,,,10,,,,,,,,
ENG-Premier League,2425,Leicester City,Caleb Okoli,ITA,DF,23.0,2001.0,12.5,,,,,,,1,,,,,,,,
ENG-Premier League,2425,Leicester City,Conor Coady,ENG,DF,31.0,1993.0,19.0,,,,,,,0,,,,,,,,
ENG-Premier League,2425,Leicester City,Danny Ward,WAL,GK,31.0,1993.0,1.5,,,,,,,0,,,,,,,,
ENG-Premier League,2425,Leicester City,Facundo Buonanotte,ARG,"MF,FW",19.0,2004.0,16.9,,,,,,,43,,,,,,,,
ENG-Premier League,2425,Leicester City,Hamza Choudhury,BAN,MF,26.0,1997.0,1.5,,,,,,,5,,,,,,,,
ENG-Premier League,2425,Leicester City,Harry Winks,ENG,MF,28.0,1996.0,17.1,,,,,,,33,,,,,,,,
ENG-Premier League,2425,Leicester City,Jake Evans,ENG,MF,15.0,2008.0,0.3,,,,,,,0,,,,,,,,
ENG-Premier League,2425,Leicester City,Jakub Stolarczyk,POL,GK,23.0,2000.0,10.0,,,,,,,0,,,,,,,,
ENG-Premier League,2425,Leicester City,James Justin,ENG,"DF,MF",26.0,1998.0,32.4,,,,,,,57,,,,,,,,
ENG-Premier League,2425,Leicester City,Jamie Vardy,ENG,FW,37.0,1987.0,31.4,,,,,,,11,,,,,,,,
ENG-Premier League,2425,Leicester City,Jannik Vestergaard,DEN,DF,31.0,1992.0,15.5,,,,,,,0,,,,,,,,
ENG-Premier League,2425,Leicester City,Jeremy Monga,ENG,FW,15.0,2009.0,1.2,,,,,,,4,,,,,,,,
ENG-Premier League,2425,Leicester City,Jordan Ayew,GHA,MF,32.0,1991.0,18.2,,,,,,,57,,,,,,,,
ENG-Premier League,2425,Leicester City,Kasey McAteer,IRL,MF,22.0,2001.0,9.5,,,,,,,21,,,,,,,,
ENG-Premier League,2425,Leicester City,Luke Thomas,ENG,DF,23.0,2001.0,12.3,,,,,,,28,,,,,,,,
ENG-Premier League,2425,Leicester City,Mads Hermansen,DEN,GK,24.0,2000.0,26.5,,,,,,,0,,,,,,,,
ENG-Premier League,2425,Leicester City,Michael Golding,ENG,MF,18.0,2006.0,0.0,,,,,,,0,,,,,,,,
ENG-Premier League,2425,Leicester City,Odsonne Édouard,FRA,FW,26.0,1998.0,0.3,,,,,,,0,,,,,,,,
ENG-Premier League,2425,Leicester City,Olabade Aluko,,DF,,,0.0,,,,,,,0,,,,,,,,
ENG-Premier League,2425,Leicester City,Oliver Skipp,ENG,MF,23.0,2000.0,12.5,,,,,,,5,,,,,,,,
ENG-Premier League,2425,Leicester City,Patson Daka,ZAM,"MF,FW",25.0,1998.0,8.2,,,,,,,3,,,,,,,,
ENG-Premier League,2425,Leicester City,Ricardo Pereira,POR,DF,30.0,1993.0,4.3,,,,,,,4,,,,,,,,
ENG-Premier League,2425,Leicester City,Stephy Mavididi,ENG,MF,26.0,1998.0,17.9,,,,,,,70,,,,,,,,
ENG-Premier League,2425,Leicester City,Victor Bernth Kristiansen,DEN,"DF,MF",21.0,2002.0,27.6,,,,,,,96,,,,,,,,
ENG-Premier League,2425,Leicester City,Wilfred Ndidi,NGA,MF,27.0,1996.0,25.8,,,,,,,30,,,,,,,,
ENG-Premier League,2425,Leicester City,Will Alves,ENG,MF,19.0,2005.0,0.0,,,,,,,0,,,,,,,,
ENG-Premier League,2425,Leicester City,Wout Faes,BEL,DF,26.0,1998.0,31.3,,,,,,,5,,,,,,,,
ENG-Premier League,2425,Leicester City,Woyo Coulibaly,MLI,DF,25.0,1999.0,1.2,,,,,,,0,,,,,,,,
ENG-Premier League,2425,Liverpool,Alexis Mac Allister,ARG,MF,25.0,1998.0,28.9,,,,,,,86,,,,,,,,
ENG-Premier League,2425,Liverpool,Alisson,BRA,GK,31.0,1992.0,27.9,,,,,,,0,,,,,,,,
ENG-Premier League,2425,Liverpool,Andy Robertson,SCO,DF,30.0,1994.0,27.6,,,,,,,145,,,,,,,,
ENG-Premier League,2425,Liverpool,Caoimhín Kelleher,IRL,GK,25.0,1998.0,10.0,,,,,,,0,,,,,,,,
ENG-Premier League,2425,Liverpool,Cody Gakpo,NED,MF,25.0,1999.0,21.5,,,,,,,73,,,,,,,,
ENG-Premier League,2425,Liverpool,Conor Bradley,NIR,DF,21.0,2003.0,8.4,,,,,,,7,,,,,,,,
ENG-Premier League,2425,Liverpool,Curtis Jones,ENG,"MF,DF",23.0,2001.0,19.0,,,,,,,8,,,,,,,,
ENG-Premier League,2425,Liverpool,Darwin Núñez,URU,FW,25.0,1999.0,12.6,,,,,,,3,,,,,,,,
ENG-Premier League,2425,Liverpool,Diogo Jota,POR,FW,27.0,1996.0,13.3,,,,,,,8,,,,,,,,
ENG-Premier League,2425,Liverpool,Dominik Szoboszlai,HUN,MF,23.0,2000.0,27.7,,,,,,,40,,,,,,,,
ENG-Premier League,2425,Liverpool,Federico Chiesa,ITA,FW,26.0,1997.0,1.2,,,,,,,2,,,,,,,,
ENG-Premier League,2425,Liverpool,Harvey Elliott,ENG,MF,21.0,2003.0,4.1,,,,,,,12,,,,,,,,
ENG-Premier League,2425,Liverpool,Ibrahima Konaté,FRA,DF,25.0,1999.0,28.4,,,,,,,0,,,,,,,,
ENG-Premier League,2425,Liverpool,Jarell Quansah,ENG,DF,21.0,2003.0,5.5,,,,,,,2,,,,,,,,
ENG-Premier League,2425,Liverpool,Jayden Danns,ENG,FW,18.0,2006.0,0.1,,,,,,,0,,,,,,,,
ENG-Premier League,2425,Liverpool,Joe Gomez,ENG,DF,27.0,1997.0,5.8,,,,,,,1,,,,,,,,
ENG-Premier League,2425,Liverpool,Kostas Tsimikas,GRE,DF,28.0,1996.0,9.3,,,,,,,64,,,,,,,,
ENG-Premier League,2425,Liverpool,Luis Díaz,COL,"FW,MF",27.0,1997.0,26.7,,,,,,,32,,,,,,,,
ENG-Premier League,2425,Liverpool,Mohamed Salah,EGY,MF,32.0,1992.0,37.5,,,,,,,79,,,,,,,,
ENG-Premier League,2425,Liverpool,Ryan Gravenberch,NED,MF,22.0,2002.0,35.1,,,,,,,7,,,,,,,,
ENG-Premier League,2425,Liverpool,Trent Alexander-Arnold,ENG,DF,25.0,1998.0,26.3,,,,,,,154,,,,,,,,
ENG-Premier League,2425,Liverpool,Virgil van Dijk,NED,DF,33.0,1991.0,37.0,,,,,,,1,,,,,,,,
ENG-Premier League,2425,Liverpool,Vitezslav Jaros,CZE,GK,23.0,2001.0,0.1,,,,,,,0,,,,,,,,
ENG-Premier League,2425,Liverpool,Wataru Endo,JPN,MF,31.0,1993.0,3.0,,,,,,,1,,,,,,,,
ENG-Premier League,2425,Manchester City,Abdukodir Khusanov,UZB,DF,20.0,2004.0,5.6,,,,,,,1,,,,,,,,
ENG-Premier League,2425,Manchester City,Bernardo Silva,POR,MF,29.0,1994.0,29.7,,,,,,,60,,,,,,,,
ENG-Premier League,2425,Manchester City,Claudio Echeverri,ARG,MF,18.0,2006.0,0.1,,,,,,,0,,,,,,,,
ENG-Premier League,2425,Manchester City,Divin Mubama,ENG,FW,19.0,2004.0,0.3,,,,,,,0,,,,,,,,
ENG-Premier League,2425,Manchester City,Ederson Moraes,BRA,GK,30.0,1993.0,25.8,,,,,,,0,,,,,,,,
ENG-Premier League,2425,Manchester City,Erling Haaland,NOR,FW,24.0,2000.0,30.4,,,,,,,3,,,,,,,,
ENG-Premier League,2425,Manchester City,Jack Grealish,ENG,"MF,FW",28.0,1995.0,8.0,,,,,,,20,,,,,,,,
ENG-Premier League,2425,Manchester City,Jahmai Simpson-Pusey,ENG,DF,18.0,2005.0,1.1,,,,,,,0,,,,,,,,
ENG-Premier League,2425,Manchester City,James Mcatee,ENG,MF,21.0,2002.0,3.9,,,,,,,8,,,,,,,,
ENG-Premier League,2425,Manchester City,Jeremy Doku,BEL,"MF,FW",22.0,2002.0,16.8,,,,,,,59,,,,,,,,
ENG-Premier League,2425,Manchester City,John Stones,ENG,DF,30.0,1994.0,6.1,,,,,,,0,,,,,,,,
ENG-Premier League,2425,Manchester City,Joško Gvardiol,CRO,DF,22.0,2002.0,36.4,,,,,,,22,,,,,,,,
ENG-Premier League,2425,Manchester City,Kevin De Bruyne,BEL,"MF,FW",33.0,1991.0,18.9,,,,,,,144,,,,,,,,
ENG-Premier League,2425,Manchester City,Kyle Walker,ENG,DF,34.0,1990.0,10.8,,,,,,,14,,,,,,,,
ENG-Premier League,2425,Manchester City,Manuel Akanji,SUI,"DF,MF",29.0,1995.0,22.4,,,,,,,11,,,,,,,,
ENG-Premier League,2425,Manchester City,Mateo Kovačić,CRO,"MF,DF",30.0,1994.0,24.4,,,,,,,0,,,,,,,,
ENG-Premier League,2425,Manchester City,Matheus Nunes,POR,"DF,MF",25.0,1998.0,18.6,,,,,,,45,,,,,,,,
ENG-Premier League,2425,Manchester City,Nathan Aké,NED,DF,29.0,1995.0,7.5,,,,,,,1,,,,,,,,
ENG-Premier League,2425,Manchester City,Nico O'Reilly,ENG,DF,19.0,2005.0,5.9,,,,,,,8,,,,,,,,
ENG-Premier League,2425,Manchester City,Nicolás González,ESP,MF,22.0,2002.0,8.4,,,,,,,1,,,,,,,,
ENG-Premier League,2425,Manchester City,Omar Marmoush,EGY,"MF,FW",25.0,1999.0,13.1,,,,,,,29,,,,,,,,
ENG-Premier League,2425,Manchester City,Oscar Bobb,NOR,"FW,MF",21.0,2003.0,0.2,,,,,,,0,,,,,,,,
ENG-Premier League,2425,Manchester City,Phil Foden,ENG,"MF,FW",24.0,2000.0,19.7,,,,,,,81,,,,,,,,
ENG-Premier League,2425,Manchester City,Rico Lewis,ENG,"DF,MF",19.0,2004.0,21.0,,,,,,,7,,,,,,,,
ENG-Premier League,2425,Manchester City,Rodri,ESP,MF,28.0,1996.0,0.8,,,,,,,0,,,,,,,,
ENG-Premier League,2425,Manchester City,Rúben Dias,POR,"DF,MF",27.0,1997.0,25.2,,,,,,,3,,,,,,,,
ENG-Premier League,2425,Manchester City,Stefan Ortega,GER,GK,31.0,1992.0,12.2,,,,,,,0,,,,,,,,
ENG-Premier League,2425,Manchester City,Sávio,BRA,"MF,FW",20.0,2004.0,19.6,,,,,,,84,,,,,,,,
ENG-Premier League,2425,Manchester City,Vitor Reis,BRA,DF,18.0,2006.0,0.0,,,,,,,0,,,,,,,,
ENG-Premier League,2425,Manchester City,İlkay Gündoğan,GER,MF,33.0,1990.0,24.7,,,,,,,62,,,,,,,,
ENG-Premier League,2425,Manchester Utd,Alejandro Garnacho,ARG,MF,20.0,2004.0,24.4,,,,,,,55,,,,,,,,
ENG-Premier League,2425,Manchester Utd,Altay Bayındır,TUR,GK,26.0,1998.0,4.0,,,,,,,0,,,,,,,,
ENG-Premier League,2425,Manchester Utd,Amad Diallo,CIV,"MF,FW",22.0,2002.0,21.1,,,,,,,43,,,,,,,,
ENG-Premier League,2425,Manchester Utd,André Onana,CMR,GK,28.0,1996.0,34.0,,,,,,,0,,,,,,,,
ENG-Premier League,2425,Manchester Utd,Antony,BRA,"FW,MF",24.0,2000.0,1.6,,,,,,,5,,,,,,,,
ENG-Premier League,2425,Manchester Utd,Ayden Heaven,ENG,DF,17.0,2006.0,1.9,,,,,,,0,,,,,,,,
ENG-Premier League,2425,Manchester Utd,Bruno Fernandes,POR,MF,29.0,1994.0,33.5,,,,,,,185,,,,,,,,
ENG-Premier League,2425,Manchester Utd,Casemiro,BRA,MF,32.0,1992.0,16.6,,,,,,,20,,,,,,,,
ENG-Premier League,2425,Manchester Utd,Chidozie Obi-Martin,DEN,FW,16.0,2007.0,1.8,,,,,,,0,,,,,,,,
ENG-Premier League,2425,Manchester Utd,Christian Eriksen,DEN,MF,32.0,1992.0,11.8,,,,,,,84,,,,,,,,
ENG-Premier League,2425,Manchester Utd,Diogo Dalot,POR,"MF,DF",25.0,1999.0,31.3,,,,,,,64,,,,,,,,
ENG-Premier League,2425,Manchester Utd,Harry Amass,ENG,MF,17.0,2007.0,3.8,,,,,,,9,,,,,,,,
ENG-Premier League,2425,Manchester Utd,Harry Maguire,ENG,DF,31.0,1993.0,19.5,,,,,,,3,,,,,,,,
ENG-Premier League,2425,Manchester Utd,Jonny Evans,NIR,DF,36.0,1988.0,3.5,,,,,,,0,,,,,,,,
ENG-Premier League,2425,Manchester Utd,Joshua Zirkzee,NED,"FW,MF",23.0,2001.0,15.6,,,,,,,3,,,,,,,,
ENG-Premier League,2425,Manchester Utd,Kobbie Mainoo,ENG,MF,19.0,2005.0,18.3,,,,,,,7,,,,,,,,
ENG-Premier League,2425,Manchester Utd,Leny Yoro,FRA,DF,18.0,2005.0,12.9,,,,,,,1,,,,,,,,
ENG-Premier League,2425,Manchester Utd,Lisandro Martínez,ARG,DF,26.0,1998.0,19.5,,,,,,,9,,,,,,,,
ENG-Premier League,2425,Manchester Utd,Luke Shaw,ENG,DF,29.0,1995.0,3.9,,,,,,,10,,,,,,,,
ENG-Premier League,2425,Manchester Utd,Manuel Ugarte,URU,MF,23.0,2001.0,19.8,,,,,,,7,,,,,,,,
ENG-Premier League,2425,Manchester Utd,Marcus Rashford,ENG,MF,26.0,1997.0,10.9,,,,,,,27,,,,,,,,
ENG-Premier League,2425,Manchester Utd,Mason Mount,ENG,"MF,FW",25.0,1999.0,6.9,,,,,,,13,,,,,,,,
ENG-Premier League,2425,Manchester Utd,Matthijs de Ligt,NED,DF,24.0,1999.0,23.6,,,,,,,6,,,,,,,,
ENG-Premier League,2425,Manchester Utd,Noussair Mazraoui,MAR,"DF,MF",26.0,1997.0,31.5,,,,,,,23,,,,,,,,
ENG-Premier League,2425,Manchester Utd,Patrick Dorgu,DEN,MF,19.0,2004.0,9.4,,,,,,,37,,,,,,,,
ENG-Premier League,2425,Manchester Utd,Rasmus Højlund,DEN,FW,21.0,2003.0,22.3,,,,,,,7,,,,,,,,
ENG-Premier League,2425,Manchester Utd,Scott McTominay,SCO,MF,27.0,1996.0,0.2,,,,,,,0,,,,,,,,
ENG-Premier League,2425,Manchester Utd,Toby Collyer,ENG,MF,20.0,2004.0,2.0,,,,,,,0,,,,,,,,
ENG-Premier League,2425,Manchester Utd,Tyler Fredricson,ENG,DF,19.0,2005.0,1.8,,,,,,,0,,,,,,,,
ENG-Premier League,2425,Manchester Utd,Tyrell Malacia,NED,MF,24.0,1999.0,1.1,,,,,,,1,,,,,,,,
ENG-Premier League,2425,Manchester Utd,Victor Lindelöf,SWE,DF,30.0,1994.0,7.8,,,,,,,1,,,,,,,,
ENG-Premier League,2425,Newcastle,Alexander Isak,SWE,FW,24.0,1999.0,30.6,,,,,,,16,,,,,,,,
ENG-Premier League,2425,Newcastle,Anthony Gordon,ENG,"FW,MF",23.0,2001.0,27.0,,,,,,,130,,,,,,,,
ENG-Premier League,2425,Newcastle,Bruno Guimarães,BRA,MF,26.0,1997.0,36.3,,,,,,,29,,,,,,,,
ENG-Premier League,2425,Newcastle,Callum Wilson,ENG,FW,32.0,1992.0,4.1,,,,,,,2,,,,,,,,
ENG-Premier League,2425,Newcastle,Dan Burn,ENG,DF,32.0,1992.0,37.0,,,,,,,3,,,,,,,,
ENG-Premier League,2425,Newcastle,Emil Krafth,SWE,DF,29.0,1994.0,3.8,,,,,,,2,,,,,,,,
ENG-Premier League,2425,Newcastle,Fabian Schär,SUI,DF,32.0,1991.0,32.6,,,,,,,12,,,,,,,,
ENG-Premier League,2425,Newcastle,Harvey Barnes,ENG,"FW,MF",26.0,1997.0,19.5,,,,,,,47,,,,,,,,
ENG-Premier League,2425,Newcastle,Jacob Murphy,ENG,"FW,MF",29.0,1995.0,26.2,,,,,,,119,,,,,,,,
ENG-Premier League,2425,Newcastle,Joe Willock,ENG,MF,24.0,1999.0,12.1,,,,,,,17,,,,,,,,
ENG-Premier League,2425,Newcastle,Joelinton,BRA,"MF,FW",27.0,1996.0,26.6,,,,,,,16,,,,,,,,
ENG-Premier League,2425,Newcastle,Kieran Trippier,ENG,DF,33.0,1990.0,14.5,,,,,,,83,,,,,,,,
ENG-Premier League,2425,Newcastle,Lewis Hall,ENG,DF,19.0,2004.0,24.3,,,,,,,110,,,,,,,,
ENG-Premier League,2425,Newcastle,Lewis Miley,ENG,MF,18.0,2006.0,3.5,,,,,,,0,,,,,,,,
ENG-Premier League,2425,Newcastle,Lloyd Kelly,ENG,DF,25.0,1998.0,3.4,,,,,,,1,,,,,,,,
ENG-Premier League,2425,Newcastle,Martin Dúbravka,SVK,GK,35.0,1989.0,10.0,,,,,,,0,,,,,,,,
ENG-Premier League,2425,Newcastle,Matt Targett,ENG,"DF,MF",28.0,1995.0,0.2,,,,,,,1,,,,,,,,
ENG-Premier League,2425,Newcastle,Miguel Almirón,PAR,FW,30.0,1994.0,1.7,,,,,,,0,,,,,,,,
ENG-Premier League,2425,Newcastle,Nick Pope,ENG,GK,32.0,1992.0,28.0,,,,,,,0,,,,,,,,
ENG-Premier League,2425,Newcastle,Sandro Tonali,ITA,MF,24.0,2000.0,29.2,,,,,,,54,,,,,,,,
ENG-Premier League,2425,Newcastle,Sean Longstaff,ENG,MF,26.0,1997.0,8.9,,,,,,,5,,,,,,,,
ENG-Premier League,2425,Newcastle,Sven Botman,NED,DF,24.0,2000.0,4.6,,,,,,,0,,,,,,,,
ENG-Premier League,2425,Newcastle,Tino Livramento,ENG,DF,21.0,2002.0,31.6,,,,,,,52,,,,,,,,
ENG-Premier League,2425,Newcastle,William Osula,DEN,FW,20.0,2003.0,1.5,,,,,,,4,,,,,,,,
ENG-Premier League,2425,Nottingham,Anthony Elanga,SWE,"MF,FW",22.0,2002.0,27.8,,,,,,,184,,,,,,,,
ENG-Premier League,2425,Nottingham,Callum Hudson-Odoi,ENG,MF,23.0,2000.0,24.4,,,,,,,80,,,,,,,,
ENG-Premier League,2425,Nottingham,Chris Wood,NZL,FW,32.0,1991.0,32.9,,,,,,,1,,,,,,,,
ENG-Premier League,2425,Nottingham,Danilo Santos,BRA,MF,23.0,2001.0,3.1,,,,,,,3,,,,,,,,
ENG-Premier League,2425,Nottingham,Elliot Anderson,ENG,MF,21.0,2002.0,30.3,,,,,,,86,,,,,,,,
ENG-Premier League,2425,Nottingham,Eric da Silva Moreira,GER,DF,18.0,2006.0,0.3,,,,,,,0,,,,,,,,
ENG-Premier League,2425,Nottingham,Harry Toffolo,ENG,DF,28.0,1995.0,1.5,,,,,,,4,,,,,,,,
ENG-Premier League,2425,Nottingham,Ibrahim Sangaré,CIV,MF,26.0,1997.0,6.6,,,,,,,2,,,,,,,,
ENG-Premier League,2425,Nottingham,James Ward-Prowse,ENG,MF,29.0,1994.0,4.4,,,,,,,19,,,,,,,,
ENG-Premier League,2425,Nottingham,Jota Silva,POR,MF,24.0,1999.0,9.5,,,,,,,21,,,,,,,,
ENG-Premier League,2425,Nottingham,Matz Sels,BEL,GK,32.0,1992.0,38.0,,,,,,,0,,,,,,,,
ENG-Premier League,2425,Nottingham,Morato,BRA,DF,23.0,2001.0,10.1,,,,,,,0,,,,,,,,
ENG-Premier League,2425,Nottingham,Morgan Gibbs-White,ENG,MF,24.0,2000.0,31.1,,,,,,,46,,,,,,,,
ENG-Premier League,2425,Nottingham,Murillo,BRA,DF,22.0,2002.0,35.4,,,,,,,14,,,,,,,,
ENG-Premier League,2425,Nottingham,Neco Williams,WAL,"DF,MF",23.0,2001.0,28.8,,,,,,,60,,,,,,,,
ENG-Premier League,2425,Nottingham,Nicolás Domínguez,ARG,MF,26.0,1998.0,21.8,,,,,,,8,,,,,,,,
ENG-Premier League,2425,Nottingham,Nikola Milenković,SRB,DF,26.0,1997.0,37.0,,,,,,,0,,,,,,,,
ENG-Premier League,2425,Nottingham,Ola Aina,NGA,DF,27.0,1996.0,33.3,,,,,,,59,,,,,,,,
ENG-Premier League,2425,Nottingham,Ramón Sosa,PAR,MF,24.0,1999.0,3.3,,,,,,,8,,,,,,,,
ENG-Premier League,2425,Nottingham,Ryan Yates,ENG,MF,26.0,1997.0,21.3,,,,,,,8,,,,,,,,
ENG-Premier League,2425,Nottingham,Taiwo Awoniyi,NGA,FW,26.0,1997.0,4.6,,,,,,,2,,,,,,,,
ENG-Premier League,2425,Nottingham,Willy Boly,CIV,DF,33.0,1991.0,1.7,,,,,,,0,,,,,,,,
ENG-Premier League,2425,Nottingham,Álex Moreno,ESP,DF,31.0,1993.0,10.6,,,,,,,19,,,,,,,,
ENG-Premier League,2425,Southampton,Aaron Ramsdale,ENG,GK,26.0,1998.0,30.0,,,,,,,0,,,,,,,,
ENG-Premier League,2425,Southampton,Adam Armstrong,ENG,"FW,MF",27.0,1997.0,13.9,,,,,,,14,,,,,,,,
ENG-Premier League,2425,Southampton,Adam Lallana,ENG,MF,36.0,1988.0,4.0,,,,,,,4,,,,,,,,
ENG-Premier League,2425,Southampton,Albert Grønbaek,DEN,"MF,FW",23.0,2001.0,1.6,,,,,,,1,,,,,,,,
ENG-Premier League,2425,Southampton,Alex McCarthy,ENG,GK,34.0,1989.0,5.0,,,,,,,0,,,,,,,,
ENG-Premier League,2425,Southampton,Armel Bella Kotchap,GER,DF,22.0,2001.0,3.7,,,,,,,0,,,,,,,,
ENG-Premier League,2425,Southampton,Ben Brereton,CHI,"FW,MF",25.0,1999.0,5.0,,,,,,,5,,,,,,,,
ENG-Premier League,2425,Southampton,Cameron Archer,ENG,FW,23.0,2001.0,16.0,,,,,,,4,,,,,,,,
ENG-Premier League,2425,Southampton,Carlos Alcaraz,ARG,MF,21.0,2002.0,0.1,,,,,,,1,,,,,,,,
ENG-Premier League,2425,Southampton,Charlie Taylor,ENG,DF,30.0,1993.0,4.0,,,,,,,9,,,,,,,,
ENG-Premier League,2425,Southampton,Flynn Downes,ENG,MF,25.0,1999.0,23.9,,,,,,,4,,,,,,,,
ENG-Premier League,2425,Southampton,Jack Stephens,ENG,DF,30.0,1994.0,15.4,,,,,,,1,,,,,,,,
ENG-Premier League,2425,Southampton,James Bree,ENG,"DF,MF",26.0,1997.0,11.9,,,,,,,29,,,,,,,,
ENG-Premier League,2425,Southampton,Jan Bednarek,POL,DF,28.0,1996.0,28.1,,,,,,,1,,,,,,,,
ENG-Premier League,2425,Southampton,Jay Robinson,ENG,MF,17.0,2007.0,1.5,,,,,,,1,,,,,,,,
ENG-Premier League,2425,Southampton,Joachim Kayi Sanda,FRA,DF,17.0,2006.0,0.2,,,,,,,0,,,,,,,,
ENG-Premier League,2425,Southampton,Joe Aribo,NGA,MF,28.0,1996.0,22.4,,,,,,,10,,,,,,,,
ENG-Premier League,2425,Southampton,Joe Lumley,ENG,GK,29.0,1995.0,3.0,,,,,,,0,,,,,,,,
ENG-Premier League,2425,Southampton,Kamaldeen Sulemana,GHA,"FW,MF",22.0,2002.0,15.6,,,,,,,26,,,,,,,,
ENG-Premier League,2425,Southampton,Kyle Walker-Peters,ENG,"MF,DF",27.0,1997.0,32.4,,,,,,,50,,,,,,,,
ENG-Premier League,2425,Southampton,Lesley Ugochukwu,FRA,MF,20.0,2004.0,18.4,,,,,,,6,,,,,,,,
ENG-Premier League,2425,Southampton,Mateus Fernandes,POR,MF,20.0,2004.0,32.3,,,,,,,113,,,,,,,,
ENG-Premier League,2425,Southampton,Maxwel Cornet,CIV,MF,27.0,1996.0,0.8,,,,,,,3,,,,,,,,
ENG-Premier League,2425,Southampton,Nathan Wood-Gordon,ENG,DF,22.0,2002.0,8.6,,,,,,,3,,,,,,,,
ENG-Premier League,2425,Southampton,Paul Onuachu,NGA,FW,30.0,1994.0,11.7,,,,,,,0,,,,,,,,
ENG-Premier League,2425,Southampton,Ronnie Edwards,ENG,DF,21.0,2003.0,0.1,,,,,,,0,,,,,,,,
ENG-Premier League,2425,Southampton,Ross Stewart,SCO,FW,28.0,1996.0,4.3,,,,,,,0,,,,,,,,
ENG-Premier League,2425,Southampton,Ryan Fraser,SCO,"MF,DF",30.0,1994.0,3.4,,,,,,,12,,,,,,,,
ENG-Premier League,2425,Southampton,Ryan Manning,IRL,"DF,MF",28.0,1996.0,16.2,,,,,,,84,,,,,,,,
ENG-Premier League,2425,Southampton,Samuel Amo-Ameyaw,ENG,"FW,MF",18.0,2006.0,0.3,,,,,,,2,,,,,,,,
ENG-Premier League,2425,Southampton,Samuel Edozie,ENG,"FW,MF",21.0,2003.0,0.7,,,,,,,4,,,,,,,,
ENG-Premier League,2425,Southampton,Taylor Harwood-Bellis,ENG,DF,22.0,2002.0,31.4,,,,,,,10,,,,,,,,
ENG-Premier League,2425,Southampton,Tyler Dibling,ENG,"MF,FW",18.0,2006.0,20.8,,,,,,,28,,,,,,,,
ENG-Premier League,2425,Southampton,Welington,BRA,"MF,DF",23.0,2001.0,5.4,,,,,,,17,,,,,,,,
ENG-Premier League,2425,Southampton,William Smallbone,IRL,MF,24.0,2000.0,7.7,,,,,,,36,,,,,,,,
ENG-Premier League,2425,Southampton,Yukinari Sugawara,JPN,"MF,DF",24.0,2000.0,17.3,,,,,,,70,,,,,,,,
ENG-Premier League,2425,Tottenham,Alfie Dorrington,ENG,DF,19.0,2005.0,0.2,,,,,,,0,,,,,,,,
ENG-Premier League,2425,Tottenham,Antonín Kinský,CZE,GK,21.0,2003.0,6.0,,,,,,,0,,,,,,,,
ENG-Premier League,2425,Tottenham,Archie Gray,ENG,"DF,MF",18.0,2006.0,19.5,,,,,,,17,,,,,,,,
ENG-Premier League,2425,Tottenham,Ben Davies,WAL,DF,31.0,1993.0,14.8,,,,,,,4,,,,,,,,
ENG-Premier League,2425,Tottenham,Brandon Austin,ENG,GK,25.0,1999.0,1.0,,,,,,,0,,,,,,,,
ENG-Premier League,2425,Tottenham,Brennan Johnson,WAL,"FW,MF",23.0,2001.0,24.2,,,,,,,52,,,,,,,,
ENG-Premier League,2425,Tottenham,Cristian Romero,ARG,DF,26.0,1998.0,15.7,,,,,,,3,,,,,,,,
ENG-Premier League,2425,Tottenham,Dane Scarlett,ENG,FW,20.0,2004.0,0.4,,,,,,,0,,,,,,,,
ENG-Premier League,2425,Tottenham,Dejan Kulusevski,SWE,"MF,FW",24.0,2000.0,26.5,,,,,,,84,,,,,,,,
ENG-Premier League,2425,Tottenham,Destiny Udogie,ITA,DF,21.0,2002.0,21.4,,,,,,,19,,,,,,,,
ENG-Premier League,2425,Tottenham,Djed Spence,ENG,DF,23.0,2000.0,19.9,,,,,,,23,,,,,,,,
ENG-Premier League,2425,Tottenham,Dominic Solanke,ENG,FW,26.0,1997.0,24.5,,,,,,,4,,,,,,,,
ENG-Premier League,2425,Tottenham,Fraser Forster,ENG,GK,36.0,1988.0,7.0,,,,,,,0,,,,,,,,
ENG-Premier League,2425,Tottenham,Guglielmo Vicario,ITA,GK,27.0,1996.0,24.0,,,,,,,0,,,,,,,,
ENG-Premier League,2425,Tottenham,James Maddison,ENG,MF,27.0,1996.0,20.1,,,,,,,96,,,,,,,,
ENG-Premier League,2425,Tottenham,Kevin Danso,AUT,DF,25.0,1998.0,9.4,,,,,,,1,,,,,,,,
ENG-Premier League,2425,Tottenham,Lucas Bergvall,SWE,MF,18.0,2006.0,13.5,,,,,,,21,,,,,,,,
ENG-Premier League,2425,Tottenham,Mathys Tel,FRA,FW,19.0,2005.0,10.1,,,,,,,32,,,,,,,,
ENG-Premier League,2425,Tottenham,Micky van de Ven,NED,DF,23.0,2001.0,11.3,,,,,,,0,,,,,,,,
ENG-Premier League,2425,Tottenham,Mikey Moore,ENG,"MF,FW",16.0,2007.0,4.1,,,,,,,16,,,,,,,,
ENG-Premier League,2425,Tottenham,Pape Matar Sarr,SEN,MF,21.0,2002.0,21.3,,,,,,,14,,,,,,,,
ENG-Premier League,2425,Tottenham,Pedro Porro,ESP,DF,24.0,1999.0,29.0,,,,,,,200,,,,,,,,
ENG-Premier League,2425,Tottenham,Radu Drăgușin,ROU,DF,22.0,2002.0,13.9,,,,,,,1,,,,,,,,
ENG-Premier League,2425,Tottenham,Richarlison,BRA,FW,27.0,1997.0,5.6,,,,,,,7,,,,,,,,
ENG-Premier League,2425,Tottenham,Rodrigo Bentancur,URU,MF,27.0,1997.0,18.3,,,,,,,4,,,,,,,,
ENG-Premier League,2425,Tottenham,Sergio Reguilón,ESP,DF,27.0,1996.0,2.2,,,,,,,12,,,,,,,,
ENG-Premier League,2425,Tottenham,Son Heung-min,KOR,"FW,MF",32.0,1992.0,23.4,,,,,,,76,,,,,,,,
ENG-Premier League,2425,Tottenham,Timo Werner,GER,"FW,MF",28.0,1996.0,5.7,,,,,,,27,,,,,,,,
ENG-Premier League,2425,Tottenham,Will Lankshear,ENG,FW,19.0,2005.0,0.1,,,,,,,0,,,,,,,,
ENG-Premier League,2425,Tottenham,Wilson Odobert,FRA,"FW,MF",19.0,2004.0,9.4,,,,,,,25,,,,,,,,
ENG-Premier League,2425,Tottenham,Yves Bissouma,MLI,MF,27.0,1996.0,15.6,,,,,,,2,,,,,,,,
ENG-Premier League,2425,West Ham,Aaron Cresswell,ENG,DF,34.0,1989.0,9.2,,,,,,,37,,,,,,,,
ENG-Premier League,2425,West Ham,Aaron Wan-Bissaka,COD,"DF,MF",26.0,1997.0,35.0,,,,,,,76,,,,,,,,
ENG-Premier League,2425,West Ham,Alphonse Areola,FRA,GK,31.0,1993.0,25.1,,,,,,,0,,,,,,,,
ENG-Premier League,2425,West Ham,Andy Irving,SCO,MF,24.0,2000.0,1.8,,,,,,,2,,,,,,,,
ENG-Premier League,2425,West Ham,Carlos Soler,ESP,MF,27.0,1997.0,15.7,,,,,,,35,,,,,,,,
ENG-Premier League,2425,West Ham,Crysencio Summerville,NED,"MF,FW",22.0,2001.0,8.7,,,,,,,21,,,,,,,,
ENG-Premier League,2425,West Ham,Danny Ings,ENG,FW,32.0,1992.0,3.2,,,,,,,3,,,,,,,,
ENG-Premier League,2425,West Ham,Edson Álvarez,MEX,MF,26.0,1997.0,19.7,,,,,,,7,,,,,,,,
ENG-Premier League,2425,West Ham,Emerson Palmieri,ITA,"DF,MF",29.0,1994.0,23.5,,,,,,,62,,,,,,,,
ENG-Premier League,2425,West Ham,Evan Ferguson,IRL,FW,19.0,2004.0,1.7,,,,,,,0,,,,,,,,
ENG-Premier League,2425,West Ham,Guido Rodríguez,ARG,MF,30.0,1994.0,12.8,,,,,,,5,,,,,,,,
ENG-Premier League,2425,West Ham,James Ward-Prowse,ENG,MF,29.0,1994.0,11.5,,,,,,,48,,,,,,,,
ENG-Premier League,2425,West Ham,Jarrod Bowen,ENG,"MF,FW",27.0,1996.0,33.0,,,,,,,106,,,,,,,,
ENG-Premier League,2425,West Ham,Jean-Clair Todibo,FRA,DF,24.0,1999.0,20.3,,,,,,,3,,,,,,,,
ENG-Premier League,2425,West Ham,Kaelan Casey,ENG,DF,19.0,2004.0,0.0,,,,,,,0,,,,,,,,
ENG-Premier League,2425,West Ham,Konstantinos Mavropanos,GRE,DF,26.0,1997.0,22.7,,,,,,,2,,,,,,,,
ENG-Premier League,2425,West Ham,Lewis Orford,ENG,MF,18.0,2006.0,0.5,,,,,,,1,,,,,,,,
ENG-Premier League,2425,West Ham,Lucas Paquetá,BRA,"MF,FW",26.0,1997.0,26.4,,,,,,,29,,,,,,,,
ENG-Premier League,2425,West Ham,Luis Guilherme,BRA,MF,18.0,2006.0,1.7,,,,,,,8,,,,,,,,
ENG-Premier League,2425,West Ham,Max Kilman,ENG,DF,27.0,1997.0,37.2,,,,,,,4,,,,,,,,
ENG-Premier League,2425,West Ham,Michail Antonio,JAM,FW,34.0,1990.0,9.3,,,,,,,25,,,,,,,,
ENG-Premier League,2425,West Ham,Mohammed Kudus,GHA,"MF,FW",23.0,2000.0,28.8,,,,,,,81,,,,,,,,
ENG-Premier League,2425,West Ham,Niclas Füllkrug,GER,FW,31.0,1993.0,8.8,,,,,,,1,,,,,,,,
ENG-Premier League,2425,West Ham,Oliver Scarles,ENG,"MF,DF",18.0,2005.0,7.4,,,,,,,15,,,,,,,,
ENG-Premier League,2425,West Ham,Tomáš Souček,CZE,MF,29.0,1995.0,28.5,,,,,,,13,,,,,,,,
ENG-Premier League,2425,West Ham,Vladimír Coufal,CZE,"DF,MF",31.0,1992.0,11.9,,,,,,,28,,,,,,,,
ENG-Premier League,2425,West Ham,Łukasz Fabiański,POL,GK,39.0,1985.0,12.9,,,,,,,0,,,,,,,,
ENG-Premier League,2425,Wolves,Alfie Pond,ENG,DF,20.0,2004.0,0.0,,,,,,,0,,,,,,,,
ENG-Premier League,2425,Wolves,André,BRA,MF,23.0,2001.0,27.5,,,,,,,0,,,,,,,,
ENG-Premier League,2425,Wolves,Boubacar Traoré,MLI,MF,22.0,2001.0,0.0,,,,,,,0,,,,,,,,
ENG-Premier League,2425,Wolves,Carlos Forbs,POR,MF,20.0,2004.0,2.7,,,,,,,8,,,,,,,,
ENG-Premier League,2425,Wolves,Chiquinho,POR,"FW,MF",24.0,2000.0,0.1,,,,,,,1,,,,,,,,
ENG-Premier League,2425,Wolves,Craig Dawson,ENG,DF,34.0,1990.0,10.8,,,,,,,0,,,,,,,,
ENG-Premier League,2425,Wolves,Daniel Bentley,ENG,GK,31.0,1993.0,2.0,,,,,,,0,,,,,,,,
ENG-Premier League,2425,Wolves,Daniel Podence,POR,"FW,MF",28.0,1995.0,0.5,,,,,,,1,,,,,,,,
ENG-Premier League,2425,Wolves,Emmanuel Agbadou,CIV,DF,27.0,1997.0,15.7,,,,,,,2,,,,,,,,
ENG-Premier League,2425,Wolves,Gonçalo Guedes,POR,"MF,FW",27.0,1996.0,11.1,,,,,,,22,,,,,,,,
ENG-Premier League,2425,Wolves,Hwang Hee-chan,KOR,"MF,FW",28.0,1996.0,7.3,,,,,,,7,,,,,,,,
ENG-Premier League,2425,Wolves,Jean-Ricner Bellegarde,HAI,MF,26.0,1998.0,18.6,,,,,,,42,,,,,,,,
ENG-Premier League,2425,Wolves,José Sá,POR,GK,31.0,1993.0,29.0,,,,,,,0,,,,,,,,
ENG-Premier League,2425,Wolves,João Gomes,BRA,MF,23.0,2001.0,33.0,,,,,,,29,,,,,,,,
ENG-Premier League,2425,Wolves,Jørgen Strand Larsen,NOR,FW,24.0,2000.0,28.7,,,,,,,6,,,,,,,,
ENG-Premier League,2425,Wolves,Mario Lemina,GAB,"MF,DF",30.0,1993.0,15.2,,,,,,,10,,,,,,,,
ENG-Premier League,2425,Wolves,Marshall Munetsi,ZIM,"MF,FW",28.0,1996.0,12.0,,,,,,,10,,,,,,,,
ENG-Premier League,2425,Wolves,Mateus Mane,POR,MF,16.0,2007.0,0.0,,,,,,,0,,,,,,,,
ENG-Premier League,2425,Wolves,Matheus Cunha,BRA,MF,25.0,1999.0,28.9,,,,,,,143,,,,,,,,
ENG-Premier League,2425,Wolves,Matt Doherty,IRL,"DF,MF",32.0,1992.0,23.4,,,,,,,22,,,,,,,,
ENG-Premier League,2425,Wolves,Nasser Djiga,BFA,DF,21.0,2002.0,0.7,,,,,,,0,,,,,,,,
ENG-Premier League,2425,Wolves,Nélson Semedo,POR,"MF,DF",30.0,1993.0,32.1,,,,,,,63,,,,,,,,
ENG-Premier League,2425,Wolves,Pablo Sarabia,ESP,MF,32.0,1992.0,9.0,,,,,,,45,,,,,,,,
ENG-Premier League,2425,Wolves,Pedro Lima,BRA,MF,18.0,2006.0,0.8,,,,,,,5,,,,,,,,
ENG-Premier League,2425,Wolves,Rayan Aït-Nouri,ALG,"MF,DF",23.0,2001.0,34.5,,,,,,,94,,,,,,,,
ENG-Premier League,2425,Wolves,Rodrigo Gomes,POR,MF,21.0,2003.0,9.0,,,,,,,23,,,,,,,,
ENG-Premier League,2425,Wolves,Sam Johnstone,ENG,GK,31.0,1993.0,7.0,,,,,,,0,,,,,,,,
ENG-Premier League,2425,Wolves,Santiago Bueno,URU,DF,25.0,1998.0,18.7,,,,,,,0,,,,,,,,
ENG-Premier League,2425,Wolves,Tom King,WAL,GK,29.0,1995.0,0.0,,,,,,,0,,,,,,,,
ENG-Premier League,2425,Wolves,Tommy Doyle,ENG,MF,22.0,2001.0,5.4,,,,,,,15,,,,,,,,
ENG-Premier League,2425,Wolves,Toti Gomes,POR,DF,25.0,1999.0,29.0,,,,,,,13,,,,,,,,
ENG-Premier League,2425,Wolves,Yerson Mosquera,COL,DF,23.0,2001.0,4.9,,,,,,,2,,,,,,,,
ENG-Premier League,2526,Arsenal,Ben White,ENG,DF,27.0,1997.0,7.8,,,,,,,16,,,,,,,,
ENG-Premier League,2526,Arsenal,Bukayo Saka,ENG,"FW,MF",23.0,2001.0,24.7,,,,,,,122,,,,,,,,
ENG-Premier League,2526,Arsenal,Christian Nørgaard,DEN,MF,31.0,1994.0,1.2,,,,,,,1,,,,,,,,
ENG-Premier League,2526,Arsenal,Cristhian Mosquera,ESP,DF,21.0,2004.0,11.0,,,,,,,3,,,,,,,,
ENG-Premier League,2526,Arsenal,David Raya,ESP,GK,29.0,1995.0,37.0,,,,,,,1,,,,,,,,
ENG-Premier League,2526,Arsenal,Declan Rice,ENG,MF,26.0,1999.0,34.4,,,,,,,177,,,,,,,,
ENG-Premier League,2526,Arsenal,Eberechi Eze,ENG,"MF,FW",27.0,1998.0,20.1,,,,,,,8,,,,,,,,
ENG-Premier League,2526,Arsenal,Ethan Nwaneri,ENG,MF,18.0,2007.0,1.9,,,,,,,2,,,,,,,,
ENG-Premier League,2526,Arsenal,Gabriel Jesus,BRA,FW,28.0,1997.0,4.8,,,,,,,0,,,,,,,,
ENG-Premier League,2526,Arsenal,Gabriel Magalhães,BRA,DF,27.0,1997.0,30.6,,,,,,,6,,,,,,,,
ENG-Premier League,2526,Arsenal,Gabriel Martinelli,BRA,"FW,MF",24.0,2001.0,12.0,,,,,,,37,,,,,,,,
ENG-Premier League,2526,Arsenal,Jurriën Timber,NED,DF,24.0,2001.0,27.3,,,,,,,46,,,,,,,,
ENG-Premier League,2526,Arsenal,Kai Havertz,GER,"FW,MF",26.0,1999.0,6.5,,,,,,,6,,,,,,,,
ENG-Premier League,2526,Arsenal,Kepa Arrizabalaga,ESP,GK,30.0,1994.0,1.0,,,,,,,0,,,,,,,,
ENG-Premier League,2526,Arsenal,Leandro Trossard,BEL,"FW,MF",30.0,1994.0,22.2,,,,,,,58,,,,,,,,
ENG-Premier League,2526,Arsenal,Martin Ødegaard,NOR,MF,26.0,1998.0,15.2,,,,,,,22,,,,,,,,
ENG-Premier League,2526,Arsenal,Martín Zubimendi,ESP,MF,26.0,1999.0,33.2,,,,,,,13,,,,,,,,
ENG-Premier League,2526,Arsenal,Max Dowman,ENG,MF,15.0,2009.0,1.7,,,,,,,6,,,,,,,,
ENG-Premier League,2526,Arsenal,Mikel Merino,ESP,"MF,FW",29.0,1996.0,11.5,,,,,,,4,,,,,,,,
ENG-Premier League,2526,Arsenal,Myles Lewis-Skelly,ENG,"MF,DF",18.0,2006.0,7.9,,,,,,,0,,,,,,,,
ENG-Premier League,2526,Arsenal,Noni Madueke,ENG,"FW,MF",23.0,2002.0,13.5,,,,,,,80,,,,,,,,
ENG-Premier League,2526,Arsenal,Piero Hincapié,ECU,DF,23.0,2002.0,19.9,,,,,,,33,,,,,,,,
ENG-Premier League,2526,Arsenal,Riccardo Calafiori,ITA,DF,23.0,2002.0,18.9,,,,,,,21,,,,,,,,
ENG-Premier League,2526,Arsenal,Viktor Gyökeres,SWE,FW,27.0,1998.0,24.7,,,,,,,8,,,,,,,,
ENG-Premier League,2526,Arsenal,William Saliba,FRA,DF,24.0,2001.0,29.0,,,,,,,9,,,,,,,,
ENG-Premier League,2526,Aston Villa,Alysson,BRA,MF,19.0,2006.0,0.5,,,,,,,2,,,,,,,,
ENG-Premier League,2526,Aston Villa,Amadou Onana,BEL,MF,23.0,2001.0,19.5,,,,,,,0,,,,,,,,
ENG-Premier League,2526,Aston Villa,Andrés García,ESP,DF,22.0,2003.0,1.0,,,,,,,4,,,,,,,,
ENG-Premier League,2526,Aston Villa,Boubacar Kamara,FRA,MF,25.0,1999.0,15.7,,,,,,,2,,,,,,,,
ENG-Premier League,2526,Aston Villa,Bradley Burrowes,ENG,MF,17.0,2008.0,0.2,,,,,,,3,,,,,,,,
ENG-Premier League,2526,Aston Villa,Donyell Malen,NED,"FW,MF",26.0,1999.0,7.3,,,,,,,7,,,,,,,,
ENG-Premier League,2526,Aston Villa,Douglas Luiz,BRA,MF,27.0,1998.0,6.7,,,,,,,28,,,,,,,,
ENG-Premier League,2526,Aston Villa,Emi Buendía,ARG,MF,28.0,1996.0,19.5,,,,,,,10,,,,,,,,
ENG-Premier League,2526,Aston Villa,Emiliano Martínez,ARG,GK,32.0,1992.0,31.5,,,,,,,0,,,,,,,,
ENG-Premier League,2526,Aston Villa,Evann Guessand,CIV,MF,24.0,2001.0,6.5,,,,,,,10,,,,,,,,
ENG-Premier League,2526,Aston Villa,Ezri Konsa,ENG,DF,27.0,1997.0,33.7,,,,,,,5,,,,,,,,
ENG-Premier League,2526,Aston Villa,George Hemmings,ENG,MF,18.0,2007.0,0.3,,,,,,,0,,,,,,,,
ENG-Premier League,2526,Aston Villa,Harvey Elliott,ENG,MF,22.0,2003.0,1.2,,,,,,,3,,,,,,,,
ENG-Premier League,2526,Aston Villa,Ian Maatsen,NED,DF,23.0,2002.0,17.8,,,,,,,54,,,,,,,,
ENG-Premier League,2526,Aston Villa,Jadon Sancho,ENG,MF,25.0,2000.0,9.7,,,,,,,23,,,,,,,,
ENG-Premier League,2526,Aston Villa,Jamaldeen Jimoh,ENG,MF,18.0,2006.0,0.1,,,,,,,0,,,,,,,,
ENG-Premier League,2526,Aston Villa,John McGinn,SCO,MF,30.0,1994.0,23.7,,,,,,,82,,,,,,,,
ENG-Premier League,2526,Aston Villa,Lamare Bogarde,NED,"MF,DF",21.0,2004.0,11.7,,,,,,,2,,,,,,,,
ENG-Premier League,2526,Aston Villa,Leon Bailey,JAM,MF,27.0,1997.0,5.1,,,,,,,19,,,,,,,,
ENG-Premier League,2526,Aston Villa,Lucas Digne,FRA,DF,32.0,1993.0,20.6,,,,,,,108,,,,,,,,
ENG-Premier League,2526,Aston Villa,Marco Bizot,NED,GK,34.0,1991.0,6.5,,,,,,,0,,,,,,,,
ENG-Premier League,2526,Aston Villa,Matty Cash,POL,DF,27.0,1997.0,33.5,,,,,,,131,,,,,,,,
ENG-Premier League,2526,Aston Villa,Morgan Rogers,ENG,MF,23.0,2002.0,36.4,,,,,,,51,,,,,,,,
ENG-Premier League,2526,Aston Villa,Ollie Watkins,ENG,FW,29.0,1995.0,31.5,,,,,,,7,,,,,,,,
ENG-Premier League,2526,Aston Villa,Pau Torres,ESP,DF,28.0,1997.0,18.6,,,,,,,4,,,,,,,,
ENG-Premier League,2526,Aston Villa,Ross Barkley,ENG,MF,31.0,1993.0,9.5,,,,,,,0,,,,,,,,
ENG-Premier League,2526,Aston Villa,Tammy Abraham,ENG,FW,27.0,1997.0,3.2,,,,,,,1,,,,,,,,
ENG-Premier League,2526,Aston Villa,Tyrone Mings,ENG,DF,32.0,1993.0,14.7,,,,,,,4,,,,,,,,
ENG-Premier League,2526,Aston Villa,Victor Lindelöf,SWE,"DF,MF",31.0,1994.0,10.5,,,,,,,0,,,,,,,,
ENG-Premier League,2526,Aston Villa,Youri Tielemans,BEL,MF,28.0,1997.0,20.7,,,,,,,45,,,,,,,,
ENG-Premier League,2526,Bournemouth,Adam Smith,ENG,DF,34.0,1991.0,12.0,,,,,,,13,,,,,,,,
ENG-Premier League,2526,Bournemouth,Adrien Truffert,FRA,DF,23.0,2001.0,37.5,,,,,,,142,,,,,,,,
ENG-Premier League,2526,Bournemouth,Alex Scott,ENG,MF,21.0,2003.0,31.7,,,,,,,88,,,,,,,,
ENG-Premier League,2526,Bournemouth,Alex Tóth,HUN,MF,19.0,2005.0,1.6,,,,,,,3,,,,,,,,
ENG-Premier League,2526,Bournemouth,Amine Adli,MAR,MF,25.0,2000.0,12.2,,,,,,,39,,,,,,,,
ENG-Premier League,2526,Bournemouth,Antoine Semenyo,GHA,MF,25.0,2000.0,20.0,,,,,,,28,,,,,,,,
ENG-Premier League,2526,Bournemouth,Bafodé Diakité,FRA,DF,24.0,2001.0,14.2,,,,,,,1,,,,,,,,
ENG-Premier League,2526,Bournemouth,Ben Gannon-Doak,SCO,MF,19.0,2005.0,1.3,,,,,,,4,,,,,,,,
ENG-Premier League,2526,Bournemouth,Ben Winterburn,ENG,MF,20.0,2004.0,0.1,,,,,,,0,,,,,,,,
ENG-Premier League,2526,Bournemouth,David Brooks,WAL,MF,28.0,1997.0,13.4,,,,,,,59,,,,,,,,
ENG-Premier League,2526,Bournemouth,Eli Junior Kroupi,FRA,"MF,FW",19.0,2006.0,18.6,,,,,,,10,,,,,,,,
ENG-Premier League,2526,Bournemouth,Enes Ünal,TUR,FW,28.0,1997.0,2.6,,,,,,,2,,,,,,,,
ENG-Premier League,2526,Bournemouth,Evanilson,BRA,FW,25.0,1999.0,30.5,,,,,,,3,,,,,,,,
ENG-Premier League,2526,Bournemouth,Hamed Junior Traorè,CIV,MF,25.0,2000.0,0.2,,,,,,,1,,,,,,,,
ENG-Premier League,2526,Bournemouth,James Hill,ENG,DF,23.0,2002.0,23.4,,,,,,,11,,,,,,,,
ENG-Premier League,2526,Bournemouth,Julio Soler,ARG,DF,20.0,2005.0,0.4,,,,,,,2,,,,,,,,
ENG-Premier League,2526,Bournemouth,Justin Kluivert,NED,MF,26.0,1999.0,10.6,,,,,,,40,,,,,,,,
ENG-Premier League,2526,Bournemouth,Lewis Cook,ENG,"MF,DF",28.0,1997.0,9.7,,,,,,,44,,,,,,,,
ENG-Premier League,2526,Bournemouth,Marcos Senesi,ARG,DF,28.0,1997.0,36.5,,,,,,,28,,,,,,,,
ENG-Premier League,2526,Bournemouth,Marcus Tavernier,ENG,MF,26.0,1999.0,30.3,,,,,,,114,,,,,,,,
ENG-Premier League,2526,Bournemouth,Rayan,BRA,MF,18.0,2006.0,12.3,,,,,,,24,,,,,,,,
ENG-Premier League,2526,Bournemouth,Ryan Christie,SCO,MF,30.0,1995.0,11.0,,,,,,,17,,,,,,,,
ENG-Premier League,2526,Bournemouth,Tyler Adams,USA,MF,26.0,1999.0,19.7,,,,,,,3,,,,,,,,
ENG-Premier League,2526,Bournemouth,Veljko Milosavljević,SRB,DF,18.0,2007.0,4.1,,,,,,,0,,,,,,,,
ENG-Premier League,2526,Bournemouth,Álex Jiménez,ESP,"DF,MF",20.0,2005.0,25.7,,,,,,,51,,,,,,,,
ENG-Premier League,2526,Bournemouth,Đorđe Petrović,SRB,GK,25.0,1999.0,38.0,,,,,,,0,,,,,,,,
ENG-Premier League,2526,Brentford,Aaron Hickey,SCO,"DF,MF",23.0,2002.0,7.7,,,,,,,4,,,,,,,,
ENG-Premier League,2526,Brentford,Antoni Milambo,NED,MF,20.0,2005.0,0.5,,,,,,,0,,,,,,,,
ENG-Premier League,2526,Brentford,Caoimhín Kelleher,IRL,GK,26.0,1998.0,37.0,,,,,,,0,,,,,,,,
ENG-Premier League,2526,Brentford,Dango Ouattara,BFA,MF,23.0,2002.0,25.3,,,,,,,107,,,,,,,,
ENG-Premier League,2526,Brentford,Ethan Pinnock,JAM,DF,32.0,1993.0,3.5,,,,,,,0,,,,,,,,
ENG-Premier League,2526,Brentford,Fabio Carvalho,POR,MF,22.0,2002.0,1.1,,,,,,,5,,,,,,,,
ENG-Premier League,2526,Brentford,Frank Onyeka,NGA,MF,27.0,1998.0,1.0,,,,,,,0,,,,,,,,
ENG-Premier League,2526,Brentford,Hákon Valdimarsson,ISL,GK,23.0,2001.0,1.0,,,,,,,0,,,,,,,,
ENG-Premier League,2526,Brentford,Igor Thiago,BRA,FW,24.0,2001.0,36.5,,,,,,,19,,,,,,,,
ENG-Premier League,2526,Brentford,Jordan Henderson,ENG,MF,35.0,1990.0,21.3,,,,,,,48,,,,,,,,
ENG-Premier League,2526,Brentford,Josh Dasilva,ENG,MF,26.0,1998.0,0.0,,,,,,,0,,,,,,,,
ENG-Premier League,2526,Brentford,Kaye Furo,BEL,FW,18.0,2007.0,0.0,,,,,,,0,,,,,,,,
ENG-Premier League,2526,Brentford,Keane Lewis-Potter,ENG,"DF,MF",24.0,2001.0,21.9,,,,,,,69,,,,,,,,
ENG-Premier League,2526,Brentford,Kevin Schade,GER,"MF,FW",23.0,2001.0,30.5,,,,,,,23,,,,,,,,
ENG-Premier League,2526,Brentford,Kristoffer Ajer,NOR,DF,27.0,1998.0,20.1,,,,,,,7,,,,,,,,
ENG-Premier League,2526,Brentford,Mathias Jensen,DEN,MF,29.0,1996.0,25.0,,,,,,,124,,,,,,,,
ENG-Premier League,2526,Brentford,Michael Kayode,ITA,DF,21.0,2004.0,36.2,,,,,,,56,,,,,,,,
ENG-Premier League,2526,Brentford,Mikkel Damsgaard,DEN,MF,25.0,2000.0,22.8,,,,,,,95,,,,,,,,
ENG-Premier League,2526,Brentford,Myles Peart-Harris,ENG,MF,22.0,2002.0,0.0,,,,,,,0,,,,,,,,
ENG-Premier League,2526,Brentford,Nathan Collins,IRL,DF,24.0,2001.0,33.1,,,,,,,1,,,,,,,,
ENG-Premier League,2526,Brentford,Reiss Nelson,ENG,"FW,MF",25.0,1999.0,1.4,,,,,,,2,,,,,,,,
ENG-Premier League,2526,Brentford,Rico Henry,JAM,DF,28.0,1997.0,14.8,,,,,,,26,,,,,,,,
ENG-Premier League,2526,Brentford,Romelle Donovan,ENG,FW,18.0,2006.0,0.5,,,,,,,2,,,,,,,,
ENG-Premier League,2526,Brentford,Sepp van den Berg,NED,DF,23.0,2001.0,30.7,,,,,,,0,,,,,,,,
ENG-Premier League,2526,Brentford,Vitaly Janelt,GER,MF,27.0,1998.0,16.0,,,,,,,61,,,,,,,,
ENG-Premier League,2526,Brentford,Yehor Yarmoliuk,UKR,MF,21.0,2004.0,29.5,,,,,,,30,,,,,,,,
ENG-Premier League,2526,Brighton,Bart Verbruggen,NED,GK,22.0,2002.0,38.0,,,,,,,0,,,,,,,,
ENG-Premier League,2526,Brighton,Brajan Gruda,GER,MF,21.0,2004.0,8.0,,,,,,,14,,,,,,,,
ENG-Premier League,2526,Brighton,Carlos Baleba,CMR,MF,21.0,2004.0,18.4,,,,,,,0,,,,,,,,
ENG-Premier League,2526,Brighton,Charalampos Kostoulas,GRE,FW,18.0,2007.0,4.1,,,,,,,6,,,,,,,,
ENG-Premier League,2526,Brighton,Danny Welbeck,ENG,FW,34.0,1990.0,25.1,,,,,,,3,,,,,,,,
ENG-Premier League,2526,Brighton,Diego Coppola,ITA,DF,21.0,2003.0,2.2,,,,,,,0,,,,,,,,
ENG-Premier League,2526,Brighton,Diego Gómez,PAR,"MF,FW",22.0,2003.0,23.6,,,,,,,23,,,,,,,,
ENG-Premier League,2526,Brighton,Ferdi Kadioglu,TUR,"DF,MF",25.0,1999.0,34.8,,,,,,,109,,,,,,,,
ENG-Premier League,2526,Brighton,Georginio Rutter,FRA,"MF,FW",23.0,2002.0,19.8,,,,,,,20,,,,,,,,
ENG-Premier League,2526,Brighton,Harry Howell,ENG,MF,17.0,2008.0,1.0,,,,,,,4,,,,,,,,
ENG-Premier League,2526,Brighton,Jack Hinshelwood,ENG,MF,20.0,2005.0,19.3,,,,,,,7,,,,,,,,
ENG-Premier League,2526,Brighton,James Milner,ENG,MF,39.0,1986.0,8.7,,,,,,,14,,,,,,,,
ENG-Premier League,2526,Brighton,Jan Paul van Hecke,NED,DF,25.0,2000.0,35.7,,,,,,,23,,,,,,,,
ENG-Premier League,2526,Brighton,Joe Knight,ENG,MF,19.0,2005.0,0.0,,,,,,,0,,,,,,,,
ENG-Premier League,2526,Brighton,Joël Veltman,NED,DF,33.0,1992.0,11.8,,,,,,,18,,,,,,,,
ENG-Premier League,2526,Brighton,Kaoru Mitoma,JPN,"MF,FW",28.0,1997.0,19.1,,,,,,,46,,,,,,,,
ENG-Premier League,2526,Brighton,Lewis Dunk,ENG,DF,33.0,1991.0,31.5,,,,,,,5,,,,,,,,
ENG-Premier League,2526,Brighton,Mats Wieffer,NED,DF,25.0,1999.0,21.1,,,,,,,17,,,,,,,,
ENG-Premier League,2526,Brighton,Matt O'Riley,DEN,MF,24.0,2000.0,2.3,,,,,,,6,,,,,,,,
ENG-Premier League,2526,Brighton,Maxim De Cuyper,BEL,"DF,MF",24.0,2000.0,15.7,,,,,,,77,,,,,,,,
ENG-Premier League,2526,Brighton,Nehemiah Oriola,ENG,MF,18.0,2007.0,0.0,,,,,,,0,,,,,,,,
ENG-Premier League,2526,Brighton,Olivier Boscagli,FRA,DF,27.0,1997.0,8.9,,,,,,,15,,,,,,,,
ENG-Premier League,2526,Brighton,Pascal Groß,GER,MF,34.0,1991.0,18.2,,,,,,,119,,,,,,,,
ENG-Premier League,2526,Brighton,Solly March,ENG,MF,31.0,1994.0,0.5,,,,,,,4,,,,,,,,
ENG-Premier League,2526,Brighton,Stefanos Tzimas,GRE,FW,19.0,2006.0,1.5,,,,,,,1,,,,,,,,
ENG-Premier League,2526,Brighton,Tom Watson,ENG,MF,19.0,2006.0,0.7,,,,,,,0,,,,,,,,
ENG-Premier League,2526,Brighton,Yankuba Minteh,GAM,MF,21.0,2004.0,26.6,,,,,,,159,,,,,,,,
ENG-Premier League,2526,Brighton,Yasin Ayari,SWE,MF,21.0,2003.0,21.4,,,,,,,24,,,,,,,,
ENG-Premier League,2526,Burnley,Armando Broja,ALB,FW,23.0,2001.0,9.6,,,,,,,3,,,,,,,,
ENG-Premier League,2526,Burnley,Ashley Barnes,ENG,"FW,MF",35.0,1989.0,0.5,,,,,,,0,,,,,,,,
ENG-Premier League,2526,Burnley,Axel Tuanzebe,COD,DF,27.0,1997.0,13.3,,,,,,,1,,,,,,,,
ENG-Premier League,2526,Burnley,Bashir Humphreys,ENG,"DF,MF",22.0,2003.0,17.5,,,,,,,17,,,,,,,,
ENG-Premier League,2526,Burnley,Florentino Luís,POR,MF,25.0,1999.0,23.4,,,,,,,11,,,,,,,,
ENG-Premier League,2526,Burnley,Hannibal Mejbri,TUN,MF,22.0,2003.0,13.7,,,,,,,30,,,,,,,,
ENG-Premier League,2526,Burnley,Hjalmar Ekdal,SWE,DF,26.0,1998.0,17.1,,,,,,,1,,,,,,,,
ENG-Premier League,2526,Burnley,Jacob Bruun Larsen,DEN,"MF,FW",26.0,1998.0,11.4,,,,,,,42,,,,,,,,
ENG-Premier League,2526,Burnley,Jaidon Anthony,ENG,MF,25.0,1999.0,30.2,,,,,,,80,,,,,,,,
ENG-Premier League,2526,Burnley,James Ward-Prowse,ENG,MF,30.0,1994.0,7.6,,,,,,,52,,,,,,,,
ENG-Premier League,2526,Burnley,Jaydon Amauri Banel,NED,"FW,MF",20.0,2004.0,0.1,,,,,,,0,,,,,,,,
ENG-Premier League,2526,Burnley,Joe Worrall,ENG,DF,28.0,1997.0,5.6,,,,,,,0,,,,,,,,
ENG-Premier League,2526,Burnley,Josh Cullen,IRL,MF,29.0,1996.0,16.8,,,,,,,12,,,,,,,,
ENG-Premier League,2526,Burnley,Josh Laurent,ENG,"DF,MF",30.0,1995.0,19.6,,,,,,,14,,,,,,,,
ENG-Premier League,2526,Burnley,Kyle Walker,ENG,"DF,MF",35.0,1990.0,34.4,,,,,,,37,,,,,,,,
ENG-Premier League,2526,Burnley,Lesley Ugochukwu,FRA,MF,21.0,2004.0,26.0,,,,,,,7,,,,,,,,
ENG-Premier League,2526,Burnley,Loum Tchaouna,FRA,"MF,FW",21.0,2003.0,14.1,,,,,,,34,,,,,,,,
ENG-Premier League,2526,Burnley,Lucas,BRA,"MF,DF",24.0,2001.0,15.7,,,,,,,56,,,,,,,,
ENG-Premier League,2526,Burnley,Lyle Foster,RSA,"FW,MF",24.0,2000.0,15.2,,,,,,,6,,,,,,,,
ENG-Premier League,2526,Burnley,Marcus Edwards,ENG,"MF,FW",26.0,1998.0,11.9,,,,,,,19,,,,,,,,
ENG-Premier League,2526,Burnley,Martin Dúbravka,SVK,GK,36.0,1989.0,35.0,,,,,,,0,,,,,,,,
ENG-Premier League,2526,Burnley,Max Weiß,GER,GK,21.0,2004.0,3.0,,,,,,,0,,,,,,,,
ENG-Premier League,2526,Burnley,Maxime Estève,FRA,DF,23.0,2002.0,32.6,,,,,,,6,,,,,,,,
ENG-Premier League,2526,Burnley,Mike Trésor,BEL,"FW,MF",26.0,1999.0,0.5,,,,,,,3,,,,,,,,
ENG-Premier League,2526,Burnley,Oliver Sonne,PER,DF,24.0,2000.0,1.9,,,,,,,5,,,,,,,,
ENG-Premier League,2526,Burnley,Quilindschy Hartman,NED,DF,23.0,2001.0,20.3,,,,,,,74,,,,,,,,
ENG-Premier League,2526,Burnley,Zeki Amdouni,SUI,"FW,MF",24.0,2000.0,0.8,,,,,,,0,,,,,,,,
ENG-Premier League,2526,Burnley,Zian Flemming,NED,FW,26.0,1998.0,19.7,,,,,,,6,,,,,,,,
ENG-Premier League,2526,Chelsea,Alejandro Garnacho,ARG,MF,21.0,2004.0,14.1,,,,,,,61,,,,,,,,
ENG-Premier League,2526,Chelsea,Andrey Santos,BRA,MF,21.0,2004.0,14.0,,,,,,,2,,,,,,,,
ENG-Premier League,2526,Chelsea,Benoît Badiashile,FRA,DF,24.0,2001.0,5.2,,,,,,,0,,,,,,,,
ENG-Premier League,2526,Chelsea,Cole Palmer,ENG,MF,23.0,2002.0,21.7,,,,,,,35,,,,,,,,
ENG-Premier League,2526,Chelsea,Dario Essugo,POR,MF,20.0,2005.0,0.3,,,,,,,0,,,,,,,,
ENG-Premier League,2526,Chelsea,Enzo Fernández,ARG,MF,24.0,2001.0,34.6,,,,,,,89,,,,,,,,
ENG-Premier League,2526,Chelsea,Estêvão Willian,BRA,MF,18.0,2007.0,9.4,,,,,,,16,,,,,,,,
ENG-Premier League,2526,Chelsea,Facundo Buonanotte,ARG,MF,20.0,2004.0,0.5,,,,,,,0,,,,,,,,
ENG-Premier League,2526,Chelsea,Filip Jørgensen,DEN,GK,23.0,2002.0,4.2,,,,,,,0,,,,,,,,
ENG-Premier League,2526,Chelsea,Jamie Gittens,ENG,MF,20.0,2004.0,5.5,,,,,,,13,,,,,,,,
ENG-Premier League,2526,Chelsea,Jesse Derry,ENG,MF,18.0,2007.0,0.5,,,,,,,2,,,,,,,,
ENG-Premier League,2526,Chelsea,Jorrel Hato,NED,DF,19.0,2006.0,12.8,,,,,,,7,,,,,,,,
ENG-Premier League,2526,Chelsea,Joshua Acheampong,ENG,DF,19.0,2006.0,7.4,,,,,,,1,,,,,,,,
ENG-Premier League,2526,Chelsea,João Pedro,BRA,"FW,MF",23.0,2001.0,29.6,,,,,,,18,,,,,,,,
ENG-Premier League,2526,Chelsea,Levi Colwill,ENG,DF,22.0,2003.0,2.5,,,,,,,1,,,,,,,,
ENG-Premier League,2526,Chelsea,Liam Delap,ENG,FW,22.0,2003.0,12.3,,,,,,,6,,,,,,,,
ENG-Premier League,2526,Chelsea,Malo Gusto,FRA,"DF,MF",22.0,2003.0,25.1,,,,,,,58,,,,,,,,
ENG-Premier League,2526,Chelsea,Mamadou Sarr,SEN,DF,19.0,2005.0,1.1,,,,,,,0,,,,,,,,
ENG-Premier League,2526,Chelsea,Marc Cucurella,ESP,DF,27.0,1998.0,30.1,,,,,,,41,,,,,,,,
ENG-Premier League,2526,Chelsea,Marc Guiu,ESP,FW,19.0,2006.0,2.9,,,,,,,0,,,,,,,,
ENG-Premier League,2526,Chelsea,Moisés Caicedo,ECU,MF,23.0,2001.0,31.1,,,,,,,8,,,,,,,,
ENG-Premier League,2526,Chelsea,Pedro Neto,POR,"MF,FW",25.0,2000.0,29.2,,,,,,,184,,,,,,,,
ENG-Premier League,2526,Chelsea,Reece James,ENG,"DF,MF",25.0,1999.0,21.8,,,,,,,126,,,,,,,,
ENG-Premier League,2526,Chelsea,Robert Sánchez,ESP,GK,27.0,1997.0,33.8,,,,,,,0,,,,,,,,
ENG-Premier League,2526,Chelsea,Roméo Lavia,BEL,MF,21.0,2004.0,4.2,,,,,,,1,,,,,,,,
ENG-Premier League,2526,Chelsea,Shumaira Mheuka,ENG,FW,17.0,2007.0,0.0,,,,,,,0,,,,,,,,
ENG-Premier League,2526,Chelsea,Tosin Adarabioyo,ENG,DF,27.0,1997.0,8.8,,,,,,,0,,,,,,,,
ENG-Premier League,2526,Chelsea,Trevoh Chalobah,ENG,DF,26.0,1999.0,30.9,,,,,,,5,,,,,,,,
ENG-Premier League,2526,Chelsea,Tyrique George,ENG,FW,19.0,2006.0,1.6,,,,,,,1,,,,,,,,
ENG-Premier League,2526,Chelsea,Wesley Fofana,FRA,DF,24.0,2000.0,19.1,,,,,,,2,,,,,,,,
ENG-Premier League,2526,Crystal Palace,Adam Wharton,ENG,MF,21.0,2004.0,28.4,,,,,,,86,,,,,,,,
ENG-Premier League,2526,Crystal Palace,Borna Sosa,CRO,"DF,MF",27.0,1998.0,1.1,,,,,,,6,,,,,,,,
ENG-Premier League,2526,Crystal Palace,Brennan Johnson,WAL,"MF,FW",24.0,2001.0,12.4,,,,,,,45,,,,,,,,
ENG-Premier League,2526,Crystal Palace,Chadi Riad,MAR,DF,22.0,2003.0,6.1,,,,,,,6,,,,,,,,
ENG-Premier League,2526,Crystal Palace,Chris Richards,USA,DF,25.0,2000.0,31.4,,,,,,,14,,,,,,,,
ENG-Premier League,2526,Crystal Palace,Christantus Uche,NGA,FW,22.0,2003.0,1.9,,,,,,,6,,,,,,,,
ENG-Premier League,2526,Crystal Palace,Daichi Kamada,JPN,MF,28.0,1996.0,21.1,,,,,,,42,,,,,,,,
ENG-Premier League,2526,Crystal Palace,Daniel Muñoz,COL,MF,29.0,1996.0,26.7,,,,,,,62,,,,,,,,
ENG-Premier League,2526,Crystal Palace,Dean Henderson,ENG,GK,28.0,1997.0,37.0,,,,,,,0,,,,,,,,
ENG-Premier League,2526,Crystal Palace,Eberechi Eze,ENG,MF,27.0,1998.0,0.9,,,,,,,4,,,,,,,,
ENG-Premier League,2526,Crystal Palace,Eddie Nketiah,ENG,MF,26.0,1999.0,4.7,,,,,,,0,,,,,,,,
ENG-Premier League,2526,Crystal Palace,Evann Guessand,CIV,MF,24.0,2001.0,3.7,,,,,,,1,,,,,,,,
ENG-Premier League,2526,Crystal Palace,Ismaila Sarr,SEN,MF,27.0,1998.0,24.2,,,,,,,24,,,,,,,,
ENG-Premier League,2526,Crystal Palace,Jaydee Canvot,FRA,DF,19.0,2006.0,14.8,,,,,,,5,,,,,,,,
ENG-Premier League,2526,Crystal Palace,Jean-Philippe Mateta,FRA,FW,28.0,1997.0,24.6,,,,,,,11,,,,,,,,
ENG-Premier League,2526,Crystal Palace,Jefferson Lerma,COL,"MF,DF",30.0,1994.0,19.3,,,,,,,12,,,,,,,,
ENG-Premier League,2526,Crystal Palace,Joél Drakes-Thomas,ENG,MF,16.0,2009.0,0.1,,,,,,,0,,,,,,,,
ENG-Premier League,2526,Crystal Palace,Justin Devenny,NIR,"MF,FW",21.0,2003.0,8.8,,,,,,,17,,,,,,,,
ENG-Premier League,2526,Crystal Palace,Jørgen Strand Larsen,NOR,FW,25.0,2000.0,10.0,,,,,,,0,,,,,,,,
ENG-Premier League,2526,Crystal Palace,Kaden Rodney,ENG,"DF,MF",20.0,2004.0,0.0,,,,,,,0,,,,,,,,
ENG-Premier League,2526,Crystal Palace,Marc Guéhi,ENG,DF,25.0,2000.0,20.0,,,,,,,10,,,,,,,,
ENG-Premier League,2526,Crystal Palace,Maxence Lacroix,FRA,DF,25.0,2000.0,34.3,,,,,,,5,,,,,,,,
ENG-Premier League,2526,Crystal Palace,Nathaniel Clyne,ENG,"MF,DF",34.0,1991.0,6.6,,,,,,,15,,,,,,,,
ENG-Premier League,2526,Crystal Palace,Odsonne Édouard,FRA,FW,27.0,1998.0,0.0,,,,,,,0,,,,,,,,
ENG-Premier League,2526,Crystal Palace,Rio Cardines,TRI,MF,19.0,2006.0,1.0,,,,,,,3,,,,,,,,
ENG-Premier League,2526,Crystal Palace,Romain Esse,ENG,MF,20.0,2005.0,0.5,,,,,,,2,,,,,,,,
ENG-Premier League,2526,Crystal Palace,Tyrick Mitchell,ENG,MF,25.0,1999.0,36.1,,,,,,,104,,,,,,,,
ENG-Premier League,2526,Crystal Palace,Walter Benítez,ARG,GK,32.0,1993.0,1.0,,,,,,,0,,,,,,,,
ENG-Premier League,2526,Crystal Palace,Will Hughes,ENG,MF,30.0,1995.0,17.5,,,,,,,45,,,,,,,,
ENG-Premier League,2526,Crystal Palace,Yéremy Pino,ESP,"MF,FW",22.0,2002.0,23.1,,,,,,,79,,,,,,,,
ENG-Premier League,2526,Everton,Beto,GNB,FW,27.0,1998.0,17.4,,,,,,,2,,,,,,,,
ENG-Premier League,2526,Everton,Carlos Alcaraz,ARG,MF,22.0,2002.0,7.7,,,,,,,6,,,,,,,,
ENG-Premier League,2526,Everton,Dwight McNeil,ENG,MF,25.0,1999.0,13.0,,,,,,,40,,,,,,,,
ENG-Premier League,2526,Everton,Harrison Armstrong,ENG,MF,18.0,2007.0,5.9,,,,,,,3,,,,,,,,
ENG-Premier League,2526,Everton,Idrissa Gueye,SEN,MF,35.0,1989.0,23.3,,,,,,,19,,,,,,,,
ENG-Premier League,2526,Everton,Iliman Ndiaye,SEN,MF,25.0,2000.0,30.9,,,,,,,55,,,,,,,,
ENG-Premier League,2526,Everton,Jack Grealish,ENG,MF,29.0,1995.0,18.1,,,,,,,39,,,,,,,,
ENG-Premier League,2526,Everton,Jake O'Brien,IRL,DF,24.0,2001.0,34.7,,,,,,,49,,,,,,,,
ENG-Premier League,2526,Everton,James Garner,ENG,"MF,DF",24.0,2001.0,37.9,,,,,,,205,,,,,,,,
ENG-Premier League,2526,Everton,James Tarkowski,ENG,DF,32.0,1992.0,37.0,,,,,,,7,,,,,,,,
ENG-Premier League,2526,Everton,Jarrad Branthwaite,ENG,DF,23.0,2002.0,7.6,,,,,,,3,,,,,,,,
ENG-Premier League,2526,Everton,Jordan Pickford,ENG,GK,31.0,1994.0,38.0,,,,,,,0,,,,,,,,
ENG-Premier League,2526,Everton,Kiernan Dewsbury-Hall,ENG,MF,26.0,1998.0,29.2,,,,,,,112,,,,,,,,
ENG-Premier League,2526,Everton,Merlin Röhl,GER,MF,23.0,2002.0,7.6,,,,,,,5,,,,,,,,
ENG-Premier League,2526,Everton,Michael Keane,ENG,DF,32.0,1993.0,28.8,,,,,,,1,,,,,,,,
ENG-Premier League,2526,Everton,Nathan Patterson,SCO,DF,23.0,2001.0,2.7,,,,,,,6,,,,,,,,
ENG-Premier League,2526,Everton,Séamus Coleman,IRL,DF,36.0,1988.0,0.2,,,,,,,3,,,,,,,,
ENG-Premier League,2526,Everton,Thierno Barry,FRA,FW,22.0,2002.0,21.3,,,,,,,4,,,,,,,,
ENG-Premier League,2526,Everton,Tim Iroegbunam,ENG,MF,22.0,2003.0,16.5,,,,,,,3,,,,,,,,
ENG-Premier League,2526,Everton,Tyler Dibling,ENG,MF,19.0,2006.0,4.0,,,,,,,7,,,,,,,,
ENG-Premier League,2526,Everton,Tyrique George,ENG,MF,19.0,2006.0,2.4,,,,,,,10,,,,,,,,
ENG-Premier League,2526,Everton,Vitaliy Mykolenko,UKR,DF,26.0,1999.0,32.9,,,,,,,93,,,,,,,,
ENG-Premier League,2526,Fulham,Adama Traoré,ESP,MF,29.0,1996.0,3.0,,,,,,,15,,,,,,,,
ENG-Premier League,2526,Fulham,Alex Iwobi,NGA,MF,29.0,1996.0,26.9,,,,,,,88,,,,,,,,
ENG-Premier League,2526,Fulham,Antonee Robinson,USA,"DF,MF",27.0,1997.0,16.6,,,,,,,77,,,,,,,,
ENG-Premier League,2526,Fulham,Bernd Leno,GER,GK,33.0,1992.0,38.0,,,,,,,0,,,,,,,,
ENG-Premier League,2526,Fulham,Calvin Bassey,NGA,DF,25.0,1999.0,28.2,,,,,,,14,,,,,,,,
ENG-Premier League,2526,Fulham,Emile Smith Rowe,ENG,MF,25.0,2000.0,21.4,,,,,,,13,,,,,,,,
ENG-Premier League,2526,Fulham,Harrison Reed,ENG,MF,30.0,1995.0,1.0,,,,,,,4,,,,,,,,
ENG-Premier League,2526,Fulham,Harry Wilson,WAL,MF,28.0,1997.0,29.7,,,,,,,115,,,,,,,,
ENG-Premier League,2526,Fulham,Issa Diop,MAR,DF,28.0,1997.0,9.1,,,,,,,1,,,,,,,,
ENG-Premier League,2526,Fulham,Joachim Andersen,DEN,DF,29.0,1996.0,31.9,,,,,,,15,,,,,,,,
ENG-Premier League,2526,Fulham,Jonah Kusi-Asare,SWE,FW,18.0,2007.0,0.6,,,,,,,0,,,,,,,,
ENG-Premier League,2526,Fulham,Jorge Cuenca,ESP,DF,25.0,1999.0,10.4,,,,,,,2,,,,,,,,
ENG-Premier League,2526,Fulham,Joshua King,ENG,MF,18.0,2007.0,14.5,,,,,,,12,,,,,,,,
ENG-Premier League,2526,Fulham,Kenny Tete,NED,DF,29.0,1995.0,19.9,,,,,,,34,,,,,,,,
ENG-Premier League,2526,Fulham,Kevin,BRA,MF,22.0,2003.0,11.6,,,,,,,43,,,,,,,,
ENG-Premier League,2526,Fulham,Oscar Bobb,NOR,MF,22.0,2003.0,6.3,,,,,,,9,,,,,,,,
ENG-Premier League,2526,Fulham,Raúl Jiménez,MEX,FW,34.0,1991.0,24.3,,,,,,,7,,,,,,,,
ENG-Premier League,2526,Fulham,Rodrigo Muniz,BRA,FW,24.0,2001.0,11.1,,,,,,,2,,,,,,,,
ENG-Premier League,2526,Fulham,Ryan Sessegnon,ENG,"DF,MF",25.0,2000.0,20.3,,,,,,,55,,,,,,,,
ENG-Premier League,2526,Fulham,Samuel Chukwueze,NGA,MF,26.0,1999.0,12.0,,,,,,,43,,,,,,,,
ENG-Premier League,2526,Fulham,Sander Berge,NOR,MF,27.0,1998.0,32.3,,,,,,,13,,,,,,,,
ENG-Premier League,2526,Fulham,Saša Lukić,SRB,MF,28.0,1996.0,19.3,,,,,,,68,,,,,,,,
ENG-Premier League,2526,Fulham,Timothy Castagne,BEL,"DF,MF",29.0,1995.0,20.5,,,,,,,48,,,,,,,,
ENG-Premier League,2526,Fulham,Tom Cairney,SCO,MF,34.0,1991.0,8.6,,,,,,,6,,,,,,,,
ENG-Premier League,2526,Leeds United,Anton Stach,GER,MF,26.0,1998.0,26.3,,,,,,,155,,,,,,,,
ENG-Premier League,2526,Leeds United,Ao Tanaka,JPN,MF,26.0,1998.0,14.6,,,,,,,39,,,,,,,,
ENG-Premier League,2526,Leeds United,Brenden Aaronson,USA,"MF,FW",24.0,2000.0,27.2,,,,,,,37,,,,,,,,
ENG-Premier League,2526,Leeds United,Daniel James,WAL,"FW,MF",27.0,1997.0,6.2,,,,,,,50,,,,,,,,
ENG-Premier League,2526,Leeds United,Dominic Calvert-Lewin,ENG,FW,28.0,1997.0,30.2,,,,,,,9,,,,,,,,
ENG-Premier League,2526,Leeds United,Ethan Ampadu,WAL,MF,24.0,2000.0,34.7,,,,,,,25,,,,,,,,
ENG-Premier League,2526,Leeds United,Facundo Buonanotte,ARG,MF,20.0,2004.0,0.4,,,,,,,2,,,,,,,,
ENG-Premier League,2526,Leeds United,Gabriel Gudmundsson,SWE,"DF,MF",26.0,1999.0,29.2,,,,,,,88,,,,,,,,
ENG-Premier League,2526,Leeds United,Ilia Gruev,BUL,MF,25.0,2000.0,14.7,,,,,,,16,,,,,,,,
ENG-Premier League,2526,Leeds United,Jack Harrison,ENG,FW,28.0,1996.0,3.0,,,,,,,17,,,,,,,,
ENG-Premier League,2526,Leeds United,Jaka Bijol,SVN,DF,26.0,1999.0,21.0,,,,,,,1,,,,,,,,
ENG-Premier League,2526,Leeds United,James Justin,ENG,"DF,MF",27.0,1998.0,21.1,,,,,,,38,,,,,,,,
ENG-Premier League,2526,Leeds United,Jayden Bogle,ENG,"MF,DF",25.0,2000.0,31.0,,,,,,,67,,,,,,,,
ENG-Premier League,2526,Leeds United,Joe Rodon,WAL,DF,27.0,1997.0,32.8,,,,,,,6,,,,,,,,
ENG-Premier League,2526,Leeds United,Joël Piroe,SUR,FW,25.0,1999.0,2.9,,,,,,,4,,,,,,,,
ENG-Premier League,2526,Leeds United,Karl Darlow,WAL,GK,34.0,1990.0,22.0,,,,,,,0,,,,,,,,
ENG-Premier League,2526,Leeds United,Lucas Perri,BRA,GK,27.0,1997.0,16.0,,,,,,,0,,,,,,,,
ENG-Premier League,2526,Leeds United,Lukas Nmecha,GER,FW,26.0,1998.0,12.0,,,,,,,10,,,,,,,,
ENG-Premier League,2526,Leeds United,Noah Okafor,SUI,"FW,MF",25.0,2000.0,17.3,,,,,,,36,,,,,,,,
ENG-Premier League,2526,Leeds United,Pascal Struijk,NED,DF,25.0,1999.0,32.6,,,,,,,2,,,,,,,,
ENG-Premier League,2526,Leeds United,Sam Byram,ENG,"DF,MF",31.0,1993.0,0.1,,,,,,,0,,,,,,,,
ENG-Premier League,2526,Leeds United,Sean Longstaff,ENG,MF,27.0,1997.0,11.2,,,,,,,54,,,,,,,,
ENG-Premier League,2526,Leeds United,Sebastiaan Bornauw,BEL,DF,26.0,1999.0,4.8,,,,,,,1,,,,,,,,
ENG-Premier League,2526,Leeds United,Wilfried Gnonto,ITA,FW,21.0,2003.0,6.0,,,,,,,20,,,,,,,,
ENG-Premier League,2526,Liverpool,Alexander Isak,SWE,FW,25.0,1999.0,7.8,,,,,,,2,,,,,,,,
ENG-Premier League,2526,Liverpool,Alexis Mac Allister,ARG,MF,26.0,1998.0,29.5,,,,,,,20,,,,,,,,
ENG-Premier League,2526,Liverpool,Alisson,BRA,GK,32.0,1992.0,26.0,,,,,,,0,,,,,,,,
ENG-Premier League,2526,Liverpool,Andy Robertson,SCO,DF,31.0,1994.0,13.1,,,,,,,53,,,,,,,,
ENG-Premier League,2526,Liverpool,Cody Gakpo,NED,"MF,FW",26.0,1999.0,30.4,,,,,,,86,,,,,,,,
ENG-Premier League,2526,Liverpool,Conor Bradley,NIR,DF,22.0,2003.0,10.3,,,,,,,23,,,,,,,,
ENG-Premier League,2526,Liverpool,Curtis Jones,ENG,"MF,DF",24.0,2001.0,21.5,,,,,,,16,,,,,,,,
ENG-Premier League,2526,Liverpool,Dominik Szoboszlai,HUN,"MF,DF",24.0,2000.0,35.9,,,,,,,206,,,,,,,,
ENG-Premier League,2526,Liverpool,Federico Chiesa,ITA,MF,27.0,1997.0,3.8,,,,,,,17,,,,,,,,
ENG-Premier League,2526,Liverpool,Florian Wirtz,GER,MF,22.0,2003.0,26.4,,,,,,,32,,,,,,,,
ENG-Premier League,2526,Liverpool,Freddie Woodman,ENG,GK,28.0,1997.0,2.4,,,,,,,0,,,,,,,,
ENG-Premier League,2526,Liverpool,Giorgi Mamardashvili,GEO,GK,24.0,2000.0,9.6,,,,,,,0,,,,,,,,
ENG-Premier League,2526,Liverpool,Harvey Elliott,ENG,"FW,MF",22.0,2003.0,0.0,,,,,,,0,,,,,,,,
ENG-Premier League,2526,Liverpool,Hugo Ekitike,FRA,FW,23.0,2002.0,20.0,,,,,,,7,,,,,,,,
ENG-Premier League,2526,Liverpool,Ibrahima Konaté,FRA,DF,26.0,1999.0,34.3,,,,,,,3,,,,,,,,
ENG-Premier League,2526,Liverpool,Jeremie Frimpong,NED,"DF,MF",24.0,2000.0,11.6,,,,,,,51,,,,,,,,
ENG-Premier League,2526,Liverpool,Joe Gomez,ENG,DF,28.0,1997.0,6.7,,,,,,,16,,,,,,,,
ENG-Premier League,2526,Liverpool,Milos Kerkez,HUN,DF,21.0,2003.0,25.1,,,,,,,79,,,,,,,,
ENG-Premier League,2526,Liverpool,Mohamed Salah,EGY,MF,33.0,1992.0,23.8,,,,,,,117,,,,,,,,
ENG-Premier League,2526,Liverpool,Rio Ngumoha,ENG,MF,16.0,2008.0,6.2,,,,,,,22,,,,,,,,
ENG-Premier League,2526,Liverpool,Ryan Gravenberch,NED,MF,23.0,2002.0,33.2,,,,,,,8,,,,,,,,
ENG-Premier League,2526,Liverpool,Trey Nyoni,ENG,MF,18.0,2007.0,0.3,,,,,,,0,,,,,,,,
ENG-Premier League,2526,Liverpool,Virgil van Dijk,NED,DF,34.0,1991.0,38.0,,,,,,,1,,,,,,,,
ENG-Premier League,2526,Liverpool,Wataru Endo,JPN,DF,32.0,1993.0,1.9,,,,,,,3,,,,,,,,
ENG-Premier League,2526,Manchester City,Abdukodir Khusanov,UZB,DF,21.0,2004.0,15.9,,,,,,,3,,,,,,,,
ENG-Premier League,2526,Manchester City,Antoine Semenyo,GHA,"MF,FW",25.0,2000.0,15.5,,,,,,,21,,,,,,,,
ENG-Premier League,2526,Manchester City,Bernardo Silva,POR,MF,30.0,1994.0,31.9,,,,,,,72,,,,,,,,
ENG-Premier League,2526,Manchester City,Divine Mukasa,ENG,MF,17.0,2007.0,0.3,,,,,,,0,,,,,,,,
ENG-Premier League,2526,Manchester City,Erling Haaland,NOR,FW,25.0,2000.0,32.8,,,,,,,3,,,,,,,,
ENG-Premier League,2526,Manchester City,Gianluigi Donnarumma,ITA,GK,26.0,1999.0,34.0,,,,,,,0,,,,,,,,
ENG-Premier League,2526,Manchester City,James Trafford,ENG,GK,22.0,2002.0,4.0,,,,,,,0,,,,,,,,
ENG-Premier League,2526,Manchester City,Jeremy Doku,BEL,"MF,FW",23.0,2002.0,19.8,,,,,,,62,,,,,,,,
ENG-Premier League,2526,Manchester City,John Stones,ENG,DF,31.0,1994.0,4.9,,,,,,,4,,,,,,,,
ENG-Premier League,2526,Manchester City,Joško Gvardiol,CRO,DF,23.0,2002.0,15.2,,,,,,,2,,,,,,,,
ENG-Premier League,2526,Manchester City,Marc Guéhi,ENG,DF,25.0,2000.0,15.0,,,,,,,7,,,,,,,,
ENG-Premier League,2526,Manchester City,Mateo Kovačić,CRO,MF,31.0,1994.0,1.4,,,,,,,0,,,,,,,,
ENG-Premier League,2526,Manchester City,Matheus Nunes,POR,DF,26.0,1998.0,31.8,,,,,,,67,,,,,,,,
ENG-Premier League,2526,Manchester City,Max Alleyne,ENG,DF,20.0,2005.0,1.5,,,,,,,0,,,,,,,,
ENG-Premier League,2526,Manchester City,Nathan Aké,NED,DF,30.0,1995.0,7.7,,,,,,,4,,,,,,,,
ENG-Premier League,2526,Manchester City,Nico O'Reilly,ENG,"DF,MF",20.0,2005.0,29.4,,,,,,,38,,,,,,,,
ENG-Premier League,2526,Manchester City,Nicolás González,ESP,MF,23.0,2002.0,17.4,,,,,,,3,,,,,,,,
ENG-Premier League,2526,Manchester City,Omar Marmoush,EGY,"FW,MF",26.0,1999.0,7.8,,,,,,,12,,,,,,,,
ENG-Premier League,2526,Manchester City,Oscar Bobb,NOR,"MF,FW",22.0,2003.0,5.2,,,,,,,5,,,,,,,,
ENG-Premier League,2526,Manchester City,Phil Foden,ENG,MF,25.0,2000.0,23.2,,,,,,,119,,,,,,,,
ENG-Premier League,2526,Manchester City,Rayan Aït-Nouri,ALG,DF,24.0,2001.0,10.8,,,,,,,22,,,,,,,,
ENG-Premier League,2526,Manchester City,Rayan Cherki,FRA,MF,21.0,2003.0,19.8,,,,,,,80,,,,,,,,
ENG-Premier League,2526,Manchester City,Rico Lewis,ENG,DF,20.0,2004.0,4.5,,,,,,,2,,,,,,,,
ENG-Premier League,2526,Manchester City,Rodri,ESP,MF,29.0,1996.0,16.8,,,,,,,5,,,,,,,,
ENG-Premier League,2526,Manchester City,Rúben Dias,POR,DF,28.0,1997.0,23.8,,,,,,,9,,,,,,,,
ENG-Premier League,2526,Manchester City,Sávio,BRA,MF,21.0,2004.0,9.3,,,,,,,40,,,,,,,,
ENG-Premier League,2526,Manchester City,Tijjani Reijnders,NED,MF,27.0,1998.0,18.1,,,,,,,43,,,,,,,,
ENG-Premier League,2526,Manchester Utd,Altay Bayındır,TUR,GK,27.0,1998.0,6.0,,,,,,,0,,,,,,,,
ENG-Premier League,2526,Manchester Utd,Amad Diallo,CIV,MF,23.0,2002.0,26.0,,,,,,,46,,,,,,,,
ENG-Premier League,2526,Manchester Utd,Ayden Heaven,ENG,DF,18.0,2006.0,10.3,,,,,,,1,,,,,,,,
ENG-Premier League,2526,Manchester Utd,Bendito Mantato,ENG,MF,17.0,2008.0,0.2,,,,,,,1,,,,,,,,
ENG-Premier League,2526,Manchester Utd,Benjamin Šeško,SVN,FW,22.0,2003.0,18.3,,,,,,,2,,,,,,,,
ENG-Premier League,2526,Manchester Utd,Bruno Fernandes,POR,MF,30.0,1994.0,34.0,,,,,,,181,,,,,,,,
ENG-Premier League,2526,Manchester Utd,Bryan Mbeumo,CMR,"MF,FW",25.0,1999.0,29.0,,,,,,,105,,,,,,,,
ENG-Premier League,2526,Manchester Utd,Casemiro,BRA,MF,33.0,1992.0,28.6,,,,,,,19,,,,,,,,
ENG-Premier League,2526,Manchester Utd,Diogo Dalot,POR,"DF,MF",26.0,1999.0,29.0,,,,,,,57,,,,,,,,
ENG-Premier League,2526,Manchester Utd,Harry Maguire,ENG,DF,32.0,1993.0,18.4,,,,,,,4,,,,,,,,
ENG-Premier League,2526,Manchester Utd,Jack Fletcher,ENG,MF,18.0,2007.0,1.2,,,,,,,0,,,,,,,,
ENG-Premier League,2526,Manchester Utd,Joshua Zirkzee,NED,"FW,MF",24.0,2001.0,7.0,,,,,,,5,,,,,,,,
ENG-Premier League,2526,Manchester Utd,Kobbie Mainoo,ENG,MF,20.0,2005.0,18.5,,,,,,,13,,,,,,,,
ENG-Premier League,2526,Manchester Utd,Leny Yoro,FRA,DF,19.0,2005.0,19.3,,,,,,,3,,,,,,,,
ENG-Premier League,2526,Manchester Utd,Lisandro Martínez,ARG,DF,27.0,1998.0,13.7,,,,,,,2,,,,,,,,
ENG-Premier League,2526,Manchester Utd,Luke Shaw,ENG,DF,30.0,1995.0,35.8,,,,,,,54,,,,,,,,
ENG-Premier League,2526,Manchester Utd,Manuel Ugarte,URU,MF,24.0,2001.0,9.9,,,,,,,1,,,,,,,,
ENG-Premier League,2526,Manchester Utd,Mason Mount,ENG,MF,26.0,1999.0,11.3,,,,,,,22,,,,,,,,
ENG-Premier League,2526,Manchester Utd,Matheus Cunha,BRA,"MF,FW",26.0,1999.0,27.7,,,,,,,49,,,,,,,,
ENG-Premier League,2526,Manchester Utd,Matthijs de Ligt,NED,DF,25.0,1999.0,13.0,,,,,,,4,,,,,,,,
ENG-Premier League,2526,Manchester Utd,Noussair Mazraoui,MAR,"DF,MF",27.0,1997.0,10.9,,,,,,,13,,,,,,,,
ENG-Premier League,2526,Manchester Utd,Patrick Dorgu,DEN,MF,20.0,2004.0,16.1,,,,,,,57,,,,,,,,
ENG-Premier League,2526,Manchester Utd,Senne Lammens,BEL,GK,23.0,2002.0,32.0,,,,,,,0,,,,,,,,
ENG-Premier League,2526,Manchester Utd,Shea Lacey,ENG,FW,18.0,2007.0,0.5,,,,,,,0,,,,,,,,
ENG-Premier League,2526,Manchester Utd,Tyler Fletcher,SCO,MF,18.0,2007.0,0.2,,,,,,,0,,,,,,,,
ENG-Premier League,2526,Manchester Utd,Tyler Fredricson,ENG,DF,20.0,2005.0,0.0,,,,,,,0,,,,,,,,
ENG-Premier League,2526,Manchester Utd,Tyrell Malacia,NED,DF,25.0,1999.0,0.2,,,,,,,0,,,,,,,,
ENG-Premier League,2526,Newcastle,Aaron Ramsdale,ENG,GK,27.0,1998.0,11.2,,,,,,,0,,,,,,,,
ENG-Premier League,2526,Newcastle,Alex Murphy,IRL,DF,21.0,2004.0,0.1,,,,,,,0,,,,,,,,
ENG-Premier League,2526,Newcastle,Anthony Elanga,SWE,"FW,MF",23.0,2002.0,14.7,,,,,,,83,,,,,,,,
ENG-Premier League,2526,Newcastle,Anthony Gordon,ENG,FW,24.0,2001.0,19.9,,,,,,,69,,,,,,,,
ENG-Premier League,2526,Newcastle,Bruno Guimarães,BRA,MF,27.0,1997.0,27.3,,,,,,,82,,,,,,,,
ENG-Premier League,2526,Newcastle,Dan Burn,ENG,DF,33.0,1992.0,24.4,,,,,,,14,,,,,,,,
ENG-Premier League,2526,Newcastle,Emil Krafth,SWE,DF,30.0,1994.0,0.5,,,,,,,1,,,,,,,,
ENG-Premier League,2526,Newcastle,Fabian Schär,SUI,DF,33.0,1991.0,12.1,,,,,,,4,,,,,,,,
ENG-Premier League,2526,Newcastle,Harvey Barnes,ENG,"FW,MF",27.0,1997.0,21.8,,,,,,,74,,,,,,,,
ENG-Premier League,2526,Newcastle,Jacob Murphy,ENG,"FW,MF",30.0,1995.0,18.0,,,,,,,125,,,,,,,,
ENG-Premier League,2526,Newcastle,Jacob Ramsey,ENG,MF,24.0,2001.0,16.1,,,,,,,8,,,,,,,,
ENG-Premier League,2526,Newcastle,Jamaal Lascelles,ENG,DF,31.0,1993.0,0.2,,,,,,,0,,,,,,,,
ENG-Premier League,2526,Newcastle,Joe Willock,ENG,MF,25.0,1999.0,10.9,,,,,,,16,,,,,,,,
ENG-Premier League,2526,Newcastle,Joelinton,BRA,MF,28.0,1996.0,21.7,,,,,,,11,,,,,,,,
ENG-Premier League,2526,Newcastle,Kieran Trippier,ENG,DF,34.0,1990.0,17.6,,,,,,,96,,,,,,,,
ENG-Premier League,2526,Newcastle,Lewis Hall,ENG,DF,20.0,2004.0,24.2,,,,,,,102,,,,,,,,
ENG-Premier League,2526,Newcastle,Lewis Miley,ENG,"MF,DF",19.0,2006.0,16.6,,,,,,,42,,,,,,,,
ENG-Premier League,2526,Newcastle,Malick Thiaw,GER,DF,23.0,2001.0,32.9,,,,,,,9,,,,,,,,
ENG-Premier League,2526,Newcastle,Nick Pope,ENG,GK,33.0,1992.0,26.8,,,,,,,0,,,,,,,,
ENG-Premier League,2526,Newcastle,Nick Woltemade,GER,"FW,MF",23.0,2002.0,21.1,,,,,,,3,,,,,,,,
ENG-Premier League,2526,Newcastle,Sandro Tonali,ITA,MF,25.0,2000.0,28.2,,,,,,,95,,,,,,,,
ENG-Premier League,2526,Newcastle,Sean Neave,ENG,FW,18.0,2007.0,0.2,,,,,,,0,,,,,,,,
ENG-Premier League,2526,Newcastle,Sven Botman,NED,DF,25.0,2000.0,20.4,,,,,,,2,,,,,,,,
ENG-Premier League,2526,Newcastle,Tino Livramento,ENG,DF,22.0,2002.0,14.8,,,,,,,36,,,,,,,,
ENG-Premier League,2526,Newcastle,William Osula,DEN,FW,21.0,2003.0,9.1,,,,,,,3,,,,,,,,
ENG-Premier League,2526,Newcastle,Yoane Wissa,COD,FW,28.0,1996.0,5.9,,,,,,,1,,,,,,,,
ENG-Premier League,2526,Nottingham,Angus Gunn,SCO,GK,29.0,1996.0,0.5,,,,,,,0,,,,,,,,
ENG-Premier League,2526,Nottingham,Arnaud Kalimuendo,FRA,FW,23.0,2002.0,1.1,,,,,,,2,,,,,,,,
ENG-Premier League,2526,Nottingham,Callum Hudson-Odoi,ENG,MF,24.0,2000.0,20.5,,,,,,,91,,,,,,,,
ENG-Premier League,2526,Nottingham,Chris Wood,NZL,FW,33.0,1991.0,10.0,,,,,,,1,,,,,,,,
ENG-Premier League,2526,Nottingham,Dan Ndoye,SUI,MF,24.0,2000.0,13.0,,,,,,,41,,,,,,,,
ENG-Premier League,2526,Nottingham,Dilane Bakwa,FRA,MF,22.0,2002.0,6.1,,,,,,,38,,,,,,,,
ENG-Premier League,2526,Nottingham,Douglas Luiz,BRA,MF,27.0,1998.0,3.5,,,,,,,15,,,,,,,,
ENG-Premier League,2526,Nottingham,Elliot Anderson,ENG,MF,22.0,2002.0,37.0,,,,,,,175,,,,,,,,
ENG-Premier League,2526,Nottingham,Ibrahim Sangaré,CIV,MF,27.0,1997.0,23.1,,,,,,,8,,,,,,,,
ENG-Premier League,2526,Nottingham,Igor Jesus,BRA,FW,24.0,2001.0,25.5,,,,,,,10,,,,,,,,
ENG-Premier League,2526,Nottingham,Jair Cunha,BRA,DF,20.0,2005.0,5.7,,,,,,,2,,,,,,,,
ENG-Premier League,2526,Nottingham,James Mcatee,ENG,MF,22.0,2002.0,3.3,,,,,,,9,,,,,,,,
ENG-Premier League,2526,Nottingham,John,BRA,GK,29.0,1996.0,4.9,,,,,,,0,,,,,,,,
ENG-Premier League,2526,Nottingham,Jota Silva,POR,FW,25.0,1999.0,0.1,,,,,,,1,,,,,,,,
ENG-Premier League,2526,Nottingham,Lorenzo Lucca,ITA,FW,24.0,2000.0,1.4,,,,,,,0,,,,,,,,
ENG-Premier League,2526,Nottingham,Luca Netz,GER,"DF,MF",22.0,2003.0,4.0,,,,,,,2,,,,,,,,
ENG-Premier League,2526,Nottingham,Matz Sels,BEL,GK,33.0,1992.0,29.6,,,,,,,0,,,,,,,,
ENG-Premier League,2526,Nottingham,Morato,BRA,DF,24.0,2001.0,14.9,,,,,,,2,,,,,,,,
ENG-Premier League,2526,Nottingham,Morgan Gibbs-White,ENG,MF,25.0,2000.0,34.4,,,,,,,42,,,,,,,,
ENG-Premier League,2526,Nottingham,Murillo,BRA,DF,23.0,2002.0,23.7,,,,,,,2,,,,,,,,
ENG-Premier League,2526,Nottingham,Neco Williams,WAL,DF,24.0,2001.0,35.6,,,,,,,143,,,,,,,,
ENG-Premier League,2526,Nottingham,Nicolás Domínguez,ARG,MF,27.0,1998.0,13.1,,,,,,,14,,,,,,,,
ENG-Premier League,2526,Nottingham,Nicolò Savona,ITA,DF,22.0,2003.0,11.4,,,,,,,27,,,,,,,,
ENG-Premier League,2526,Nottingham,Nikola Milenković,SRB,DF,27.0,1997.0,37.5,,,,,,,2,,,,,,,,
ENG-Premier League,2526,Nottingham,Ola Aina,NGA,DF,28.0,1996.0,17.6,,,,,,,39,,,,,,,,
ENG-Premier League,2526,Nottingham,Oleksandr Zinchenko,UKR,DF,28.0,1996.0,3.9,,,,,,,18,,,,,,,,
ENG-Premier League,2526,Nottingham,Omari Hutchinson,ENG,MF,21.0,2003.0,18.8,,,,,,,133,,,,,,,,
ENG-Premier League,2526,Nottingham,Ryan Yates,ENG,MF,27.0,1997.0,6.9,,,,,,,5,,,,,,,,
ENG-Premier League,2526,Nottingham,Stefan Ortega,GER,GK,32.0,1992.0,3.0,,,,,,,0,,,,,,,,
ENG-Premier League,2526,Nottingham,Taiwo Awoniyi,NGA,FW,27.0,1997.0,5.5,,,,,,,1,,,,,,,,
ENG-Premier League,2526,Nottingham,Zach Abbott,ENG,DF,19.0,2006.0,1.8,,,,,,,3,,,,,,,,
ENG-Premier League,2526,Sunderland,Arthur Masuaku,COD,DF,31.0,1993.0,1.4,,,,,,,8,,,,,,,,
ENG-Premier League,2526,Sunderland,Bertrand Traoré,BFA,"MF,FW",29.0,1995.0,7.0,,,,,,,13,,,,,,,,
ENG-Premier League,2526,Sunderland,Brian Brobbey,NED,FW,23.0,2002.0,21.4,,,,,,,2,,,,,,,,
ENG-Premier League,2526,Sunderland,Chemsdine Talbi,MAR,"MF,FW",20.0,2005.0,17.3,,,,,,,50,,,,,,,,
ENG-Premier League,2526,Sunderland,Chris Rigg,ENG,MF,18.0,2007.0,8.5,,,,,,,11,,,,,,,,
ENG-Premier League,2526,Sunderland,Dan Neil,ENG,MF,23.0,2001.0,0.2,,,,,,,0,,,,,,,,
ENG-Premier League,2526,Sunderland,Daniel Ballard,NIR,DF,25.0,1999.0,23.9,,,,,,,1,,,,,,,,
ENG-Premier League,2526,Sunderland,Dennis Cirkin,LVA,DF,23.0,2002.0,3.6,,,,,,,3,,,,,,,,
ENG-Premier League,2526,Sunderland,Eliezer Mayenda,ESP,"FW,MF",20.0,2005.0,8.4,,,,,,,1,,,,,,,,
ENG-Premier League,2526,Sunderland,Enzo Le Fée,FRA,"MF,FW",25.0,2000.0,32.6,,,,,,,98,,,,,,,,
ENG-Premier League,2526,Sunderland,Granit Xhaka,SUI,MF,32.0,1992.0,32.3,,,,,,,99,,,,,,,,
ENG-Premier League,2526,Sunderland,Habib Diarra,SEN,MF,21.0,2004.0,15.6,,,,,,,32,,,,,,,,
ENG-Premier League,2526,Sunderland,Jenson Seelt,NED,DF,22.0,2003.0,1.5,,,,,,,1,,,,,,,,
ENG-Premier League,2526,Sunderland,Jocelin Ta Bi,CIV,MF,20.0,2005.0,0.4,,,,,,,5,,,,,,,,
ENG-Premier League,2526,Sunderland,Luke O'Nien,ENG,DF,30.0,1994.0,6.3,,,,,,,7,,,,,,,,
ENG-Premier League,2526,Sunderland,Lutsharel Geertruida,NED,"DF,MF",25.0,2000.0,18.8,,,,,,,9,,,,,,,,
ENG-Premier League,2526,Sunderland,Marc Guiu,ESP,FW,19.0,2006.0,0.2,,,,,,,0,,,,,,,,
ENG-Premier League,2526,Sunderland,Melker Ellborg,SWE,GK,22.0,2003.0,3.0,,,,,,,0,,,,,,,,
ENG-Premier League,2526,Sunderland,Nilson Angulo,ECU,MF,22.0,2003.0,4.5,,,,,,,7,,,,,,,,
ENG-Premier League,2526,Sunderland,Noah Sadiki,COD,MF,20.0,2004.0,32.1,,,,,,,21,,,,,,,,
ENG-Premier League,2526,Sunderland,Nordi Mukiele,FRA,DF,27.0,1997.0,30.9,,,,,,,85,,,,,,,,
ENG-Premier League,2526,Sunderland,Omar Alderete,PAR,DF,28.0,1996.0,31.1,,,,,,,11,,,,,,,,
ENG-Premier League,2526,Sunderland,Patrick Roberts,ENG,"FW,MF",28.0,1997.0,0.3,,,,,,,0,,,,,,,,
ENG-Premier League,2526,Sunderland,Reinildo Mandava,MOZ,DF,31.0,1994.0,21.8,,,,,,,23,,,,,,,,
ENG-Premier League,2526,Sunderland,Robin Roefs,NED,GK,22.0,2003.0,35.0,,,,,,,0,,,,,,,,
ENG-Premier League,2526,Sunderland,Romaine Mundle,ENG,MF,22.0,2003.0,4.6,,,,,,,11,,,,,,,,
ENG-Premier League,2526,Sunderland,Simon Adingra,CIV,"MF,FW",23.0,2002.0,7.3,,,,,,,27,,,,,,,,
ENG-Premier League,2526,Sunderland,Trai Hume,NIR,"DF,MF",23.0,2002.0,33.7,,,,,,,88,,,,,,,,
ENG-Premier League,2526,Sunderland,Wilson Isidor,HAI,FW,24.0,2000.0,12.9,,,,,,,0,,,,,,,,
ENG-Premier League,2526,Tottenham,Antonín Kinský,CZE,GK,22.0,2003.0,7.0,,,,,,,0,,,,,,,,
ENG-Premier League,2526,Tottenham,Archie Gray,ENG,"MF,DF",19.0,2006.0,16.4,,,,,,,12,,,,,,,,
ENG-Premier League,2526,Tottenham,Ben Davies,WAL,DF,32.0,1993.0,1.5,,,,,,,3,,,,,,,,
ENG-Premier League,2526,Tottenham,Brennan Johnson,WAL,"MF,FW",24.0,2001.0,6.8,,,,,,,23,,,,,,,,
ENG-Premier League,2526,Tottenham,Callum Olusesi,ENG,MF,18.0,2007.0,0.2,,,,,,,0,,,,,,,,
ENG-Premier League,2526,Tottenham,Conor Gallagher,ENG,MF,25.0,2000.0,13.2,,,,,,,23,,,,,,,,
ENG-Premier League,2526,Tottenham,Cristian Romero,ARG,DF,27.0,1998.0,20.8,,,,,,,1,,,,,,,,
ENG-Premier League,2526,Tottenham,Dane Scarlett,ENG,FW,21.0,2004.0,0.1,,,,,,,0,,,,,,,,
ENG-Premier League,2526,Tottenham,Destiny Udogie,ITA,"DF,MF",22.0,2002.0,14.9,,,,,,,27,,,,,,,,
ENG-Premier League,2526,Tottenham,Djed Spence,ENG,"DF,MF",24.0,2000.0,22.8,,,,,,,49,,,,,,,,
ENG-Premier League,2526,Tottenham,Dominic Solanke,ENG,FW,27.0,1997.0,11.1,,,,,,,2,,,,,,,,
ENG-Premier League,2526,Tottenham,Guglielmo Vicario,ITA,GK,28.0,1996.0,31.0,,,,,,,0,,,,,,,,
ENG-Premier League,2526,Tottenham,James Maddison,ENG,"FW,MF",28.0,1996.0,0.4,,,,,,,6,,,,,,,,
ENG-Premier League,2526,Tottenham,James Rowswell,ENG,DF,19.0,2006.0,0.0,,,,,,,0,,,,,,,,
ENG-Premier League,2526,Tottenham,João Palhinha,POR,MF,30.0,1995.0,24.4,,,,,,,4,,,,,,,,
ENG-Premier League,2526,Tottenham,Jun'ai Byfield,ENG,DF,16.0,2008.0,0.0,,,,,,,0,,,,,,,,
ENG-Premier League,2526,Tottenham,Kevin Danso,AUT,DF,26.0,1998.0,16.6,,,,,,,7,,,,,,,,
ENG-Premier League,2526,Tottenham,Lucas Bergvall,SWE,MF,19.0,2006.0,10.7,,,,,,,19,,,,,,,,
ENG-Premier League,2526,Tottenham,Mathys Tel,FRA,"MF,FW",20.0,2005.0,15.0,,,,,,,92,,,,,,,,
ENG-Premier League,2526,Tottenham,Micky van de Ven,NED,DF,24.0,2001.0,33.8,,,,,,,3,,,,,,,,
ENG-Premier League,2526,Tottenham,Mohammed Kudus,GHA,"MF,FW",24.0,2000.0,17.1,,,,,,,122,,,,,,,,
ENG-Premier League,2526,Tottenham,Pape Matar Sarr,SEN,MF,22.0,2002.0,15.5,,,,,,,8,,,,,,,,
ENG-Premier League,2526,Tottenham,Pedro Porro,ESP,DF,25.0,1999.0,31.1,,,,,,,232,,,,,,,,
ENG-Premier League,2526,Tottenham,Radu Drăgușin,ROU,DF,23.0,2002.0,5.7,,,,,,,3,,,,,,,,
ENG-Premier League,2526,Tottenham,Randal Kolo Muani,FRA,"FW,MF",26.0,1998.0,18.5,,,,,,,18,,,,,,,,
ENG-Premier League,2526,Tottenham,Richarlison,BRA,"FW,MF",28.0,1997.0,21.8,,,,,,,18,,,,,,,,
ENG-Premier League,2526,Tottenham,Rodrigo Bentancur,URU,MF,28.0,1997.0,20.9,,,,,,,7,,,,,,,,
ENG-Premier League,2526,Tottenham,Souza,BRA,MF,19.0,2006.0,1.6,,,,,,,3,,,,,,,,
ENG-Premier League,2526,Tottenham,Wilson Odobert,FRA,"MF,FW",20.0,2004.0,10.9,,,,,,,28,,,,,,,,
ENG-Premier League,2526,Tottenham,Xavi Simons,NED,"MF,FW",22.0,2003.0,19.5,,,,,,,51,,,,,,,,
ENG-Premier League,2526,Tottenham,Yves Bissouma,MLI,MF,28.0,1996.0,6.7,,,,,,,1,,,,,,,,
ENG-Premier League,2526,West Ham,Aaron Wan-Bissaka,COD,"DF,MF",27.0,1997.0,23.1,,,,,,,43,,,,,,,,
ENG-Premier League,2526,West Ham,Adama Traoré,ESP,"FW,MF",29.0,1996.0,1.3,,,,,,,12,,,,,,,,
ENG-Premier League,2526,West Ham,Alphonse Areola,FRA,GK,32.0,1993.0,20.0,,,,,,,0,,,,,,,,
ENG-Premier League,2526,West Ham,Andy Irving,SCO,MF,25.0,2000.0,1.8,,,,,,,12,,,,,,,,
ENG-Premier League,2526,West Ham,Axel Disasi,FRA,DF,27.0,1998.0,13.9,,,,,,,0,,,,,,,,
ENG-Premier League,2526,West Ham,Callum Marshall,NIR,FW,20.0,2004.0,0.7,,,,,,,0,,,,,,,,
ENG-Premier League,2526,West Ham,Callum Wilson,ENG,FW,33.0,1992.0,13.9,,,,,,,5,,,,,,,,
ENG-Premier League,2526,West Ham,Crysencio Summerville,NED,"MF,FW",23.0,2001.0,27.4,,,,,,,59,,,,,,,,
ENG-Premier League,2526,West Ham,El Hadji Malick Diouf,SEN,"DF,MF",20.0,2004.0,30.1,,,,,,,109,,,,,,,,
ENG-Premier League,2526,West Ham,Ezra Mayers,BRB,DF,18.0,2007.0,1.3,,,,,,,3,,,,,,,,
ENG-Premier League,2526,West Ham,Freddie Potts,ENG,MF,21.0,2003.0,13.0,,,,,,,34,,,,,,,,
ENG-Premier League,2526,West Ham,George Earthy,ENG,MF,20.0,2004.0,0.1,,,,,,,0,,,,,,,,
ENG-Premier League,2526,West Ham,Guido Rodríguez,ARG,MF,31.0,1994.0,2.0,,,,,,,2,,,,,,,,
ENG-Premier League,2526,West Ham,Igor,BRA,DF,27.0,1998.0,1.2,,,,,,,0,,,,,,,,
ENG-Premier League,2526,West Ham,James Ward-Prowse,ENG,MF,30.0,1994.0,4.6,,,,,,,22,,,,,,,,
ENG-Premier League,2526,West Ham,Jarrod Bowen,ENG,"MF,FW",28.0,1996.0,37.8,,,,,,,148,,,,,,,,
ENG-Premier League,2526,West Ham,Jean-Clair Todibo,FRA,DF,25.0,1999.0,20.2,,,,,,,2,,,,,,,,
ENG-Premier League,2526,West Ham,Konstantinos Mavropanos,GRE,DF,27.0,1997.0,28.2,,,,,,,4,,,,,,,,
ENG-Premier League,2526,West Ham,Kyle Walker-Peters,ENG,DF,28.0,1997.0,15.4,,,,,,,20,,,,,,,,
ENG-Premier League,2526,West Ham,Lucas Paquetá,BRA,"MF,FW",27.0,1997.0,16.8,,,,,,,36,,,,,,,,
ENG-Premier League,2526,West Ham,Luis Guilherme,BRA,FW,19.0,2006.0,1.4,,,,,,,0,,,,,,,,
ENG-Premier League,2526,West Ham,Mads Hermansen,DEN,GK,25.0,2000.0,18.0,,,,,,,0,,,,,,,,
ENG-Premier League,2526,West Ham,Mateus Fernandes,POR,MF,21.0,2004.0,33.5,,,,,,,51,,,,,,,,
ENG-Premier League,2526,West Ham,Max Kilman,ENG,DF,28.0,1997.0,17.3,,,,,,,2,,,,,,,,
ENG-Premier League,2526,West Ham,Mohamadou Kanté,FRA,MF,19.0,2005.0,0.8,,,,,,,0,,,,,,,,
ENG-Premier League,2526,West Ham,Nayef Aguerd,MAR,DF,29.0,1996.0,2.0,,,,,,,2,,,,,,,,
ENG-Premier League,2526,West Ham,Niclas Füllkrug,GER,FW,32.0,1993.0,4.5,,,,,,,0,,,,,,,,
ENG-Premier League,2526,West Ham,Oliver Scarles,ENG,"DF,MF",19.0,2005.0,7.3,,,,,,,35,,,,,,,,
ENG-Premier League,2526,West Ham,Pablo,BRA,"MF,FW",21.0,2004.0,9.1,,,,,,,5,,,,,,,,
ENG-Premier League,2526,West Ham,Soungoutou Magassa,FRA,MF,21.0,2003.0,10.9,,,,,,,9,,,,,,,,
ENG-Premier League,2526,West Ham,Tomáš Souček,CZE,MF,30.0,1995.0,24.4,,,,,,,14,,,,,,,,
ENG-Premier League,2526,West Ham,Valentín Castellanos,ARG,FW,26.0,1998.0,15.4,,,,,,,9,,,,,,,,
ENG-Premier League,2526,Wolves,Adam Armstrong,ENG,"FW,MF",28.0,1997.0,12.7,,,,,,,5,,,,,,,,
ENG-Premier League,2526,Wolves,André,BRA,MF,24.0,2001.0,30.7,,,,,,,40,,,,,,,,
ENG-Premier League,2526,Wolves,Angel Gomes,ENG,"MF,FW",24.0,2000.0,5.1,,,,,,,12,,,,,,,,
ENG-Premier League,2526,Wolves,Daniel Bentley,ENG,GK,32.0,1993.0,3.0,,,,,,,0,,,,,,,,
ENG-Premier League,2526,Wolves,David Møller Wolfe,NOR,"MF,DF",23.0,2002.0,11.7,,,,,,,32,,,,,,,,
ENG-Premier League,2526,Wolves,Emmanuel Agbadou,CIV,DF,28.0,1997.0,12.2,,,,,,,13,,,,,,,,
ENG-Premier League,2526,Wolves,Fer López,ESP,MF,21.0,2004.0,2.6,,,,,,,4,,,,,,,,
ENG-Premier League,2526,Wolves,Hugo Bueno,ESP,"MF,DF",22.0,2002.0,26.3,,,,,,,166,,,,,,,,
ENG-Premier League,2526,Wolves,Hwang Hee-chan,KOR,"FW,MF",29.0,1996.0,16.1,,,,,,,19,,,,,,,,
ENG-Premier League,2526,Wolves,Jackson Tchatchoua,CMR,"MF,DF",23.0,2001.0,20.5,,,,,,,90,,,,,,,,
ENG-Premier League,2526,Wolves,Jean-Ricner Bellegarde,HAI,"MF,FW",27.0,1998.0,13.9,,,,,,,25,,,,,,,,
ENG-Premier League,2526,Wolves,Jerome Abbey,ENG,MF,15.0,2009.0,0.2,,,,,,,0,,,,,,,,
ENG-Premier League,2526,Wolves,Jhon Arias,COL,"FW,MF",27.0,1997.0,12.5,,,,,,,30,,,,,,,,
ENG-Premier League,2526,Wolves,José Sá,POR,GK,32.0,1993.0,23.0,,,,,,,0,,,,,,,,
ENG-Premier League,2526,Wolves,João Gomes,BRA,MF,24.0,2001.0,31.4,,,,,,,31,,,,,,,,
ENG-Premier League,2526,Wolves,Jørgen Strand Larsen,NOR,FW,25.0,2000.0,15.6,,,,,,,3,,,,,,,,
ENG-Premier League,2526,Wolves,Ki-Jana Hoever,NED,"MF,DF",23.0,2002.0,4.7,,,,,,,22,,,,,,,,
ENG-Premier League,2526,Wolves,Ladislav Krejčí,CZE,"DF,MF",26.0,1999.0,26.2,,,,,,,17,,,,,,,,
ENG-Premier League,2526,Wolves,Marshall Munetsi,ZIM,"MF,FW",29.0,1996.0,9.7,,,,,,,14,,,,,,,,
ENG-Premier League,2526,Wolves,Mateus Mane,POR,MF,17.0,2007.0,19.9,,,,,,,94,,,,,,,,
ENG-Premier League,2526,Wolves,Matt Doherty,IRL,"DF,MF",33.0,1992.0,8.7,,,,,,,8,,,,,,,,
ENG-Premier League,2526,Wolves,Pedro Lima,BRA,MF,19.0,2006.0,2.9,,,,,,,10,,,,,,,,
ENG-Premier League,2526,Wolves,Rodrigo Gomes,POR,"MF,FW",22.0,2003.0,10.7,,,,,,,24,,,,,,,,
ENG-Premier League,2526,Wolves,Sam Johnstone,ENG,GK,32.0,1993.0,12.0,,,,,,,0,,,,,,,,
ENG-Premier League,2526,Wolves,Santiago Bueno,URU,DF,26.0,1998.0,28.4,,,,,,,6,,,,,,,,
ENG-Premier League,2526,Wolves,Saša Kalajdžić,AUT,"FW,MF",28.0,1997.0,0.2,,,,,,,0,,,,,,,,
ENG-Premier League,2526,Wolves,Tawanda Chirewa,ZIM,MF,21.0,2003.0,0.3,,,,,,,0,,,,,,,,
ENG-Premier League,2526,Wolves,Tolu Arokodare,NGA,FW,24.0,2000.0,15.8,,,,,,,0,,,,,,,,
ENG-Premier League,2526,Wolves,Tom Edozie,ENG,MF,19.0,2006.0,0.2,,,,,,,0,,,,,,,,
ENG-Premier League,2526,Wolves,Toti Gomes,POR,DF,26.0,1999.0,15.8,,,,,,,11,,,,,,,,
ENG-Premier League,2526,Wolves,Yerson Mosquera,COL,DF,24.0,2001.0,23.7,,,,,,,18,,,,,,,,
ESP-La Liga,2425,Alavés,Abde Rebbach,ALG,"MF,FW",25.0,1998.0,4.3,,,,,,,17,,,,,,,,
ESP-La Liga,2425,Alavés,Abdel Abqar,MAR,DF,25.0,1999.0,27.4,,,,,,,5,,,,,,,,
ESP-La Liga,2425,Alavés,Adrian Rodriguez,ESP,GK,23.0,2000.0,1.4,,,,,,,0,,,,,,,,
ESP-La Liga,2425,Alavés,Aleksandar Sedlar,SRB,DF,32.0,1991.0,6.6,,,,,,,0,,,,,,,,
ESP-La Liga,2425,Alavés,Ander Guevara,ESP,MF,27.0,1997.0,21.6,,,,,,,4,,,,,,,,
ESP-La Liga,2425,Alavés,Antonio Blanco,ESP,MF,24.0,2000.0,30.3,,,,,,,27,,,,,,,,
ESP-La Liga,2425,Alavés,Antonio Sivera,ESP,GK,27.0,1996.0,31.2,,,,,,,0,,,,,,,,
ESP-La Liga,2425,Alavés,Asier Villalibre,ESP,FW,26.0,1997.0,3.7,,,,,,,2,,,,,,,,
ESP-La Liga,2425,Alavés,Carles Aleñá,ESP,MF,26.0,1998.0,12.1,,,,,,,31,,,,,,,,
ESP-La Liga,2425,Alavés,Carlos Benavídez,URU,MF,26.0,1998.0,5.4,,,,,,,1,,,,,,,,
ESP-La Liga,2425,Alavés,Carlos Martín,ESP,"MF,FW",22.0,2002.0,14.8,,,,,,,24,,,,,,,,
ESP-La Liga,2425,Alavés,Carlos Vicente,ESP,MF,25.0,1999.0,34.4,,,,,,,266,,,,,,,,
ESP-La Liga,2425,Alavés,Facundo Garcés,MAS,DF,24.0,1999.0,7.5,,,,,,,1,,,,,,,,
ESP-La Liga,2425,Alavés,Hugo Novoa,ESP,"MF,DF",21.0,2003.0,2.6,,,,,,,7,,,,,,,,
ESP-La Liga,2425,Alavés,Jesús Owono,EQG,GK,23.0,2001.0,5.4,,,,,,,0,,,,,,,,
ESP-La Liga,2425,Alavés,Joan Jordán,ESP,MF,30.0,1994.0,15.7,,,,,,,107,,,,,,,,
ESP-La Liga,2425,Alavés,Jon Guridi,ESP,MF,29.0,1995.0,23.1,,,,,,,17,,,,,,,,
ESP-La Liga,2425,Alavés,Kiké,ESP,FW,34.0,1989.0,28.2,,,,,,,13,,,,,,,,
ESP-La Liga,2425,Alavés,Luis Rioja,ESP,"FW,MF",30.0,1993.0,0.3,,,,,,,6,,,,,,,,
ESP-La Liga,2425,Alavés,Luka Romero,ARG,"MF,FW",19.0,2004.0,2.2,,,,,,,10,,,,,,,,
ESP-La Liga,2425,Alavés,Manu Sánchez,ESP,DF,23.0,2000.0,29.3,,,,,,,76,,,,,,,,
ESP-La Liga,2425,Alavés,Moussa Diarra,MLI,DF,23.0,2000.0,20.7,,,,,,,20,,,,,,,,
ESP-La Liga,2425,Alavés,Nahuel Tenaglia,ARG,DF,28.0,1996.0,32.5,,,,,,,84,,,,,,,,
ESP-La Liga,2425,Alavés,Pau Cabanes,ESP,MF,19.0,2005.0,2.1,,,,,,,12,,,,,,,,
ESP-La Liga,2425,Alavés,Pica,ESP,DF,22.0,2002.0,5.5,,,,,,,2,,,,,,,,
ESP-La Liga,2425,Alavés,Santiago Mouriño,URU,DF,22.0,2002.0,20.5,,,,,,,4,,,,,,,,
ESP-La Liga,2425,Alavés,Stoichkov,ESP,"MF,FW",30.0,1993.0,7.8,,,,,,,14,,,,,,,,
ESP-La Liga,2425,Alavés,Tomás Conechny,ARG,"MF,FW",26.0,1998.0,9.4,,,,,,,31,,,,,,,,
ESP-La Liga,2425,Alavés,Toni Martínez,ESP,FW,27.0,1997.0,11.2,,,,,,,6,,,,,,,,
ESP-La Liga,2425,Athletic Club,Adama Boiro,ESP,DF,22.0,2002.0,12.2,,,,,,,31,,,,,,,,
ESP-La Liga,2425,Athletic Club,Adu Ares,ESP,MF,22.0,2001.0,0.2,,,,,,,1,,,,,,,,
ESP-La Liga,2425,Athletic Club,Aingeru Olabarrieta,ESP,MF,18.0,2005.0,0.6,,,,,,,4,,,,,,,,
ESP-La Liga,2425,Athletic Club,Aitor Paredes,ESP,DF,24.0,2000.0,20.1,,,,,,,1,,,,,,,,
ESP-La Liga,2425,Athletic Club,Alex Padilla,ESP,GK,20.0,2003.0,3.6,,,,,,,0,,,,,,,,
ESP-La Liga,2425,Athletic Club,Ander Herrera,ESP,MF,34.0,1989.0,3.0,,,,,,,1,,,,,,,,
ESP-La Liga,2425,Athletic Club,Andoni Gorosabel,ESP,DF,27.0,1996.0,16.5,,,,,,,41,,,,,,,,
ESP-La Liga,2425,Athletic Club,Beñat Prados,ESP,MF,23.0,2001.0,19.1,,,,,,,9,,,,,,,,
ESP-La Liga,2425,Athletic Club,Daniel Vivian,ESP,DF,25.0,1999.0,29.0,,,,,,,8,,,,,,,,
ESP-La Liga,2425,Athletic Club,Endika Buján,ESP,FW,21.0,2003.0,0.1,,,,,,,1,,,,,,,,
ESP-La Liga,2425,Athletic Club,Gorka Guruzeta,ESP,FW,27.0,1996.0,20.4,,,,,,,6,,,,,,,,
ESP-La Liga,2425,Athletic Club,Iñaki Williams,GHA,"MF,FW",30.0,1994.0,29.5,,,,,,,117,,,,,,,,
ESP-La Liga,2425,Athletic Club,Iñigo Lekue,ESP,DF,31.0,1993.0,8.6,,,,,,,16,,,,,,,,
ESP-La Liga,2425,Athletic Club,Iñigo Ruiz de Galarreta,ESP,MF,30.0,1993.0,16.4,,,,,,,28,,,,,,,,
ESP-La Liga,2425,Athletic Club,Javi Martón,ESP,FW,25.0,1999.0,0.6,,,,,,,0,,,,,,,,
ESP-La Liga,2425,Athletic Club,Julen Agirrezabala,ESP,GK,23.0,2000.0,13.4,,,,,,,0,,,,,,,,
ESP-La Liga,2425,Athletic Club,Maroan Sannadi,MAR,FW,23.0,2001.0,8.4,,,,,,,6,,,,,,,,
ESP-La Liga,2425,Athletic Club,Mikel Jauregizar,ESP,MF,20.0,2003.0,24.9,,,,,,,27,,,,,,,,
ESP-La Liga,2425,Athletic Club,Mikel Vesga,ESP,MF,31.0,1993.0,11.0,,,,,,,8,,,,,,,,
ESP-La Liga,2425,Athletic Club,Nico Williams,ESP,MF,22.0,2002.0,22.2,,,,,,,109,,,,,,,,
ESP-La Liga,2425,Athletic Club,Nicolás Serrano,ESP,MF,21.0,2003.0,1.2,,,,,,,13,,,,,,,,
ESP-La Liga,2425,Athletic Club,Oihan Sancet,ESP,MF,24.0,2000.0,18.0,,,,,,,17,,,,,,,,
ESP-La Liga,2425,Athletic Club,Peio Canales,ESP,MF,19.0,2005.0,2.9,,,,,,,16,,,,,,,,
ESP-La Liga,2425,Athletic Club,Unai Gómez,ESP,"MF,FW",21.0,2003.0,14.3,,,,,,,23,,,,,,,,
ESP-La Liga,2425,Athletic Club,Unai Núñez,ESP,DF,27.0,1997.0,7.2,,,,,,,0,,,,,,,,
ESP-La Liga,2425,Athletic Club,Unai Simón,ESP,GK,27.0,1997.0,21.0,,,,,,,0,,,,,,,,
ESP-La Liga,2425,Athletic Club,Yeray Álvarez,ESP,DF,29.0,1995.0,19.8,,,,,,,3,,,,,,,,
ESP-La Liga,2425,Athletic Club,Yuri Berchiche,ESP,DF,34.0,1990.0,22.7,,,,,,,42,,,,,,,,
ESP-La Liga,2425,Athletic Club,Álex Berenguer,ESP,"MF,FW",29.0,1995.0,26.0,,,,,,,178,,,,,,,,
ESP-La Liga,2425,Athletic Club,Álvaro djaló,GNB,"MF,FW",24.0,1999.0,7.3,,,,,,,14,,,,,,,,
ESP-La Liga,2425,Athletic Club,Óscar de Marcos,ESP,DF,35.0,1989.0,17.4,,,,,,,54,,,,,,,,
ESP-La Liga,2425,Atlético Madrid,Adrian Niño,ESP,FW,20.0,2004.0,0.1,,,,,,,0,,,,,,,,
ESP-La Liga,2425,Atlético Madrid,Alexander Sørloth,NOR,FW,28.0,1995.0,17.4,,,,,,,5,,,,,,,,
ESP-La Liga,2425,Atlético Madrid,Antoine Griezmann,FRA,"FW,MF",33.0,1991.0,27.4,,,,,,,140,,,,,,,,
ESP-La Liga,2425,Atlético Madrid,Axel Witsel,BEL,DF,35.0,1989.0,9.5,,,,,,,0,,,,,,,,
ESP-La Liga,2425,Atlético Madrid,Clément Lenglet,FRA,DF,29.0,1995.0,21.9,,,,,,,4,,,,,,,,
ESP-La Liga,2425,Atlético Madrid,Conor Gallagher,ENG,MF,24.0,2000.0,18.1,,,,,,,13,,,,,,,,
ESP-La Liga,2425,Atlético Madrid,César Azpilicueta,ESP,DF,34.0,1989.0,9.7,,,,,,,5,,,,,,,,
ESP-La Liga,2425,Atlético Madrid,Giuliano Simeone,ARG,MF,21.0,2002.0,21.4,,,,,,,51,,,,,,,,
ESP-La Liga,2425,Atlético Madrid,Jan Oblak,SVN,GK,31.0,1993.0,36.0,,,,,,,0,,,,,,,,
ESP-La Liga,2425,Atlético Madrid,Javi Galán,ESP,DF,29.0,1994.0,19.8,,,,,,,57,,,,,,,,
ESP-La Liga,2425,Atlético Madrid,José María Giménez,URU,DF,29.0,1995.0,22.2,,,,,,,0,,,,,,,,
ESP-La Liga,2425,Atlético Madrid,Juan Musso,ARG,GK,30.0,1994.0,2.0,,,,,,,0,,,,,,,,
ESP-La Liga,2425,Atlético Madrid,Julián Álvarez,ARG,FW,24.0,2000.0,27.9,,,,,,,69,,,,,,,,
ESP-La Liga,2425,Atlético Madrid,Koke,ESP,MF,32.0,1992.0,21.4,,,,,,,23,,,,,,,,
ESP-La Liga,2425,Atlético Madrid,Marcos Llorente,ESP,"DF,MF",29.0,1995.0,27.9,,,,,,,62,,,,,,,,
ESP-La Liga,2425,Atlético Madrid,Nahuel Molina,ARG,DF,26.0,1998.0,17.7,,,,,,,55,,,,,,,,
ESP-La Liga,2425,Atlético Madrid,Pablo Barrios,ESP,MF,21.0,2003.0,25.9,,,,,,,26,,,,,,,,
ESP-La Liga,2425,Atlético Madrid,Reinildo Mandava,MOZ,"DF,MF",30.0,1994.0,10.5,,,,,,,8,,,,,,,,
ESP-La Liga,2425,Atlético Madrid,Robin Le Normand,ESP,DF,27.0,1996.0,23.9,,,,,,,0,,,,,,,,
ESP-La Liga,2425,Atlético Madrid,Rodrigo De Paul,ARG,MF,30.0,1994.0,23.4,,,,,,,57,,,,,,,,
ESP-La Liga,2425,Atlético Madrid,Rodrigo Riquelme,ESP,"MF,DF",24.0,2000.0,5.7,,,,,,,35,,,,,,,,
ESP-La Liga,2425,Atlético Madrid,Samuel Lino,BRA,MF,24.0,1999.0,17.2,,,,,,,41,,,,,,,,
ESP-La Liga,2425,Atlético Madrid,Thomas Lemar,FRA,MF,28.0,1995.0,0.9,,,,,,,3,,,,,,,,
ESP-La Liga,2425,Atlético Madrid,Ángel Correa,ARG,FW,29.0,1995.0,8.9,,,,,,,24,,,,,,,,
ESP-La Liga,2425,Barcelona,Alejandro Balde,ESP,DF,20.0,2003.0,25.4,,,,,,,68,,,,,,,,
ESP-La Liga,2425,Barcelona,Andreas Christensen,DEN,DF,28.0,1996.0,2.8,,,,,,,0,,,,,,,,
ESP-La Liga,2425,Barcelona,Ansu Fati,ESP,MF,21.0,2002.0,2.6,,,,,,,0,,,,,,,,
ESP-La Liga,2425,Barcelona,Dani Olmo,ESP,MF,26.0,1998.0,13.5,,,,,,,21,,,,,,,,
ESP-La Liga,2425,Barcelona,Daniel Rodriguez,ESP,MF,18.0,2005.0,0.4,,,,,,,3,,,,,,,,
ESP-La Liga,2425,Barcelona,Eric García,ESP,"DF,MF",23.0,2001.0,17.4,,,,,,,6,,,,,,,,
ESP-La Liga,2425,Barcelona,Fermin López,ESP,MF,21.0,2003.0,13.9,,,,,,,47,,,,,,,,
ESP-La Liga,2425,Barcelona,Ferran Torres,ESP,"FW,MF",24.0,2000.0,12.3,,,,,,,17,,,,,,,,
ESP-La Liga,2425,Barcelona,Frenkie de Jong,NED,MF,27.0,1997.0,12.7,,,,,,,5,,,,,,,,
ESP-La Liga,2425,Barcelona,Gavi,ESP,MF,19.0,2004.0,12.1,,,,,,,8,,,,,,,,
ESP-La Liga,2425,Barcelona,Gerard Martín,ESP,DF,22.0,2002.0,11.5,,,,,,,35,,,,,,,,
ESP-La Liga,2425,Barcelona,Héctor Fort,ESP,DF,17.0,2006.0,6.5,,,,,,,12,,,,,,,,
ESP-La Liga,2425,Barcelona,Iñaki Peña,ESP,GK,25.0,1999.0,15.5,,,,,,,0,,,,,,,,
ESP-La Liga,2425,Barcelona,Iñigo Martínez,ESP,DF,33.0,1991.0,27.7,,,,,,,8,,,,,,,,
ESP-La Liga,2425,Barcelona,Jules Koundé,FRA,DF,25.0,1998.0,28.9,,,,,,,62,,,,,,,,
ESP-La Liga,2425,Barcelona,Lamine Yamal,ESP,"MF,FW",17.0,2007.0,31.7,,,,,,,104,,,,,,,,
ESP-La Liga,2425,Barcelona,Marc Bernal,ESP,MF,17.0,2007.0,2.7,,,,,,,0,,,,,,,,
ESP-La Liga,2425,Barcelona,Marc Casado,ESP,MF,20.0,2003.0,17.9,,,,,,,9,,,,,,,,
ESP-La Liga,2425,Barcelona,Marc-André ter Stegen,GER,GK,32.0,1992.0,7.5,,,,,,,0,,,,,,,,
ESP-La Liga,2425,Barcelona,Pablo Torre,ESP,MF,21.0,2003.0,3.4,,,,,,,13,,,,,,,,
ESP-La Liga,2425,Barcelona,Pau Cubarsí,ESP,DF,17.0,2007.0,29.1,,,,,,,2,,,,,,,,
ESP-La Liga,2425,Barcelona,Pau Victor,ESP,FW,22.0,2001.0,3.5,,,,,,,3,,,,,,,,
ESP-La Liga,2425,Barcelona,Pedri,ESP,MF,21.0,2002.0,32.0,,,,,,,57,,,,,,,,
ESP-La Liga,2425,Barcelona,Raphinha,BRA,"MF,FW",27.0,1996.0,31.5,,,,,,,216,,,,,,,,
ESP-La Liga,2425,Barcelona,Robert Lewandowski,POL,FW,35.0,1988.0,29.6,,,,,,,5,,,,,,,,
ESP-La Liga,2425,Barcelona,Ronald Araújo,URU,DF,25.0,1999.0,8.4,,,,,,,0,,,,,,,,
ESP-La Liga,2425,Barcelona,Sergi Dominguez,ESP,DF,19.0,2005.0,1.9,,,,,,,0,,,,,,,,
ESP-La Liga,2425,Barcelona,Wojciech Szczęsny,POL,GK,34.0,1990.0,15.0,,,,,,,0,,,,,,,,
ESP-La Liga,2425,Celta Vigo,Alfon,ESP,"FW,MF",25.0,1999.0,15.2,,,,,,,39,,,,,,,,
ESP-La Liga,2425,Celta Vigo,Anastasios Douvikas,GRE,FW,24.0,1999.0,7.8,,,,,,,1,,,,,,,,
ESP-La Liga,2425,Celta Vigo,Borja Iglesias,ESP,FW,31.0,1993.0,21.7,,,,,,,6,,,,,,,,
ESP-La Liga,2425,Celta Vigo,Carl Starfelt,SWE,DF,29.0,1995.0,25.2,,,,,,,0,,,,,,,,
ESP-La Liga,2425,Celta Vigo,Carlos Dominguez,ESP,DF,23.0,2001.0,13.1,,,,,,,0,,,,,,,,
ESP-La Liga,2425,Celta Vigo,Damián Rodríguez,ESP,MF,21.0,2003.0,10.3,,,,,,,30,,,,,,,,
ESP-La Liga,2425,Celta Vigo,Fer López,ESP,"FW,MF",20.0,2004.0,7.5,,,,,,,2,,,,,,,,
ESP-La Liga,2425,Celta Vigo,Fran Beltrán,ESP,MF,25.0,1999.0,26.9,,,,,,,5,,,,,,,,
ESP-La Liga,2425,Celta Vigo,Franco Cervi,ARG,"MF,FW",30.0,1994.0,3.0,,,,,,,6,,,,,,,,
ESP-La Liga,2425,Celta Vigo,Hugo Sotelo,ESP,MF,20.0,2003.0,13.9,,,,,,,50,,,,,,,,
ESP-La Liga,2425,Celta Vigo,Hugo Álvarez,ESP,MF,21.0,2003.0,17.5,,,,,,,30,,,,,,,,
ESP-La Liga,2425,Celta Vigo,Iago Aspas,ESP,"FW,MF",36.0,1987.0,19.4,,,,,,,16,,,,,,,,
ESP-La Liga,2425,Celta Vigo,Iker Losada,ESP,"MF,FW",22.0,2001.0,4.0,,,,,,,5,,,,,,,,
ESP-La Liga,2425,Celta Vigo,Ilaix Moriba,GUI,MF,21.0,2003.0,23.7,,,,,,,6,,,,,,,,
ESP-La Liga,2425,Celta Vigo,Iván Villar,ESP,GK,27.0,1997.0,4.0,,,,,,,0,,,,,,,,
ESP-La Liga,2425,Celta Vigo,Jailson Siqueira,BRA,DF,28.0,1995.0,6.8,,,,,,,1,,,,,,,,
ESP-La Liga,2425,Celta Vigo,Javi Rodríguez,ESP,DF,21.0,2003.0,27.9,,,,,,,4,,,,,,,,
ESP-La Liga,2425,Celta Vigo,Javier Manquillo,ESP,DF,30.0,1994.0,5.7,,,,,,,3,,,,,,,,
ESP-La Liga,2425,Celta Vigo,Jonathan Bamba,CIV,"MF,FW",28.0,1996.0,9.0,,,,,,,25,,,,,,,,
ESP-La Liga,2425,Celta Vigo,Joseph Aidoo,GHA,DF,28.0,1995.0,0.0,,,,,,,0,,,,,,,,
ESP-La Liga,2425,Celta Vigo,Luca de la Torre,USA,MF,26.0,1998.0,0.0,,,,,,,0,,,,,,,,
ESP-La Liga,2425,Celta Vigo,Marcos Alonso,ESP,DF,33.0,1990.0,29.4,,,,,,,41,,,,,,,,
ESP-La Liga,2425,Celta Vigo,Mihailo Ristić,SRB,"MF,DF",28.0,1995.0,4.8,,,,,,,13,,,,,,,,
ESP-La Liga,2425,Celta Vigo,Pablo Durán,ESP,"FW,MF",23.0,2001.0,15.5,,,,,,,18,,,,,,,,
ESP-La Liga,2425,Celta Vigo,Sergio Carreira,ESP,MF,23.0,2000.0,18.4,,,,,,,42,,,,,,,,
ESP-La Liga,2425,Celta Vigo,Tadeo Allende,ARG,"FW,MF",25.0,1999.0,0.0,,,,,,,0,,,,,,,,
ESP-La Liga,2425,Celta Vigo,Vicente Guaita,ESP,GK,37.0,1987.0,34.0,,,,,,,0,,,,,,,,
ESP-La Liga,2425,Celta Vigo,Williot Swedberg,SWE,"FW,MF",20.0,2004.0,15.0,,,,,,,19,,,,,,,,
ESP-La Liga,2425,Celta Vigo,Yoel Lago,ESP,DF,20.0,2004.0,6.5,,,,,,,0,,,,,,,,
ESP-La Liga,2425,Celta Vigo,Óscar Mingueza,ESP,"MF,DF",25.0,1999.0,30.3,,,,,,,135,,,,,,,,
ESP-La Liga,2425,Espanyol,Alejo Véliz,ARG,FW,20.0,2003.0,12.5,,,,,,,0,,,,,,,,
ESP-La Liga,2425,Espanyol,Alex Král,CZE,MF,26.0,1998.0,30.2,,,,,,,38,,,,,,,,
ESP-La Liga,2425,Espanyol,Antoniu,ESP,MF,21.0,2002.0,11.4,,,,,,,21,,,,,,,,
ESP-La Liga,2425,Espanyol,Brian Oliván,ESP,DF,30.0,1994.0,11.3,,,,,,,56,,,,,,,,
ESP-La Liga,2425,Espanyol,Carlos Romero,ESP,"DF,MF",22.0,2001.0,28.4,,,,,,,90,,,,,,,,
ESP-La Liga,2425,Espanyol,Edu Expósito,ESP,MF,27.0,1996.0,11.6,,,,,,,66,,,,,,,,
ESP-La Liga,2425,Espanyol,Fernando Calero,ESP,DF,28.0,1995.0,7.9,,,,,,,2,,,,,,,,
ESP-La Liga,2425,Espanyol,Irvin Cardona,MLT,"FW,MF",26.0,1997.0,6.7,,,,,,,13,,,,,,,,
ESP-La Liga,2425,Espanyol,Javi Puado,ESP,"MF,FW",26.0,1998.0,33.0,,,,,,,28,,,,,,,,
ESP-La Liga,2425,Espanyol,Joan García,ESP,GK,23.0,2001.0,38.0,,,,,,,0,,,,,,,,
ESP-La Liga,2425,Espanyol,Jofre,ESP,MF,23.0,2001.0,24.1,,,,,,,55,,,,,,,,
ESP-La Liga,2425,Espanyol,José Gragera,ESP,MF,23.0,2000.0,6.3,,,,,,,0,,,,,,,,
ESP-La Liga,2425,Espanyol,Justin Smith,CAN,MF,21.0,2003.0,2.3,,,,,,,1,,,,,,,,
ESP-La Liga,2425,Espanyol,Leandro Cabrera,URU,DF,33.0,1991.0,31.9,,,,,,,18,,,,,,,,
ESP-La Liga,2425,Espanyol,Marash Kumbulla,ALB,DF,24.0,2000.0,33.0,,,,,,,6,,,,,,,,
ESP-La Liga,2425,Espanyol,Naci Ünüvar,NED,"FW,MF",21.0,2003.0,0.3,,,,,,,2,,,,,,,,
ESP-La Liga,2425,Espanyol,Omar El Hilali,MAR,DF,20.0,2003.0,35.0,,,,,,,57,,,,,,,,
ESP-La Liga,2425,Espanyol,Pere Milla,ESP,MF,31.0,1992.0,5.1,,,,,,,14,,,,,,,,
ESP-La Liga,2425,Espanyol,Pol Lozano,ESP,MF,24.0,1999.0,21.6,,,,,,,19,,,,,,,,
ESP-La Liga,2425,Espanyol,Rafael Bauza,ESP,MF,19.0,2005.0,2.0,,,,,,,0,,,,,,,,
ESP-La Liga,2425,Espanyol,Roberto Férnandez,ESP,FW,22.0,2002.0,16.6,,,,,,,2,,,,,,,,
ESP-La Liga,2425,Espanyol,Roger Hinojo,ESP,DF,19.0,2005.0,0.1,,,,,,,2,,,,,,,,
ESP-La Liga,2425,Espanyol,Sergi Gómez,ESP,DF,32.0,1992.0,7.4,,,,,,,1,,,,,,,,
ESP-La Liga,2425,Espanyol,Urko González,ESP,MF,23.0,2001.0,15.3,,,,,,,3,,,,,,,,
ESP-La Liga,2425,Espanyol,Walid Cheddira,MAR,FW,26.0,1998.0,7.1,,,,,,,2,,,,,,,,
ESP-La Liga,2425,Espanyol,Álvaro Aguado,ESP,MF,28.0,1996.0,4.9,,,,,,,12,,,,,,,,
ESP-La Liga,2425,Espanyol,Álvaro Tejero,ESP,"MF,DF",28.0,1996.0,13.8,,,,,,,111,,,,,,,,
ESP-La Liga,2425,Getafe,Abdoulaye Keita,ESP,MF,21.0,2002.0,1.1,,,,,,,1,,,,,,,,
ESP-La Liga,2425,Getafe,Alberto Risco,ESP,MF,18.0,2005.0,0.8,,,,,,,4,,,,,,,,
ESP-La Liga,2425,Getafe,Alex Sola,ESP,MF,25.0,1999.0,11.4,,,,,,,18,,,,,,,,
ESP-La Liga,2425,Getafe,Allan Nyom,CMR,"MF,DF",36.0,1988.0,9.9,,,,,,,15,,,,,,,,
ESP-La Liga,2425,Getafe,Bertuğ Yıldırım,TUR,FW,22.0,2002.0,12.0,,,,,,,7,,,,,,,,
ESP-La Liga,2425,Getafe,Borja Mayoral,ESP,FW,27.0,1997.0,12.4,,,,,,,9,,,,,,,,
ESP-La Liga,2425,Getafe,Carles Aleñá,ESP,MF,26.0,1998.0,5.0,,,,,,,6,,,,,,,,
ESP-La Liga,2425,Getafe,Carles Pérez,ESP,MF,26.0,1998.0,15.9,,,,,,,41,,,,,,,,
ESP-La Liga,2425,Getafe,Christantus Uche,NGA,"FW,MF",21.0,2003.0,27.6,,,,,,,21,,,,,,,,
ESP-La Liga,2425,Getafe,Coba da Costa,ESP,MF,22.0,2002.0,11.2,,,,,,,41,,,,,,,,
ESP-La Liga,2425,Getafe,David Argüelles,ESP,DF,22.0,2002.0,0.1,,,,,,,0,,,,,,,,
ESP-La Liga,2425,Getafe,David Soria,ESP,GK,31.0,1993.0,38.0,,,,,,,0,,,,,,,,
ESP-La Liga,2425,Getafe,Diego Rico,ESP,DF,31.0,1993.0,31.3,,,,,,,150,,,,,,,,
ESP-La Liga,2425,Getafe,Djené,TOG,"DF,MF",32.0,1991.0,28.3,,,,,,,32,,,,,,,,
ESP-La Liga,2425,Getafe,Domingos Duarte,POR,DF,29.0,1995.0,20.7,,,,,,,0,,,,,,,,
ESP-La Liga,2425,Getafe,Gorka Rivera Alonso,ESP,DF,19.0,2004.0,0.2,,,,,,,0,,,,,,,,
ESP-La Liga,2425,Getafe,Iglesias,ESP,"DF,MF",26.0,1998.0,32.1,,,,,,,84,,,,,,,,
ESP-La Liga,2425,Getafe,Ismael Bekhoucha,MAR,DF,19.0,2004.0,0.8,,,,,,,1,,,,,,,,
ESP-La Liga,2425,Getafe,John Joe,IRL,MF,20.0,2003.0,0.5,,,,,,,0,,,,,,,,
ESP-La Liga,2425,Getafe,Juan Bernat,ESP,MF,31.0,1993.0,7.8,,,,,,,12,,,,,,,,
ESP-La Liga,2425,Getafe,Juan Berrocal,ESP,DF,25.0,1999.0,11.8,,,,,,,0,,,,,,,,
ESP-La Liga,2425,Getafe,Juanmi,ESP,FW,31.0,1993.0,7.7,,,,,,,0,,,,,,,,
ESP-La Liga,2425,Getafe,Luis Milla,ESP,MF,29.0,1994.0,31.9,,,,,,,200,,,,,,,,
ESP-La Liga,2425,Getafe,Mauro Arambarri,URU,MF,28.0,1995.0,29.6,,,,,,,14,,,,,,,,
ESP-La Liga,2425,Getafe,Nabil Aberdin,FRA,MF,21.0,2002.0,2.9,,,,,,,0,,,,,,,,
ESP-La Liga,2425,Getafe,Omar Alderete,PAR,DF,27.0,1996.0,33.0,,,,,,,6,,,,,,,,
ESP-La Liga,2425,Getafe,Peter González,DOM,MF,22.0,2002.0,5.3,,,,,,,14,,,,,,,,
ESP-La Liga,2425,Getafe,Ramón Terrats,ESP,"MF,FW",23.0,2000.0,13.5,,,,,,,34,,,,,,,,
ESP-La Liga,2425,Getafe,Yellu Santiago,ESP,MF,20.0,2004.0,4.1,,,,,,,3,,,,,,,,
ESP-La Liga,2425,Getafe,Álvaro Rodríguez,URU,FW,20.0,2004.0,9.5,,,,,,,4,,,,,,,,
ESP-La Liga,2425,Girona,Abel Ruiz,ESP,FW,24.0,2000.0,15.0,,,,,,,4,,,,,,,,
ESP-La Liga,2425,Girona,Alejandro Francés,ESP,DF,21.0,2002.0,13.0,,,,,,,26,,,,,,,,
ESP-La Liga,2425,Girona,Arnau Martinez,ESP,"DF,MF",21.0,2003.0,29.2,,,,,,,58,,,,,,,,
ESP-La Liga,2425,Girona,Arnaut Danjuma,NED,"MF,FW",27.0,1997.0,14.8,,,,,,,76,,,,,,,,
ESP-La Liga,2425,Girona,Arthur Melo,BRA,MF,27.0,1996.0,10.5,,,,,,,6,,,,,,,,
ESP-La Liga,2425,Girona,Bojan Miovski,MKD,FW,25.0,1999.0,9.7,,,,,,,3,,,,,,,,
ESP-La Liga,2425,Girona,Bryan Gil,ESP,"MF,FW",23.0,2001.0,19.1,,,,,,,78,,,,,,,,
ESP-La Liga,2425,Girona,Cristhian Stuani,URU,FW,37.0,1986.0,12.0,,,,,,,2,,,,,,,,
ESP-La Liga,2425,Girona,Daley Blind,NED,DF,34.0,1990.0,30.9,,,,,,,42,,,,,,,,
ESP-La Liga,2425,Girona,David López,ESP,DF,34.0,1989.0,27.0,,,,,,,3,,,,,,,,
ESP-La Liga,2425,Girona,Donny van de Beek,NED,MF,27.0,1997.0,15.8,,,,,,,11,,,,,,,,
ESP-La Liga,2425,Girona,Ferrán Ruiz,ESP,DF,21.0,2003.0,0.2,,,,,,,0,,,,,,,,
ESP-La Liga,2425,Girona,Gabriel Osei Misehouy,NED,FW,19.0,2005.0,2.9,,,,,,,6,,,,,,,,
ESP-La Liga,2425,Girona,Iker Almena,ESP,MF,20.0,2004.0,0.5,,,,,,,4,,,,,,,,
ESP-La Liga,2425,Girona,Iván Martín,ESP,MF,25.0,1999.0,22.7,,,,,,,21,,,,,,,,
ESP-La Liga,2425,Girona,Jhon Solis,COL,MF,19.0,2004.0,5.9,,,,,,,3,,,,,,,,
ESP-La Liga,2425,Girona,Juanpe,ESP,DF,33.0,1991.0,8.1,,,,,,,1,,,,,,,,
ESP-La Liga,2425,Girona,Kim Minsu,KOR,FW,18.0,2006.0,0.2,,,,,,,0,,,,,,,,
ESP-La Liga,2425,Girona,Ladislav Krejčí,CZE,DF,25.0,1999.0,27.1,,,,,,,11,,,,,,,,
ESP-La Liga,2425,Girona,Miguel Gutiérrez,ESP,"DF,MF",23.0,2001.0,27.3,,,,,,,153,,,,,,,,
ESP-La Liga,2425,Girona,Oriol Romeu,ESP,MF,32.0,1991.0,15.1,,,,,,,7,,,,,,,,
ESP-La Liga,2425,Girona,Papa Ba,ESP,FW,19.0,2004.0,0.5,,,,,,,1,,,,,,,,
ESP-La Liga,2425,Girona,Pau López,ESP,GK,29.0,1994.0,0.5,,,,,,,0,,,,,,,,
ESP-La Liga,2425,Girona,Paulo Gazzaniga,ARG,GK,32.0,1992.0,35.5,,,,,,,0,,,,,,,,
ESP-La Liga,2425,Girona,Portu,ESP,"FW,MF",32.0,1992.0,8.7,,,,,,,26,,,,,,,,
ESP-La Liga,2425,Girona,Silvi Clúa,ESP,MF,19.0,2005.0,1.8,,,,,,,0,,,,,,,,
ESP-La Liga,2425,Girona,Viktor Tsyhankov,UKR,"MF,FW",26.0,1997.0,21.3,,,,,,,123,,,,,,,,
ESP-La Liga,2425,Girona,Vladyslav Krapyvtsov,UKR,GK,19.0,2005.0,2.0,,,,,,,0,,,,,,,,
ESP-La Liga,2425,Girona,Yangel Herrera,VEN,MF,26.0,1998.0,25.1,,,,,,,45,,,,,,,,
ESP-La Liga,2425,Girona,Yaser Asprilla,COL,"MF,FW",20.0,2003.0,15.6,,,,,,,93,,,,,,,,
ESP-La Liga,2425,Las Palmas,Aboubacar Bassinga,BFA,MF,19.0,2005.0,0.0,,,,,,,0,,,,,,,,
ESP-La Liga,2425,Las Palmas,Adnan Januzaj,BEL,"MF,FW",29.0,1995.0,6.6,,,,,,,64,,,,,,,,
ESP-La Liga,2425,Las Palmas,Alberto Moleiro,ESP,MF,20.0,2003.0,30.2,,,,,,,32,,,,,,,,
ESP-La Liga,2425,Las Palmas,Andy Pelmard,MAD,DF,24.0,2000.0,2.3,,,,,,,2,,,,,,,,
ESP-La Liga,2425,Las Palmas,Arturo Rodríguez,ESP,FW,17.0,2006.0,0.2,,,,,,,2,,,,,,,,
ESP-La Liga,2425,Las Palmas,Benito Ramírez,ESP,"MF,DF",29.0,1995.0,5.3,,,,,,,40,,,,,,,,
ESP-La Liga,2425,Las Palmas,Daley Sinkgraven,NED,DF,29.0,1995.0,1.0,,,,,,,4,,,,,,,,
ESP-La Liga,2425,Las Palmas,Dario Essugo,POR,MF,19.0,2005.0,21.5,,,,,,,1,,,,,,,,
ESP-La Liga,2425,Las Palmas,Diego Martín,ESP,FW,20.0,2003.0,0.4,,,,,,,4,,,,,,,,
ESP-La Liga,2425,Las Palmas,Dinko Horkaš,CRO,GK,25.0,1999.0,12.1,,,,,,,0,,,,,,,,
ESP-La Liga,2425,Las Palmas,Enzo Loiodice,FRA,MF,23.0,2000.0,7.6,,,,,,,11,,,,,,,,
ESP-La Liga,2425,Las Palmas,Fabio González,ESP,MF,27.0,1997.0,0.6,,,,,,,1,,,,,,,,
ESP-La Liga,2425,Las Palmas,Fábio Silva,POR,FW,22.0,2002.0,20.7,,,,,,,19,,,,,,,,
ESP-La Liga,2425,Las Palmas,Jaime Mata,ESP,"MF,FW",35.0,1988.0,7.3,,,,,,,9,,,,,,,,
ESP-La Liga,2425,Las Palmas,Jasper Cillessen,NED,GK,35.0,1989.0,25.9,,,,,,,0,,,,,,,,
ESP-La Liga,2425,Las Palmas,Javier Muñoz,ESP,"MF,DF",29.0,1995.0,28.8,,,,,,,51,,,,,,,,
ESP-La Liga,2425,Las Palmas,José Campaña,ESP,MF,31.0,1993.0,13.2,,,,,,,34,,,,,,,,
ESP-La Liga,2425,Las Palmas,José Carlos González,ESP,MF,18.0,2006.0,0.1,,,,,,,0,,,,,,,,
ESP-La Liga,2425,Las Palmas,Juanma Herzog,ESP,DF,20.0,2004.0,14.6,,,,,,,0,,,,,,,,
ESP-La Liga,2425,Las Palmas,Kirian Rodríguez,ESP,MF,28.0,1996.0,19.5,,,,,,,17,,,,,,,,
ESP-La Liga,2425,Las Palmas,Manuel Fuster,ESP,"MF,FW",26.0,1997.0,11.1,,,,,,,66,,,,,,,,
ESP-La Liga,2425,Las Palmas,Marc Cardona,ESP,FW,29.0,1995.0,1.5,,,,,,,1,,,,,,,,
ESP-La Liga,2425,Las Palmas,Marvin,ESP,"DF,MF",24.0,2000.0,11.5,,,,,,,52,,,,,,,,
ESP-La Liga,2425,Las Palmas,Mika Mármol,ESP,DF,23.0,2001.0,26.7,,,,,,,59,,,,,,,,
ESP-La Liga,2425,Las Palmas,Oliver McBurnie,SCO,FW,28.0,1996.0,20.4,,,,,,,2,,,,,,,,
ESP-La Liga,2425,Las Palmas,Pejiño,ESP,MF,28.0,1996.0,0.2,,,,,,,1,,,,,,,,
ESP-La Liga,2425,Las Palmas,Sandro Ramírez,ESP,"MF,FW",29.0,1995.0,22.6,,,,,,,122,,,,,,,,
ESP-La Liga,2425,Las Palmas,Scott McKenna,SCO,DF,27.0,1996.0,27.4,,,,,,,2,,,,,,,,
ESP-La Liga,2425,Las Palmas,Sergio Viera,ESP,MF,19.0,2005.0,1.1,,,,,,,0,,,,,,,,
ESP-La Liga,2425,Las Palmas,Stefan Bajcetic,ESP,"MF,DF",19.0,2004.0,10.8,,,,,,,4,,,,,,,,
ESP-La Liga,2425,Las Palmas,Valentín Pezzolesi,ESP,DF,17.0,2007.0,0.1,,,,,,,0,,,,,,,,
ESP-La Liga,2425,Las Palmas,Viti,ESP,DF,26.0,1997.0,22.0,,,,,,,46,,,,,,,,
ESP-La Liga,2425,Las Palmas,Álex Muñoz,ESP,DF,30.0,1994.0,15.7,,,,,,,27,,,,,,,,
ESP-La Liga,2425,Las Palmas,Álex Suárez,ESP,DF,31.0,1993.0,27.3,,,,,,,1,,,,,,,,
ESP-La Liga,2425,Leganés,Adrià Altimira,ESP,"DF,MF",23.0,2001.0,18.1,,,,,,,27,,,,,,,,
ESP-La Liga,2425,Leganés,Aritz Arambarri,ESP,DF,26.0,1998.0,2.0,,,,,,,0,,,,,,,,
ESP-La Liga,2425,Leganés,Borna Barišić,CRO,DF,31.0,1992.0,0.1,,,,,,,0,,,,,,,,
ESP-La Liga,2425,Leganés,Dani Raba,ESP,"MF,FW",28.0,1995.0,20.9,,,,,,,87,,,,,,,,
ESP-La Liga,2425,Leganés,Darko Brašanac,SRB,MF,32.0,1992.0,18.0,,,,,,,11,,,,,,,,
ESP-La Liga,2425,Leganés,Diego,ESP,"FW,MF",24.0,2000.0,13.3,,,,,,,5,,,,,,,,
ESP-La Liga,2425,Leganés,Duk,CPV,MF,24.0,2000.0,2.0,,,,,,,8,,,,,,,,
ESP-La Liga,2425,Leganés,Enric Franquesa,ESP,"MF,DF",27.0,1997.0,6.8,,,,,,,16,,,,,,,,
ESP-La Liga,2425,Leganés,Javi Hernández,ESP,DF,26.0,1998.0,26.5,,,,,,,52,,,,,,,,
ESP-La Liga,2425,Leganés,Jorge Sáenz,ESP,DF,27.0,1996.0,18.8,,,,,,,0,,,,,,,,
ESP-La Liga,2425,Leganés,Juan Cruz,ESP,"MF,DF",24.0,2000.0,25.1,,,,,,,91,,,,,,,,
ESP-La Liga,2425,Leganés,Juan Soriano,ESP,GK,26.0,1997.0,6.0,,,,,,,0,,,,,,,,
ESP-La Liga,2425,Leganés,Julián Chicco,ARG,"MF,DF",26.0,1998.0,3.4,,,,,,,3,,,,,,,,
ESP-La Liga,2425,Leganés,Marko Dmitrović,SRB,GK,32.0,1992.0,32.0,,,,,,,0,,,,,,,,
ESP-La Liga,2425,Leganés,Matija Nastasić,SRB,DF,31.0,1993.0,23.4,,,,,,,0,,,,,,,,
ESP-La Liga,2425,Leganés,Miguel,ESP,FW,24.0,1999.0,19.2,,,,,,,10,,,,,,,,
ESP-La Liga,2425,Leganés,Munir El Haddadi,MAR,"MF,FW",28.0,1995.0,9.6,,,,,,,13,,,,,,,,
ESP-La Liga,2425,Leganés,Renato Tapia,PER,"MF,DF",29.0,1995.0,26.9,,,,,,,12,,,,,,,,
ESP-La Liga,2425,Leganés,Roberto López,ESP,MF,24.0,2000.0,4.4,,,,,,,23,,,,,,,,
ESP-La Liga,2425,Leganés,Sergi,ESP,DF,32.0,1992.0,32.9,,,,,,,1,,,,,,,,
ESP-La Liga,2425,Leganés,Seydouba Cissé,GUI,MF,23.0,2001.0,27.1,,,,,,,10,,,,,,,,
ESP-La Liga,2425,Leganés,Sébastien Haller,CIV,FW,30.0,1994.0,4.5,,,,,,,0,,,,,,,,
ESP-La Liga,2425,Leganés,Valentin Rosier,FRA,DF,27.0,1996.0,28.8,,,,,,,39,,,,,,,,
ESP-La Liga,2425,Leganés,Yan Diomandé,CIV,MF,17.0,2006.0,6.1,,,,,,,12,,,,,,,,
ESP-La Liga,2425,Leganés,Yvan Neyou,CMR,MF,27.0,1997.0,25.7,,,,,,,15,,,,,,,,
ESP-La Liga,2425,Leganés,Óscar Rodríguez Arnaiz,ESP,MF,26.0,1998.0,14.8,,,,,,,55,,,,,,,,
ESP-La Liga,2425,Mallorca,Abdón Prats,ESP,"FW,MF",31.0,1992.0,5.1,,,,,,,0,,,,,,,,
ESP-La Liga,2425,Mallorca,Antonio Raillo,ESP,DF,32.0,1991.0,35.6,,,,,,,2,,,,,,,,
ESP-La Liga,2425,Mallorca,Antonio Sánchez,ESP,"MF,DF",27.0,1997.0,15.5,,,,,,,33,,,,,,,,
ESP-La Liga,2425,Mallorca,Chiquinho,POR,MF,24.0,2000.0,1.6,,,,,,,9,,,,,,,,
ESP-La Liga,2425,Mallorca,Copete,ESP,DF,24.0,1999.0,17.0,,,,,,,7,,,,,,,,
ESP-La Liga,2425,Mallorca,Cyle Larin,CAN,FW,29.0,1995.0,19.6,,,,,,,6,,,,,,,,
ESP-La Liga,2425,Mallorca,Dani Rodríguez,ESP,"MF,FW",36.0,1988.0,24.0,,,,,,,116,,,,,,,,
ESP-La Liga,2425,Mallorca,Daniel Luna,COL,MF,21.0,2003.0,0.2,,,,,,,3,,,,,,,,
ESP-La Liga,2425,Mallorca,David López,ESP,DF,21.0,2003.0,1.9,,,,,,,0,,,,,,,,
ESP-La Liga,2425,Mallorca,Dominik Greif,SVK,GK,27.0,1997.0,31.0,,,,,,,0,,,,,,,,
ESP-La Liga,2425,Mallorca,Jan Salas,ESP,MF,18.0,2005.0,0.5,,,,,,,1,,,,,,,,
ESP-La Liga,2425,Mallorca,Javier Llabrés,ESP,MF,21.0,2002.0,0.6,,,,,,,4,,,,,,,,
ESP-La Liga,2425,Mallorca,Johan Mojica,COL,DF,31.0,1992.0,30.6,,,,,,,143,,,,,,,,
ESP-La Liga,2425,Mallorca,Leo Román,ESP,GK,24.0,2000.0,7.0,,,,,,,0,,,,,,,,
ESP-La Liga,2425,Mallorca,Manu Morlanes,ESP,MF,25.0,1999.0,14.9,,,,,,,8,,,,,,,,
ESP-La Liga,2425,Mallorca,Marc Domenech,ESP,"FW,MF",18.0,2006.0,3.4,,,,,,,4,,,,,,,,
ESP-La Liga,2425,Mallorca,Martin Valjent,SVK,DF,28.0,1995.0,30.7,,,,,,,11,,,,,,,,
ESP-La Liga,2425,Mallorca,Mateu Morey,ESP,DF,24.0,2000.0,8.2,,,,,,,16,,,,,,,,
ESP-La Liga,2425,Mallorca,Omar Mascarell,EQG,MF,31.0,1993.0,22.1,,,,,,,5,,,,,,,,
ESP-La Liga,2425,Mallorca,Pablo Maffeo,ESP,DF,27.0,1997.0,26.3,,,,,,,96,,,,,,,,
ESP-La Liga,2425,Mallorca,Roberto Navarro,ESP,MF,22.0,2002.0,14.2,,,,,,,30,,,,,,,,
ESP-La Liga,2425,Mallorca,Samu Costa,POR,MF,23.0,2000.0,29.4,,,,,,,21,,,,,,,,
ESP-La Liga,2425,Mallorca,Sergi Darder,ESP,MF,30.0,1993.0,30.5,,,,,,,159,,,,,,,,
ESP-La Liga,2425,Mallorca,Siebe Van Der Heyden,BEL,DF,26.0,1998.0,1.1,,,,,,,2,,,,,,,,
ESP-La Liga,2425,Mallorca,Takuma Asano,JPN,"MF,FW",29.0,1994.0,11.7,,,,,,,20,,,,,,,,
ESP-La Liga,2425,Mallorca,Toni Lato,ESP,DF,26.0,1997.0,6.9,,,,,,,24,,,,,,,,
ESP-La Liga,2425,Mallorca,Valery Fernández,ESP,MF,24.0,1999.0,3.4,,,,,,,4,,,,,,,,
ESP-La Liga,2425,Mallorca,Vedat Muriqi,KVX,FW,30.0,1994.0,22.9,,,,,,,10,,,,,,,,
ESP-La Liga,2425,Osasuna,Abel Bretones,ESP,"DF,MF",23.0,2000.0,23.0,,,,,,,84,,,,,,,,
ESP-La Liga,2425,Osasuna,Aimar Oroz,ESP,MF,22.0,2001.0,33.0,,,,,,,32,,,,,,,,
ESP-La Liga,2425,Osasuna,Aitor Fernández,ESP,GK,33.0,1991.0,1.0,,,,,,,0,,,,,,,,
ESP-La Liga,2425,Osasuna,Ante Budimir,CRO,FW,33.0,1991.0,32.8,,,,,,,6,,,,,,,,
ESP-La Liga,2425,Osasuna,Bryan Zaragoza,ESP,"MF,FW",22.0,2001.0,20.4,,,,,,,103,,,,,,,,
ESP-La Liga,2425,Osasuna,Catena,ESP,DF,29.0,1994.0,34.2,,,,,,,2,,,,,,,,
ESP-La Liga,2425,Osasuna,Enzo Boyomo,CMR,DF,22.0,2001.0,33.2,,,,,,,2,,,,,,,,
ESP-La Liga,2425,Osasuna,Iker Benito,ESP,"FW,MF",21.0,2002.0,0.4,,,,,,,2,,,,,,,,
ESP-La Liga,2425,Osasuna,Iker Muñoz,ESP,MF,21.0,2002.0,6.8,,,,,,,7,,,,,,,,
ESP-La Liga,2425,Osasuna,Javi Martínez,ESP,MF,24.0,1999.0,0.1,,,,,,,0,,,,,,,,
ESP-La Liga,2425,Osasuna,Jesús Areso,ESP,DF,25.0,1999.0,34.2,,,,,,,170,,,,,,,,
ESP-La Liga,2425,Osasuna,Jon Moncayola,ESP,MF,26.0,1998.0,23.3,,,,,,,109,,,,,,,,
ESP-La Liga,2425,Osasuna,Jorge Herrando,ESP,DF,23.0,2001.0,15.2,,,,,,,1,,,,,,,,
ESP-La Liga,2425,Osasuna,José Arnaiz,ESP,MF,29.0,1995.0,1.5,,,,,,,17,,,,,,,,
ESP-La Liga,2425,Osasuna,Juan Cruz Armada,ESP,DF,32.0,1992.0,16.6,,,,,,,10,,,,,,,,
ESP-La Liga,2425,Osasuna,Kike Barja,ESP,"FW,MF",27.0,1997.0,3.5,,,,,,,37,,,,,,,,
ESP-La Liga,2425,Osasuna,Lucas Torró,ESP,MF,30.0,1994.0,32.9,,,,,,,1,,,,,,,,
ESP-La Liga,2425,Osasuna,Moi Gómez,ESP,"MF,FW",30.0,1994.0,8.8,,,,,,,26,,,,,,,,
ESP-La Liga,2425,Osasuna,Nacho Vidal,ESP,DF,29.0,1995.0,1.4,,,,,,,2,,,,,,,,
ESP-La Liga,2425,Osasuna,Pablo Ibáñez,ESP,MF,25.0,1998.0,14.4,,,,,,,13,,,,,,,,
ESP-La Liga,2425,Osasuna,Raúl,ESP,FW,23.0,2000.0,8.3,,,,,,,6,,,,,,,,
ESP-La Liga,2425,Osasuna,Rubén García,ESP,"FW,MF",31.0,1993.0,26.8,,,,,,,135,,,,,,,,
ESP-La Liga,2425,Osasuna,Rubén Peña,ESP,"FW,DF",33.0,1991.0,8.6,,,,,,,52,,,,,,,,
ESP-La Liga,2425,Osasuna,Sergio Herrera,ESP,GK,31.0,1993.0,37.0,,,,,,,0,,,,,,,,
ESP-La Liga,2425,Osasuna,Unai García,ESP,DF,32.0,1992.0,0.7,,,,,,,0,,,,,,,,
ESP-La Liga,2425,Rayo Vallecano,Abdul Mumin,GHA,DF,26.0,1998.0,22.4,,,,,,,6,,,,,,,,
ESP-La Liga,2425,Rayo Vallecano,Adri Embarba,ESP,"MF,FW",32.0,1992.0,17.9,,,,,,,114,,,,,,,,
ESP-La Liga,2425,Rayo Vallecano,Alfonso Espino,URU,DF,32.0,1992.0,9.3,,,,,,,25,,,,,,,,
ESP-La Liga,2425,Rayo Vallecano,Andrei Ratiu,ROU,"DF,MF",26.0,1998.0,34.1,,,,,,,79,,,,,,,,
ESP-La Liga,2425,Rayo Vallecano,Aridane Hernández,ESP,DF,35.0,1989.0,11.4,,,,,,,0,,,,,,,,
ESP-La Liga,2425,Rayo Vallecano,Augusto Batalla,ARG,GK,28.0,1996.0,32.0,,,,,,,0,,,,,,,,
ESP-La Liga,2425,Rayo Vallecano,Dani Cárdenas,ESP,GK,27.0,1997.0,6.0,,,,,,,0,,,,,,,,
ESP-La Liga,2425,Rayo Vallecano,Etienne Eto'o,CMR,FW,21.0,2002.0,0.4,,,,,,,0,,,,,,,,
ESP-La Liga,2425,Rayo Vallecano,Florian Lejeune,FRA,DF,33.0,1991.0,36.9,,,,,,,8,,,,,,,,
ESP-La Liga,2425,Rayo Vallecano,Gerard Gumbau,ESP,MF,29.0,1994.0,9.4,,,,,,,38,,,,,,,,
ESP-La Liga,2425,Rayo Vallecano,Isaac Palazón Camacho,ESP,"MF,FW",29.0,1994.0,24.0,,,,,,,109,,,,,,,,
ESP-La Liga,2425,Rayo Vallecano,Iván Balliu,ALB,DF,32.0,1992.0,13.3,,,,,,,20,,,,,,,,
ESP-La Liga,2425,Rayo Vallecano,James Rodríguez,COL,MF,33.0,1991.0,1.6,,,,,,,13,,,,,,,,
ESP-La Liga,2425,Rayo Vallecano,Jorge de Frutos,ESP,"MF,FW",27.0,1997.0,27.7,,,,,,,68,,,,,,,,
ESP-La Liga,2425,Rayo Vallecano,Pathé Ciss,SEN,"MF,DF",30.0,1994.0,23.8,,,,,,,5,,,,,,,,
ESP-La Liga,2425,Rayo Vallecano,Pedro Díaz,ESP,MF,26.0,1998.0,13.5,,,,,,,41,,,,,,,,
ESP-La Liga,2425,Rayo Vallecano,Pelayo Fernandez,ESP,DF,21.0,2003.0,1.1,,,,,,,0,,,,,,,,
ESP-La Liga,2425,Rayo Vallecano,Pep Chavarría,ESP,DF,26.0,1998.0,28.7,,,,,,,80,,,,,,,,
ESP-La Liga,2425,Rayo Vallecano,Randy Nteka,ANG,FW,26.0,1997.0,12.5,,,,,,,4,,,,,,,,
ESP-La Liga,2425,Rayo Vallecano,Raúl de Tomás,ESP,FW,29.0,1994.0,0.2,,,,,,,0,,,,,,,,
ESP-La Liga,2425,Rayo Vallecano,Sergi Guardiola,ESP,FW,33.0,1991.0,4.0,,,,,,,4,,,,,,,,
ESP-La Liga,2425,Rayo Vallecano,Sergio Camello,ESP,FW,23.0,2001.0,12.6,,,,,,,6,,,,,,,,
ESP-La Liga,2425,Rayo Vallecano,Unai López,ESP,MF,28.0,1995.0,19.0,,,,,,,33,,,,,,,,
ESP-La Liga,2425,Rayo Vallecano,Álvaro García,ESP,"MF,FW",31.0,1992.0,28.4,,,,,,,108,,,,,,,,
ESP-La Liga,2425,Rayo Vallecano,Óscar Trejo,ARG,MF,36.0,1988.0,5.5,,,,,,,7,,,,,,,,
ESP-La Liga,2425,Rayo Vallecano,Óscar Valentín,ESP,MF,29.0,1994.0,20.4,,,,,,,3,,,,,,,,
ESP-La Liga,2425,Real Betis,Abde Ezzalzouli,MAR,MF,22.0,2001.0,22.0,,,,,,,49,,,,,,,,
ESP-La Liga,2425,Real Betis,Adrián,ESP,GK,37.0,1987.0,19.0,,,,,,,0,,,,,,,,
ESP-La Liga,2425,Real Betis,Aitor Ruibal,ESP,"DF,FW",28.0,1996.0,14.6,,,,,,,32,,,,,,,,
ESP-La Liga,2425,Real Betis,Antony,BRA,MF,24.0,2000.0,15.1,,,,,,,41,,,,,,,,
ESP-La Liga,2425,Real Betis,Assane Diao,SEN,FW,18.0,2005.0,3.1,,,,,,,4,,,,,,,,
ESP-La Liga,2425,Real Betis,Carlos Guirao,ESP,MF,21.0,2003.0,1.2,,,,,,,0,,,,,,,,
ESP-La Liga,2425,Real Betis,Cucho,COL,FW,25.0,1999.0,12.7,,,,,,,12,,,,,,,,
ESP-La Liga,2425,Real Betis,Cédric Bakambu,COD,FW,33.0,1991.0,7.9,,,,,,,3,,,,,,,,
ESP-La Liga,2425,Real Betis,Diego Llorente,ESP,DF,30.0,1993.0,28.0,,,,,,,1,,,,,,,,
ESP-La Liga,2425,Real Betis,Ezequiel Ávila,ARG,"MF,FW",30.0,1994.0,7.5,,,,,,,29,,,,,,,,
ESP-La Liga,2425,Real Betis,Fran Vieites,ESP,GK,25.0,1999.0,4.0,,,,,,,0,,,,,,,,
ESP-La Liga,2425,Real Betis,Giovani Lo Celso,ARG,MF,28.0,1996.0,16.2,,,,,,,93,,,,,,,,
ESP-La Liga,2425,Real Betis,Héctor Bellerín,ESP,DF,29.0,1995.0,6.4,,,,,,,10,,,,,,,,
ESP-La Liga,2425,Real Betis,Iker Losada,ESP,MF,22.0,2001.0,3.7,,,,,,,4,,,,,,,,
ESP-La Liga,2425,Real Betis,Isco,ESP,MF,32.0,1992.0,17.2,,,,,,,94,,,,,,,,
ESP-La Liga,2425,Real Betis,Jesus Rodríguez,ESP,MF,18.0,2005.0,12.3,,,,,,,19,,,,,,,,
ESP-La Liga,2425,Real Betis,Johnny Cardoso,USA,MF,22.0,2001.0,23.8,,,,,,,3,,,,,,,,
ESP-La Liga,2425,Real Betis,Juanmi,ESP,MF,31.0,1993.0,2.7,,,,,,,2,,,,,,,,
ESP-La Liga,2425,Real Betis,Marc Bartra,ESP,DF,33.0,1991.0,23.3,,,,,,,1,,,,,,,,
ESP-La Liga,2425,Real Betis,Marc Roca,ESP,MF,27.0,1996.0,10.1,,,,,,,10,,,,,,,,
ESP-La Liga,2425,Real Betis,Mateo Flores,ESP,MF,20.0,2004.0,1.7,,,,,,,1,,,,,,,,
ESP-La Liga,2425,Real Betis,Nabil Fekir,FRA,MF,31.0,1993.0,2.0,,,,,,,9,,,,,,,,
ESP-La Liga,2425,Real Betis,Natan,BRA,DF,23.0,2001.0,24.2,,,,,,,2,,,,,,,,
ESP-La Liga,2425,Real Betis,Nobel Mendy,SEN,DF,19.0,2004.0,1.2,,,,,,,0,,,,,,,,
ESP-La Liga,2425,Real Betis,Pablo Fornals,ESP,MF,28.0,1996.0,20.3,,,,,,,56,,,,,,,,
ESP-La Liga,2425,Real Betis,Pablo Garcia,ESP,FW,18.0,2006.0,0.4,,,,,,,2,,,,,,,,
ESP-La Liga,2425,Real Betis,Ricardo Rodríguez,SUI,DF,31.0,1992.0,14.2,,,,,,,14,,,,,,,,
ESP-La Liga,2425,Real Betis,Rodri,ESP,MF,24.0,2000.0,1.3,,,,,,,6,,,,,,,,
ESP-La Liga,2425,Real Betis,Romain Perraud,FRA,DF,26.0,1997.0,22.2,,,,,,,72,,,,,,,,
ESP-La Liga,2425,Real Betis,Rui Silva,POR,GK,30.0,1994.0,15.0,,,,,,,0,,,,,,,,
ESP-La Liga,2425,Real Betis,Sergi Altimira,ESP,MF,22.0,2001.0,21.9,,,,,,,5,,,,,,,,
ESP-La Liga,2425,Real Betis,Sergio Arribas,ESP,DF,21.0,2003.0,1.0,,,,,,,0,,,,,,,,
ESP-La Liga,2425,Real Betis,Vitor Roque,BRA,FW,19.0,2005.0,13.7,,,,,,,7,,,,,,,,
ESP-La Liga,2425,Real Betis,William Carvalho,POR,MF,32.0,1992.0,5.4,,,,,,,2,,,,,,,,
ESP-La Liga,2425,Real Betis,Youssouf Sabaly,SEN,DF,31.0,1993.0,17.6,,,,,,,30,,,,,,,,
ESP-La Liga,2425,Real Betis,Ángel Ortíz,ESP,DF,20.0,2004.0,3.9,,,,,,,19,,,,,,,,
ESP-La Liga,2425,Real Madrid,Andriy Lunin,UKR,GK,25.0,1999.0,7.0,,,,,,,0,,,,,,,,
ESP-La Liga,2425,Real Madrid,Antonio Rüdiger,GER,DF,31.0,1993.0,25.5,,,,,,,4,,,,,,,,
ESP-La Liga,2425,Real Madrid,Arda Güler,TUR,"MF,FW",19.0,2005.0,13.9,,,,,,,57,,,,,,,,
ESP-La Liga,2425,Real Madrid,Aurélien Tchouaméni,FRA,"DF,MF",24.0,2000.0,29.9,,,,,,,12,,,,,,,,
ESP-La Liga,2425,Real Madrid,Brahim Díaz,MAR,"MF,FW",24.0,1999.0,15.4,,,,,,,8,,,,,,,,
ESP-La Liga,2425,Real Madrid,Chema,ESP,MF,19.0,2005.0,0.1,,,,,,,0,,,,,,,,
ESP-La Liga,2425,Real Madrid,Dani Carvajal,ESP,DF,32.0,1992.0,6.8,,,,,,,14,,,,,,,,
ESP-La Liga,2425,Real Madrid,Dani Ceballos,ESP,MF,27.0,1996.0,13.5,,,,,,,14,,,,,,,,
ESP-La Liga,2425,Real Madrid,Daniel Yáñez,ESP,MF,17.0,2007.0,0.0,,,,,,,0,,,,,,,,
ESP-La Liga,2425,Real Madrid,David Alaba,AUT,DF,32.0,1992.0,3.5,,,,,,,3,,,,,,,,
ESP-La Liga,2425,Real Madrid,Eduardo Camavinga,FRA,"MF,DF",21.0,2002.0,12.2,,,,,,,2,,,,,,,,
ESP-La Liga,2425,Real Madrid,Endrick,BRA,FW,18.0,2006.0,4.0,,,,,,,2,,,,,,,,
ESP-La Liga,2425,Real Madrid,Federico Valverde,URU,"MF,DF",26.0,1998.0,33.7,,,,,,,26,,,,,,,,
ESP-La Liga,2425,Real Madrid,Ferland Mendy,FRA,DF,29.0,1995.0,11.2,,,,,,,1,,,,,,,,
ESP-La Liga,2425,Real Madrid,Fran,ESP,GK,19.0,2005.0,1.0,,,,,,,0,,,,,,,,
ESP-La Liga,2425,Real Madrid,Fran Garcia,ESP,DF,24.0,1999.0,24.1,,,,,,,66,,,,,,,,
ESP-La Liga,2425,Real Madrid,Gonzalo García,ESP,FW,20.0,2004.0,0.6,,,,,,,0,,,,,,,,
ESP-La Liga,2425,Real Madrid,Jacobo Ramón,ESP,DF,19.0,2005.0,2.3,,,,,,,0,,,,,,,,
ESP-La Liga,2425,Real Madrid,Jesús Vallejo,ESP,DF,27.0,1997.0,1.5,,,,,,,0,,,,,,,,
ESP-La Liga,2425,Real Madrid,Jude Bellingham,ENG,MF,21.0,2003.0,27.6,,,,,,,18,,,,,,,,
ESP-La Liga,2425,Real Madrid,Kylian Mbappé,FRA,FW,25.0,1998.0,32.3,,,,,,,34,,,,,,,,
ESP-La Liga,2425,Real Madrid,Lorenzo Aguado,ESP,DF,21.0,2002.0,0.1,,,,,,,0,,,,,,,,
ESP-La Liga,2425,Real Madrid,Lucas Vázquez,ESP,DF,33.0,1991.0,24.3,,,,,,,64,,,,,,,,
ESP-La Liga,2425,Real Madrid,Luka Modrić,CRO,MF,38.0,1985.0,20.3,,,,,,,113,,,,,,,,
ESP-La Liga,2425,Real Madrid,Raúl Asencio,ESP,DF,21.0,2003.0,18.6,,,,,,,0,,,,,,,,
ESP-La Liga,2425,Real Madrid,Rodrygo,BRA,"MF,FW",23.0,2001.0,21.4,,,,,,,79,,,,,,,,
ESP-La Liga,2425,Real Madrid,Thibaut Courtois,BEL,GK,32.0,1992.0,30.0,,,,,,,0,,,,,,,,
ESP-La Liga,2425,Real Madrid,Vinicius Júnior,BRA,"FW,MF",24.0,2000.0,25.0,,,,,,,56,,,,,,,,
ESP-La Liga,2425,Real Madrid,Víctor Muñoz,ESP,MF,21.0,2003.0,0.4,,,,,,,2,,,,,,,,
ESP-La Liga,2425,Real Madrid,Éder Militão,BRA,DF,26.0,1998.0,10.4,,,,,,,2,,,,,,,,
ESP-La Liga,2425,Real Sociedad,Aihen Muñoz,ESP,DF,26.0,1997.0,12.2,,,,,,,35,,,,,,,,
ESP-La Liga,2425,Real Sociedad,Ander Barrenetxea,ESP,MF,22.0,2001.0,14.0,,,,,,,52,,,,,,,,
ESP-La Liga,2425,Real Sociedad,Aritz Elustondo,ESP,DF,30.0,1994.0,16.2,,,,,,,4,,,,,,,,
ESP-La Liga,2425,Real Sociedad,Arkaitz Mariezkurrena,ESP,FW,19.0,2005.0,2.7,,,,,,,5,,,,,,,,
ESP-La Liga,2425,Real Sociedad,Arsen Zakharyan,RUS,MF,21.0,2003.0,0.8,,,,,,,1,,,,,,,,
ESP-La Liga,2425,Real Sociedad,Beñat Turrientes,ESP,MF,22.0,2002.0,10.5,,,,,,,19,,,,,,,,
ESP-La Liga,2425,Real Sociedad,Brais Méndez,ESP,"MF,FW",27.0,1997.0,17.0,,,,,,,50,,,,,,,,
ESP-La Liga,2425,Real Sociedad,Daniel Díaz,ESP,FW,18.0,2006.0,0.1,,,,,,,0,,,,,,,,
ESP-La Liga,2425,Real Sociedad,Hamari Traoré,MLI,DF,32.0,1992.0,7.8,,,,,,,9,,,,,,,,
ESP-La Liga,2425,Real Sociedad,Igor Zubeldia,ESP,DF,27.0,1997.0,25.2,,,,,,,1,,,,,,,,
ESP-La Liga,2425,Real Sociedad,Javi López,ESP,DF,22.0,2002.0,21.5,,,,,,,60,,,,,,,,
ESP-La Liga,2425,Real Sociedad,Jon Aramburu,VEN,DF,22.0,2002.0,27.3,,,,,,,46,,,,,,,,
ESP-La Liga,2425,Real Sociedad,Jon Magunazelaia,ESP,MF,23.0,2001.0,0.1,,,,,,,0,,,,,,,,
ESP-La Liga,2425,Real Sociedad,Jon Martin,ESP,DF,18.0,2006.0,10.0,,,,,,,0,,,,,,,,
ESP-La Liga,2425,Real Sociedad,Jon Pacheco,ESP,DF,23.0,2001.0,9.5,,,,,,,0,,,,,,,,
ESP-La Liga,2425,Real Sociedad,Luka Sučić,CRO,MF,21.0,2002.0,19.9,,,,,,,18,,,,,,,,
ESP-La Liga,2425,Real Sociedad,Luken Beitia,ESP,DF,20.0,2004.0,0.1,,,,,,,0,,,,,,,,
ESP-La Liga,2425,Real Sociedad,Martín Zubimendi,ESP,MF,25.0,1999.0,32.9,,,,,,,12,,,,,,,,
ESP-La Liga,2425,Real Sociedad,Mikel Oyarzabal,ESP,FW,27.0,1997.0,25.0,,,,,,,10,,,,,,,,
ESP-La Liga,2425,Real Sociedad,Nayef Aguerd,MAR,DF,28.0,1996.0,19.6,,,,,,,2,,,,,,,,
ESP-La Liga,2425,Real Sociedad,Olasagasti,ESP,MF,23.0,2000.0,9.5,,,,,,,9,,,,,,,,
ESP-La Liga,2425,Real Sociedad,Orri Steinn Óskarsson,ISL,FW,19.0,2004.0,10.5,,,,,,,7,,,,,,,,
ESP-La Liga,2425,Real Sociedad,Pablo Marín,ESP,MF,21.0,2003.0,13.8,,,,,,,12,,,,,,,,
ESP-La Liga,2425,Real Sociedad,Sergio Gómez,ESP,MF,23.0,2000.0,30.4,,,,,,,230,,,,,,,,
ESP-La Liga,2425,Real Sociedad,Sheraldo Becker,SUR,"MF,FW",29.0,1995.0,11.1,,,,,,,65,,,,,,,,
ESP-La Liga,2425,Real Sociedad,Takefusa Kubo,JPN,"MF,FW",23.0,2001.0,26.4,,,,,,,86,,,,,,,,
ESP-La Liga,2425,Real Sociedad,Umar Sadiq,NGA,FW,27.0,1997.0,2.5,,,,,,,2,,,,,,,,
ESP-La Liga,2425,Real Sociedad,Unai Marrero,ESP,GK,22.0,2001.0,2.0,,,,,,,0,,,,,,,,
ESP-La Liga,2425,Real Sociedad,Urko González,ESP,MF,23.0,2001.0,0.5,,,,,,,0,,,,,,,,
ESP-La Liga,2425,Real Sociedad,Álex Remiro,ESP,GK,29.0,1995.0,36.0,,,,,,,0,,,,,,,,
ESP-La Liga,2425,Real Sociedad,Álvaro Odriozola,ESP,DF,28.0,1995.0,0.5,,,,,,,1,,,,,,,,
ESP-La Liga,2425,Sevilla,Adrià Pedrosa,ESP,DF,26.0,1998.0,25.5,,,,,,,95,,,,,,,,
ESP-La Liga,2425,Sevilla,Akor Adams,NGA,FW,24.0,2000.0,1.5,,,,,,,0,,,,,,,,
ESP-La Liga,2425,Sevilla,Albert Sambi Lokonga,BEL,MF,24.0,1999.0,16.3,,,,,,,2,,,,,,,,
ESP-La Liga,2425,Sevilla,Carmona,ESP,DF,22.0,2002.0,32.7,,,,,,,43,,,,,,,,
ESP-La Liga,2425,Sevilla,Chidera Ejuke,NGA,"MF,FW",26.0,1998.0,10.7,,,,,,,22,,,,,,,,
ESP-La Liga,2425,Sevilla,Darío Fuentes,ESP,DF,21.0,2003.0,0.1,,,,,,,0,,,,,,,,
ESP-La Liga,2425,Sevilla,Diego Iturralde,ESP,MF,21.0,2003.0,0.4,,,,,,,0,,,,,,,,
ESP-La Liga,2425,Sevilla,Djibril Sow,SUI,MF,27.0,1997.0,22.9,,,,,,,9,,,,,,,,
ESP-La Liga,2425,Sevilla,Dodi Lukebakio,BEL,"MF,FW",26.0,1997.0,34.4,,,,,,,127,,,,,,,,
ESP-La Liga,2425,Sevilla,Gonzalo Montiel,ARG,DF,27.0,1997.0,1.3,,,,,,,3,,,,,,,,
ESP-La Liga,2425,Sevilla,Isaac Romero,ESP,FW,24.0,2000.0,24.0,,,,,,,18,,,,,,,,
ESP-La Liga,2425,Sevilla,Israel Domínguez,ESP,MF,21.0,2003.0,0.2,,,,,,,0,,,,,,,,
ESP-La Liga,2425,Sevilla,Jesús Navas,ESP,"MF,FW",38.0,1985.0,4.7,,,,,,,33,,,,,,,,
ESP-La Liga,2425,Sevilla,Juanlu Sánchez,ESP,"MF,DF",20.0,2003.0,19.1,,,,,,,40,,,,,,,,
ESP-La Liga,2425,Sevilla,Kelechi Iheanacho,NGA,FW,27.0,1996.0,4.4,,,,,,,0,,,,,,,,
ESP-La Liga,2425,Sevilla,Kike Salas,ESP,DF,22.0,2002.0,24.9,,,,,,,9,,,,,,,,
ESP-La Liga,2425,Sevilla,Leandro Antonetti,PUR,FW,21.0,2003.0,0.3,,,,,,,0,,,,,,,,
ESP-La Liga,2425,Sevilla,Loïc Bade,FRA,DF,24.0,2000.0,29.8,,,,,,,8,,,,,,,,
ESP-La Liga,2425,Sevilla,Lucas Ocampos,ARG,"MF,FW",30.0,1994.0,1.9,,,,,,,4,,,,,,,,
ESP-La Liga,2425,Sevilla,Lucien Agoume,FRA,MF,22.0,2002.0,23.5,,,,,,,17,,,,,,,,
ESP-La Liga,2425,Sevilla,Manu Bueno,ESP,MF,20.0,2004.0,1.6,,,,,,,1,,,,,,,,
ESP-La Liga,2425,Sevilla,Marcão,BRA,DF,28.0,1996.0,6.1,,,,,,,0,,,,,,,,
ESP-La Liga,2425,Sevilla,Mateo Mejía,ESP,FW,21.0,2003.0,0.1,,,,,,,0,,,,,,,,
ESP-La Liga,2425,Sevilla,Nemanja Gudelj,SRB,"MF,DF",32.0,1991.0,27.7,,,,,,,31,,,,,,,,
ESP-La Liga,2425,Sevilla,Peque,ESP,"MF,FW",21.0,2002.0,12.6,,,,,,,11,,,,,,,,
ESP-La Liga,2425,Sevilla,Ramón Martínez,ESP,DF,21.0,2002.0,2.9,,,,,,,0,,,,,,,,
ESP-La Liga,2425,Sevilla,Ruben Vargas,SUI,"MF,FW",25.0,1998.0,7.5,,,,,,,37,,,,,,,,
ESP-La Liga,2425,Sevilla,Saúl Ñíguez,ESP,MF,29.0,1994.0,17.3,,,,,,,17,,,,,,,,
ESP-La Liga,2425,Sevilla,Stanis Idumbo,BEL,MF,19.0,2005.0,3.2,,,,,,,0,,,,,,,,
ESP-La Liga,2425,Sevilla,Suso,ESP,"MF,FW",30.0,1993.0,6.7,,,,,,,58,,,,,,,,
ESP-La Liga,2425,Sevilla,Tanguy Nianzou,FRA,DF,22.0,2002.0,5.8,,,,,,,0,,,,,,,,
ESP-La Liga,2425,Sevilla,Valentín Barco,ARG,DF,20.0,2004.0,3.2,,,,,,,25,,,,,,,,
ESP-La Liga,2425,Sevilla,Álvaro Fernández,ESP,GK,26.0,1998.0,8.3,,,,,,,0,,,,,,,,
ESP-La Liga,2425,Sevilla,Álvaro Pascual,ESP,FW,22.0,2002.0,4.5,,,,,,,3,,,,,,,,
ESP-La Liga,2425,Sevilla,Ørjan Nyland,NOR,GK,33.0,1990.0,29.7,,,,,,,0,,,,,,,,
ESP-La Liga,2425,Valencia,Alberto Marí,ESP,FW,23.0,2001.0,0.1,,,,,,,0,,,,,,,,
ESP-La Liga,2425,Valencia,André Almeida,POR,"MF,FW",24.0,2000.0,22.0,,,,,,,67,,,,,,,,
ESP-La Liga,2425,Valencia,Cristhian Mosquera,ESP,DF,20.0,2004.0,36.9,,,,,,,2,,,,,,,,
ESP-La Liga,2425,Valencia,César Tárrega,ESP,DF,22.0,2002.0,33.6,,,,,,,1,,,,,,,,
ESP-La Liga,2425,Valencia,Dani Gómez,ESP,FW,26.0,1998.0,5.9,,,,,,,1,,,,,,,,
ESP-La Liga,2425,Valencia,David Otorbi,ESP,FW,16.0,2007.0,0.2,,,,,,,0,,,,,,,,
ESP-La Liga,2425,Valencia,Diego López,ESP,MF,22.0,2002.0,30.4,,,,,,,67,,,,,,,,
ESP-La Liga,2425,Valencia,Dimitri Foulquier,FRA,DF,31.0,1993.0,25.5,,,,,,,57,,,,,,,,
ESP-La Liga,2425,Valencia,Enzo Barrenechea,ARG,MF,23.0,2001.0,24.3,,,,,,,3,,,,,,,,
ESP-La Liga,2425,Valencia,Francisco Perez,ESP,MF,21.0,2002.0,6.3,,,,,,,27,,,,,,,,
ESP-La Liga,2425,Valencia,Germán Valera,ESP,MF,22.0,2002.0,1.6,,,,,,,6,,,,,,,,
ESP-La Liga,2425,Valencia,Giorgi Mamardashvili,GEO,GK,23.0,2000.0,34.0,,,,,,,0,,,,,,,,
ESP-La Liga,2425,Valencia,Hugo Duro,ESP,FW,24.0,1999.0,24.1,,,,,,,7,,,,,,,,
ESP-La Liga,2425,Valencia,Hugo Guillamón,ESP,MF,24.0,2000.0,4.0,,,,,,,1,,,,,,,,
ESP-La Liga,2425,Valencia,Iker Córdoba,ESP,DF,18.0,2005.0,0.2,,,,,,,1,,,,,,,,
ESP-La Liga,2425,Valencia,Ivan Jaime Pajuelo,ESP,MF,23.0,2000.0,3.3,,,,,,,6,,,,,,,,
ESP-La Liga,2425,Valencia,Javier Guerra,ESP,MF,21.0,2003.0,28.7,,,,,,,44,,,,,,,,
ESP-La Liga,2425,Valencia,Jesus Vazquez,ESP,DF,21.0,2003.0,10.2,,,,,,,23,,,,,,,,
ESP-La Liga,2425,Valencia,José Luis García Vayá,ESP,MF,25.0,1998.0,19.4,,,,,,,109,,,,,,,,
ESP-La Liga,2425,Valencia,José Luis Gayà,ESP,DF,29.0,1995.0,20.0,,,,,,,86,,,,,,,,
ESP-La Liga,2425,Valencia,Luis Rioja,ESP,MF,30.0,1993.0,31.5,,,,,,,201,,,,,,,,
ESP-La Liga,2425,Valencia,Martín Tejón,ESP,MF,20.0,2004.0,0.5,,,,,,,1,,,,,,,,
ESP-La Liga,2425,Valencia,Max Aarons,ENG,DF,24.0,2000.0,1.3,,,,,,,5,,,,,,,,
ESP-La Liga,2425,Valencia,Maximiliano Caufriez,BEL,DF,27.0,1997.0,1.0,,,,,,,0,,,,,,,,
ESP-La Liga,2425,Valencia,Mouctar Diakhaby,GUI,DF,27.0,1996.0,7.3,,,,,,,1,,,,,,,,
ESP-La Liga,2425,Valencia,Rafa Mir,ESP,"FW,MF",27.0,1997.0,8.4,,,,,,,7,,,,,,,,
ESP-La Liga,2425,Valencia,Rodrigo Abajas,ESP,DF,21.0,2003.0,0.7,,,,,,,1,,,,,,,,
ESP-La Liga,2425,Valencia,Sergi Canós,ESP,MF,27.0,1997.0,4.1,,,,,,,18,,,,,,,,
ESP-La Liga,2425,Valencia,Stole Dimitrievski,MKD,GK,30.0,1993.0,4.0,,,,,,,0,,,,,,,,
ESP-La Liga,2425,Valencia,Thierry Correia,POR,DF,25.0,1999.0,8.5,,,,,,,18,,,,,,,,
ESP-La Liga,2425,Valencia,Umar Sadiq,NGA,FW,27.0,1997.0,9.2,,,,,,,0,,,,,,,,
ESP-La Liga,2425,Valencia,Yarek Gasiorowski,ESP,DF,19.0,2005.0,10.5,,,,,,,3,,,,,,,,
ESP-La Liga,2425,Valladolid,Abdulai Juma Bah,SLE,DF,18.0,2006.0,9.6,,,,,,,0,,,,,,,,
ESP-La Liga,2425,Valladolid,Adam Aznou,MAR,"DF,MF",18.0,2006.0,9.7,,,,,,,11,,,,,,,,
ESP-La Liga,2425,Valladolid,Adrian Baquerin,ESP,FW,17.0,2007.0,0.5,,,,,,,0,,,,,,,,
ESP-La Liga,2425,Valladolid,Amath,SEN,"FW,MF",28.0,1996.0,4.2,,,,,,,6,,,,,,,,
ESP-La Liga,2425,Valladolid,André Ferreira,POR,GK,28.0,1996.0,6.0,,,,,,,0,,,,,,,,
ESP-La Liga,2425,Valladolid,Antonio Candela,ITA,DF,24.0,2000.0,10.1,,,,,,,20,,,,,,,,
ESP-La Liga,2425,Valladolid,Anuar,MAR,"MF,FW",29.0,1995.0,19.1,,,,,,,22,,,,,,,,
ESP-La Liga,2425,Valladolid,Arnau Rafús,ESP,GK,21.0,2003.0,1.0,,,,,,,0,,,,,,,,
ESP-La Liga,2425,Valladolid,Cenk Özkacar,TUR,DF,23.0,2000.0,8.4,,,,,,,0,,,,,,,,
ESP-La Liga,2425,Valladolid,Chuky san jose,ESP,"MF,FW",20.0,2004.0,8.1,,,,,,,24,,,,,,,,
ESP-La Liga,2425,Valladolid,Darwin Machís,VEN,"MF,FW",31.0,1993.0,7.1,,,,,,,68,,,,,,,,
ESP-La Liga,2425,Valladolid,David Torres,ESP,DF,21.0,2003.0,15.4,,,,,,,3,,,,,,,,
ESP-La Liga,2425,Valladolid,Enzo Boyomo,CMR,DF,22.0,2001.0,3.0,,,,,,,0,,,,,,,,
ESP-La Liga,2425,Valladolid,Eray Cömert,SUI,"DF,MF",26.0,1998.0,19.8,,,,,,,0,,,,,,,,
ESP-La Liga,2425,Valladolid,Florian Grillitsch,AUT,MF,28.0,1995.0,6.9,,,,,,,6,,,,,,,,
ESP-La Liga,2425,Valladolid,Henrique,BRA,DF,30.0,1994.0,3.9,,,,,,,3,,,,,,,,
ESP-La Liga,2425,Valladolid,Iago Parente,ESP,DF,18.0,2006.0,0.8,,,,,,,1,,,,,,,,
ESP-La Liga,2425,Valladolid,Ibrahim Alani,NGA,MF,18.0,2006.0,1.8,,,,,,,0,,,,,,,,
ESP-La Liga,2425,Valladolid,Iván Sánchez,ESP,MF,31.0,1992.0,15.6,,,,,,,114,,,,,,,,
ESP-La Liga,2425,Valladolid,Javi Sánchez,ESP,DF,27.0,1997.0,22.5,,,,,,,0,,,,,,,,
ESP-La Liga,2425,Valladolid,Joseph Aidoo,GHA,DF,28.0,1995.0,6.5,,,,,,,0,,,,,,,,
ESP-La Liga,2425,Valladolid,Juanmi Latasa,ESP,FW,23.0,2001.0,15.5,,,,,,,5,,,,,,,,
ESP-La Liga,2425,Valladolid,Karl Jakob Hein,EST,GK,22.0,2002.0,31.0,,,,,,,0,,,,,,,,
ESP-La Liga,2425,Valladolid,Kenedy,BRA,"FW,MF",28.0,1996.0,0.1,,,,,,,0,,,,,,,,
ESP-La Liga,2425,Valladolid,Kike Pérez,ESP,MF,27.0,1997.0,13.2,,,,,,,33,,,,,,,,
ESP-La Liga,2425,Valladolid,Lucas Oliveira Rosa,BRA,DF,24.0,2000.0,21.0,,,,,,,36,,,,,,,,
ESP-La Liga,2425,Valladolid,Luis Pérez,ESP,DF,29.0,1995.0,28.4,,,,,,,105,,,,,,,,
ESP-La Liga,2425,Valladolid,Mamadou Sylla,SEN,"FW,MF",30.0,1994.0,17.6,,,,,,,9,,,,,,,,
ESP-La Liga,2425,Valladolid,Marcos André,BRA,FW,27.0,1996.0,13.2,,,,,,,1,,,,,,,,
ESP-La Liga,2425,Valladolid,Mario Maroto,ESP,MF,20.0,2003.0,0.7,,,,,,,2,,,,,,,,
ESP-La Liga,2425,Valladolid,Mario Martín,ESP,MF,20.0,2004.0,19.4,,,,,,,11,,,,,,,,
ESP-La Liga,2425,Valladolid,Raúl Chasco,ESP,DF,20.0,2003.0,1.4,,,,,,,3,,,,,,,,
ESP-La Liga,2425,Valladolid,Raúl Moro,ESP,"MF,FW",21.0,2002.0,26.0,,,,,,,146,,,,,,,,
ESP-La Liga,2425,Valladolid,Selim Amallah,MAR,MF,27.0,1996.0,15.3,,,,,,,31,,,,,,,,
ESP-La Liga,2425,Valladolid,Stanko Jurić,CRO,MF,27.0,1996.0,19.2,,,,,,,0,,,,,,,,
ESP-La Liga,2425,Valladolid,Tamás Nikitscher,HUN,"MF,DF",24.0,1999.0,9.5,,,,,,,1,,,,,,,,
ESP-La Liga,2425,Valladolid,Víctor Meseguer,ESP,MF,25.0,1999.0,4.6,,,,,,,3,,,,,,,,
ESP-La Liga,2425,Valladolid,Xavier Moreno,ESP,FW,19.0,2004.0,0.5,,,,,,,2,,,,,,,,
ESP-La Liga,2425,Villarreal,Alfonso Pedraza,ESP,"DF,MF",28.0,1996.0,5.1,,,,,,,25,,,,,,,,
ESP-La Liga,2425,Villarreal,Arnau Solà,ESP,DF,21.0,2003.0,0.1,,,,,,,0,,,,,,,,
ESP-La Liga,2425,Villarreal,Arnaut Danjuma,NED,FW,27.0,1997.0,2.2,,,,,,,0,,,,,,,,
ESP-La Liga,2425,Villarreal,Ayoze Pérez,ESP,FW,31.0,1993.0,21.9,,,,,,,14,,,,,,,,
ESP-La Liga,2425,Villarreal,Daniel Parejo,ESP,MF,35.0,1989.0,25.3,,,,,,,37,,,,,,,,
ESP-La Liga,2425,Villarreal,Daniel Requena,ESP,MF,20.0,2004.0,0.1,,,,,,,0,,,,,,,,
ESP-La Liga,2425,Villarreal,Denis Suárez,ESP,MF,30.0,1994.0,6.8,,,,,,,25,,,,,,,,
ESP-La Liga,2425,Villarreal,Diego Conde,ESP,GK,25.0,1998.0,21.8,,,,,,,0,,,,,,,,
ESP-La Liga,2425,Villarreal,Eric Bailly,CIV,DF,30.0,1994.0,6.9,,,,,,,0,,,,,,,,
ESP-La Liga,2425,Villarreal,Gerard Moreno,ESP,FW,32.0,1992.0,8.0,,,,,,,10,,,,,,,,
ESP-La Liga,2425,Villarreal,Ilias Akhomach,MAR,MF,20.0,2004.0,6.5,,,,,,,19,,,,,,,,
ESP-La Liga,2425,Villarreal,Juan Bernat,ESP,DF,31.0,1993.0,2.4,,,,,,,8,,,,,,,,
ESP-La Liga,2425,Villarreal,Juan Foyth,ARG,DF,26.0,1998.0,16.9,,,,,,,4,,,,,,,,
ESP-La Liga,2425,Villarreal,Karl Etta Eyong,CMR,FW,20.0,2003.0,0.4,,,,,,,0,,,,,,,,
ESP-La Liga,2425,Villarreal,Kiko Femenía,ESP,DF,33.0,1991.0,24.7,,,,,,,46,,,,,,,,
ESP-La Liga,2425,Villarreal,Logan Costa,CPV,DF,23.0,2001.0,28.7,,,,,,,5,,,,,,,,
ESP-La Liga,2425,Villarreal,Luiz Lúcio Reis Júnior,BRA,GK,23.0,2001.0,16.2,,,,,,,0,,,,,,,,
ESP-La Liga,2425,Villarreal,Nicolas Pépé,CIV,"FW,MF",29.0,1995.0,16.7,,,,,,,45,,,,,,,,
ESP-La Liga,2425,Villarreal,Pape Gueye,SEN,"MF,FW",25.0,1999.0,24.7,,,,,,,21,,,,,,,,
ESP-La Liga,2425,Villarreal,Pau Cabanes,ESP,FW,19.0,2005.0,1.8,,,,,,,6,,,,,,,,
ESP-La Liga,2425,Villarreal,Pau Navarro,ESP,DF,19.0,2005.0,10.2,,,,,,,3,,,,,,,,
ESP-La Liga,2425,Villarreal,Ramón Terrats,ESP,FW,23.0,2000.0,1.5,,,,,,,5,,,,,,,,
ESP-La Liga,2425,Villarreal,Raúl Albiol,ESP,DF,38.0,1985.0,13.2,,,,,,,0,,,,,,,,
ESP-La Liga,2425,Villarreal,Santi Comesaña,ESP,MF,27.0,1996.0,28.4,,,,,,,15,,,,,,,,
ESP-La Liga,2425,Villarreal,Sergi Cardona,ESP,DF,25.0,1999.0,32.7,,,,,,,112,,,,,,,,
ESP-La Liga,2425,Villarreal,Tajon Buchanan,CAN,MF,25.0,1999.0,4.6,,,,,,,16,,,,,,,,
ESP-La Liga,2425,Villarreal,Thiago Ojeda,ARG,MF,21.0,2003.0,0.1,,,,,,,1,,,,,,,,
ESP-La Liga,2425,Villarreal,Thierno Barry,FRA,FW,21.0,2002.0,25.8,,,,,,,5,,,,,,,,
ESP-La Liga,2425,Villarreal,Willy Kambwala,FRA,DF,19.0,2004.0,12.4,,,,,,,0,,,,,,,,
ESP-La Liga,2425,Villarreal,Yéremy Pino,ESP,MF,21.0,2002.0,21.5,,,,,,,49,,,,,,,,
ESP-La Liga,2425,Villarreal,Álex Baena,ESP,"MF,FW",23.0,2001.0,28.8,,,,,,,208,,,,,,,,
ESP-La Liga,2526,Alavés,Abde Rebbach,ALG,"MF,DF",26.0,1998.0,16.6,,,,,,,109,,,,,,,,
ESP-La Liga,2526,Alavés,Aitor Mañas,ESP,FW,22.0,2003.0,1.4,,,,,,,0,,,,,,,,
ESP-La Liga,2526,Alavés,Ander Guevara,ESP,MF,28.0,1997.0,7.3,,,,,,,6,,,,,,,,
ESP-La Liga,2526,Alavés,Antonio Blanco,ESP,MF,25.0,2000.0,34.6,,,,,,,30,,,,,,,,
ESP-La Liga,2526,Alavés,Antonio Sivera,ESP,GK,28.0,1996.0,38.0,,,,,,,0,,,,,,,,
ESP-La Liga,2526,Alavés,Calebe,BRA,MF,25.0,2000.0,8.4,,,,,,,16,,,,,,,,
ESP-La Liga,2526,Alavés,Carles Aleñá,ESP,MF,27.0,1998.0,22.1,,,,,,,121,,,,,,,,
ESP-La Liga,2526,Alavés,Carlos Ballestero,ESP,DF,21.0,2004.0,0.0,,,,,,,0,,,,,,,,
ESP-La Liga,2526,Alavés,Carlos Benavídez,URU,DF,27.0,1998.0,3.6,,,,,,,1,,,,,,,,
ESP-La Liga,2526,Alavés,Carlos Vicente,ESP,MF,26.0,1999.0,14.0,,,,,,,128,,,,,,,,
ESP-La Liga,2526,Alavés,Denis Suárez,ESP,MF,31.0,1994.0,15.6,,,,,,,41,,,,,,,,
ESP-La Liga,2526,Alavés,Diego Morcillo,ESP,FW,22.0,2003.0,0.1,,,,,,,1,,,,,,,,
ESP-La Liga,2526,Alavés,Facundo Garcés,MAS,DF,25.0,1999.0,8.8,,,,,,,1,,,,,,,,
ESP-La Liga,2526,Alavés,Ibrahim Diabaté,CIV,FW,25.0,1999.0,6.4,,,,,,,0,,,,,,,,
ESP-La Liga,2526,Alavés,Jon Guridi,ESP,"MF,FW",30.0,1995.0,13.8,,,,,,,12,,,,,,,,
ESP-La Liga,2526,Alavés,Jon Pacheco,ESP,DF,24.0,2001.0,19.3,,,,,,,4,,,,,,,,
ESP-La Liga,2526,Alavés,Jonny Castro,ESP,DF,31.0,1994.0,33.3,,,,,,,23,,,,,,,,
ESP-La Liga,2526,Alavés,Lander Pinillos,ESP,MF,21.0,2003.0,0.0,,,,,,,1,,,,,,,,
ESP-La Liga,2526,Alavés,Lucas Boyé,ARG,FW,29.0,1996.0,21.8,,,,,,,10,,,,,,,,
ESP-La Liga,2526,Alavés,Mariano,DOM,FW,31.0,1993.0,3.2,,,,,,,3,,,,,,,,
ESP-La Liga,2526,Alavés,Moussa Diarra,MLI,DF,24.0,2000.0,2.4,,,,,,,1,,,,,,,,
ESP-La Liga,2526,Alavés,Nahuel Tenaglia,ARG,DF,29.0,1996.0,36.0,,,,,,,17,,,,,,,,
ESP-La Liga,2526,Alavés,Pablo Ibáñez,ESP,MF,26.0,1998.0,24.8,,,,,,,38,,,,,,,,
ESP-La Liga,2526,Alavés,Toni Martínez,ESP,FW,28.0,1997.0,30.2,,,,,,,14,,,,,,,,
ESP-La Liga,2526,Alavés,Victor Parada,ESP,DF,23.0,2002.0,23.8,,,,,,,31,,,,,,,,
ESP-La Liga,2526,Alavés,Ville Koski,FIN,DF,23.0,2002.0,3.1,,,,,,,0,,,,,,,,
ESP-La Liga,2526,Alavés,Youssef Lekhedim,ESP,"DF,MF",19.0,2005.0,14.8,,,,,,,61,,,,,,,,
ESP-La Liga,2526,Alavés,Ángel Pérez,ESP,"MF,DF",22.0,2002.0,14.3,,,,,,,85,,,,,,,,
ESP-La Liga,2526,Athletic Club,Adama Boiro,ESP,DF,23.0,2002.0,9.1,,,,,,,24,,,,,,,,
ESP-La Liga,2526,Athletic Club,Aitor Paredes,ESP,DF,25.0,2000.0,18.1,,,,,,,1,,,,,,,,
ESP-La Liga,2526,Athletic Club,Alejandro Rego,ESP,MF,22.0,2003.0,14.2,,,,,,,6,,,,,,,,
ESP-La Liga,2526,Athletic Club,Alex Padilla,ESP,GK,21.0,2003.0,1.0,,,,,,,0,,,,,,,,
ESP-La Liga,2526,Athletic Club,Andoni Gorosabel,ESP,DF,28.0,1996.0,15.1,,,,,,,55,,,,,,,,
ESP-La Liga,2526,Athletic Club,Asier Hierro,ESP,FW,20.0,2005.0,0.4,,,,,,,0,,,,,,,,
ESP-La Liga,2526,Athletic Club,Aymeric Laporte,ESP,DF,31.0,1994.0,22.9,,,,,,,2,,,,,,,,
ESP-La Liga,2526,Athletic Club,Beñat Prados,ESP,MF,24.0,2001.0,0.9,,,,,,,0,,,,,,,,
ESP-La Liga,2526,Athletic Club,Daniel Vivian,ESP,DF,26.0,1999.0,28.5,,,,,,,11,,,,,,,,
ESP-La Liga,2526,Athletic Club,Eder García,ESP,FW,21.0,2004.0,0.4,,,,,,,0,,,,,,,,
ESP-La Liga,2526,Athletic Club,Gorka Guruzeta,ESP,FW,28.0,1996.0,26.3,,,,,,,7,,,,,,,,
ESP-La Liga,2526,Athletic Club,Iñaki Williams,GHA,"MF,FW",31.0,1994.0,24.0,,,,,,,67,,,,,,,,
ESP-La Liga,2526,Athletic Club,Iñigo Lekue,ESP,DF,32.0,1993.0,6.7,,,,,,,19,,,,,,,,
ESP-La Liga,2526,Athletic Club,Iñigo Ruiz de Galarreta,ESP,MF,31.0,1993.0,24.5,,,,,,,62,,,,,,,,
ESP-La Liga,2526,Athletic Club,Jesús Areso,ESP,DF,26.0,1999.0,16.7,,,,,,,86,,,,,,,,
ESP-La Liga,2526,Athletic Club,Maroan Sannadi,MAR,FW,24.0,2001.0,3.2,,,,,,,2,,,,,,,,
ESP-La Liga,2526,Athletic Club,Mikel Jauregizar,ESP,MF,21.0,2003.0,31.5,,,,,,,72,,,,,,,,
ESP-La Liga,2526,Athletic Club,Mikel Vesga,ESP,MF,32.0,1993.0,5.2,,,,,,,4,,,,,,,,
ESP-La Liga,2526,Athletic Club,Nico Williams,ESP,MF,23.0,2002.0,18.6,,,,,,,76,,,,,,,,
ESP-La Liga,2526,Athletic Club,Nicolás Serrano,ESP,MF,22.0,2003.0,4.1,,,,,,,42,,,,,,,,
ESP-La Liga,2526,Athletic Club,Oihan Sancet,ESP,MF,25.0,2000.0,19.9,,,,,,,23,,,,,,,,
ESP-La Liga,2526,Athletic Club,Roberto Navarro,ESP,MF,23.0,2002.0,14.5,,,,,,,74,,,,,,,,
ESP-La Liga,2526,Athletic Club,Selton Sánchez,ESP,MF,18.0,2007.0,2.2,,,,,,,0,,,,,,,,
ESP-La Liga,2526,Athletic Club,Unai Gómez,ESP,MF,22.0,2003.0,10.4,,,,,,,23,,,,,,,,
ESP-La Liga,2526,Athletic Club,Unai Simón,ESP,GK,28.0,1997.0,37.0,,,,,,,0,,,,,,,,
ESP-La Liga,2526,Athletic Club,Urko Izeta,ESP,FW,25.0,1999.0,2.1,,,,,,,2,,,,,,,,
ESP-La Liga,2526,Athletic Club,Yeray Álvarez,ESP,DF,30.0,1995.0,5.7,,,,,,,2,,,,,,,,
ESP-La Liga,2526,Athletic Club,Yuri Berchiche,ESP,DF,35.0,1990.0,30.1,,,,,,,64,,,,,,,,
ESP-La Liga,2526,Athletic Club,Álex Berenguer,ESP,MF,30.0,1995.0,23.9,,,,,,,199,,,,,,,,
ESP-La Liga,2526,Atlético Madrid,Ademola Lookman,NGA,"FW,MF",27.0,1997.0,6.9,,,,,,,12,,,,,,,,
ESP-La Liga,2526,Atlético Madrid,Aleksa Puric,SRB,DF,22.0,2003.0,0.5,,,,,,,0,,,,,,,,
ESP-La Liga,2526,Atlético Madrid,Alexander Sørloth,NOR,FW,29.0,1995.0,22.0,,,,,,,10,,,,,,,,
ESP-La Liga,2526,Atlético Madrid,Antoine Griezmann,FRA,FW,34.0,1991.0,16.5,,,,,,,80,,,,,,,,
ESP-La Liga,2526,Atlético Madrid,Clément Lenglet,FRA,DF,30.0,1995.0,15.5,,,,,,,2,,,,,,,,
ESP-La Liga,2526,Atlético Madrid,Conor Gallagher,ENG,MF,25.0,2000.0,7.5,,,,,,,11,,,,,,,,
ESP-La Liga,2526,Atlético Madrid,Daniel Martinez,ESP,DF,21.0,2004.0,1.0,,,,,,,1,,,,,,,,
ESP-La Liga,2526,Atlético Madrid,Dávid Hancko,SVK,DF,27.0,1997.0,27.0,,,,,,,29,,,,,,,,
ESP-La Liga,2526,Atlético Madrid,Giacomo Raspadori,ITA,FW,25.0,2000.0,2.6,,,,,,,9,,,,,,,,
ESP-La Liga,2526,Atlético Madrid,Giuliano Simeone,ARG,"MF,FW",22.0,2002.0,23.3,,,,,,,48,,,,,,,,
ESP-La Liga,2526,Atlético Madrid,Iker Luque,ESP,DF,20.0,2005.0,0.3,,,,,,,0,,,,,,,,
ESP-La Liga,2526,Atlético Madrid,Jan Oblak,SVN,GK,32.0,1993.0,30.0,,,,,,,0,,,,,,,,
ESP-La Liga,2526,Atlético Madrid,Jano Monserrate,ESP,MF,19.0,2006.0,0.3,,,,,,,3,,,,,,,,
ESP-La Liga,2526,Atlético Madrid,Javi Galán,ESP,DF,30.0,1994.0,1.5,,,,,,,5,,,,,,,,
ESP-La Liga,2526,Atlético Madrid,Javi Morcillo,ESP,MF,19.0,2006.0,1.9,,,,,,,0,,,,,,,,
ESP-La Liga,2526,Atlético Madrid,Javier Boñar,ESP,DF,20.0,2005.0,3.3,,,,,,,3,,,,,,,,
ESP-La Liga,2526,Atlético Madrid,Johnny Cardoso,USA,MF,23.0,2001.0,9.9,,,,,,,3,,,,,,,,
ESP-La Liga,2526,Atlético Madrid,José María Giménez,URU,DF,30.0,1995.0,13.1,,,,,,,0,,,,,,,,
ESP-La Liga,2526,Atlético Madrid,Juan Musso,ARG,GK,31.0,1994.0,8.0,,,,,,,0,,,,,,,,
ESP-La Liga,2526,Atlético Madrid,Julio Diaz,ESP,DF,20.0,2005.0,3.4,,,,,,,6,,,,,,,,
ESP-La Liga,2526,Atlético Madrid,Julián Álvarez,ARG,FW,25.0,2000.0,21.1,,,,,,,86,,,,,,,,
ESP-La Liga,2526,Atlético Madrid,Koke,ESP,MF,33.0,1992.0,24.7,,,,,,,44,,,,,,,,
ESP-La Liga,2526,Atlético Madrid,Marc Pubill,ESP,DF,22.0,2003.0,15.3,,,,,,,8,,,,,,,,
ESP-La Liga,2526,Atlético Madrid,Marcos Llorente,ESP,"DF,MF",30.0,1995.0,24.2,,,,,,,49,,,,,,,,
ESP-La Liga,2526,Atlético Madrid,Matteo Ruggeri,ITA,DF,23.0,2002.0,19.7,,,,,,,86,,,,,,,,
ESP-La Liga,2526,Atlético Madrid,Miguel Cubo,ESP,FW,17.0,2008.0,0.6,,,,,,,0,,,,,,,,
ESP-La Liga,2526,Atlético Madrid,Nahuel Molina,ARG,"DF,MF",27.0,1998.0,14.8,,,,,,,49,,,,,,,,
ESP-La Liga,2526,Atlético Madrid,Nicolás González,ARG,"MF,DF",27.0,1998.0,16.1,,,,,,,27,,,,,,,,
ESP-La Liga,2526,Atlético Madrid,Obed Vargas,MEX,MF,19.0,2005.0,8.2,,,,,,,6,,,,,,,,
ESP-La Liga,2526,Atlético Madrid,Pablo Barrios,ESP,MF,22.0,2003.0,18.5,,,,,,,30,,,,,,,,
ESP-La Liga,2526,Atlético Madrid,Rayane Belaid,ESP,"MF,FW",20.0,2005.0,1.5,,,,,,,1,,,,,,,,
ESP-La Liga,2526,Atlético Madrid,Robin Le Normand,ESP,DF,28.0,1996.0,19.9,,,,,,,3,,,,,,,,
ESP-La Liga,2526,Atlético Madrid,Rodrigo Mendoza,ESP,MF,20.0,2005.0,4.8,,,,,,,2,,,,,,,,
ESP-La Liga,2526,Atlético Madrid,Taufik Seidu,ESP,MF,17.0,2008.0,0.3,,,,,,,0,,,,,,,,
ESP-La Liga,2526,Atlético Madrid,Thiago Almada,ARG,"MF,FW",24.0,2001.0,14.6,,,,,,,40,,,,,,,,
ESP-La Liga,2526,Atlético Madrid,Álex Baena,ESP,"MF,FW",24.0,2001.0,17.3,,,,,,,117,,,,,,,,
ESP-La Liga,2526,Barcelona,Alejandro Balde,ESP,DF,21.0,2003.0,20.8,,,,,,,25,,,,,,,,
ESP-La Liga,2526,Barcelona,Alvaro Cortes,ESP,DF,20.0,2005.0,1.0,,,,,,,0,,,,,,,,
ESP-La Liga,2526,Barcelona,Andreas Christensen,DEN,DF,29.0,1996.0,4.5,,,,,,,0,,,,,,,,
ESP-La Liga,2526,Barcelona,Dani Olmo,ESP,MF,27.0,1998.0,23.0,,,,,,,28,,,,,,,,
ESP-La Liga,2526,Barcelona,Dro Fernández,ESP,MF,17.0,2008.0,1.0,,,,,,,0,,,,,,,,
ESP-La Liga,2526,Barcelona,Eric García,ESP,"DF,MF",24.0,2001.0,30.2,,,,,,,14,,,,,,,,
ESP-La Liga,2526,Barcelona,Fermin López,ESP,MF,22.0,2003.0,20.0,,,,,,,36,,,,,,,,
ESP-La Liga,2526,Barcelona,Ferran Torres,ESP,FW,25.0,2000.0,21.8,,,,,,,3,,,,,,,,
ESP-La Liga,2526,Barcelona,Frenkie de Jong,NED,MF,28.0,1997.0,18.2,,,,,,,5,,,,,,,,
ESP-La Liga,2526,Barcelona,Gavi,ESP,MF,20.0,2004.0,6.4,,,,,,,2,,,,,,,,
ESP-La Liga,2526,Barcelona,Gerard Martín,ESP,DF,23.0,2002.0,23.5,,,,,,,14,,,,,,,,
ESP-La Liga,2526,Barcelona,Joan García,ESP,GK,24.0,2001.0,30.0,,,,,,,0,,,,,,,,
ESP-La Liga,2526,Barcelona,Jofre Torrents,ESP,DF,18.0,2007.0,0.6,,,,,,,4,,,,,,,,
ESP-La Liga,2526,Barcelona,João Cancelo,POR,DF,31.0,1994.0,10.6,,,,,,,31,,,,,,,,
ESP-La Liga,2526,Barcelona,Jules Koundé,FRA,DF,26.0,1998.0,25.1,,,,,,,40,,,,,,,,
ESP-La Liga,2526,Barcelona,Lamine Yamal,ESP,"MF,FW",18.0,2007.0,25.1,,,,,,,77,,,,,,,,
ESP-La Liga,2526,Barcelona,Marc Bernal,ESP,MF,18.0,2007.0,8.8,,,,,,,1,,,,,,,,
ESP-La Liga,2526,Barcelona,Marc Casado,ESP,MF,21.0,2003.0,11.0,,,,,,,1,,,,,,,,
ESP-La Liga,2526,Barcelona,Marcus Rashford,ENG,"MF,FW",27.0,1997.0,19.6,,,,,,,121,,,,,,,,
ESP-La Liga,2526,Barcelona,Pau Cubarsí,ESP,DF,18.0,2007.0,30.0,,,,,,,0,,,,,,,,
ESP-La Liga,2526,Barcelona,Pedri,ESP,MF,22.0,2002.0,23.4,,,,,,,12,,,,,,,,
ESP-La Liga,2526,Barcelona,Raphinha,BRA,"MF,FW",28.0,1996.0,15.3,,,,,,,72,,,,,,,,
ESP-La Liga,2526,Barcelona,Robert Lewandowski,POL,FW,36.0,1988.0,18.5,,,,,,,0,,,,,,,,
ESP-La Liga,2526,Barcelona,Ronald Araújo,URU,DF,26.0,1999.0,11.9,,,,,,,6,,,,,,,,
ESP-La Liga,2526,Barcelona,Roony Bardghji,SWE,"MF,FW",19.0,2005.0,7.2,,,,,,,54,,,,,,,,
ESP-La Liga,2526,Barcelona,Tomas Marques,ESP,MF,18.0,2006.0,0.1,,,,,,,0,,,,,,,,
ESP-La Liga,2526,Barcelona,Toni Fernández,ESP,FW,17.0,2008.0,0.5,,,,,,,0,,,,,,,,
ESP-La Liga,2526,Barcelona,Wojciech Szczęsny,POL,GK,35.0,1990.0,8.0,,,,,,,0,,,,,,,,
ESP-La Liga,2526,Barcelona,Xavi Espart,ESP,DF,18.0,2007.0,1.8,,,,,,,2,,,,,,,,
ESP-La Liga,2526,Celta Vigo,Andrés Antañón,ESP,FW,18.0,2007.0,0.7,,,,,,,0,,,,,,,,
ESP-La Liga,2526,Celta Vigo,Borja Iglesias,ESP,FW,32.0,1993.0,21.1,,,,,,,3,,,,,,,,
ESP-La Liga,2526,Celta Vigo,Bryan Zaragoza,ESP,"FW,MF",23.0,2001.0,12.6,,,,,,,67,,,,,,,,
ESP-La Liga,2526,Celta Vigo,Carl Starfelt,SWE,DF,30.0,1995.0,16.6,,,,,,,0,,,,,,,,
ESP-La Liga,2526,Celta Vigo,Carlos Dominguez,ESP,DF,24.0,2001.0,6.8,,,,,,,1,,,,,,,,
ESP-La Liga,2526,Celta Vigo,Damián Rodríguez,ESP,MF,22.0,2003.0,1.7,,,,,,,3,,,,,,,,
ESP-La Liga,2526,Celta Vigo,Fer López,ESP,"MF,FW",21.0,2004.0,13.0,,,,,,,18,,,,,,,,
ESP-La Liga,2526,Celta Vigo,Ferran Jutglà,ESP,FW,26.0,1999.0,18.4,,,,,,,19,,,,,,,,
ESP-La Liga,2526,Celta Vigo,Fran Beltrán,ESP,MF,26.0,1999.0,5.9,,,,,,,2,,,,,,,,
ESP-La Liga,2526,Celta Vigo,Hugo García,ESP,MF,18.0,2006.0,0.1,,,,,,,0,,,,,,,,
ESP-La Liga,2526,Celta Vigo,Hugo González,ESP,FW,22.0,2003.0,0.1,,,,,,,1,,,,,,,,
ESP-La Liga,2526,Celta Vigo,Hugo Sotelo,ESP,MF,21.0,2003.0,14.9,,,,,,,44,,,,,,,,
ESP-La Liga,2526,Celta Vigo,Hugo Álvarez,ESP,"FW,MF",22.0,2003.0,14.9,,,,,,,23,,,,,,,,
ESP-La Liga,2526,Celta Vigo,Iago Aspas,ESP,"FW,MF",37.0,1987.0,12.7,,,,,,,24,,,,,,,,
ESP-La Liga,2526,Celta Vigo,Ilaix Moriba,GUI,MF,22.0,2003.0,27.7,,,,,,,2,,,,,,,,
ESP-La Liga,2526,Celta Vigo,Ionuț Radu,ROU,GK,28.0,1997.0,38.0,,,,,,,0,,,,,,,,
ESP-La Liga,2526,Celta Vigo,Javi Rodríguez,ESP,DF,22.0,2003.0,28.4,,,,,,,1,,,,,,,,
ESP-La Liga,2526,Celta Vigo,Javi Rueda,ESP,MF,23.0,2002.0,15.6,,,,,,,27,,,,,,,,
ESP-La Liga,2526,Celta Vigo,Jones El-Abdellaoui,MAR,"MF,FW",19.0,2006.0,7.6,,,,,,,30,,,,,,,,
ESP-La Liga,2526,Celta Vigo,Joseph Aidoo,GHA,DF,29.0,1995.0,7.1,,,,,,,0,,,,,,,,
ESP-La Liga,2526,Celta Vigo,Manu Fernández,ESP,DF,24.0,2001.0,8.4,,,,,,,0,,,,,,,,
ESP-La Liga,2526,Celta Vigo,Marcos Alonso,ESP,DF,34.0,1990.0,30.8,,,,,,,19,,,,,,,,
ESP-La Liga,2526,Celta Vigo,Matías Vecino,URU,MF,33.0,1991.0,1.5,,,,,,,1,,,,,,,,
ESP-La Liga,2526,Celta Vigo,Miguel Román,ESP,MF,22.0,2002.0,14.6,,,,,,,21,,,,,,,,
ESP-La Liga,2526,Celta Vigo,Mihailo Ristić,SRB,"MF,DF",29.0,1995.0,2.8,,,,,,,2,,,,,,,,
ESP-La Liga,2526,Celta Vigo,Pablo Durán,ESP,"FW,MF",24.0,2001.0,15.8,,,,,,,15,,,,,,,,
ESP-La Liga,2526,Celta Vigo,Sergio Carreira,ESP,MF,24.0,2000.0,29.9,,,,,,,32,,,,,,,,
ESP-La Liga,2526,Celta Vigo,Williot Swedberg,SWE,"FW,MF",21.0,2004.0,14.1,,,,,,,8,,,,,,,,
ESP-La Liga,2526,Celta Vigo,Yoel Lago,ESP,DF,21.0,2004.0,10.4,,,,,,,0,,,,,,,,
ESP-La Liga,2526,Celta Vigo,Álvaro Núñez,ESP,"DF,MF",25.0,2000.0,3.6,,,,,,,1,,,,,,,,
ESP-La Liga,2526,Celta Vigo,Óscar Mingueza,ESP,MF,26.0,1999.0,21.9,,,,,,,68,,,,,,,,
ESP-La Liga,2526,Elche,Adam Boayar,MAR,MF,19.0,2005.0,1.2,,,,,,,2,,,,,,,,
ESP-La Liga,2526,Elche,Adrià Pedrosa,ESP,"DF,MF",27.0,1998.0,12.1,,,,,,,51,,,,,,,,
ESP-La Liga,2526,Elche,Aleix Febas,ESP,MF,29.0,1996.0,35.1,,,,,,,22,,,,,,,,
ESP-La Liga,2526,Elche,Ali Houary,MAR,MF,19.0,2005.0,1.4,,,,,,,0,,,,,,,,
ESP-La Liga,2526,Elche,André Silva,POR,FW,29.0,1995.0,20.5,,,,,,,3,,,,,,,,
ESP-La Liga,2526,Elche,Bambo Diaby,SEN,DF,27.0,1997.0,1.1,,,,,,,0,,,,,,,,
ESP-La Liga,2526,Elche,Buba Sangaré,ESP,"DF,MF",17.0,2007.0,6.0,,,,,,,12,,,,,,,,
ESP-La Liga,2526,Elche,David Affengruber,AUT,DF,24.0,2001.0,32.8,,,,,,,8,,,,,,,,
ESP-La Liga,2526,Elche,Federico Redondo,ARG,MF,22.0,2003.0,2.0,,,,,,,0,,,,,,,,
ESP-La Liga,2526,Elche,Germán Valera,ESP,"MF,DF",23.0,2002.0,31.7,,,,,,,104,,,,,,,,
ESP-La Liga,2526,Elche,Gonzalo Villar,ESP,MF,27.0,1998.0,8.0,,,,,,,11,,,,,,,,
ESP-La Liga,2526,Elche,Grady Diangana,COD,"MF,FW",27.0,1998.0,10.3,,,,,,,12,,,,,,,,
ESP-La Liga,2526,Elche,Héctor Fort,ESP,"DF,MF",18.0,2006.0,5.4,,,,,,,8,,,,,,,,
ESP-La Liga,2526,Elche,Iñaki Peña,ESP,GK,26.0,1999.0,16.0,,,,,,,0,,,,,,,,
ESP-La Liga,2526,Elche,Jairo Izquierdo,ESP,"DF,FW",31.0,1993.0,0.3,,,,,,,3,,,,,,,,
ESP-La Liga,2526,Elche,John Donald,ESP,"DF,MF",24.0,2000.0,7.4,,,,,,,0,,,,,,,,
ESP-La Liga,2526,Elche,Josan,ESP,"MF,DF",35.0,1989.0,6.3,,,,,,,72,,,,,,,,
ESP-La Liga,2526,Elche,Lucas Cepeda,CHI,MF,22.0,2002.0,4.5,,,,,,,17,,,,,,,,
ESP-La Liga,2526,Elche,Léo Pétrot,FRA,DF,28.0,1997.0,17.5,,,,,,,16,,,,,,,,
ESP-La Liga,2526,Elche,Marc Aguado,ESP,MF,25.0,2000.0,27.8,,,,,,,2,,,,,,,,
ESP-La Liga,2526,Elche,Martim Neto,POR,MF,22.0,2003.0,15.0,,,,,,,33,,,,,,,,
ESP-La Liga,2526,Elche,Matías Dituro,ARG,GK,38.0,1987.0,22.0,,,,,,,0,,,,,,,,
ESP-La Liga,2526,Elche,Mourad El Ghezouani,MAR,FW,27.0,1998.0,0.6,,,,,,,0,,,,,,,,
ESP-La Liga,2526,Elche,Pedro Bigas,ESP,DF,34.0,1990.0,22.9,,,,,,,26,,,,,,,,
ESP-La Liga,2526,Elche,Rafa Mir,ESP,"FW,MF",28.0,1997.0,20.0,,,,,,,19,,,,,,,,
ESP-La Liga,2526,Elche,Rodrigo Mendoza,ESP,"MF,FW",20.0,2005.0,8.8,,,,,,,17,,,,,,,,
ESP-La Liga,2526,Elche,Tete Morente,ESP,MF,28.0,1996.0,10.3,,,,,,,46,,,,,,,,
ESP-La Liga,2526,Elche,Víctor Chust,ESP,DF,25.0,2000.0,24.1,,,,,,,36,,,,,,,,
ESP-La Liga,2526,Elche,Yago Santiago,ESP,MF,22.0,2003.0,3.1,,,,,,,6,,,,,,,,
ESP-La Liga,2526,Elche,Álex Sánchez,ESP,FW,19.0,2006.0,0.1,,,,,,,0,,,,,,,,
ESP-La Liga,2526,Elche,Álvaro Núñez,ESP,"DF,MF",25.0,2000.0,18.3,,,,,,,60,,,,,,,,
ESP-La Liga,2526,Elche,Álvaro Rodríguez,URU,FW,21.0,2004.0,24.5,,,,,,,10,,,,,,,,
ESP-La Liga,2526,Espanyol,Antoniu,ESP,MF,22.0,2002.0,3.2,,,,,,,6,,,,,,,,
ESP-La Liga,2526,Espanyol,Carlos Romero,ESP,DF,23.0,2001.0,35.5,,,,,,,89,,,,,,,,
ESP-La Liga,2526,Espanyol,Charles Pickel,COD,MF,28.0,1997.0,7.9,,,,,,,2,,,,,,,,
ESP-La Liga,2526,Espanyol,Clemens Riedel,GER,DF,22.0,2003.0,15.5,,,,,,,3,,,,,,,,
ESP-La Liga,2526,Espanyol,Cyril Ngonge,BEL,MF,25.0,2000.0,4.7,,,,,,,26,,,,,,,,
ESP-La Liga,2526,Espanyol,Edu Expósito,ESP,MF,28.0,1996.0,28.0,,,,,,,254,,,,,,,,
ESP-La Liga,2526,Espanyol,Fernando Calero,ESP,DF,29.0,1995.0,23.9,,,,,,,2,,,,,,,,
ESP-La Liga,2526,Espanyol,Fortuño,ESP,GK,23.0,2001.0,1.0,,,,,,,0,,,,,,,,
ESP-La Liga,2526,Espanyol,Javi Puado,ESP,"MF,FW",27.0,1998.0,7.5,,,,,,,21,,,,,,,,
ESP-La Liga,2526,Espanyol,Jofre,ESP,MF,24.0,2001.0,10.3,,,,,,,35,,,,,,,,
ESP-La Liga,2526,Espanyol,José Salinas,ESP,DF,24.0,2000.0,2.9,,,,,,,7,,,,,,,,
ESP-La Liga,2526,Espanyol,Kiké,ESP,FW,35.0,1989.0,19.3,,,,,,,17,,,,,,,,
ESP-La Liga,2526,Espanyol,Leandro Cabrera,URU,DF,34.0,1991.0,37.0,,,,,,,20,,,,,,,,
ESP-La Liga,2526,Espanyol,Lluc Castell,ESP,FW,18.0,2006.0,0.2,,,,,,,0,,,,,,,,
ESP-La Liga,2526,Espanyol,Luca Koleosho,ITA,MF,20.0,2004.0,0.7,,,,,,,5,,,,,,,,
ESP-La Liga,2526,Espanyol,Marko Dmitrović,SRB,GK,33.0,1992.0,37.0,,,,,,,0,,,,,,,,
ESP-La Liga,2526,Espanyol,Miguel Ángel Rubio,ESP,DF,27.0,1998.0,2.3,,,,,,,0,,,,,,,,
ESP-La Liga,2526,Espanyol,Omar El Hilali,MAR,DF,21.0,2003.0,31.4,,,,,,,57,,,,,,,,
ESP-La Liga,2526,Espanyol,Pere Milla,ESP,"MF,FW",32.0,1992.0,21.9,,,,,,,36,,,,,,,,
ESP-La Liga,2526,Espanyol,Pol Lozano,ESP,MF,25.0,1999.0,24.0,,,,,,,29,,,,,,,,
ESP-La Liga,2526,Espanyol,Ramón Terrats,ESP,MF,24.0,2000.0,11.4,,,,,,,30,,,,,,,,
ESP-La Liga,2526,Espanyol,Roberto Férnandez,ESP,FW,23.0,2002.0,26.5,,,,,,,9,,,,,,,,
ESP-La Liga,2526,Espanyol,Rubén,ESP,"DF,MF",24.0,2001.0,9.0,,,,,,,36,,,,,,,,
ESP-La Liga,2526,Espanyol,Tyrhys Dolan,ENG,MF,23.0,2001.0,26.8,,,,,,,105,,,,,,,,
ESP-La Liga,2526,Espanyol,Urko González,ESP,MF,24.0,2001.0,29.1,,,,,,,12,,,,,,,,
ESP-La Liga,2526,Getafe,Abdel Abqar,MAR,DF,26.0,1999.0,16.0,,,,,,,2,,,,,,,,
ESP-La Liga,2526,Getafe,Abu Kamara,ENG,MF,22.0,2003.0,2.8,,,,,,,9,,,,,,,,
ESP-La Liga,2526,Getafe,Adrián Liso,ESP,"FW,MF",20.0,2005.0,18.9,,,,,,,42,,,,,,,,
ESP-La Liga,2526,Getafe,Alejandro Mestanza,ESP,MF,20.0,2004.0,0.8,,,,,,,4,,,,,,,,
ESP-La Liga,2526,Getafe,Alex Sola,ESP,"DF,FW",26.0,1999.0,0.1,,,,,,,0,,,,,,,,
ESP-La Liga,2526,Getafe,Allan Nyom,CMR,DF,37.0,1988.0,5.8,,,,,,,8,,,,,,,,
ESP-La Liga,2526,Getafe,Borja Mayoral,ESP,FW,28.0,1997.0,11.8,,,,,,,6,,,,,,,,
ESP-La Liga,2526,Getafe,Christantus Uche,NGA,FW,22.0,2003.0,3.0,,,,,,,1,,,,,,,,
ESP-La Liga,2526,Getafe,Coba da Costa,ESP,MF,23.0,2002.0,3.9,,,,,,,23,,,,,,,,
ESP-La Liga,2526,Getafe,Damián,ESP,MF,22.0,2003.0,1.7,,,,,,,0,,,,,,,,
ESP-La Liga,2526,Getafe,David Soria,ESP,GK,32.0,1993.0,38.0,,,,,,,0,,,,,,,,
ESP-La Liga,2526,Getafe,Davinchi,ESP,DF,17.0,2007.0,7.8,,,,,,,20,,,,,,,,
ESP-La Liga,2526,Getafe,Diego Rico,ESP,DF,32.0,1993.0,19.5,,,,,,,66,,,,,,,,
ESP-La Liga,2526,Getafe,Djené,TOG,"DF,MF",33.0,1991.0,28.6,,,,,,,11,,,,,,,,
ESP-La Liga,2526,Getafe,Domingos Duarte,POR,DF,30.0,1995.0,32.5,,,,,,,0,,,,,,,,
ESP-La Liga,2526,Getafe,Hugo Solozabal,ESP,MF,22.0,2003.0,0.1,,,,,,,0,,,,,,,,
ESP-La Liga,2526,Getafe,Iglesias,ESP,DF,27.0,1998.0,35.4,,,,,,,108,,,,,,,,
ESP-La Liga,2526,Getafe,Ismael Bekhoucha,MAR,DF,20.0,2004.0,1.4,,,,,,,4,,,,,,,,
ESP-La Liga,2526,Getafe,Javier Muñoz,ESP,"MF,FW",30.0,1995.0,6.1,,,,,,,11,,,,,,,,
ESP-La Liga,2526,Getafe,Jorge Montes,ESP,DF,21.0,2004.0,0.3,,,,,,,2,,,,,,,,
ESP-La Liga,2526,Getafe,Joselu Pérez,ESP,DF,21.0,2004.0,0.2,,,,,,,0,,,,,,,,
ESP-La Liga,2526,Getafe,Juanmi,ESP,"FW,MF",32.0,1993.0,2.0,,,,,,,0,,,,,,,,
ESP-La Liga,2526,Getafe,Kiko Femenía,ESP,"DF,MF",34.0,1991.0,22.3,,,,,,,43,,,,,,,,
ESP-La Liga,2526,Getafe,Luis Milla,ESP,MF,30.0,1994.0,36.3,,,,,,,225,,,,,,,,
ESP-La Liga,2526,Getafe,Luis Vázquez,ARG,FW,24.0,2001.0,13.3,,,,,,,2,,,,,,,,
ESP-La Liga,2526,Getafe,Mario Martín,ESP,"MF,FW",21.0,2004.0,23.6,,,,,,,13,,,,,,,,
ESP-La Liga,2526,Getafe,Martin Satriano,URU,"FW,MF",24.0,2001.0,17.8,,,,,,,21,,,,,,,,
ESP-La Liga,2526,Getafe,Mauro Arambarri,URU,MF,29.0,1995.0,36.1,,,,,,,19,,,,,,,,
ESP-La Liga,2526,Getafe,Sebastián Boselli,URU,DF,21.0,2003.0,4.2,,,,,,,8,,,,,,,,
ESP-La Liga,2526,Getafe,Veljko Birmančević,SRB,FW,27.0,1998.0,1.6,,,,,,,2,,,,,,,,
ESP-La Liga,2526,Getafe,Yvan Neyou,CMR,MF,28.0,1997.0,0.7,,,,,,,0,,,,,,,,
ESP-La Liga,2526,Getafe,Zaid Romero,ARG,DF,25.0,1999.0,15.0,,,,,,,4,,,,,,,,
ESP-La Liga,2526,Getafe,Álex Sancris,ESP,"MF,FW",28.0,1997.0,7.9,,,,,,,59,,,,,,,,
ESP-La Liga,2526,Girona,Abel Ruiz,ESP,FW,25.0,2000.0,2.1,,,,,,,2,,,,,,,,
ESP-La Liga,2526,Girona,Alejandro Francés,ESP,DF,22.0,2002.0,12.4,,,,,,,24,,,,,,,,
ESP-La Liga,2526,Girona,Arnau Martinez,ESP,"DF,MF",22.0,2003.0,29.6,,,,,,,50,,,,,,,,
ESP-La Liga,2526,Girona,Axel Witsel,BEL,MF,36.0,1989.0,28.1,,,,,,,1,,,,,,,,
ESP-La Liga,2526,Girona,Azzedine Ounahi,MAR,MF,25.0,2000.0,19.6,,,,,,,41,,,,,,,,
ESP-La Liga,2526,Girona,Bojan Miovski,MKD,FW,26.0,1999.0,0.5,,,,,,,0,,,,,,,,
ESP-La Liga,2526,Girona,Bryan Gil,ESP,"MF,FW",24.0,2001.0,17.5,,,,,,,52,,,,,,,,
ESP-La Liga,2526,Girona,Claudio Echeverri,ARG,"FW,MF",19.0,2006.0,6.9,,,,,,,15,,,,,,,,
ESP-La Liga,2526,Girona,Cristhian Stuani,URU,FW,38.0,1986.0,4.6,,,,,,,0,,,,,,,,
ESP-La Liga,2526,Girona,Daley Blind,NED,DF,35.0,1990.0,29.0,,,,,,,13,,,,,,,,
ESP-La Liga,2526,Girona,David López,ESP,DF,35.0,1989.0,3.3,,,,,,,0,,,,,,,,
ESP-La Liga,2526,Girona,Dawda Camara,MTN,FW,22.0,2002.0,0.8,,,,,,,0,,,,,,,,
ESP-La Liga,2526,Girona,Donny van de Beek,NED,MF,28.0,1997.0,0.5,,,,,,,0,,,,,,,,
ESP-La Liga,2526,Girona,Fran Beltrán,ESP,MF,26.0,1999.0,11.2,,,,,,,8,,,,,,,,
ESP-La Liga,2526,Girona,Hugo Rincón,ESP,DF,22.0,2003.0,19.4,,,,,,,35,,,,,,,,
ESP-La Liga,2526,Girona,Iván Martín,ESP,MF,26.0,1999.0,28.1,,,,,,,15,,,,,,,,
ESP-La Liga,2526,Girona,Jhon Solis,COL,MF,20.0,2004.0,4.2,,,,,,,0,,,,,,,,
ESP-La Liga,2526,Girona,Joel Roca,ESP,"MF,FW",20.0,2005.0,16.4,,,,,,,33,,,,,,,,
ESP-La Liga,2526,Girona,Juan Arango,VEN,MF,19.0,2006.0,0.2,,,,,,,0,,,,,,,,
ESP-La Liga,2526,Girona,Ladislav Krejčí,CZE,DF,26.0,1999.0,2.0,,,,,,,0,,,,,,,,
ESP-La Liga,2526,Girona,Lancinet Kourouma,GUI,FW,21.0,2004.0,0.5,,,,,,,0,,,,,,,,
ESP-La Liga,2526,Girona,Marc-André ter Stegen,GER,GK,33.0,1992.0,2.0,,,,,,,0,,,,,,,,
ESP-La Liga,2526,Girona,Paulo Gazzaniga,ARG,GK,33.0,1992.0,34.5,,,,,,,0,,,,,,,,
ESP-La Liga,2526,Girona,Portu,ESP,"FW,MF",33.0,1992.0,5.3,,,,,,,18,,,,,,,,
ESP-La Liga,2526,Girona,Thomas Lemar,FRA,MF,29.0,1995.0,14.0,,,,,,,56,,,,,,,,
ESP-La Liga,2526,Girona,Viktor Tsyhankov,UKR,"MF,FW",27.0,1997.0,29.2,,,,,,,120,,,,,,,,
ESP-La Liga,2526,Girona,Vitor Reis,BRA,DF,19.0,2006.0,34.9,,,,,,,0,,,,,,,,
ESP-La Liga,2526,Girona,Vladyslav Krapyvtsov,UKR,GK,20.0,2005.0,1.5,,,,,,,0,,,,,,,,
ESP-La Liga,2526,Girona,Vladyslav Vanat,UKR,FW,23.0,2002.0,21.6,,,,,,,5,,,,,,,,
ESP-La Liga,2526,Girona,Yangel Herrera,VEN,MF,27.0,1998.0,1.2,,,,,,,2,,,,,,,,
ESP-La Liga,2526,Girona,Yaser Asprilla,COL,"FW,MF",21.0,2003.0,6.8,,,,,,,36,,,,,,,,
ESP-La Liga,2526,Girona,Álex Moreno,ESP,DF,32.0,1993.0,28.4,,,,,,,66,,,,,,,,
ESP-La Liga,2526,Levante,Adrián de la Fuente,ESP,DF,26.0,1999.0,30.1,,,,,,,40,,,,,,,,
ESP-La Liga,2526,Levante,Alan Matturro,URU,DF,20.0,2004.0,10.5,,,,,,,0,,,,,,,,
ESP-La Liga,2526,Levante,Brugui,ESP,"MF,FW",28.0,1996.0,11.2,,,,,,,11,,,,,,,,
ESP-La Liga,2526,Levante,Carlos Espí,ESP,FW,20.0,2005.0,14.9,,,,,,,1,,,,,,,,
ESP-La Liga,2526,Levante,Carlos Álvarez,ESP,MF,21.0,2003.0,21.0,,,,,,,54,,,,,,,,
ESP-La Liga,2526,Levante,Diego Pampín,ESP,DF,25.0,2000.0,5.9,,,,,,,14,,,,,,,,
ESP-La Liga,2526,Levante,Goduine Koyalipou,CTA,FW,25.0,2000.0,2.7,,,,,,,1,,,,,,,,
ESP-La Liga,2526,Levante,Iker Losada,ESP,MF,23.0,2001.0,10.0,,,,,,,22,,,,,,,,
ESP-La Liga,2526,Levante,Iván Romero,ESP,"FW,MF",24.0,2001.0,25.1,,,,,,,21,,,,,,,,
ESP-La Liga,2526,Levante,Jeremy Toljan,GER,DF,30.0,1994.0,35.2,,,,,,,76,,,,,,,,
ESP-La Liga,2526,Levante,Jorge Cabello,ESP,DF,21.0,2004.0,4.0,,,,,,,0,,,,,,,,
ESP-La Liga,2526,Levante,José Luis Morales,ESP,MF,38.0,1987.0,4.0,,,,,,,11,,,,,,,,
ESP-La Liga,2526,Levante,Kareem Tunde,ESP,MF,19.0,2005.0,12.6,,,,,,,11,,,,,,,,
ESP-La Liga,2526,Levante,Karl Etta Eyong,CMR,FW,21.0,2003.0,15.7,,,,,,,13,,,,,,,,
ESP-La Liga,2526,Levante,Kervin Arriaga,HON,MF,27.0,1998.0,17.0,,,,,,,5,,,,,,,,
ESP-La Liga,2526,Levante,Manu Sánchez,ESP,DF,24.0,2000.0,31.3,,,,,,,75,,,,,,,,
ESP-La Liga,2526,Levante,Mathew Ryan,AUS,GK,33.0,1992.0,36.0,,,,,,,0,,,,,,,,
ESP-La Liga,2526,Levante,Matias Moreno,ARG,DF,21.0,2003.0,25.0,,,,,,,3,,,,,,,,
ESP-La Liga,2526,Levante,Nacho Pérez,ESP,DF,16.0,2008.0,1.6,,,,,,,0,,,,,,,,
ESP-La Liga,2526,Levante,Olasagasti,ESP,MF,24.0,2000.0,19.3,,,,,,,106,,,,,,,,
ESP-La Liga,2526,Levante,Oriol Rey,ESP,MF,27.0,1998.0,14.7,,,,,,,8,,,,,,,,
ESP-La Liga,2526,Levante,Pablo Cuñat,ESP,GK,23.0,2002.0,2.0,,,,,,,0,,,,,,,,
ESP-La Liga,2526,Levante,Pablo Martínez,ESP,MF,27.0,1998.0,20.6,,,,,,,87,,,,,,,,
ESP-La Liga,2526,Levante,Paco Cortés,ESP,"MF,FW",17.0,2007.0,5.2,,,,,,,20,,,,,,,,
ESP-La Liga,2526,Levante,Sergio Lozano,ESP,MF,26.0,1999.0,0.1,,,,,,,0,,,,,,,,
ESP-La Liga,2526,Levante,Tay Abed,ISR,MF,21.0,2004.0,1.0,,,,,,,5,,,,,,,,
ESP-La Liga,2526,Levante,Ugo Raghouber,FRA,MF,22.0,2003.0,7.8,,,,,,,2,,,,,,,,
ESP-La Liga,2526,Levante,Unai Elgezabal,ESP,"DF,MF",32.0,1993.0,10.6,,,,,,,0,,,,,,,,
ESP-La Liga,2526,Levante,Unai Vencedor Paris,ESP,MF,24.0,2000.0,9.0,,,,,,,23,,,,,,,,
ESP-La Liga,2526,Levante,Víctor García,ESP,"MF,FW",27.0,1997.0,11.6,,,,,,,65,,,,,,,,
ESP-La Liga,2526,Mallorca,Abdón Prats,ESP,FW,32.0,1992.0,1.6,,,,,,,1,,,,,,,,
ESP-La Liga,2526,Mallorca,Antonio Raillo,ESP,DF,33.0,1991.0,23.0,,,,,,,4,,,,,,,,
ESP-La Liga,2526,Mallorca,Antonio Sánchez,ESP,"MF,DF",28.0,1997.0,11.9,,,,,,,29,,,,,,,,
ESP-La Liga,2526,Mallorca,Dani Rodríguez,ESP,"FW,MF",37.0,1988.0,0.8,,,,,,,2,,,,,,,,
ESP-La Liga,2526,Mallorca,David López,ESP,DF,22.0,2003.0,9.3,,,,,,,0,,,,,,,,
ESP-La Liga,2526,Mallorca,Jan Salas,ESP,MF,19.0,2005.0,0.2,,,,,,,0,,,,,,,,
ESP-La Liga,2526,Mallorca,Jan Virgili,ESP,"MF,FW",19.0,2006.0,19.9,,,,,,,47,,,,,,,,
ESP-La Liga,2526,Mallorca,Javier Llabrés,ESP,MF,22.0,2002.0,2.1,,,,,,,10,,,,,,,,
ESP-La Liga,2526,Mallorca,Javier Olaizola,ESP,DF,18.0,2007.0,0.6,,,,,,,3,,,,,,,,
ESP-La Liga,2526,Mallorca,Johan Mojica,COL,DF,32.0,1992.0,30.3,,,,,,,133,,,,,,,,
ESP-La Liga,2526,Mallorca,Justin-Noël Kalumba,FRA,FW,20.0,2004.0,0.9,,,,,,,2,,,,,,,,
ESP-La Liga,2526,Mallorca,Leo Román,ESP,GK,25.0,2000.0,33.0,,,,,,,0,,,,,,,,
ESP-La Liga,2526,Mallorca,Lucas Bergström,FIN,GK,22.0,2002.0,5.0,,,,,,,0,,,,,,,,
ESP-La Liga,2526,Mallorca,Luis Orejuela,,DF,,,1.0,,,,,,,2,,,,,,,,
ESP-La Liga,2526,Mallorca,Manu Morlanes,ESP,MF,26.0,1999.0,19.6,,,,,,,11,,,,,,,,
ESP-La Liga,2526,Mallorca,Marash Kumbulla,ALB,DF,25.0,2000.0,4.9,,,,,,,2,,,,,,,,
ESP-La Liga,2526,Mallorca,Marc Domenech,ESP,MF,19.0,2006.0,2.4,,,,,,,7,,,,,,,,
ESP-La Liga,2526,Mallorca,Martin Valjent,SVK,DF,29.0,1995.0,36.8,,,,,,,2,,,,,,,,
ESP-La Liga,2526,Mallorca,Mateo Joseph,ESP,"MF,FW",21.0,2003.0,18.9,,,,,,,14,,,,,,,,
ESP-La Liga,2526,Mallorca,Mateu Morey,ESP,"DF,MF",25.0,2000.0,7.8,,,,,,,14,,,,,,,,
ESP-La Liga,2526,Mallorca,Miguel Calatayud,ESP,DF,19.0,2006.0,0.5,,,,,,,1,,,,,,,,
ESP-La Liga,2526,Mallorca,Omar Mascarell,EQG,"MF,DF",32.0,1993.0,24.9,,,,,,,6,,,,,,,,
ESP-La Liga,2526,Mallorca,Pablo Maffeo,ESP,DF,28.0,1997.0,29.6,,,,,,,85,,,,,,,,
ESP-La Liga,2526,Mallorca,Pablo Torre,ESP,"MF,FW",22.0,2003.0,17.8,,,,,,,90,,,,,,,,
ESP-La Liga,2526,Mallorca,Samu Costa,POR,MF,24.0,2000.0,30.0,,,,,,,30,,,,,,,,
ESP-La Liga,2526,Mallorca,Sergi Darder,ESP,MF,31.0,1993.0,29.8,,,,,,,165,,,,,,,,
ESP-La Liga,2526,Mallorca,Takuma Asano,JPN,"MF,FW",30.0,1994.0,7.4,,,,,,,14,,,,,,,,
ESP-La Liga,2526,Mallorca,Toni Lato,ESP,"DF,MF",27.0,1997.0,6.5,,,,,,,26,,,,,,,,
ESP-La Liga,2526,Mallorca,Vedat Muriqi,KVX,FW,31.0,1994.0,34.8,,,,,,,6,,,,,,,,
ESP-La Liga,2526,Mallorca,Zito Luvumbo,ANG,"FW,MF",23.0,2002.0,5.6,,,,,,,19,,,,,,,,
ESP-La Liga,2526,Osasuna,Abel Bretones,ESP,"MF,DF",24.0,2000.0,18.0,,,,,,,34,,,,,,,,
ESP-La Liga,2526,Osasuna,Aimar Oroz,ESP,"MF,FW",23.0,2001.0,23.8,,,,,,,32,,,,,,,,
ESP-La Liga,2526,Osasuna,Aitor Fernández,ESP,GK,34.0,1991.0,1.5,,,,,,,0,,,,,,,,
ESP-La Liga,2526,Osasuna,Ante Budimir,CRO,FW,34.0,1991.0,32.6,,,,,,,4,,,,,,,,
ESP-La Liga,2526,Osasuna,Asier Osambela,ESP,DF,21.0,2004.0,3.8,,,,,,,4,,,,,,,,
ESP-La Liga,2526,Osasuna,Catena,ESP,DF,30.0,1994.0,34.1,,,,,,,1,,,,,,,,
ESP-La Liga,2526,Osasuna,Enzo Boyomo,CMR,DF,23.0,2001.0,28.2,,,,,,,10,,,,,,,,
ESP-La Liga,2526,Osasuna,Iker Benito,ESP,MF,22.0,2002.0,1.8,,,,,,,5,,,,,,,,
ESP-La Liga,2526,Osasuna,Iker Muñoz,ESP,MF,22.0,2002.0,10.6,,,,,,,6,,,,,,,,
ESP-La Liga,2526,Osasuna,Iñigo Arguibide,ESP,DF,20.0,2005.0,2.1,,,,,,,5,,,,,,,,
ESP-La Liga,2526,Osasuna,Javi Galán,ESP,DF,30.0,1994.0,18.6,,,,,,,86,,,,,,,,
ESP-La Liga,2526,Osasuna,Jon Moncayola,ESP,MF,27.0,1998.0,33.5,,,,,,,142,,,,,,,,
ESP-La Liga,2526,Osasuna,Jorge Herrando,ESP,DF,24.0,2001.0,17.8,,,,,,,2,,,,,,,,
ESP-La Liga,2526,Osasuna,Juan Cruz Armada,ESP,DF,33.0,1992.0,7.2,,,,,,,5,,,,,,,,
ESP-La Liga,2526,Osasuna,Kike Barja,ESP,MF,28.0,1997.0,5.0,,,,,,,66,,,,,,,,
ESP-La Liga,2526,Osasuna,Lucas Torró,ESP,MF,31.0,1994.0,25.5,,,,,,,2,,,,,,,,
ESP-La Liga,2526,Osasuna,Moi Gómez,ESP,MF,31.0,1994.0,13.3,,,,,,,36,,,,,,,,
ESP-La Liga,2526,Osasuna,Raúl,ESP,FW,24.0,2000.0,11.6,,,,,,,9,,,,,,,,
ESP-La Liga,2526,Osasuna,Raúl Moro,ESP,MF,22.0,2002.0,6.9,,,,,,,28,,,,,,,,
ESP-La Liga,2526,Osasuna,Rubén García,ESP,"MF,FW",32.0,1993.0,24.8,,,,,,,154,,,,,,,,
ESP-La Liga,2526,Osasuna,Sergio Herrera,ESP,GK,32.0,1993.0,36.5,,,,,,,0,,,,,,,,
ESP-La Liga,2526,Osasuna,Sheraldo Becker,SUR,"FW,MF",30.0,1995.0,1.8,,,,,,,11,,,,,,,,
ESP-La Liga,2526,Osasuna,Valentin Rosier,FRA,"DF,MF",28.0,1996.0,28.3,,,,,,,46,,,,,,,,
ESP-La Liga,2526,Osasuna,Víctor Muñoz,ESP,"MF,FW",22.0,2003.0,29.5,,,,,,,99,,,,,,,,
ESP-La Liga,2526,Oviedo,Aarón Escandell,ESP,GK,29.0,1995.0,36.0,,,,,,,0,,,,,,,,
ESP-La Liga,2526,Oviedo,Alberto Reina,ESP,MF,27.0,1997.0,27.4,,,,,,,52,,,,,,,,
ESP-La Liga,2526,Oviedo,Borja Sánchez Laborde,ESP,MF,29.0,1996.0,0.2,,,,,,,0,,,,,,,,
ESP-La Liga,2526,Oviedo,Dani Calvo,ESP,DF,31.0,1994.0,17.9,,,,,,,1,,,,,,,,
ESP-La Liga,2526,Oviedo,David Carmo,ANG,DF,26.0,1999.0,19.8,,,,,,,2,,,,,,,,
ESP-La Liga,2526,Oviedo,David Costas,ESP,DF,30.0,1995.0,23.0,,,,,,,1,,,,,,,,
ESP-La Liga,2526,Oviedo,Eric Bailly,CIV,DF,31.0,1994.0,13.7,,,,,,,1,,,,,,,,
ESP-La Liga,2526,Oviedo,Federico Viñas,URU,"FW,MF",27.0,1998.0,27.1,,,,,,,3,,,,,,,,
ESP-La Liga,2526,Oviedo,Haissem Hassan,EGY,"MF,FW",23.0,2002.0,21.6,,,,,,,113,,,,,,,,
ESP-La Liga,2526,Oviedo,Horaţiu Moldovan,ROU,GK,27.0,1998.0,2.0,,,,,,,0,,,,,,,,
ESP-La Liga,2526,Oviedo,Ilyas Chaira,MAR,"MF,FW",24.0,2001.0,27.2,,,,,,,74,,,,,,,,
ESP-La Liga,2526,Oviedo,Javi López,ESP,DF,23.0,2002.0,19.0,,,,,,,60,,,,,,,,
ESP-La Liga,2526,Oviedo,Josip Brekalo,CRO,"MF,FW",27.0,1998.0,5.4,,,,,,,26,,,,,,,,
ESP-La Liga,2526,Oviedo,Kwasi Sibo,GHA,MF,27.0,1998.0,18.7,,,,,,,2,,,,,,,,
ESP-La Liga,2526,Oviedo,Leander Dendoncker,BEL,MF,30.0,1995.0,14.8,,,,,,,5,,,,,,,,
ESP-La Liga,2526,Oviedo,Lucas Ahijado,ESP,DF,30.0,1995.0,12.2,,,,,,,16,,,,,,,,
ESP-La Liga,2526,Oviedo,Luka Ilić,SRB,"MF,FW",26.0,1999.0,8.2,,,,,,,7,,,,,,,,
ESP-La Liga,2526,Oviedo,Marco Esteban,ESP,DF,19.0,2006.0,0.5,,,,,,,0,,,,,,,,
ESP-La Liga,2526,Oviedo,Nacho Vidal,ESP,DF,30.0,1995.0,25.1,,,,,,,40,,,,,,,,
ESP-La Liga,2526,Oviedo,Nicolas Fonseca,URU,MF,26.0,1998.0,11.3,,,,,,,4,,,,,,,,
ESP-La Liga,2526,Oviedo,Oier Luengo,ESP,DF,27.0,1997.0,2.5,,,,,,,0,,,,,,,,
ESP-La Liga,2526,Oviedo,Omar Falah,ESP,DF,21.0,2003.0,0.2,,,,,,,0,,,,,,,,
ESP-La Liga,2526,Oviedo,Ovie Ejaria,ENG,MF,27.0,1997.0,2.2,,,,,,,1,,,,,,,,
ESP-La Liga,2526,Oviedo,Pablo Agudín,ESP,MF,17.0,2007.0,1.0,,,,,,,2,,,,,,,,
ESP-La Liga,2526,Oviedo,Rahim Bonkano,NIG,DF,23.0,2002.0,19.0,,,,,,,68,,,,,,,,
ESP-La Liga,2526,Oviedo,Salomón Rondón,VEN,FW,35.0,1989.0,11.5,,,,,,,2,,,,,,,,
ESP-La Liga,2526,Oviedo,Santi Cazorla,ESP,MF,40.0,1984.0,10.4,,,,,,,71,,,,,,,,
ESP-La Liga,2526,Oviedo,Santiago Colombatto,ARG,MF,28.0,1997.0,22.9,,,,,,,67,,,,,,,,
ESP-La Liga,2526,Oviedo,Thiago Borbas,URU,FW,23.0,2002.0,2.0,,,,,,,0,,,,,,,,
ESP-La Liga,2526,Oviedo,Thiago Fernández,ARG,"MF,FW",21.0,2004.0,9.1,,,,,,,27,,,,,,,,
ESP-La Liga,2526,Oviedo,Álex Forés,ESP,FW,24.0,2001.0,4.0,,,,,,,2,,,,,,,,
ESP-La Liga,2526,Rayo Vallecano,Abdul Mumin,GHA,DF,27.0,1998.0,0.9,,,,,,,0,,,,,,,,
ESP-La Liga,2526,Rayo Vallecano,Alexandre Alemão,BRA,FW,27.0,1998.0,12.6,,,,,,,5,,,,,,,,
ESP-La Liga,2526,Rayo Vallecano,Alfonso Espino,URU,"DF,MF",33.0,1992.0,16.5,,,,,,,49,,,,,,,,
ESP-La Liga,2526,Rayo Vallecano,Andrei Ratiu,ROU,DF,27.0,1998.0,31.2,,,,,,,105,,,,,,,,
ESP-La Liga,2526,Rayo Vallecano,Augusto Batalla,ARG,GK,29.0,1996.0,34.0,,,,,,,0,,,,,,,,
ESP-La Liga,2526,Rayo Vallecano,Carlos Martín,ESP,"MF,FW",23.0,2002.0,5.0,,,,,,,8,,,,,,,,
ESP-La Liga,2526,Rayo Vallecano,Dani Cárdenas,ESP,GK,28.0,1997.0,4.0,,,,,,,0,,,,,,,,
ESP-La Liga,2526,Rayo Vallecano,Florian Lejeune,FRA,DF,34.0,1991.0,35.9,,,,,,,8,,,,,,,,
ESP-La Liga,2526,Rayo Vallecano,Francisco Perez,ESP,"MF,FW",22.0,2002.0,13.7,,,,,,,48,,,,,,,,
ESP-La Liga,2526,Rayo Vallecano,Gerard Gumbau,ESP,MF,30.0,1994.0,13.1,,,,,,,52,,,,,,,,
ESP-La Liga,2526,Rayo Vallecano,Ilias Akhomach,MAR,"MF,FW",21.0,2004.0,7.9,,,,,,,22,,,,,,,,
ESP-La Liga,2526,Rayo Vallecano,Isaac Palazón Camacho,ESP,"MF,FW",30.0,1994.0,25.0,,,,,,,105,,,,,,,,
ESP-La Liga,2526,Rayo Vallecano,Iván Balliu,ALB,DF,33.0,1992.0,6.5,,,,,,,9,,,,,,,,
ESP-La Liga,2526,Rayo Vallecano,Jorge de Frutos,ESP,"FW,MF",28.0,1997.0,27.4,,,,,,,47,,,,,,,,
ESP-La Liga,2526,Rayo Vallecano,Jozhua Vertrouwd,NED,DF,20.0,2004.0,5.0,,,,,,,0,,,,,,,,
ESP-La Liga,2526,Rayo Vallecano,Luiz Felipe,ITA,DF,28.0,1997.0,5.2,,,,,,,0,,,,,,,,
ESP-La Liga,2526,Rayo Vallecano,Nobel Mendy,SEN,DF,20.0,2004.0,20.0,,,,,,,6,,,,,,,,
ESP-La Liga,2526,Rayo Vallecano,Pathé Ciss,SEN,"MF,DF",31.0,1994.0,22.2,,,,,,,1,,,,,,,,
ESP-La Liga,2526,Rayo Vallecano,Pedro Díaz,ESP,MF,27.0,1998.0,20.8,,,,,,,38,,,,,,,,
ESP-La Liga,2526,Rayo Vallecano,Pelayo Fernandez,ESP,DF,22.0,2003.0,0.5,,,,,,,0,,,,,,,,
ESP-La Liga,2526,Rayo Vallecano,Pep Chavarría,ESP,DF,27.0,1998.0,29.8,,,,,,,95,,,,,,,,
ESP-La Liga,2526,Rayo Vallecano,Randy Nteka,ANG,FW,27.0,1997.0,4.2,,,,,,,0,,,,,,,,
ESP-La Liga,2526,Rayo Vallecano,Samu Becerra,ESP,MF,19.0,2006.0,0.1,,,,,,,2,,,,,,,,
ESP-La Liga,2526,Rayo Vallecano,Sergio Camello,ESP,"FW,MF",24.0,2001.0,9.1,,,,,,,3,,,,,,,,
ESP-La Liga,2526,Rayo Vallecano,Unai López,ESP,MF,29.0,1995.0,17.9,,,,,,,62,,,,,,,,
ESP-La Liga,2526,Rayo Vallecano,Álvaro García,ESP,"MF,FW",32.0,1992.0,23.3,,,,,,,91,,,,,,,,
ESP-La Liga,2526,Rayo Vallecano,Óscar Trejo,ARG,MF,37.0,1988.0,1.6,,,,,,,8,,,,,,,,
ESP-La Liga,2526,Rayo Vallecano,Óscar Valentín,ESP,MF,30.0,1994.0,23.4,,,,,,,3,,,,,,,,
ESP-La Liga,2526,Real Betis,Abde Ezzalzouli,MAR,"MF,FW",23.0,2001.0,25.0,,,,,,,55,,,,,,,,
ESP-La Liga,2526,Real Betis,Adrián,ESP,GK,38.0,1987.0,1.0,,,,,,,0,,,,,,,,
ESP-La Liga,2526,Real Betis,Aitor Ruibal,ESP,"DF,MF",29.0,1996.0,20.1,,,,,,,31,,,,,,,,
ESP-La Liga,2526,Real Betis,Antony,BRA,"MF,FW",25.0,2000.0,27.2,,,,,,,66,,,,,,,,
ESP-La Liga,2526,Real Betis,Cucho,COL,FW,26.0,1999.0,28.7,,,,,,,23,,,,,,,,
ESP-La Liga,2526,Real Betis,Cédric Bakambu,COD,FW,34.0,1991.0,6.3,,,,,,,2,,,,,,,,
ESP-La Liga,2526,Real Betis,Daniel Guerrero,ESP,MF,20.0,2005.0,0.0,,,,,,,0,,,,,,,,
ESP-La Liga,2526,Real Betis,Diego Llorente,ESP,DF,31.0,1993.0,13.7,,,,,,,1,,,,,,,,
ESP-La Liga,2526,Real Betis,Ezequiel Ávila,ARG,FW,31.0,1994.0,4.2,,,,,,,14,,,,,,,,
ESP-La Liga,2526,Real Betis,Giovani Lo Celso,ARG,MF,29.0,1996.0,15.5,,,,,,,61,,,,,,,,
ESP-La Liga,2526,Real Betis,Héctor Bellerín,ESP,DF,30.0,1995.0,20.2,,,,,,,29,,,,,,,,
ESP-La Liga,2526,Real Betis,Isco,ESP,MF,33.0,1992.0,2.6,,,,,,,9,,,,,,,,
ESP-La Liga,2526,Real Betis,Iván Corralejo,ESP,MF,18.0,2007.0,0.2,,,,,,,0,,,,,,,,
ESP-La Liga,2526,Real Betis,Junior Firpo,DOM,DF,28.0,1996.0,9.2,,,,,,,19,,,,,,,,
ESP-La Liga,2526,Real Betis,Marc Bartra,ESP,DF,34.0,1991.0,22.0,,,,,,,2,,,,,,,,
ESP-La Liga,2526,Real Betis,Marc Roca,ESP,MF,28.0,1996.0,22.5,,,,,,,10,,,,,,,,
ESP-La Liga,2526,Real Betis,Natan,BRA,DF,24.0,2001.0,31.2,,,,,,,1,,,,,,,,
ESP-La Liga,2526,Real Betis,Nelson Deossa,COL,MF,25.0,2000.0,8.3,,,,,,,7,,,,,,,,
ESP-La Liga,2526,Real Betis,Pablo Fornals,ESP,MF,29.0,1996.0,31.6,,,,,,,140,,,,,,,,
ESP-La Liga,2526,Real Betis,Pablo Garcia,ESP,MF,19.0,2006.0,4.3,,,,,,,3,,,,,,,,
ESP-La Liga,2526,Real Betis,Pau López,ESP,GK,30.0,1994.0,9.0,,,,,,,0,,,,,,,,
ESP-La Liga,2526,Real Betis,Ricardo Rodríguez,SUI,DF,32.0,1992.0,17.2,,,,,,,15,,,,,,,,
ESP-La Liga,2526,Real Betis,Rodrigo Riquelme,ESP,MF,25.0,2000.0,9.1,,,,,,,22,,,,,,,,
ESP-La Liga,2526,Real Betis,Sergi Altimira,ESP,MF,23.0,2001.0,13.2,,,,,,,3,,,,,,,,
ESP-La Liga,2526,Real Betis,Sofyan Amrabat,MAR,MF,28.0,1996.0,14.4,,,,,,,6,,,,,,,,
ESP-La Liga,2526,Real Betis,Valentín Gómez,ARG,DF,22.0,2003.0,20.9,,,,,,,12,,,,,,,,
ESP-La Liga,2526,Real Betis,Álvaro Fidalgo,MEX,MF,28.0,1997.0,6.0,,,,,,,6,,,,,,,,
ESP-La Liga,2526,Real Betis,Álvaro Vallés,ESP,GK,28.0,1997.0,28.0,,,,,,,0,,,,,,,,
ESP-La Liga,2526,Real Betis,Ángel Ortíz,ESP,DF,21.0,2004.0,6.5,,,,,,,19,,,,,,,,
ESP-La Liga,2526,Real Madrid,Andriy Lunin,UKR,GK,26.0,1999.0,6.0,,,,,,,0,,,,,,,,
ESP-La Liga,2526,Real Madrid,Antonio Rüdiger,GER,DF,32.0,1993.0,16.6,,,,,,,2,,,,,,,,
ESP-La Liga,2526,Real Madrid,Arda Güler,TUR,MF,20.0,2005.0,22.4,,,,,,,129,,,,,,,,
ESP-La Liga,2526,Real Madrid,Aurélien Tchouaméni,FRA,MF,25.0,2000.0,29.1,,,,,,,8,,,,,,,,
ESP-La Liga,2526,Real Madrid,Brahim Díaz,MAR,"FW,MF",25.0,1999.0,14.0,,,,,,,20,,,,,,,,
ESP-La Liga,2526,Real Madrid,César Palacios,ESP,MF,20.0,2004.0,1.0,,,,,,,1,,,,,,,,
ESP-La Liga,2526,Real Madrid,Dani Carvajal,ESP,DF,33.0,1992.0,10.9,,,,,,,11,,,,,,,,
ESP-La Liga,2526,Real Madrid,Dani Ceballos,ESP,MF,28.0,1996.0,5.4,,,,,,,3,,,,,,,,
ESP-La Liga,2526,Real Madrid,Daniel Yáñez,ESP,MF,18.0,2007.0,0.5,,,,,,,1,,,,,,,,
ESP-La Liga,2526,Real Madrid,David Alaba,AUT,DF,33.0,1992.0,4.7,,,,,,,0,,,,,,,,
ESP-La Liga,2526,Real Madrid,David Jiménez,ESP,DF,21.0,2004.0,0.8,,,,,,,3,,,,,,,,
ESP-La Liga,2526,Real Madrid,Dean Huijsen,ESP,DF,20.0,2005.0,22.6,,,,,,,1,,,,,,,,
ESP-La Liga,2526,Real Madrid,Diego Aguado,ESP,DF,18.0,2007.0,0.3,,,,,,,0,,,,,,,,
ESP-La Liga,2526,Real Madrid,Eduardo Camavinga,FRA,MF,22.0,2002.0,17.0,,,,,,,2,,,,,,,,
ESP-La Liga,2526,Real Madrid,Endrick,BRA,FW,19.0,2006.0,0.1,,,,,,,0,,,,,,,,
ESP-La Liga,2526,Real Madrid,Federico Valverde,URU,"MF,DF",27.0,1998.0,30.4,,,,,,,30,,,,,,,,
ESP-La Liga,2526,Real Madrid,Ferland Mendy,FRA,DF,30.0,1995.0,2.3,,,,,,,0,,,,,,,,
ESP-La Liga,2526,Real Madrid,Fran Garcia,ESP,"DF,MF",25.0,1999.0,10.3,,,,,,,28,,,,,,,,
ESP-La Liga,2526,Real Madrid,Franco Mastantuono,ARG,"MF,FW",17.0,2007.0,11.5,,,,,,,31,,,,,,,,
ESP-La Liga,2526,Real Madrid,Gonzalo García,ESP,FW,21.0,2004.0,10.7,,,,,,,3,,,,,,,,
ESP-La Liga,2526,Real Madrid,Jorge Cestero,ESP,MF,19.0,2006.0,0.1,,,,,,,0,,,,,,,,
ESP-La Liga,2526,Real Madrid,Jude Bellingham,ENG,MF,22.0,2003.0,21.3,,,,,,,16,,,,,,,,
ESP-La Liga,2526,Real Madrid,Kylian Mbappé,FRA,FW,26.0,1998.0,28.9,,,,,,,26,,,,,,,,
ESP-La Liga,2526,Real Madrid,Manuel Serrano,ESP,DF,21.0,2004.0,0.1,,,,,,,0,,,,,,,,
ESP-La Liga,2526,Real Madrid,Manuel Ángel,ESP,MF,21.0,2004.0,1.1,,,,,,,0,,,,,,,,
ESP-La Liga,2526,Real Madrid,Raúl Asencio,ESP,DF,22.0,2003.0,19.0,,,,,,,1,,,,,,,,
ESP-La Liga,2526,Real Madrid,Rodrygo,BRA,"MF,FW",24.0,2001.0,7.6,,,,,,,42,,,,,,,,
ESP-La Liga,2526,Real Madrid,Thiago Pinar,ESP,MF,17.0,2007.0,6.6,,,,,,,0,,,,,,,,
ESP-La Liga,2526,Real Madrid,Thibaut Courtois,BEL,GK,33.0,1992.0,32.0,,,,,,,0,,,,,,,,
ESP-La Liga,2526,Real Madrid,Trent Alexander-Arnold,ENG,DF,26.0,1998.0,12.9,,,,,,,126,,,,,,,,
ESP-La Liga,2526,Real Madrid,Victor Valdepeñas,ESP,DF,18.0,2006.0,0.9,,,,,,,1,,,,,,,,
ESP-La Liga,2526,Real Madrid,Vinicius Júnior,BRA,"FW,MF",25.0,2000.0,31.3,,,,,,,63,,,,,,,,
ESP-La Liga,2526,Real Madrid,Álvaro Carreras,ESP,DF,22.0,2003.0,25.9,,,,,,,30,,,,,,,,
ESP-La Liga,2526,Real Madrid,Álvaro Leiva,ESP,FW,22.0,2002.0,0.0,,,,,,,0,,,,,,,,
ESP-La Liga,2526,Real Madrid,Éder Militão,BRA,DF,27.0,1998.0,12.7,,,,,,,1,,,,,,,,
ESP-La Liga,2526,Real Sociedad,Aihen Muñoz,ESP,DF,27.0,1997.0,9.4,,,,,,,24,,,,,,,,
ESP-La Liga,2526,Real Sociedad,Ander Barrenetxea,ESP,MF,23.0,2001.0,19.6,,,,,,,72,,,,,,,,
ESP-La Liga,2526,Real Sociedad,Aritz Elustondo,ESP,DF,31.0,1994.0,8.0,,,,,,,6,,,,,,,,
ESP-La Liga,2526,Real Sociedad,Arkaitz Mariezkurrena,ESP,FW,20.0,2005.0,0.0,,,,,,,0,,,,,,,,
ESP-La Liga,2526,Real Sociedad,Arsen Zakharyan,RUS,MF,22.0,2003.0,5.1,,,,,,,26,,,,,,,,
ESP-La Liga,2526,Real Sociedad,Beñat Turrientes,ESP,MF,23.0,2002.0,15.0,,,,,,,9,,,,,,,,
ESP-La Liga,2526,Real Sociedad,Brais Méndez,ESP,"MF,FW",28.0,1997.0,18.4,,,,,,,62,,,,,,,,
ESP-La Liga,2526,Real Sociedad,Carlos Soler,ESP,MF,28.0,1997.0,25.7,,,,,,,73,,,,,,,,
ESP-La Liga,2526,Real Sociedad,Daniel Díaz,ESP,FW,19.0,2006.0,0.2,,,,,,,1,,,,,,,,
ESP-La Liga,2526,Real Sociedad,Duje Ćaleta-Car,CRO,DF,28.0,1996.0,23.9,,,,,,,1,,,,,,,,
ESP-La Liga,2526,Real Sociedad,Gonçalo Guedes,POR,MF,28.0,1996.0,20.3,,,,,,,70,,,,,,,,
ESP-La Liga,2526,Real Sociedad,Gorka Carrera,ESP,FW,20.0,2005.0,0.7,,,,,,,0,,,,,,,,
ESP-La Liga,2526,Real Sociedad,Ibai Aguirre,ESP,MF,18.0,2007.0,0.1,,,,,,,0,,,,,,,,
ESP-La Liga,2526,Real Sociedad,Igor Zubeldia,ESP,DF,28.0,1997.0,23.1,,,,,,,0,,,,,,,,
ESP-La Liga,2526,Real Sociedad,Iñaki Rupérez,ESP,DF,22.0,2003.0,0.0,,,,,,,0,,,,,,,,
ESP-La Liga,2526,Real Sociedad,Job Ochieng',KEN,MF,22.0,2003.0,1.0,,,,,,,3,,,,,,,,
ESP-La Liga,2526,Real Sociedad,Jon Aramburu,VEN,DF,23.0,2002.0,30.8,,,,,,,48,,,,,,,,
ESP-La Liga,2526,Real Sociedad,Jon Gorrotxategi,ESP,MF,23.0,2002.0,24.6,,,,,,,5,,,,,,,,
ESP-La Liga,2526,Real Sociedad,Jon Karrikaburu,ESP,FW,22.0,2002.0,1.5,,,,,,,1,,,,,,,,
ESP-La Liga,2526,Real Sociedad,Jon Martin,ESP,DF,19.0,2006.0,25.0,,,,,,,0,,,,,,,,
ESP-La Liga,2526,Real Sociedad,Lander Astiazaran,ESP,MF,19.0,2006.0,0.0,,,,,,,0,,,,,,,,
ESP-La Liga,2526,Real Sociedad,Luka Sučić,CRO,"MF,FW",22.0,2002.0,11.4,,,,,,,6,,,,,,,,
ESP-La Liga,2526,Real Sociedad,Luken Beitia,ESP,DF,21.0,2004.0,1.1,,,,,,,0,,,,,,,,
ESP-La Liga,2526,Real Sociedad,Mikel Goti,ESP,MF,23.0,2002.0,0.8,,,,,,,3,,,,,,,,
ESP-La Liga,2526,Real Sociedad,Mikel Oyarzabal,ESP,FW,28.0,1997.0,30.1,,,,,,,21,,,,,,,,
ESP-La Liga,2526,Real Sociedad,Orri Steinn Óskarsson,ISL,FW,20.0,2004.0,9.3,,,,,,,5,,,,,,,,
ESP-La Liga,2526,Real Sociedad,Pablo Marín,ESP,MF,22.0,2003.0,16.7,,,,,,,17,,,,,,,,
ESP-La Liga,2526,Real Sociedad,Sergio Gómez,ESP,DF,24.0,2000.0,30.0,,,,,,,153,,,,,,,,
ESP-La Liga,2526,Real Sociedad,Takefusa Kubo,JPN,MF,24.0,2001.0,16.7,,,,,,,39,,,,,,,,
ESP-La Liga,2526,Real Sociedad,Umar Sadiq,NGA,FW,28.0,1997.0,1.7,,,,,,,1,,,,,,,,
ESP-La Liga,2526,Real Sociedad,Unai Marrero,ESP,GK,23.0,2001.0,1.0,,,,,,,0,,,,,,,,
ESP-La Liga,2526,Real Sociedad,Urko González,ESP,"DF,MF",24.0,2001.0,0.1,,,,,,,0,,,,,,,,
ESP-La Liga,2526,Real Sociedad,Wesley,BRA,MF,20.0,2005.0,1.0,,,,,,,3,,,,,,,,
ESP-La Liga,2526,Real Sociedad,Yangel Herrera,VEN,MF,27.0,1998.0,5.8,,,,,,,0,,,,,,,,
ESP-La Liga,2526,Real Sociedad,Álex Remiro,ESP,GK,30.0,1995.0,37.0,,,,,,,0,,,,,,,,
ESP-La Liga,2526,Real Sociedad,Álvaro Odriozola,ESP,DF,29.0,1995.0,2.2,,,,,,,3,,,,,,,,
ESP-La Liga,2526,Sevilla,Adnan Januzaj,BEL,"MF,FW",30.0,1995.0,3.6,,,,,,,30,,,,,,,,
ESP-La Liga,2526,Sevilla,Adrià Pedrosa,ESP,"DF,MF",27.0,1998.0,0.1,,,,,,,3,,,,,,,,
ESP-La Liga,2526,Sevilla,Akor Adams,NGA,FW,25.0,2000.0,22.9,,,,,,,17,,,,,,,,
ESP-La Liga,2526,Sevilla,Alexis Sánchez,CHI,"FW,MF",36.0,1988.0,14.5,,,,,,,25,,,,,,,,
ESP-La Liga,2526,Sevilla,Alfon,ESP,MF,26.0,1999.0,3.5,,,,,,,4,,,,,,,,
ESP-La Liga,2526,Sevilla,Batista Mendy,FRA,MF,25.0,2000.0,18.0,,,,,,,5,,,,,,,,
ESP-La Liga,2526,Sevilla,Carmona,ESP,"DF,MF",23.0,2002.0,28.5,,,,,,,48,,,,,,,,
ESP-La Liga,2526,Sevilla,Castrin,ESP,DF,22.0,2003.0,14.2,,,,,,,1,,,,,,,,
ESP-La Liga,2526,Sevilla,Chidera Ejuke,NGA,"MF,FW",27.0,1998.0,10.4,,,,,,,27,,,,,,,,
ESP-La Liga,2526,Sevilla,César Azpilicueta,ESP,DF,35.0,1989.0,13.5,,,,,,,12,,,,,,,,
ESP-La Liga,2526,Sevilla,Djibril Sow,SUI,MF,28.0,1997.0,24.3,,,,,,,22,,,,,,,,
ESP-La Liga,2526,Sevilla,Dodi Lukebakio,BEL,MF,27.0,1997.0,2.0,,,,,,,10,,,,,,,,
ESP-La Liga,2526,Sevilla,Federico Gattoni,ARG,DF,26.0,1999.0,0.1,,,,,,,0,,,,,,,,
ESP-La Liga,2526,Sevilla,Fábio Cardoso,POR,DF,31.0,1994.0,3.3,,,,,,,0,,,,,,,,
ESP-La Liga,2526,Sevilla,Gabriel Suazo,CHI,"DF,MF",27.0,1997.0,23.3,,,,,,,95,,,,,,,,
ESP-La Liga,2526,Sevilla,Isaac Romero,ESP,"FW,MF",25.0,2000.0,16.5,,,,,,,10,,,,,,,,
ESP-La Liga,2526,Sevilla,Joan Jordán,ESP,MF,31.0,1994.0,0.3,,,,,,,0,,,,,,,,
ESP-La Liga,2526,Sevilla,Joaquín Martínez Gauna,ESP,"MF,DF",22.0,2003.0,15.6,,,,,,,88,,,,,,,,
ESP-La Liga,2526,Sevilla,Juanlu Sánchez,ESP,"MF,DF",21.0,2003.0,22.1,,,,,,,59,,,,,,,,
ESP-La Liga,2526,Sevilla,Kike Salas,ESP,DF,23.0,2002.0,24.5,,,,,,,10,,,,,,,,
ESP-La Liga,2526,Sevilla,Lucien Agoume,FRA,MF,23.0,2002.0,29.8,,,,,,,18,,,,,,,,
ESP-La Liga,2526,Sevilla,Manu Bueno,ESP,MF,21.0,2004.0,3.0,,,,,,,2,,,,,,,,
ESP-La Liga,2526,Sevilla,Marcão,BRA,DF,29.0,1996.0,10.4,,,,,,,1,,,,,,,,
ESP-La Liga,2526,Sevilla,Miguel Ángel Sierra,ESP,FW,21.0,2004.0,0.7,,,,,,,4,,,,,,,,
ESP-La Liga,2526,Sevilla,Neal Maupay,FRA,FW,28.0,1996.0,9.6,,,,,,,4,,,,,,,,
ESP-La Liga,2526,Sevilla,Nemanja Gudelj,SRB,"DF,MF",33.0,1991.0,26.1,,,,,,,7,,,,,,,,
ESP-La Liga,2526,Sevilla,Odysseas Vlachodimos,GRE,GK,31.0,1994.0,33.0,,,,,,,0,,,,,,,,
ESP-La Liga,2526,Sevilla,Peque,ESP,"MF,FW",22.0,2002.0,10.9,,,,,,,28,,,,,,,,
ESP-La Liga,2526,Sevilla,Ramón Martínez,ESP,DF,22.0,2002.0,1.1,,,,,,,0,,,,,,,,
ESP-La Liga,2526,Sevilla,Ruben Vargas,SUI,"MF,FW",26.0,1998.0,17.7,,,,,,,90,,,,,,,,
ESP-La Liga,2526,Sevilla,Stanis Idumbo,BEL,MF,20.0,2005.0,0.5,,,,,,,0,,,,,,,,
ESP-La Liga,2526,Sevilla,Tanguy Nianzou,FRA,DF,23.0,2002.0,7.3,,,,,,,0,,,,,,,,
ESP-La Liga,2526,Sevilla,Ørjan Nyland,NOR,GK,34.0,1990.0,5.0,,,,,,,0,,,,,,,,
ESP-La Liga,2526,Valencia,André Almeida,POR,MF,25.0,2000.0,11.3,,,,,,,65,,,,,,,,
ESP-La Liga,2526,Valencia,Arnaut Danjuma,NED,"MF,FW",28.0,1997.0,18.1,,,,,,,49,,,,,,,,
ESP-La Liga,2526,Valencia,Baptiste Santamaria,FRA,MF,30.0,1995.0,8.4,,,,,,,3,,,,,,,,
ESP-La Liga,2526,Valencia,Copete,ESP,DF,25.0,1999.0,19.5,,,,,,,4,,,,,,,,
ESP-La Liga,2526,Valencia,César Tárrega,ESP,DF,23.0,2002.0,28.9,,,,,,,1,,,,,,,,
ESP-La Liga,2526,Valencia,Dani Raba,ESP,FW,29.0,1995.0,3.0,,,,,,,14,,,,,,,,
ESP-La Liga,2526,Valencia,Diego López,ESP,"MF,FW",23.0,2002.0,19.6,,,,,,,41,,,,,,,,
ESP-La Liga,2526,Valencia,Dimitri Foulquier,FRA,DF,32.0,1993.0,12.8,,,,,,,11,,,,,,,,
ESP-La Liga,2526,Valencia,Eray Cömert,SUI,DF,27.0,1998.0,14.9,,,,,,,1,,,,,,,,
ESP-La Liga,2526,Valencia,Filip Ugrinic,SUI,MF,26.0,1999.0,16.7,,,,,,,56,,,,,,,,
ESP-La Liga,2526,Valencia,Guido Rodríguez,ARG,MF,31.0,1994.0,14.5,,,,,,,3,,,,,,,,
ESP-La Liga,2526,Valencia,Hugo Duro,ESP,FW,25.0,1999.0,22.0,,,,,,,1,,,,,,,,
ESP-La Liga,2526,Valencia,Javier Guerra,ESP,"MF,FW",22.0,2003.0,22.9,,,,,,,46,,,,,,,,
ESP-La Liga,2526,Valencia,Jesus Vazquez,ESP,"DF,MF",22.0,2003.0,10.8,,,,,,,26,,,,,,,,
ESP-La Liga,2526,Valencia,José Luis García Vayá,ESP,"MF,DF",26.0,1998.0,24.7,,,,,,,46,,,,,,,,
ESP-La Liga,2526,Valencia,José Luis Gayà,ESP,DF,30.0,1995.0,27.2,,,,,,,88,,,,,,,,
ESP-La Liga,2526,Valencia,Julen Agirrezabala,ESP,GK,24.0,2000.0,18.0,,,,,,,0,,,,,,,,
ESP-La Liga,2526,Valencia,Largie Ramazani,BEL,"MF,FW",24.0,2001.0,13.7,,,,,,,27,,,,,,,,
ESP-La Liga,2526,Valencia,Lucas Beltrán,ARG,FW,24.0,2001.0,15.2,,,,,,,10,,,,,,,,
ESP-La Liga,2526,Valencia,Luis Rioja,ESP,MF,31.0,1993.0,29.2,,,,,,,152,,,,,,,,
ESP-La Liga,2526,Valencia,Mouctar Diakhaby,GUI,DF,28.0,1996.0,6.0,,,,,,,0,,,,,,,,
ESP-La Liga,2526,Valencia,Renzo Saravia,ARG,DF,32.0,1993.0,3.9,,,,,,,1,,,,,,,,
ESP-La Liga,2526,Valencia,Ruben Lendinez,ESP,DF,22.0,2003.0,0.0,,,,,,,0,,,,,,,,
ESP-La Liga,2526,Valencia,Stole Dimitrievski,MKD,GK,31.0,1993.0,20.0,,,,,,,0,,,,,,,,
ESP-La Liga,2526,Valencia,Thierry Correia,POR,"DF,MF",26.0,1999.0,15.5,,,,,,,42,,,,,,,,
ESP-La Liga,2526,Valencia,Umar Sadiq,NGA,FW,28.0,1997.0,10.1,,,,,,,5,,,,,,,,
ESP-La Liga,2526,Valencia,Unai Núñez,ESP,DF,28.0,1997.0,10.1,,,,,,,4,,,,,,,,
ESP-La Liga,2526,Villarreal,Adrià Altimira,ESP,"DF,MF",24.0,2001.0,0.1,,,,,,,0,,,,,,,,
ESP-La Liga,2526,Villarreal,Alassane Diatta,SEN,MF,20.0,2005.0,0.3,,,,,,,0,,,,,,,,
ESP-La Liga,2526,Villarreal,Alberto Moleiro,ESP,MF,21.0,2003.0,27.5,,,,,,,31,,,,,,,,
ESP-La Liga,2526,Villarreal,Alex Freeman,USA,DF,20.0,2004.0,3.8,,,,,,,1,,,,,,,,
ESP-La Liga,2526,Villarreal,Alfon,ESP,MF,26.0,1999.0,3.7,,,,,,,9,,,,,,,,
ESP-La Liga,2526,Villarreal,Alfonso Pedraza,ESP,DF,29.0,1996.0,18.8,,,,,,,84,,,,,,,,
ESP-La Liga,2526,Villarreal,Arnau Tenas,ESP,GK,24.0,2001.0,10.0,,,,,,,0,,,,,,,,
ESP-La Liga,2526,Villarreal,Ayoze Pérez,ESP,FW,32.0,1993.0,12.5,,,,,,,9,,,,,,,,
ESP-La Liga,2526,Villarreal,Carlos Macià,ESP,MF,16.0,2008.0,0.9,,,,,,,0,,,,,,,,
ESP-La Liga,2526,Villarreal,Daniel Parejo,ESP,MF,36.0,1989.0,15.5,,,,,,,39,,,,,,,,
ESP-La Liga,2526,Villarreal,Georges Mikautadze,GEO,FW,24.0,2000.0,23.4,,,,,,,21,,,,,,,,
ESP-La Liga,2526,Villarreal,Gerard Moreno,ESP,FW,33.0,1992.0,14.9,,,,,,,11,,,,,,,,
ESP-La Liga,2526,Villarreal,Hugo López,ESP,MF,18.0,2007.0,0.6,,,,,,,2,,,,,,,,
ESP-La Liga,2526,Villarreal,Ilias Akhomach,MAR,MF,21.0,2004.0,2.1,,,,,,,9,,,,,,,,
ESP-La Liga,2526,Villarreal,Juan Foyth,ARG,DF,27.0,1998.0,10.4,,,,,,,0,,,,,,,,
ESP-La Liga,2526,Villarreal,Karl Etta Eyong,CMR,FW,21.0,2003.0,2.8,,,,,,,0,,,,,,,,
ESP-La Liga,2526,Villarreal,Logan Costa,CPV,DF,24.0,2001.0,0.3,,,,,,,0,,,,,,,,
ESP-La Liga,2526,Villarreal,Luiz Lúcio Reis Júnior,BRA,GK,24.0,2001.0,28.0,,,,,,,0,,,,,,,,
ESP-La Liga,2526,Villarreal,Manor Solomon,ISR,MF,26.0,1999.0,1.7,,,,,,,10,,,,,,,,
ESP-La Liga,2526,Villarreal,Nicolas Pépé,CIV,"MF,FW",30.0,1995.0,26.6,,,,,,,71,,,,,,,,
ESP-La Liga,2526,Villarreal,Pape Gueye,SEN,MF,26.0,1999.0,23.7,,,,,,,14,,,,,,,,
ESP-La Liga,2526,Villarreal,Pau Cabanes,ESP,FW,20.0,2005.0,0.2,,,,,,,0,,,,,,,,
ESP-La Liga,2526,Villarreal,Pau Navarro,ESP,DF,20.0,2005.0,21.3,,,,,,,2,,,,,,,,
ESP-La Liga,2526,Villarreal,Rafa Marín,ESP,DF,23.0,2002.0,22.0,,,,,,,0,,,,,,,,
ESP-La Liga,2526,Villarreal,Renato Veiga,POR,DF,22.0,2003.0,27.6,,,,,,,2,,,,,,,,
ESP-La Liga,2526,Villarreal,Santi Comesaña,ESP,MF,28.0,1996.0,26.7,,,,,,,12,,,,,,,,
ESP-La Liga,2526,Villarreal,Santiago Mouriño,URU,DF,23.0,2002.0,26.4,,,,,,,6,,,,,,,,
ESP-La Liga,2526,Villarreal,Sergi Cardona,ESP,DF,26.0,1999.0,21.9,,,,,,,75,,,,,,,,
ESP-La Liga,2526,Villarreal,Tajon Buchanan,CAN,MF,26.0,1999.0,20.2,,,,,,,33,,,,,,,,
ESP-La Liga,2526,Villarreal,Tani Oluwaseyi,CAN,FW,25.0,2000.0,10.0,,,,,,,3,,,,,,,,
ESP-La Liga,2526,Villarreal,Thomas Partey,GHA,MF,32.0,1993.0,10.4,,,,,,,3,,,,,,,,
ESP-La Liga,2526,Villarreal,Willy Kambwala,FRA,DF,20.0,2004.0,1.0,,,,,,,0,,,,,,,,
ESP-La Liga,2526,Villarreal,Yéremy Pino,ESP,MF,22.0,2002.0,1.8,,,,,,,12,,,,,,,,
FRA-Ligue 1,2425,Angers,Abdoulaye Bamba,CIV,DF,34.0,1990.0,16.8,,,,,,,5,,,,,,,,
FRA-Ligue 1,2425,Angers,Bamba Dieng,SEN,FW,24.0,2000.0,5.9,,,,,,,5,,,,,,,,
FRA-Ligue 1,2425,Angers,Carlens Arcus,HAI,DF,28.0,1996.0,22.7,,,,,,,56,,,,,,,,
FRA-Ligue 1,2425,Angers,Cédric Hountondji,BEN,DF,30.0,1994.0,3.0,,,,,,,0,,,,,,,,
FRA-Ligue 1,2425,Angers,Emmanuel Biumla,FRA,DF,19.0,2005.0,14.8,,,,,,,0,,,,,,,,
FRA-Ligue 1,2425,Angers,Enzo Caumont,FRA,MF,20.0,2004.0,0.4,,,,,,,0,,,,,,,,
FRA-Ligue 1,2425,Angers,Esteban Lepaul,FRA,FW,24.0,2000.0,18.1,,,,,,,15,,,,,,,,
FRA-Ligue 1,2425,Angers,Farid El Melali,ALG,"MF,FW",27.0,1997.0,21.0,,,,,,,87,,,,,,,,
FRA-Ligue 1,2425,Angers,Florent Hanin,ALG,DF,34.0,1990.0,29.7,,,,,,,104,,,,,,,,
FRA-Ligue 1,2425,Angers,Haris Belkebla,ALG,MF,30.0,1994.0,19.9,,,,,,,3,,,,,,,,
FRA-Ligue 1,2425,Angers,Himad Abdelli,ALG,MF,24.0,1999.0,31.6,,,,,,,45,,,,,,,,
FRA-Ligue 1,2425,Angers,Ibrahima Niane,SEN,FW,25.0,1999.0,10.5,,,,,,,2,,,,,,,,
FRA-Ligue 1,2425,Angers,Jacques Ekomie,GAB,"DF,MF",20.0,2003.0,7.7,,,,,,,23,,,,,,,,
FRA-Ligue 1,2425,Angers,Jean-Eudes Aholou,CIV,MF,30.0,1994.0,21.8,,,,,,,2,,,,,,,,
FRA-Ligue 1,2425,Angers,Jim Allevinah,GAB,MF,29.0,1995.0,19.4,,,,,,,35,,,,,,,,
FRA-Ligue 1,2425,Angers,Jordan Lefort,MTN,DF,30.0,1993.0,34.0,,,,,,,12,,,,,,,,
FRA-Ligue 1,2425,Angers,Justin-Noël Kalumba,FRA,FW,19.0,2004.0,0.3,,,,,,,1,,,,,,,,
FRA-Ligue 1,2425,Angers,Lanroy Machine,FRA,MF,18.0,2005.0,0.1,,,,,,,1,,,,,,,,
FRA-Ligue 1,2425,Angers,Lilian Raolisoa,FRA,"DF,MF",24.0,2000.0,14.6,,,,,,,76,,,,,,,,
FRA-Ligue 1,2425,Angers,Lois Diony,FRA,FW,31.0,1992.0,0.2,,,,,,,0,,,,,,,,
FRA-Ligue 1,2425,Angers,Marius Courcoul,FRA,MF,17.0,2007.0,3.4,,,,,,,4,,,,,,,,
FRA-Ligue 1,2425,Angers,Melvin Zinga,FRA,GK,22.0,2002.0,1.0,,,,,,,0,,,,,,,,
FRA-Ligue 1,2425,Angers,Ousmane Camara,MLI,DF,21.0,2003.0,2.8,,,,,,,0,,,,,,,,
FRA-Ligue 1,2425,Angers,Pierrick Capelle,FRA,MF,37.0,1987.0,5.4,,,,,,,10,,,,,,,,
FRA-Ligue 1,2425,Angers,Prosper Peter,NGA,FW,16.0,2007.0,0.3,,,,,,,0,,,,,,,,
FRA-Ligue 1,2425,Angers,Sidiki Cherif,FRA,FW,17.0,2006.0,3.6,,,,,,,4,,,,,,,,
FRA-Ligue 1,2425,Angers,Yahia Fofana,CIV,GK,23.0,2000.0,33.0,,,,,,,0,,,,,,,,
FRA-Ligue 1,2425,Angers,Yassin Belkhdim,FRA,MF,22.0,2002.0,16.9,,,,,,,16,,,,,,,,
FRA-Ligue 1,2425,Angers,Zinedine Ferhat,ALG,MF,31.0,1993.0,9.4,,,,,,,68,,,,,,,,
FRA-Ligue 1,2425,Angers,Zinédine Ould Khaled,FRA,MF,24.0,2000.0,3.8,,,,,,,1,,,,,,,,
FRA-Ligue 1,2425,Auxerre,Ado Onaiwu,JPN,"MF,FW",28.0,1995.0,10.6,,,,,,,7,,,,,,,,
FRA-Ligue 1,2425,Auxerre,Aristide Zossou,CIV,MF,19.0,2005.0,0.2,,,,,,,1,,,,,,,,
FRA-Ligue 1,2425,Auxerre,Assane Dioussé,SEN,MF,26.0,1997.0,7.4,,,,,,,1,,,,,,,,
FRA-Ligue 1,2425,Auxerre,Ben Viadere,FRA,FW,18.0,2005.0,0.1,,,,,,,4,,,,,,,,
FRA-Ligue 1,2425,Auxerre,Clément Akpa,CIV,DF,22.0,2001.0,27.6,,,,,,,26,,,,,,,,
FRA-Ligue 1,2425,Auxerre,Donovan Léon,GUF,GK,31.0,1992.0,32.0,,,,,,,0,,,,,,,,
FRA-Ligue 1,2425,Auxerre,Elisha Owusu,GHA,MF,26.0,1997.0,26.0,,,,,,,10,,,,,,,,
FRA-Ligue 1,2425,Auxerre,Eros Maddy,NED,"FW,MF",23.0,2001.0,0.2,,,,,,,0,,,,,,,,
FRA-Ligue 1,2425,Auxerre,Florian Ayé,FRA,FW,27.0,1997.0,6.4,,,,,,,2,,,,,,,,
FRA-Ligue 1,2425,Auxerre,Fredrik Oppegard,NOR,"MF,DF",21.0,2002.0,3.0,,,,,,,6,,,,,,,,
FRA-Ligue 1,2425,Auxerre,Gabriel Osho,NGA,DF,25.0,1998.0,18.4,,,,,,,3,,,,,,,,
FRA-Ligue 1,2425,Auxerre,Gaëtan Perrin,FRA,MF,28.0,1996.0,29.9,,,,,,,161,,,,,,,,
FRA-Ligue 1,2425,Auxerre,Gideon Mensah,GHA,"DF,MF",26.0,1998.0,25.3,,,,,,,76,,,,,,,,
FRA-Ligue 1,2425,Auxerre,Hamed Junior Traorè,CIV,MF,24.0,2000.0,23.3,,,,,,,42,,,,,,,,
FRA-Ligue 1,2425,Auxerre,Han-Noah Massengo,FRA,MF,23.0,2001.0,11.6,,,,,,,9,,,,,,,,
FRA-Ligue 1,2425,Auxerre,Jubal,BRA,DF,30.0,1993.0,29.3,,,,,,,0,,,,,,,,
FRA-Ligue 1,2425,Auxerre,Ki-Jana Hoever,NED,"DF,MF",22.0,2002.0,23.6,,,,,,,77,,,,,,,,
FRA-Ligue 1,2425,Auxerre,Kévin Danois,FRA,MF,20.0,2004.0,16.2,,,,,,,15,,,,,,,,
FRA-Ligue 1,2425,Auxerre,Lassine Sinayoko,MLI,"FW,MF",24.0,1999.0,25.5,,,,,,,25,,,,,,,,
FRA-Ligue 1,2425,Auxerre,Lasso Coulibaly,CIV,MF,21.0,2002.0,0.5,,,,,,,2,,,,,,,,
FRA-Ligue 1,2425,Auxerre,Loïc N'Gatta,FRA,DF,20.0,2003.0,0.1,,,,,,,1,,,,,,,,
FRA-Ligue 1,2425,Auxerre,Paul Joly,FRA,"DF,MF",24.0,2000.0,11.2,,,,,,,55,,,,,,,,
FRA-Ligue 1,2425,Auxerre,Rayan Raveloson,MAD,"MF,DF",27.0,1997.0,8.0,,,,,,,8,,,,,,,,
FRA-Ligue 1,2425,Auxerre,Rudy Matondo,FRA,MF,16.0,2008.0,0.7,,,,,,,0,,,,,,,,
FRA-Ligue 1,2425,Auxerre,Sinaly Diomande,CIV,DF,23.0,2001.0,21.6,,,,,,,1,,,,,,,,
FRA-Ligue 1,2425,Auxerre,Theo Bair,CAN,FW,24.0,1999.0,10.4,,,,,,,7,,,,,,,,
FRA-Ligue 1,2425,Auxerre,Théo De Percin,MTQ,GK,23.0,2001.0,2.0,,,,,,,0,,,,,,,,
FRA-Ligue 1,2425,Auxerre,Théo Pellenard,FRA,DF,30.0,1994.0,0.5,,,,,,,2,,,,,,,,
FRA-Ligue 1,2425,Auxerre,Yoann Cissé,FRA,MF,19.0,2004.0,0.1,,,,,,,3,,,,,,,,
FRA-Ligue 1,2425,Brest,Abdallah Sima,SEN,"FW,MF",23.0,2001.0,13.8,,,,,,,16,,,,,,,,
FRA-Ligue 1,2425,Brest,Abdoulaye Ndiaye,SEN,DF,22.0,2002.0,19.0,,,,,,,2,,,,,,,,
FRA-Ligue 1,2425,Brest,Axel Camblan,FRA,FW,20.0,2003.0,0.3,,,,,,,1,,,,,,,,
FRA-Ligue 1,2425,Brest,Bradley Locko,FRA,DF,22.0,2002.0,1.1,,,,,,,1,,,,,,,,
FRA-Ligue 1,2425,Brest,Brendan Chardonnet,FRA,DF,29.0,1994.0,26.8,,,,,,,3,,,,,,,,
FRA-Ligue 1,2425,Brest,Edimilson Fernandes,SUI,"MF,DF",28.0,1996.0,12.3,,,,,,,10,,,,,,,,
FRA-Ligue 1,2425,Brest,Grégoire Coudert,FRA,GK,25.0,1999.0,2.0,,,,,,,0,,,,,,,,
FRA-Ligue 1,2425,Brest,Hamidou Makalou,MLI,MF,18.0,2006.0,0.4,,,,,,,0,,,,,,,,
FRA-Ligue 1,2425,Brest,Hianga'a Mbock,FRA,MF,24.0,1999.0,0.2,,,,,,,0,,,,,,,,
FRA-Ligue 1,2425,Brest,Hugo Magnetti,FRA,MF,26.0,1998.0,25.8,,,,,,,18,,,,,,,,
FRA-Ligue 1,2425,Brest,Ibrahim Salah,MAR,"MF,FW",22.0,2001.0,4.0,,,,,,,15,,,,,,,,
FRA-Ligue 1,2425,Brest,Jonas Martin,FRA,MF,34.0,1990.0,5.5,,,,,,,3,,,,,,,,
FRA-Ligue 1,2425,Brest,Jordan Amavi,FRA,DF,30.0,1994.0,8.8,,,,,,,15,,,,,,,,
FRA-Ligue 1,2425,Brest,Julien Le Cardinal,FRA,DF,26.0,1997.0,15.3,,,,,,,6,,,,,,,,
FRA-Ligue 1,2425,Brest,Justin Bourgault,FRA,DF,18.0,2005.0,1.4,,,,,,,4,,,,,,,,
FRA-Ligue 1,2425,Brest,Jérémy Le Douaron,FRA,FW,26.0,1998.0,1.1,,,,,,,0,,,,,,,,
FRA-Ligue 1,2425,Brest,Kamory Doumbia,MLI,"MF,FW",21.0,2003.0,14.7,,,,,,,48,,,,,,,,
FRA-Ligue 1,2425,Brest,Kenny Lala,MAD,DF,32.0,1991.0,29.8,,,,,,,125,,,,,,,,
FRA-Ligue 1,2425,Brest,Luck Zogbé,CIV,DF,19.0,2005.0,7.1,,,,,,,14,,,,,,,,
FRA-Ligue 1,2425,Brest,Ludovic Ajorque,FRA,FW,30.0,1994.0,27.7,,,,,,,7,,,,,,,,
FRA-Ligue 1,2425,Brest,Mahdi Camara,FRA,MF,26.0,1998.0,29.5,,,,,,,47,,,,,,,,
FRA-Ligue 1,2425,Brest,Mama Samba Baldé,GNB,"FW,MF",28.0,1995.0,12.8,,,,,,,11,,,,,,,,
FRA-Ligue 1,2425,Brest,Marco Bizot,NED,GK,33.0,1991.0,32.0,,,,,,,0,,,,,,,,
FRA-Ligue 1,2425,Brest,Massadio Haïdara,MLI,DF,31.0,1992.0,18.6,,,,,,,49,,,,,,,,
FRA-Ligue 1,2425,Brest,Mathias Pereira Lage,POR,"MF,FW",27.0,1996.0,17.5,,,,,,,99,,,,,,,,
FRA-Ligue 1,2425,Brest,Pierre Lees-Melou,FRA,MF,31.0,1993.0,17.0,,,,,,,22,,,,,,,,
FRA-Ligue 1,2425,Brest,Romain Del Castillo,FRA,"FW,MF",28.0,1996.0,14.0,,,,,,,105,,,,,,,,
FRA-Ligue 1,2425,Brest,Romain Faivre,FRA,"MF,FW",26.0,1998.0,10.0,,,,,,,26,,,,,,,,
FRA-Ligue 1,2425,Brest,Soumaïla Coulibaly,FRA,DF,20.0,2003.0,4.9,,,,,,,0,,,,,,,,
FRA-Ligue 1,2425,Brest,Sérigné Diop,SEN,FW,19.0,2005.0,0.0,,,,,,,0,,,,,,,,
FRA-Ligue 1,2425,Le Havre,Abdoulaye Touré,GUI,MF,30.0,1994.0,25.8,,,,,,,11,,,,,,,,
FRA-Ligue 1,2425,Le Havre,Alois Confais,FRA,"DF,MF",27.0,1996.0,0.0,,,,,,,0,,,,,,,,
FRA-Ligue 1,2425,Le Havre,André Ayew,GHA,FW,34.0,1989.0,16.1,,,,,,,7,,,,,,,,
FRA-Ligue 1,2425,Le Havre,Antoine Joujou,FRA,"MF,FW",21.0,2003.0,10.5,,,,,,,36,,,,,,,,
FRA-Ligue 1,2425,Le Havre,Arouna Sangante,SEN,DF,22.0,2002.0,13.8,,,,,,,2,,,,,,,,
FRA-Ligue 1,2425,Le Havre,Arthur Desmas,FRA,GK,30.0,1994.0,18.0,,,,,,,0,,,,,,,,
FRA-Ligue 1,2425,Le Havre,Christopher Opéri,CIV,"MF,DF",27.0,1997.0,13.0,,,,,,,126,,,,,,,,
FRA-Ligue 1,2425,Le Havre,Daler Kuzyaev,RUS,MF,31.0,1993.0,6.3,,,,,,,6,,,,,,,,
FRA-Ligue 1,2425,Le Havre,Elysée Logbo,FRA,FW,20.0,2004.0,0.3,,,,,,,0,,,,,,,,
FRA-Ligue 1,2425,Le Havre,Emmanuel Sabbi,USA,"MF,FW",26.0,1997.0,7.3,,,,,,,15,,,,,,,,
FRA-Ligue 1,2425,Le Havre,Etienne Youte Kinkoue,FRA,DF,22.0,2002.0,25.8,,,,,,,2,,,,,,,,
FRA-Ligue 1,2425,Le Havre,Fodé Ballo-Touré,SEN,"DF,MF",27.0,1997.0,6.5,,,,,,,21,,,,,,,,
FRA-Ligue 1,2425,Le Havre,Gautier Lloris,FRA,DF,29.0,1995.0,30.8,,,,,,,3,,,,,,,,
FRA-Ligue 1,2425,Le Havre,Ilyes Housni,FRA,FW,19.0,2005.0,2.6,,,,,,,5,,,,,,,,
FRA-Ligue 1,2425,Le Havre,Issa Soumaré,SEN,"MF,FW",23.0,2000.0,21.1,,,,,,,43,,,,,,,,
FRA-Ligue 1,2425,Le Havre,Josué Casimir,HAI,"MF,FW",22.0,2001.0,22.2,,,,,,,86,,,,,,,,
FRA-Ligue 1,2425,Le Havre,Junior Mwanga,FRA,MF,21.0,2003.0,10.6,,,,,,,21,,,,,,,,
FRA-Ligue 1,2425,Le Havre,Kandet Diawara,GUI,MF,24.0,2000.0,0.0,,,,,,,0,,,,,,,,
FRA-Ligue 1,2425,Le Havre,Koka,EGY,FW,31.0,1993.0,9.5,,,,,,,0,,,,,,,,
FRA-Ligue 1,2425,Le Havre,Loïc Nego,HUN,"DF,MF",33.0,1991.0,27.3,,,,,,,75,,,,,,,,
FRA-Ligue 1,2425,Le Havre,Mahamadou Diawara,FRA,MF,19.0,2005.0,6.5,,,,,,,5,,,,,,,,
FRA-Ligue 1,2425,Le Havre,Mathieu Gorgelin,FRA,GK,33.0,1990.0,16.0,,,,,,,0,,,,,,,,
FRA-Ligue 1,2425,Le Havre,Mathéo Bodmer,FRA,DF,20.0,2004.0,0.1,,,,,,,0,,,,,,,,
FRA-Ligue 1,2425,Le Havre,Oussama Targhalline,MAR,MF,22.0,2002.0,11.0,,,,,,,17,,,,,,,,
FRA-Ligue 1,2425,Le Havre,Rassoul Ndiaye,SEN,MF,22.0,2001.0,11.8,,,,,,,32,,,,,,,,
FRA-Ligue 1,2425,Le Havre,Samuel Grandsir,FRA,"FW,MF",27.0,1996.0,0.9,,,,,,,5,,,,,,,,
FRA-Ligue 1,2425,Le Havre,Steve Ngoura,FRA,FW,19.0,2005.0,3.2,,,,,,,2,,,,,,,,
FRA-Ligue 1,2425,Le Havre,Timothee Pembele,FRA,"DF,MF",21.0,2002.0,12.4,,,,,,,28,,,,,,,,
FRA-Ligue 1,2425,Le Havre,Yanis Zouaoui,ALG,"DF,MF",26.0,1998.0,10.8,,,,,,,111,,,,,,,,
FRA-Ligue 1,2425,Le Havre,Yassine Kechta,MAR,"MF,FW",22.0,2002.0,23.3,,,,,,,36,,,,,,,,
FRA-Ligue 1,2425,Le Havre,Yoann Salmier,GUF,DF,31.0,1992.0,8.9,,,,,,,1,,,,,,,,
FRA-Ligue 1,2425,Lens,Abdukodir Khusanov,UZB,DF,20.0,2004.0,10.8,,,,,,,5,,,,,,,,
FRA-Ligue 1,2425,Lens,Abdulai Juma Bah,SLE,DF,18.0,2006.0,7.6,,,,,,,0,,,,,,,,
FRA-Ligue 1,2425,Lens,Adrien Thomasson,FRA,MF,30.0,1993.0,29.1,,,,,,,59,,,,,,,,
FRA-Ligue 1,2425,Lens,Anass Zaroury,MAR,"MF,FW",23.0,2000.0,15.6,,,,,,,126,,,,,,,,
FRA-Ligue 1,2425,Lens,Andy Diouf,FRA,MF,21.0,2003.0,24.7,,,,,,,28,,,,,,,,
FRA-Ligue 1,2425,Lens,Angelo Fulgini,NCL,MF,27.0,1996.0,11.6,,,,,,,45,,,,,,,,
FRA-Ligue 1,2425,Lens,Brice Samba,FRA,GK,30.0,1994.0,15.0,,,,,,,0,,,,,,,,
FRA-Ligue 1,2425,Lens,David Costa,POR,MF,23.0,2001.0,3.9,,,,,,,15,,,,,,,,
FRA-Ligue 1,2425,Lens,Deiver Machado,COL,"DF,MF",30.0,1993.0,20.1,,,,,,,49,,,,,,,,
FRA-Ligue 1,2425,Lens,Facundo Medina,ARG,DF,25.0,1999.0,28.3,,,,,,,16,,,,,,,,
FRA-Ligue 1,2425,Lens,Florian Sotoca,FRA,"FW,MF",33.0,1990.0,19.9,,,,,,,75,,,,,,,,
FRA-Ligue 1,2425,Lens,Gabin Capuano,FRA,FW,18.0,2006.0,0.1,,,,,,,0,,,,,,,,
FRA-Ligue 1,2425,Lens,Goduine Koyalipou,CTA,FW,24.0,2000.0,9.8,,,,,,,2,,,,,,,,
FRA-Ligue 1,2425,Lens,Hamzat Ojediran,NGA,MF,20.0,2003.0,4.6,,,,,,,2,,,,,,,,
FRA-Ligue 1,2425,Lens,Hervé Koffi,BFA,GK,27.0,1996.0,5.0,,,,,,,0,,,,,,,,
FRA-Ligue 1,2425,Lens,Jeremy Agbonifo,SWE,FW,18.0,2005.0,3.3,,,,,,,7,,,,,,,,
FRA-Ligue 1,2425,Lens,Jhoanner Chávez,ECU,MF,22.0,2002.0,6.6,,,,,,,31,,,,,,,,
FRA-Ligue 1,2425,Lens,Jonathan Gradit,FRA,DF,31.0,1992.0,23.5,,,,,,,10,,,,,,,,
FRA-Ligue 1,2425,Lens,Kembo Diliwidi,FRA,FW,18.0,2006.0,0.0,,,,,,,1,,,,,,,,
FRA-Ligue 1,2425,Lens,Kevin Danso,AUT,DF,25.0,1998.0,12.0,,,,,,,0,,,,,,,,
FRA-Ligue 1,2425,Lens,Kyllian Antonio,FRA,"MF,DF",16.0,2008.0,1.5,,,,,,,2,,,,,,,,
FRA-Ligue 1,2425,Lens,M'Bala Nzola,ANG,FW,27.0,1996.0,16.2,,,,,,,1,,,,,,,,
FRA-Ligue 1,2425,Lens,Malang Sarr,FRA,DF,25.0,1999.0,15.4,,,,,,,1,,,,,,,,
FRA-Ligue 1,2425,Lens,Martin Satriano,URU,FW,23.0,2001.0,1.0,,,,,,,1,,,,,,,,
FRA-Ligue 1,2425,Lens,Mathew Ryan,AUS,GK,32.0,1992.0,14.0,,,,,,,0,,,,,,,,
FRA-Ligue 1,2425,Lens,Nampalys Mendy,SEN,MF,32.0,1992.0,6.5,,,,,,,2,,,,,,,,
FRA-Ligue 1,2425,Lens,Neil El Aynaoui,MAR,MF,23.0,2001.0,17.6,,,,,,,64,,,,,,,,
FRA-Ligue 1,2425,Lens,Przemysław Frankowski,POL,"MF,DF",29.0,1995.0,15.4,,,,,,,77,,,,,,,,
FRA-Ligue 1,2425,Lens,Rayan Fofana,FRA,MF,18.0,2006.0,0.3,,,,,,,0,,,,,,,,
FRA-Ligue 1,2425,Lens,Ruben Aguilar,FRA,"MF,DF",31.0,1993.0,12.5,,,,,,,46,,,,,,,,
FRA-Ligue 1,2425,Lens,Rémy Labeau Lascary,GLP,"MF,FW",21.0,2003.0,7.1,,,,,,,19,,,,,,,,
FRA-Ligue 1,2425,Lens,Tom Pouilly,FRA,DF,21.0,2003.0,3.0,,,,,,,11,,,,,,,,
FRA-Ligue 1,2425,Lens,Wesley Saïd,FRA,FW,29.0,1995.0,10.1,,,,,,,8,,,,,,,,
FRA-Ligue 1,2425,Lille,Aaron Malouda,FRA,FW,18.0,2005.0,0.0,,,,,,,0,,,,,,,,
FRA-Ligue 1,2425,Lille,Alexsandro Ribeiro,BRA,DF,24.0,1999.0,30.0,,,,,,,8,,,,,,,,
FRA-Ligue 1,2425,Lille,André Gomes,POR,MF,31.0,1993.0,14.2,,,,,,,10,,,,,,,,
FRA-Ligue 1,2425,Lille,Angel Gomes,ENG,MF,23.0,2000.0,8.2,,,,,,,10,,,,,,,,
FRA-Ligue 1,2425,Lille,Ayyoub Bouaddi,MAR,MF,16.0,2007.0,12.8,,,,,,,3,,,,,,,,
FRA-Ligue 1,2425,Lille,Aïssa Mandi,ALG,DF,32.0,1991.0,19.3,,,,,,,10,,,,,,,,
FRA-Ligue 1,2425,Lille,Bafodé Diakité,FRA,DF,23.0,2001.0,30.7,,,,,,,4,,,,,,,,
FRA-Ligue 1,2425,Lille,Benjamin André,FRA,MF,33.0,1990.0,29.9,,,,,,,17,,,,,,,,
FRA-Ligue 1,2425,Lille,Chuba Akpom,ENG,FW,28.0,1995.0,7.1,,,,,,,1,,,,,,,,
FRA-Ligue 1,2425,Lille,Edon Zhegrova,KVX,MF,25.0,1999.0,10.9,,,,,,,58,,,,,,,,
FRA-Ligue 1,2425,Lille,Ethan Mbappé,FRA,MF,17.0,2006.0,2.5,,,,,,,14,,,,,,,,
FRA-Ligue 1,2425,Lille,Gabriel Gudmundsson,SWE,"DF,MF",25.0,1999.0,19.8,,,,,,,59,,,,,,,,
FRA-Ligue 1,2425,Lille,Hákon Haraldsson,ISL,MF,21.0,2003.0,19.5,,,,,,,58,,,,,,,,
FRA-Ligue 1,2425,Lille,Ismaily,BRA,DF,34.0,1990.0,10.0,,,,,,,16,,,,,,,,
FRA-Ligue 1,2425,Lille,Jonathan David,CAN,FW,24.0,2000.0,28.4,,,,,,,4,,,,,,,,
FRA-Ligue 1,2425,Lille,Lucas Chevalier,FRA,GK,22.0,2001.0,34.0,,,,,,,0,,,,,,,,
FRA-Ligue 1,2425,Lille,Matias Fernandez-Pardo,BEL,"MF,FW",19.0,2005.0,11.8,,,,,,,30,,,,,,,,
FRA-Ligue 1,2425,Lille,Mitchel Bakker,NED,"MF,DF",24.0,2000.0,12.7,,,,,,,68,,,,,,,,
FRA-Ligue 1,2425,Lille,Mohamed Lamine Bayo,GUI,FW,26.0,1998.0,3.4,,,,,,,0,,,,,,,,
FRA-Ligue 1,2425,Lille,Nabil Bentaleb,ALG,MF,29.0,1994.0,3.7,,,,,,,6,,,,,,,,
FRA-Ligue 1,2425,Lille,Ngal'Ayel Mukau,COD,MF,19.0,2004.0,13.2,,,,,,,5,,,,,,,,
FRA-Ligue 1,2425,Lille,Osame Sahraoui,MAR,MF,23.0,2001.0,14.4,,,,,,,12,,,,,,,,
FRA-Ligue 1,2425,Lille,Ousmane Toure,FRA,DF,19.0,2005.0,0.1,,,,,,,0,,,,,,,,
FRA-Ligue 1,2425,Lille,Rémy Cabella,FRA,MF,34.0,1990.0,11.2,,,,,,,60,,,,,,,,
FRA-Ligue 1,2425,Lille,Thomas Meunier,BEL,DF,32.0,1991.0,21.4,,,,,,,61,,,,,,,,
FRA-Ligue 1,2425,Lille,Tiago Santos,POR,"DF,MF",22.0,2002.0,4.5,,,,,,,19,,,,,,,,
FRA-Ligue 1,2425,Lille,Younes Lachaab,FRA,MF,19.0,2005.0,0.1,,,,,,,0,,,,,,,,
FRA-Ligue 1,2425,Lyon,Abner,BRA,"DF,MF",24.0,2000.0,12.1,,,,,,,31,,,,,,,,
FRA-Ligue 1,2425,Lyon,Adryelson,BRA,DF,26.0,1998.0,0.0,,,,,,,0,,,,,,,,
FRA-Ligue 1,2425,Lyon,Ainsley Maitland-Niles,ENG,"DF,MF",26.0,1997.0,22.1,,,,,,,48,,,,,,,,
FRA-Ligue 1,2425,Lyon,Alejandro Rodriguez,POR,FW,16.0,2008.0,0.2,,,,,,,1,,,,,,,,
FRA-Ligue 1,2425,Lyon,Alexandre Lacazette,FRA,FW,33.0,1991.0,22.8,,,,,,,17,,,,,,,,
FRA-Ligue 1,2425,Lyon,Clinton Mata,ANG,DF,31.0,1992.0,26.3,,,,,,,39,,,,,,,,
FRA-Ligue 1,2425,Lyon,Corentin Tolisso,FRA,MF,29.0,1994.0,25.9,,,,,,,33,,,,,,,,
FRA-Ligue 1,2425,Lyon,Duje Ćaleta-Car,CRO,DF,27.0,1996.0,17.6,,,,,,,1,,,,,,,,
FRA-Ligue 1,2425,Lyon,Ernest Nuamah,GHA,"MF,FW",20.0,2003.0,11.7,,,,,,,30,,,,,,,,
FRA-Ligue 1,2425,Lyon,Georges Mikautadze,GEO,"FW,MF",23.0,2000.0,16.1,,,,,,,9,,,,,,,,
FRA-Ligue 1,2425,Lyon,Gift Orban,NGA,FW,22.0,2002.0,2.1,,,,,,,1,,,,,,,,
FRA-Ligue 1,2425,Lyon,Jordan Veretout,FRA,MF,31.0,1993.0,17.3,,,,,,,26,,,,,,,,
FRA-Ligue 1,2425,Lyon,Lucas Perri,BRA,GK,26.0,1997.0,33.0,,,,,,,0,,,,,,,,
FRA-Ligue 1,2425,Lyon,Mahamadou Diawara,FRA,MF,19.0,2005.0,0.2,,,,,,,0,,,,,,,,
FRA-Ligue 1,2425,Lyon,Malick Fofana,BEL,"FW,MF",19.0,2005.0,17.7,,,,,,,71,,,,,,,,
FRA-Ligue 1,2425,Lyon,Mama Samba Baldé,GNB,"FW,MF",28.0,1995.0,0.4,,,,,,,0,,,,,,,,
FRA-Ligue 1,2425,Lyon,Maxence Caqueret,FRA,MF,24.0,2000.0,6.4,,,,,,,6,,,,,,,,
FRA-Ligue 1,2425,Lyon,Moussa Niakhaté,SEN,DF,28.0,1996.0,30.3,,,,,,,5,,,,,,,,
FRA-Ligue 1,2425,Lyon,Nemanja Matić,SRB,MF,35.0,1988.0,22.3,,,,,,,9,,,,,,,,
FRA-Ligue 1,2425,Lyon,Nicolás Tagliafico,ARG,DF,31.0,1992.0,21.1,,,,,,,38,,,,,,,,
FRA-Ligue 1,2425,Lyon,Orel Mangala,BEL,MF,26.0,1998.0,0.7,,,,,,,1,,,,,,,,
FRA-Ligue 1,2425,Lyon,Paul Akouokou,CIV,MF,26.0,1997.0,0.2,,,,,,,0,,,,,,,,
FRA-Ligue 1,2425,Lyon,Rayan Cherki,FRA,"MF,FW",20.0,2003.0,22.7,,,,,,,118,,,,,,,,
FRA-Ligue 1,2425,Lyon,Rémy Descamps,FRA,GK,28.0,1996.0,1.0,,,,,,,0,,,,,,,,
FRA-Ligue 1,2425,Lyon,Sael Kumbedi,FRA,DF,19.0,2005.0,10.6,,,,,,,14,,,,,,,,
FRA-Ligue 1,2425,Lyon,Saïd Benrahma,ALG,"FW,MF",28.0,1995.0,8.2,,,,,,,43,,,,,,,,
FRA-Ligue 1,2425,Lyon,Tanner Tessmann,USA,MF,22.0,2001.0,13.7,,,,,,,14,,,,,,,,
FRA-Ligue 1,2425,Lyon,Thiago Almada,ARG,MF,23.0,2001.0,10.6,,,,,,,46,,,,,,,,
FRA-Ligue 1,2425,Lyon,Téo Barisic,CRO,DF,19.0,2004.0,0.0,,,,,,,0,,,,,,,,
FRA-Ligue 1,2425,Lyon,Warmed Omari,COM,DF,24.0,2000.0,0.1,,,,,,,0,,,,,,,,
FRA-Ligue 1,2425,Lyon,Wilfried Zaha,CIV,FW,31.0,1992.0,0.8,,,,,,,0,,,,,,,,
FRA-Ligue 1,2425,Marseille,Adrien Rabiot,FRA,MF,29.0,1995.0,27.6,,,,,,,40,,,,,,,,
FRA-Ligue 1,2425,Marseille,Amar Dedić,BIH,MF,21.0,2002.0,3.5,,,,,,,5,,,,,,,,
FRA-Ligue 1,2425,Marseille,Amine Gouiri,ALG,FW,24.0,2000.0,11.6,,,,,,,57,,,,,,,,
FRA-Ligue 1,2425,Marseille,Amine Harit,MAR,MF,27.0,1997.0,5.8,,,,,,,7,,,,,,,,
FRA-Ligue 1,2425,Marseille,Bamo Meïté,CIV,DF,22.0,2001.0,0.3,,,,,,,0,,,,,,,,
FRA-Ligue 1,2425,Marseille,Bilal Nadir,MAR,MF,20.0,2003.0,4.3,,,,,,,6,,,,,,,,
FRA-Ligue 1,2425,Marseille,Darryl Bakola,FRA,MF,16.0,2007.0,0.2,,,,,,,0,,,,,,,,
FRA-Ligue 1,2425,Marseille,Derek Cornelius,CAN,DF,26.0,1997.0,15.8,,,,,,,4,,,,,,,,
FRA-Ligue 1,2425,Marseille,Elye Wahi,CIV,FW,21.0,2003.0,6.4,,,,,,,2,,,,,,,,
FRA-Ligue 1,2425,Marseille,Emmanuel Koum Mbondo,FRA,FW,18.0,2006.0,0.1,,,,,,,0,,,,,,,,
FRA-Ligue 1,2425,Marseille,Enzo Sternal,FRA,FW,17.0,2007.0,0.3,,,,,,,0,,,,,,,,
FRA-Ligue 1,2425,Marseille,Faris Pemi Moumbagna,CMR,FW,24.0,2000.0,0.1,,,,,,,0,,,,,,,,
FRA-Ligue 1,2425,Marseille,Geoffrey Kondogbia,CTA,"DF,MF",31.0,1993.0,22.4,,,,,,,4,,,,,,,,
FRA-Ligue 1,2425,Marseille,Gerónimo Rulli,ARG,GK,32.0,1992.0,34.0,,,,,,,0,,,,,,,,
FRA-Ligue 1,2425,Marseille,Ismaël Bennacer,ALG,MF,26.0,1997.0,7.2,,,,,,,28,,,,,,,,
FRA-Ligue 1,2425,Marseille,Ismaël Koné,CAN,MF,22.0,2002.0,4.0,,,,,,,3,,,,,,,,
FRA-Ligue 1,2425,Marseille,Jonathan Rowe,ENG,"MF,FW",21.0,2003.0,9.0,,,,,,,28,,,,,,,,
FRA-Ligue 1,2425,Marseille,Keyliane Abdallah,FRA,FW,18.0,2006.0,0.0,,,,,,,0,,,,,,,,
FRA-Ligue 1,2425,Marseille,Leonardo Balerdi,ARG,DF,25.0,1999.0,25.3,,,,,,,2,,,,,,,,
FRA-Ligue 1,2425,Marseille,Lilian Brassier,FRA,DF,24.0,1999.0,8.7,,,,,,,5,,,,,,,,
FRA-Ligue 1,2425,Marseille,Luis Henrique,BRA,MF,22.0,2001.0,29.0,,,,,,,97,,,,,,,,
FRA-Ligue 1,2425,Marseille,Luiz Felipe,ITA,DF,27.0,1997.0,1.4,,,,,,,0,,,,,,,,
FRA-Ligue 1,2425,Marseille,Mason Greenwood,ENG,"MF,FW",22.0,2001.0,31.2,,,,,,,110,,,,,,,,
FRA-Ligue 1,2425,Marseille,Michael Amir Murillo,PAN,DF,28.0,1996.0,27.1,,,,,,,37,,,,,,,,
FRA-Ligue 1,2425,Marseille,Neal Maupay,FRA,FW,27.0,1996.0,11.6,,,,,,,1,,,,,,,,
FRA-Ligue 1,2425,Marseille,Pierre Højbjerg,DEN,MF,28.0,1995.0,29.6,,,,,,,19,,,,,,,,
FRA-Ligue 1,2425,Marseille,Pol Lirola,ESP,DF,26.0,1997.0,7.6,,,,,,,14,,,,,,,,
FRA-Ligue 1,2425,Marseille,Quentin Merlin,FRA,"MF,DF",22.0,2002.0,17.7,,,,,,,93,,,,,,,,
FRA-Ligue 1,2425,Marseille,Robinio Vaz,FRA,FW,17.0,2007.0,0.8,,,,,,,1,,,,,,,,
FRA-Ligue 1,2425,Marseille,Ulisses Garcia,SUI,"DF,MF",28.0,1996.0,10.3,,,,,,,35,,,,,,,,
FRA-Ligue 1,2425,Marseille,Valentin Carboni,ARG,MF,19.0,2005.0,1.1,,,,,,,2,,,,,,,,
FRA-Ligue 1,2425,Marseille,Valentin Rongier,FRA,"MF,DF",29.0,1994.0,17.4,,,,,,,7,,,,,,,,
FRA-Ligue 1,2425,Monaco,Al-Musrati,LBY,MF,28.0,1996.0,4.3,,,,,,,0,,,,,,,,
FRA-Ligue 1,2425,Monaco,Aleksandr Golovin,RUS,MF,28.0,1996.0,12.8,,,,,,,24,,,,,,,,
FRA-Ligue 1,2425,Monaco,Breel Embolo,SUI,"FW,MF",27.0,1997.0,20.5,,,,,,,6,,,,,,,,
FRA-Ligue 1,2425,Monaco,Caio Henrique,BRA,DF,27.0,1997.0,21.4,,,,,,,124,,,,,,,,
FRA-Ligue 1,2425,Monaco,Christian Mawissa,FRA,DF,19.0,2005.0,16.7,,,,,,,3,,,,,,,,
FRA-Ligue 1,2425,Monaco,Denis Zakaria,SUI,MF,27.0,1996.0,23.8,,,,,,,7,,,,,,,,
FRA-Ligue 1,2425,Monaco,Eliesse Ben Seghir,MAR,MF,19.0,2005.0,19.4,,,,,,,50,,,,,,,,
FRA-Ligue 1,2425,Monaco,Eliot Matazo,BEL,MF,22.0,2002.0,0.8,,,,,,,0,,,,,,,,
FRA-Ligue 1,2425,Monaco,Folarin Balogun,USA,FW,23.0,2001.0,6.8,,,,,,,5,,,,,,,,
FRA-Ligue 1,2425,Monaco,George Ilenikhena,NGA,FW,17.0,2006.0,8.0,,,,,,,0,,,,,,,,
FRA-Ligue 1,2425,Monaco,Ismail Jakobs,SEN,DF,24.0,1999.0,2.0,,,,,,,14,,,,,,,,
FRA-Ligue 1,2425,Monaco,Jordan Teze,NED,"DF,MF",24.0,1999.0,6.3,,,,,,,12,,,,,,,,
FRA-Ligue 1,2425,Monaco,Kassoum Ouattara,FRA,"MF,DF",19.0,2004.0,4.3,,,,,,,17,,,,,,,,
FRA-Ligue 1,2425,Monaco,Krépin Diatta,SEN,"DF,MF",25.0,1999.0,5.6,,,,,,,15,,,,,,,,
FRA-Ligue 1,2425,Monaco,Lamine Camara,SEN,MF,20.0,2004.0,22.8,,,,,,,118,,,,,,,,
FRA-Ligue 1,2425,Monaco,Lucas Michal,FRA,FW,19.0,2005.0,1.3,,,,,,,2,,,,,,,,
FRA-Ligue 1,2425,Monaco,Maghnes Akliouche,FRA,MF,22.0,2002.0,26.7,,,,,,,52,,,,,,,,
FRA-Ligue 1,2425,Monaco,Mamadou Coulibaly,FRA,MF,20.0,2004.0,0.1,,,,,,,1,,,,,,,,
FRA-Ligue 1,2425,Monaco,Mika Biereth,DEN,FW,21.0,2003.0,13.6,,,,,,,9,,,,,,,,
FRA-Ligue 1,2425,Monaco,Mohammed Salisu,GHA,DF,25.0,1999.0,11.4,,,,,,,0,,,,,,,,
FRA-Ligue 1,2425,Monaco,Philipp Köhn,SUI,GK,26.0,1998.0,19.0,,,,,,,0,,,,,,,,
FRA-Ligue 1,2425,Monaco,Radosław Majecki,POL,GK,24.0,1999.0,15.0,,,,,,,0,,,,,,,,
FRA-Ligue 1,2425,Monaco,Saïmon Bouabré,FRA,MF,18.0,2006.0,1.1,,,,,,,0,,,,,,,,
FRA-Ligue 1,2425,Monaco,Soungoutou Magassa,FRA,MF,20.0,2003.0,11.4,,,,,,,7,,,,,,,,
FRA-Ligue 1,2425,Monaco,Takumi Minamino,JPN,MF,29.0,1995.0,24.8,,,,,,,23,,,,,,,,
FRA-Ligue 1,2425,Monaco,Thilo Kehrer,GER,DF,27.0,1996.0,26.5,,,,,,,2,,,,,,,,
FRA-Ligue 1,2425,Monaco,Vanderson,BRA,DF,23.0,2001.0,22.9,,,,,,,59,,,,,,,,
FRA-Ligue 1,2425,Monaco,Wilfried Singo,CIV,DF,23.0,2000.0,23.3,,,,,,,11,,,,,,,,
FRA-Ligue 1,2425,Montpellier,Akor Adams,NGA,FW,24.0,2000.0,11.9,,,,,,,5,,,,,,,,
FRA-Ligue 1,2425,Montpellier,Andy Delort,ALG,FW,32.0,1991.0,6.7,,,,,,,11,,,,,,,,
FRA-Ligue 1,2425,Montpellier,Arnaud Nordin,FRA,"MF,FW",26.0,1998.0,13.0,,,,,,,35,,,,,,,,
FRA-Ligue 1,2425,Montpellier,Axel Gueguin,FRA,FW,19.0,2005.0,0.3,,,,,,,1,,,,,,,,
FRA-Ligue 1,2425,Montpellier,Bamo Meïté,CIV,DF,22.0,2001.0,4.7,,,,,,,0,,,,,,,,
FRA-Ligue 1,2425,Montpellier,Becir Omeragic,SUI,DF,22.0,2002.0,20.0,,,,,,,7,,,,,,,,
FRA-Ligue 1,2425,Montpellier,Benjamin Lecomte,FRA,GK,33.0,1991.0,30.0,,,,,,,0,,,,,,,,
FRA-Ligue 1,2425,Montpellier,Birama Touré,MLI,"MF,DF",32.0,1992.0,3.3,,,,,,,0,,,,,,,,
FRA-Ligue 1,2425,Montpellier,Boubakar Kouyaté,MLI,DF,27.0,1997.0,8.4,,,,,,,0,,,,,,,,
FRA-Ligue 1,2425,Montpellier,Dimitry Bertaud,COD,GK,26.0,1998.0,4.0,,,,,,,0,,,,,,,,
FRA-Ligue 1,2425,Montpellier,Enzo Tchato,CMR,"DF,MF",21.0,2002.0,21.1,,,,,,,78,,,,,,,,
FRA-Ligue 1,2425,Montpellier,Falaye Sacko,MLI,DF,29.0,1995.0,13.7,,,,,,,12,,,,,,,,
FRA-Ligue 1,2425,Montpellier,Gabriel Bares,SUI,MF,23.0,2000.0,0.6,,,,,,,1,,,,,,,,
FRA-Ligue 1,2425,Montpellier,Issiaga Sylla,GUI,"DF,MF",30.0,1994.0,12.8,,,,,,,36,,,,,,,,
FRA-Ligue 1,2425,Montpellier,Jordan Ferri,FRA,MF,32.0,1992.0,19.7,,,,,,,25,,,,,,,,
FRA-Ligue 1,2425,Montpellier,Joris Chotard,FRA,MF,22.0,2001.0,21.0,,,,,,,31,,,,,,,,
FRA-Ligue 1,2425,Montpellier,Junior Ndiaye,UAE,FW,19.0,2005.0,4.9,,,,,,,2,,,,,,,,
FRA-Ligue 1,2425,Montpellier,Khalil Fayad,FRA,"MF,FW",20.0,2004.0,11.4,,,,,,,20,,,,,,,,
FRA-Ligue 1,2425,Montpellier,Lucas Mincarelli,FRA,DF,20.0,2004.0,7.9,,,,,,,21,,,,,,,,
FRA-Ligue 1,2425,Montpellier,Modibo Sagnan,MLI,DF,25.0,1999.0,23.8,,,,,,,1,,,,,,,,
FRA-Ligue 1,2425,Montpellier,Musa Al-Taamari,JOR,"MF,FW",27.0,1997.0,12.4,,,,,,,13,,,,,,,,
FRA-Ligue 1,2425,Montpellier,Nicolas Pays,FRA,"MF,FW",20.0,2003.0,5.0,,,,,,,17,,,,,,,,
FRA-Ligue 1,2425,Montpellier,Nikola Maksimović,SRB,DF,32.0,1991.0,6.5,,,,,,,0,,,,,,,,
FRA-Ligue 1,2425,Montpellier,Othmane Maamma,MAR,MF,18.0,2005.0,4.0,,,,,,,12,,,,,,,,
FRA-Ligue 1,2425,Montpellier,Rabby Nzingoula,FRA,MF,18.0,2005.0,18.8,,,,,,,17,,,,,,,,
FRA-Ligue 1,2425,Montpellier,Simon Cara,FRA,FW,19.0,2005.0,0.1,,,,,,,0,,,,,,,,
FRA-Ligue 1,2425,Montpellier,Stefan Džodić,SRB,DF,19.0,2005.0,2.7,,,,,,,0,,,,,,,,
FRA-Ligue 1,2425,Montpellier,Tanguy Coulibaly,FRA,"MF,FW",23.0,2001.0,16.5,,,,,,,21,,,,,,,,
FRA-Ligue 1,2425,Montpellier,Théo Chennahi,FRA,DF,19.0,2005.0,2.0,,,,,,,2,,,,,,,,
FRA-Ligue 1,2425,Montpellier,Théo Sainte-Luce,FRA,DF,25.0,1998.0,11.3,,,,,,,24,,,,,,,,
FRA-Ligue 1,2425,Montpellier,Téji Savanier,FRA,MF,32.0,1991.0,26.3,,,,,,,197,,,,,,,,
FRA-Ligue 1,2425,Montpellier,Wahbi Khazri,TUN,"FW,MF",33.0,1991.0,12.4,,,,,,,47,,,,,,,,
FRA-Ligue 1,2425,Montpellier,Wilfried Ndollo,CMR,DF,19.0,2005.0,4.5,,,,,,,6,,,,,,,,
FRA-Ligue 1,2425,Montpellier,Yael Mouanga,FRA,DF,19.0,2005.0,10.5,,,,,,,2,,,,,,,,
FRA-Ligue 1,2425,Montpellier,Yanis Issoufou,FRA,MF,17.0,2006.0,0.9,,,,,,,3,,,,,,,,
FRA-Ligue 1,2425,Nantes,Alban Lafont,CIV,GK,25.0,1999.0,12.0,,,,,,,0,,,,,,,,
FRA-Ligue 1,2425,Nantes,Anthony Lopes,POR,GK,33.0,1990.0,17.4,,,,,,,0,,,,,,,,
FRA-Ligue 1,2425,Nantes,Bahereba Guirassy,FRA,MF,17.0,2006.0,3.9,,,,,,,7,,,,,,,,
FRA-Ligue 1,2425,Nantes,Dehmaine Assoumani,FRA,FW,19.0,2005.0,1.1,,,,,,,6,,,,,,,,
FRA-Ligue 1,2425,Nantes,Douglas,BRA,MF,27.0,1997.0,25.6,,,,,,,11,,,,,,,,
FRA-Ligue 1,2425,Nantes,Fabien Centonze,FRA,DF,28.0,1996.0,2.9,,,,,,,11,,,,,,,,
FRA-Ligue 1,2425,Nantes,Florent Mollet,FRA,MF,32.0,1991.0,2.7,,,,,,,13,,,,,,,,
FRA-Ligue 1,2425,Nantes,Francis Coquelin,FRA,MF,33.0,1991.0,2.5,,,,,,,0,,,,,,,,
FRA-Ligue 1,2425,Nantes,Ignatius Ganago,CMR,MF,25.0,1999.0,2.7,,,,,,,3,,,,,,,,
FRA-Ligue 1,2425,Nantes,Jean-Charles Castelletto,CMR,"DF,MF",29.0,1995.0,29.1,,,,,,,9,,,,,,,,
FRA-Ligue 1,2425,Nantes,Jean-Kevin Duverne,HAI,DF,27.0,1997.0,6.0,,,,,,,9,,,,,,,,
FRA-Ligue 1,2425,Nantes,Jean-Philippe Gbamin,CIV,MF,28.0,1995.0,2.4,,,,,,,0,,,,,,,,
FRA-Ligue 1,2425,Nantes,Johann Lepenant,FRA,MF,21.0,2002.0,22.8,,,,,,,16,,,,,,,,
FRA-Ligue 1,2425,Nantes,Kelvin Amian,FRA,DF,26.0,1998.0,24.1,,,,,,,38,,,,,,,,
FRA-Ligue 1,2425,Nantes,Louis Leroux,FRA,"MF,DF",18.0,2006.0,9.1,,,,,,,6,,,,,,,,
FRA-Ligue 1,2425,Nantes,Marcus Coco,FRA,DF,28.0,1996.0,10.6,,,,,,,29,,,,,,,,
FRA-Ligue 1,2425,Nantes,Matthis Abline,FRA,FW,21.0,2003.0,30.8,,,,,,,31,,,,,,,,
FRA-Ligue 1,2425,Nantes,Meschak Elia,COD,FW,26.0,1997.0,1.9,,,,,,,14,,,,,,,,
FRA-Ligue 1,2425,Nantes,Moses Simon,NGA,"FW,MF",29.0,1995.0,29.0,,,,,,,223,,,,,,,,
FRA-Ligue 1,2425,Nantes,Mostafa Mohamed,EGY,FW,26.0,1997.0,13.9,,,,,,,4,,,,,,,,
FRA-Ligue 1,2425,Nantes,Nathan Zeze,FRA,DF,19.0,2005.0,16.8,,,,,,,1,,,,,,,,
FRA-Ligue 1,2425,Nantes,Nicolas Cozza,FRA,"DF,MF",25.0,1999.0,22.8,,,,,,,27,,,,,,,,
FRA-Ligue 1,2425,Nantes,Nicolas Pallois,FRA,DF,36.0,1987.0,22.4,,,,,,,7,,,,,,,,
FRA-Ligue 1,2425,Nantes,Patrik Carlgren,SWE,GK,32.0,1992.0,4.6,,,,,,,0,,,,,,,,
FRA-Ligue 1,2425,Nantes,Pedro Chirivella,ESP,MF,27.0,1997.0,26.1,,,,,,,18,,,,,,,,
FRA-Ligue 1,2425,Nantes,Plamedi Nsingi,,FW,23.0,2000.0,0.2,,,,,,,0,,,,,,,,
FRA-Ligue 1,2425,Nantes,Saidou Sow,GUI,DF,22.0,2002.0,8.9,,,,,,,0,,,,,,,,
FRA-Ligue 1,2425,Nantes,Sorba Thomas,WAL,"MF,DF",24.0,1999.0,14.7,,,,,,,131,,,,,,,,
FRA-Ligue 1,2425,Nantes,Sékou Doucoure,FRA,DF,19.0,2005.0,0.1,,,,,,,0,,,,,,,,
FRA-Ligue 1,2425,Nantes,Tino Kadewere,ZIM,MF,28.0,1996.0,5.7,,,,,,,2,,,,,,,,
FRA-Ligue 1,2425,Nice,Ali Abdi,TUN,MF,30.0,1993.0,15.5,,,,,,,51,,,,,,,,
FRA-Ligue 1,2425,Nice,Amidou Doumbouya,FRA,MF,16.0,2007.0,0.5,,,,,,,2,,,,,,,,
FRA-Ligue 1,2425,Nice,Antoine Mendy,SEN,"DF,MF",20.0,2004.0,9.2,,,,,,,6,,,,,,,,
FRA-Ligue 1,2425,Nice,Badredine Bouanani,ALG,"MF,FW",19.0,2004.0,12.2,,,,,,,32,,,,,,,,
FRA-Ligue 1,2425,Nice,Baptiste Santamaria,FRA,MF,29.0,1995.0,10.3,,,,,,,3,,,,,,,,
FRA-Ligue 1,2425,Nice,Bernard Nguene,CMR,FW,17.0,2006.0,0.1,,,,,,,0,,,,,,,,
FRA-Ligue 1,2425,Nice,Bilal Brahimi,ALG,MF,24.0,2000.0,0.8,,,,,,,5,,,,,,,,
FRA-Ligue 1,2425,Nice,Dante,BRA,DF,40.0,1983.0,21.8,,,,,,,2,,,,,,,,
FRA-Ligue 1,2425,Nice,Evann Guessand,CIV,"MF,FW",23.0,2001.0,28.5,,,,,,,37,,,,,,,,
FRA-Ligue 1,2425,Nice,Gaëtan Laborde,FRA,FW,30.0,1994.0,20.3,,,,,,,27,,,,,,,,
FRA-Ligue 1,2425,Nice,Hicham Boudaoui,ALG,MF,24.0,1999.0,27.1,,,,,,,17,,,,,,,,
FRA-Ligue 1,2425,Nice,Issiaga Camara,GUI,MF,19.0,2005.0,0.2,,,,,,,0,,,,,,,,
FRA-Ligue 1,2425,Nice,Jeremie Boga,CIV,"MF,FW",27.0,1997.0,11.7,,,,,,,21,,,,,,,,
FRA-Ligue 1,2425,Nice,Jonathan Clauss,FRA,"MF,DF",31.0,1992.0,25.6,,,,,,,191,,,,,,,,
FRA-Ligue 1,2425,Nice,Jordan Lotomba,SUI,"DF,MF",25.0,1998.0,0.4,,,,,,,2,,,,,,,,
FRA-Ligue 1,2425,Nice,Marcin Bułka,POL,GK,24.0,1999.0,34.0,,,,,,,0,,,,,,,,
FRA-Ligue 1,2425,Nice,Melvin Bard,FRA,"DF,MF",23.0,2000.0,21.5,,,,,,,61,,,,,,,,
FRA-Ligue 1,2425,Nice,Mohamed Abdelmonem,EGY,DF,25.0,1999.0,9.5,,,,,,,2,,,,,,,,
FRA-Ligue 1,2425,Nice,Mohamed Ali Cho,FRA,"FW,MF",20.0,2004.0,18.0,,,,,,,51,,,,,,,,
FRA-Ligue 1,2425,Nice,Morgan Sanson,FRA,MF,29.0,1994.0,2.6,,,,,,,4,,,,,,,,
FRA-Ligue 1,2425,Nice,Moïse Bombito,CAN,DF,24.0,2000.0,24.4,,,,,,,2,,,,,,,,
FRA-Ligue 1,2425,Nice,Pablo Rosario,DOM,"MF,DF",27.0,1997.0,19.7,,,,,,,3,,,,,,,,
FRA-Ligue 1,2425,Nice,Rareş Ilie,ROU,MF,21.0,2003.0,0.1,,,,,,,3,,,,,,,,
FRA-Ligue 1,2425,Nice,Sofiane Diop,MAR,"MF,FW",24.0,2000.0,11.8,,,,,,,32,,,,,,,,
FRA-Ligue 1,2425,Nice,Tanguy Ndombele,FRA,MF,27.0,1996.0,12.6,,,,,,,3,,,,,,,,
FRA-Ligue 1,2425,Nice,Terem Moffi,NGA,FW,25.0,1999.0,0.6,,,,,,,0,,,,,,,,
FRA-Ligue 1,2425,Nice,Tom Louchet,FRA,"DF,MF",21.0,2003.0,8.6,,,,,,,35,,,,,,,,
FRA-Ligue 1,2425,Nice,Victor Orakpo,NGA,FW,18.0,2006.0,0.4,,,,,,,0,,,,,,,,
FRA-Ligue 1,2425,Nice,Yael Nandjou,FRA,DF,19.0,2005.0,1.7,,,,,,,4,,,,,,,,
FRA-Ligue 1,2425,Nice,Youssouf Ndayishimiye,BDI,DF,25.0,1998.0,21.5,,,,,,,2,,,,,,,,
FRA-Ligue 1,2425,Nice,Youssoufa Moukoko,GER,FW,19.0,2004.0,2.3,,,,,,,1,,,,,,,,
FRA-Ligue 1,2425,PSG,Achraf Hakimi,MAR,DF,25.0,1998.0,23.0,,,,,,,80,,,,,,,,
FRA-Ligue 1,2425,PSG,Arnau Tenas,ESP,GK,23.0,2001.0,1.0,,,,,,,0,,,,,,,,
FRA-Ligue 1,2425,PSG,Axel Tapé,FRA,DF,16.0,2007.0,2.0,,,,,,,0,,,,,,,,
FRA-Ligue 1,2425,PSG,Bradley Barcola,FRA,FW,21.0,2002.0,24.2,,,,,,,25,,,,,,,,
FRA-Ligue 1,2425,PSG,Désiré Doué,FRA,"MF,FW",19.0,2005.0,19.2,,,,,,,78,,,,,,,,
FRA-Ligue 1,2425,PSG,Fabián Ruiz Peña,ESP,MF,28.0,1996.0,21.4,,,,,,,27,,,,,,,,
FRA-Ligue 1,2425,PSG,Gianluigi Donnarumma,ITA,GK,25.0,1999.0,23.2,,,,,,,0,,,,,,,,
FRA-Ligue 1,2425,PSG,Gonçalo Ramos,POR,FW,23.0,2001.0,11.8,,,,,,,1,,,,,,,,
FRA-Ligue 1,2425,PSG,Ibrahim Mbaye,SEN,FW,16.0,2008.0,3.8,,,,,,,5,,,,,,,,
FRA-Ligue 1,2425,PSG,João Neves,POR,"MF,DF",19.0,2004.0,20.5,,,,,,,15,,,,,,,,
FRA-Ligue 1,2425,PSG,Khvicha Kvaratskhelia,GEO,FW,23.0,2001.0,10.2,,,,,,,33,,,,,,,,
FRA-Ligue 1,2425,PSG,Lee Kang-in,KOR,"FW,MF",23.0,2001.0,18.5,,,,,,,94,,,,,,,,
FRA-Ligue 1,2425,PSG,Lucas Beraldo,BRA,DF,20.0,2003.0,22.3,,,,,,,3,,,,,,,,
FRA-Ligue 1,2425,PSG,Lucas Hernández,FRA,DF,28.0,1996.0,9.7,,,,,,,2,,,,,,,,
FRA-Ligue 1,2425,PSG,Marco Asensio,ESP,"FW,MF",28.0,1996.0,6.9,,,,,,,13,,,,,,,,
FRA-Ligue 1,2425,PSG,Marquinhos,BRA,DF,30.0,1994.0,19.2,,,,,,,3,,,,,,,,
FRA-Ligue 1,2425,PSG,Matvei Safonov,RUS,GK,25.0,1999.0,9.8,,,,,,,0,,,,,,,,
FRA-Ligue 1,2425,PSG,Milan Škriniar,SVK,DF,29.0,1995.0,4.2,,,,,,,0,,,,,,,,
FRA-Ligue 1,2425,PSG,Noham Kamara,FRA,DF,17.0,2007.0,0.8,,,,,,,0,,,,,,,,
FRA-Ligue 1,2425,PSG,Nuno Mendes,POR,DF,22.0,2002.0,18.6,,,,,,,60,,,,,,,,
FRA-Ligue 1,2425,PSG,Ousmane Dembélé,FRA,FW,27.0,1997.0,19.2,,,,,,,80,,,,,,,,
FRA-Ligue 1,2425,PSG,Presnel Kimpembe,FRA,DF,28.0,1995.0,0.3,,,,,,,0,,,,,,,,
FRA-Ligue 1,2425,PSG,Randal Kolo Muani,FRA,FW,25.0,1998.0,4.0,,,,,,,0,,,,,,,,
FRA-Ligue 1,2425,PSG,Senny Mayulu,FRA,MF,18.0,2006.0,9.0,,,,,,,9,,,,,,,,
FRA-Ligue 1,2425,PSG,Vitinha,POR,MF,24.0,2000.0,22.7,,,,,,,21,,,,,,,,
FRA-Ligue 1,2425,PSG,Warren Zaïre-Emery,FRA,"MF,DF",18.0,2006.0,22.8,,,,,,,9,,,,,,,,
FRA-Ligue 1,2425,PSG,Willian Pacho,ECU,DF,22.0,2001.0,23.7,,,,,,,0,,,,,,,,
FRA-Ligue 1,2425,PSG,Yoram Zague,FRA,DF,18.0,2006.0,2.0,,,,,,,4,,,,,,,,
FRA-Ligue 1,2425,Reims,Abdoul Koné,FRA,DF,19.0,2005.0,1.5,,,,,,,0,,,,,,,,
FRA-Ligue 1,2425,Reims,Amadou Koné,MLI,MF,19.0,2005.0,14.4,,,,,,,3,,,,,,,,
FRA-Ligue 1,2425,Reims,Amine Salama,FRA,FW,24.0,2000.0,4.1,,,,,,,4,,,,,,,,
FRA-Ligue 1,2425,Reims,Ange Martial Tia,MLI,MF,17.0,2006.0,1.9,,,,,,,3,,,,,,,,
FRA-Ligue 1,2425,Reims,Aurélio Buta,POR,DF,27.0,1997.0,21.9,,,,,,,31,,,,,,,,
FRA-Ligue 1,2425,Reims,Cédric Kipré,CIV,DF,27.0,1996.0,24.3,,,,,,,12,,,,,,,,
FRA-Ligue 1,2425,Reims,Eloge Zabi,CIV,MF,17.0,2006.0,0.2,,,,,,,0,,,,,,,,
FRA-Ligue 1,2425,Reims,Emmanuel Agbadou,CIV,DF,27.0,1997.0,14.0,,,,,,,1,,,,,,,,
FRA-Ligue 1,2425,Reims,Gabriel Moscardo,BRA,MF,18.0,2005.0,0.9,,,,,,,0,,,,,,,,
FRA-Ligue 1,2425,Reims,Hafiz Ibrahim,NGA,FW,18.0,2005.0,4.3,,,,,,,1,,,,,,,,
FRA-Ligue 1,2425,Reims,Hiroki Sekine,JPN,DF,21.0,2002.0,9.9,,,,,,,22,,,,,,,,
FRA-Ligue 1,2425,Reims,Ike Orazi,IRL,FW,17.0,2007.0,0.0,,,,,,,0,,,,,,,,
FRA-Ligue 1,2425,Reims,John Joe,IRL,MF,20.0,2003.0,6.1,,,,,,,5,,,,,,,,
FRA-Ligue 1,2425,Reims,Jordan Pefok,USA,FW,28.0,1996.0,4.2,,,,,,,1,,,,,,,,
FRA-Ligue 1,2425,Reims,Joseph Okumu,KEN,DF,27.0,1997.0,18.8,,,,,,,5,,,,,,,,
FRA-Ligue 1,2425,Reims,Junya Itō,JPN,"MF,FW",31.0,1993.0,29.9,,,,,,,233,,,,,,,,
FRA-Ligue 1,2425,Reims,Keito Nakamura,JPN,"MF,FW",24.0,2000.0,29.4,,,,,,,54,,,,,,,,
FRA-Ligue 1,2425,Reims,Malcolm Jeng,SWE,DF,19.0,2005.0,1.2,,,,,,,0,,,,,,,,
FRA-Ligue 1,2425,Reims,Mamadou Diakhon,SEN,"MF,FW",18.0,2005.0,9.5,,,,,,,34,,,,,,,,
FRA-Ligue 1,2425,Reims,Marshall Munetsi,ZIM,MF,28.0,1996.0,18.8,,,,,,,11,,,,,,,,
FRA-Ligue 1,2425,Reims,Martin Adeline,FRA,MF,20.0,2003.0,0.3,,,,,,,0,,,,,,,,
FRA-Ligue 1,2425,Reims,Mohamed Bamba,CIV,MF,19.0,2004.0,0.1,,,,,,,0,,,,,,,,
FRA-Ligue 1,2425,Reims,Mohamed Daramy,DEN,"FW,MF",22.0,2002.0,0.2,,,,,,,0,,,,,,,,
FRA-Ligue 1,2425,Reims,Mory Gbane,CIV,"DF,MF",23.0,2000.0,12.5,,,,,,,2,,,,,,,,
FRA-Ligue 1,2425,Reims,Nhoa Sangui,FRA,"DF,MF",18.0,2006.0,12.9,,,,,,,15,,,,,,,,
FRA-Ligue 1,2425,Reims,Niama Sissoko,MLI,FW,18.0,2005.0,0.5,,,,,,,0,,,,,,,,
FRA-Ligue 1,2425,Reims,Oumar Diakité,CIV,FW,20.0,2003.0,18.1,,,,,,,7,,,,,,,,
FRA-Ligue 1,2425,Reims,Reda Khadra,GER,"FW,MF",23.0,2001.0,0.9,,,,,,,3,,,,,,,,
FRA-Ligue 1,2425,Reims,Sergio Akieme,ESP,DF,26.0,1997.0,28.0,,,,,,,95,,,,,,,,
FRA-Ligue 1,2425,Reims,Teddy Teuma,MLT,MF,30.0,1993.0,8.3,,,,,,,44,,,,,,,,
FRA-Ligue 1,2425,Reims,Thibault De Smet,BEL,DF,26.0,1998.0,2.1,,,,,,,0,,,,,,,,
FRA-Ligue 1,2425,Reims,Valentin Atangana Edoa,FRA,MF,18.0,2005.0,31.7,,,,,,,16,,,,,,,,
FRA-Ligue 1,2425,Reims,Yaya Kader Fofana,MLI,"MF,FW",20.0,2004.0,7.0,,,,,,,6,,,,,,,,
FRA-Ligue 1,2425,Reims,Yehvann Diouf,SEN,GK,24.0,1999.0,34.0,,,,,,,0,,,,,,,,
FRA-Ligue 1,2425,Rennes,Adrien Truffert,FRA,"MF,DF",22.0,2001.0,30.6,,,,,,,141,,,,,,,,
FRA-Ligue 1,2425,Rennes,Albert Grønbaek,DEN,"MF,FW",23.0,2001.0,9.0,,,,,,,28,,,,,,,,
FRA-Ligue 1,2425,Rennes,Alidu Seidu,GHA,DF,24.0,2000.0,8.9,,,,,,,4,,,,,,,,
FRA-Ligue 1,2425,Rennes,Amine Gouiri,ALG,"MF,FW",24.0,2000.0,11.5,,,,,,,12,,,,,,,,
FRA-Ligue 1,2425,Rennes,Andrés Gómez,COL,MF,21.0,2002.0,4.2,,,,,,,19,,,,,,,,
FRA-Ligue 1,2425,Rennes,Anthony Rouault,FRA,DF,23.0,2001.0,10.8,,,,,,,0,,,,,,,,
FRA-Ligue 1,2425,Rennes,Arnaud Kalimuendo,FRA,FW,22.0,2002.0,28.6,,,,,,,12,,,,,,,,
FRA-Ligue 1,2425,Rennes,Ayanda Sishuba,BEL,MF,19.0,2005.0,0.0,,,,,,,0,,,,,,,,
FRA-Ligue 1,2425,Rennes,Azor Matusiwa,NED,MF,26.0,1998.0,23.1,,,,,,,1,,,,,,,,
FRA-Ligue 1,2425,Rennes,Baptiste Santamaria,FRA,MF,29.0,1995.0,5.4,,,,,,,4,,,,,,,,
FRA-Ligue 1,2425,Rennes,Benjamin Bourigeaud,FRA,MF,30.0,1994.0,0.9,,,,,,,6,,,,,,,,
FRA-Ligue 1,2425,Rennes,Brice Samba,FRA,GK,30.0,1994.0,17.0,,,,,,,0,,,,,,,,
FRA-Ligue 1,2425,Rennes,Christopher Wooh,CMR,DF,22.0,2001.0,16.2,,,,,,,1,,,,,,,,
FRA-Ligue 1,2425,Rennes,Djaoui Cissé,FRA,MF,20.0,2004.0,12.5,,,,,,,3,,,,,,,,
FRA-Ligue 1,2425,Rennes,Gauthier Gallon,FRA,GK,31.0,1993.0,0.5,,,,,,,0,,,,,,,,
FRA-Ligue 1,2425,Rennes,Glen Kamara,FIN,MF,28.0,1995.0,7.4,,,,,,,0,,,,,,,,
FRA-Ligue 1,2425,Rennes,Hans Hateboer,NED,"DF,MF",30.0,1994.0,18.7,,,,,,,34,,,,,,,,
FRA-Ligue 1,2425,Rennes,Henrik Meister,DEN,FW,20.0,2003.0,0.7,,,,,,,0,,,,,,,,
FRA-Ligue 1,2425,Rennes,Ismaël Koné,CAN,MF,22.0,2002.0,5.2,,,,,,,2,,,,,,,,
FRA-Ligue 1,2425,Rennes,Jordan James,WAL,MF,20.0,2004.0,13.1,,,,,,,34,,,,,,,,
FRA-Ligue 1,2425,Rennes,Jota,POR,MF,25.0,1999.0,3.7,,,,,,,16,,,,,,,,
FRA-Ligue 1,2425,Rennes,Jérémy Jacquet,FRA,DF,19.0,2005.0,10.3,,,,,,,3,,,,,,,,
FRA-Ligue 1,2425,Rennes,Kader Meïté,FRA,FW,16.0,2007.0,6.0,,,,,,,2,,,,,,,,
FRA-Ligue 1,2425,Rennes,Kazeem Olaigbe,BEL,"MF,FW",21.0,2003.0,3.3,,,,,,,11,,,,,,,,
FRA-Ligue 1,2425,Rennes,Kyogo Furuhashi,JPN,FW,29.0,1995.0,1.4,,,,,,,0,,,,,,,,
FRA-Ligue 1,2425,Rennes,Leo Østigård,NOR,DF,24.0,1999.0,13.6,,,,,,,0,,,,,,,,
FRA-Ligue 1,2425,Rennes,Lilian Brassier,FRA,DF,24.0,1999.0,13.7,,,,,,,9,,,,,,,,
FRA-Ligue 1,2425,Rennes,Lorenz Assignon,TOG,"MF,DF",24.0,2000.0,26.2,,,,,,,71,,,,,,,,
FRA-Ligue 1,2425,Rennes,Ludovic Blas,FRA,"MF,FW",26.0,1997.0,25.5,,,,,,,123,,,,,,,,
FRA-Ligue 1,2425,Rennes,Mahamadou Nagida,CMR,MF,19.0,2005.0,4.8,,,,,,,29,,,,,,,,
FRA-Ligue 1,2425,Rennes,Mikayil Ngor Faye,SEN,DF,20.0,2004.0,7.6,,,,,,,1,,,,,,,,
FRA-Ligue 1,2425,Rennes,Musa Al-Taamari,JOR,"FW,MF",27.0,1997.0,6.3,,,,,,,6,,,,,,,,
FRA-Ligue 1,2425,Rennes,Naouirou Ahamada,FRA,MF,22.0,2002.0,0.6,,,,,,,1,,,,,,,,
FRA-Ligue 1,2425,Rennes,Seko Fofana,CIV,MF,29.0,1995.0,9.4,,,,,,,5,,,,,,,,
FRA-Ligue 1,2425,Rennes,Steve Mandanda,FRA,GK,39.0,1985.0,16.5,,,,,,,0,,,,,,,,
FRA-Ligue 1,2425,Saint-Étienne,Aimen Moueffek,FRA,MF,23.0,2001.0,11.5,,,,,,,4,,,,,,,,
FRA-Ligue 1,2425,Saint-Étienne,Anthony Briançon,FRA,"DF,MF",29.0,1994.0,0.0,,,,,,,0,,,,,,,,
FRA-Ligue 1,2425,Saint-Étienne,Augustine Boakye,GHA,"MF,FW",23.0,2000.0,8.1,,,,,,,5,,,,,,,,
FRA-Ligue 1,2425,Saint-Étienne,Ayman Aiki,FRA,MF,19.0,2005.0,1.4,,,,,,,1,,,,,,,,
FRA-Ligue 1,2425,Saint-Étienne,Ben Old,NZL,"MF,FW",21.0,2002.0,5.9,,,,,,,19,,,,,,,,
FRA-Ligue 1,2425,Saint-Étienne,Benjamin Bouchouari,MAR,MF,22.0,2001.0,19.7,,,,,,,9,,,,,,,,
FRA-Ligue 1,2425,Saint-Étienne,Beres Owusu,FRA,DF,20.0,2003.0,1.0,,,,,,,1,,,,,,,,
FRA-Ligue 1,2425,Saint-Étienne,Dennis Appiah,FRA,DF,32.0,1992.0,23.6,,,,,,,53,,,,,,,,
FRA-Ligue 1,2425,Saint-Étienne,Djylian N'Guessan,FRA,FW,15.0,2008.0,2.0,,,,,,,0,,,,,,,,
FRA-Ligue 1,2425,Saint-Étienne,Dylan Batubinsika,COD,DF,28.0,1996.0,22.4,,,,,,,1,,,,,,,,
FRA-Ligue 1,2425,Saint-Étienne,Florian Tardieu,FRA,MF,32.0,1992.0,13.9,,,,,,,24,,,,,,,,
FRA-Ligue 1,2425,Saint-Étienne,Gautier Larsonneur,FRA,GK,27.0,1997.0,34.0,,,,,,,0,,,,,,,,
FRA-Ligue 1,2425,Saint-Étienne,Ibrahim Sissoko,MLI,FW,28.0,1995.0,9.1,,,,,,,3,,,,,,,,
FRA-Ligue 1,2425,Saint-Étienne,Ibrahima Wadji,SEN,FW,29.0,1995.0,3.9,,,,,,,2,,,,,,,,
FRA-Ligue 1,2425,Saint-Étienne,Igor Miladinović,SRB,MF,21.0,2003.0,0.3,,,,,,,0,,,,,,,,
FRA-Ligue 1,2425,Saint-Étienne,Irvin Cardona,MLT,"FW,MF",26.0,1997.0,11.8,,,,,,,31,,,,,,,,
FRA-Ligue 1,2425,Saint-Étienne,Jibril Othman,TUN,FW,20.0,2004.0,0.1,,,,,,,0,,,,,,,,
FRA-Ligue 1,2425,Saint-Étienne,Kévin Pedro,FRA,DF,18.0,2006.0,0.1,,,,,,,1,,,,,,,,
FRA-Ligue 1,2425,Saint-Étienne,Lamine Fomba,FRA,MF,26.0,1998.0,2.4,,,,,,,1,,,,,,,,
FRA-Ligue 1,2425,Saint-Étienne,Louis Mouton,FRA,MF,22.0,2002.0,11.6,,,,,,,21,,,,,,,,
FRA-Ligue 1,2425,Saint-Étienne,Lucas Stassin,BEL,FW,19.0,2004.0,21.0,,,,,,,19,,,,,,,,
FRA-Ligue 1,2425,Saint-Étienne,Léo Pétrot,FRA,DF,27.0,1997.0,29.3,,,,,,,51,,,,,,,,
FRA-Ligue 1,2425,Saint-Étienne,Marwann Nzuzi,FRA,DF,20.0,2004.0,1.4,,,,,,,1,,,,,,,,
FRA-Ligue 1,2425,Saint-Étienne,Mathieu Cafaro,FRA,"MF,FW",27.0,1997.0,8.1,,,,,,,27,,,,,,,,
FRA-Ligue 1,2425,Saint-Étienne,Mathis Amougou,FRA,MF,18.0,2006.0,9.5,,,,,,,1,,,,,,,,
FRA-Ligue 1,2425,Saint-Étienne,Maxime Bernauer,FRA,DF,26.0,1998.0,8.5,,,,,,,0,,,,,,,,
FRA-Ligue 1,2425,Saint-Étienne,Mickael Nade,FRA,DF,25.0,1999.0,25.6,,,,,,,1,,,,,,,,
FRA-Ligue 1,2425,Saint-Étienne,Pierre Cornud,FRA,"DF,MF",27.0,1996.0,6.4,,,,,,,14,,,,,,,,
FRA-Ligue 1,2425,Saint-Étienne,Pierre Ekwah Elimby,FRA,MF,22.0,2002.0,28.6,,,,,,,5,,,,,,,,
FRA-Ligue 1,2425,Saint-Étienne,Yunis Abdelhamid,MAR,DF,36.0,1987.0,11.5,,,,,,,0,,,,,,,,
FRA-Ligue 1,2425,Saint-Étienne,Yvann Macon,FRA,DF,25.0,1998.0,8.8,,,,,,,23,,,,,,,,
FRA-Ligue 1,2425,Saint-Étienne,Zuriko Davitashvili,GEO,"FW,MF",23.0,2001.0,30.9,,,,,,,85,,,,,,,,
FRA-Ligue 1,2425,Strasbourg,Abakar Sylla,CIV,DF,21.0,2002.0,10.6,,,,,,,1,,,,,,,,
FRA-Ligue 1,2425,Strasbourg,Abdoul Ouattara,FRA,"MF,FW",18.0,2005.0,5.2,,,,,,,3,,,,,,,,
FRA-Ligue 1,2425,Strasbourg,Andrew Omobamidele,IRL,DF,22.0,2002.0,6.0,,,,,,,0,,,,,,,,
FRA-Ligue 1,2425,Strasbourg,Andrey Santos,BRA,MF,20.0,2004.0,31.7,,,,,,,0,,,,,,,,
FRA-Ligue 1,2425,Strasbourg,Caleb Wiley,USA,"MF,DF",19.0,2004.0,3.0,,,,,,,8,,,,,,,,
FRA-Ligue 1,2425,Strasbourg,Diego Moreira,BEL,"MF,DF",19.0,2004.0,28.5,,,,,,,93,,,,,,,,
FRA-Ligue 1,2425,Strasbourg,Dilane Bakwa,FRA,MF,21.0,2002.0,27.7,,,,,,,155,,,,,,,,
FRA-Ligue 1,2425,Strasbourg,Eduard Sobol,UKR,"DF,MF",29.0,1995.0,1.1,,,,,,,1,,,,,,,,
FRA-Ligue 1,2425,Strasbourg,Emanuel Emegha,NED,FW,21.0,2003.0,25.5,,,,,,,1,,,,,,,,
FRA-Ligue 1,2425,Strasbourg,Félix Lemaréchal,FRA,"MF,FW",20.0,2003.0,19.8,,,,,,,27,,,,,,,,
FRA-Ligue 1,2425,Strasbourg,Guéla Doué,CIV,"DF,MF",21.0,2002.0,30.2,,,,,,,46,,,,,,,,
FRA-Ligue 1,2425,Strasbourg,Habib Diarra,SEN,"MF,FW",20.0,2004.0,26.1,,,,,,,53,,,,,,,,
FRA-Ligue 1,2425,Strasbourg,Ismaël Doukouré,FRA,"DF,MF",21.0,2003.0,29.3,,,,,,,1,,,,,,,,
FRA-Ligue 1,2425,Strasbourg,Junior Mwanga,FRA,MF,21.0,2003.0,3.3,,,,,,,0,,,,,,,,
FRA-Ligue 1,2425,Strasbourg,Jérémy Sebas,MTQ,MF,21.0,2003.0,2.1,,,,,,,2,,,,,,,,
FRA-Ligue 1,2425,Strasbourg,Karl-Johan Johnsson,SWE,GK,34.0,1990.0,3.0,,,,,,,0,,,,,,,,
FRA-Ligue 1,2425,Strasbourg,Karol Fila,POL,DF,26.0,1998.0,0.1,,,,,,,0,,,,,,,,
FRA-Ligue 1,2425,Strasbourg,Mamadou Sarr,SEN,DF,18.0,2005.0,26.3,,,,,,,1,,,,,,,,
FRA-Ligue 1,2425,Strasbourg,Marvin Senaya,GHA,DF,23.0,2001.0,2.5,,,,,,,1,,,,,,,,
FRA-Ligue 1,2425,Strasbourg,Milos Lukovic,SRB,FW,18.0,2005.0,0.1,,,,,,,0,,,,,,,,
FRA-Ligue 1,2425,Strasbourg,Nordine Kandil,FRA,MF,22.0,2001.0,0.1,,,,,,,0,,,,,,,,
FRA-Ligue 1,2425,Strasbourg,Pape Daouda Diongue,SEN,MF,18.0,2006.0,0.9,,,,,,,1,,,,,,,,
FRA-Ligue 1,2425,Strasbourg,Saidou Sow,GUI,DF,22.0,2002.0,11.3,,,,,,,0,,,,,,,,
FRA-Ligue 1,2425,Strasbourg,Samuel Amo-Ameyaw,ENG,MF,18.0,2006.0,3.6,,,,,,,6,,,,,,,,
FRA-Ligue 1,2425,Strasbourg,Sebastian Nanasi,SWE,"MF,FW",22.0,2002.0,23.4,,,,,,,67,,,,,,,,
FRA-Ligue 1,2425,Strasbourg,Sekou Mara,FRA,"FW,MF",22.0,2002.0,8.5,,,,,,,3,,,,,,,,
FRA-Ligue 1,2425,Strasbourg,Thomas Delaine,FRA,"DF,MF",32.0,1992.0,0.1,,,,,,,0,,,,,,,,
FRA-Ligue 1,2425,Strasbourg,Valentín Barco,ARG,MF,20.0,2004.0,12.9,,,,,,,31,,,,,,,,
FRA-Ligue 1,2425,Strasbourg,Óscar Perea,COL,MF,18.0,2005.0,0.2,,,,,,,0,,,,,,,,
FRA-Ligue 1,2425,Strasbourg,Đorđe Petrović,SRB,GK,24.0,1999.0,31.0,,,,,,,1,,,,,,,,
FRA-Ligue 1,2425,Toulouse,Aron Dønnum,NOR,MF,26.0,1998.0,29.9,,,,,,,117,,,,,,,,
FRA-Ligue 1,2425,Toulouse,Charlie Cresswell,ENG,DF,21.0,2002.0,28.8,,,,,,,4,,,,,,,,
FRA-Ligue 1,2425,Toulouse,Cristian Cásseres Jr.,VEN,MF,24.0,2000.0,30.0,,,,,,,79,,,,,,,,
FRA-Ligue 1,2425,Toulouse,Denis Genreau,AUS,MF,25.0,1999.0,2.5,,,,,,,9,,,,,,,,
FRA-Ligue 1,2425,Toulouse,Djibril Sidibé,FRA,DF,32.0,1992.0,23.3,,,,,,,45,,,,,,,,
FRA-Ligue 1,2425,Toulouse,Edhy Zuliani,FRA,MF,19.0,2004.0,0.1,,,,,,,0,,,,,,,,
FRA-Ligue 1,2425,Toulouse,Frank Magri,CMR,FW,24.0,1999.0,16.8,,,,,,,4,,,,,,,,
FRA-Ligue 1,2425,Toulouse,Gabriel Suazo,CHI,"MF,DF",26.0,1997.0,24.0,,,,,,,79,,,,,,,,
FRA-Ligue 1,2425,Toulouse,Guillaume Restes,FRA,GK,19.0,2005.0,28.3,,,,,,,0,,,,,,,,
FRA-Ligue 1,2425,Toulouse,Jaydee Canvot,FRA,"DF,MF",18.0,2006.0,12.3,,,,,,,6,,,,,,,,
FRA-Ligue 1,2425,Toulouse,Joshua King,NOR,"FW,MF",32.0,1992.0,18.6,,,,,,,9,,,,,,,,
FRA-Ligue 1,2425,Toulouse,Kjetil Haug,NOR,GK,26.0,1998.0,5.5,,,,,,,0,,,,,,,,
FRA-Ligue 1,2425,Toulouse,Logan Costa,CPV,DF,23.0,2001.0,1.0,,,,,,,1,,,,,,,,
FRA-Ligue 1,2425,Toulouse,Mark McKenzie,USA,DF,25.0,1999.0,27.7,,,,,,,1,,,,,,,,
FRA-Ligue 1,2425,Toulouse,Miha Zajc,SVN,MF,30.0,1994.0,2.9,,,,,,,7,,,,,,,,
FRA-Ligue 1,2425,Toulouse,Naatan Skyttä,FIN,MF,22.0,2002.0,0.1,,,,,,,0,,,,,,,,
FRA-Ligue 1,2425,Toulouse,Niklas Schmidt,GER,MF,26.0,1998.0,2.3,,,,,,,16,,,,,,,,
FRA-Ligue 1,2425,Toulouse,Noah Edjouma,FRA,MF,18.0,2005.0,1.9,,,,,,,6,,,,,,,,
FRA-Ligue 1,2425,Toulouse,Rafik Messali,FRA,MF,21.0,2003.0,5.1,,,,,,,16,,,,,,,,
FRA-Ligue 1,2425,Toulouse,Rasmus Nicolaisen,DEN,DF,27.0,1997.0,6.9,,,,,,,0,,,,,,,,
FRA-Ligue 1,2425,Toulouse,Shavy Babicka,GAB,MF,24.0,2000.0,13.2,,,,,,,38,,,,,,,,
FRA-Ligue 1,2425,Toulouse,Vincent Sierro,SUI,MF,28.0,1995.0,26.7,,,,,,,64,,,,,,,,
FRA-Ligue 1,2425,Toulouse,Warren Kamanzi,NOR,MF,23.0,2000.0,11.4,,,,,,,17,,,,,,,,
FRA-Ligue 1,2425,Toulouse,Yann Gboho,FRA,"MF,FW",23.0,2001.0,25.9,,,,,,,26,,,,,,,,
FRA-Ligue 1,2425,Toulouse,Zakaria Aboukhlal,MAR,"MF,FW",24.0,2000.0,21.1,,,,,,,33,,,,,,,,
FRA-Ligue 1,2425,Toulouse,Álex Domínguez,ESP,GK,26.0,1998.0,0.2,,,,,,,0,,,,,,,,
FRA-Ligue 1,2425,Toulouse,Ümit Akdag,ROU,DF,20.0,2003.0,5.6,,,,,,,3,,,,,,,,
FRA-Ligue 1,2526,Angers,Abdoulaye Bamba,CIV,DF,35.0,1990.0,2.8,,,,,,,1,,,,,,,,
FRA-Ligue 1,2526,Angers,Amine Sbai,MAR,"MF,FW",24.0,2000.0,20.2,,,,,,,59,,,,,,,,
FRA-Ligue 1,2526,Angers,Bane Diatta,FRA,MF,17.0,2008.0,0.1,,,,,,,0,,,,,,,,
FRA-Ligue 1,2526,Angers,Branco van den Boomen,NED,MF,30.0,1995.0,13.8,,,,,,,69,,,,,,,,
FRA-Ligue 1,2526,Angers,Carlens Arcus,HAI,DF,29.0,1996.0,22.7,,,,,,,38,,,,,,,,
FRA-Ligue 1,2526,Angers,Dan Sinaté,FRA,DF,19.0,2006.0,0.4,,,,,,,1,,,,,,,,
FRA-Ligue 1,2526,Angers,Emmanuel Biumla,FRA,DF,20.0,2005.0,4.3,,,,,,,1,,,,,,,,
FRA-Ligue 1,2526,Angers,Esteban Lepaul,FRA,FW,25.0,2000.0,1.9,,,,,,,0,,,,,,,,
FRA-Ligue 1,2526,Angers,Florent Hanin,ALG,"DF,MF",35.0,1990.0,9.6,,,,,,,26,,,,,,,,
FRA-Ligue 1,2526,Angers,Goduine Koyalipou,CTA,FW,25.0,2000.0,7.4,,,,,,,3,,,,,,,,
FRA-Ligue 1,2526,Angers,Haris Belkebla,ALG,MF,31.0,1994.0,31.9,,,,,,,5,,,,,,,,
FRA-Ligue 1,2526,Angers,Harouna Djibrin,CMR,MF,18.0,2006.0,3.7,,,,,,,8,,,,,,,,
FRA-Ligue 1,2526,Angers,Hervé Koffi,BFA,GK,28.0,1996.0,29.5,,,,,,,0,,,,,,,,
FRA-Ligue 1,2526,Angers,Himad Abdelli,ALG,MF,25.0,1999.0,10.5,,,,,,,9,,,,,,,,
FRA-Ligue 1,2526,Angers,Jacques Ekomie,GAB,"DF,MF",21.0,2003.0,24.9,,,,,,,65,,,,,,,,
FRA-Ligue 1,2526,Angers,Jim Allevinah,GAB,MF,30.0,1995.0,1.5,,,,,,,1,,,,,,,,
FRA-Ligue 1,2526,Angers,Jordan Lefort,MTN,DF,31.0,1993.0,34.0,,,,,,,23,,,,,,,,
FRA-Ligue 1,2526,Angers,Justin-Noël Kalumba,FRA,"FW,MF",20.0,2004.0,2.5,,,,,,,15,,,,,,,,
FRA-Ligue 1,2526,Angers,Lanroy Machine,FRA,FW,19.0,2005.0,5.8,,,,,,,5,,,,,,,,
FRA-Ligue 1,2526,Angers,Lilian Raolisoa,FRA,"MF,DF",25.0,2000.0,21.8,,,,,,,99,,,,,,,,
FRA-Ligue 1,2526,Angers,Louis Mouton,FRA,MF,23.0,2002.0,21.0,,,,,,,31,,,,,,,,
FRA-Ligue 1,2526,Angers,Marius Courcoul,FRA,MF,18.0,2007.0,4.2,,,,,,,0,,,,,,,,
FRA-Ligue 1,2526,Angers,Marius Louer,FRA,DF,18.0,2007.0,6.0,,,,,,,9,,,,,,,,
FRA-Ligue 1,2526,Angers,Melvin Zinga,FRA,GK,23.0,2002.0,2.5,,,,,,,0,,,,,,,,
FRA-Ligue 1,2526,Angers,Oumar Pona,FRA,GK,19.0,2006.0,2.0,,,,,,,0,,,,,,,,
FRA-Ligue 1,2526,Angers,Ousmane Camara,MLI,DF,22.0,2003.0,30.2,,,,,,,3,,,,,,,,
FRA-Ligue 1,2526,Angers,Pierrick Capelle,FRA,MF,38.0,1987.0,7.2,,,,,,,12,,,,,,,,
FRA-Ligue 1,2526,Angers,Prosper Peter,NGA,FW,17.0,2007.0,14.1,,,,,,,0,,,,,,,,
FRA-Ligue 1,2526,Angers,Sidiki Cherif,FRA,"FW,MF",18.0,2006.0,12.9,,,,,,,6,,,,,,,,
FRA-Ligue 1,2526,Angers,Yassin Belkhdim,FRA,MF,23.0,2002.0,23.7,,,,,,,42,,,,,,,,
FRA-Ligue 1,2526,Auxerre,Assane Dioussé,SEN,MF,27.0,1997.0,2.4,,,,,,,6,,,,,,,,
FRA-Ligue 1,2526,Auxerre,Bryan Okoh,SUI,DF,22.0,2003.0,11.2,,,,,,,0,,,,,,,,
FRA-Ligue 1,2526,Auxerre,Clément Akpa,CIV,DF,23.0,2001.0,21.6,,,,,,,30,,,,,,,,
FRA-Ligue 1,2526,Auxerre,Danny Loader,CMR,"MF,FW",24.0,2000.0,28.0,,,,,,,32,,,,,,,,
FRA-Ligue 1,2526,Auxerre,Donovan Léon,GUF,GK,32.0,1992.0,27.3,,,,,,,0,,,,,,,,
FRA-Ligue 1,2526,Auxerre,Elisha Owusu,GHA,MF,27.0,1997.0,26.0,,,,,,,1,,,,,,,,
FRA-Ligue 1,2526,Auxerre,Francisco Sierralta,CHI,DF,28.0,1997.0,9.6,,,,,,,0,,,,,,,,
FRA-Ligue 1,2526,Auxerre,Fredrik Oppegard,NOR,"MF,DF",22.0,2002.0,13.8,,,,,,,48,,,,,,,,
FRA-Ligue 1,2526,Auxerre,Gabriel Osho,NGA,DF,26.0,1998.0,1.5,,,,,,,2,,,,,,,,
FRA-Ligue 1,2526,Auxerre,Gideon Mensah,GHA,DF,27.0,1998.0,25.9,,,,,,,64,,,,,,,,
FRA-Ligue 1,2526,Auxerre,Ibrahim Osman,GHA,"MF,FW",20.0,2004.0,6.9,,,,,,,10,,,,,,,,
FRA-Ligue 1,2526,Auxerre,Josué Casimir,HAI,"MF,FW",23.0,2001.0,16.9,,,,,,,54,,,,,,,,
FRA-Ligue 1,2526,Auxerre,Kévin Danois,FRA,MF,21.0,2004.0,31.4,,,,,,,130,,,,,,,,
FRA-Ligue 1,2526,Auxerre,Lamine Sy,MTN,DF,22.0,2002.0,17.1,,,,,,,47,,,,,,,,
FRA-Ligue 1,2526,Auxerre,Lassine Sinayoko,MLI,"FW,MF",25.0,1999.0,30.8,,,,,,,32,,,,,,,,
FRA-Ligue 1,2526,Auxerre,Lasso Coulibaly,CIV,MF,22.0,2002.0,3.6,,,,,,,18,,,,,,,,
FRA-Ligue 1,2526,Auxerre,Mamoudou Cissokho,FRA,FW,17.0,2007.0,0.0,,,,,,,0,,,,,,,,
FRA-Ligue 1,2526,Auxerre,Marvin Senaya,GHA,"DF,MF",24.0,2001.0,19.8,,,,,,,42,,,,,,,,
FRA-Ligue 1,2526,Auxerre,Naouirou Ahamada,FRA,MF,23.0,2002.0,7.6,,,,,,,6,,,,,,,,
FRA-Ligue 1,2526,Auxerre,Oussama El Azzouzi,MAR,"MF,DF",24.0,2001.0,9.0,,,,,,,0,,,,,,,,
FRA-Ligue 1,2526,Auxerre,Romain Faivre,FRA,"MF,FW",27.0,1998.0,6.5,,,,,,,14,,,,,,,,
FRA-Ligue 1,2526,Auxerre,Rudy Matondo,FRA,MF,17.0,2008.0,6.8,,,,,,,5,,,,,,,,
FRA-Ligue 1,2526,Auxerre,Ryan Rodin,FRA,MF,19.0,2006.0,0.3,,,,,,,0,,,,,,,,
FRA-Ligue 1,2526,Auxerre,Sekou Mara,FRA,FW,23.0,2002.0,13.6,,,,,,,0,,,,,,,,
FRA-Ligue 1,2526,Auxerre,Sinaly Diomande,CIV,DF,24.0,2001.0,23.7,,,,,,,0,,,,,,,,
FRA-Ligue 1,2526,Auxerre,Telli Siwe,FRA,DF,20.0,2004.0,3.5,,,,,,,0,,,,,,,,
FRA-Ligue 1,2526,Auxerre,Theo Bair,CAN,FW,25.0,1999.0,0.1,,,,,,,0,,,,,,,,
FRA-Ligue 1,2526,Auxerre,Théo De Percin,MTQ,GK,24.0,2001.0,6.6,,,,,,,0,,,,,,,,
FRA-Ligue 1,2526,Auxerre,Tidiane Devernois,FRA,MF,17.0,2007.0,0.1,,,,,,,3,,,,,,,,
FRA-Ligue 1,2526,Auxerre,Yvan Zaddy,CIV,MF,19.0,2006.0,0.0,,,,,,,0,,,,,,,,
FRA-Ligue 1,2526,Brest,Axel Camblan,FRA,FW,21.0,2003.0,0.1,,,,,,,0,,,,,,,,
FRA-Ligue 1,2526,Brest,Bradley Locko,FRA,DF,23.0,2002.0,14.3,,,,,,,34,,,,,,,,
FRA-Ligue 1,2526,Brest,Brendan Chardonnet,FRA,DF,30.0,1994.0,28.3,,,,,,,7,,,,,,,,
FRA-Ligue 1,2526,Brest,Daouda Guindo,MLI,DF,22.0,2002.0,18.7,,,,,,,38,,,,,,,,
FRA-Ligue 1,2526,Brest,Grégoire Coudert,FRA,GK,26.0,1999.0,24.4,,,,,,,0,,,,,,,,
FRA-Ligue 1,2526,Brest,Hamidou Makalou,MLI,MF,19.0,2006.0,3.8,,,,,,,14,,,,,,,,
FRA-Ligue 1,2526,Brest,Hugo Magnetti,FRA,MF,27.0,1998.0,29.9,,,,,,,26,,,,,,,,
FRA-Ligue 1,2526,Brest,Ibrahim Kanté,FRA,MF,18.0,2007.0,0.1,,,,,,,0,,,,,,,,
FRA-Ligue 1,2526,Brest,Joris Chotard,FRA,MF,23.0,2001.0,30.8,,,,,,,51,,,,,,,,
FRA-Ligue 1,2526,Brest,Julien Le Cardinal,FRA,DF,27.0,1997.0,3.6,,,,,,,0,,,,,,,,
FRA-Ligue 1,2526,Brest,Junior Diaz,CIV,DF,22.0,2003.0,17.4,,,,,,,1,,,,,,,,
FRA-Ligue 1,2526,Brest,Junior Dina Ebimbe,CMR,MF,24.0,2000.0,12.9,,,,,,,4,,,,,,,,
FRA-Ligue 1,2526,Brest,Justin Bourgault,FRA,FW,19.0,2005.0,0.2,,,,,,,0,,,,,,,,
FRA-Ligue 1,2526,Brest,Kamory Doumbia,MLI,MF,22.0,2003.0,19.4,,,,,,,20,,,,,,,,
FRA-Ligue 1,2526,Brest,Kenny Lala,MAD,DF,33.0,1991.0,31.0,,,,,,,106,,,,,,,,
FRA-Ligue 1,2526,Brest,Lucas Tousart,FRA,"MF,DF",28.0,1997.0,9.3,,,,,,,3,,,,,,,,
FRA-Ligue 1,2526,Brest,Luck Zogbé,CIV,DF,20.0,2005.0,3.2,,,,,,,11,,,,,,,,
FRA-Ligue 1,2526,Brest,Ludovic Ajorque,FRA,FW,31.0,1994.0,31.3,,,,,,,9,,,,,,,,
FRA-Ligue 1,2526,Brest,Mama Samba Baldé,GNB,"FW,MF",29.0,1995.0,8.0,,,,,,,3,,,,,,,,
FRA-Ligue 1,2526,Brest,Pathé Mboup,SEN,MF,21.0,2003.0,11.7,,,,,,,11,,,,,,,,
FRA-Ligue 1,2526,Brest,Pierre Lees-Melou,FRA,MF,32.0,1993.0,2.0,,,,,,,5,,,,,,,,
FRA-Ligue 1,2526,Brest,Radosław Majecki,POL,GK,25.0,1999.0,9.6,,,,,,,0,,,,,,,,
FRA-Ligue 1,2526,Brest,Raphael Le Guen,FRA,DF,18.0,2006.0,4.2,,,,,,,0,,,,,,,,
FRA-Ligue 1,2526,Brest,Romain Del Castillo,FRA,"MF,FW",29.0,1996.0,29.2,,,,,,,198,,,,,,,,
FRA-Ligue 1,2526,Brest,Rémy Labeau Lascary,GLP,"MF,FW",22.0,2003.0,13.3,,,,,,,12,,,,,,,,
FRA-Ligue 1,2526,Brest,Soumaïla Coulibaly,FRA,DF,21.0,2003.0,14.9,,,,,,,1,,,,,,,,
FRA-Ligue 1,2526,Brest,Sérigné Diop,SEN,FW,20.0,2005.0,0.1,,,,,,,1,,,,,,,,
FRA-Ligue 1,2526,Le Havre,Abdoulaye Touré,GUI,MF,31.0,1994.0,8.2,,,,,,,13,,,,,,,,
FRA-Ligue 1,2526,Le Havre,Arouna Sangante,SEN,DF,23.0,2002.0,25.8,,,,,,,8,,,,,,,,
FRA-Ligue 1,2526,Le Havre,Ayumu Seko,JPN,"MF,DF",25.0,2000.0,29.2,,,,,,,5,,,,,,,,
FRA-Ligue 1,2526,Le Havre,Damián Pizarro,CHI,FW,20.0,2005.0,0.3,,,,,,,0,,,,,,,,
FRA-Ligue 1,2526,Le Havre,Daren Mosengo,FRA,MF,18.0,2006.0,1.2,,,,,,,0,,,,,,,,
FRA-Ligue 1,2526,Le Havre,Enzo Koffi Vinette,FRA,DF,19.0,2006.0,4.3,,,,,,,24,,,,,,,,
FRA-Ligue 1,2526,Le Havre,Etienne Youte Kinkoue,FRA,"DF,MF",23.0,2002.0,4.7,,,,,,,0,,,,,,,,
FRA-Ligue 1,2526,Le Havre,Felix Mambimbi,SUI,"FW,MF",24.0,2001.0,5.9,,,,,,,5,,,,,,,,
FRA-Ligue 1,2526,Le Havre,Fodé Doucouré,MLI,"MF,FW",24.0,2001.0,13.8,,,,,,,78,,,,,,,,
FRA-Ligue 1,2526,Le Havre,Gautier Lloris,FRA,DF,30.0,1995.0,26.6,,,,,,,2,,,,,,,,
FRA-Ligue 1,2526,Le Havre,Georges Gomis,SEN,DF,17.0,2008.0,0.0,,,,,,,0,,,,,,,,
FRA-Ligue 1,2526,Le Havre,Godson Kyeremeh,FRA,FW,25.0,2000.0,4.2,,,,,,,15,,,,,,,,
FRA-Ligue 1,2526,Le Havre,Issa Soumaré,SEN,"FW,MF",24.0,2000.0,32.8,,,,,,,61,,,,,,,,
FRA-Ligue 1,2526,Le Havre,Kenny Quetant,FRA,FW,19.0,2006.0,4.1,,,,,,,1,,,,,,,,
FRA-Ligue 1,2526,Le Havre,Lionel Mpasi,COD,GK,30.0,1994.0,3.5,,,,,,,0,,,,,,,,
FRA-Ligue 1,2526,Le Havre,Loïc Nego,HUN,"DF,MF",34.0,1991.0,26.0,,,,,,,78,,,,,,,,
FRA-Ligue 1,2526,Le Havre,Lucas Gourna-Douath,FRA,MF,21.0,2003.0,14.1,,,,,,,5,,,,,,,,
FRA-Ligue 1,2526,Le Havre,Mbwana Samatta,TAN,FW,32.0,1992.0,17.1,,,,,,,7,,,,,,,,
FRA-Ligue 1,2526,Le Havre,Mory Diaw,SEN,GK,32.0,1993.0,29.5,,,,,,,0,,,,,,,,
FRA-Ligue 1,2526,Le Havre,Noam Obougou Jacquet,FRA,FW,19.0,2006.0,1.2,,,,,,,2,,,,,,,,
FRA-Ligue 1,2526,Le Havre,Paul Argney,FRA,GK,19.0,2006.0,1.0,,,,,,,0,,,,,,,,
FRA-Ligue 1,2526,Le Havre,Rassoul Ndiaye,SEN,MF,23.0,2001.0,28.5,,,,,,,92,,,,,,,,
FRA-Ligue 1,2526,Le Havre,Reda Khadra,GER,FW,24.0,2001.0,2.5,,,,,,,20,,,,,,,,
FRA-Ligue 1,2526,Le Havre,Simon Ebonog,CMR,MF,20.0,2004.0,19.5,,,,,,,16,,,,,,,,
FRA-Ligue 1,2526,Le Havre,Sofiane Boufal,MAR,"MF,FW",31.0,1993.0,11.3,,,,,,,59,,,,,,,,
FRA-Ligue 1,2526,Le Havre,Stephan Zagadou,FRA,DF,16.0,2008.0,5.5,,,,,,,0,,,,,,,,
FRA-Ligue 1,2526,Le Havre,Thomas Delaine,FRA,"MF,DF",33.0,1992.0,2.2,,,,,,,18,,,,,,,,
FRA-Ligue 1,2526,Le Havre,Timothee Pembele,FRA,"MF,DF",22.0,2002.0,4.2,,,,,,,6,,,,,,,,
FRA-Ligue 1,2526,Le Havre,Yanis Zouaoui,ALG,"DF,MF",27.0,1998.0,26.0,,,,,,,182,,,,,,,,
FRA-Ligue 1,2526,Le Havre,Yassine Kechta,MAR,MF,23.0,2002.0,14.8,,,,,,,26,,,,,,,,
FRA-Ligue 1,2526,Le Havre,Younes Namli,DEN,"FW,MF",31.0,1994.0,3.6,,,,,,,21,,,,,,,,
FRA-Ligue 1,2526,Lens,Abdallah Sima,SEN,"MF,FW",24.0,2001.0,8.0,,,,,,,14,,,,,,,,
FRA-Ligue 1,2526,Lens,Adrien Thomasson,FRA,MF,31.0,1993.0,29.8,,,,,,,121,,,,,,,,
FRA-Ligue 1,2526,Lens,Allan Saint-Maximin,FRA,MF,28.0,1997.0,4.6,,,,,,,24,,,,,,,,
FRA-Ligue 1,2526,Lens,Amadou Haidara,MLI,MF,27.0,1998.0,2.9,,,,,,,0,,,,,,,,
FRA-Ligue 1,2526,Lens,Andrija Bulatović,MNE,MF,18.0,2006.0,8.5,,,,,,,56,,,,,,,,
FRA-Ligue 1,2526,Lens,Andy Diouf,FRA,MF,22.0,2003.0,1.0,,,,,,,0,,,,,,,,
FRA-Ligue 1,2526,Lens,Anthony Bermont,FRA,FW,20.0,2005.0,1.2,,,,,,,11,,,,,,,,
FRA-Ligue 1,2526,Lens,Arthur Masuaku,COD,"DF,MF",31.0,1993.0,2.5,,,,,,,7,,,,,,,,
FRA-Ligue 1,2526,Lens,Deiver Machado,COL,MF,31.0,1993.0,3.0,,,,,,,4,,,,,,,,
FRA-Ligue 1,2526,Lens,Erawan Garnier,THA,DF,19.0,2006.0,0.1,,,,,,,2,,,,,,,,
FRA-Ligue 1,2526,Lens,Florian Sotoca,FRA,"MF,FW",34.0,1990.0,5.6,,,,,,,11,,,,,,,,
FRA-Ligue 1,2526,Lens,Florian Thauvin,FRA,MF,32.0,1993.0,27.1,,,,,,,202,,,,,,,,
FRA-Ligue 1,2526,Lens,Fodé Sylla,FRA,MF,19.0,2006.0,1.1,,,,,,,0,,,,,,,,
FRA-Ligue 1,2526,Lens,Ismaëlo Ganiou,FRA,DF,20.0,2005.0,22.4,,,,,,,17,,,,,,,,
FRA-Ligue 1,2526,Lens,Jonathan Gradit,FRA,DF,32.0,1992.0,9.0,,,,,,,3,,,,,,,,
FRA-Ligue 1,2526,Lens,Kyllian Antonio,FRA,DF,17.0,2008.0,2.1,,,,,,,2,,,,,,,,
FRA-Ligue 1,2526,Lens,Malang Sarr,FRA,DF,26.0,1999.0,32.5,,,,,,,10,,,,,,,,
FRA-Ligue 1,2526,Lens,Mamadou Sangare,MLI,MF,23.0,2002.0,25.8,,,,,,,7,,,,,,,,
FRA-Ligue 1,2526,Lens,Mathieu Gorgelin,FRA,GK,34.0,1990.0,1.0,,,,,,,0,,,,,,,,
FRA-Ligue 1,2526,Lens,Matthieu Udol,FRA,"MF,DF",29.0,1996.0,33.4,,,,,,,115,,,,,,,,
FRA-Ligue 1,2526,Lens,Mezian Soares,POR,MF,15.0,2009.0,0.1,,,,,,,0,,,,,,,,
FRA-Ligue 1,2526,Lens,Morgan Guilavogui,GUI,MF,27.0,1998.0,5.5,,,,,,,4,,,,,,,,
FRA-Ligue 1,2526,Lens,Nidal Čelik,BIH,DF,19.0,2006.0,6.8,,,,,,,1,,,,,,,,
FRA-Ligue 1,2526,Lens,Odsonne Édouard,FRA,FW,27.0,1998.0,20.0,,,,,,,1,,,,,,,,
FRA-Ligue 1,2526,Lens,Rayan Fofana,FRA,"FW,MF",19.0,2006.0,8.9,,,,,,,6,,,,,,,,
FRA-Ligue 1,2526,Lens,Robin Risser,FRA,GK,20.0,2004.0,33.0,,,,,,,0,,,,,,,,
FRA-Ligue 1,2526,Lens,Ruben Aguilar,FRA,MF,32.0,1993.0,19.1,,,,,,,86,,,,,,,,
FRA-Ligue 1,2526,Lens,Samson Baidoo,AUT,DF,21.0,2004.0,20.3,,,,,,,0,,,,,,,,
FRA-Ligue 1,2526,Lens,Saud Abdulhamid,KSA,MF,26.0,1999.0,15.0,,,,,,,47,,,,,,,,
FRA-Ligue 1,2526,Lens,Wesley Saïd,FRA,MF,30.0,1995.0,22.1,,,,,,,22,,,,,,,,
FRA-Ligue 1,2526,Lille,Alexsandro Ribeiro,BRA,DF,25.0,1999.0,5.7,,,,,,,1,,,,,,,,
FRA-Ligue 1,2526,Lille,André Gomes,POR,MF,32.0,1993.0,0.1,,,,,,,0,,,,,,,,
FRA-Ligue 1,2526,Lille,Arnaud Bodart,BEL,GK,27.0,1998.0,2.5,,,,,,,0,,,,,,,,
FRA-Ligue 1,2526,Lille,Ayyoub Bouaddi,MAR,MF,17.0,2007.0,25.8,,,,,,,20,,,,,,,,
FRA-Ligue 1,2526,Lille,Aïssa Mandi,ALG,DF,33.0,1991.0,26.9,,,,,,,10,,,,,,,,
FRA-Ligue 1,2526,Lille,Benjamin André,FRA,MF,34.0,1990.0,25.9,,,,,,,22,,,,,,,,
FRA-Ligue 1,2526,Lille,Berke Özer,TUR,GK,25.0,2000.0,31.5,,,,,,,0,,,,,,,,
FRA-Ligue 1,2526,Lille,Calvin Verdonk,IDN,DF,28.0,1997.0,8.8,,,,,,,30,,,,,,,,
FRA-Ligue 1,2526,Lille,Chancel Mbemba,COD,DF,30.0,1994.0,10.6,,,,,,,0,,,,,,,,
FRA-Ligue 1,2526,Lille,Ethan Mbappé,FRA,"MF,FW",18.0,2006.0,6.3,,,,,,,34,,,,,,,,
FRA-Ligue 1,2526,Lille,Félix Correia,POR,MF,24.0,2001.0,22.8,,,,,,,84,,,,,,,,
FRA-Ligue 1,2526,Lille,Gaëtan Perrin,FRA,"MF,FW",29.0,1996.0,3.8,,,,,,,35,,,,,,,,
FRA-Ligue 1,2526,Lille,Hamza Igamane,MAR,FW,22.0,2002.0,4.8,,,,,,,5,,,,,,,,
FRA-Ligue 1,2526,Lille,Hákon Haraldsson,ISL,MF,22.0,2003.0,27.3,,,,,,,75,,,,,,,,
FRA-Ligue 1,2526,Lille,Marius Broholm,NOR,MF,20.0,2004.0,3.1,,,,,,,14,,,,,,,,
FRA-Ligue 1,2526,Lille,Matias Fernandez-Pardo,BEL,"FW,MF",20.0,2005.0,26.3,,,,,,,57,,,,,,,,
FRA-Ligue 1,2526,Lille,Maxima Goffi,FRA,DF,17.0,2008.0,0.4,,,,,,,1,,,,,,,,
FRA-Ligue 1,2526,Lille,Nabil Bentaleb,ALG,MF,30.0,1994.0,14.3,,,,,,,24,,,,,,,,
FRA-Ligue 1,2526,Lille,Nathan Ngoy,BEL,DF,22.0,2003.0,26.7,,,,,,,6,,,,,,,,
FRA-Ligue 1,2526,Lille,Ngal'Ayel Mukau,COD,MF,20.0,2004.0,17.0,,,,,,,5,,,,,,,,
FRA-Ligue 1,2526,Lille,Noah Edjouma,FRA,MF,19.0,2005.0,1.0,,,,,,,6,,,,,,,,
FRA-Ligue 1,2526,Lille,Olivier Giroud,FRA,FW,38.0,1986.0,17.9,,,,,,,2,,,,,,,,
FRA-Ligue 1,2526,Lille,Osame Sahraoui,MAR,MF,24.0,2001.0,5.6,,,,,,,3,,,,,,,,
FRA-Ligue 1,2526,Lille,Ousmane Toure,FRA,DF,20.0,2005.0,0.6,,,,,,,0,,,,,,,,
FRA-Ligue 1,2526,Lille,Romain Perraud,FRA,DF,27.0,1997.0,24.9,,,,,,,127,,,,,,,,
FRA-Ligue 1,2526,Lille,Soriba Diaoune,FRA,MF,17.0,2007.0,2.1,,,,,,,5,,,,,,,,
FRA-Ligue 1,2526,Lille,Thomas Meunier,BEL,DF,33.0,1991.0,21.2,,,,,,,51,,,,,,,,
FRA-Ligue 1,2526,Lille,Tiago Santos,POR,DF,23.0,2002.0,7.9,,,,,,,32,,,,,,,,
FRA-Ligue 1,2526,Lille,Ugo Raghouber,FRA,MF,22.0,2003.0,0.0,,,,,,,0,,,,,,,,
FRA-Ligue 1,2526,Lille,Vincent Burlet,BEL,DF,19.0,2005.0,0.2,,,,,,,1,,,,,,,,
FRA-Ligue 1,2526,Lorient,Abdoulaye Faye,SEN,DF,20.0,2004.0,16.0,,,,,,,4,,,,,,,,
FRA-Ligue 1,2526,Lorient,Arsène Kouassi,BFA,MF,20.0,2004.0,28.9,,,,,,,119,,,,,,,,
FRA-Ligue 1,2526,Lorient,Arthur Avom,CMR,MF,20.0,2004.0,23.5,,,,,,,45,,,,,,,,
FRA-Ligue 1,2526,Lorient,Bamba Dieng,SEN,FW,25.0,2000.0,13.5,,,,,,,2,,,,,,,,
FRA-Ligue 1,2526,Lorient,Bamo Meïté,CIV,DF,23.0,2001.0,22.0,,,,,,,12,,,,,,,,
FRA-Ligue 1,2526,Lorient,Bingourou Kamara,SEN,GK,28.0,1996.0,3.0,,,,,,,0,,,,,,,,
FRA-Ligue 1,2526,Lorient,Daniel Xavier Semedo,FRA,MF,21.0,2003.0,0.1,,,,,,,0,,,,,,,,
FRA-Ligue 1,2526,Lorient,Darlin Yongwa,CMR,"DF,MF",24.0,2000.0,14.6,,,,,,,38,,,,,,,,
FRA-Ligue 1,2526,Lorient,Dermane Karim,TOG,MF,21.0,2003.0,15.2,,,,,,,17,,,,,,,,
FRA-Ligue 1,2526,Lorient,Formose Mendy,SEN,DF,24.0,2001.0,1.5,,,,,,,1,,,,,,,,
FRA-Ligue 1,2526,Lorient,Igor Carioca,BRA,DF,28.0,1996.0,13.5,,,,,,,21,,,,,,,,
FRA-Ligue 1,2526,Lorient,Jean-Victor Makengo,FRA,MF,27.0,1998.0,20.0,,,,,,,18,,,,,,,,
FRA-Ligue 1,2526,Lorient,Joel Mvuka,NOR,"MF,DF",22.0,2002.0,6.2,,,,,,,12,,,,,,,,
FRA-Ligue 1,2526,Lorient,Laurent Abergel,FRA,MF,32.0,1993.0,25.8,,,,,,,9,,,,,,,,
FRA-Ligue 1,2526,Lorient,Martin Nogoto Bley,BFA,MF,19.0,2006.0,0.0,,,,,,,0,,,,,,,,
FRA-Ligue 1,2526,Lorient,Mohamed Bamba,CIV,FW,23.0,2001.0,7.6,,,,,,,3,,,,,,,,
FRA-Ligue 1,2526,Lorient,Montassar Talbi,TUN,DF,27.0,1998.0,29.0,,,,,,,5,,,,,,,,
FRA-Ligue 1,2526,Lorient,Nathaniel Adjei,GHA,DF,22.0,2002.0,9.3,,,,,,,1,,,,,,,,
FRA-Ligue 1,2526,Lorient,Noah Cadiou,GLP,MF,26.0,1998.0,20.9,,,,,,,3,,,,,,,,
FRA-Ligue 1,2526,Lorient,Pablo Pagis,FRA,"MF,FW",22.0,2002.0,19.5,,,,,,,99,,,,,,,,
FRA-Ligue 1,2526,Lorient,Panos Katseris,GRE,"MF,DF",24.0,2001.0,8.3,,,,,,,43,,,,,,,,
FRA-Ligue 1,2526,Lorient,Sambou Soumano,SEN,FW,24.0,2001.0,10.5,,,,,,,0,,,,,,,,
FRA-Ligue 1,2526,Lorient,Souleymane Touré,FRA,DF,22.0,2003.0,0.3,,,,,,,0,,,,,,,,
FRA-Ligue 1,2526,Lorient,Théo Le Bris,FRA,MF,22.0,2002.0,21.0,,,,,,,81,,,,,,,,
FRA-Ligue 1,2526,Lorient,Tosin Aiyegun,BEN,"FW,MF",27.0,1998.0,11.9,,,,,,,6,,,,,,,,
FRA-Ligue 1,2526,Lorient,Yvon Mvogo,SUI,GK,31.0,1994.0,31.0,,,,,,,0,,,,,,,,
FRA-Ligue 1,2526,Lyon,Abner,BRA,"DF,MF",25.0,2000.0,23.9,,,,,,,61,,,,,,,,
FRA-Ligue 1,2526,Lyon,Adam Karabec,CZE,"MF,FW",22.0,2003.0,10.2,,,,,,,80,,,,,,,,
FRA-Ligue 1,2526,Lyon,Adil Hamdani,FRA,MF,16.0,2009.0,0.3,,,,,,,4,,,,,,,,
FRA-Ligue 1,2526,Lyon,Afonso Moreira,POR,"MF,FW",20.0,2005.0,19.1,,,,,,,119,,,,,,,,
FRA-Ligue 1,2526,Lyon,Ainsley Maitland-Niles,ENG,"DF,MF",27.0,1997.0,27.6,,,,,,,44,,,,,,,,
FRA-Ligue 1,2526,Lyon,Clinton Mata,ANG,DF,32.0,1992.0,31.5,,,,,,,20,,,,,,,,
FRA-Ligue 1,2526,Lyon,Corentin Tolisso,FRA,MF,30.0,1994.0,25.6,,,,,,,49,,,,,,,,
FRA-Ligue 1,2526,Lyon,Dominik Greif,SVK,GK,28.0,1997.0,29.0,,,,,,,0,,,,,,,,
FRA-Ligue 1,2526,Lyon,Endrick,BRA,"FW,MF",19.0,2006.0,13.5,,,,,,,52,,,,,,,,
FRA-Ligue 1,2526,Lyon,Enzo Molebe,FRA,FW,17.0,2007.0,0.1,,,,,,,0,,,,,,,,
FRA-Ligue 1,2526,Lyon,Ernest Nuamah,GHA,"FW,MF",21.0,2003.0,0.4,,,,,,,2,,,,,,,,
FRA-Ligue 1,2526,Lyon,Georges Mikautadze,GEO,FW,24.0,2000.0,2.0,,,,,,,0,,,,,,,,
FRA-Ligue 1,2526,Lyon,Hans Hateboer,NED,"DF,MF",31.0,1994.0,8.2,,,,,,,22,,,,,,,,
FRA-Ligue 1,2526,Lyon,Khalis Merah,FRA,"MF,FW",18.0,2007.0,12.6,,,,,,,13,,,,,,,,
FRA-Ligue 1,2526,Lyon,Malick Fofana,BEL,"MF,FW",20.0,2005.0,8.3,,,,,,,29,,,,,,,,
FRA-Ligue 1,2526,Lyon,Martin Satriano,URU,FW,24.0,2001.0,7.7,,,,,,,5,,,,,,,,
FRA-Ligue 1,2526,Lyon,Mathys De Carvalho,FRA,MF,20.0,2005.0,3.3,,,,,,,2,,,,,,,,
FRA-Ligue 1,2526,Lyon,Moussa Niakhaté,SEN,DF,29.0,1996.0,30.7,,,,,,,6,,,,,,,,
FRA-Ligue 1,2526,Lyon,Nicolás Tagliafico,ARG,DF,32.0,1992.0,14.6,,,,,,,20,,,,,,,,
FRA-Ligue 1,2526,Lyon,Noah Nartey,DEN,"MF,FW",19.0,2005.0,6.1,,,,,,,5,,,,,,,,
FRA-Ligue 1,2526,Lyon,Noham Kamara,FRA,DF,18.0,2007.0,0.1,,,,,,,0,,,,,,,,
FRA-Ligue 1,2526,Lyon,Orel Mangala,BEL,MF,27.0,1998.0,4.6,,,,,,,3,,,,,,,,
FRA-Ligue 1,2526,Lyon,Pavel Šulc,CZE,"FW,MF",24.0,2000.0,17.4,,,,,,,13,,,,,,,,
FRA-Ligue 1,2526,Lyon,Rachid Ghezzal,ALG,"MF,FW",33.0,1992.0,2.5,,,,,,,15,,,,,,,,
FRA-Ligue 1,2526,Lyon,Roman Yaremchuk,UKR,FW,29.0,1995.0,6.2,,,,,,,1,,,,,,,,
FRA-Ligue 1,2526,Lyon,Ruben Kluivert,NED,DF,24.0,2001.0,8.6,,,,,,,1,,,,,,,,
FRA-Ligue 1,2526,Lyon,Rémi Himbert,FRA,FW,17.0,2008.0,1.5,,,,,,,2,,,,,,,,
FRA-Ligue 1,2526,Lyon,Rémy Descamps,FRA,GK,29.0,1996.0,5.0,,,,,,,0,,,,,,,,
FRA-Ligue 1,2526,Lyon,Sael Kumbedi,FRA,DF,20.0,2005.0,0.7,,,,,,,1,,,,,,,,
FRA-Ligue 1,2526,Lyon,Steeve Kango,FRA,DF,18.0,2006.0,0.9,,,,,,,7,,,,,,,,
FRA-Ligue 1,2526,Lyon,Tanner Tessmann,USA,MF,23.0,2001.0,21.7,,,,,,,17,,,,,,,,
FRA-Ligue 1,2526,Lyon,Tyler Morton,ENG,MF,22.0,2002.0,28.0,,,,,,,83,,,,,,,,
FRA-Ligue 1,2526,Marseille,Adrien Rabiot,FRA,MF,30.0,1995.0,1.0,,,,,,,9,,,,,,,,
FRA-Ligue 1,2526,Marseille,Amine Gouiri,ALG,"FW,MF",25.0,2000.0,14.7,,,,,,,37,,,,,,,,
FRA-Ligue 1,2526,Marseille,Angel Gomes,ENG,MF,24.0,2000.0,9.9,,,,,,,7,,,,,,,,
FRA-Ligue 1,2526,Marseille,Arthur Vermeeren,BEL,MF,20.0,2005.0,9.2,,,,,,,3,,,,,,,,
FRA-Ligue 1,2526,Marseille,Benjamin Pavard,FRA,DF,29.0,1996.0,21.4,,,,,,,17,,,,,,,,
FRA-Ligue 1,2526,Marseille,Bilal Nadir,MAR,MF,21.0,2003.0,6.6,,,,,,,10,,,,,,,,
FRA-Ligue 1,2526,Marseille,CJ Egan-Riley,ENG,"DF,MF",22.0,2003.0,6.9,,,,,,,1,,,,,,,,
FRA-Ligue 1,2526,Marseille,Darryl Bakola,FRA,MF,17.0,2007.0,0.8,,,,,,,1,,,,,,,,
FRA-Ligue 1,2526,Marseille,Derek Cornelius,CAN,"DF,FW",27.0,1997.0,0.6,,,,,,,0,,,,,,,,
FRA-Ligue 1,2526,Marseille,Emerson Palmieri,ITA,"DF,MF",30.0,1994.0,23.5,,,,,,,122,,,,,,,,
FRA-Ligue 1,2526,Marseille,Emmanuel Lago,CIV,FW,20.0,2004.0,0.5,,,,,,,1,,,,,,,,
FRA-Ligue 1,2526,Marseille,Ethan Nwaneri,ENG,MF,18.0,2007.0,3.6,,,,,,,9,,,,,,,,
FRA-Ligue 1,2526,Marseille,Facundo Medina,ARG,DF,26.0,1999.0,15.2,,,,,,,13,,,,,,,,
FRA-Ligue 1,2526,Marseille,Geoffrey Kondogbia,CTA,"MF,DF",32.0,1993.0,6.5,,,,,,,1,,,,,,,,
FRA-Ligue 1,2526,Marseille,Gerónimo Rulli,ARG,GK,33.0,1992.0,29.0,,,,,,,0,,,,,,,,
FRA-Ligue 1,2526,Marseille,Hamed Junior Traorè,CIV,MF,25.0,2000.0,6.9,,,,,,,33,,,,,,,,
FRA-Ligue 1,2526,Marseille,Hilan Hamzaoui,FRA,DF,19.0,2006.0,0.0,,,,,,,0,,,,,,,,
FRA-Ligue 1,2526,Marseille,Himad Abdelli,ALG,MF,25.0,1999.0,1.5,,,,,,,1,,,,,,,,
FRA-Ligue 1,2526,Marseille,Igor Paixão,BRA,MF,25.0,2000.0,21.9,,,,,,,57,,,,,,,,
FRA-Ligue 1,2526,Marseille,Jeffrey De Lange,NED,GK,27.0,1998.0,5.0,,,,,,,0,,,,,,,,
FRA-Ligue 1,2526,Marseille,Jonathan Rowe,ENG,FW,22.0,2003.0,0.7,,,,,,,4,,,,,,,,
FRA-Ligue 1,2526,Marseille,Leonardo Balerdi,ARG,DF,26.0,1999.0,22.2,,,,,,,2,,,,,,,,
FRA-Ligue 1,2526,Marseille,Mason Greenwood,ENG,MF,23.0,2001.0,27.4,,,,,,,112,,,,,,,,
FRA-Ligue 1,2526,Marseille,Matt O'Riley,DEN,MF,24.0,2000.0,8.2,,,,,,,7,,,,,,,,
FRA-Ligue 1,2526,Marseille,Michael Amir Murillo,PAN,"DF,MF",29.0,1996.0,11.0,,,,,,,28,,,,,,,,
FRA-Ligue 1,2526,Marseille,Nayef Aguerd,MAR,DF,29.0,1996.0,15.5,,,,,,,2,,,,,,,,
FRA-Ligue 1,2526,Marseille,Neal Maupay,FRA,"FW,MF",28.0,1996.0,0.0,,,,,,,0,,,,,,,,
FRA-Ligue 1,2526,Marseille,Nouhoum Kamissoko,MLI,MF,20.0,2004.0,0.3,,,,,,,0,,,,,,,,
FRA-Ligue 1,2526,Marseille,Pierre Højbjerg,DEN,MF,29.0,1995.0,30.1,,,,,,,10,,,,,,,,
FRA-Ligue 1,2526,Marseille,Pierre-Emerick Aubameyang,GAB,FW,36.0,1989.0,22.7,,,,,,,30,,,,,,,,
FRA-Ligue 1,2526,Marseille,Pol Lirola,ESP,"DF,MF",27.0,1997.0,0.4,,,,,,,2,,,,,,,,
FRA-Ligue 1,2526,Marseille,Quinten Timber,NED,MF,24.0,2001.0,12.3,,,,,,,7,,,,,,,,
FRA-Ligue 1,2526,Marseille,Robinio Vaz,FRA,FW,18.0,2007.0,4.2,,,,,,,4,,,,,,,,
FRA-Ligue 1,2526,Marseille,Tadjidine Mmadi,FRA,FW,18.0,2007.0,0.5,,,,,,,2,,,,,,,,
FRA-Ligue 1,2526,Marseille,Timothy Weah,USA,"MF,DF",25.0,2000.0,25.0,,,,,,,62,,,,,,,,
FRA-Ligue 1,2526,Marseille,Tochukwu Nnadi,NGA,"MF,DF",22.0,2003.0,3.9,,,,,,,6,,,,,,,,
FRA-Ligue 1,2526,Marseille,Ugo Lamare,FRA,FW,18.0,2007.0,0.2,,,,,,,0,,,,,,,,
FRA-Ligue 1,2526,Marseille,Ulisses Garcia,SUI,"MF,DF",29.0,1996.0,2.3,,,,,,,1,,,,,,,,
FRA-Ligue 1,2526,Metz,Alpha Touré,SEN,MF,19.0,2006.0,17.8,,,,,,,13,,,,,,,,
FRA-Ligue 1,2526,Metz,Believe Munongo,FRA,MF,15.0,2009.0,4.8,,,,,,,2,,,,,,,,
FRA-Ligue 1,2526,Metz,Benjamin Stambouli,FRA,MF,34.0,1990.0,10.7,,,,,,,8,,,,,,,,
FRA-Ligue 1,2526,Metz,Boubacar Traoré,MLI,MF,23.0,2001.0,15.4,,,,,,,2,,,,,,,,
FRA-Ligue 1,2526,Metz,Bouna Sarr,SEN,"MF,DF",33.0,1992.0,9.9,,,,,,,31,,,,,,,,
FRA-Ligue 1,2526,Metz,Brian Madjo,LUX,FW,16.0,2009.0,1.7,,,,,,,0,,,,,,,,
FRA-Ligue 1,2526,Metz,Cheikh Tidiane Sabaly,SEN,"MF,FW",26.0,1999.0,10.7,,,,,,,14,,,,,,,,
FRA-Ligue 1,2526,Metz,Cléo Melieres,FRA,FW,20.0,2005.0,0.3,,,,,,,3,,,,,,,,
FRA-Ligue 1,2526,Metz,Fodé Ballo-Touré,SEN,"DF,MF",28.0,1997.0,9.3,,,,,,,16,,,,,,,,
FRA-Ligue 1,2526,Metz,Gauthier Hein,FRA,"MF,FW",28.0,1996.0,26.1,,,,,,,147,,,,,,,,
FRA-Ligue 1,2526,Metz,Giorgi Abuashvili,GEO,"MF,FW",22.0,2003.0,7.8,,,,,,,38,,,,,,,,
FRA-Ligue 1,2526,Metz,Giorgi Kvilitaia,GEO,FW,31.0,1993.0,5.5,,,,,,,0,,,,,,,,
FRA-Ligue 1,2526,Metz,Habib Diallo,SEN,FW,30.0,1995.0,21.2,,,,,,,4,,,,,,,,
FRA-Ligue 1,2526,Metz,Heorhii Tsitaishvili,GEO,"MF,DF",24.0,2000.0,27.2,,,,,,,160,,,,,,,,
FRA-Ligue 1,2526,Metz,Ibou Sané,SEN,"FW,MF",20.0,2005.0,6.0,,,,,,,14,,,,,,,,
FRA-Ligue 1,2526,Metz,Idrissa Guèye,SEN,FW,18.0,2006.0,1.5,,,,,,,0,,,,,,,,
FRA-Ligue 1,2526,Metz,Ismaël Guerti,FRA,FW,21.0,2004.0,0.3,,,,,,,1,,,,,,,,
FRA-Ligue 1,2526,Metz,Jahyann Pandore,FRA,MF,17.0,2007.0,1.0,,,,,,,3,,,,,,,,
FRA-Ligue 1,2526,Metz,Jean-Philippe Gbamin,CIV,"DF,MF",29.0,1995.0,27.6,,,,,,,5,,,,,,,,
FRA-Ligue 1,2526,Metz,Jessy Deminguet,FRA,MF,27.0,1998.0,22.2,,,,,,,19,,,,,,,,
FRA-Ligue 1,2526,Metz,Joel Asoro,SWE,FW,26.0,1999.0,2.5,,,,,,,1,,,,,,,,
FRA-Ligue 1,2526,Metz,Jonathan Fischer,DEN,GK,23.0,2001.0,26.2,,,,,,,0,,,,,,,,
FRA-Ligue 1,2526,Metz,Joseph Nduquidi,FRA,MF,20.0,2004.0,0.1,,,,,,,1,,,,,,,,
FRA-Ligue 1,2526,Metz,Koffi Kouao,CIV,"DF,MF",27.0,1998.0,25.2,,,,,,,59,,,,,,,,
FRA-Ligue 1,2526,Metz,Lucas Michal,FRA,MF,20.0,2005.0,2.4,,,,,,,1,,,,,,,,
FRA-Ligue 1,2526,Metz,Malick Mbaye,SEN,MF,21.0,2004.0,3.3,,,,,,,8,,,,,,,,
FRA-Ligue 1,2526,Metz,Maxime Colin,FRA,DF,33.0,1991.0,18.8,,,,,,,12,,,,,,,,
FRA-Ligue 1,2526,Metz,Michel Mboula,GAB,"DF,MF",22.0,2003.0,8.3,,,,,,,8,,,,,,,,
FRA-Ligue 1,2526,Metz,Morgan Bokelé Mputu,CMR,MF,21.0,2004.0,2.5,,,,,,,5,,,,,,,,
FRA-Ligue 1,2526,Metz,Nathan Mbala,,"MF,FW",17.0,2008.0,4.9,,,,,,,36,,,,,,,,
FRA-Ligue 1,2526,Metz,Pape Mamadou Sy,SEN,GK,28.0,1997.0,7.8,,,,,,,0,,,,,,,,
FRA-Ligue 1,2526,Metz,Sadibou Sané,SEN,DF,21.0,2004.0,21.6,,,,,,,4,,,,,,,,
FRA-Ligue 1,2526,Metz,Terry Yegbe,GHA,DF,24.0,2001.0,21.8,,,,,,,5,,,,,,,,
FRA-Ligue 1,2526,Monaco,Aladji Bamba,FRA,MF,19.0,2006.0,9.1,,,,,,,4,,,,,,,,
FRA-Ligue 1,2526,Monaco,Aleksandr Golovin,RUS,MF,29.0,1996.0,18.3,,,,,,,37,,,,,,,,
FRA-Ligue 1,2526,Monaco,Ansu Fati,ESP,"MF,FW",22.0,2002.0,12.1,,,,,,,8,,,,,,,,
FRA-Ligue 1,2526,Monaco,Caio Henrique,BRA,"DF,MF",28.0,1997.0,17.1,,,,,,,90,,,,,,,,
FRA-Ligue 1,2526,Monaco,Christian Mawissa,FRA,"DF,MF",20.0,2005.0,13.2,,,,,,,5,,,,,,,,
FRA-Ligue 1,2526,Monaco,Denis Zakaria,SUI,"DF,MF",28.0,1996.0,22.6,,,,,,,11,,,,,,,,
FRA-Ligue 1,2526,Monaco,Eliesse Ben Seghir,MAR,MF,20.0,2005.0,0.5,,,,,,,1,,,,,,,,
FRA-Ligue 1,2526,Monaco,Eric Dier,ENG,DF,31.0,1994.0,7.6,,,,,,,2,,,,,,,,
FRA-Ligue 1,2526,Monaco,Folarin Balogun,USA,FW,24.0,2001.0,24.8,,,,,,,14,,,,,,,,
FRA-Ligue 1,2526,Monaco,George Ilenikhena,NGA,FW,18.0,2006.0,4.3,,,,,,,0,,,,,,,,
FRA-Ligue 1,2526,Monaco,Ilane Touré,FRA,MF,18.0,2006.0,0.4,,,,,,,4,,,,,,,,
FRA-Ligue 1,2526,Monaco,Jordan Teze,NED,"MF,DF",25.0,1999.0,27.7,,,,,,,64,,,,,,,,
FRA-Ligue 1,2526,Monaco,Kassoum Ouattara,FRA,"MF,DF",20.0,2004.0,10.7,,,,,,,50,,,,,,,,
FRA-Ligue 1,2526,Monaco,Krépin Diatta,SEN,"MF,DF",26.0,1999.0,11.3,,,,,,,39,,,,,,,,
FRA-Ligue 1,2526,Monaco,Lamine Camara,SEN,MF,21.0,2004.0,20.5,,,,,,,101,,,,,,,,
FRA-Ligue 1,2526,Monaco,Lucas Michal,FRA,FW,20.0,2005.0,0.7,,,,,,,3,,,,,,,,
FRA-Ligue 1,2526,Monaco,Lukáš Hrádecký,FIN,GK,35.0,1989.0,16.0,,,,,,,0,,,,,,,,
FRA-Ligue 1,2526,Monaco,Maghnes Akliouche,FRA,"MF,FW",23.0,2002.0,26.7,,,,,,,53,,,,,,,,
FRA-Ligue 1,2526,Monaco,Mamadou Coulibaly,FRA,MF,21.0,2004.0,15.3,,,,,,,15,,,,,,,,
FRA-Ligue 1,2526,Monaco,Mika Biereth,DEN,FW,22.0,2003.0,11.9,,,,,,,9,,,,,,,,
FRA-Ligue 1,2526,Monaco,Mohammed Salisu,GHA,DF,26.0,1999.0,12.0,,,,,,,0,,,,,,,,
FRA-Ligue 1,2526,Monaco,Pape Cabral,FRA,MF,18.0,2007.0,0.9,,,,,,,0,,,,,,,,
FRA-Ligue 1,2526,Monaco,Paris Brunner,GER,FW,19.0,2006.0,1.5,,,,,,,1,,,,,,,,
FRA-Ligue 1,2526,Monaco,Paul Pogba,FRA,MF,32.0,1993.0,1.3,,,,,,,1,,,,,,,,
FRA-Ligue 1,2526,Monaco,Philipp Köhn,SUI,GK,27.0,1998.0,18.0,,,,,,,0,,,,,,,,
FRA-Ligue 1,2526,Monaco,Samuel Nibombé,BEL,DF,17.0,2007.0,0.0,,,,,,,0,,,,,,,,
FRA-Ligue 1,2526,Monaco,Simon Adingra,CIV,"MF,FW",23.0,2002.0,9.5,,,,,,,29,,,,,,,,
FRA-Ligue 1,2526,Monaco,Stanis Idumbo,BEL,MF,20.0,2005.0,1.9,,,,,,,1,,,,,,,,
FRA-Ligue 1,2526,Monaco,Takumi Minamino,JPN,MF,30.0,1995.0,10.5,,,,,,,8,,,,,,,,
FRA-Ligue 1,2526,Monaco,Thilo Kehrer,GER,DF,28.0,1996.0,26.1,,,,,,,5,,,,,,,,
FRA-Ligue 1,2526,Monaco,Vanderson,BRA,"DF,MF",24.0,2001.0,6.8,,,,,,,33,,,,,,,,
FRA-Ligue 1,2526,Monaco,Wout Faes,BEL,DF,27.0,1998.0,12.7,,,,,,,1,,,,,,,,
FRA-Ligue 1,2526,Nantes,Abakar Sylla,CIV,DF,22.0,2002.0,0.7,,,,,,,0,,,,,,,,
FRA-Ligue 1,2526,Nantes,Ali Yousuf,LBY,DF,24.0,2001.0,10.8,,,,,,,1,,,,,,,,
FRA-Ligue 1,2526,Nantes,Amady Camara,MLI,FW,20.0,2005.0,1.9,,,,,,,17,,,,,,,,
FRA-Ligue 1,2526,Nantes,Anthony Lopes,POR,GK,34.0,1990.0,31.0,,,,,,,0,,,,,,,,
FRA-Ligue 1,2526,Nantes,Bahereba Guirassy,FRA,"FW,MF",18.0,2006.0,9.1,,,,,,,24,,,,,,,,
FRA-Ligue 1,2526,Nantes,Bahmed Deuff,MTN,MF,19.0,2006.0,2.8,,,,,,,1,,,,,,,,
FRA-Ligue 1,2526,Nantes,Chidozie Awaziem,NGA,DF,28.0,1997.0,24.8,,,,,,,2,,,,,,,,
FRA-Ligue 1,2526,Nantes,Dehmaine Assoumani,FRA,MF,20.0,2005.0,14.2,,,,,,,88,,,,,,,,
FRA-Ligue 1,2526,Nantes,Deiver Machado,COL,"DF,MF",31.0,1993.0,10.1,,,,,,,22,,,,,,,,
FRA-Ligue 1,2526,Nantes,Fabien Centonze,FRA,"MF,DF",29.0,1996.0,8.2,,,,,,,30,,,,,,,,
FRA-Ligue 1,2526,Nantes,Francis Coquelin,FRA,MF,34.0,1991.0,7.3,,,,,,,1,,,,,,,,
FRA-Ligue 1,2526,Nantes,Frederic Guilbert,FRA,"DF,MF",30.0,1994.0,6.7,,,,,,,17,,,,,,,,
FRA-Ligue 1,2526,Nantes,Hong Hyunseok,KOR,MF,26.0,1999.0,3.2,,,,,,,14,,,,,,,,
FRA-Ligue 1,2526,Nantes,Ibrahima Sissoko,MLI,"MF,DF",27.0,1997.0,8.9,,,,,,,6,,,,,,,,
FRA-Ligue 1,2526,Nantes,Ignatius Ganago,CMR,FW,26.0,1999.0,9.3,,,,,,,9,,,,,,,,
FRA-Ligue 1,2526,Nantes,Johann Lepenant,FRA,MF,22.0,2002.0,24.1,,,,,,,73,,,,,,,,
FRA-Ligue 1,2526,Nantes,Junior Mwanga,FRA,MF,22.0,2003.0,14.0,,,,,,,5,,,,,,,,
FRA-Ligue 1,2526,Nantes,Kelvin Amian,FRA,DF,27.0,1998.0,21.8,,,,,,,29,,,,,,,,
FRA-Ligue 1,2526,Nantes,Kwon Hyeokkyu,KOR,MF,24.0,2001.0,8.4,,,,,,,1,,,,,,,,
FRA-Ligue 1,2526,Nantes,Louis Leroux,FRA,"MF,DF",19.0,2006.0,16.0,,,,,,,30,,,,,,,,
FRA-Ligue 1,2526,Nantes,Mathieu Acapandié,MAD,"DF,MF",20.0,2004.0,2.9,,,,,,,11,,,,,,,,
FRA-Ligue 1,2526,Nantes,Matthis Abline,FRA,"FW,MF",22.0,2003.0,27.7,,,,,,,62,,,,,,,,
FRA-Ligue 1,2526,Nantes,Mayckel Lahdo,SWE,"FW,MF",22.0,2002.0,4.6,,,,,,,1,,,,,,,,
FRA-Ligue 1,2526,Nantes,Mohamed Kaba,GUI,MF,23.0,2001.0,10.2,,,,,,,2,,,,,,,,
FRA-Ligue 1,2526,Nantes,Mostafa Mohamed,EGY,FW,27.0,1997.0,12.8,,,,,,,9,,,,,,,,
FRA-Ligue 1,2526,Nantes,Nicolas Cozza,FRA,DF,26.0,1999.0,25.6,,,,,,,22,,,,,,,,
FRA-Ligue 1,2526,Nantes,Patrik Carlgren,SWE,GK,33.0,1992.0,2.0,,,,,,,0,,,,,,,,
FRA-Ligue 1,2526,Nantes,Rémy Cabella,FRA,"MF,FW",35.0,1990.0,6.4,,,,,,,37,,,,,,,,
FRA-Ligue 1,2526,Nantes,Sékou Doucoure,FRA,DF,20.0,2005.0,0.5,,,,,,,0,,,,,,,,
FRA-Ligue 1,2526,Nantes,Tylel Tati,FRA,DF,17.0,2008.0,19.1,,,,,,,1,,,,,,,,
FRA-Ligue 1,2526,Nantes,Uroš Radaković,SRB,DF,31.0,1994.0,1.1,,,,,,,0,,,,,,,,
FRA-Ligue 1,2526,Nantes,Yassine Benhattab,FRA,"MF,FW",22.0,2002.0,5.3,,,,,,,25,,,,,,,,
FRA-Ligue 1,2526,Nantes,Youssef El-Arabi,MAR,FW,38.0,1987.0,10.5,,,,,,,2,,,,,,,,
FRA-Ligue 1,2526,Nice,Abdulai Juma Bah,SLE,DF,19.0,2006.0,21.8,,,,,,,0,,,,,,,,
FRA-Ligue 1,2526,Nice,Ali Abdi,TUN,"MF,DF",31.0,1993.0,13.2,,,,,,,33,,,,,,,,
FRA-Ligue 1,2526,Nice,Antoine Mendy,SEN,DF,21.0,2004.0,23.3,,,,,,,21,,,,,,,,
FRA-Ligue 1,2526,Nice,Badredine Bouanani,ALG,MF,20.0,2004.0,1.0,,,,,,,5,,,,,,,,
FRA-Ligue 1,2526,Nice,Bernard Nguene,CMR,FW,18.0,2006.0,1.5,,,,,,,1,,,,,,,,
FRA-Ligue 1,2526,Nice,Bilal Brahimi,ALG,"FW,MF",25.0,2000.0,0.0,,,,,,,2,,,,,,,,
FRA-Ligue 1,2526,Nice,Brad Mantsounga,CGO,DF,17.0,2007.0,1.0,,,,,,,0,,,,,,,,
FRA-Ligue 1,2526,Nice,Charles Vanhoutte,BEL,MF,26.0,1998.0,19.7,,,,,,,13,,,,,,,,
FRA-Ligue 1,2526,Nice,Dante,BRA,DF,41.0,1983.0,9.4,,,,,,,0,,,,,,,,
FRA-Ligue 1,2526,Nice,Djibril Coulibaly,FRA,MF,16.0,2008.0,0.1,,,,,,,0,,,,,,,,
FRA-Ligue 1,2526,Nice,Elye Wahi,CIV,FW,22.0,2003.0,10.2,,,,,,,9,,,,,,,,
FRA-Ligue 1,2526,Nice,Everton Pereira,FRA,MF,18.0,2007.0,1.5,,,,,,,0,,,,,,,,
FRA-Ligue 1,2526,Nice,Gabin Bernardeau,FRA,MF,19.0,2006.0,1.1,,,,,,,5,,,,,,,,
FRA-Ligue 1,2526,Nice,Hamza Koutoune,MAR,DF,18.0,2006.0,0.0,,,,,,,1,,,,,,,,
FRA-Ligue 1,2526,Nice,Hicham Boudaoui,ALG,MF,25.0,1999.0,18.8,,,,,,,19,,,,,,,,
FRA-Ligue 1,2526,Nice,Isak Jansson,SWE,"FW,MF",23.0,2002.0,7.2,,,,,,,16,,,,,,,,
FRA-Ligue 1,2526,Nice,Jeremie Boga,CIV,"MF,FW",28.0,1997.0,7.2,,,,,,,12,,,,,,,,
FRA-Ligue 1,2526,Nice,Jonathan Clauss,FRA,"MF,DF",32.0,1992.0,28.1,,,,,,,223,,,,,,,,
FRA-Ligue 1,2526,Nice,Kaïl Boudache,FRA,"MF,FW",19.0,2006.0,5.9,,,,,,,8,,,,,,,,
FRA-Ligue 1,2526,Nice,Kevin Carlos,ESP,FW,24.0,2001.0,9.8,,,,,,,3,,,,,,,,
FRA-Ligue 1,2526,Nice,Kojo Peprah Oppong,GHA,DF,21.0,2004.0,26.9,,,,,,,5,,,,,,,,
FRA-Ligue 1,2526,Nice,Maxime Dupé,FRA,GK,32.0,1993.0,8.0,,,,,,,0,,,,,,,,
FRA-Ligue 1,2526,Nice,Melvin Bard,FRA,"DF,MF",24.0,2000.0,26.6,,,,,,,77,,,,,,,,
FRA-Ligue 1,2526,Nice,Mohamed Ali Cho,FRA,"FW,MF",21.0,2004.0,18.5,,,,,,,39,,,,,,,,
FRA-Ligue 1,2526,Nice,Morgan Sanson,FRA,MF,30.0,1994.0,19.7,,,,,,,39,,,,,,,,
FRA-Ligue 1,2526,Nice,Moïse Bombito,CAN,DF,25.0,2000.0,1.6,,,,,,,0,,,,,,,,
FRA-Ligue 1,2526,Nice,Pablo Rosario,DOM,"DF,MF",28.0,1997.0,0.3,,,,,,,0,,,,,,,,
FRA-Ligue 1,2526,Nice,Salis Abdul Samed,GHA,MF,25.0,2000.0,10.1,,,,,,,2,,,,,,,,
FRA-Ligue 1,2526,Nice,Sofiane Diop,MAR,"MF,FW",25.0,2000.0,23.7,,,,,,,37,,,,,,,,
FRA-Ligue 1,2526,Nice,Tanguy Ndombele,FRA,MF,28.0,1996.0,3.1,,,,,,,1,,,,,,,,
FRA-Ligue 1,2526,Nice,Terem Moffi,NGA,FW,26.0,1999.0,5.4,,,,,,,0,,,,,,,,
FRA-Ligue 1,2526,Nice,Tiago Gouveia,POR,MF,24.0,2001.0,5.9,,,,,,,4,,,,,,,,
FRA-Ligue 1,2526,Nice,Tom Louchet,FRA,MF,22.0,2003.0,15.2,,,,,,,51,,,,,,,,
FRA-Ligue 1,2526,Nice,Yehvann Diouf,SEN,GK,25.0,1999.0,26.0,,,,,,,0,,,,,,,,
FRA-Ligue 1,2526,Nice,Youssouf Ndayishimiye,BDI,MF,26.0,1998.0,0.8,,,,,,,0,,,,,,,,
FRA-Ligue 1,2526,Nice,Zoumana Diallo,FRA,FW,20.0,2005.0,0.1,,,,,,,0,,,,,,,,
FRA-Ligue 1,2526,PSG,Achraf Hakimi,MAR,DF,26.0,1998.0,15.3,,,,,,,43,,,,,,,,
FRA-Ligue 1,2526,PSG,Bradley Barcola,FRA,FW,22.0,2002.0,19.4,,,,,,,26,,,,,,,,
FRA-Ligue 1,2526,PSG,Dimitri Lucea,FRA,DF,18.0,2007.0,0.7,,,,,,,0,,,,,,,,
FRA-Ligue 1,2526,PSG,Dro Fernández,ESP,MF,17.0,2008.0,7.6,,,,,,,4,,,,,,,,
FRA-Ligue 1,2526,PSG,Désiré Doué,FRA,"FW,MF",20.0,2005.0,15.0,,,,,,,56,,,,,,,,
FRA-Ligue 1,2526,PSG,Fabián Ruiz Peña,ESP,MF,29.0,1996.0,12.6,,,,,,,21,,,,,,,,
FRA-Ligue 1,2526,PSG,Gonçalo Ramos,POR,FW,24.0,2001.0,14.6,,,,,,,1,,,,,,,,
FRA-Ligue 1,2526,PSG,Ibrahim Mbaye,SEN,"FW,MF",17.0,2008.0,11.2,,,,,,,16,,,,,,,,
FRA-Ligue 1,2526,PSG,Illia Zabarnyi,UKR,DF,22.0,2002.0,26.5,,,,,,,0,,,,,,,,
FRA-Ligue 1,2526,PSG,João Neves,POR,MF,20.0,2004.0,14.3,,,,,,,4,,,,,,,,
FRA-Ligue 1,2526,PSG,Khvicha Kvaratskhelia,GEO,FW,24.0,2001.0,16.4,,,,,,,43,,,,,,,,
FRA-Ligue 1,2526,PSG,Lee Kang-in,KOR,"MF,FW",24.0,2001.0,16.9,,,,,,,113,,,,,,,,
FRA-Ligue 1,2526,PSG,Lucas Beraldo,BRA,"DF,MF",21.0,2003.0,17.4,,,,,,,2,,,,,,,,
FRA-Ligue 1,2526,PSG,Lucas Chevalier,FRA,GK,23.0,2001.0,17.0,,,,,,,0,,,,,,,,
FRA-Ligue 1,2526,PSG,Lucas Hernández,FRA,DF,29.0,1996.0,19.4,,,,,,,16,,,,,,,,
FRA-Ligue 1,2526,PSG,Marquinhos,BRA,DF,31.0,1994.0,11.7,,,,,,,3,,,,,,,,
FRA-Ligue 1,2526,PSG,Mathis Jangeal,FRA,FW,17.0,2008.0,0.1,,,,,,,0,,,,,,,,
FRA-Ligue 1,2526,PSG,Matvei Safonov,RUS,GK,26.0,1999.0,15.0,,,,,,,0,,,,,,,,
FRA-Ligue 1,2526,PSG,Noah Nsoki,FRA,MF,18.0,2007.0,0.1,,,,,,,0,,,,,,,,
FRA-Ligue 1,2526,PSG,Nuno Mendes,POR,DF,23.0,2002.0,14.0,,,,,,,44,,,,,,,,
FRA-Ligue 1,2526,PSG,Ousmane Dembélé,FRA,FW,28.0,1997.0,11.8,,,,,,,49,,,,,,,,
FRA-Ligue 1,2526,PSG,Pierre Mounguengue,FRA,FW,17.0,2008.0,0.2,,,,,,,0,,,,,,,,
FRA-Ligue 1,2526,PSG,Quentin Ndjantou,FRA,MF,18.0,2007.0,4.0,,,,,,,4,,,,,,,,
FRA-Ligue 1,2526,PSG,Renato Marin,ITA,GK,19.0,2006.0,2.0,,,,,,,0,,,,,,,,
FRA-Ligue 1,2526,PSG,Senny Mayulu,FRA,"MF,FW",19.0,2006.0,18.6,,,,,,,27,,,,,,,,
FRA-Ligue 1,2526,PSG,Vitinha,POR,MF,25.0,2000.0,23.5,,,,,,,21,,,,,,,,
FRA-Ligue 1,2526,PSG,Warren Zaïre-Emery,FRA,"DF,MF",19.0,2006.0,27.2,,,,,,,15,,,,,,,,
FRA-Ligue 1,2526,PSG,Willian Pacho,ECU,DF,23.0,2001.0,21.3,,,,,,,0,,,,,,,,
FRA-Ligue 1,2526,Paris,Adama Camara,FRA,"MF,DF",28.0,1996.0,24.0,,,,,,,14,,,,,,,,
FRA-Ligue 1,2526,Paris,Alimami Gory,MLI,"MF,DF",28.0,1996.0,10.9,,,,,,,10,,,,,,,,
FRA-Ligue 1,2526,Paris,Ciro Immobile,ITA,FW,35.0,1990.0,7.8,,,,,,,3,,,,,,,,
FRA-Ligue 1,2526,Paris,Diego Coppola,ITA,DF,21.0,2003.0,13.0,,,,,,,0,,,,,,,,
FRA-Ligue 1,2526,Paris,Hamari Traoré,MLI,DF,33.0,1992.0,12.8,,,,,,,27,,,,,,,,
FRA-Ligue 1,2526,Paris,Ilan Kebbal,ALG,"MF,FW",27.0,1998.0,24.7,,,,,,,110,,,,,,,,
FRA-Ligue 1,2526,Paris,Jean-Philippe Krasso,CIV,FW,28.0,1997.0,12.1,,,,,,,4,,,,,,,,
FRA-Ligue 1,2526,Paris,Jonathan Ikone,FRA,"MF,FW",27.0,1998.0,12.2,,,,,,,7,,,,,,,,
FRA-Ligue 1,2526,Paris,Julien López,ALG,"FW,MF",33.0,1992.0,0.5,,,,,,,1,,,,,,,,
FRA-Ligue 1,2526,Paris,Kevin Trapp,GER,GK,35.0,1990.0,22.0,,,,,,,0,,,,,,,,
FRA-Ligue 1,2526,Paris,Lohann Doucet,BFA,MF,22.0,2002.0,1.3,,,,,,,0,,,,,,,,
FRA-Ligue 1,2526,Paris,Luca Koleosho,ITA,MF,20.0,2004.0,6.2,,,,,,,15,,,,,,,,
FRA-Ligue 1,2526,Paris,Marshall Munetsi,ZIM,MF,29.0,1996.0,10.8,,,,,,,0,,,,,,,,
FRA-Ligue 1,2526,Paris,Mathieu Cafaro,FRA,FW,28.0,1997.0,1.7,,,,,,,7,,,,,,,,
FRA-Ligue 1,2526,Paris,Maxime Lopez,FRA,MF,27.0,1997.0,21.8,,,,,,,83,,,,,,,,
FRA-Ligue 1,2526,Paris,Mohamed Benoit Dao,FRA,FW,18.0,2007.0,0.0,,,,,,,1,,,,,,,,
FRA-Ligue 1,2526,Paris,Moses Simon,NGA,"MF,FW",30.0,1995.0,22.2,,,,,,,143,,,,,,,,
FRA-Ligue 1,2526,Paris,Moustapha Mbow,SEN,DF,25.0,2000.0,30.2,,,,,,,2,,,,,,,,
FRA-Ligue 1,2526,Paris,Nhoa Sangui,FRA,DF,19.0,2006.0,19.3,,,,,,,37,,,,,,,,
FRA-Ligue 1,2526,Paris,Nouha Dicko,MLI,"FW,MF",33.0,1992.0,0.8,,,,,,,2,,,,,,,,
FRA-Ligue 1,2526,Paris,Obed Nkambadio,FRA,GK,22.0,2003.0,12.0,,,,,,,0,,,,,,,,
FRA-Ligue 1,2526,Paris,Otavio Ataide,BRA,DF,23.0,2002.0,21.1,,,,,,,6,,,,,,,,
FRA-Ligue 1,2526,Paris,Pierre Lees-Melou,FRA,MF,32.0,1993.0,19.8,,,,,,,13,,,,,,,,
FRA-Ligue 1,2526,Paris,Pierre-Yves Hamel,FRA,FW,31.0,1994.0,0.9,,,,,,,0,,,,,,,,
FRA-Ligue 1,2526,Paris,Rudy Matondo,FRA,MF,17.0,2008.0,8.3,,,,,,,8,,,,,,,,
FRA-Ligue 1,2526,Paris,Samir Chergui,ALG,DF,26.0,1999.0,12.8,,,,,,,6,,,,,,,,
FRA-Ligue 1,2526,Paris,Thibault De Smet,BEL,DF,27.0,1998.0,12.7,,,,,,,26,,,,,,,,
FRA-Ligue 1,2526,Paris,Timothée Kolodziejczak,FRA,DF,33.0,1991.0,7.4,,,,,,,0,,,,,,,,
FRA-Ligue 1,2526,Paris,Tuomas Ollila,FIN,DF,25.0,2000.0,3.4,,,,,,,9,,,,,,,,
FRA-Ligue 1,2526,Paris,Vincent Marchetti,FRA,MF,28.0,1997.0,9.2,,,,,,,1,,,,,,,,
FRA-Ligue 1,2526,Paris,Willem Geubbels,FRA,FW,23.0,2001.0,11.3,,,,,,,9,,,,,,,,
FRA-Ligue 1,2526,Rennes,Abdelhamid Ait Boudlal,MAR,DF,19.0,2006.0,15.6,,,,,,,2,,,,,,,,
FRA-Ligue 1,2526,Rennes,Alexander Legendre,ECU,MF,17.0,2008.0,0.5,,,,,,,3,,,,,,,,
FRA-Ligue 1,2526,Rennes,Alidu Seidu,GHA,DF,25.0,2000.0,13.2,,,,,,,11,,,,,,,,
FRA-Ligue 1,2526,Rennes,Anthony Rouault,FRA,DF,24.0,2001.0,19.2,,,,,,,0,,,,,,,,
FRA-Ligue 1,2526,Rennes,Arnaud Nordin,FRA,"FW,MF",27.0,1998.0,6.3,,,,,,,18,,,,,,,,
FRA-Ligue 1,2526,Rennes,Bertuğ Yıldırım,TUR,FW,23.0,2002.0,0.0,,,,,,,0,,,,,,,,
FRA-Ligue 1,2526,Rennes,Breel Embolo,SUI,FW,28.0,1997.0,20.8,,,,,,,7,,,,,,,,
FRA-Ligue 1,2526,Rennes,Brice Samba,FRA,GK,31.0,1994.0,32.0,,,,,,,0,,,,,,,,
FRA-Ligue 1,2526,Rennes,Christopher Wooh,CMR,DF,23.0,2001.0,0.7,,,,,,,0,,,,,,,,
FRA-Ligue 1,2526,Rennes,Djaoui Cissé,FRA,MF,21.0,2004.0,10.9,,,,,,,27,,,,,,,,
FRA-Ligue 1,2526,Rennes,Esteban Lepaul,FRA,FW,25.0,2000.0,27.9,,,,,,,17,,,,,,,,
FRA-Ligue 1,2526,Rennes,Fabian Rieder,SUI,MF,23.0,2002.0,1.5,,,,,,,1,,,,,,,,
FRA-Ligue 1,2526,Rennes,Glen Kamara,FIN,MF,29.0,1995.0,0.7,,,,,,,0,,,,,,,,
FRA-Ligue 1,2526,Rennes,Hans Hateboer,NED,"DF,MF",31.0,1994.0,0.2,,,,,,,0,,,,,,,,
FRA-Ligue 1,2526,Rennes,Henrick Do Marcolino,FRA,FW,19.0,2006.0,0.0,,,,,,,0,,,,,,,,
FRA-Ligue 1,2526,Rennes,Ibrahim Salah,MAR,MF,23.0,2001.0,0.4,,,,,,,0,,,,,,,,
FRA-Ligue 1,2526,Rennes,Jérémy Jacquet,FRA,DF,20.0,2005.0,18.6,,,,,,,0,,,,,,,,
FRA-Ligue 1,2526,Rennes,Kader Meïté,FRA,FW,17.0,2007.0,5.9,,,,,,,3,,,,,,,,
FRA-Ligue 1,2526,Rennes,Lilian Brassier,FRA,DF,25.0,1999.0,25.0,,,,,,,23,,,,,,,,
FRA-Ligue 1,2526,Rennes,Lucas Rosier,FRA,FW,18.0,2007.0,0.0,,,,,,,0,,,,,,,,
FRA-Ligue 1,2526,Rennes,Ludovic Blas,FRA,"MF,FW",27.0,1997.0,17.2,,,,,,,93,,,,,,,,
FRA-Ligue 1,2526,Rennes,Mahamadou Nagida,CMR,DF,20.0,2005.0,8.9,,,,,,,20,,,,,,,,
FRA-Ligue 1,2526,Rennes,Mahdi Camara,FRA,MF,27.0,1998.0,29.5,,,,,,,28,,,,,,,,
FRA-Ligue 1,2526,Rennes,Mathys Silestrie,FRA,GK,19.0,2005.0,2.0,,,,,,,0,,,,,,,,
FRA-Ligue 1,2526,Rennes,Mikayil Ngor Faye,SEN,MF,21.0,2004.0,0.1,,,,,,,0,,,,,,,,
FRA-Ligue 1,2526,Rennes,Musa Al-Taamari,JOR,"MF,FW",28.0,1997.0,24.6,,,,,,,86,,,,,,,,
FRA-Ligue 1,2526,Rennes,Nordan Mukiele,FRA,MF,19.0,2006.0,1.1,,,,,,,2,,,,,,,,
FRA-Ligue 1,2526,Rennes,Przemysław Frankowski,POL,"MF,DF",30.0,1995.0,13.4,,,,,,,82,,,,,,,,
FRA-Ligue 1,2526,Rennes,Quentin Merlin,FRA,"DF,MF",23.0,2002.0,28.1,,,,,,,156,,,,,,,,
FRA-Ligue 1,2526,Rennes,Sebastian Szymański,POL,MF,26.0,1999.0,8.6,,,,,,,56,,,,,,,,
FRA-Ligue 1,2526,Rennes,Seko Fofana,CIV,MF,30.0,1995.0,7.3,,,,,,,7,,,,,,,,
FRA-Ligue 1,2526,Rennes,Valentin Rongier,FRA,MF,30.0,1994.0,30.5,,,,,,,21,,,,,,,,
FRA-Ligue 1,2526,Rennes,Yassir Zabiri,MAR,MF,20.0,2005.0,0.5,,,,,,,1,,,,,,,,
FRA-Ligue 1,2526,Strasbourg,Aaron Anselmino,ARG,DF,20.0,2005.0,0.2,,,,,,,0,,,,,,,,
FRA-Ligue 1,2526,Strasbourg,Abakar Sylla,CIV,DF,22.0,2002.0,0.0,,,,,,,0,,,,,,,,
FRA-Ligue 1,2526,Strasbourg,Abdoul Ouattara,FRA,"MF,DF",19.0,2005.0,19.6,,,,,,,19,,,,,,,,
FRA-Ligue 1,2526,Strasbourg,Amadou Cissé,GUI,DF,19.0,2006.0,1.0,,,,,,,0,,,,,,,,
FRA-Ligue 1,2526,Strasbourg,Andrew Omobamidele,IRL,DF,23.0,2002.0,15.1,,,,,,,0,,,,,,,,
FRA-Ligue 1,2526,Strasbourg,Ben Chilwell,ENG,"DF,MF",28.0,1996.0,17.8,,,,,,,30,,,,,,,,
FRA-Ligue 1,2526,Strasbourg,David Datro Fofana,CIV,FW,22.0,2002.0,1.9,,,,,,,0,,,,,,,,
FRA-Ligue 1,2526,Strasbourg,Diego Moreira,BEL,MF,20.0,2004.0,22.6,,,,,,,89,,,,,,,,
FRA-Ligue 1,2526,Strasbourg,Dilane Bakwa,FRA,"FW,MF",22.0,2002.0,1.2,,,,,,,8,,,,,,,,
FRA-Ligue 1,2526,Strasbourg,Emanuel Emegha,NED,FW,22.0,2003.0,4.9,,,,,,,0,,,,,,,,
FRA-Ligue 1,2526,Strasbourg,Félix Lemaréchal,FRA,"MF,FW",21.0,2003.0,6.2,,,,,,,15,,,,,,,,
FRA-Ligue 1,2526,Strasbourg,Gessime Yassine,MAR,MF,19.0,2005.0,5.7,,,,,,,18,,,,,,,,
FRA-Ligue 1,2526,Strasbourg,Guéla Doué,CIV,"DF,MF",22.0,2002.0,22.9,,,,,,,52,,,,,,,,
FRA-Ligue 1,2526,Strasbourg,Idrissa Sabaly,FRA,MF,17.0,2007.0,0.6,,,,,,,2,,,,,,,,
FRA-Ligue 1,2526,Strasbourg,Ismaël Doukouré,FRA,"DF,MF",22.0,2003.0,23.0,,,,,,,3,,,,,,,,
FRA-Ligue 1,2526,Strasbourg,Jean-Baptiste Bosey,FRA,FW,17.0,2008.0,0.0,,,,,,,0,,,,,,,,
FRA-Ligue 1,2526,Strasbourg,Joaquín Panichelli,ARG,FW,22.0,2002.0,24.4,,,,,,,0,,,,,,,,
FRA-Ligue 1,2526,Strasbourg,Julio Enciso,PAR,"MF,FW",21.0,2004.0,20.9,,,,,,,61,,,,,,,,
FRA-Ligue 1,2526,Strasbourg,Junior Mwanga,FRA,"DF,MF",22.0,2003.0,4.2,,,,,,,4,,,,,,,,
FRA-Ligue 1,2526,Strasbourg,Karl-Johan Johnsson,SWE,GK,35.0,1990.0,1.0,,,,,,,0,,,,,,,,
FRA-Ligue 1,2526,Strasbourg,Kendry Páez,ECU,"MF,FW",18.0,2007.0,4.7,,,,,,,18,,,,,,,,
FRA-Ligue 1,2526,Strasbourg,Lucas Høgsberg,DEN,DF,19.0,2006.0,19.9,,,,,,,0,,,,,,,,
FRA-Ligue 1,2526,Strasbourg,Mamadou Sarr,SEN,DF,19.0,2005.0,14.5,,,,,,,0,,,,,,,,
FRA-Ligue 1,2526,Strasbourg,Martial Godo,CIV,MF,22.0,2003.0,17.6,,,,,,,31,,,,,,,,
FRA-Ligue 1,2526,Strasbourg,Mathis Amougou,FRA,MF,19.0,2006.0,4.5,,,,,,,2,,,,,,,,
FRA-Ligue 1,2526,Strasbourg,Max Oyedele,POL,"MF,DF",20.0,2004.0,5.0,,,,,,,0,,,,,,,,
FRA-Ligue 1,2526,Strasbourg,Mike Penders,BEL,GK,20.0,2005.0,33.0,,,,,,,0,,,,,,,,
FRA-Ligue 1,2526,Strasbourg,Rabby Nzingoula,FRA,MF,19.0,2005.0,0.6,,,,,,,2,,,,,,,,
FRA-Ligue 1,2526,Strasbourg,Rafael Gonçalves,POR,"MF,DF",20.0,2005.0,6.5,,,,,,,4,,,,,,,,
FRA-Ligue 1,2526,Strasbourg,Samir El Mourabet,MAR,MF,19.0,2005.0,23.6,,,,,,,18,,,,,,,,
FRA-Ligue 1,2526,Strasbourg,Samuel Amo-Ameyaw,ENG,"MF,DF",19.0,2006.0,11.6,,,,,,,50,,,,,,,,
FRA-Ligue 1,2526,Strasbourg,Sebastian Nanasi,SWE,MF,23.0,2002.0,11.7,,,,,,,24,,,,,,,,
FRA-Ligue 1,2526,Strasbourg,Tyrese Noubissié,FRA,MF,16.0,2009.0,0.6,,,,,,,1,,,,,,,,
FRA-Ligue 1,2526,Strasbourg,Valentín Barco,ARG,MF,21.0,2004.0,24.1,,,,,,,103,,,,,,,,
FRA-Ligue 1,2526,Strasbourg,Yaya Diémé,SEN,FW,17.0,2007.0,1.7,,,,,,,1,,,,,,,,
FRA-Ligue 1,2526,Toulouse,Alexis Vossah,FRA,MF,17.0,2008.0,12.1,,,,,,,6,,,,,,,,
FRA-Ligue 1,2526,Toulouse,Aron Dønnum,NOR,MF,27.0,1998.0,26.9,,,,,,,140,,,,,,,,
FRA-Ligue 1,2526,Toulouse,Charlie Cresswell,ENG,DF,22.0,2002.0,28.1,,,,,,,2,,,,,,,,
FRA-Ligue 1,2526,Toulouse,Cristian Cásseres Jr.,VEN,MF,25.0,2000.0,27.7,,,,,,,98,,,,,,,,
FRA-Ligue 1,2526,Toulouse,Dayann Methalie,FRA,MF,19.0,2006.0,20.8,,,,,,,43,,,,,,,,
FRA-Ligue 1,2526,Toulouse,Djibril Sidibé,FRA,"MF,DF",33.0,1992.0,23.8,,,,,,,57,,,,,,,,
FRA-Ligue 1,2526,Toulouse,Emersonn,BRA,FW,21.0,2004.0,16.7,,,,,,,8,,,,,,,,
FRA-Ligue 1,2526,Toulouse,Francis Abu,GHA,MF,24.0,2001.0,5.8,,,,,,,0,,,,,,,,
FRA-Ligue 1,2526,Toulouse,Frank Magri,CMR,"FW,MF",25.0,1999.0,13.9,,,,,,,15,,,,,,,,
FRA-Ligue 1,2526,Toulouse,Guillaume Restes,FRA,GK,20.0,2005.0,32.7,,,,,,,0,,,,,,,,
FRA-Ligue 1,2526,Toulouse,Ilyas Azizi,FRA,FW,17.0,2008.0,0.3,,,,,,,2,,,,,,,,
FRA-Ligue 1,2526,Toulouse,Jacen Russell-Rowe,CAN,FW,22.0,2002.0,5.2,,,,,,,3,,,,,,,,
FRA-Ligue 1,2526,Toulouse,Jaydee Canvot,FRA,"MF,DF",19.0,2006.0,2.0,,,,,,,0,,,,,,,,
FRA-Ligue 1,2526,Toulouse,Julián Vignolo,ARG,MF,18.0,2006.0,2.2,,,,,,,10,,,,,,,,
FRA-Ligue 1,2526,Toulouse,Kjetil Haug,NOR,GK,27.0,1998.0,0.3,,,,,,,0,,,,,,,,
FRA-Ligue 1,2526,Toulouse,Mario Sauer,SVK,MF,21.0,2004.0,7.2,,,,,,,7,,,,,,,,
FRA-Ligue 1,2526,Toulouse,Mark McKenzie,USA,DF,26.0,1999.0,26.7,,,,,,,4,,,,,,,,
FRA-Ligue 1,2526,Toulouse,Mathis Saka,FRA,FW,18.0,2006.0,0.1,,,,,,,0,,,,,,,,
FRA-Ligue 1,2526,Toulouse,Noah Edjouma,FRA,FW,19.0,2005.0,2.8,,,,,,,12,,,,,,,,
FRA-Ligue 1,2526,Toulouse,Pape Demba Diop,SEN,MF,21.0,2003.0,13.1,,,,,,,14,,,,,,,,
FRA-Ligue 1,2526,Toulouse,Rafik Messali,FRA,MF,22.0,2003.0,5.6,,,,,,,9,,,,,,,,
FRA-Ligue 1,2526,Toulouse,Rasmus Nicolaisen,DEN,DF,28.0,1997.0,28.5,,,,,,,2,,,,,,,,
FRA-Ligue 1,2526,Toulouse,Santiago Hidalgo,ARG,"MF,FW",20.0,2005.0,14.5,,,,,,,12,,,,,,,,
FRA-Ligue 1,2526,Toulouse,Seny Koumbassa,FRA,DF,18.0,2007.0,4.9,,,,,,,0,,,,,,,,
FRA-Ligue 1,2526,Toulouse,Warren Kamanzi,NOR,MF,24.0,2000.0,9.7,,,,,,,12,,,,,,,,
FRA-Ligue 1,2526,Toulouse,Yann Gboho,FRA,"MF,FW",24.0,2001.0,28.9,,,,,,,33,,,,,,,,
ITA-Serie A,2425,Atalanta,Ademola Lookman,NGA,"MF,FW",26.0,1997.0,25.0,,,,,,,123,,,,,,,,
ITA-Serie A,2425,Atalanta,Alberto Manzoni,ITA,MF,19.0,2005.0,0.1,,,,,,,0,,,,,,,,
ITA-Serie A,2425,Atalanta,Ben Godfrey,ENG,"DF,MF",26.0,1998.0,0.3,,,,,,,0,,,,,,,,
ITA-Serie A,2425,Atalanta,Berat Djimsiti,ALB,DF,31.0,1993.0,29.3,,,,,,,11,,,,,,,,
ITA-Serie A,2425,Atalanta,Charles De Ketelaere,BEL,"MF,FW",23.0,2001.0,23.0,,,,,,,54,,,,,,,,
ITA-Serie A,2425,Atalanta,Daniel Maldini,ITA,MF,22.0,2001.0,2.9,,,,,,,5,,,,,,,,
ITA-Serie A,2425,Atalanta,Davide Zappacosta,ITA,MF,32.0,1992.0,23.0,,,,,,,95,,,,,,,,
ITA-Serie A,2425,Atalanta,Federico Cassa,ITA,MF,18.0,2006.0,0.2,,,,,,,0,,,,,,,,
ITA-Serie A,2425,Atalanta,Gianluca Scamacca,ITA,FW,25.0,1999.0,0.1,,,,,,,0,,,,,,,,
ITA-Serie A,2425,Atalanta,Giorgio Scalvini,ITA,DF,20.0,2003.0,3.0,,,,,,,0,,,,,,,,
ITA-Serie A,2425,Atalanta,Ibrahim Sulemana,GHA,MF,21.0,2003.0,3.1,,,,,,,0,,,,,,,,
ITA-Serie A,2425,Atalanta,Isak Hien,SWE,DF,25.0,1999.0,25.9,,,,,,,1,,,,,,,,
ITA-Serie A,2425,Atalanta,Juan Cuadrado,COL,"MF,FW",36.0,1988.0,9.2,,,,,,,56,,,,,,,,
ITA-Serie A,2425,Atalanta,Juan Musso,ARG,GK,30.0,1994.0,1.0,,,,,,,0,,,,,,,,
ITA-Serie A,2425,Atalanta,Lazar Samardzic,SRB,MF,22.0,2002.0,13.0,,,,,,,60,,,,,,,,
ITA-Serie A,2425,Atalanta,Marco Brescianini,ITA,MF,24.0,2000.0,11.0,,,,,,,19,,,,,,,,
ITA-Serie A,2425,Atalanta,Marco Carnesecchi,ITA,GK,24.0,2000.0,34.0,,,,,,,0,,,,,,,,
ITA-Serie A,2425,Atalanta,Marco Palestra,ITA,MF,19.0,2005.0,2.5,,,,,,,11,,,,,,,,
ITA-Serie A,2425,Atalanta,Mario Pašalić,CRO,MF,29.0,1995.0,21.9,,,,,,,11,,,,,,,,
ITA-Serie A,2425,Atalanta,Marten de Roon,NED,"MF,DF",33.0,1991.0,34.0,,,,,,,28,,,,,,,,
ITA-Serie A,2425,Atalanta,Mateo Retegui,ITA,FW,25.0,1999.0,26.5,,,,,,,14,,,,,,,,
ITA-Serie A,2425,Atalanta,Matteo Ruggeri,ITA,"MF,DF",22.0,2002.0,19.5,,,,,,,82,,,,,,,,
ITA-Serie A,2425,Atalanta,Mitchel Bakker,NED,"DF,MF",24.0,2000.0,0.2,,,,,,,1,,,,,,,,
ITA-Serie A,2425,Atalanta,Nicolò Zaniolo,ITA,"FW,MF",25.0,1999.0,4.0,,,,,,,4,,,,,,,,
ITA-Serie A,2425,Atalanta,Odilon Kossounou,CIV,DF,23.0,2001.0,12.5,,,,,,,3,,,,,,,,
ITA-Serie A,2425,Atalanta,Rafael Tolói,ITA,DF,33.0,1990.0,5.2,,,,,,,2,,,,,,,,
ITA-Serie A,2425,Atalanta,Raoul Bellanova,ITA,MF,24.0,2000.0,26.7,,,,,,,155,,,,,,,,
ITA-Serie A,2425,Atalanta,Rui Patrício,POR,GK,36.0,1988.0,3.0,,,,,,,0,,,,,,,,
ITA-Serie A,2425,Atalanta,Sead Kolašinac,BIH,DF,31.0,1993.0,21.1,,,,,,,10,,,,,,,,
ITA-Serie A,2425,Atalanta,Stefan Posch,AUT,DF,27.0,1997.0,4.3,,,,,,,5,,,,,,,,
ITA-Serie A,2425,Atalanta,Vanja Vlahović,SRB,MF,20.0,2004.0,0.7,,,,,,,0,,,,,,,,
ITA-Serie A,2425,Atalanta,Éderson Silva,BRA,MF,25.0,1999.0,32.0,,,,,,,23,,,,,,,,
ITA-Serie A,2425,Bologna,Babis Lykogiannis,GRE,DF,30.0,1993.0,11.6,,,,,,,105,,,,,,,,
ITA-Serie A,2425,Bologna,Benjamín Domínguez,ARG,MF,20.0,2003.0,14.2,,,,,,,11,,,,,,,,
ITA-Serie A,2425,Bologna,Dan Ndoye,SUI,"MF,FW",23.0,2000.0,23.8,,,,,,,43,,,,,,,,
ITA-Serie A,2425,Bologna,Davide Calabria,ITA,DF,27.0,1996.0,7.0,,,,,,,16,,,,,,,,
ITA-Serie A,2425,Bologna,Emil Holm,SWE,DF,24.0,2000.0,12.6,,,,,,,42,,,,,,,,
ITA-Serie A,2425,Bologna,Estanis,ESP,FW,20.0,2003.0,0.1,,,,,,,0,,,,,,,,
ITA-Serie A,2425,Bologna,Federico Ravaglia,ITA,GK,24.0,1999.0,11.7,,,,,,,0,,,,,,,,
ITA-Serie A,2425,Bologna,Giovanni Fabbian,ITA,MF,21.0,2003.0,11.4,,,,,,,8,,,,,,,,
ITA-Serie A,2425,Bologna,Jens Odgaard,DEN,MF,25.0,1999.0,21.7,,,,,,,23,,,,,,,,
ITA-Serie A,2425,Bologna,Jesper Karlsson,SWE,"MF,FW",26.0,1998.0,3.3,,,,,,,4,,,,,,,,
ITA-Serie A,2425,Bologna,Jhon Lucumí,COL,DF,26.0,1998.0,29.0,,,,,,,4,,,,,,,,
ITA-Serie A,2425,Bologna,Juan Miranda,ESP,DF,24.0,2000.0,25.3,,,,,,,212,,,,,,,,
ITA-Serie A,2425,Bologna,Kacper Urbanski,POL,MF,19.0,2004.0,2.7,,,,,,,8,,,,,,,,
ITA-Serie A,2425,Bologna,Lewis Ferguson,SCO,MF,24.0,1999.0,10.9,,,,,,,17,,,,,,,,
ITA-Serie A,2425,Bologna,Lorenzo De Silvestri,ITA,DF,36.0,1988.0,11.8,,,,,,,23,,,,,,,,
ITA-Serie A,2425,Bologna,Martin Erlić,CRO,DF,26.0,1998.0,3.7,,,,,,,0,,,,,,,,
ITA-Serie A,2425,Bologna,Michel Aebischer,SUI,MF,27.0,1997.0,8.0,,,,,,,13,,,,,,,,
ITA-Serie A,2425,Bologna,Nicolò Cambiaghi,ITA,"MF,FW",23.0,2000.0,6.9,,,,,,,47,,,,,,,,
ITA-Serie A,2425,Bologna,Nicolò Casale,ITA,DF,26.0,1998.0,10.0,,,,,,,0,,,,,,,,
ITA-Serie A,2425,Bologna,Nikola Moro,CRO,MF,26.0,1998.0,13.4,,,,,,,33,,,,,,,,
ITA-Serie A,2425,Bologna,Oussama El Azzouzi,MAR,MF,23.0,2001.0,0.2,,,,,,,0,,,,,,,,
ITA-Serie A,2425,Bologna,Remo Freuler,SUI,MF,32.0,1992.0,35.6,,,,,,,20,,,,,,,,
ITA-Serie A,2425,Bologna,Riccardo Orsolini,ITA,"MF,FW",27.0,1997.0,20.9,,,,,,,70,,,,,,,,
ITA-Serie A,2425,Bologna,Sam Beukema,NED,DF,25.0,1998.0,33.5,,,,,,,8,,,,,,,,
ITA-Serie A,2425,Bologna,Samuel Iling-Junior,ENG,MF,20.0,2003.0,1.3,,,,,,,9,,,,,,,,
ITA-Serie A,2425,Bologna,Santiago Castro,ARG,FW,19.0,2004.0,25.5,,,,,,,9,,,,,,,,
ITA-Serie A,2425,Bologna,Stefan Posch,AUT,DF,27.0,1997.0,7.9,,,,,,,18,,,,,,,,
ITA-Serie A,2425,Bologna,Thijs Dallinga,NED,FW,23.0,2000.0,12.8,,,,,,,2,,,,,,,,
ITA-Serie A,2425,Bologna,Tommaso Pobega,ITA,MF,25.0,1999.0,13.1,,,,,,,8,,,,,,,,
ITA-Serie A,2425,Bologna,Łukasz Skorupski,POL,GK,33.0,1991.0,26.3,,,,,,,0,,,,,,,,
ITA-Serie A,2425,Cagliari,Adam Obert,SVK,"DF,MF",21.0,2002.0,12.0,,,,,,,10,,,,,,,,
ITA-Serie A,2425,Cagliari,Alen Sherri,ALB,GK,26.0,1997.0,6.9,,,,,,,0,,,,,,,,
ITA-Serie A,2425,Cagliari,Alessandro Deiola,ITA,MF,28.0,1995.0,15.9,,,,,,,14,,,,,,,,
ITA-Serie A,2425,Cagliari,Antoine Makoumbou,CGO,MF,26.0,1998.0,23.9,,,,,,,7,,,,,,,,
ITA-Serie A,2425,Cagliari,Elia Caprile,ITA,GK,22.0,2001.0,18.0,,,,,,,0,,,,,,,,
ITA-Serie A,2425,Cagliari,Florinel Coman,ROU,"MF,FW",26.0,1998.0,2.9,,,,,,,2,,,,,,,,
ITA-Serie A,2425,Cagliari,Gabriele Zappa,ITA,DF,24.0,1999.0,34.0,,,,,,,73,,,,,,,,
ITA-Serie A,2425,Cagliari,Gianluca Gaetano,ITA,"MF,FW",24.0,2000.0,11.2,,,,,,,23,,,,,,,,
ITA-Serie A,2425,Cagliari,Gianluca Lapadula,PER,FW,34.0,1990.0,3.4,,,,,,,3,,,,,,,,
ITA-Serie A,2425,Cagliari,Giuseppe Ciocci,ITA,GK,22.0,2002.0,0.1,,,,,,,0,,,,,,,,
ITA-Serie A,2425,Cagliari,José Luis Palomino,ARG,DF,34.0,1990.0,12.0,,,,,,,0,,,,,,,,
ITA-Serie A,2425,Cagliari,Kingstone Mutandwa,ZAM,FW,21.0,2003.0,1.4,,,,,,,1,,,,,,,,
ITA-Serie A,2425,Cagliari,Leonardo Pavoletti,ITA,FW,35.0,1988.0,4.9,,,,,,,0,,,,,,,,
ITA-Serie A,2425,Cagliari,Mateusz Wieteska,POL,DF,27.0,1997.0,2.0,,,,,,,0,,,,,,,,
ITA-Serie A,2425,Cagliari,Matteo Prati,ITA,MF,20.0,2003.0,6.3,,,,,,,5,,,,,,,,
ITA-Serie A,2425,Cagliari,Mattia Felici,ITA,MF,23.0,2001.0,10.3,,,,,,,25,,,,,,,,
ITA-Serie A,2425,Cagliari,Michel Ndary Adopo,FRA,MF,24.0,2000.0,26.8,,,,,,,8,,,,,,,,
ITA-Serie A,2425,Cagliari,Nadir Zortea,ITA,MF,25.0,1999.0,30.1,,,,,,,119,,,,,,,,
ITA-Serie A,2425,Cagliari,Nicola Pintus,ITA,DF,19.0,2005.0,0.0,,,,,,,0,,,,,,,,
ITA-Serie A,2425,Cagliari,Nicolas Viola,ITA,"MF,FW",34.0,1989.0,14.1,,,,,,,80,,,,,,,,
ITA-Serie A,2425,Cagliari,Paulo Azzi,BRA,MF,30.0,1994.0,4.7,,,,,,,22,,,,,,,,
ITA-Serie A,2425,Cagliari,Roberto Piccoli,ITA,FW,23.0,2001.0,34.7,,,,,,,8,,,,,,,,
ITA-Serie A,2425,Cagliari,Răzvan Marin,ROU,MF,28.0,1996.0,15.6,,,,,,,77,,,,,,,,
ITA-Serie A,2425,Cagliari,Sebastiano Luperto,ITA,DF,27.0,1996.0,36.0,,,,,,,8,,,,,,,,
ITA-Serie A,2425,Cagliari,Simone Scuffet,ITA,GK,28.0,1996.0,13.0,,,,,,,0,,,,,,,,
ITA-Serie A,2425,Cagliari,Tommaso Augello,ITA,"MF,DF",29.0,1994.0,30.1,,,,,,,208,,,,,,,,
ITA-Serie A,2425,Cagliari,Yerry Mina,COL,DF,29.0,1994.0,28.5,,,,,,,1,,,,,,,,
ITA-Serie A,2425,Cagliari,Zito Luvumbo,ANG,"FW,MF",22.0,2002.0,17.8,,,,,,,65,,,,,,,,
ITA-Serie A,2425,Como,Alberto Cerri,ITA,FW,28.0,1996.0,1.0,,,,,,,0,,,,,,,,
ITA-Serie A,2425,Como,Alberto Dossena,ITA,DF,25.0,1998.0,20.3,,,,,,,1,,,,,,,,
ITA-Serie A,2425,Como,Alberto Moreno,ESP,DF,32.0,1992.0,19.2,,,,,,,49,,,,,,,,
ITA-Serie A,2425,Como,Alessandro Gabrielloni,ITA,FW,30.0,1994.0,1.6,,,,,,,1,,,,,,,,
ITA-Serie A,2425,Como,Alessio Iovine,ITA,DF,33.0,1991.0,4.3,,,,,,,17,,,,,,,,
ITA-Serie A,2425,Como,Ali Jasim,IRQ,MF,20.0,2004.0,0.1,,,,,,,1,,,,,,,,
ITA-Serie A,2425,Como,Alieu Fadera,GAM,MF,22.0,2001.0,18.3,,,,,,,39,,,,,,,,
ITA-Serie A,2425,Como,Anastasios Douvikas,GRE,FW,24.0,1999.0,6.4,,,,,,,2,,,,,,,,
ITA-Serie A,2425,Como,Andrea Belotti,ITA,FW,30.0,1993.0,6.6,,,,,,,5,,,,,,,,
ITA-Serie A,2425,Como,Assane Diao,SEN,"MF,FW",18.0,2005.0,13.9,,,,,,,12,,,,,,,,
ITA-Serie A,2425,Como,Ben Lhassine Kone,CIV,MF,24.0,2000.0,0.6,,,,,,,0,,,,,,,,
ITA-Serie A,2425,Como,Daniele Baselli,ITA,MF,32.0,1992.0,0.2,,,,,,,0,,,,,,,,
ITA-Serie A,2425,Como,Dele Alli,ENG,"FW,MF",28.0,1996.0,0.1,,,,,,,0,,,,,,,,
ITA-Serie A,2425,Como,Edoardo Goldaniga,ITA,DF,30.0,1993.0,28.1,,,,,,,9,,,,,,,,
ITA-Serie A,2425,Como,Emil Audero,IDN,GK,27.0,1997.0,8.0,,,,,,,0,,,,,,,,
ITA-Serie A,2425,Como,Federico Barba,ITA,DF,30.0,1993.0,4.8,,,,,,,3,,,,,,,,
ITA-Serie A,2425,Como,Fellipe Jack,BRA,DF,18.0,2006.0,1.9,,,,,,,0,,,,,,,,
ITA-Serie A,2425,Como,Gabriel Strefezza,BRA,"MF,FW",27.0,1997.0,29.1,,,,,,,124,,,,,,,,
ITA-Serie A,2425,Como,Ignace Van Der Brempt,BEL,DF,22.0,2002.0,14.0,,,,,,,20,,,,,,,,
ITA-Serie A,2425,Como,Ivan Smolčić,CRO,DF,23.0,2000.0,7.0,,,,,,,4,,,,,,,,
ITA-Serie A,2425,Como,Jean Butez,FRA,GK,29.0,1995.0,18.5,,,,,,,0,,,,,,,,
ITA-Serie A,2425,Como,Jonathan Ikone,FRA,"MF,FW",26.0,1998.0,6.0,,,,,,,1,,,,,,,,
ITA-Serie A,2425,Como,Luca Mazzitelli,ITA,MF,28.0,1995.0,3.7,,,,,,,12,,,,,,,,
ITA-Serie A,2425,Como,Lucas Da Cunha,FRA,MF,23.0,2001.0,29.0,,,,,,,101,,,,,,,,
ITA-Serie A,2425,Como,Marc-Oliver Kempf,GER,DF,29.0,1995.0,29.1,,,,,,,4,,,,,,,,
ITA-Serie A,2425,Como,Marco Sala,ITA,DF,25.0,1999.0,2.9,,,,,,,9,,,,,,,,
ITA-Serie A,2425,Como,Matthias Braunöder,AUT,MF,22.0,2002.0,3.0,,,,,,,0,,,,,,,,
ITA-Serie A,2425,Como,Maxence Caqueret,FRA,MF,24.0,2000.0,12.1,,,,,,,16,,,,,,,,
ITA-Serie A,2425,Como,Máximo Perrone,ARG,MF,21.0,2003.0,20.6,,,,,,,4,,,,,,,,
ITA-Serie A,2425,Como,Mërgim Vojvoda,KVX,DF,29.0,1995.0,8.0,,,,,,,26,,,,,,,,
ITA-Serie A,2425,Como,Nicolás Paz,ARG,"MF,FW",19.0,2004.0,29.9,,,,,,,42,,,,,,,,
ITA-Serie A,2425,Como,Oliver Abildgaard,DEN,"DF,MF",28.0,1996.0,0.1,,,,,,,0,,,,,,,,
ITA-Serie A,2425,Como,Patrick Cutrone,ITA,FW,26.0,1998.0,22.7,,,,,,,30,,,,,,,,
ITA-Serie A,2425,Como,Pepe Reina,ESP,GK,41.0,1982.0,11.5,,,,,,,0,,,,,,,,
ITA-Serie A,2425,Como,Sergi Roberto,ESP,MF,32.0,1992.0,7.7,,,,,,,6,,,,,,,,
ITA-Serie A,2425,Como,Simone Verdi,ITA,"FW,MF",32.0,1992.0,1.3,,,,,,,13,,,,,,,,
ITA-Serie A,2425,Como,Yannik Engelhardt,GER,"MF,DF",23.0,2001.0,12.9,,,,,,,1,,,,,,,,
ITA-Serie A,2425,Como,Álex Valle,ESP,DF,20.0,2004.0,11.4,,,,,,,15,,,,,,,,
ITA-Serie A,2425,Empoli,Alberto Grassi,ITA,MF,29.0,1995.0,24.5,,,,,,,11,,,,,,,,
ITA-Serie A,2425,Empoli,Ardian Ismajli,ALB,DF,27.0,1996.0,27.9,,,,,,,0,,,,,,,,
ITA-Serie A,2425,Empoli,Christian Kouamé,CIV,"FW,MF",26.0,1997.0,5.6,,,,,,,2,,,,,,,,
ITA-Serie A,2425,Empoli,Devis Vásquez,COL,GK,26.0,1998.0,32.0,,,,,,,1,,,,,,,,
ITA-Serie A,2425,Empoli,Emmanuel Ekong,SWE,FW,22.0,2002.0,2.1,,,,,,,0,,,,,,,,
ITA-Serie A,2425,Empoli,Emmanuel Gyasi,GHA,MF,30.0,1994.0,35.7,,,,,,,37,,,,,,,,
ITA-Serie A,2425,Empoli,Faustino Anjorin,ENG,MF,22.0,2001.0,12.4,,,,,,,17,,,,,,,,
ITA-Serie A,2425,Empoli,Francesco Caputo,ITA,FW,36.0,1987.0,0.1,,,,,,,0,,,,,,,,
ITA-Serie A,2425,Empoli,Giuseppe Pezzella,ITA,MF,26.0,1997.0,32.0,,,,,,,177,,,,,,,,
ITA-Serie A,2425,Empoli,Ismael Konate,ITA,FW,18.0,2006.0,1.3,,,,,,,1,,,,,,,,
ITA-Serie A,2425,Empoli,Jacopo Bacci,ITA,MF,19.0,2005.0,0.3,,,,,,,0,,,,,,,,
ITA-Serie A,2425,Empoli,Jacopo Fazzini,ITA,MF,21.0,2003.0,15.4,,,,,,,32,,,,,,,,
ITA-Serie A,2425,Empoli,Jacopo Seghetti,ITA,GK,19.0,2005.0,1.0,,,,,,,0,,,,,,,,
ITA-Serie A,2425,Empoli,Junior Sambia,CTA,MF,27.0,1996.0,4.3,,,,,,,28,,,,,,,,
ITA-Serie A,2425,Empoli,Liam Henderson,SCO,MF,28.0,1996.0,26.0,,,,,,,97,,,,,,,,
ITA-Serie A,2425,Empoli,Liberato Cacace,NZL,"MF,DF",23.0,2000.0,24.8,,,,,,,103,,,,,,,,
ITA-Serie A,2425,Empoli,Lorenzo Colombo,ITA,"FW,MF",22.0,2002.0,24.8,,,,,,,10,,,,,,,,
ITA-Serie A,2425,Empoli,Lorenzo Tosto,ITA,DF,18.0,2006.0,0.0,,,,,,,0,,,,,,,,
ITA-Serie A,2425,Empoli,Luca Marianucci,ITA,DF,20.0,2004.0,11.9,,,,,,,6,,,,,,,,
ITA-Serie A,2425,Empoli,Marco Silvestri,ITA,GK,33.0,1991.0,5.0,,,,,,,0,,,,,,,,
ITA-Serie A,2425,Empoli,Mattia De Sciglio,ITA,DF,31.0,1992.0,8.5,,,,,,,7,,,,,,,,
ITA-Serie A,2425,Empoli,Mattia Viti,ITA,DF,22.0,2002.0,28.6,,,,,,,0,,,,,,,,
ITA-Serie A,2425,Empoli,Nicolas Haas,SUI,MF,28.0,1996.0,3.2,,,,,,,0,,,,,,,,
ITA-Serie A,2425,Empoli,Ola Solbakken,NOR,"MF,FW",25.0,1998.0,8.4,,,,,,,7,,,,,,,,
ITA-Serie A,2425,Empoli,Petar Stojanović,SVN,"DF,MF",28.0,1995.0,0.0,,,,,,,0,,,,,,,,
ITA-Serie A,2425,Empoli,Pietro Pellegri,ITA,FW,23.0,2001.0,4.6,,,,,,,3,,,,,,,,
ITA-Serie A,2425,Empoli,Saba Goglichidze,GEO,DF,20.0,2004.0,28.2,,,,,,,5,,,,,,,,
ITA-Serie A,2425,Empoli,Sebastian Walukiewicz,POL,DF,24.0,2000.0,2.0,,,,,,,2,,,,,,,,
ITA-Serie A,2425,Empoli,Sebastiano Esposito,ITA,"FW,MF",22.0,2002.0,25.9,,,,,,,55,,,,,,,,
ITA-Serie A,2425,Empoli,Szymon Żurkowski,POL,MF,26.0,1997.0,1.2,,,,,,,0,,,,,,,,
ITA-Serie A,2425,Empoli,Thomas Campaniello,ITA,FW,16.0,2008.0,0.3,,,,,,,0,,,,,,,,
ITA-Serie A,2425,Empoli,Tyronne Ebuehi,NGA,DF,28.0,1995.0,0.8,,,,,,,2,,,,,,,,
ITA-Serie A,2425,Empoli,Viktor Kovalenko,UKR,MF,28.0,1996.0,0.9,,,,,,,1,,,,,,,,
ITA-Serie A,2425,Empoli,Youssef Maleh,MAR,MF,25.0,1998.0,16.8,,,,,,,16,,,,,,,,
ITA-Serie A,2425,Fiorentina,Albert Guðmundsson,ISL,"FW,MF",27.0,1997.0,14.1,,,,,,,24,,,,,,,,
ITA-Serie A,2425,Fiorentina,Alessandro Bianco,ITA,MF,21.0,2002.0,0.2,,,,,,,0,,,,,,,,
ITA-Serie A,2425,Fiorentina,Amir Richardson,MAR,MF,22.0,2002.0,12.2,,,,,,,5,,,,,,,,
ITA-Serie A,2425,Fiorentina,Andrea Colpani,ITA,MF,25.0,1999.0,16.1,,,,,,,33,,,,,,,,
ITA-Serie A,2425,Fiorentina,Antonín Barák,CZE,MF,29.0,1994.0,0.6,,,,,,,1,,,,,,,,
ITA-Serie A,2425,Fiorentina,Cher Ndour,ITA,MF,20.0,2004.0,4.5,,,,,,,7,,,,,,,,
ITA-Serie A,2425,Fiorentina,Christian Kouamé,CIV,"MF,FW",26.0,1997.0,6.9,,,,,,,6,,,,,,,,
ITA-Serie A,2425,Fiorentina,Cristiano Biraghi,ITA,"DF,MF",31.0,1992.0,4.8,,,,,,,30,,,,,,,,
ITA-Serie A,2425,Fiorentina,Danilo Cataldi,ITA,MF,29.0,1994.0,19.2,,,,,,,21,,,,,,,,
ITA-Serie A,2425,Fiorentina,David de Gea,ESP,GK,33.0,1990.0,35.0,,,,,,,0,,,,,,,,
ITA-Serie A,2425,Fiorentina,Dodô,BRA,"DF,MF",25.0,1998.0,34.6,,,,,,,143,,,,,,,,
ITA-Serie A,2425,Fiorentina,Edoardo Bove,ITA,MF,22.0,2002.0,9.5,,,,,,,2,,,,,,,,
ITA-Serie A,2425,Fiorentina,Fabiano Parisi,ITA,"MF,DF",23.0,2000.0,12.5,,,,,,,13,,,,,,,,
ITA-Serie A,2425,Fiorentina,Jonathan Ikone,FRA,MF,26.0,1998.0,3.7,,,,,,,1,,,,,,,,
ITA-Serie A,2425,Fiorentina,Luca Ranieri,ITA,DF,25.0,1999.0,34.1,,,,,,,8,,,,,,,,
ITA-Serie A,2425,Fiorentina,Lucas Beltrán,ARG,"MF,FW",23.0,2001.0,21.7,,,,,,,7,,,,,,,,
ITA-Serie A,2425,Fiorentina,Lucas Martínez Quarta,ARG,DF,28.0,1996.0,3.9,,,,,,,0,,,,,,,,
ITA-Serie A,2425,Fiorentina,Maat Daniel Caprini,ITA,FW,18.0,2006.0,0.1,,,,,,,0,,,,,,,,
ITA-Serie A,2425,Fiorentina,Marin Pongračić,CRO,DF,26.0,1997.0,15.2,,,,,,,1,,,,,,,,
ITA-Serie A,2425,Fiorentina,Matias Moreno,ARG,DF,20.0,2003.0,1.6,,,,,,,2,,,,,,,,
ITA-Serie A,2425,Fiorentina,Michael Folorunsho,ITA,MF,26.0,1998.0,7.2,,,,,,,22,,,,,,,,
ITA-Serie A,2425,Fiorentina,Michael Kayode,ITA,DF,20.0,2004.0,1.4,,,,,,,6,,,,,,,,
ITA-Serie A,2425,Fiorentina,Moise Kean,ITA,FW,24.0,2000.0,30.0,,,,,,,9,,,,,,,,
ITA-Serie A,2425,Fiorentina,Nicolò Fagioli,ITA,MF,23.0,2001.0,10.7,,,,,,,27,,,,,,,,
ITA-Serie A,2425,Fiorentina,Nicolò Zaniolo,ITA,"FW,MF",25.0,1999.0,3.8,,,,,,,4,,,,,,,,
ITA-Serie A,2425,Fiorentina,Pablo Marí,ESP,DF,30.0,1993.0,12.2,,,,,,,0,,,,,,,,
ITA-Serie A,2425,Fiorentina,Pietro Comuzzo,ITA,DF,19.0,2005.0,24.4,,,,,,,3,,,,,,,,
ITA-Serie A,2425,Fiorentina,Pietro Terracciano,ITA,GK,34.0,1990.0,3.0,,,,,,,0,,,,,,,,
ITA-Serie A,2425,Fiorentina,Riccardo Sottil,ITA,MF,25.0,1999.0,9.3,,,,,,,41,,,,,,,,
ITA-Serie A,2425,Fiorentina,Robin Gosens,GER,"DF,MF",30.0,1994.0,28.0,,,,,,,65,,,,,,,,
ITA-Serie A,2425,Fiorentina,Rolando Mandragora,ITA,MF,27.0,1997.0,21.5,,,,,,,42,,,,,,,,
ITA-Serie A,2425,Fiorentina,Sofyan Amrabat,MAR,MF,27.0,1996.0,2.0,,,,,,,3,,,,,,,,
ITA-Serie A,2425,Fiorentina,Tommaso Rubino,ITA,FW,17.0,2006.0,0.1,,,,,,,0,,,,,,,,
ITA-Serie A,2425,Fiorentina,Yacine Adli,FRA,MF,24.0,2000.0,13.7,,,,,,,62,,,,,,,,
ITA-Serie A,2425,Genoa,Aarón Martín,ESP,"DF,MF",27.0,1997.0,34.3,,,,,,,257,,,,,,,,
ITA-Serie A,2425,Genoa,Alan Matturro,URU,DF,19.0,2004.0,10.0,,,,,,,8,,,,,,,,
ITA-Serie A,2425,Genoa,Alessandro Marcandalli,ITA,DF,21.0,2002.0,0.5,,,,,,,0,,,,,,,,
ITA-Serie A,2425,Genoa,Alessandro Vogliacco,ITA,DF,25.0,1998.0,7.9,,,,,,,11,,,,,,,,
ITA-Serie A,2425,Genoa,Alessandro Zanoli,ITA,MF,23.0,2000.0,19.0,,,,,,,65,,,,,,,,
ITA-Serie A,2425,Genoa,Andrea Pinamonti,ITA,FW,25.0,1999.0,31.7,,,,,,,17,,,,,,,,
ITA-Serie A,2425,Genoa,Benjamin Siegrist,SUI,GK,32.0,1992.0,1.7,,,,,,,0,,,,,,,,
ITA-Serie A,2425,Genoa,Brooke Norton-Cuffy,ENG,"MF,DF",20.0,2004.0,8.0,,,,,,,12,,,,,,,,
ITA-Serie A,2425,Genoa,Caleb Ekuban,GHA,FW,30.0,1994.0,6.2,,,,,,,3,,,,,,,,
ITA-Serie A,2425,Genoa,Daniele Sommariva,ITA,GK,27.0,1997.0,0.3,,,,,,,0,,,,,,,,
ITA-Serie A,2425,Genoa,David Akpan Ankeye,NGA,FW,22.0,2002.0,0.5,,,,,,,0,,,,,,,,
ITA-Serie A,2425,Genoa,Emil Bohinen,NOR,MF,25.0,1999.0,1.8,,,,,,,0,,,,,,,,
ITA-Serie A,2425,Genoa,Fabio Miretti,ITA,MF,20.0,2003.0,18.6,,,,,,,61,,,,,,,,
ITA-Serie A,2425,Genoa,Federico Accornero,ITA,MF,20.0,2004.0,0.1,,,,,,,1,,,,,,,,
ITA-Serie A,2425,Genoa,Filippo Melegoni,ITA,MF,25.0,1999.0,1.0,,,,,,,2,,,,,,,,
ITA-Serie A,2425,Genoa,Gastón Pereiro,URU,"FW,MF",29.0,1995.0,0.3,,,,,,,1,,,,,,,,
ITA-Serie A,2425,Genoa,Honest Ahanor,ITA,"MF,DF",16.0,2008.0,3.0,,,,,,,4,,,,,,,,
ITA-Serie A,2425,Genoa,Jean Onana,CMR,MF,24.0,2000.0,3.4,,,,,,,1,,,,,,,,
ITA-Serie A,2425,Genoa,Jeff Ekhator,ITA,"FW,MF",17.0,2006.0,8.5,,,,,,,10,,,,,,,,
ITA-Serie A,2425,Genoa,Johan Vásquez,MEX,DF,25.0,1998.0,33.8,,,,,,,7,,,,,,,,
ITA-Serie A,2425,Genoa,Junior Messias,BRA,"MF,FW",33.0,1991.0,9.4,,,,,,,22,,,,,,,,
ITA-Serie A,2425,Genoa,Koni De Winter,BEL,DF,22.0,2002.0,23.7,,,,,,,3,,,,,,,,
ITA-Serie A,2425,Genoa,Lior Kasa,ISR,MF,18.0,2005.0,2.6,,,,,,,2,,,,,,,,
ITA-Serie A,2425,Genoa,Lorenzo Venturino,ITA,MF,18.0,2006.0,1.9,,,,,,,10,,,,,,,,
ITA-Serie A,2425,Genoa,Mario Balotelli,ITA,FW,33.0,1990.0,0.7,,,,,,,3,,,,,,,,
ITA-Serie A,2425,Genoa,Mattia Bani,ITA,DF,30.0,1993.0,16.7,,,,,,,4,,,,,,,,
ITA-Serie A,2425,Genoa,Maxwel Cornet,CIV,MF,27.0,1996.0,2.7,,,,,,,8,,,,,,,,
ITA-Serie A,2425,Genoa,Milan Badelj,CRO,MF,35.0,1989.0,16.4,,,,,,,5,,,,,,,,
ITA-Serie A,2425,Genoa,Morten Frendrup,DEN,MF,23.0,2001.0,34.5,,,,,,,3,,,,,,,,
ITA-Serie A,2425,Genoa,Morten Thorsby,NOR,MF,28.0,1996.0,21.1,,,,,,,9,,,,,,,,
ITA-Serie A,2425,Genoa,Nicola Leali,ITA,GK,31.0,1993.0,29.0,,,,,,,0,,,,,,,,
ITA-Serie A,2425,Genoa,Patrizio Masini,ITA,MF,23.0,2001.0,17.1,,,,,,,26,,,,,,,,
ITA-Serie A,2425,Genoa,Pierluigi Gollini,ITA,GK,29.0,1995.0,7.0,,,,,,,0,,,,,,,,
ITA-Serie A,2425,Genoa,Ruslan Malinovskyi,UKR,MF,31.0,1993.0,4.3,,,,,,,3,,,,,,,,
ITA-Serie A,2425,Genoa,Sebastian Otoa,DEN,DF,20.0,2004.0,2.0,,,,,,,0,,,,,,,,
ITA-Serie A,2425,Genoa,Stefano Sabelli,ITA,"DF,MF",31.0,1993.0,22.9,,,,,,,59,,,,,,,,
ITA-Serie A,2425,Genoa,Vitinha,POR,"FW,MF",24.0,2000.0,14.8,,,,,,,46,,,,,,,,
ITA-Serie A,2425,Hellas Verona,Abdou Harroui,NED,"MF,FW",26.0,1998.0,5.1,,,,,,,9,,,,,,,,
ITA-Serie A,2425,Hellas Verona,Alphadjo Cissè,ITA,MF,17.0,2006.0,0.1,,,,,,,0,,,,,,,,
ITA-Serie A,2425,Hellas Verona,Amin Sarr,SWE,FW,23.0,2001.0,21.2,,,,,,,7,,,,,,,,
ITA-Serie A,2425,Hellas Verona,Antoine Bernede,FRA,MF,25.0,1999.0,6.6,,,,,,,14,,,,,,,,
ITA-Serie A,2425,Hellas Verona,Casper Tengstedt,DEN,FW,24.0,2000.0,16.9,,,,,,,11,,,,,,,,
ITA-Serie A,2425,Hellas Verona,Cheikh Niasse,SEN,MF,24.0,2000.0,8.4,,,,,,,2,,,,,,,,
ITA-Serie A,2425,Hellas Verona,Dailon Livramento,CPV,"MF,FW",23.0,2001.0,10.4,,,,,,,18,,,,,,,,
ITA-Serie A,2425,Hellas Verona,Daniel Bandeira,POR,MF,24.0,2000.0,4.5,,,,,,,8,,,,,,,,
ITA-Serie A,2425,Hellas Verona,Daniel Mosquera,COL,FW,24.0,1999.0,15.3,,,,,,,2,,,,,,,,
ITA-Serie A,2425,Hellas Verona,Daniel Oyegoke,ENG,"DF,MF",21.0,2003.0,1.1,,,,,,,4,,,,,,,,
ITA-Serie A,2425,Hellas Verona,Daniele Ghilardi,ITA,DF,21.0,2003.0,22.5,,,,,,,10,,,,,,,,
ITA-Serie A,2425,Hellas Verona,Darko Lazović,SRB,MF,33.0,1990.0,16.2,,,,,,,69,,,,,,,,
ITA-Serie A,2425,Hellas Verona,Davide Faraoni,ITA,"MF,DF",32.0,1991.0,2.9,,,,,,,12,,,,,,,,
ITA-Serie A,2425,Hellas Verona,Diego Coppola,ITA,DF,20.0,2003.0,32.5,,,,,,,0,,,,,,,,
ITA-Serie A,2425,Hellas Verona,Domagoj Bradarić,CRO,"MF,DF",24.0,1999.0,21.5,,,,,,,79,,,,,,,,
ITA-Serie A,2425,Hellas Verona,Faride Alidou,GER,FW,23.0,2001.0,0.8,,,,,,,3,,,,,,,,
ITA-Serie A,2425,Hellas Verona,Flavius Daniliuc,AUT,DF,23.0,2001.0,11.2,,,,,,,6,,,,,,,,
ITA-Serie A,2425,Hellas Verona,Giangiacomo Magnani,ITA,DF,28.0,1995.0,11.8,,,,,,,2,,,,,,,,
ITA-Serie A,2425,Hellas Verona,Grigoris Kastanos,CYP,"MF,FW",26.0,1998.0,9.7,,,,,,,24,,,,,,,,
ITA-Serie A,2425,Hellas Verona,Jackson Tchatchoua,CMR,"MF,DF",22.0,2001.0,35.2,,,,,,,118,,,,,,,,
ITA-Serie A,2425,Hellas Verona,Junior Ajayi,CIV,FW,19.0,2004.0,0.1,,,,,,,0,,,,,,,,
ITA-Serie A,2425,Hellas Verona,Lorenzo Montipò,ITA,GK,28.0,1996.0,36.0,,,,,,,0,,,,,,,,
ITA-Serie A,2425,Hellas Verona,Martin Frese,DEN,"DF,MF",26.0,1998.0,6.1,,,,,,,10,,,,,,,,
ITA-Serie A,2425,Hellas Verona,Mathis Lambourde,FRA,FW,18.0,2006.0,1.0,,,,,,,1,,,,,,,,
ITA-Serie A,2425,Hellas Verona,Nicolás Valentini,ARG,DF,23.0,2001.0,12.5,,,,,,,5,,,,,,,,
ITA-Serie A,2425,Hellas Verona,Ondrej Duda,SVK,MF,29.0,1994.0,26.6,,,,,,,89,,,,,,,,
ITA-Serie A,2425,Hellas Verona,Paweł Dawidowicz,POL,"DF,MF",29.0,1995.0,20.5,,,,,,,0,,,,,,,,
ITA-Serie A,2425,Hellas Verona,Reda Belahyane,MAR,MF,20.0,2004.0,18.4,,,,,,,3,,,,,,,,
ITA-Serie A,2425,Hellas Verona,Simone Perilli,ITA,GK,29.0,1995.0,2.0,,,,,,,0,,,,,,,,
ITA-Serie A,2425,Hellas Verona,Suat Serdar,GER,MF,27.0,1997.0,15.3,,,,,,,9,,,,,,,,
ITA-Serie A,2425,Hellas Verona,Tomáš Suslov,SVK,"MF,FW",22.0,2002.0,23.1,,,,,,,50,,,,,,,,
ITA-Serie A,2425,Hellas Verona,Yllan Okou,FRA,DF,21.0,2002.0,0.0,,,,,,,0,,,,,,,,
ITA-Serie A,2425,Inter,Alessandro Bastoni,ITA,DF,25.0,1999.0,26.7,,,,,,,62,,,,,,,,
ITA-Serie A,2425,Inter,Benjamin Pavard,FRA,DF,28.0,1996.0,17.6,,,,,,,11,,,,,,,,
ITA-Serie A,2425,Inter,Carlos Augusto,BRA,"DF,MF",25.0,1999.0,18.8,,,,,,,21,,,,,,,,
ITA-Serie A,2425,Inter,Davide Frattesi,ITA,MF,24.0,1999.0,13.6,,,,,,,8,,,,,,,,
ITA-Serie A,2425,Inter,Denzel Dumfries,NED,MF,28.0,1996.0,21.7,,,,,,,56,,,,,,,,
ITA-Serie A,2425,Inter,Federico Dimarco,ITA,MF,26.0,1997.0,24.2,,,,,,,192,,,,,,,,
ITA-Serie A,2425,Inter,Francesco Acerbi,ITA,DF,36.0,1988.0,19.0,,,,,,,10,,,,,,,,
ITA-Serie A,2425,Inter,Hakan Çalhanoğlu,TUR,MF,30.0,1994.0,21.6,,,,,,,122,,,,,,,,
ITA-Serie A,2425,Inter,Henrikh Mkhitaryan,ARM,MF,35.0,1989.0,26.6,,,,,,,25,,,,,,,,
ITA-Serie A,2425,Inter,Joaquín Correa,ARG,"FW,MF",29.0,1994.0,8.1,,,,,,,8,,,,,,,,
ITA-Serie A,2425,Inter,Josep Martinez,ESP,GK,26.0,1998.0,5.0,,,,,,,0,,,,,,,,
ITA-Serie A,2425,Inter,Kristjan Asllani,ALB,MF,22.0,2002.0,11.0,,,,,,,41,,,,,,,,
ITA-Serie A,2425,Inter,Lautaro Martínez,ARG,FW,26.0,1997.0,28.5,,,,,,,13,,,,,,,,
ITA-Serie A,2425,Inter,Luka Topalović,SVN,MF,18.0,2006.0,0.1,,,,,,,0,,,,,,,,
ITA-Serie A,2425,Inter,Marcus Thuram,FRA,FW,26.0,1997.0,25.4,,,,,,,13,,,,,,,,
ITA-Serie A,2425,Inter,Marko Arnautović,AUT,FW,35.0,1989.0,6.1,,,,,,,5,,,,,,,,
ITA-Serie A,2425,Inter,Matteo Darmian,ITA,"MF,DF",34.0,1989.0,19.8,,,,,,,32,,,,,,,,
ITA-Serie A,2425,Inter,Mehdi Taremi,IRN,FW,32.0,1992.0,9.1,,,,,,,1,,,,,,,,
ITA-Serie A,2425,Inter,Nicola Zalewski,POL,MF,22.0,2002.0,4.8,,,,,,,23,,,,,,,,
ITA-Serie A,2425,Inter,Nicolò Barella,ITA,MF,27.0,1997.0,27.7,,,,,,,67,,,,,,,,
ITA-Serie A,2425,Inter,Piotr Zieliński,POL,MF,30.0,1994.0,10.9,,,,,,,27,,,,,,,,
ITA-Serie A,2425,Inter,Stefan de Vrij,NED,DF,32.0,1992.0,19.2,,,,,,,0,,,,,,,,
ITA-Serie A,2425,Inter,Tajon Buchanan,CAN,"DF,MF",25.0,1999.0,1.1,,,,,,,3,,,,,,,,
ITA-Serie A,2425,Inter,Tomás Palacios,ARG,DF,21.0,2003.0,0.1,,,,,,,0,,,,,,,,
ITA-Serie A,2425,Inter,Yann Aurel Bisseck,GER,DF,23.0,2000.0,18.3,,,,,,,8,,,,,,,,
ITA-Serie A,2425,Inter,Yann Sommer,SUI,GK,35.0,1988.0,33.0,,,,,,,0,,,,,,,,
ITA-Serie A,2425,Juventus,Alberto costa,POR,"DF,MF",20.0,2003.0,4.0,,,,,,,3,,,,,,,,
ITA-Serie A,2425,Juventus,Andrea Cambiaso,ITA,"DF,MF",24.0,2000.0,24.7,,,,,,,66,,,,,,,,
ITA-Serie A,2425,Juventus,Danilo,BRA,DF,33.0,1991.0,6.5,,,,,,,3,,,,,,,,
ITA-Serie A,2425,Juventus,Diego Pugno,ITA,DF,18.0,2006.0,0.1,,,,,,,0,,,,,,,,
ITA-Serie A,2425,Juventus,Douglas Luiz,BRA,MF,26.0,1998.0,5.9,,,,,,,26,,,,,,,,
ITA-Serie A,2425,Juventus,Dušan Vlahović,SRB,FW,24.0,2000.0,19.8,,,,,,,11,,,,,,,,
ITA-Serie A,2425,Juventus,Federico Gatti,ITA,DF,26.0,1998.0,24.4,,,,,,,1,,,,,,,,
ITA-Serie A,2425,Juventus,Francisco Conceição,POR,MF,21.0,2002.0,14.9,,,,,,,62,,,,,,,,
ITA-Serie A,2425,Juventus,Gleison Bremer,BRA,DF,27.0,1997.0,6.0,,,,,,,0,,,,,,,,
ITA-Serie A,2425,Juventus,Jonas Rouhi,SWE,DF,20.0,2004.0,2.3,,,,,,,3,,,,,,,,
ITA-Serie A,2425,Juventus,Juan David Cabal,COL,DF,23.0,2001.0,5.1,,,,,,,7,,,,,,,,
ITA-Serie A,2425,Juventus,Kenan Yıldız,TUR,MF,19.0,2005.0,26.7,,,,,,,113,,,,,,,,
ITA-Serie A,2425,Juventus,Khéphren Thuram,FRA,MF,23.0,2001.0,25.8,,,,,,,13,,,,,,,,
ITA-Serie A,2425,Juventus,Lloyd Kelly,ENG,DF,25.0,1998.0,11.3,,,,,,,13,,,,,,,,
ITA-Serie A,2425,Juventus,Lorenzo Anghelè,ITA,FW,19.0,2005.0,0.1,,,,,,,0,,,,,,,,
ITA-Serie A,2425,Juventus,Manuel Locatelli,ITA,MF,26.0,1998.0,31.4,,,,,,,24,,,,,,,,
ITA-Serie A,2425,Juventus,Mattia Perin,ITA,GK,31.0,1992.0,5.0,,,,,,,0,,,,,,,,
ITA-Serie A,2425,Juventus,Michele Di Gregorio,ITA,GK,27.0,1997.0,33.0,,,,,,,0,,,,,,,,
ITA-Serie A,2425,Juventus,Nicolás González,ARG,"MF,FW",26.0,1998.0,19.4,,,,,,,16,,,,,,,,
ITA-Serie A,2425,Juventus,Nicolò Fagioli,ITA,MF,23.0,2001.0,6.3,,,,,,,13,,,,,,,,
ITA-Serie A,2425,Juventus,Nicolò Savona,ITA,DF,21.0,2003.0,19.2,,,,,,,34,,,,,,,,
ITA-Serie A,2425,Juventus,Pierre Kalulu,FRA,DF,24.0,2000.0,26.0,,,,,,,22,,,,,,,,
ITA-Serie A,2425,Juventus,Randal Kolo Muani,FRA,FW,25.0,1998.0,12.9,,,,,,,8,,,,,,,,
ITA-Serie A,2425,Juventus,Renato Veiga,POR,DF,21.0,2003.0,12.1,,,,,,,0,,,,,,,,
ITA-Serie A,2425,Juventus,Samuel Mbangula,BEL,MF,20.0,2004.0,7.9,,,,,,,17,,,,,,,,
ITA-Serie A,2425,Juventus,Teun Koopmeiners,NED,MF,26.0,1998.0,22.2,,,,,,,113,,,,,,,,
ITA-Serie A,2425,Juventus,Timothy Weah,USA,"MF,DF",24.0,2000.0,18.2,,,,,,,44,,,,,,,,
ITA-Serie A,2425,Juventus,Vasilije Adžić,MNE,MF,18.0,2006.0,0.5,,,,,,,0,,,,,,,,
ITA-Serie A,2425,Juventus,Weston McKennie,USA,"MF,DF",25.0,1998.0,25.7,,,,,,,19,,,,,,,,
ITA-Serie A,2425,Lazio,Adam Marušić,MNE,DF,31.0,1992.0,26.0,,,,,,,54,,,,,,,,
ITA-Serie A,2425,Lazio,Alessio Romagnoli,ITA,DF,29.0,1995.0,29.7,,,,,,,0,,,,,,,,
ITA-Serie A,2425,Lazio,Arijon Ibrahimović,GER,MF,18.0,2005.0,0.1,,,,,,,0,,,,,,,,
ITA-Serie A,2425,Lazio,Boulaye Dia,SEN,"MF,FW",27.0,1996.0,24.2,,,,,,,2,,,,,,,,
ITA-Serie A,2425,Lazio,Christos Mandas,GRE,GK,22.0,2001.0,9.0,,,,,,,0,,,,,,,,
ITA-Serie A,2425,Lazio,Elseid Hysaj,ALB,DF,30.0,1994.0,4.7,,,,,,,18,,,,,,,,
ITA-Serie A,2425,Lazio,Fisayo Dele-Bashiru,NGA,MF,23.0,2001.0,10.5,,,,,,,7,,,,,,,,
ITA-Serie A,2425,Lazio,Gaetano Castrovilli,ITA,MF,27.0,1997.0,1.6,,,,,,,0,,,,,,,,
ITA-Serie A,2425,Lazio,Gustav Isaksen,DEN,MF,23.0,2001.0,24.6,,,,,,,110,,,,,,,,
ITA-Serie A,2425,Lazio,Ivan Provedel,ITA,GK,30.0,1994.0,29.0,,,,,,,0,,,,,,,,
ITA-Serie A,2425,Lazio,Loum Tchaouna,FRA,"MF,FW",20.0,2003.0,7.3,,,,,,,32,,,,,,,,
ITA-Serie A,2425,Lazio,Luca Pellegrini,ITA,DF,25.0,1999.0,11.9,,,,,,,86,,,,,,,,
ITA-Serie A,2425,Lazio,Manuel Lazzari,ITA,DF,30.0,1993.0,15.6,,,,,,,97,,,,,,,,
ITA-Serie A,2425,Lazio,Mario Gila,ESP,DF,23.0,2000.0,30.5,,,,,,,5,,,,,,,,
ITA-Serie A,2425,Lazio,Mattia Zaccagni,ITA,"MF,FW",29.0,1995.0,29.8,,,,,,,156,,,,,,,,
ITA-Serie A,2425,Lazio,Mattéo Guendouzi,FRA,MF,25.0,1999.0,36.3,,,,,,,20,,,,,,,,
ITA-Serie A,2425,Lazio,Matías Vecino,URU,MF,32.0,1991.0,9.7,,,,,,,2,,,,,,,,
ITA-Serie A,2425,Lazio,Nicolò Casale,ITA,DF,26.0,1998.0,1.5,,,,,,,0,,,,,,,,
ITA-Serie A,2425,Lazio,Nicolò Rovella,ITA,MF,22.0,2001.0,30.2,,,,,,,35,,,,,,,,
ITA-Serie A,2425,Lazio,Nuno Tavares,POR,DF,24.0,2000.0,18.7,,,,,,,125,,,,,,,,
ITA-Serie A,2425,Lazio,Oliver Nielsen,DEN,DF,21.0,2003.0,0.4,,,,,,,0,,,,,,,,
ITA-Serie A,2425,Lazio,Patric,ESP,DF,31.0,1993.0,6.7,,,,,,,2,,,,,,,,
ITA-Serie A,2425,Lazio,Pedro,ESP,"MF,FW",37.0,1987.0,12.2,,,,,,,65,,,,,,,,
ITA-Serie A,2425,Lazio,Reda Belahyane,MAR,MF,20.0,2004.0,2.2,,,,,,,0,,,,,,,,
ITA-Serie A,2425,Lazio,Samuel Gigot,FRA,DF,30.0,1993.0,7.6,,,,,,,0,,,,,,,,
ITA-Serie A,2425,Lazio,Tijjani Noslin,NED,"MF,FW",25.0,1999.0,9.6,,,,,,,15,,,,,,,,
ITA-Serie A,2425,Lazio,Valentín Castellanos,ARG,FW,25.0,1998.0,26.5,,,,,,,25,,,,,,,,
ITA-Serie A,2425,Lecce,Andy Pelmard,MAD,DF,24.0,2000.0,1.4,,,,,,,0,,,,,,,,
ITA-Serie A,2425,Lecce,Ante Rebić,CRO,"FW,MF",30.0,1993.0,8.8,,,,,,,32,,,,,,,,
ITA-Serie A,2425,Lecce,Antonino Gallo,ITA,DF,24.0,2000.0,29.0,,,,,,,116,,,,,,,,
ITA-Serie A,2425,Lecce,Balthazar Pierret,FRA,MF,24.0,2000.0,19.1,,,,,,,9,,,,,,,,
ITA-Serie A,2425,Lecce,Danilo Veiga,POR,"MF,DF",21.0,2002.0,4.2,,,,,,,17,,,,,,,,
ITA-Serie A,2425,Lecce,Federico Baschirotto,ITA,DF,27.0,1996.0,38.0,,,,,,,5,,,,,,,,
ITA-Serie A,2425,Lecce,Filip Marchwiński,POL,MF,22.0,2002.0,0.2,,,,,,,0,,,,,,,,
ITA-Serie A,2425,Lecce,Frederic Guilbert,FRA,DF,29.0,1994.0,27.1,,,,,,,54,,,,,,,,
ITA-Serie A,2425,Lecce,Gaby Jean,FRA,DF,24.0,2000.0,15.4,,,,,,,1,,,,,,,,
ITA-Serie A,2425,Lecce,Hamza Rafia,TUN,MF,25.0,1999.0,11.8,,,,,,,44,,,,,,,,
ITA-Serie A,2425,Lecce,Jesper Karlsson,SWE,"MF,FW",26.0,1998.0,5.5,,,,,,,27,,,,,,,,
ITA-Serie A,2425,Lecce,Kevin Bonifazi,ITA,DF,28.0,1996.0,0.7,,,,,,,0,,,,,,,,
ITA-Serie A,2425,Lecce,Kialonda,ANG,DF,26.0,1997.0,23.8,,,,,,,3,,,,,,,,
ITA-Serie A,2425,Lecce,Konan N'dri,NIG,MF,23.0,2000.0,3.4,,,,,,,13,,,,,,,,
ITA-Serie A,2425,Lecce,Lameck Banda,ZAM,"MF,FW",23.0,2001.0,6.8,,,,,,,23,,,,,,,,
ITA-Serie A,2425,Lecce,Lassana Coulibaly,MLI,MF,28.0,1996.0,29.6,,,,,,,12,,,,,,,,
ITA-Serie A,2425,Lecce,Marco Sala,ITA,"DF,MF",25.0,1999.0,0.8,,,,,,,8,,,,,,,,
ITA-Serie A,2425,Lecce,Medon Berisha,ALB,MF,20.0,2003.0,8.0,,,,,,,29,,,,,,,,
ITA-Serie A,2425,Lecce,Mohamed Kaba,GUI,MF,22.0,2001.0,5.0,,,,,,,1,,,,,,,,
ITA-Serie A,2425,Lecce,Nicola Sansone,ITA,"FW,MF",32.0,1991.0,0.7,,,,,,,4,,,,,,,,
ITA-Serie A,2425,Lecce,Nikola Krstović,MNE,FW,24.0,2000.0,34.0,,,,,,,8,,,,,,,,
ITA-Serie A,2425,Lecce,Patrick Dorgu,DEN,"MF,DF",19.0,2004.0,20.4,,,,,,,40,,,,,,,,
ITA-Serie A,2425,Lecce,Rareș-Cătălin Burnete,ROU,FW,20.0,2004.0,0.3,,,,,,,0,,,,,,,,
ITA-Serie A,2425,Lecce,Remi Oudin,FRA,MF,27.0,1996.0,3.3,,,,,,,21,,,,,,,,
ITA-Serie A,2425,Lecce,Santiago Pierotti,ARG,"MF,FW",23.0,2001.0,21.5,,,,,,,17,,,,,,,,
ITA-Serie A,2425,Lecce,Tete Morente,ESP,"MF,FW",27.0,1996.0,22.5,,,,,,,56,,,,,,,,
ITA-Serie A,2425,Lecce,Tiago Gabriel,POR,DF,19.0,2004.0,1.1,,,,,,,0,,,,,,,,
ITA-Serie A,2425,Lecce,Valentin Gendrey,FRA,DF,24.0,2000.0,2.0,,,,,,,3,,,,,,,,
ITA-Serie A,2425,Lecce,Wladimiro Falcone,ITA,GK,29.0,1995.0,38.0,,,,,,,0,,,,,,,,
ITA-Serie A,2425,Lecce,Ylber Ramadani,ALB,MF,28.0,1996.0,20.1,,,,,,,6,,,,,,,,
ITA-Serie A,2425,Lecce,Þórir Jóhann Helgason,ISL,MF,23.0,2000.0,12.8,,,,,,,69,,,,,,,,
ITA-Serie A,2425,Milan,Alessandro Florenzi,ITA,"DF,FW",33.0,1991.0,0.1,,,,,,,1,,,,,,,,
ITA-Serie A,2425,Milan,Alexis Saelemaekers,BEL,DF,25.0,1999.0,1.0,,,,,,,10,,,,,,,,
ITA-Serie A,2425,Milan,Bob Murphy Omoregbe,ITA,FW,20.0,2003.0,0.0,,,,,,,0,,,,,,,,
ITA-Serie A,2425,Milan,Christian Pulisic,USA,"MF,FW",25.0,1998.0,27.5,,,,,,,118,,,,,,,,
ITA-Serie A,2425,Milan,Davide Bartesaghi,ITA,DF,18.0,2005.0,1.3,,,,,,,10,,,,,,,,
ITA-Serie A,2425,Milan,Davide Calabria,ITA,DF,27.0,1996.0,3.5,,,,,,,16,,,,,,,,
ITA-Serie A,2425,Milan,Emerson,BRA,DF,25.0,1999.0,15.3,,,,,,,45,,,,,,,,
ITA-Serie A,2425,Milan,Fikayo Tomori,ENG,DF,26.0,1997.0,17.7,,,,,,,6,,,,,,,,
ITA-Serie A,2425,Milan,Filippo Terracciano,ITA,"DF,MF",21.0,2003.0,6.0,,,,,,,3,,,,,,,,
ITA-Serie A,2425,Milan,Francesco Camarda,ITA,FW,16.0,2008.0,2.3,,,,,,,1,,,,,,,,
ITA-Serie A,2425,Milan,Ismaël Bennacer,ALG,MF,26.0,1997.0,3.3,,,,,,,6,,,,,,,,
ITA-Serie A,2425,Milan,João Félix,POR,MF,24.0,1999.0,8.4,,,,,,,5,,,,,,,,
ITA-Serie A,2425,Milan,Kevin Zeroli,ITA,MF,19.0,2005.0,0.1,,,,,,,0,,,,,,,,
ITA-Serie A,2425,Milan,Kyle Walker,ENG,DF,34.0,1990.0,7.3,,,,,,,10,,,,,,,,
ITA-Serie A,2425,Milan,Luka Jović,SRB,FW,26.0,1997.0,6.2,,,,,,,2,,,,,,,,
ITA-Serie A,2425,Milan,Malick Thiaw,GER,DF,22.0,2001.0,20.1,,,,,,,3,,,,,,,,
ITA-Serie A,2425,Milan,Marco Sportiello,ITA,GK,32.0,1992.0,1.4,,,,,,,0,,,,,,,,
ITA-Serie A,2425,Milan,Matteo Gabbia,ITA,DF,24.0,1999.0,23.9,,,,,,,2,,,,,,,,
ITA-Serie A,2425,Milan,Mattia Liberali,ITA,MF,17.0,2007.0,0.7,,,,,,,2,,,,,,,,
ITA-Serie A,2425,Milan,Mike Maignan,FRA,GK,29.0,1995.0,36.6,,,,,,,0,,,,,,,,
ITA-Serie A,2425,Milan,Noah Okafor,SUI,"FW,MF",24.0,2000.0,4.6,,,,,,,13,,,,,,,,
ITA-Serie A,2425,Milan,Rafael Leão,POR,"MF,FW",25.0,1999.0,25.8,,,,,,,55,,,,,,,,
ITA-Serie A,2425,Milan,Riccardo Sottil,ITA,MF,25.0,1999.0,1.4,,,,,,,8,,,,,,,,
ITA-Serie A,2425,Milan,Ruben Loftus-Cheek,ENG,MF,28.0,1996.0,11.5,,,,,,,7,,,,,,,,
ITA-Serie A,2425,Milan,Samuel Chukwueze,NGA,"MF,FW",25.0,1999.0,10.3,,,,,,,49,,,,,,,,
ITA-Serie A,2425,Milan,Santiago Giménez,MEX,FW,23.0,2001.0,7.4,,,,,,,2,,,,,,,,
ITA-Serie A,2425,Milan,Strahinja Pavlović,SRB,DF,23.0,2001.0,20.7,,,,,,,10,,,,,,,,
ITA-Serie A,2425,Milan,Tammy Abraham,ENG,FW,26.0,1997.0,13.1,,,,,,,3,,,,,,,,
ITA-Serie A,2425,Milan,Theo Hernández,FRA,"DF,MF",26.0,1997.0,30.0,,,,,,,111,,,,,,,,
ITA-Serie A,2425,Milan,Tijjani Reijnders,NED,MF,26.0,1998.0,34.8,,,,,,,46,,,,,,,,
ITA-Serie A,2425,Milan,Warren Bondo,FRA,MF,20.0,2003.0,1.8,,,,,,,1,,,,,,,,
ITA-Serie A,2425,Milan,Youssouf Fofana,FRA,MF,25.0,1999.0,27.8,,,,,,,10,,,,,,,,
ITA-Serie A,2425,Milan,Yunus Musah,USA,"MF,FW",21.0,2002.0,17.5,,,,,,,24,,,,,,,,
ITA-Serie A,2425,Milan,Álex Jiménez,ESP,"MF,DF",19.0,2005.0,14.1,,,,,,,37,,,,,,,,
ITA-Serie A,2425,Milan,Álvaro Morata,ESP,"FW,MF",31.0,1992.0,12.2,,,,,,,12,,,,,,,,
ITA-Serie A,2425,Monza,Alessandro Bianco,ITA,MF,21.0,2002.0,28.9,,,,,,,23,,,,,,,,
ITA-Serie A,2425,Monza,Andrea Carboni,ITA,DF,23.0,2001.0,24.3,,,,,,,15,,,,,,,,
ITA-Serie A,2425,Monza,Andrea Mazza,ITA,GK,20.0,2004.0,0.1,,,,,,,0,,,,,,,,
ITA-Serie A,2425,Monza,Andrea Petagna,ITA,FW,29.0,1995.0,3.7,,,,,,,1,,,,,,,,
ITA-Serie A,2425,Monza,Armando Izzo,ITA,DF,32.0,1992.0,27.1,,,,,,,8,,,,,,,,
ITA-Serie A,2425,Monza,Arvid Brorsson,SWE,DF,25.0,1999.0,4.0,,,,,,,0,,,,,,,,
ITA-Serie A,2425,Monza,Daniel Maldini,ITA,"MF,FW",22.0,2001.0,14.5,,,,,,,38,,,,,,,,
ITA-Serie A,2425,Monza,Danilo D'Ambrosio,ITA,DF,35.0,1988.0,12.2,,,,,,,9,,,,,,,,
ITA-Serie A,2425,Monza,Dany Mota,POR,"MF,FW",26.0,1998.0,23.4,,,,,,,38,,,,,,,,
ITA-Serie A,2425,Monza,Gaetano Castrovilli,ITA,MF,27.0,1997.0,6.6,,,,,,,14,,,,,,,,
ITA-Serie A,2425,Monza,Gianluca Caprari,ITA,"MF,FW",31.0,1993.0,18.3,,,,,,,80,,,,,,,,
ITA-Serie A,2425,Monza,Giorgos Kyriakopoulos,GRE,MF,28.0,1996.0,31.6,,,,,,,171,,,,,,,,
ITA-Serie A,2425,Monza,Jean-Daniel Akpa-Akpro,CIV,MF,31.0,1992.0,10.7,,,,,,,6,,,,,,,,
ITA-Serie A,2425,Monza,Kacper Urbanski,POL,MF,19.0,2004.0,5.6,,,,,,,4,,,,,,,,
ITA-Serie A,2425,Monza,Keita Baldé,SEN,FW,29.0,1995.0,7.1,,,,,,,6,,,,,,,,
ITA-Serie A,2425,Monza,Kevin Martins,ITA,MF,19.0,2005.0,2.0,,,,,,,6,,,,,,,,
ITA-Serie A,2425,Monza,Kevin Zeroli,ITA,MF,19.0,2005.0,4.4,,,,,,,2,,,,,,,,
ITA-Serie A,2425,Monza,Luca Caldirola,ITA,DF,33.0,1991.0,9.7,,,,,,,1,,,,,,,,
ITA-Serie A,2425,Monza,Matteo Pessina,ITA,MF,27.0,1997.0,9.5,,,,,,,6,,,,,,,,
ITA-Serie A,2425,Monza,Mattia Valoti,ITA,"FW,MF",30.0,1993.0,0.4,,,,,,,0,,,,,,,,
ITA-Serie A,2425,Monza,Milan Đurić,BIH,FW,34.0,1990.0,14.1,,,,,,,0,,,,,,,,
ITA-Serie A,2425,Monza,Mirko Marić,CRO,FW,29.0,1995.0,1.2,,,,,,,2,,,,,,,,
ITA-Serie A,2425,Monza,Omari Forson,ENG,FW,20.0,2004.0,2.5,,,,,,,9,,,,,,,,
ITA-Serie A,2425,Monza,Pablo Marí,ESP,DF,30.0,1993.0,18.1,,,,,,,1,,,,,,,,
ITA-Serie A,2425,Monza,Patrick Ciurria,ITA,MF,29.0,1995.0,12.3,,,,,,,61,,,,,,,,
ITA-Serie A,2425,Monza,Pedro Pereira,POR,"MF,DF",26.0,1998.0,29.6,,,,,,,58,,,,,,,,
ITA-Serie A,2425,Monza,Roberto Gagliardini,ITA,MF,30.0,1994.0,2.0,,,,,,,1,,,,,,,,
ITA-Serie A,2425,Monza,Samuele Birindelli,ITA,MF,25.0,1999.0,16.3,,,,,,,65,,,,,,,,
ITA-Serie A,2425,Monza,Samuele Vignato,ITA,MF,20.0,2004.0,5.2,,,,,,,14,,,,,,,,
ITA-Serie A,2425,Monza,Semuel Pizzignacco,ITA,GK,22.0,2001.0,8.2,,,,,,,0,,,,,,,,
ITA-Serie A,2425,Monza,Silvère Ganvoula,CGO,FW,28.0,1996.0,3.6,,,,,,,0,,,,,,,,
ITA-Serie A,2425,Monza,Stefan Lekovic,SRB,DF,20.0,2004.0,4.1,,,,,,,0,,,,,,,,
ITA-Serie A,2425,Monza,Stefano Sensi,ITA,MF,28.0,1995.0,3.0,,,,,,,12,,,,,,,,
ITA-Serie A,2425,Monza,Stefano Turati,ITA,GK,22.0,2001.0,29.7,,,,,,,0,,,,,,,,
ITA-Serie A,2425,Monza,Tomás Palacios,ARG,DF,21.0,2003.0,5.0,,,,,,,1,,,,,,,,
ITA-Serie A,2425,Monza,Warren Bondo,FRA,MF,20.0,2003.0,18.0,,,,,,,7,,,,,,,,
ITA-Serie A,2425,Napoli,Alessandro Buongiorno,ITA,DF,25.0,1999.0,21.4,,,,,,,2,,,,,,,,
ITA-Serie A,2425,Napoli,Alessio Zerbin,ITA,"FW,MF",25.0,1999.0,0.0,,,,,,,0,,,,,,,,
ITA-Serie A,2425,Napoli,Alex Meret,ITA,GK,27.0,1997.0,33.4,,,,,,,0,,,,,,,,
ITA-Serie A,2425,Napoli,Amir Rrahmani,KVX,DF,30.0,1994.0,37.8,,,,,,,1,,,,,,,,
ITA-Serie A,2425,Napoli,Billy Gilmour,SCO,MF,23.0,2001.0,13.1,,,,,,,18,,,,,,,,
ITA-Serie A,2425,Napoli,Cyril Ngonge,BEL,FW,24.0,2000.0,2.4,,,,,,,11,,,,,,,,
ITA-Serie A,2425,Napoli,David Neres,BRA,FW,27.0,1997.0,14.3,,,,,,,92,,,,,,,,
ITA-Serie A,2425,Napoli,Elia Caprile,ITA,GK,22.0,2001.0,3.6,,,,,,,0,,,,,,,,
ITA-Serie A,2425,Napoli,Frank Anguissa,CMR,MF,28.0,1995.0,31.7,,,,,,,23,,,,,,,,
ITA-Serie A,2425,Napoli,Giacomo Raspadori,ITA,"FW,MF",24.0,2000.0,12.3,,,,,,,67,,,,,,,,
ITA-Serie A,2425,Napoli,Giovanni Di Lorenzo,ITA,DF,30.0,1993.0,37.0,,,,,,,63,,,,,,,,
ITA-Serie A,2425,Napoli,Giovanni Simeone,ARG,FW,29.0,1995.0,4.7,,,,,,,3,,,,,,,,
ITA-Serie A,2425,Napoli,Juan Jesus,BRA,DF,33.0,1991.0,11.9,,,,,,,0,,,,,,,,
ITA-Serie A,2425,Napoli,Khvicha Kvaratskhelia,GEO,"FW,MF",23.0,2001.0,13.1,,,,,,,50,,,,,,,,
ITA-Serie A,2425,Napoli,Leonardo Spinazzola,ITA,"DF,MF",31.0,1993.0,16.9,,,,,,,65,,,,,,,,
ITA-Serie A,2425,Napoli,Mathías Olivera,URU,DF,26.0,1997.0,26.3,,,,,,,22,,,,,,,,
ITA-Serie A,2425,Napoli,Matteo Politano,ITA,"FW,MF",30.0,1993.0,31.2,,,,,,,229,,,,,,,,
ITA-Serie A,2425,Napoli,Michael Folorunsho,ITA,"FW,MF",26.0,1998.0,0.4,,,,,,,0,,,,,,,,
ITA-Serie A,2425,Napoli,Noah Okafor,SUI,"FW,MF",24.0,2000.0,0.4,,,,,,,3,,,,,,,,
ITA-Serie A,2425,Napoli,Pasquale Mazzocchi,ITA,"MF,DF",29.0,1995.0,7.8,,,,,,,12,,,,,,,,
ITA-Serie A,2425,Napoli,Philip Billing,DEN,MF,28.0,1996.0,2.2,,,,,,,2,,,,,,,,
ITA-Serie A,2425,Napoli,Rafa Marín,ESP,DF,22.0,2002.0,1.6,,,,,,,0,,,,,,,,
ITA-Serie A,2425,Napoli,Romelu Lukaku,BEL,FW,31.0,1993.0,31.6,,,,,,,4,,,,,,,,
ITA-Serie A,2425,Napoli,Scott McTominay,SCO,MF,27.0,1996.0,32.6,,,,,,,11,,,,,,,,
ITA-Serie A,2425,Napoli,Simone Scuffet,ITA,GK,28.0,1996.0,1.0,,,,,,,0,,,,,,,,
ITA-Serie A,2425,Napoli,Stanislav Lobotka,SVK,MF,29.0,1994.0,29.3,,,,,,,3,,,,,,,,
ITA-Serie A,2425,Napoli,Walid Cheddira,MAR,FW,26.0,1998.0,0.1,,,,,,,0,,,,,,,,
ITA-Serie A,2425,Parma,Adrian Benedyczak,POL,MF,23.0,2000.0,2.4,,,,,,,1,,,,,,,,
ITA-Serie A,2425,Parma,Adrian Bernabe,ESP,MF,23.0,2001.0,16.1,,,,,,,29,,,,,,,,
ITA-Serie A,2425,Parma,Alessandro Circati,AUS,DF,20.0,2003.0,6.0,,,,,,,0,,,,,,,,
ITA-Serie A,2425,Parma,Alessandro Vogliacco,ITA,DF,25.0,1998.0,8.6,,,,,,,2,,,,,,,,
ITA-Serie A,2425,Parma,Ange-Yoan Bonny,CIV,FW,20.0,2003.0,28.1,,,,,,,14,,,,,,,,
ITA-Serie A,2425,Parma,Antoine Hainaut,FRA,"DF,MF",22.0,2002.0,13.4,,,,,,,26,,,,,,,,
ITA-Serie A,2425,Parma,Botond Balogh,HUN,DF,22.0,2002.0,22.8,,,,,,,1,,,,,,,,
ITA-Serie A,2425,Parma,Dennis Man,ROU,"MF,FW",25.0,1998.0,22.2,,,,,,,33,,,,,,,,
ITA-Serie A,2425,Parma,Drissa Camara,CIV,FW,22.0,2002.0,5.0,,,,,,,5,,,,,,,,
ITA-Serie A,2425,Parma,Emanuele Valeri,ITA,"DF,MF",25.0,1998.0,31.9,,,,,,,129,,,,,,,,
ITA-Serie A,2425,Parma,Enrico Delprato,ITA,"DF,MF",24.0,1999.0,32.7,,,,,,,16,,,,,,,,
ITA-Serie A,2425,Parma,Gabriel Charpentier,CGO,FW,25.0,1999.0,3.0,,,,,,,2,,,,,,,,
ITA-Serie A,2425,Parma,Giovanni Leoni,ITA,DF,17.0,2006.0,13.3,,,,,,,3,,,,,,,,
ITA-Serie A,2425,Parma,Hernani,BRA,MF,30.0,1994.0,14.7,,,,,,,33,,,,,,,,
ITA-Serie A,2425,Parma,Jacob Ondrejka,SWE,MF,21.0,2002.0,4.7,,,,,,,16,,,,,,,,
ITA-Serie A,2425,Parma,Lautaro Valenti,ARG,DF,25.0,1999.0,17.3,,,,,,,2,,,,,,,,
ITA-Serie A,2425,Parma,Leandro Chichizola,ARG,GK,34.0,1990.0,1.0,,,,,,,0,,,,,,,,
ITA-Serie A,2425,Parma,Mandela Keita,BEL,MF,22.0,2002.0,20.3,,,,,,,0,,,,,,,,
ITA-Serie A,2425,Parma,Mateo Pellegrino,ARG,FW,23.0,2001.0,8.2,,,,,,,4,,,,,,,,
ITA-Serie A,2425,Parma,Mateusz Kowalski,POL,MF,19.0,2005.0,0.6,,,,,,,0,,,,,,,,
ITA-Serie A,2425,Parma,Mathias Løvik,NOR,"DF,MF",20.0,2003.0,1.0,,,,,,,3,,,,,,,,
ITA-Serie A,2425,Parma,Matteo Cancellieri,ITA,"MF,FW",22.0,2002.0,15.8,,,,,,,22,,,,,,,,
ITA-Serie A,2425,Parma,Milan Đurić,BIH,FW,34.0,1990.0,3.0,,,,,,,0,,,,,,,,
ITA-Serie A,2425,Parma,Mohamed Haj,TUN,MF,19.0,2005.0,5.0,,,,,,,7,,,,,,,,
ITA-Serie A,2425,Parma,Nahuel Estévez,ARG,MF,28.0,1995.0,7.3,,,,,,,15,,,,,,,,
ITA-Serie A,2425,Parma,Pontus Almqvist,SWE,"FW,MF",25.0,1999.0,12.4,,,,,,,11,,,,,,,,
ITA-Serie A,2425,Parma,Simon Sohm,SUI,MF,23.0,2001.0,33.2,,,,,,,15,,,,,,,,
ITA-Serie A,2425,Parma,Valentin Mihaila,ROU,"MF,FW",24.0,2000.0,14.3,,,,,,,33,,,,,,,,
ITA-Serie A,2425,Parma,Woyo Coulibaly,MLI,DF,25.0,1999.0,12.0,,,,,,,5,,,,,,,,
ITA-Serie A,2425,Parma,Wylan Cyprien,FRA,MF,29.0,1995.0,0.3,,,,,,,0,,,,,,,,
ITA-Serie A,2425,Parma,Yordan Osorio,VEN,DF,30.0,1994.0,1.9,,,,,,,0,,,,,,,,
ITA-Serie A,2425,Parma,Zion Suzuki,JPN,GK,21.0,2002.0,36.8,,,,,,,0,,,,,,,,
ITA-Serie A,2425,Roma,Alexis Saelemaekers,BEL,"MF,FW",25.0,1999.0,15.4,,,,,,,52,,,,,,,,
ITA-Serie A,2425,Roma,Anass Salah-Eddine,MAR,MF,22.0,2002.0,1.7,,,,,,,6,,,,,,,,
ITA-Serie A,2425,Roma,Angeliño,ESP,"MF,DF",27.0,1997.0,35.3,,,,,,,119,,,,,,,,
ITA-Serie A,2425,Roma,Artem Dovbyk,UKR,FW,27.0,1997.0,26.9,,,,,,,1,,,,,,,,
ITA-Serie A,2425,Roma,Bryan Cristante,ITA,MF,29.0,1995.0,22.7,,,,,,,15,,,,,,,,
ITA-Serie A,2425,Roma,Devyne Rensch,NED,"MF,DF",21.0,2003.0,5.2,,,,,,,11,,,,,,,,
ITA-Serie A,2425,Roma,Eldor Shomurodov,UZB,FW,29.0,1995.0,12.2,,,,,,,6,,,,,,,,
ITA-Serie A,2425,Roma,Enzo Le Fée,FRA,MF,24.0,2000.0,3.5,,,,,,,7,,,,,,,,
ITA-Serie A,2425,Roma,Gianluca Mancini,ITA,DF,28.0,1996.0,34.9,,,,,,,32,,,,,,,,
ITA-Serie A,2425,Roma,Leandro Paredes,ARG,MF,30.0,1994.0,15.3,,,,,,,57,,,,,,,,
ITA-Serie A,2425,Roma,Lorenzo Pellegrini,ITA,MF,28.0,1996.0,18.1,,,,,,,49,,,,,,,,
ITA-Serie A,2425,Roma,Lucas Gourna-Douath,FRA,MF,20.0,2003.0,2.5,,,,,,,2,,,,,,,,
ITA-Serie A,2425,Roma,Manu Koné,FRA,MF,23.0,2001.0,28.6,,,,,,,2,,,,,,,,
ITA-Serie A,2425,Roma,Mario Hermoso,ESP,DF,29.0,1995.0,2.8,,,,,,,3,,,,,,,,
ITA-Serie A,2425,Roma,Mats Hummels,GER,DF,35.0,1988.0,10.2,,,,,,,2,,,,,,,,
ITA-Serie A,2425,Roma,Matìas Soulé,ARG,MF,21.0,2003.0,19.8,,,,,,,87,,,,,,,,
ITA-Serie A,2425,Roma,Mile Svilar,SRB,GK,24.0,1999.0,38.0,,,,,,,0,,,,,,,,
ITA-Serie A,2425,Roma,Niccolò Pisilli,ITA,MF,19.0,2004.0,13.6,,,,,,,10,,,,,,,,
ITA-Serie A,2425,Roma,Nicola Zalewski,POL,MF,22.0,2002.0,5.9,,,,,,,28,,,,,,,,
ITA-Serie A,2425,Roma,Obite N'Dicka,CIV,DF,24.0,1999.0,38.0,,,,,,,0,,,,,,,,
ITA-Serie A,2425,Roma,Paulo Dybala,ARG,"FW,MF",30.0,1993.0,15.7,,,,,,,62,,,,,,,,
ITA-Serie A,2425,Roma,Samuel Dahl,SWE,DF,21.0,2003.0,0.5,,,,,,,1,,,,,,,,
ITA-Serie A,2425,Roma,Saud Abdulhamid,KSA,MF,25.0,1999.0,2.3,,,,,,,7,,,,,,,,
ITA-Serie A,2425,Roma,Stephan El Shaarawy,ITA,"MF,FW",31.0,1992.0,12.2,,,,,,,27,,,,,,,,
ITA-Serie A,2425,Roma,Tammy Abraham,ENG,FW,26.0,1997.0,0.0,,,,,,,0,,,,,,,,
ITA-Serie A,2425,Roma,Tommaso Baldanzi,ITA,"MF,FW",21.0,2003.0,9.2,,,,,,,6,,,,,,,,
ITA-Serie A,2425,Roma,Victor Nelsson,DEN,DF,25.0,1998.0,2.1,,,,,,,0,,,,,,,,
ITA-Serie A,2425,Roma,Zeki Çelik,TUR,"DF,MF",27.0,1997.0,25.1,,,,,,,42,,,,,,,,
ITA-Serie A,2425,Torino,Aaron Ciammaglichella,ITA,MF,19.0,2005.0,0.0,,,,,,,0,,,,,,,,
ITA-Serie A,2425,Torino,Adam Masina,MAR,DF,30.0,1994.0,21.3,,,,,,,14,,,,,,,,
ITA-Serie A,2425,Torino,Adrien Tameze,CMR,"MF,DF",30.0,1994.0,7.2,,,,,,,9,,,,,,,,
ITA-Serie A,2425,Torino,Alberto Paleari,ITA,GK,31.0,1992.0,1.0,,,,,,,0,,,,,,,,
ITA-Serie A,2425,Torino,Alessio Cacciamani,ITA,MF,17.0,2007.0,0.3,,,,,,,3,,,,,,,,
ITA-Serie A,2425,Torino,Ali Dembélé,FRA,DF,20.0,2004.0,4.3,,,,,,,7,,,,,,,,
ITA-Serie A,2425,Torino,Alieu Njie,SWE,FW,19.0,2005.0,4.4,,,,,,,6,,,,,,,,
ITA-Serie A,2425,Torino,Antonio Sanabria,PAR,FW,28.0,1996.0,14.6,,,,,,,0,,,,,,,,
ITA-Serie A,2425,Torino,Borna Sosa,CRO,"MF,DF",26.0,1998.0,13.1,,,,,,,52,,,,,,,,
ITA-Serie A,2425,Torino,Cesare Casadei,ITA,MF,21.0,2003.0,11.3,,,,,,,2,,,,,,,,
ITA-Serie A,2425,Torino,Ché Adams,SCO,FW,28.0,1996.0,29.5,,,,,,,10,,,,,,,,
ITA-Serie A,2425,Torino,Cristiano Biraghi,ITA,DF,31.0,1992.0,12.9,,,,,,,106,,,,,,,,
ITA-Serie A,2425,Torino,Duván Zapata,COL,FW,33.0,1991.0,6.5,,,,,,,3,,,,,,,,
ITA-Serie A,2425,Torino,Elif Elmas,MKD,"MF,FW",24.0,1999.0,11.3,,,,,,,23,,,,,,,,
ITA-Serie A,2425,Torino,Guillermo Maripán,CHI,DF,30.0,1994.0,26.0,,,,,,,1,,,,,,,,
ITA-Serie A,2425,Torino,Gvidas Gineitis,LTU,MF,20.0,2004.0,15.9,,,,,,,50,,,,,,,,
ITA-Serie A,2425,Torino,Ivan Ilić,SRB,MF,23.0,2001.0,10.2,,,,,,,27,,,,,,,,
ITA-Serie A,2425,Torino,Karol Linetty,POL,MF,29.0,1995.0,17.1,,,,,,,3,,,,,,,,
ITA-Serie A,2425,Torino,Marcus Pedersen,NOR,"MF,DF",24.0,2000.0,15.1,,,,,,,56,,,,,,,,
ITA-Serie A,2425,Torino,Mërgim Vojvoda,KVX,"DF,MF",29.0,1995.0,12.3,,,,,,,40,,,,,,,,
ITA-Serie A,2425,Torino,Nikola Vlašić,CRO,"MF,FW",26.0,1997.0,23.5,,,,,,,25,,,,,,,,
ITA-Serie A,2425,Torino,Raoul Bellanova,ITA,MF,24.0,2000.0,1.0,,,,,,,5,,,,,,,,
ITA-Serie A,2425,Torino,Saba Sazonov,GEO,DF,22.0,2002.0,0.0,,,,,,,0,,,,,,,,
ITA-Serie A,2425,Torino,Samuele Ricci,ITA,MF,22.0,2001.0,31.4,,,,,,,30,,,,,,,,
ITA-Serie A,2425,Torino,Saúl Coco,EQG,DF,25.0,1999.0,31.6,,,,,,,2,,,,,,,,
ITA-Serie A,2425,Torino,Sebastian Walukiewicz,POL,DF,24.0,2000.0,18.5,,,,,,,24,,,,,,,,
ITA-Serie A,2425,Torino,Sergiu Perciun,MDA,MF,18.0,2006.0,1.7,,,,,,,5,,,,,,,,
ITA-Serie A,2425,Torino,Tommaso Gabellini,ITA,FW,17.0,2006.0,0.1,,,,,,,0,,,,,,,,
ITA-Serie A,2425,Torino,Valentino Lazaro,AUT,MF,28.0,1996.0,25.6,,,,,,,142,,,,,,,,
ITA-Serie A,2425,Torino,Vanja Milinković-Savić,SRB,GK,27.0,1997.0,37.0,,,,,,,0,,,,,,,,
ITA-Serie A,2425,Torino,Yann Karamoh,FRA,"MF,FW",26.0,1998.0,11.6,,,,,,,24,,,,,,,,
ITA-Serie A,2425,Udinese,Alexis Sánchez,CHI,FW,35.0,1988.0,4.9,,,,,,,9,,,,,,,,
ITA-Serie A,2425,Udinese,Arthur Atta,FRA,"MF,FW",21.0,2003.0,13.9,,,,,,,24,,,,,,,,
ITA-Serie A,2425,Udinese,Brenner,BRA,"MF,FW",24.0,2000.0,4.3,,,,,,,11,,,,,,,,
ITA-Serie A,2425,Udinese,Christian Kabasele,BEL,DF,33.0,1991.0,12.9,,,,,,,2,,,,,,,,
ITA-Serie A,2425,Udinese,Damián Pizarro,CHI,FW,19.0,2005.0,0.2,,,,,,,0,,,,,,,,
ITA-Serie A,2425,Udinese,Daniele Padelli,ITA,GK,38.0,1985.0,1.0,,,,,,,0,,,,,,,,
ITA-Serie A,2425,Udinese,Enzo Ebosse,CMR,DF,25.0,1999.0,1.0,,,,,,,0,,,,,,,,
ITA-Serie A,2425,Udinese,Florian Thauvin,FRA,"FW,MF",31.0,1993.0,21.7,,,,,,,165,,,,,,,,
ITA-Serie A,2425,Udinese,Hassane Kamara,CIV,"MF,DF",30.0,1994.0,22.2,,,,,,,107,,,,,,,,
ITA-Serie A,2425,Udinese,Iker Bravo,ESP,FW,19.0,2005.0,7.6,,,,,,,8,,,,,,,,
ITA-Serie A,2425,Udinese,Jaka Bijol,SVN,DF,25.0,1999.0,32.9,,,,,,,2,,,,,,,,
ITA-Serie A,2425,Udinese,James Abankwah,IRL,DF,20.0,2004.0,1.0,,,,,,,0,,,,,,,,
ITA-Serie A,2425,Udinese,Jesper Karlström,SWE,MF,29.0,1995.0,35.4,,,,,,,15,,,,,,,,
ITA-Serie A,2425,Udinese,Jordan Zemura,ZIM,"MF,DF",24.0,1999.0,15.7,,,,,,,39,,,,,,,,
ITA-Serie A,2425,Udinese,Jurgen Ekkelenkamp,NED,MF,24.0,2000.0,21.0,,,,,,,13,,,,,,,,
ITA-Serie A,2425,Udinese,Keinan Davis,ENG,FW,26.0,1998.0,11.8,,,,,,,3,,,,,,,,
ITA-Serie A,2425,Udinese,Kingsley Ehizibue,NED,"MF,DF",29.0,1995.0,27.8,,,,,,,60,,,,,,,,
ITA-Serie A,2425,Udinese,Lautaro Gianetti,ARG,DF,30.0,1993.0,9.8,,,,,,,0,,,,,,,,
ITA-Serie A,2425,Udinese,Lorenzo Lucca,ITA,FW,23.0,2000.0,26.1,,,,,,,5,,,,,,,,
ITA-Serie A,2425,Udinese,Maduka Okoye,NGA,GK,24.0,1999.0,25.0,,,,,,,0,,,,,,,,
ITA-Serie A,2425,Udinese,Martín Payero,ARG,MF,25.0,1998.0,15.3,,,,,,,39,,,,,,,,
ITA-Serie A,2425,Udinese,Matteo Palma,GER,DF,16.0,2008.0,0.1,,,,,,,0,,,,,,,,
ITA-Serie A,2425,Udinese,Nehuén Pérez,ARG,DF,24.0,2000.0,2.0,,,,,,,0,,,,,,,,
ITA-Serie A,2425,Udinese,Oier Zarraga,ESP,MF,25.0,1999.0,10.0,,,,,,,19,,,,,,,,
ITA-Serie A,2425,Udinese,Oumar Solet,FRA,DF,24.0,2000.0,18.6,,,,,,,9,,,,,,,,
ITA-Serie A,2425,Udinese,Razvan Sava,ROU,GK,22.0,2002.0,12.0,,,,,,,0,,,,,,,,
ITA-Serie A,2425,Udinese,Rui Modesto,ANG,MF,24.0,1999.0,6.8,,,,,,,26,,,,,,,,
ITA-Serie A,2425,Udinese,Sandi Lovrić,SVN,MF,26.0,1998.0,25.6,,,,,,,89,,,,,,,,
ITA-Serie A,2425,Udinese,Simone Pafundi,ITA,FW,18.0,2006.0,1.3,,,,,,,13,,,,,,,,
ITA-Serie A,2425,Udinese,Souleymane Touré,FRA,DF,21.0,2003.0,8.1,,,,,,,6,,,,,,,,
ITA-Serie A,2425,Udinese,Thomas Kristensen,DEN,DF,22.0,2002.0,19.5,,,,,,,10,,,,,,,,
ITA-Serie A,2425,Venezia,Alessandro Marcandalli,ITA,DF,21.0,2002.0,3.9,,,,,,,0,,,,,,,,
ITA-Serie A,2425,Venezia,Alessio Zerbin,ITA,MF,25.0,1999.0,16.9,,,,,,,75,,,,,,,,
ITA-Serie A,2425,Venezia,Alfred Duncan,GHA,MF,31.0,1993.0,10.6,,,,,,,17,,,,,,,,
ITA-Serie A,2425,Venezia,Antonio Candela,ITA,"MF,DF",24.0,2000.0,11.2,,,,,,,21,,,,,,,,
ITA-Serie A,2425,Venezia,Antonio Raimondo,ITA,FW,20.0,2004.0,1.0,,,,,,,1,,,,,,,,
ITA-Serie A,2425,Venezia,Bjarki Bjarkason,ISL,MF,24.0,2000.0,1.8,,,,,,,7,,,,,,,,
ITA-Serie A,2425,Venezia,Cheick Oumar Conde,GUI,MF,24.0,2000.0,1.7,,,,,,,0,,,,,,,,
ITA-Serie A,2425,Venezia,Christian Gytkjær,DEN,FW,34.0,1990.0,8.4,,,,,,,0,,,,,,,,
ITA-Serie A,2425,Venezia,Daniel Fila,CZE,FW,21.0,2002.0,5.5,,,,,,,0,,,,,,,,
ITA-Serie A,2425,Venezia,Domen Črnigoj,SVN,MF,28.0,1995.0,1.5,,,,,,,2,,,,,,,,
ITA-Serie A,2425,Venezia,Fali Candé,GNB,DF,26.0,1998.0,17.0,,,,,,,7,,,,,,,,
ITA-Serie A,2425,Venezia,Filip Stankovic,SRB,GK,22.0,2002.0,15.2,,,,,,,0,,,,,,,,
ITA-Serie A,2425,Venezia,Francesco Zampano,ITA,MF,30.0,1993.0,18.2,,,,,,,49,,,,,,,,
ITA-Serie A,2425,Venezia,Franco Carboni,ITA,MF,21.0,2003.0,2.5,,,,,,,8,,,,,,,,
ITA-Serie A,2425,Venezia,Gaetano Oristanio,ITA,"FW,MF",21.0,2002.0,25.7,,,,,,,56,,,,,,,,
ITA-Serie A,2425,Venezia,Gianluca Busio,USA,MF,22.0,2002.0,28.0,,,,,,,30,,,,,,,,
ITA-Serie A,2425,Venezia,Giorgio Altare,ITA,DF,25.0,1998.0,8.4,,,,,,,7,,,,,,,,
ITA-Serie A,2425,Venezia,Hans Nicolussi Caviglia,ITA,MF,24.0,2000.0,31.8,,,,,,,69,,,,,,,,
ITA-Serie A,2425,Venezia,Ionuț Radu,ROU,GK,27.0,1997.0,15.0,,,,,,,0,,,,,,,,
ITA-Serie A,2425,Venezia,Issa Doumbia,ITA,MF,20.0,2003.0,10.4,,,,,,,10,,,,,,,,
ITA-Serie A,2425,Venezia,Jay Idzes,IDN,DF,24.0,2000.0,34.7,,,,,,,6,,,,,,,,
ITA-Serie A,2425,Venezia,Jesse Joronen,FIN,GK,31.0,1993.0,7.8,,,,,,,0,,,,,,,,
ITA-Serie A,2425,Venezia,Joel Pohjanpalo,FIN,FW,29.0,1994.0,17.8,,,,,,,3,,,,,,,,
ITA-Serie A,2425,Venezia,John Yeboah,ECU,"FW,MF",24.0,2000.0,13.6,,,,,,,26,,,,,,,,
ITA-Serie A,2425,Venezia,Joël Schingtienne,BEL,DF,21.0,2002.0,12.5,,,,,,,0,,,,,,,,
ITA-Serie A,2425,Venezia,Kike Pérez,ESP,MF,27.0,1997.0,12.4,,,,,,,48,,,,,,,,
ITA-Serie A,2425,Venezia,Magnus Kofod Andersen,DEN,MF,25.0,1999.0,7.7,,,,,,,16,,,,,,,,
ITA-Serie A,2425,Venezia,Marin Šverko,CRO,DF,26.0,1998.0,12.4,,,,,,,2,,,,,,,,
ITA-Serie A,2425,Venezia,Michael Svoboda,AUT,DF,25.0,1998.0,14.6,,,,,,,2,,,,,,,,
ITA-Serie A,2425,Venezia,Mikael Ellertsson,ISL,MF,22.0,2002.0,27.4,,,,,,,28,,,,,,,,
ITA-Serie A,2425,Venezia,Mirko Marić,CRO,FW,29.0,1995.0,4.0,,,,,,,3,,,,,,,,
ITA-Serie A,2425,Venezia,Nicholas Pierini,ITA,"FW,MF",25.0,1998.0,0.9,,,,,,,3,,,,,,,,
ITA-Serie A,2425,Venezia,Nunzio Lella,ITA,MF,24.0,2000.0,0.1,,,,,,,0,,,,,,,,
ITA-Serie A,2425,Venezia,Richie Sagrado,BEL,"MF,DF",20.0,2004.0,1.6,,,,,,,0,,,,,,,,
ITA-Serie A,2425,Venezia,Ridgeciano Haps,SUR,"MF,DF",31.0,1993.0,15.2,,,,,,,26,,,,,,,,
ITA-Serie A,2425,Venezia,Saad El Haddad,MAR,MF,19.0,2005.0,0.3,,,,,,,0,,,,,,,,
ITA-Serie A,2526,Atalanta,Ademola Lookman,NGA,"FW,MF",27.0,1997.0,8.8,,,,,,,21,,,,,,,,
ITA-Serie A,2526,Atalanta,Berat Djimsiti,ALB,DF,32.0,1993.0,28.1,,,,,,,2,,,,,,,,
ITA-Serie A,2526,Atalanta,Charles De Ketelaere,BEL,"MF,FW",24.0,2001.0,24.2,,,,,,,46,,,,,,,,
ITA-Serie A,2526,Atalanta,Daniel Maldini,ITA,MF,23.0,2001.0,2.9,,,,,,,10,,,,,,,,
ITA-Serie A,2526,Atalanta,Davide Zappacosta,ITA,MF,33.0,1992.0,28.5,,,,,,,107,,,,,,,,
ITA-Serie A,2526,Atalanta,Dominic Vavassori,ITA,FW,19.0,2005.0,0.1,,,,,,,0,,,,,,,,
ITA-Serie A,2526,Atalanta,Giacomo Raspadori,ITA,"MF,FW",25.0,2000.0,8.8,,,,,,,44,,,,,,,,
ITA-Serie A,2526,Atalanta,Gianluca Scamacca,ITA,FW,26.0,1999.0,14.6,,,,,,,0,,,,,,,,
ITA-Serie A,2526,Atalanta,Giorgio Scalvini,ITA,DF,21.0,2003.0,20.1,,,,,,,5,,,,,,,,
ITA-Serie A,2526,Atalanta,Honest Ahanor,ITA,DF,17.0,2008.0,15.3,,,,,,,2,,,,,,,,
ITA-Serie A,2526,Atalanta,Isak Hien,SWE,DF,26.0,1999.0,21.9,,,,,,,0,,,,,,,,
ITA-Serie A,2526,Atalanta,Kamaldeen Sulemana,GHA,MF,23.0,2002.0,11.2,,,,,,,22,,,,,,,,
ITA-Serie A,2526,Atalanta,Lazar Samardzic,SRB,MF,23.0,2002.0,11.4,,,,,,,68,,,,,,,,
ITA-Serie A,2526,Atalanta,Lorenzo Bernasconi,ITA,MF,21.0,2003.0,17.5,,,,,,,113,,,,,,,,
ITA-Serie A,2526,Atalanta,Marco Brescianini,ITA,MF,25.0,2000.0,2.0,,,,,,,6,,,,,,,,
ITA-Serie A,2526,Atalanta,Marco Carnesecchi,ITA,GK,25.0,2000.0,37.0,,,,,,,1,,,,,,,,
ITA-Serie A,2526,Atalanta,Marco Sportiello,ITA,GK,33.0,1992.0,1.0,,,,,,,0,,,,,,,,
ITA-Serie A,2526,Atalanta,Mario Pašalić,CRO,MF,30.0,1995.0,21.5,,,,,,,11,,,,,,,,
ITA-Serie A,2526,Atalanta,Marten de Roon,NED,MF,34.0,1991.0,29.9,,,,,,,13,,,,,,,,
ITA-Serie A,2526,Atalanta,Mitchel Bakker,NED,"DF,MF",25.0,2000.0,0.1,,,,,,,0,,,,,,,,
ITA-Serie A,2526,Atalanta,Nicola Zalewski,POL,MF,23.0,2002.0,21.1,,,,,,,124,,,,,,,,
ITA-Serie A,2526,Atalanta,Nikola Krstović,MNE,FW,25.0,2000.0,19.9,,,,,,,5,,,,,,,,
ITA-Serie A,2526,Atalanta,Odilon Kossounou,CIV,DF,24.0,2001.0,11.0,,,,,,,2,,,,,,,,
ITA-Serie A,2526,Atalanta,Raoul Bellanova,ITA,MF,25.0,2000.0,15.3,,,,,,,84,,,,,,,,
ITA-Serie A,2526,Atalanta,Sead Kolašinac,BIH,DF,32.0,1993.0,13.5,,,,,,,3,,,,,,,,
ITA-Serie A,2526,Atalanta,Yunus Musah,USA,MF,22.0,2002.0,6.4,,,,,,,10,,,,,,,,
ITA-Serie A,2526,Atalanta,Éderson Silva,BRA,MF,26.0,1999.0,24.8,,,,,,,12,,,,,,,,
ITA-Serie A,2526,Bologna,Babis Lykogiannis,GRE,DF,31.0,1993.0,7.0,,,,,,,45,,,,,,,,
ITA-Serie A,2526,Bologna,Benjamín Domínguez,ARG,MF,21.0,2003.0,6.1,,,,,,,7,,,,,,,,
ITA-Serie A,2526,Bologna,Ciro Immobile,ITA,FW,35.0,1990.0,2.1,,,,,,,3,,,,,,,,
ITA-Serie A,2526,Bologna,Eivind Helland,NOR,DF,20.0,2005.0,5.4,,,,,,,0,,,,,,,,
ITA-Serie A,2526,Bologna,Emil Holm,SWE,DF,25.0,2000.0,7.3,,,,,,,23,,,,,,,,
ITA-Serie A,2526,Bologna,Federico Bernardeschi,ITA,"MF,FW",31.0,1994.0,13.5,,,,,,,48,,,,,,,,
ITA-Serie A,2526,Bologna,Federico Ravaglia,ITA,GK,25.0,1999.0,16.3,,,,,,,0,,,,,,,,
ITA-Serie A,2526,Bologna,Giovanni Fabbian,ITA,MF,22.0,2003.0,7.8,,,,,,,2,,,,,,,,
ITA-Serie A,2526,Bologna,Ibrahim Sulemana,GHA,MF,22.0,2003.0,0.5,,,,,,,0,,,,,,,,
ITA-Serie A,2526,Bologna,Jens Odgaard,DEN,MF,26.0,1999.0,15.3,,,,,,,15,,,,,,,,
ITA-Serie A,2526,Bologna,Jhon Lucumí,COL,DF,27.0,1998.0,25.4,,,,,,,1,,,,,,,,
ITA-Serie A,2526,Bologna,Jonathan Rowe,ENG,"MF,FW",22.0,2003.0,17.8,,,,,,,53,,,,,,,,
ITA-Serie A,2526,Bologna,João Mário Lopes,POR,"DF,MF",25.0,2000.0,8.2,,,,,,,15,,,,,,,,
ITA-Serie A,2526,Bologna,Juan Miranda,ESP,DF,25.0,2000.0,28.6,,,,,,,171,,,,,,,,
ITA-Serie A,2526,Bologna,Lewis Ferguson,SCO,MF,25.0,1999.0,17.8,,,,,,,25,,,,,,,,
ITA-Serie A,2526,Bologna,Lorenzo De Silvestri,ITA,DF,37.0,1988.0,5.5,,,,,,,7,,,,,,,,
ITA-Serie A,2526,Bologna,Martin Vitík,CZE,DF,22.0,2003.0,14.7,,,,,,,2,,,,,,,,
ITA-Serie A,2526,Bologna,Massimo Pessina,ITA,GK,17.0,2007.0,3.9,,,,,,,0,,,,,,,,
ITA-Serie A,2526,Bologna,Nadir Zortea,ITA,DF,26.0,1999.0,20.2,,,,,,,67,,,,,,,,
ITA-Serie A,2526,Bologna,Nicolò Cambiaghi,ITA,"MF,FW",24.0,2000.0,16.9,,,,,,,63,,,,,,,,
ITA-Serie A,2526,Bologna,Nicolò Casale,ITA,DF,27.0,1998.0,7.5,,,,,,,2,,,,,,,,
ITA-Serie A,2526,Bologna,Nikola Moro,CRO,MF,27.0,1998.0,20.0,,,,,,,49,,,,,,,,
ITA-Serie A,2526,Bologna,Remo Freuler,SUI,MF,33.0,1992.0,24.6,,,,,,,18,,,,,,,,
ITA-Serie A,2526,Bologna,Riccardo Orsolini,ITA,"MF,FW",28.0,1997.0,23.5,,,,,,,41,,,,,,,,
ITA-Serie A,2526,Bologna,Santiago Castro,ARG,FW,20.0,2004.0,26.2,,,,,,,4,,,,,,,,
ITA-Serie A,2526,Bologna,Simon Sohm,SUI,MF,24.0,2001.0,8.0,,,,,,,2,,,,,,,,
ITA-Serie A,2526,Bologna,Thijs Dallinga,NED,FW,24.0,2000.0,9.0,,,,,,,5,,,,,,,,
ITA-Serie A,2526,Bologna,Tommaso Pobega,ITA,MF,26.0,1999.0,15.9,,,,,,,2,,,,,,,,
ITA-Serie A,2526,Bologna,Torbjørn Heggem,NOR,DF,26.0,1999.0,23.5,,,,,,,1,,,,,,,,
ITA-Serie A,2526,Bologna,Łukasz Skorupski,POL,GK,34.0,1991.0,17.7,,,,,,,0,,,,,,,,
ITA-Serie A,2526,Cagliari,Adam Obert,SVK,"DF,MF",22.0,2002.0,30.8,,,,,,,69,,,,,,,,
ITA-Serie A,2526,Cagliari,Agustín Albarracín,URU,FW,19.0,2005.0,0.4,,,,,,,2,,,,,,,,
ITA-Serie A,2526,Cagliari,Alberto Dossena,ITA,DF,26.0,1998.0,9.5,,,,,,,0,,,,,,,,
ITA-Serie A,2526,Cagliari,Alessandro Deiola,ITA,"MF,DF",29.0,1995.0,15.9,,,,,,,2,,,,,,,,
ITA-Serie A,2526,Cagliari,Alessandro Di Pardo,ITA,"DF,MF",26.0,1999.0,0.6,,,,,,,0,,,,,,,,
ITA-Serie A,2526,Cagliari,Andrea Belotti,ITA,FW,31.0,1993.0,2.5,,,,,,,1,,,,,,,,
ITA-Serie A,2526,Cagliari,Elia Caprile,ITA,GK,23.0,2001.0,38.0,,,,,,,0,,,,,,,,
ITA-Serie A,2526,Cagliari,Gabriele Zappa,ITA,"DF,MF",25.0,1999.0,17.7,,,,,,,37,,,,,,,,
ITA-Serie A,2526,Cagliari,Gennaro Borrelli,ITA,FW,25.0,2000.0,14.2,,,,,,,2,,,,,,,,
ITA-Serie A,2526,Cagliari,Gianluca Gaetano,ITA,"MF,FW",25.0,2000.0,21.2,,,,,,,38,,,,,,,,
ITA-Serie A,2526,Cagliari,Ibrahim Sulemana,GHA,MF,22.0,2003.0,9.6,,,,,,,2,,,,,,,,
ITA-Serie A,2526,Cagliari,Joseph Liteta,ZAM,MF,19.0,2006.0,2.9,,,,,,,0,,,,,,,,
ITA-Serie A,2526,Cagliari,Juan Rodríguez,URU,DF,20.0,2005.0,14.6,,,,,,,5,,,,,,,,
ITA-Serie A,2526,Cagliari,Leonardo Pavoletti,ITA,FW,36.0,1988.0,2.5,,,,,,,0,,,,,,,,
ITA-Serie A,2526,Cagliari,Luca Mazzitelli,ITA,MF,29.0,1995.0,8.5,,,,,,,9,,,,,,,,
ITA-Serie A,2526,Cagliari,Marco Palestra,ITA,"MF,DF",20.0,2005.0,34.2,,,,,,,106,,,,,,,,
ITA-Serie A,2526,Cagliari,Matteo Prati,ITA,MF,21.0,2003.0,14.1,,,,,,,13,,,,,,,,
ITA-Serie A,2526,Cagliari,Mattia Felici,ITA,MF,24.0,2001.0,4.6,,,,,,,23,,,,,,,,
ITA-Serie A,2526,Cagliari,Michael Folorunsho,ITA,"MF,FW",27.0,1998.0,22.2,,,,,,,22,,,,,,,,
ITA-Serie A,2526,Cagliari,Michel Ndary Adopo,FRA,MF,25.0,2000.0,33.9,,,,,,,26,,,,,,,,
ITA-Serie A,2526,Cagliari,Nicolò Cavuoti,ITA,MF,22.0,2003.0,0.5,,,,,,,0,,,,,,,,
ITA-Serie A,2526,Cagliari,Othniel Raterink,NED,DF,19.0,2006.0,0.1,,,,,,,0,,,,,,,,
ITA-Serie A,2526,Cagliari,Paul Mendy,SEN,FW,18.0,2007.0,3.7,,,,,,,2,,,,,,,,
ITA-Serie A,2526,Cagliari,Riyad Idrissi,ITA,"MF,DF",20.0,2005.0,8.7,,,,,,,23,,,,,,,,
ITA-Serie A,2526,Cagliari,Sebastiano Esposito,ITA,"FW,MF",23.0,2002.0,29.7,,,,,,,139,,,,,,,,
ITA-Serie A,2526,Cagliari,Sebastiano Luperto,ITA,DF,28.0,1996.0,19.0,,,,,,,1,,,,,,,,
ITA-Serie A,2526,Cagliari,Semih Kılıçsoy,TUR,FW,19.0,2005.0,10.8,,,,,,,1,,,,,,,,
ITA-Serie A,2526,Cagliari,Yael Trepy,,FW,,,1.0,,,,,,,7,,,,,,,,
ITA-Serie A,2526,Cagliari,Yerry Mina,COL,DF,30.0,1994.0,23.9,,,,,,,1,,,,,,,,
ITA-Serie A,2526,Cagliari,Zito Luvumbo,ANG,"MF,FW",23.0,2002.0,3.7,,,,,,,7,,,,,,,,
ITA-Serie A,2526,Cagliari,Zé Pedro Figueiredo,POR,DF,28.0,1997.0,18.9,,,,,,,5,,,,,,,,
ITA-Serie A,2526,Como,Alberto Moreno,ESP,DF,33.0,1992.0,13.7,,,,,,,34,,,,,,,,
ITA-Serie A,2526,Como,Anastasios Douvikas,GRE,FW,25.0,1999.0,25.3,,,,,,,4,,,,,,,,
ITA-Serie A,2526,Como,Andréa Le Borgne,FRA,MF,19.0,2006.0,0.0,,,,,,,0,,,,,,,,
ITA-Serie A,2526,Como,Assane Diao,SEN,MF,19.0,2005.0,11.9,,,,,,,27,,,,,,,,
ITA-Serie A,2526,Como,Diego Carlos,BRA,DF,32.0,1993.0,21.7,,,,,,,2,,,,,,,,
ITA-Serie A,2526,Como,Edoardo Goldaniga,ITA,DF,31.0,1993.0,0.2,,,,,,,0,,,,,,,,
ITA-Serie A,2526,Como,Ignace Van Der Brempt,BEL,DF,23.0,2002.0,10.3,,,,,,,11,,,,,,,,
ITA-Serie A,2526,Como,Ivan Smolčić,CRO,DF,24.0,2000.0,18.5,,,,,,,29,,,,,,,,
ITA-Serie A,2526,Como,Jacobo Ramón,ESP,DF,20.0,2005.0,30.5,,,,,,,11,,,,,,,,
ITA-Serie A,2526,Como,Jayden Addai,NED,MF,19.0,2005.0,7.6,,,,,,,10,,,,,,,,
ITA-Serie A,2526,Como,Jean Butez,FRA,GK,30.0,1995.0,38.0,,,,,,,0,,,,,,,,
ITA-Serie A,2526,Como,Jesus Rodríguez,ESP,MF,19.0,2005.0,19.2,,,,,,,57,,,,,,,,
ITA-Serie A,2526,Como,Lucas Da Cunha,FRA,MF,24.0,2001.0,30.4,,,,,,,99,,,,,,,,
ITA-Serie A,2526,Como,Marc-Oliver Kempf,GER,DF,30.0,1995.0,25.8,,,,,,,0,,,,,,,,
ITA-Serie A,2526,Como,Martin Baturina,CRO,"MF,FW",22.0,2003.0,17.4,,,,,,,77,,,,,,,,
ITA-Serie A,2526,Como,Maxence Caqueret,FRA,MF,25.0,2000.0,16.5,,,,,,,36,,,,,,,,
ITA-Serie A,2526,Como,Máximo Perrone,ARG,MF,22.0,2003.0,30.5,,,,,,,11,,,,,,,,
ITA-Serie A,2526,Como,Mërgim Vojvoda,KVX,"MF,DF",30.0,1995.0,17.7,,,,,,,66,,,,,,,,
ITA-Serie A,2526,Como,Nicolas-Gerrit Kühn,GER,MF,25.0,2000.0,7.4,,,,,,,14,,,,,,,,
ITA-Serie A,2526,Como,Nicolás Paz,ARG,MF,20.0,2004.0,32.0,,,,,,,63,,,,,,,,
ITA-Serie A,2526,Como,Sergi Roberto,ESP,MF,33.0,1992.0,6.0,,,,,,,2,,,,,,,,
ITA-Serie A,2526,Como,Stefan Posch,AUT,DF,28.0,1997.0,4.4,,,,,,,10,,,,,,,,
ITA-Serie A,2526,Como,Álex Valle,ESP,DF,21.0,2004.0,22.5,,,,,,,45,,,,,,,,
ITA-Serie A,2526,Como,Álvaro Morata,ESP,FW,32.0,1992.0,10.3,,,,,,,9,,,,,,,,
ITA-Serie A,2526,Cremonese,Alberto Grassi,ITA,MF,30.0,1995.0,19.5,,,,,,,3,,,,,,,,
ITA-Serie A,2526,Cremonese,Alessio Zerbin,ITA,MF,26.0,1999.0,18.3,,,,,,,58,,,,,,,,
ITA-Serie A,2526,Cremonese,Antonio Sanabria,PAR,FW,29.0,1996.0,10.5,,,,,,,2,,,,,,,,
ITA-Serie A,2526,Cremonese,Dachi Lordkipanidze,GEO,MF,20.0,2005.0,0.3,,,,,,,0,,,,,,,,
ITA-Serie A,2526,Cremonese,David Okereke,NGA,"FW,MF",27.0,1997.0,4.5,,,,,,,5,,,,,,,,
ITA-Serie A,2526,Cremonese,Dennis Johnsen,NOR,"MF,FW",27.0,1998.0,4.3,,,,,,,12,,,,,,,,
ITA-Serie A,2526,Cremonese,Emil Audero,IDN,GK,28.0,1997.0,34.0,,,,,,,0,,,,,,,,
ITA-Serie A,2526,Cremonese,Faris Pemi Moumbagna,CMR,FW,25.0,2000.0,1.0,,,,,,,1,,,,,,,,
ITA-Serie A,2526,Cremonese,Federico Baschirotto,ITA,DF,28.0,1996.0,28.2,,,,,,,8,,,,,,,,
ITA-Serie A,2526,Cremonese,Federico Bonazzoli,ITA,FW,28.0,1997.0,27.9,,,,,,,26,,,,,,,,
ITA-Serie A,2526,Cremonese,Federico Ceccherini,ITA,DF,33.0,1992.0,5.3,,,,,,,3,,,,,,,,
ITA-Serie A,2526,Cremonese,Filippo Terracciano,ITA,DF,22.0,2003.0,33.5,,,,,,,27,,,,,,,,
ITA-Serie A,2526,Cremonese,Francesco Folino,ITA,DF,23.0,2002.0,8.0,,,,,,,1,,,,,,,,
ITA-Serie A,2526,Cremonese,Franco Vázquez,ARG,"FW,MF",36.0,1989.0,5.8,,,,,,,19,,,,,,,,
ITA-Serie A,2526,Cremonese,Giuseppe Pezzella,ITA,"MF,DF",27.0,1997.0,28.7,,,,,,,128,,,,,,,,
ITA-Serie A,2526,Cremonese,Jamie Vardy,ENG,FW,38.0,1987.0,23.4,,,,,,,14,,,,,,,,
ITA-Serie A,2526,Cremonese,Jari Vandeputte,BEL,MF,29.0,1996.0,21.6,,,,,,,162,,,,,,,,
ITA-Serie A,2526,Cremonese,Jeremy Sarmiento,ECU,MF,23.0,2002.0,1.6,,,,,,,2,,,,,,,,
ITA-Serie A,2526,Cremonese,Manuel De Luca,ITA,FW,27.0,1998.0,0.2,,,,,,,0,,,,,,,,
ITA-Serie A,2526,Cremonese,Marco Silvestri,ITA,GK,34.0,1991.0,4.0,,,,,,,0,,,,,,,,
ITA-Serie A,2526,Cremonese,Martín Payero,ARG,MF,26.0,1998.0,16.2,,,,,,,34,,,,,,,,
ITA-Serie A,2526,Cremonese,Matteo Bianchetti,ITA,DF,32.0,1993.0,24.4,,,,,,,6,,,,,,,,
ITA-Serie A,2526,Cremonese,Michele Collocolo,ITA,MF,25.0,1999.0,4.0,,,,,,,5,,,,,,,,
ITA-Serie A,2526,Cremonese,Mikayil Ngor Faye,SEN,"MF,DF",21.0,2004.0,2.8,,,,,,,6,,,,,,,,
ITA-Serie A,2526,Cremonese,Milan Đurić,BIH,FW,35.0,1990.0,4.3,,,,,,,2,,,,,,,,
ITA-Serie A,2526,Cremonese,Morten Thorsby,NOR,MF,29.0,1996.0,7.1,,,,,,,0,,,,,,,,
ITA-Serie A,2526,Cremonese,Romano Floriani,ITA,MF,22.0,2003.0,13.0,,,,,,,29,,,,,,,,
ITA-Serie A,2526,Cremonese,Sebastiano Luperto,ITA,DF,28.0,1996.0,14.5,,,,,,,10,,,,,,,,
ITA-Serie A,2526,Cremonese,Simone Lottici Tessadri,ITA,MF,19.0,2006.0,0.1,,,,,,,0,,,,,,,,
ITA-Serie A,2526,Cremonese,Tommaso Barbieri,ITA,MF,22.0,2002.0,19.0,,,,,,,78,,,,,,,,
ITA-Serie A,2526,Cremonese,Warren Bondo,FRA,MF,21.0,2003.0,19.6,,,,,,,3,,,,,,,,
ITA-Serie A,2526,Cremonese,Youssef Maleh,MAR,MF,26.0,1998.0,12.2,,,,,,,41,,,,,,,,
ITA-Serie A,2526,Fiorentina,Abdelhamid Sabiri,MAR,MF,28.0,1996.0,0.3,,,,,,,4,,,,,,,,
ITA-Serie A,2526,Fiorentina,Albert Guðmundsson,ISL,"FW,MF",28.0,1997.0,25.0,,,,,,,54,,,,,,,,
ITA-Serie A,2526,Fiorentina,Amir Richardson,MAR,MF,23.0,2002.0,0.5,,,,,,,1,,,,,,,,
ITA-Serie A,2526,Fiorentina,Cher Ndour,ITA,MF,21.0,2004.0,20.8,,,,,,,20,,,,,,,,
ITA-Serie A,2526,Fiorentina,Christian Kouamé,CIV,"FW,MF",27.0,1997.0,0.3,,,,,,,2,,,,,,,,
ITA-Serie A,2526,Fiorentina,Daniele Rugani,ITA,DF,31.0,1994.0,3.6,,,,,,,0,,,,,,,,
ITA-Serie A,2526,Fiorentina,David de Gea,ESP,GK,34.0,1990.0,37.0,,,,,,,0,,,,,,,,
ITA-Serie A,2526,Fiorentina,Dodô,BRA,"DF,MF",26.0,1998.0,34.8,,,,,,,153,,,,,,,,
ITA-Serie A,2526,Fiorentina,Eddy Kouadio,CIV,DF,19.0,2006.0,0.8,,,,,,,1,,,,,,,,
ITA-Serie A,2526,Fiorentina,Edin Džeko,BIH,FW,39.0,1986.0,2.7,,,,,,,1,,,,,,,,
ITA-Serie A,2526,Fiorentina,Fabiano Parisi,ITA,"MF,FW",24.0,2000.0,16.9,,,,,,,39,,,,,,,,
ITA-Serie A,2526,Fiorentina,Giovanni Fabbian,ITA,MF,22.0,2003.0,5.2,,,,,,,4,,,,,,,,
ITA-Serie A,2526,Fiorentina,Hans Nicolussi Caviglia,ITA,MF,25.0,2000.0,6.5,,,,,,,30,,,,,,,,
ITA-Serie A,2526,Fiorentina,Jack Harrison,ENG,"FW,MF",28.0,1996.0,10.9,,,,,,,56,,,,,,,,
ITA-Serie A,2526,Fiorentina,Jacopo Fazzini,ITA,"MF,FW",22.0,2003.0,6.5,,,,,,,16,,,,,,,,
ITA-Serie A,2526,Fiorentina,Luca Lezzerini,ITA,GK,30.0,1995.0,0.0,,,,,,,0,,,,,,,,
ITA-Serie A,2526,Fiorentina,Luca Ranieri,ITA,DF,26.0,1999.0,27.3,,,,,,,27,,,,,,,,
ITA-Serie A,2526,Fiorentina,Luís Balbo,VEN,DF,19.0,2006.0,2.4,,,,,,,5,,,,,,,,
ITA-Serie A,2526,Fiorentina,Manor Solomon,ISR,"FW,MF",26.0,1999.0,9.9,,,,,,,47,,,,,,,,
ITA-Serie A,2526,Fiorentina,Marco Brescianini,ITA,MF,25.0,2000.0,9.6,,,,,,,11,,,,,,,,
ITA-Serie A,2526,Fiorentina,Marin Pongračić,CRO,DF,27.0,1997.0,32.4,,,,,,,4,,,,,,,,
ITA-Serie A,2526,Fiorentina,Mattia Viti,ITA,"MF,DF",23.0,2002.0,2.9,,,,,,,0,,,,,,,,
ITA-Serie A,2526,Fiorentina,Moise Kean,ITA,FW,25.0,2000.0,22.6,,,,,,,7,,,,,,,,
ITA-Serie A,2526,Fiorentina,Niccolò Fortini,ITA,MF,19.0,2006.0,6.0,,,,,,,29,,,,,,,,
ITA-Serie A,2526,Fiorentina,Nicolò Fagioli,ITA,MF,24.0,2001.0,28.4,,,,,,,84,,,,,,,,
ITA-Serie A,2526,Fiorentina,Oliver Christensen,DEN,GK,26.0,1999.0,1.0,,,,,,,0,,,,,,,,
ITA-Serie A,2526,Fiorentina,Pablo Marí,ESP,DF,31.0,1993.0,9.0,,,,,,,0,,,,,,,,
ITA-Serie A,2526,Fiorentina,Pietro Comuzzo,ITA,DF,20.0,2005.0,18.8,,,,,,,1,,,,,,,,
ITA-Serie A,2526,Fiorentina,Riccardo Braschi,ITA,FW,18.0,2006.0,1.2,,,,,,,1,,,,,,,,
ITA-Serie A,2526,Fiorentina,Roberto Piccoli,ITA,FW,24.0,2001.0,18.6,,,,,,,4,,,,,,,,
ITA-Serie A,2526,Fiorentina,Robin Gosens,GER,"DF,MF",31.0,1994.0,20.9,,,,,,,41,,,,,,,,
ITA-Serie A,2526,Fiorentina,Rolando Mandragora,ITA,MF,28.0,1997.0,26.9,,,,,,,69,,,,,,,,
ITA-Serie A,2526,Fiorentina,Simon Sohm,SUI,MF,24.0,2001.0,7.9,,,,,,,5,,,,,,,,
ITA-Serie A,2526,Fiorentina,Tariq Lamptey,GHA,MF,24.0,2000.0,0.3,,,,,,,1,,,,,,,,
ITA-Serie A,2526,Genoa,Aarón Martín,ESP,"MF,DF",28.0,1997.0,24.0,,,,,,,194,,,,,,,,
ITA-Serie A,2526,Genoa,Albert Grønbaek,DEN,MF,24.0,2001.0,1.1,,,,,,,1,,,,,,,,
ITA-Serie A,2526,Genoa,Alessandro Marcandalli,ITA,DF,22.0,2002.0,28.9,,,,,,,10,,,,,,,,
ITA-Serie A,2526,Genoa,Amorim,BRA,MF,20.0,2005.0,6.1,,,,,,,16,,,,,,,,
ITA-Serie A,2526,Genoa,Brooke Norton-Cuffy,ENG,"MF,DF",21.0,2004.0,24.6,,,,,,,80,,,,,,,,
ITA-Serie A,2526,Genoa,Caleb Ekuban,GHA,"FW,MF",31.0,1994.0,11.0,,,,,,,5,,,,,,,,
ITA-Serie A,2526,Genoa,Daniele Sommariva,ITA,GK,28.0,1997.0,2.0,,,,,,,0,,,,,,,,
ITA-Serie A,2526,Genoa,Filippo Carbone,ITA,MF,18.0,2006.0,0.1,,,,,,,0,,,,,,,,
ITA-Serie A,2526,Genoa,Gael Lafont,FRA,FW,19.0,2006.0,0.1,,,,,,,0,,,,,,,,
ITA-Serie A,2526,Genoa,Jacopo Grossi,ITA,MF,18.0,2006.0,0.2,,,,,,,3,,,,,,,,
ITA-Serie A,2526,Genoa,Jean Onana,CMR,MF,25.0,2000.0,0.5,,,,,,,1,,,,,,,,
ITA-Serie A,2526,Genoa,Jeff Ekhator,ITA,"FW,MF",18.0,2006.0,10.6,,,,,,,9,,,,,,,,
ITA-Serie A,2526,Genoa,Johan Vásquez,MEX,DF,26.0,1998.0,35.7,,,,,,,24,,,,,,,,
ITA-Serie A,2526,Genoa,Joi Nuredini,ALB,FW,17.0,2007.0,0.0,,,,,,,0,,,,,,,,
ITA-Serie A,2526,Genoa,Junior Messias,BRA,MF,34.0,1991.0,7.6,,,,,,,16,,,,,,,,
ITA-Serie A,2526,Genoa,Justin Bijlow,NED,GK,27.0,1998.0,15.5,,,,,,,0,,,,,,,,
ITA-Serie A,2526,Genoa,Latif Ouedraogo,BFA,DF,17.0,2007.0,0.6,,,,,,,3,,,,,,,,
ITA-Serie A,2526,Genoa,Leo Østigård,NOR,DF,25.0,1999.0,29.1,,,,,,,1,,,,,,,,
ITA-Serie A,2526,Genoa,Lorenzo Colombo,ITA,FW,23.0,2002.0,25.8,,,,,,,16,,,,,,,,
ITA-Serie A,2526,Genoa,Lorenzo Venturino,ITA,FW,19.0,2006.0,0.4,,,,,,,8,,,,,,,,
ITA-Serie A,2526,Genoa,Mamedi Doucouré,FRA,DF,18.0,2007.0,0.1,,,,,,,0,,,,,,,,
ITA-Serie A,2526,Genoa,Maxwel Cornet,CIV,MF,28.0,1996.0,1.3,,,,,,,13,,,,,,,,
ITA-Serie A,2526,Genoa,Mikael Ellertsson,ISL,MF,23.0,2002.0,30.7,,,,,,,32,,,,,,,,
ITA-Serie A,2526,Genoa,Morten Frendrup,DEN,MF,24.0,2001.0,34.2,,,,,,,5,,,,,,,,
ITA-Serie A,2526,Genoa,Morten Thorsby,NOR,MF,29.0,1996.0,8.1,,,,,,,5,,,,,,,,
ITA-Serie A,2526,Genoa,Nicola Leali,ITA,GK,32.0,1993.0,20.5,,,,,,,0,,,,,,,,
ITA-Serie A,2526,Genoa,Nicolae Stanciu,ROU,MF,32.0,1993.0,2.0,,,,,,,9,,,,,,,,
ITA-Serie A,2526,Genoa,Nils Zätterström,SWE,DF,20.0,2005.0,2.0,,,,,,,0,,,,,,,,
ITA-Serie A,2526,Genoa,Patrizio Masini,ITA,MF,24.0,2001.0,15.7,,,,,,,14,,,,,,,,
ITA-Serie A,2526,Genoa,Ruslan Malinovskyi,UKR,MF,32.0,1993.0,24.8,,,,,,,68,,,,,,,,
ITA-Serie A,2526,Genoa,Sebastian Otoa,DEN,DF,21.0,2004.0,9.2,,,,,,,1,,,,,,,,
ITA-Serie A,2526,Genoa,Seydou Fini,ITA,FW,19.0,2006.0,0.4,,,,,,,1,,,,,,,,
ITA-Serie A,2526,Genoa,Stefano Sabelli,ITA,"MF,DF",32.0,1993.0,10.1,,,,,,,27,,,,,,,,
ITA-Serie A,2526,Genoa,Tommaso Baldanzi,ITA,MF,22.0,2003.0,4.4,,,,,,,7,,,,,,,,
ITA-Serie A,2526,Genoa,Valentin Carboni,ARG,MF,20.0,2005.0,4.0,,,,,,,7,,,,,,,,
ITA-Serie A,2526,Genoa,Vitinha,POR,"FW,MF",25.0,2000.0,24.7,,,,,,,67,,,,,,,,
ITA-Serie A,2526,Hellas Verona,Abdou Harroui,NED,MF,27.0,1998.0,10.1,,,,,,,28,,,,,,,,
ITA-Serie A,2526,Hellas Verona,Al-Musrati,LBY,MF,29.0,1996.0,9.4,,,,,,,2,,,,,,,,
ITA-Serie A,2526,Hellas Verona,Amin Sarr,SWE,"FW,MF",24.0,2001.0,12.2,,,,,,,12,,,,,,,,
ITA-Serie A,2526,Hellas Verona,Andrias Edmundsson,FRO,DF,24.0,2000.0,14.7,,,,,,,4,,,,,,,,
ITA-Serie A,2526,Hellas Verona,Antoine Bernede,FRA,MF,26.0,1999.0,25.6,,,,,,,25,,,,,,,,
ITA-Serie A,2526,Hellas Verona,Armel Bella Kotchap,GER,DF,23.0,2001.0,15.0,,,,,,,1,,,,,,,,
ITA-Serie A,2526,Hellas Verona,Cheikh Niasse,SEN,MF,25.0,2000.0,10.8,,,,,,,14,,,,,,,,
ITA-Serie A,2526,Hellas Verona,Daniel Mosquera,COL,FW,25.0,1999.0,6.6,,,,,,,2,,,,,,,,
ITA-Serie A,2526,Hellas Verona,Daniel Oyegoke,ENG,"MF,DF",22.0,2003.0,6.6,,,,,,,32,,,,,,,,
ITA-Serie A,2526,Hellas Verona,Domagoj Bradarić,CRO,MF,25.0,1999.0,21.8,,,,,,,108,,,,,,,,
ITA-Serie A,2526,Hellas Verona,Enzo Ebosse,CMR,DF,26.0,1999.0,2.4,,,,,,,0,,,,,,,,
ITA-Serie A,2526,Hellas Verona,Fallou Cham,GAM,MF,19.0,2006.0,2.5,,,,,,,10,,,,,,,,
ITA-Serie A,2526,Hellas Verona,Gift Orban,NGA,FW,23.0,2002.0,22.5,,,,,,,14,,,,,,,,
ITA-Serie A,2526,Hellas Verona,Giovane,BRA,"FW,MF",21.0,2003.0,17.0,,,,,,,56,,,,,,,,
ITA-Serie A,2526,Hellas Verona,Grigoris Kastanos,CYP,MF,27.0,1998.0,0.5,,,,,,,2,,,,,,,,
ITA-Serie A,2526,Hellas Verona,Ioan Vermeșan,ROU,FW,18.0,2006.0,0.9,,,,,,,0,,,,,,,,
ITA-Serie A,2526,Hellas Verona,Isaac,BRA,FW,21.0,2004.0,0.4,,,,,,,1,,,,,,,,
ITA-Serie A,2526,Hellas Verona,Jean-Daniel Akpa-Akpro,CIV,MF,32.0,1992.0,16.7,,,,,,,17,,,,,,,,
ITA-Serie A,2526,Hellas Verona,Junior Ajayi,CIV,FW,20.0,2004.0,0.0,,,,,,,0,,,,,,,,
ITA-Serie A,2526,Hellas Verona,Kieron Bowie,SCO,FW,22.0,2002.0,13.3,,,,,,,6,,,,,,,,
ITA-Serie A,2526,Hellas Verona,Lorenzo Montipò,ITA,GK,29.0,1996.0,35.0,,,,,,,0,,,,,,,,
ITA-Serie A,2526,Hellas Verona,Martin Frese,DEN,"MF,DF",27.0,1998.0,26.8,,,,,,,74,,,,,,,,
ITA-Serie A,2526,Hellas Verona,Nicolás Valentini,ARG,DF,24.0,2001.0,15.7,,,,,,,15,,,,,,,,
ITA-Serie A,2526,Hellas Verona,Pol Lirola,ESP,MF,27.0,1997.0,3.4,,,,,,,16,,,,,,,,
ITA-Serie A,2526,Hellas Verona,Rafik Belghali,ALG,MF,23.0,2002.0,21.3,,,,,,,60,,,,,,,,
ITA-Serie A,2526,Hellas Verona,Roberto Gagliardini,ITA,MF,31.0,1994.0,25.2,,,,,,,16,,,,,,,,
ITA-Serie A,2526,Hellas Verona,Sandi Lovrić,SVN,MF,27.0,1998.0,3.4,,,,,,,24,,,,,,,,
ITA-Serie A,2526,Hellas Verona,Simone Perilli,ITA,GK,30.0,1995.0,3.0,,,,,,,0,,,,,,,,
ITA-Serie A,2526,Hellas Verona,Suat Serdar,GER,MF,28.0,1997.0,12.3,,,,,,,7,,,,,,,,
ITA-Serie A,2526,Hellas Verona,Tobias Slotsager,DEN,DF,19.0,2006.0,5.0,,,,,,,2,,,,,,,,
ITA-Serie A,2526,Hellas Verona,Tomáš Suslov,SVK,FW,23.0,2002.0,5.0,,,,,,,21,,,,,,,,
ITA-Serie A,2526,Hellas Verona,Unai Núñez,ESP,DF,28.0,1997.0,14.1,,,,,,,11,,,,,,,,
ITA-Serie A,2526,Hellas Verona,Victor Nelsson,DEN,DF,26.0,1998.0,36.8,,,,,,,5,,,,,,,,
ITA-Serie A,2526,Hellas Verona,Yellu Santiago,ESP,MF,21.0,2004.0,0.1,,,,,,,0,,,,,,,,
ITA-Serie A,2526,Inter,Alessandro Bastoni,ITA,DF,26.0,1999.0,24.9,,,,,,,85,,,,,,,,
ITA-Serie A,2526,Inter,Andy Diouf,FRA,MF,22.0,2003.0,5.5,,,,,,,6,,,,,,,,
ITA-Serie A,2526,Inter,Ange-Yoan Bonny,CIV,FW,21.0,2003.0,12.7,,,,,,,6,,,,,,,,
ITA-Serie A,2526,Inter,Benjamin Pavard,FRA,DF,29.0,1996.0,1.0,,,,,,,0,,,,,,,,
ITA-Serie A,2526,Inter,Carlos Augusto,BRA,"MF,DF",26.0,1999.0,19.6,,,,,,,46,,,,,,,,
ITA-Serie A,2526,Inter,Davide Frattesi,ITA,MF,25.0,1999.0,6.3,,,,,,,2,,,,,,,,
ITA-Serie A,2526,Inter,Denzel Dumfries,NED,MF,29.0,1996.0,14.7,,,,,,,34,,,,,,,,
ITA-Serie A,2526,Inter,Federico Dimarco,ITA,MF,27.0,1997.0,30.0,,,,,,,295,,,,,,,,
ITA-Serie A,2526,Inter,Francesco Acerbi,ITA,DF,37.0,1988.0,15.3,,,,,,,3,,,,,,,,
ITA-Serie A,2526,Inter,Francesco Esposito,ITA,FW,20.0,2005.0,17.5,,,,,,,4,,,,,,,,
ITA-Serie A,2526,Inter,Hakan Çalhanoğlu,TUR,MF,31.0,1994.0,18.2,,,,,,,86,,,,,,,,
ITA-Serie A,2526,Inter,Henrikh Mkhitaryan,ARM,MF,36.0,1989.0,17.3,,,,,,,42,,,,,,,,
ITA-Serie A,2526,Inter,Josep Martinez,ESP,GK,27.0,1998.0,5.0,,,,,,,0,,,,,,,,
ITA-Serie A,2526,Inter,Lautaro Martínez,ARG,FW,27.0,1997.0,24.0,,,,,,,17,,,,,,,,
ITA-Serie A,2526,Inter,Luis Henrique,BRA,MF,23.0,2001.0,18.0,,,,,,,39,,,,,,,,
ITA-Serie A,2526,Inter,Luka Topalović,SVN,MF,19.0,2006.0,0.1,,,,,,,0,,,,,,,,
ITA-Serie A,2526,Inter,Manuel Akanji,SUI,DF,30.0,1995.0,31.3,,,,,,,3,,,,,,,,
ITA-Serie A,2526,Inter,Marcus Thuram,FRA,FW,27.0,1997.0,21.1,,,,,,,21,,,,,,,,
ITA-Serie A,2526,Inter,Matteo Cocchi,ITA,DF,18.0,2007.0,0.2,,,,,,,0,,,,,,,,
ITA-Serie A,2526,Inter,Matteo Darmian,ITA,"MF,DF",35.0,1989.0,2.8,,,,,,,5,,,,,,,,
ITA-Serie A,2526,Inter,Matteo Lavelli,ITA,FW,18.0,2006.0,0.1,,,,,,,1,,,,,,,,
ITA-Serie A,2526,Inter,Mattia Mosconi,ITA,FW,18.0,2007.0,0.3,,,,,,,0,,,,,,,,
ITA-Serie A,2526,Inter,Nicolò Barella,ITA,MF,28.0,1997.0,28.0,,,,,,,102,,,,,,,,
ITA-Serie A,2526,Inter,Petar Sučić,CRO,MF,21.0,2003.0,19.6,,,,,,,43,,,,,,,,
ITA-Serie A,2526,Inter,Piotr Zieliński,POL,MF,31.0,1994.0,22.7,,,,,,,23,,,,,,,,
ITA-Serie A,2526,Inter,Raffaele Di Gennaro,ITA,GK,31.0,1993.0,0.1,,,,,,,0,,,,,,,,
ITA-Serie A,2526,Inter,Stefan de Vrij,NED,DF,33.0,1992.0,7.4,,,,,,,0,,,,,,,,
ITA-Serie A,2526,Inter,Yann Aurel Bisseck,GER,DF,24.0,2000.0,21.4,,,,,,,12,,,,,,,,
ITA-Serie A,2526,Inter,Yann Sommer,SUI,GK,36.0,1988.0,32.9,,,,,,,0,,,,,,,,
ITA-Serie A,2526,Juventus,Andrea Cambiaso,ITA,"MF,DF",25.0,2000.0,30.8,,,,,,,123,,,,,,,,
ITA-Serie A,2526,Juventus,Arkadiusz Milik,POL,FW,31.0,1994.0,0.4,,,,,,,0,,,,,,,,
ITA-Serie A,2526,Juventus,Daniele Rugani,ITA,DF,31.0,1994.0,2.8,,,,,,,0,,,,,,,,
ITA-Serie A,2526,Juventus,Dušan Vlahović,SRB,FW,25.0,2000.0,10.8,,,,,,,3,,,,,,,,
ITA-Serie A,2526,Juventus,Edon Zhegrova,KVX,MF,26.0,1999.0,4.2,,,,,,,48,,,,,,,,
ITA-Serie A,2526,Juventus,Emil Holm,SWE,MF,25.0,2000.0,2.6,,,,,,,6,,,,,,,,
ITA-Serie A,2526,Juventus,Fabio Miretti,ITA,MF,21.0,2003.0,6.9,,,,,,,17,,,,,,,,
ITA-Serie A,2526,Juventus,Federico Gatti,ITA,DF,27.0,1998.0,12.1,,,,,,,2,,,,,,,,
ITA-Serie A,2526,Juventus,Filip Kostić,SRB,MF,32.0,1992.0,5.3,,,,,,,49,,,,,,,,
ITA-Serie A,2526,Juventus,Francisco Conceição,POR,"MF,FW",22.0,2002.0,23.1,,,,,,,92,,,,,,,,
ITA-Serie A,2526,Juventus,Gleison Bremer,BRA,DF,28.0,1997.0,24.1,,,,,,,1,,,,,,,,
ITA-Serie A,2526,Juventus,Jeremie Boga,CIV,"MF,FW",28.0,1997.0,7.5,,,,,,,30,,,,,,,,
ITA-Serie A,2526,Juventus,Jonathan David,CAN,FW,25.0,2000.0,19.8,,,,,,,8,,,,,,,,
ITA-Serie A,2526,Juventus,João Mário Lopes,POR,MF,25.0,2000.0,2.9,,,,,,,5,,,,,,,,
ITA-Serie A,2526,Juventus,Juan David Cabal,COL,MF,24.0,2001.0,3.3,,,,,,,4,,,,,,,,
ITA-Serie A,2526,Juventus,Kenan Yıldız,TUR,"MF,FW",20.0,2005.0,31.4,,,,,,,122,,,,,,,,
ITA-Serie A,2526,Juventus,Khéphren Thuram,FRA,MF,24.0,2001.0,27.1,,,,,,,16,,,,,,,,
ITA-Serie A,2526,Juventus,Lloyd Kelly,ENG,DF,26.0,1998.0,33.3,,,,,,,12,,,,,,,,
ITA-Serie A,2526,Juventus,Loïs Openda,BEL,"FW,MF",25.0,2000.0,7.4,,,,,,,7,,,,,,,,
ITA-Serie A,2526,Juventus,Manuel Locatelli,ITA,MF,27.0,1998.0,33.3,,,,,,,19,,,,,,,,
ITA-Serie A,2526,Juventus,Mattia Perin,ITA,GK,32.0,1992.0,8.5,,,,,,,0,,,,,,,,
ITA-Serie A,2526,Juventus,Michele Di Gregorio,ITA,GK,28.0,1997.0,29.5,,,,,,,0,,,,,,,,
ITA-Serie A,2526,Juventus,Nicolás González,ARG,"FW,MF",27.0,1998.0,0.2,,,,,,,0,,,,,,,,
ITA-Serie A,2526,Juventus,Pierre Kalulu,FRA,"DF,MF",25.0,2000.0,36.5,,,,,,,94,,,,,,,,
ITA-Serie A,2526,Juventus,Teun Koopmeiners,NED,"MF,DF",27.0,1998.0,20.3,,,,,,,47,,,,,,,,
ITA-Serie A,2526,Juventus,Vasilije Adžić,MNE,MF,19.0,2006.0,1.9,,,,,,,4,,,,,,,,
ITA-Serie A,2526,Juventus,Weston McKennie,USA,MF,26.0,1998.0,31.5,,,,,,,36,,,,,,,,
ITA-Serie A,2526,Lazio,Adam Marušić,MNE,DF,32.0,1992.0,30.9,,,,,,,35,,,,,,,,
ITA-Serie A,2526,Lazio,Adrian Przyborek,POL,MF,18.0,2007.0,0.1,,,,,,,0,,,,,,,,
ITA-Serie A,2526,Lazio,Alessio Furlanetto,ITA,GK,23.0,2002.0,2.0,,,,,,,0,,,,,,,,
ITA-Serie A,2526,Lazio,Alessio Romagnoli,ITA,DF,30.0,1995.0,29.6,,,,,,,2,,,,,,,,
ITA-Serie A,2526,Lazio,Boulaye Dia,SEN,"FW,MF",28.0,1996.0,13.9,,,,,,,0,,,,,,,,
ITA-Serie A,2526,Lazio,Daniel Maldini,ITA,FW,23.0,2001.0,7.6,,,,,,,1,,,,,,,,
ITA-Serie A,2526,Lazio,Danilo Cataldi,ITA,MF,30.0,1994.0,22.1,,,,,,,48,,,,,,,,
ITA-Serie A,2526,Lazio,Edoardo Motta,ITA,GK,20.0,2005.0,9.0,,,,,,,0,,,,,,,,
ITA-Serie A,2526,Lazio,Elseid Hysaj,ALB,DF,31.0,1994.0,1.9,,,,,,,2,,,,,,,,
ITA-Serie A,2526,Lazio,Fisayo Dele-Bashiru,NGA,MF,24.0,2001.0,13.2,,,,,,,10,,,,,,,,
ITA-Serie A,2526,Lazio,Gustav Isaksen,DEN,FW,24.0,2001.0,17.7,,,,,,,32,,,,,,,,
ITA-Serie A,2526,Lazio,Ivan Provedel,ITA,GK,31.0,1994.0,27.0,,,,,,,0,,,,,,,,
ITA-Serie A,2526,Lazio,Kenneth Taylor,NED,MF,23.0,2002.0,15.5,,,,,,,9,,,,,,,,
ITA-Serie A,2526,Lazio,Luca Pellegrini,ITA,DF,26.0,1999.0,16.3,,,,,,,51,,,,,,,,
ITA-Serie A,2526,Lazio,Manuel Lazzari,ITA,DF,31.0,1993.0,10.4,,,,,,,16,,,,,,,,
ITA-Serie A,2526,Lazio,Mario Gila,ESP,DF,24.0,2000.0,27.5,,,,,,,1,,,,,,,,
ITA-Serie A,2526,Lazio,Matteo Cancellieri,ITA,FW,23.0,2002.0,19.2,,,,,,,21,,,,,,,,
ITA-Serie A,2526,Lazio,Mattia Zaccagni,ITA,FW,30.0,1995.0,23.4,,,,,,,55,,,,,,,,
ITA-Serie A,2526,Lazio,Mattéo Guendouzi,FRA,MF,26.0,1999.0,15.9,,,,,,,20,,,,,,,,
ITA-Serie A,2526,Lazio,Matías Vecino,URU,MF,33.0,1991.0,6.7,,,,,,,0,,,,,,,,
ITA-Serie A,2526,Lazio,Nicolò Rovella,ITA,MF,23.0,2001.0,5.7,,,,,,,11,,,,,,,,
ITA-Serie A,2526,Lazio,Nuno Tavares,POR,DF,25.0,2000.0,16.4,,,,,,,99,,,,,,,,
ITA-Serie A,2526,Lazio,Oliver Nielsen,DEN,DF,22.0,2003.0,17.1,,,,,,,2,,,,,,,,
ITA-Serie A,2526,Lazio,Patric,ESP,"MF,DF",32.0,1993.0,7.4,,,,,,,0,,,,,,,,
ITA-Serie A,2526,Lazio,Pedro,ESP,"FW,MF",38.0,1987.0,10.9,,,,,,,31,,,,,,,,
ITA-Serie A,2526,Lazio,Petar Ratkov,SRB,FW,21.0,2003.0,2.6,,,,,,,0,,,,,,,,
ITA-Serie A,2526,Lazio,Reda Belahyane,MAR,MF,21.0,2004.0,6.8,,,,,,,1,,,,,,,,
ITA-Serie A,2526,Lazio,Tijjani Noslin,NED,FW,26.0,1999.0,12.8,,,,,,,10,,,,,,,,
ITA-Serie A,2526,Lazio,Toma Bašić,CRO,MF,28.0,1996.0,19.3,,,,,,,48,,,,,,,,
ITA-Serie A,2526,Lazio,Valentín Castellanos,ARG,FW,26.0,1998.0,7.7,,,,,,,6,,,,,,,,
ITA-Serie A,2526,Lecce,Antonino Gallo,ITA,DF,25.0,2000.0,34.0,,,,,,,134,,,,,,,,
ITA-Serie A,2526,Lecce,Balthazar Pierret,FRA,MF,25.0,2000.0,0.3,,,,,,,0,,,,,,,,
ITA-Serie A,2526,Lecce,Christ-Owen Kouassi,FRA,DF,22.0,2003.0,2.5,,,,,,,2,,,,,,,,
ITA-Serie A,2526,Lecce,Corrie Ndaba,IRL,DF,25.0,1999.0,6.0,,,,,,,4,,,,,,,,
ITA-Serie A,2526,Lecce,Danilo Veiga,POR,DF,22.0,2002.0,33.6,,,,,,,89,,,,,,,,
ITA-Serie A,2526,Lecce,Francesco Camarda,ITA,FW,17.0,2008.0,7.6,,,,,,,1,,,,,,,,
ITA-Serie A,2526,Lecce,Gaby Jean,FRA,DF,25.0,2000.0,2.2,,,,,,,0,,,,,,,,
ITA-Serie A,2526,Lecce,Jamil Siebert,GER,DF,23.0,2002.0,18.9,,,,,,,5,,,,,,,,
ITA-Serie A,2526,Lecce,Kialonda,ANG,DF,27.0,1997.0,20.3,,,,,,,1,,,,,,,,
ITA-Serie A,2526,Lecce,Konan N'dri,NIG,MF,24.0,2000.0,6.0,,,,,,,23,,,,,,,,
ITA-Serie A,2526,Lecce,Lameck Banda,ZAM,"MF,FW",24.0,2001.0,19.5,,,,,,,90,,,,,,,,
ITA-Serie A,2526,Lecce,Lassana Coulibaly,MLI,MF,29.0,1996.0,29.9,,,,,,,18,,,,,,,,
ITA-Serie A,2526,Lecce,Matías Pérez,CHI,DF,20.0,2005.0,0.3,,,,,,,1,,,,,,,,
ITA-Serie A,2526,Lecce,Medon Berisha,ALB,MF,21.0,2003.0,9.7,,,,,,,58,,,,,,,,
ITA-Serie A,2526,Lecce,Mohamed Kaba,GUI,MF,23.0,2001.0,7.0,,,,,,,8,,,,,,,,
ITA-Serie A,2526,Lecce,Nikola Štulić,SRB,FW,23.0,2001.0,19.0,,,,,,,1,,,,,,,,
ITA-Serie A,2526,Lecce,Olaf Gorter,NED,MF,20.0,2005.0,0.3,,,,,,,0,,,,,,,,
ITA-Serie A,2526,Lecce,Omri Gandelman,ISR,"MF,FW",25.0,2000.0,10.8,,,,,,,4,,,,,,,,
ITA-Serie A,2526,Lecce,Oumar Ngom,MTN,MF,21.0,2004.0,9.4,,,,,,,3,,,,,,,,
ITA-Serie A,2526,Lecce,Riccardo Sottil,ITA,"FW,MF",26.0,1999.0,11.8,,,,,,,100,,,,,,,,
ITA-Serie A,2526,Lecce,Sadik Fofana,TOG,MF,22.0,2003.0,0.9,,,,,,,0,,,,,,,,
ITA-Serie A,2526,Lecce,Santiago Pierotti,ARG,"MF,FW",24.0,2001.0,28.9,,,,,,,21,,,,,,,,
ITA-Serie A,2526,Lecce,Tete Morente,ESP,"FW,MF",28.0,1996.0,9.5,,,,,,,29,,,,,,,,
ITA-Serie A,2526,Lecce,Tiago Gabriel,POR,DF,20.0,2004.0,35.8,,,,,,,2,,,,,,,,
ITA-Serie A,2526,Lecce,Walid Cheddira,MAR,FW,27.0,1998.0,11.1,,,,,,,4,,,,,,,,
ITA-Serie A,2526,Lecce,Wladimiro Falcone,ITA,GK,30.0,1995.0,38.0,,,,,,,0,,,,,,,,
ITA-Serie A,2526,Lecce,Ylber Ramadani,ALB,MF,29.0,1996.0,35.6,,,,,,,16,,,,,,,,
ITA-Serie A,2526,Lecce,Youssef Maleh,MAR,MF,26.0,1998.0,5.1,,,,,,,12,,,,,,,,
ITA-Serie A,2526,Lecce,Álex Sala,ESP,MF,24.0,2001.0,1.9,,,,,,,11,,,,,,,,
ITA-Serie A,2526,Lecce,Þórir Jóhann Helgason,ISL,MF,24.0,2000.0,1.6,,,,,,,6,,,,,,,,
ITA-Serie A,2526,Milan,Adrien Rabiot,FRA,MF,30.0,1995.0,28.3,,,,,,,58,,,,,,,,
ITA-Serie A,2526,Milan,Alexis Saelemaekers,BEL,MF,26.0,1999.0,31.0,,,,,,,82,,,,,,,,
ITA-Serie A,2526,Milan,Ardon Jashari,SUI,MF,23.0,2002.0,7.8,,,,,,,11,,,,,,,,
ITA-Serie A,2526,Milan,Cheveyo Muy,NED,FW,18.0,2006.0,0.1,,,,,,,0,,,,,,,,
ITA-Serie A,2526,Milan,Christian Pulisic,USA,FW,26.0,1998.0,17.9,,,,,,,37,,,,,,,,
ITA-Serie A,2526,Milan,Christopher Nkunku,FRA,FW,27.0,1997.0,15.1,,,,,,,17,,,,,,,,
ITA-Serie A,2526,Milan,David Odogu,GER,DF,19.0,2006.0,0.1,,,,,,,0,,,,,,,,
ITA-Serie A,2526,Milan,Davide Bartesaghi,ITA,"MF,DF",19.0,2005.0,27.1,,,,,,,139,,,,,,,,
ITA-Serie A,2526,Milan,Fikayo Tomori,ENG,DF,27.0,1997.0,28.4,,,,,,,17,,,,,,,,
ITA-Serie A,2526,Milan,Koni De Winter,BEL,DF,23.0,2002.0,20.0,,,,,,,5,,,,,,,,
ITA-Serie A,2526,Milan,Luka Modrić,CRO,MF,39.0,1985.0,31.2,,,,,,,111,,,,,,,,
ITA-Serie A,2526,Milan,Matteo Gabbia,ITA,DF,25.0,1999.0,28.1,,,,,,,1,,,,,,,,
ITA-Serie A,2526,Milan,Mike Maignan,FRA,GK,30.0,1995.0,36.6,,,,,,,0,,,,,,,,
ITA-Serie A,2526,Milan,Niclas Füllkrug,GER,FW,32.0,1993.0,7.3,,,,,,,1,,,,,,,,
ITA-Serie A,2526,Milan,Pervis Estupiñán,ECU,MF,27.0,1998.0,11.5,,,,,,,20,,,,,,,,
ITA-Serie A,2526,Milan,Pietro Terracciano,ITA,GK,35.0,1990.0,1.4,,,,,,,0,,,,,,,,
ITA-Serie A,2526,Milan,Rafael Leão,POR,FW,26.0,1999.0,20.6,,,,,,,25,,,,,,,,
ITA-Serie A,2526,Milan,Ruben Loftus-Cheek,ENG,"MF,FW",29.0,1996.0,12.6,,,,,,,10,,,,,,,,
ITA-Serie A,2526,Milan,Samuel Chukwueze,NGA,"FW,MF",26.0,1999.0,0.3,,,,,,,3,,,,,,,,
ITA-Serie A,2526,Milan,Samuele Ricci,ITA,MF,23.0,2001.0,14.6,,,,,,,28,,,,,,,,
ITA-Serie A,2526,Milan,Santiago Giménez,MEX,FW,24.0,2001.0,9.9,,,,,,,1,,,,,,,,
ITA-Serie A,2526,Milan,Strahinja Pavlović,SRB,DF,24.0,2001.0,31.9,,,,,,,15,,,,,,,,
ITA-Serie A,2526,Milan,Youssouf Fofana,FRA,MF,26.0,1999.0,24.5,,,,,,,10,,,,,,,,
ITA-Serie A,2526,Milan,Yunus Musah,USA,MF,22.0,2002.0,1.0,,,,,,,1,,,,,,,,
ITA-Serie A,2526,Milan,Zachary Athekame,SUI,"MF,DF",20.0,2004.0,9.3,,,,,,,46,,,,,,,,
ITA-Serie A,2526,Milan,Álex Jiménez,ESP,DF,20.0,2005.0,0.5,,,,,,,1,,,,,,,,
ITA-Serie A,2526,Napoli,Alessandro Buongiorno,ITA,DF,26.0,1999.0,28.0,,,,,,,6,,,,,,,,
ITA-Serie A,2526,Napoli,Alex Meret,ITA,GK,28.0,1997.0,10.9,,,,,,,0,,,,,,,,
ITA-Serie A,2526,Napoli,Alisson Santos,BRA,"MF,FW",22.0,2002.0,9.3,,,,,,,42,,,,,,,,
ITA-Serie A,2526,Napoli,Amir Rrahmani,KVX,DF,31.0,1994.0,19.9,,,,,,,1,,,,,,,,
ITA-Serie A,2526,Napoli,Antonio Vergara,ITA,MF,22.0,2003.0,6.8,,,,,,,11,,,,,,,,
ITA-Serie A,2526,Napoli,Billy Gilmour,SCO,MF,24.0,2001.0,8.9,,,,,,,6,,,,,,,,
ITA-Serie A,2526,Napoli,David Neres,BRA,"FW,MF",28.0,1997.0,10.2,,,,,,,53,,,,,,,,
ITA-Serie A,2526,Napoli,Elif Elmas,MKD,"MF,FW",25.0,1999.0,19.8,,,,,,,41,,,,,,,,
ITA-Serie A,2526,Napoli,Frank Anguissa,CMR,MF,29.0,1995.0,14.0,,,,,,,15,,,,,,,,
ITA-Serie A,2526,Napoli,Giovane,BRA,"MF,FW",21.0,2003.0,3.8,,,,,,,11,,,,,,,,
ITA-Serie A,2526,Napoli,Giovanni Di Lorenzo,ITA,"DF,MF",31.0,1993.0,25.3,,,,,,,38,,,,,,,,
ITA-Serie A,2526,Napoli,Giuseppe Ambrosino,ITA,FW,21.0,2003.0,0.4,,,,,,,0,,,,,,,,
ITA-Serie A,2526,Napoli,Juan Jesus,BRA,DF,34.0,1991.0,18.6,,,,,,,1,,,,,,,,
ITA-Serie A,2526,Napoli,Kevin De Bruyne,BEL,MF,34.0,1991.0,12.9,,,,,,,58,,,,,,,,
ITA-Serie A,2526,Napoli,Leonardo Spinazzola,ITA,"MF,DF",32.0,1993.0,21.1,,,,,,,73,,,,,,,,
ITA-Serie A,2526,Napoli,Lorenzo Lucca,ITA,FW,24.0,2000.0,4.5,,,,,,,0,,,,,,,,
ITA-Serie A,2526,Napoli,Luca Marianucci,ITA,DF,21.0,2004.0,1.3,,,,,,,2,,,,,,,,
ITA-Serie A,2526,Napoli,Mathías Olivera,URU,"DF,MF",27.0,1997.0,15.2,,,,,,,6,,,,,,,,
ITA-Serie A,2526,Napoli,Matteo Politano,ITA,"MF,FW",31.0,1993.0,24.4,,,,,,,173,,,,,,,,
ITA-Serie A,2526,Napoli,Miguel Gutiérrez,ESP,"MF,DF",24.0,2001.0,16.5,,,,,,,48,,,,,,,,
ITA-Serie A,2526,Napoli,Nikita Contini,ITA,GK,29.0,1996.0,0.1,,,,,,,0,,,,,,,,
ITA-Serie A,2526,Napoli,Noa Lang,NED,"FW,MF",26.0,1999.0,7.4,,,,,,,44,,,,,,,,
ITA-Serie A,2526,Napoli,Pasquale Mazzocchi,ITA,MF,30.0,1995.0,3.4,,,,,,,15,,,,,,,,
ITA-Serie A,2526,Napoli,Rasmus Højlund,DEN,FW,22.0,2003.0,30.6,,,,,,,3,,,,,,,,
ITA-Serie A,2526,Napoli,Romelu Lukaku,BEL,FW,32.0,1993.0,0.5,,,,,,,0,,,,,,,,
ITA-Serie A,2526,Napoli,Sam Beukema,NED,DF,26.0,1998.0,18.7,,,,,,,6,,,,,,,,
ITA-Serie A,2526,Napoli,Scott McTominay,SCO,MF,28.0,1996.0,31.0,,,,,,,10,,,,,,,,
ITA-Serie A,2526,Napoli,Stanislav Lobotka,SVK,MF,30.0,1994.0,27.0,,,,,,,5,,,,,,,,
ITA-Serie A,2526,Napoli,Vanja Milinković-Savić,SRB,GK,28.0,1997.0,27.0,,,,,,,0,,,,,,,,
ITA-Serie A,2526,Parma,Abdoulaye Ndiaye,SEN,DF,23.0,2002.0,8.7,,,,,,,0,,,,,,,,
ITA-Serie A,2526,Parma,Adrian Benedyczak,POL,FW,24.0,2000.0,5.4,,,,,,,10,,,,,,,,
ITA-Serie A,2526,Parma,Adrian Bernabe,ESP,MF,24.0,2001.0,27.4,,,,,,,81,,,,,,,,
ITA-Serie A,2526,Parma,Alessandro Cardinali,ITA,FW,19.0,2006.0,0.5,,,,,,,1,,,,,,,,
ITA-Serie A,2526,Parma,Alessandro Circati,AUS,DF,21.0,2003.0,29.6,,,,,,,5,,,,,,,,
ITA-Serie A,2526,Parma,Ben Cremaschi,USA,MF,20.0,2005.0,1.5,,,,,,,6,,,,,,,,
ITA-Serie A,2526,Parma,Christian Ordoñez,ARG,MF,21.0,2004.0,12.1,,,,,,,12,,,,,,,,
ITA-Serie A,2526,Parma,Daniel Mikołajewski,POL,FW,19.0,2006.0,0.8,,,,,,,1,,,,,,,,
ITA-Serie A,2526,Parma,Edoardo Corvi,ITA,GK,24.0,2001.0,17.0,,,,,,,0,,,,,,,,
ITA-Serie A,2526,Parma,Emanuele Valeri,ITA,"MF,DF",26.0,1998.0,29.4,,,,,,,234,,,,,,,,
ITA-Serie A,2526,Parma,Enrico Delprato,ITA,"DF,MF",25.0,1999.0,32.8,,,,,,,19,,,,,,,,
ITA-Serie A,2526,Parma,Filippo Rinaldi,ITA,GK,22.0,2002.0,1.0,,,,,,,0,,,,,,,,
ITA-Serie A,2526,Parma,Franco Carboni,ITA,MF,22.0,2003.0,1.3,,,,,,,3,,,,,,,,
ITA-Serie A,2526,Parma,Gabriel Strefezza,BRA,FW,28.0,1997.0,11.2,,,,,,,41,,,,,,,,
ITA-Serie A,2526,Parma,Gaetano Oristanio,ITA,"FW,MF",22.0,2002.0,9.5,,,,,,,16,,,,,,,,
ITA-Serie A,2526,Parma,Hans Nicolussi Caviglia,ITA,MF,25.0,2000.0,9.7,,,,,,,23,,,,,,,,
ITA-Serie A,2526,Parma,Hernani,BRA,MF,31.0,1994.0,0.8,,,,,,,2,,,,,,,,
ITA-Serie A,2526,Parma,Jacob Ondrejka,SWE,"FW,MF",22.0,2002.0,8.6,,,,,,,12,,,,,,,,
ITA-Serie A,2526,Parma,Lautaro Valenti,ARG,DF,26.0,1999.0,25.0,,,,,,,20,,,,,,,,
ITA-Serie A,2526,Parma,Mandela Keita,BEL,MF,23.0,2002.0,33.1,,,,,,,2,,,,,,,,
ITA-Serie A,2526,Parma,Mariano Troilo,ARG,DF,22.0,2003.0,18.1,,,,,,,1,,,,,,,,
ITA-Serie A,2526,Parma,Mateo Pellegrino,ARG,FW,24.0,2001.0,33.2,,,,,,,12,,,,,,,,
ITA-Serie A,2526,Parma,Mathias Løvik,NOR,MF,21.0,2003.0,5.2,,,,,,,15,,,,,,,,
ITA-Serie A,2526,Parma,Milan Đurić,BIH,FW,35.0,1990.0,0.8,,,,,,,0,,,,,,,,
ITA-Serie A,2526,Parma,Nahuel Estévez,ARG,MF,29.0,1995.0,11.7,,,,,,,43,,,,,,,,
ITA-Serie A,2526,Parma,Nesta Elphege,FRA,FW,24.0,2001.0,3.4,,,,,,,0,,,,,,,,
ITA-Serie A,2526,Parma,Oliver Jensen,DEN,MF,23.0,2002.0,20.4,,,,,,,14,,,,,,,,
ITA-Serie A,2526,Parma,Patrick Cutrone,ITA,FW,27.0,1998.0,9.9,,,,,,,12,,,,,,,,
ITA-Serie A,2526,Parma,Pontus Almqvist,SWE,MF,26.0,1999.0,5.1,,,,,,,7,,,,,,,,
ITA-Serie A,2526,Parma,Sascha Britschgi,SUI,"MF,DF",18.0,2006.0,23.3,,,,,,,48,,,,,,,,
ITA-Serie A,2526,Parma,Tjaš Begić,SVN,MF,22.0,2003.0,0.0,,,,,,,0,,,,,,,,
ITA-Serie A,2526,Parma,Zion Suzuki,JPN,GK,22.0,2002.0,20.0,,,,,,,0,,,,,,,,
ITA-Serie A,2526,Pisa,Adrian Šemper,CRO,GK,27.0,1998.0,25.0,,,,,,,0,,,,,,,,
ITA-Serie A,2526,Pisa,Antonio Caracciolo,ITA,DF,35.0,1990.0,34.1,,,,,,,3,,,,,,,,
ITA-Serie A,2526,Pisa,Arturo Calabresi,ITA,DF,29.0,1996.0,16.8,,,,,,,17,,,,,,,,
ITA-Serie A,2526,Pisa,Brando Bettazzi,ITA,MF,17.0,2007.0,0.2,,,,,,,0,,,,,,,,
ITA-Serie A,2526,Pisa,Calvin Stengs,NED,"FW,MF",26.0,1998.0,0.5,,,,,,,3,,,,,,,,
ITA-Serie A,2526,Pisa,Daniel Denoon,SUI,DF,21.0,2004.0,1.4,,,,,,,0,,,,,,,,
ITA-Serie A,2526,Pisa,Ebenezer Akinsanmiro,NGA,MF,20.0,2004.0,16.0,,,,,,,9,,,,,,,,
ITA-Serie A,2526,Pisa,Felipe Loyola,CHI,MF,24.0,2000.0,6.0,,,,,,,4,,,,,,,,
ITA-Serie A,2526,Pisa,Filip Stojilković,SUI,"FW,MF",25.0,2000.0,7.3,,,,,,,3,,,,,,,,
ITA-Serie A,2526,Pisa,Francesco Coppola,ITA,DF,20.0,2005.0,5.1,,,,,,,2,,,,,,,,
ITA-Serie A,2526,Pisa,Gabriele Piccinini,ITA,MF,24.0,2001.0,9.7,,,,,,,19,,,,,,,,
ITA-Serie A,2526,Pisa,Giovanni Bonfanti,ITA,"DF,MF",22.0,2003.0,5.5,,,,,,,12,,,,,,,,
ITA-Serie A,2526,Pisa,Henrik Meister,DEN,FW,21.0,2003.0,16.8,,,,,,,1,,,,,,,,
ITA-Serie A,2526,Pisa,Idrissa Touré,GER,MF,27.0,1998.0,25.3,,,,,,,67,,,,,,,,
ITA-Serie A,2526,Pisa,Juan Cuadrado,COL,MF,37.0,1988.0,5.6,,,,,,,45,,,,,,,,
ITA-Serie A,2526,Pisa,Lorran,BRA,FW,19.0,2006.0,1.4,,,,,,,5,,,,,,,,
ITA-Serie A,2526,Pisa,Louis Buffon,CZE,FW,17.0,2007.0,0.4,,,,,,,0,,,,,,,,
ITA-Serie A,2526,Pisa,M'Bala Nzola,ANG,FW,28.0,1996.0,11.7,,,,,,,7,,,,,,,,
ITA-Serie A,2526,Pisa,Malthe Hojholt,DEN,MF,24.0,2001.0,9.4,,,,,,,4,,,,,,,,
ITA-Serie A,2526,Pisa,Marius Marin,ROU,MF,26.0,1998.0,14.2,,,,,,,18,,,,,,,,
ITA-Serie A,2526,Pisa,Mateus Lusuardi,BRA,DF,21.0,2004.0,2.2,,,,,,,1,,,,,,,,
ITA-Serie A,2526,Pisa,Mattéo Tramoni,FRA,"MF,FW",25.0,2000.0,17.8,,,,,,,68,,,,,,,,
ITA-Serie A,2526,Pisa,Mehdi Léris,ALG,MF,27.0,1998.0,21.1,,,,,,,99,,,,,,,,
ITA-Serie A,2526,Pisa,Michel Aebischer,SUI,MF,28.0,1997.0,32.1,,,,,,,43,,,,,,,,
ITA-Serie A,2526,Pisa,Nícolas Andrade,BRA,GK,37.0,1988.0,6.0,,,,,,,0,,,,,,,,
ITA-Serie A,2526,Pisa,Rafiu Durosinmi,NGA,FW,22.0,2003.0,4.8,,,,,,,0,,,,,,,,
ITA-Serie A,2526,Pisa,Raúl Albiol,ESP,DF,39.0,1985.0,5.6,,,,,,,1,,,,,,,,
ITA-Serie A,2526,Pisa,Rosen Bozhinov,BUL,DF,20.0,2005.0,6.8,,,,,,,3,,,,,,,,
ITA-Serie A,2526,Pisa,Samuel Iling-Junior,ENG,MF,21.0,2003.0,1.2,,,,,,,5,,,,,,,,
ITA-Serie A,2526,Pisa,Samuele Angori,ITA,MF,21.0,2003.0,28.9,,,,,,,165,,,,,,,,
ITA-Serie A,2526,Pisa,Simone Canestrelli,ITA,DF,24.0,2000.0,35.6,,,,,,,12,,,,,,,,
ITA-Serie A,2526,Pisa,Simone Scuffet,ITA,GK,29.0,1996.0,7.0,,,,,,,0,,,,,,,,
ITA-Serie A,2526,Pisa,Stefano Moreo,ITA,"FW,MF",32.0,1993.0,25.6,,,,,,,28,,,,,,,,
ITA-Serie A,2526,Pisa,Tomás Esteves,POR,"DF,MF",23.0,2002.0,0.2,,,,,,,0,,,,,,,,
ITA-Serie A,2526,Pisa,İsak Vural,TUR,MF,19.0,2006.0,8.4,,,,,,,5,,,,,,,,
ITA-Serie A,2526,Roma,Alessandro Romano,SUI,MF,19.0,2006.0,0.1,,,,,,,0,,,,,,,,
ITA-Serie A,2526,Roma,Angeliño,ESP,MF,28.0,1997.0,4.6,,,,,,,18,,,,,,,,
ITA-Serie A,2526,Roma,Antonio Arena,ITA,FW,16.0,2009.0,0.3,,,,,,,0,,,,,,,,
ITA-Serie A,2526,Roma,Artem Dovbyk,UKR,FW,28.0,1997.0,4.4,,,,,,,1,,,,,,,,
ITA-Serie A,2526,Roma,Bryan Cristante,ITA,MF,30.0,1995.0,34.4,,,,,,,19,,,,,,,,
ITA-Serie A,2526,Roma,Bryan Zaragoza,ESP,MF,23.0,2001.0,1.5,,,,,,,9,,,,,,,,
ITA-Serie A,2526,Roma,Daniele Ghilardi,ITA,DF,22.0,2003.0,12.2,,,,,,,3,,,,,,,,
ITA-Serie A,2526,Roma,Devyne Rensch,NED,MF,22.0,2003.0,13.2,,,,,,,22,,,,,,,,
ITA-Serie A,2526,Roma,Donyell Malen,NED,FW,26.0,1999.0,16.3,,,,,,,6,,,,,,,,
ITA-Serie A,2526,Roma,Evan Ferguson,IRL,FW,20.0,2004.0,8.6,,,,,,,2,,,,,,,,
ITA-Serie A,2526,Roma,Gianluca Mancini,ITA,DF,29.0,1996.0,34.0,,,,,,,29,,,,,,,,
ITA-Serie A,2526,Roma,Jan Ziółkowski,POL,DF,20.0,2005.0,5.7,,,,,,,0,,,,,,,,
ITA-Serie A,2526,Roma,Kostas Tsimikas,GRE,MF,29.0,1996.0,7.2,,,,,,,43,,,,,,,,
ITA-Serie A,2526,Roma,Leon Bailey,JAM,FW,27.0,1997.0,2.1,,,,,,,14,,,,,,,,
ITA-Serie A,2526,Roma,Lorenzo Pellegrini,ITA,MF,29.0,1996.0,16.3,,,,,,,89,,,,,,,,
ITA-Serie A,2526,Roma,Lorenzo Venturino,ITA,MF,19.0,2006.0,2.3,,,,,,,28,,,,,,,,
ITA-Serie A,2526,Roma,Manu Koné,FRA,MF,24.0,2001.0,27.3,,,,,,,1,,,,,,,,
ITA-Serie A,2526,Roma,Mario Hermoso,ESP,DF,30.0,1995.0,23.2,,,,,,,10,,,,,,,,
ITA-Serie A,2526,Roma,Matìas Soulé,ARG,"MF,FW",22.0,2003.0,23.8,,,,,,,70,,,,,,,,
ITA-Serie A,2526,Roma,Mile Svilar,SRB,GK,25.0,1999.0,38.0,,,,,,,0,,,,,,,,
ITA-Serie A,2526,Roma,Neil El Aynaoui,MAR,MF,24.0,2001.0,11.1,,,,,,,17,,,,,,,,
ITA-Serie A,2526,Roma,Niccolò Pisilli,ITA,MF,20.0,2004.0,14.4,,,,,,,15,,,,,,,,
ITA-Serie A,2526,Roma,Obite N'Dicka,CIV,DF,25.0,1999.0,29.8,,,,,,,2,,,,,,,,
ITA-Serie A,2526,Roma,Paulo Dybala,ARG,"MF,FW",31.0,1993.0,15.0,,,,,,,98,,,,,,,,
ITA-Serie A,2526,Roma,Robinio Vaz,FRA,FW,18.0,2007.0,2.4,,,,,,,3,,,,,,,,
ITA-Serie A,2526,Roma,Stephan El Shaarawy,ITA,"MF,FW",32.0,1992.0,7.4,,,,,,,16,,,,,,,,
ITA-Serie A,2526,Roma,Tommaso Baldanzi,ITA,"FW,MF",22.0,2003.0,4.3,,,,,,,9,,,,,,,,
ITA-Serie A,2526,Roma,Wesley,BRA,MF,21.0,2003.0,27.2,,,,,,,95,,,,,,,,
ITA-Serie A,2526,Roma,Zeki Çelik,TUR,"MF,DF",28.0,1997.0,30.3,,,,,,,75,,,,,,,,
ITA-Serie A,2526,Sassuolo,Alieu Fadera,GAM,FW,23.0,2001.0,11.0,,,,,,,24,,,,,,,,
ITA-Serie A,2526,Sassuolo,Andrea Ghion,ITA,MF,25.0,2000.0,0.1,,,,,,,1,,,,,,,,
ITA-Serie A,2526,Sassuolo,Andrea Pinamonti,ITA,FW,26.0,1999.0,28.4,,,,,,,9,,,,,,,,
ITA-Serie A,2526,Sassuolo,Arijanet Muric,KVX,GK,26.0,1998.0,32.0,,,,,,,0,,,,,,,,
ITA-Serie A,2526,Sassuolo,Armand Lauriente,FRA,FW,26.0,1998.0,28.8,,,,,,,109,,,,,,,,
ITA-Serie A,2526,Sassuolo,Aster Vranckx,BEL,MF,22.0,2002.0,7.7,,,,,,,5,,,,,,,,
ITA-Serie A,2526,Sassuolo,Cas Odenthal,NED,DF,24.0,2000.0,0.0,,,,,,,0,,,,,,,,
ITA-Serie A,2526,Sassuolo,Christian Frangella,ITA,MF,18.0,2006.0,0.0,,,,,,,1,,,,,,,,
ITA-Serie A,2526,Sassuolo,Cristian Volpato,AUS,FW,21.0,2003.0,11.8,,,,,,,49,,,,,,,,
ITA-Serie A,2526,Sassuolo,Daniel Boloca,ROU,MF,26.0,1998.0,1.5,,,,,,,1,,,,,,,,
ITA-Serie A,2526,Sassuolo,Darryl Bakola,FRA,MF,17.0,2007.0,1.4,,,,,,,3,,,,,,,,
ITA-Serie A,2526,Sassuolo,Domenico Berardi,ITA,FW,30.0,1994.0,21.8,,,,,,,58,,,,,,,,
ITA-Serie A,2526,Sassuolo,Edoardo Iannoni,ITA,MF,24.0,2001.0,2.9,,,,,,,2,,,,,,,,
ITA-Serie A,2526,Sassuolo,Fali Candé,GNB,DF,27.0,1998.0,5.7,,,,,,,4,,,,,,,,
ITA-Serie A,2526,Sassuolo,Filippo Romagna,ITA,DF,28.0,1997.0,3.5,,,,,,,1,,,,,,,,
ITA-Serie A,2526,Sassuolo,Gioele Zacchi,ITA,GK,22.0,2003.0,0.1,,,,,,,0,,,,,,,,
ITA-Serie A,2526,Sassuolo,Ismaël Koné,CAN,MF,23.0,2002.0,30.4,,,,,,,5,,,,,,,,
ITA-Serie A,2526,Sassuolo,Jay Idzes,IDN,DF,25.0,2000.0,34.0,,,,,,,1,,,,,,,,
ITA-Serie A,2526,Sassuolo,Josh Doig,SCO,DF,23.0,2002.0,21.3,,,,,,,39,,,,,,,,
ITA-Serie A,2526,Sassuolo,Kristian Thorstvedt,NOR,MF,26.0,1999.0,27.3,,,,,,,13,,,,,,,,
ITA-Serie A,2526,Sassuolo,Laurs Skjellerup,DEN,FW,22.0,2002.0,0.1,,,,,,,0,,,,,,,,
ITA-Serie A,2526,Sassuolo,Luca Lipani,ITA,MF,20.0,2005.0,11.5,,,,,,,5,,,,,,,,
ITA-Serie A,2526,Sassuolo,Luca Moro,ITA,FW,24.0,2001.0,2.3,,,,,,,0,,,,,,,,
ITA-Serie A,2526,Sassuolo,M'Bala Nzola,ANG,FW,28.0,1996.0,5.3,,,,,,,0,,,,,,,,
ITA-Serie A,2526,Sassuolo,Nemanja Matić,SRB,MF,36.0,1988.0,29.6,,,,,,,11,,,,,,,,
ITA-Serie A,2526,Sassuolo,Nicholas Pierini,ITA,"FW,MF",26.0,1998.0,1.6,,,,,,,9,,,,,,,,
ITA-Serie A,2526,Sassuolo,Pedro Felipe,BRA,DF,21.0,2004.0,1.4,,,,,,,0,,,,,,,,
ITA-Serie A,2526,Sassuolo,Sebastian Walukiewicz,POL,DF,25.0,2000.0,31.7,,,,,,,45,,,,,,,,
ITA-Serie A,2526,Sassuolo,Stefano Turati,ITA,GK,23.0,2001.0,5.9,,,,,,,0,,,,,,,,
ITA-Serie A,2526,Sassuolo,Tarik Muharemovic,BIH,DF,22.0,2003.0,31.5,,,,,,,2,,,,,,,,
ITA-Serie A,2526,Sassuolo,Tommaso Macchioni,ITA,DF,19.0,2006.0,1.0,,,,,,,0,,,,,,,,
ITA-Serie A,2526,Sassuolo,Ulisses Garcia,SUI,DF,29.0,1996.0,10.5,,,,,,,34,,,,,,,,
ITA-Serie A,2526,Sassuolo,Walid Cheddira,MAR,FW,27.0,1998.0,2.5,,,,,,,4,,,,,,,,
ITA-Serie A,2526,Sassuolo,Woyo Coulibaly,MLI,DF,26.0,1999.0,11.7,,,,,,,10,,,,,,,,
ITA-Serie A,2526,Torino,Adam Masina,MAR,DF,31.0,1994.0,2.6,,,,,,,0,,,,,,,,
ITA-Serie A,2526,Torino,Adrien Tameze,CMR,DF,31.0,1994.0,12.4,,,,,,,14,,,,,,,,
ITA-Serie A,2526,Torino,Alberto Paleari,ITA,GK,32.0,1992.0,29.0,,,,,,,0,,,,,,,,
ITA-Serie A,2526,Torino,Ali Dembélé,FRA,DF,21.0,2004.0,0.2,,,,,,,0,,,,,,,,
ITA-Serie A,2526,Torino,Alieu Njie,SWE,"MF,FW",20.0,2005.0,3.3,,,,,,,4,,,,,,,,
ITA-Serie A,2526,Torino,Ardian Ismajli,ALB,DF,28.0,1996.0,21.2,,,,,,,8,,,,,,,,
ITA-Serie A,2526,Torino,Cesare Casadei,ITA,MF,22.0,2003.0,22.2,,,,,,,4,,,,,,,,
ITA-Serie A,2526,Torino,Ché Adams,SCO,FW,29.0,1996.0,21.0,,,,,,,14,,,,,,,,
ITA-Serie A,2526,Torino,Cristiano Biraghi,ITA,"MF,DF",32.0,1992.0,5.7,,,,,,,45,,,,,,,,
ITA-Serie A,2526,Torino,Cyril Ngonge,BEL,FW,25.0,2000.0,11.0,,,,,,,19,,,,,,,,
ITA-Serie A,2526,Torino,Duván Zapata,COL,FW,34.0,1991.0,12.3,,,,,,,8,,,,,,,,
ITA-Serie A,2526,Torino,Emirhan İlkhan,TUR,MF,21.0,2004.0,11.1,,,,,,,7,,,,,,,,
ITA-Serie A,2526,Torino,Enzo Ebosse,CMR,DF,26.0,1999.0,12.4,,,,,,,7,,,,,,,,
ITA-Serie A,2526,Torino,Faustino Anjorin,ENG,MF,23.0,2001.0,3.2,,,,,,,1,,,,,,,,
ITA-Serie A,2526,Torino,Franco Israel,URU,GK,25.0,2000.0,9.0,,,,,,,0,,,,,,,,
ITA-Serie A,2526,Torino,Giovanni Simeone,ARG,FW,30.0,1995.0,24.8,,,,,,,9,,,,,,,,
ITA-Serie A,2526,Torino,Guillermo Maripán,CHI,DF,31.0,1994.0,23.8,,,,,,,3,,,,,,,,
ITA-Serie A,2526,Torino,Gvidas Gineitis,LTU,MF,21.0,2004.0,19.5,,,,,,,64,,,,,,,,
ITA-Serie A,2526,Torino,Ivan Ilić,SRB,MF,24.0,2001.0,4.6,,,,,,,2,,,,,,,,
ITA-Serie A,2526,Torino,Kristjan Asllani,ALB,MF,23.0,2002.0,12.5,,,,,,,52,,,,,,,,
ITA-Serie A,2526,Torino,Luca Marianucci,ITA,DF,21.0,2004.0,6.4,,,,,,,7,,,,,,,,
ITA-Serie A,2526,Torino,Marcus Pedersen,NOR,"MF,DF",25.0,2000.0,23.7,,,,,,,110,,,,,,,,
ITA-Serie A,2526,Torino,Matteo Prati,ITA,MF,21.0,2003.0,6.8,,,,,,,2,,,,,,,,
ITA-Serie A,2526,Torino,Niels Nkounkou,FRA,"MF,DF",24.0,2000.0,3.9,,,,,,,20,,,,,,,,
ITA-Serie A,2526,Torino,Nikola Vlašić,CRO,"MF,FW",27.0,1997.0,33.8,,,,,,,48,,,,,,,,
ITA-Serie A,2526,Torino,Rafel Obrador,ESP,MF,21.0,2004.0,12.4,,,,,,,58,,,,,,,,
ITA-Serie A,2526,Torino,Sandro Kulenović,CRO,FW,25.0,1999.0,3.3,,,,,,,1,,,,,,,,
ITA-Serie A,2526,Torino,Saúl Coco,EQG,DF,26.0,1999.0,34.3,,,,,,,5,,,,,,,,
ITA-Serie A,2526,Torino,Valentino Lazaro,AUT,MF,29.0,1996.0,25.0,,,,,,,135,,,,,,,,
ITA-Serie A,2526,Torino,Zakaria Aboukhlal,MAR,MF,25.0,2000.0,5.7,,,,,,,18,,,,,,,,
ITA-Serie A,2526,Udinese,Abdoulaye Camara,FRA,MF,16.0,2008.0,0.1,,,,,,,2,,,,,,,,
ITA-Serie A,2526,Udinese,Adam Buksa,POL,FW,29.0,1996.0,10.2,,,,,,,1,,,,,,,,
ITA-Serie A,2526,Udinese,Alessandro Zanoli,ITA,MF,24.0,2000.0,14.2,,,,,,,40,,,,,,,,
ITA-Serie A,2526,Udinese,Arthur Atta,FRA,MF,22.0,2003.0,28.4,,,,,,,56,,,,,,,,
ITA-Serie A,2526,Udinese,Branimir Mlacic,CRO,DF,18.0,2007.0,1.8,,,,,,,1,,,,,,,,
ITA-Serie A,2526,Udinese,Christian Kabasele,BEL,DF,34.0,1991.0,25.0,,,,,,,0,,,,,,,,
ITA-Serie A,2526,Udinese,Daniele Padelli,ITA,GK,39.0,1985.0,2.0,,,,,,,0,,,,,,,,
ITA-Serie A,2526,Udinese,Hassane Kamara,CIV,"MF,DF",31.0,1994.0,20.7,,,,,,,81,,,,,,,,
ITA-Serie A,2526,Udinese,Idrissa Guèye,SEN,FW,18.0,2006.0,4.7,,,,,,,4,,,,,,,,
ITA-Serie A,2526,Udinese,Iker Bravo,ESP,FW,20.0,2005.0,2.3,,,,,,,4,,,,,,,,
ITA-Serie A,2526,Udinese,Jakub Piotrowski,POL,MF,27.0,1997.0,18.8,,,,,,,25,,,,,,,,
ITA-Serie A,2526,Udinese,Jesper Karlström,SWE,MF,30.0,1995.0,35.0,,,,,,,15,,,,,,,,
ITA-Serie A,2526,Udinese,Jordan Zemura,ZIM,"MF,DF",25.0,1999.0,12.5,,,,,,,35,,,,,,,,
ITA-Serie A,2526,Udinese,Juan Arizala,COL,MF,19.0,2005.0,2.1,,,,,,,6,,,,,,,,
ITA-Serie A,2526,Udinese,Jurgen Ekkelenkamp,NED,MF,25.0,2000.0,24.3,,,,,,,32,,,,,,,,
ITA-Serie A,2526,Udinese,Keinan Davis,ENG,FW,27.0,1998.0,22.9,,,,,,,5,,,,,,,,
ITA-Serie A,2526,Udinese,Kingsley Ehizibue,NED,"MF,DF",30.0,1995.0,20.1,,,,,,,32,,,,,,,,
ITA-Serie A,2526,Udinese,Lennon Miller,SCO,MF,18.0,2006.0,11.1,,,,,,,32,,,,,,,,
ITA-Serie A,2526,Udinese,Maduka Okoye,NGA,GK,25.0,1999.0,29.1,,,,,,,0,,,,,,,,
ITA-Serie A,2526,Udinese,Matteo Palma,GER,DF,17.0,2008.0,1.3,,,,,,,1,,,,,,,,
ITA-Serie A,2526,Udinese,Nicolò Bertola,ITA,"DF,MF",22.0,2003.0,19.6,,,,,,,8,,,,,,,,
ITA-Serie A,2526,Udinese,Nicolò Zaniolo,ITA,"FW,MF",26.0,1999.0,25.1,,,,,,,120,,,,,,,,
ITA-Serie A,2526,Udinese,Oier Zarraga,ESP,MF,26.0,1999.0,5.3,,,,,,,12,,,,,,,,
ITA-Serie A,2526,Udinese,Oumar Solet,FRA,DF,25.0,2000.0,32.9,,,,,,,20,,,,,,,,
ITA-Serie A,2526,Udinese,Razvan Sava,ROU,GK,23.0,2002.0,6.9,,,,,,,0,,,,,,,,
ITA-Serie A,2526,Udinese,Rui Modesto,ANG,MF,25.0,1999.0,1.3,,,,,,,5,,,,,,,,
ITA-Serie A,2526,Udinese,Saba Goglichidze,GEO,DF,21.0,2004.0,4.7,,,,,,,2,,,,,,,,
ITA-Serie A,2526,Udinese,Sandi Lovrić,SVN,MF,27.0,1998.0,1.8,,,,,,,16,,,,,,,,
ITA-Serie A,2526,Udinese,Thomas Kristensen,DEN,DF,23.0,2002.0,27.5,,,,,,,4,,,,,,,,
ITA-Serie A,2526,Udinese,Vakoun Bayo,CIV,FW,28.0,1997.0,5.0,,,,,,,1,,,,,,,,
GER-Bundesliga,2425,Augsburg,Alexis Claude-Maurice,FRA,"MF,FW",26.0,1998.0,23.4,,,,,,,21,,,,,,,,
GER-Bundesliga,2425,Augsburg,Arne Engels,BEL,FW,20.0,2003.0,0.9,,,,,,,4,,,,,,,,
GER-Bundesliga,2425,Augsburg,Arne Maier,GER,MF,25.0,1999.0,10.4,,,,,,,68,,,,,,,,
GER-Bundesliga,2425,Augsburg,Cedric Zesiger,SUI,DF,26.0,1998.0,13.6,,,,,,,12,,,,,,,,
GER-Bundesliga,2425,Augsburg,Chrislain Matsima,FRA,DF,22.0,2002.0,28.3,,,,,,,3,,,,,,,,
GER-Bundesliga,2425,Augsburg,Dimitris Giannoulis,GRE,MF,28.0,1995.0,29.4,,,,,,,120,,,,,,,,
GER-Bundesliga,2425,Augsburg,Elvis Rexhbeçaj,KVX,MF,26.0,1997.0,19.8,,,,,,,70,,,,,,,,
GER-Bundesliga,2425,Augsburg,Finn Dahmen,GER,GK,26.0,1998.0,19.0,,,,,,,0,,,,,,,,
GER-Bundesliga,2425,Augsburg,Frank Onyeka,NGA,MF,26.0,1998.0,28.7,,,,,,,20,,,,,,,,
GER-Bundesliga,2425,Augsburg,Fredrik Jensen,FIN,"MF,FW",26.0,1997.0,8.5,,,,,,,21,,,,,,,,
GER-Bundesliga,2425,Augsburg,Henri Koudossou,GER,MF,24.0,1999.0,8.3,,,,,,,24,,,,,,,,
GER-Bundesliga,2425,Augsburg,Jeffrey Gouweleeuw,NED,DF,33.0,1991.0,32.7,,,,,,,17,,,,,,,,
GER-Bundesliga,2425,Augsburg,Keven Schlotterbeck,GER,DF,27.0,1997.0,14.4,,,,,,,3,,,,,,,,
GER-Bundesliga,2425,Augsburg,Kristijan Jakić,CRO,MF,27.0,1997.0,25.6,,,,,,,14,,,,,,,,
GER-Bundesliga,2425,Augsburg,Mads Pedersen,DEN,DF,27.0,1996.0,2.6,,,,,,,5,,,,,,,,
GER-Bundesliga,2425,Augsburg,Marius Wolf,GER,MF,29.0,1995.0,23.8,,,,,,,113,,,,,,,,
GER-Bundesliga,2425,Augsburg,Maximilian Bauer,GER,DF,24.0,2000.0,7.3,,,,,,,4,,,,,,,,
GER-Bundesliga,2425,Augsburg,Mergim Berisha,GER,FW,26.0,1998.0,0.4,,,,,,,1,,,,,,,,
GER-Bundesliga,2425,Augsburg,Mert Kömür,GER,MF,19.0,2005.0,7.3,,,,,,,26,,,,,,,,
GER-Bundesliga,2425,Augsburg,Nediljko Labrović,CRO,GK,24.0,1999.0,15.0,,,,,,,0,,,,,,,,
GER-Bundesliga,2425,Augsburg,Niklas Dorsch,GER,MF,26.0,1998.0,0.4,,,,,,,1,,,,,,,,
GER-Bundesliga,2425,Augsburg,Noahkai Banks,USA,DF,17.0,2006.0,3.1,,,,,,,2,,,,,,,,
GER-Bundesliga,2425,Augsburg,Phillip Tietz,GER,FW,27.0,1997.0,18.7,,,,,,,2,,,,,,,,
GER-Bundesliga,2425,Augsburg,Robert Gumny,POL,MF,26.0,1998.0,3.0,,,,,,,4,,,,,,,,
GER-Bundesliga,2425,Augsburg,Ruben Vargas,SUI,MF,25.0,1998.0,3.4,,,,,,,14,,,,,,,,
GER-Bundesliga,2425,Augsburg,Samuel Essende,COD,FW,26.0,1998.0,18.2,,,,,,,5,,,,,,,,
GER-Bundesliga,2425,Augsburg,Steve Mounié,BEN,MF,29.0,1994.0,3.9,,,,,,,3,,,,,,,,
GER-Bundesliga,2425,Augsburg,Tim Breithaupt,GER,MF,22.0,2002.0,1.3,,,,,,,1,,,,,,,,
GER-Bundesliga,2425,Augsburg,Yusuf Kabadayı,GER,FW,20.0,2004.0,0.8,,,,,,,1,,,,,,,,
GER-Bundesliga,2425,Bayern Munich,Adam Aznou,MAR,DF,18.0,2006.0,0.2,,,,,,,1,,,,,,,,
GER-Bundesliga,2425,Bayern Munich,Aleksandar Pavlovic,GER,MF,20.0,2004.0,16.1,,,,,,,5,,,,,,,,
GER-Bundesliga,2425,Bayern Munich,Alphonso Davies,CAN,DF,23.0,2000.0,17.3,,,,,,,19,,,,,,,,
GER-Bundesliga,2425,Bayern Munich,Arijon Ibrahimović,GER,MF,18.0,2005.0,0.0,,,,,,,0,,,,,,,,
GER-Bundesliga,2425,Bayern Munich,Daniel Peretz,ISR,GK,24.0,2000.0,3.0,,,,,,,0,,,,,,,,
GER-Bundesliga,2425,Bayern Munich,Dayot Upamecano,FRA,DF,25.0,1998.0,19.5,,,,,,,6,,,,,,,,
GER-Bundesliga,2425,Bayern Munich,Eric Dier,ENG,DF,30.0,1994.0,16.3,,,,,,,2,,,,,,,,
GER-Bundesliga,2425,Bayern Munich,Gabriel Vidovic,CRO,MF,20.0,2003.0,0.3,,,,,,,0,,,,,,,,
GER-Bundesliga,2425,Bayern Munich,Harry Kane,ENG,FW,31.0,1993.0,26.5,,,,,,,14,,,,,,,,
GER-Bundesliga,2425,Bayern Munich,Hiroki Ito,JPN,DF,25.0,1999.0,2.8,,,,,,,2,,,,,,,,
GER-Bundesliga,2425,Bayern Munich,Jamal Musiala,GER,MF,21.0,2003.0,20.0,,,,,,,8,,,,,,,,
GER-Bundesliga,2425,Bayern Munich,Jonah Kusi-Asare,SWE,FW,17.0,2007.0,0.0,,,,,,,0,,,,,,,,
GER-Bundesliga,2425,Bayern Munich,Jonas Urbig,GER,GK,20.0,2003.0,8.0,,,,,,,0,,,,,,,,
GER-Bundesliga,2425,Bayern Munich,Joshua Kimmich,GER,MF,29.0,1995.0,31.6,,,,,,,177,,,,,,,,
GER-Bundesliga,2425,Bayern Munich,Josip Stanišić,CRO,DF,24.0,2000.0,9.7,,,,,,,11,,,,,,,,
GER-Bundesliga,2425,Bayern Munich,João Palhinha,POR,MF,29.0,1995.0,7.5,,,,,,,2,,,,,,,,
GER-Bundesliga,2425,Bayern Munich,Kim Min-jae,KOR,DF,27.0,1996.0,25.4,,,,,,,0,,,,,,,,
GER-Bundesliga,2425,Bayern Munich,Kingsley Coman,FRA,MF,28.0,1996.0,14.2,,,,,,,47,,,,,,,,
GER-Bundesliga,2425,Bayern Munich,Konrad Laimer,AUT,DF,27.0,1997.0,18.9,,,,,,,21,,,,,,,,
GER-Bundesliga,2425,Bayern Munich,Leon Goretzka,GER,MF,29.0,1995.0,14.7,,,,,,,6,,,,,,,,
GER-Bundesliga,2425,Bayern Munich,Leroy Sané,GER,MF,28.0,1996.0,18.2,,,,,,,50,,,,,,,,
GER-Bundesliga,2425,Bayern Munich,Manuel Neuer,GER,GK,38.0,1986.0,22.0,,,,,,,0,,,,,,,,
GER-Bundesliga,2425,Bayern Munich,Mathys Tel,FRA,MF,19.0,2005.0,2.8,,,,,,,5,,,,,,,,
GER-Bundesliga,2425,Bayern Munich,Michael Olise,FRA,MF,22.0,2001.0,25.9,,,,,,,134,,,,,,,,
GER-Bundesliga,2425,Bayern Munich,Raphaël Guerreiro,POR,"DF,MF",30.0,1993.0,17.5,,,,,,,27,,,,,,,,
GER-Bundesliga,2425,Bayern Munich,Sacha Boey,FRA,DF,23.0,2000.0,6.6,,,,,,,12,,,,,,,,
GER-Bundesliga,2425,Bayern Munich,Serge Gnabry,GER,"MF,FW",29.0,1995.0,13.8,,,,,,,22,,,,,,,,
GER-Bundesliga,2425,Bayern Munich,Sven Ulreich,GER,GK,35.0,1988.0,1.0,,,,,,,0,,,,,,,,
GER-Bundesliga,2425,Bayern Munich,Thomas Müller,GER,"MF,FW",34.0,1989.0,13.6,,,,,,,46,,,,,,,,
GER-Bundesliga,2425,Bochum,Aliou Badara Baldé,GUI,FW,21.0,2002.0,1.0,,,,,,,4,,,,,,,,
GER-Bundesliga,2425,Bochum,Anthony Losilla,FRA,MF,38.0,1986.0,12.6,,,,,,,4,,,,,,,,
GER-Bundesliga,2425,Bochum,Bernardo,BRA,DF,29.0,1995.0,19.8,,,,,,,15,,,,,,,,
GER-Bundesliga,2425,Bochum,Cristian Gamboa,CRC,MF,34.0,1989.0,2.5,,,,,,,6,,,,,,,,
GER-Bundesliga,2425,Bochum,Dani de Wit,NED,"MF,FW",26.0,1998.0,12.8,,,,,,,8,,,,,,,,
GER-Bundesliga,2425,Bochum,Erhan Mašović,SRB,"DF,MF",25.0,1998.0,10.1,,,,,,,0,,,,,,,,
GER-Bundesliga,2425,Bochum,Felix Passlack,GER,"MF,DF",26.0,1998.0,25.9,,,,,,,111,,,,,,,,
GER-Bundesliga,2425,Bochum,Gerrit Holtmann,PHI,"MF,DF",29.0,1995.0,12.6,,,,,,,90,,,,,,,,
GER-Bundesliga,2425,Bochum,Giorgos Masouras,GRE,FW,30.0,1994.0,11.7,,,,,,,27,,,,,,,,
GER-Bundesliga,2425,Bochum,Ibrahima Sissoko,MLI,MF,26.0,1997.0,29.0,,,,,,,21,,,,,,,,
GER-Bundesliga,2425,Bochum,Ivan Ordets,UKR,DF,32.0,1992.0,20.7,,,,,,,1,,,,,,,,
GER-Bundesliga,2425,Bochum,Jakov Medić,CRO,DF,25.0,1998.0,17.8,,,,,,,1,,,,,,,,
GER-Bundesliga,2425,Bochum,Kacper Koscierski,GER,DF,17.0,2007.0,0.1,,,,,,,0,,,,,,,,
GER-Bundesliga,2425,Bochum,Koji Miyoshi,JPN,"MF,FW",27.0,1997.0,5.2,,,,,,,9,,,,,,,,
GER-Bundesliga,2425,Bochum,Lukas Daschner,GER,"FW,MF",25.0,1998.0,4.6,,,,,,,19,,,,,,,,
GER-Bundesliga,2425,Bochum,Mats Pannewig,GER,MF,19.0,2004.0,3.0,,,,,,,3,,,,,,,,
GER-Bundesliga,2425,Bochum,Matúš Bero,SVK,MF,28.0,1995.0,28.5,,,,,,,123,,,,,,,,
GER-Bundesliga,2425,Bochum,Maximilian Wittek,GER,"DF,MF",28.0,1995.0,30.1,,,,,,,166,,,,,,,,
GER-Bundesliga,2425,Bochum,Moritz Broschinski,GER,"FW,MF",23.0,2000.0,15.4,,,,,,,28,,,,,,,,
GER-Bundesliga,2425,Bochum,Moritz-Broni Kwarteng,GHA,MF,26.0,1998.0,1.9,,,,,,,1,,,,,,,,
GER-Bundesliga,2425,Bochum,Myron Boadu,NED,FW,23.0,2001.0,11.6,,,,,,,2,,,,,,,,
GER-Bundesliga,2425,Bochum,Patrick Drewes,GER,GK,31.0,1993.0,21.0,,,,,,,0,,,,,,,,
GER-Bundesliga,2425,Bochum,Philipp Hofmann,GER,FW,31.0,1993.0,25.3,,,,,,,10,,,,,,,,
GER-Bundesliga,2425,Bochum,Samuel Bamba,GER,FW,20.0,2004.0,0.3,,,,,,,5,,,,,,,,
GER-Bundesliga,2425,Bochum,Tim Oermann,GER,DF,20.0,2003.0,24.6,,,,,,,14,,,,,,,,
GER-Bundesliga,2425,Bochum,Timo Horn,GER,GK,31.0,1993.0,13.0,,,,,,,0,,,,,,,,
GER-Bundesliga,2425,Bochum,Tom Krauß,GER,MF,23.0,2001.0,12.0,,,,,,,10,,,,,,,,
GER-Bundesliga,2425,Dortmund,Alexander Meyer,GER,GK,33.0,1991.0,2.0,,,,,,,0,,,,,,,,
GER-Bundesliga,2425,Dortmund,Almugera Kabar,GER,DF,18.0,2006.0,1.5,,,,,,,1,,,,,,,,
GER-Bundesliga,2425,Dortmund,Ayman Azhil,MAR,MF,23.0,2001.0,0.3,,,,,,,0,,,,,,,,
GER-Bundesliga,2425,Dortmund,Carney Chukwuemeka,AUT,MF,20.0,2003.0,2.8,,,,,,,1,,,,,,,,
GER-Bundesliga,2425,Dortmund,Cole Campbell,USA,FW,18.0,2006.0,0.2,,,,,,,1,,,,,,,,
GER-Bundesliga,2425,Dortmund,Daniel Svensson,SWE,"MF,DF",22.0,2002.0,8.7,,,,,,,36,,,,,,,,
GER-Bundesliga,2425,Dortmund,Donyell Malen,NED,MF,25.0,1999.0,6.8,,,,,,,13,,,,,,,,
GER-Bundesliga,2425,Dortmund,Emre Can,GER,"DF,MF",30.0,1994.0,23.4,,,,,,,10,,,,,,,,
GER-Bundesliga,2425,Dortmund,Felix Nmecha,GER,MF,23.0,2000.0,16.8,,,,,,,6,,,,,,,,
GER-Bundesliga,2425,Dortmund,Gio Reyna,USA,MF,21.0,2002.0,3.9,,,,,,,15,,,,,,,,
GER-Bundesliga,2425,Dortmund,Gregor Kobel,SUI,GK,26.0,1997.0,32.0,,,,,,,0,,,,,,,,
GER-Bundesliga,2425,Dortmund,Jamie Gittens,ENG,MF,19.0,2004.0,19.7,,,,,,,49,,,,,,,,
GER-Bundesliga,2425,Dortmund,Julian Brandt,GER,MF,28.0,1996.0,25.6,,,,,,,68,,,,,,,,
GER-Bundesliga,2425,Dortmund,Julian Ryerson,NOR,"DF,MF",26.0,1997.0,25.1,,,,,,,111,,,,,,,,
GER-Bundesliga,2425,Dortmund,Julien Duranville,BEL,MF,18.0,2006.0,3.1,,,,,,,13,,,,,,,,
GER-Bundesliga,2425,Dortmund,Karim Adeyemi,GER,"MF,FW",22.0,2002.0,15.9,,,,,,,27,,,,,,,,
GER-Bundesliga,2425,Dortmund,Kjell-Arik Wätjen,GER,MF,18.0,2006.0,0.2,,,,,,,0,,,,,,,,
GER-Bundesliga,2425,Dortmund,Marcel Sabitzer,AUT,MF,30.0,1994.0,18.0,,,,,,,23,,,,,,,,
GER-Bundesliga,2425,Dortmund,Maximilian Beier,GER,"MF,FW",21.0,2002.0,17.7,,,,,,,18,,,,,,,,
GER-Bundesliga,2425,Dortmund,Nico Schlotterbeck,GER,DF,24.0,1999.0,22.0,,,,,,,14,,,,,,,,
GER-Bundesliga,2425,Dortmund,Niklas Süle,GER,DF,28.0,1995.0,11.7,,,,,,,1,,,,,,,,
GER-Bundesliga,2425,Dortmund,Pascal Groß,GER,"MF,DF",33.0,1991.0,25.9,,,,,,,178,,,,,,,,
GER-Bundesliga,2425,Dortmund,Ramy Bensebaini,ALG,DF,29.0,1995.0,22.5,,,,,,,35,,,,,,,,
GER-Bundesliga,2425,Dortmund,Salih Özcan,TUR,MF,26.0,1998.0,4.3,,,,,,,2,,,,,,,,
GER-Bundesliga,2425,Dortmund,Serhou Guirassy,GUI,FW,28.0,1996.0,28.9,,,,,,,1,,,,,,,,
GER-Bundesliga,2425,Dortmund,Waldemar Anton,GER,DF,28.0,1996.0,21.7,,,,,,,23,,,,,,,,
GER-Bundesliga,2425,Dortmund,Yan Couto,BRA,"DF,MF",22.0,2002.0,9.9,,,,,,,53,,,,,,,,
GER-Bundesliga,2425,Dortmund,Yannik Lührs,GER,DF,20.0,2003.0,1.4,,,,,,,0,,,,,,,,
GER-Bundesliga,2425,Frankfurt,Ansgar Knauff,GER,MF,22.0,2002.0,17.7,,,,,,,32,,,,,,,,
GER-Bundesliga,2425,Frankfurt,Arthur Theate,BEL,DF,24.0,2000.0,30.0,,,,,,,26,,,,,,,,
GER-Bundesliga,2425,Frankfurt,Aurèle Amenda,SUI,DF,21.0,2003.0,1.1,,,,,,,0,,,,,,,,
GER-Bundesliga,2425,Frankfurt,Can Uzun,TUR,MF,18.0,2005.0,7.5,,,,,,,17,,,,,,,,
GER-Bundesliga,2425,Frankfurt,Ellyes Skhiri,TUN,MF,29.0,1995.0,24.8,,,,,,,3,,,,,,,,
GER-Bundesliga,2425,Frankfurt,Elye Wahi,CIV,FW,21.0,2003.0,2.2,,,,,,,5,,,,,,,,
GER-Bundesliga,2425,Frankfurt,Fares Chaïbi,ALG,MF,21.0,2002.0,11.3,,,,,,,72,,,,,,,,
GER-Bundesliga,2425,Frankfurt,Hugo Ekitike,FRA,FW,22.0,2002.0,28.5,,,,,,,17,,,,,,,,
GER-Bundesliga,2425,Frankfurt,Hugo Larsson,SWE,MF,20.0,2004.0,26.6,,,,,,,8,,,,,,,,
GER-Bundesliga,2425,Frankfurt,Igor Matanović,CRO,FW,21.0,2003.0,3.5,,,,,,,0,,,,,,,,
GER-Bundesliga,2425,Frankfurt,Jean Mattéo Bahoya,FRA,MF,19.0,2005.0,10.2,,,,,,,31,,,,,,,,
GER-Bundesliga,2425,Frankfurt,Junior Dina Ebimbe,CMR,MF,23.0,2000.0,3.3,,,,,,,8,,,,,,,,
GER-Bundesliga,2425,Frankfurt,Kauã Santos,BRA,GK,21.0,2003.0,8.5,,,,,,,0,,,,,,,,
GER-Bundesliga,2425,Frankfurt,Kevin Trapp,GER,GK,34.0,1990.0,25.5,,,,,,,0,,,,,,,,
GER-Bundesliga,2425,Frankfurt,Mahmoud Dahoud,GER,MF,28.0,1996.0,4.0,,,,,,,4,,,,,,,,
GER-Bundesliga,2425,Frankfurt,Mario Götze,GER,MF,32.0,1992.0,17.1,,,,,,,39,,,,,,,,
GER-Bundesliga,2425,Frankfurt,Michy Batshuayi,BEL,FW,30.0,1993.0,3.3,,,,,,,1,,,,,,,,
GER-Bundesliga,2425,Frankfurt,Nathaniel Brown,GER,"MF,DF",21.0,2003.0,21.6,,,,,,,93,,,,,,,,
GER-Bundesliga,2425,Frankfurt,Niels Nkounkou,FRA,"MF,DF",23.0,2000.0,4.2,,,,,,,23,,,,,,,,
GER-Bundesliga,2425,Frankfurt,Nnamdi Collins,GER,"DF,MF",20.0,2004.0,16.5,,,,,,,17,,,,,,,,
GER-Bundesliga,2425,Frankfurt,Omar Marmoush,EGY,"FW,MF",25.0,1999.0,16.1,,,,,,,78,,,,,,,,
GER-Bundesliga,2425,Frankfurt,Oscar Højlund,DEN,MF,19.0,2005.0,8.0,,,,,,,1,,,,,,,,
GER-Bundesliga,2425,Frankfurt,Rasmus Kristensen,DEN,"DF,MF",27.0,1997.0,27.9,,,,,,,60,,,,,,,,
GER-Bundesliga,2425,Frankfurt,Robin Koch,GER,DF,28.0,1996.0,28.7,,,,,,,1,,,,,,,,
GER-Bundesliga,2425,Frankfurt,Timothy Chandler,USA,"DF,MF",34.0,1990.0,0.3,,,,,,,1,,,,,,,,
GER-Bundesliga,2425,Frankfurt,Tuta,BRA,"DF,MF",25.0,1999.0,25.3,,,,,,,2,,,,,,,,
GER-Bundesliga,2425,Freiburg,Christian Günter,GER,DF,31.0,1993.0,25.7,,,,,,,123,,,,,,,,
GER-Bundesliga,2425,Freiburg,Eren Dinkçi,GER,MF,22.0,2001.0,13.3,,,,,,,16,,,,,,,,
GER-Bundesliga,2425,Freiburg,Florent Muslija,KVX,"FW,MF",26.0,1998.0,1.9,,,,,,,14,,,,,,,,
GER-Bundesliga,2425,Freiburg,Florian Müller,GER,GK,26.0,1997.0,8.4,,,,,,,0,,,,,,,,
GER-Bundesliga,2425,Freiburg,Ifechukwu Ogbus,SUI,DF,18.0,2005.0,0.2,,,,,,,0,,,,,,,,
GER-Bundesliga,2425,Freiburg,Jan-Niklas Beste,GER,"DF,MF",25.0,1999.0,2.4,,,,,,,20,,,,,,,,
GER-Bundesliga,2425,Freiburg,Johan Manzambi,SUI,MF,18.0,2005.0,3.7,,,,,,,5,,,,,,,,
GER-Bundesliga,2425,Freiburg,Jordy Makengo,FRA,DF,22.0,2001.0,8.3,,,,,,,25,,,,,,,,
GER-Bundesliga,2425,Freiburg,Junior Adamu,AUT,FW,23.0,2001.0,17.2,,,,,,,5,,,,,,,,
GER-Bundesliga,2425,Freiburg,Kiliann Sildillia,FRA,DF,22.0,2002.0,8.9,,,,,,,19,,,,,,,,
GER-Bundesliga,2425,Freiburg,Lucas Höler,GER,"FW,MF",30.0,1994.0,20.7,,,,,,,14,,,,,,,,
GER-Bundesliga,2425,Freiburg,Lukas Kübler,GER,DF,31.0,1992.0,20.5,,,,,,,30,,,,,,,,
GER-Bundesliga,2425,Freiburg,Matthias Ginter,GER,DF,30.0,1994.0,28.5,,,,,,,12,,,,,,,,
GER-Bundesliga,2425,Freiburg,Max Rosenfelder,GER,DF,21.0,2003.0,13.9,,,,,,,9,,,,,,,,
GER-Bundesliga,2425,Freiburg,Maximilian Eggestein,GER,MF,27.0,1996.0,31.6,,,,,,,9,,,,,,,,
GER-Bundesliga,2425,Freiburg,Maximilian Philipp,GER,"FW,MF",30.0,1994.0,0.2,,,,,,,0,,,,,,,,
GER-Bundesliga,2425,Freiburg,Merlin Röhl,GER,MF,22.0,2002.0,10.7,,,,,,,12,,,,,,,,
GER-Bundesliga,2425,Freiburg,Michael Gregoritsch,AUT,FW,30.0,1994.0,7.1,,,,,,,1,,,,,,,,
GER-Bundesliga,2425,Freiburg,Nicolas Höfler,GER,MF,34.0,1990.0,8.8,,,,,,,1,,,,,,,,
GER-Bundesliga,2425,Freiburg,Noah Atubolu,GER,GK,22.0,2002.0,25.6,,,,,,,0,,,,,,,,
GER-Bundesliga,2425,Freiburg,Noah Weißhaupt,GER,"FW,MF",22.0,2001.0,0.9,,,,,,,8,,,,,,,,
GER-Bundesliga,2425,Freiburg,Patrick Osterhage,GER,MF,24.0,2000.0,25.2,,,,,,,21,,,,,,,,
GER-Bundesliga,2425,Freiburg,Philipp Lienhart,AUT,DF,28.0,1996.0,30.8,,,,,,,8,,,,,,,,
GER-Bundesliga,2425,Freiburg,Ritsu Doan,JPN,MF,26.0,1998.0,31.8,,,,,,,80,,,,,,,,
GER-Bundesliga,2425,Freiburg,Roland Sallai,HUN,"DF,FW",27.0,1997.0,0.5,,,,,,,4,,,,,,,,
GER-Bundesliga,2425,Freiburg,Vincenzo Grifo,ITA,MF,31.0,1993.0,27.0,,,,,,,157,,,,,,,,
GER-Bundesliga,2425,Gladbach,Alassane Pléa,FRA,MF,31.0,1993.0,21.1,,,,,,,44,,,,,,,,
GER-Bundesliga,2425,Gladbach,Fabio Chiarodia,ITA,DF,19.0,2005.0,4.2,,,,,,,0,,,,,,,,
GER-Bundesliga,2425,Gladbach,Florian Neuhaus,GER,MF,27.0,1997.0,4.2,,,,,,,8,,,,,,,,
GER-Bundesliga,2425,Gladbach,Franck Honorat,FRA,MF,27.0,1996.0,16.0,,,,,,,123,,,,,,,,
GER-Bundesliga,2425,Gladbach,Grant Ranos,ARM,FW,21.0,2003.0,0.2,,,,,,,0,,,,,,,,
GER-Bundesliga,2425,Gladbach,Joe Scally,USA,DF,21.0,2002.0,28.6,,,,,,,49,,,,,,,,
GER-Bundesliga,2425,Gladbach,Jonas Omlin,SUI,GK,30.0,1994.0,10.9,,,,,,,0,,,,,,,,
GER-Bundesliga,2425,Gladbach,Julian Weigl,GER,MF,28.0,1995.0,32.0,,,,,,,10,,,,,,,,
GER-Bundesliga,2425,Gladbach,Kevin Stöger,AUT,MF,30.0,1993.0,17.2,,,,,,,114,,,,,,,,
GER-Bundesliga,2425,Gladbach,Ko Itakura,JPN,DF,27.0,1997.0,31.0,,,,,,,8,,,,,,,,
GER-Bundesliga,2425,Gladbach,Luca Netz,GER,DF,21.0,2003.0,10.8,,,,,,,16,,,,,,,,
GER-Bundesliga,2425,Gladbach,Lukas Ullrich,GER,DF,20.0,2004.0,21.1,,,,,,,47,,,,,,,,
GER-Bundesliga,2425,Gladbach,Marvin Friedrich,GER,DF,28.0,1995.0,11.0,,,,,,,0,,,,,,,,
GER-Bundesliga,2425,Gladbach,Moritz Nicolas,GER,GK,26.0,1997.0,18.2,,,,,,,0,,,,,,,,
GER-Bundesliga,2425,Gladbach,Nathan N'Goumou,CMR,MF,24.0,2000.0,9.2,,,,,,,21,,,,,,,,
GER-Bundesliga,2425,Gladbach,Nico Elvedi,SUI,DF,27.0,1996.0,23.7,,,,,,,1,,,,,,,,
GER-Bundesliga,2425,Gladbach,Noah Pesch,CRO,FW,19.0,2005.0,0.1,,,,,,,0,,,,,,,,
GER-Bundesliga,2425,Gladbach,Philipp Sander,GER,MF,26.0,1998.0,15.6,,,,,,,22,,,,,,,,
GER-Bundesliga,2425,Gladbach,Robin Hack,GER,MF,25.0,1998.0,24.1,,,,,,,61,,,,,,,,
GER-Bundesliga,2425,Gladbach,Rocco Reitz,GER,MF,22.0,2002.0,20.3,,,,,,,23,,,,,,,,
GER-Bundesliga,2425,Gladbach,Shiō Fukuda,JPN,FW,20.0,2004.0,0.7,,,,,,,1,,,,,,,,
GER-Bundesliga,2425,Gladbach,Stefan Lainer,AUT,DF,31.0,1992.0,8.4,,,,,,,29,,,,,,,,
GER-Bundesliga,2425,Gladbach,Tiago Cardoso,LUX,GK,18.0,2006.0,4.2,,,,,,,0,,,,,,,,
GER-Bundesliga,2425,Gladbach,Tim Kleindienst,GER,FW,28.0,1995.0,30.4,,,,,,,15,,,,,,,,
GER-Bundesliga,2425,Gladbach,Tobias Sippel,GER,GK,36.0,1988.0,0.7,,,,,,,0,,,,,,,,
GER-Bundesliga,2425,Gladbach,Tomáš Čvančara,CZE,"MF,FW",23.0,2000.0,9.2,,,,,,,15,,,,,,,,
GER-Bundesliga,2425,Heidenheim,Adrian Beck,GER,"MF,FW",27.0,1997.0,17.8,,,,,,,31,,,,,,,,
GER-Bundesliga,2425,Heidenheim,Benedikt Gimber,GER,DF,27.0,1997.0,29.7,,,,,,,3,,,,,,,,
GER-Bundesliga,2425,Heidenheim,Budu Zivzivadze,GEO,FW,30.0,1994.0,10.6,,,,,,,5,,,,,,,,
GER-Bundesliga,2425,Heidenheim,Denis Thomalla,GER,"FW,MF",31.0,1992.0,0.0,,,,,,,0,,,,,,,,
GER-Bundesliga,2425,Heidenheim,Frank Feller,GER,GK,20.0,2004.0,1.3,,,,,,,0,,,,,,,,
GER-Bundesliga,2425,Heidenheim,Frans Krätzig,GER,"MF,DF",21.0,2003.0,13.5,,,,,,,38,,,,,,,,
GER-Bundesliga,2425,Heidenheim,Jan Schöppner,GER,MF,25.0,1999.0,29.8,,,,,,,12,,,,,,,,
GER-Bundesliga,2425,Heidenheim,Jonas Föhrenbach,GER,"DF,MF",28.0,1996.0,20.4,,,,,,,58,,,,,,,,
GER-Bundesliga,2425,Heidenheim,Julian Niehues,GER,MF,23.0,2001.0,1.7,,,,,,,0,,,,,,,,
GER-Bundesliga,2425,Heidenheim,Kevin Müller,GER,GK,33.0,1991.0,32.7,,,,,,,0,,,,,,,,
GER-Bundesliga,2425,Heidenheim,Lennard Maloney,USA,"MF,DF",24.0,1999.0,8.4,,,,,,,0,,,,,,,,
GER-Bundesliga,2425,Heidenheim,Luca Kerber,GER,MF,22.0,2002.0,8.7,,,,,,,3,,,,,,,,
GER-Bundesliga,2425,Heidenheim,Léo Scienza,BRA,"MF,FW",25.0,1998.0,12.8,,,,,,,81,,,,,,,,
GER-Bundesliga,2425,Heidenheim,Marnon Busch,GER,"DF,MF",29.0,1994.0,15.5,,,,,,,50,,,,,,,,
GER-Bundesliga,2425,Heidenheim,Marvin Pieringer,GER,FW,24.0,1999.0,24.5,,,,,,,11,,,,,,,,
GER-Bundesliga,2425,Heidenheim,Mathias Honsak,AUT,"MF,FW",27.0,1996.0,13.1,,,,,,,47,,,,,,,,
GER-Bundesliga,2425,Heidenheim,Maximilian Breunig,GER,FW,23.0,2000.0,3.9,,,,,,,1,,,,,,,,
GER-Bundesliga,2425,Heidenheim,Mikkel Kaufmann,DEN,"FW,MF",23.0,2001.0,4.1,,,,,,,2,,,,,,,,
GER-Bundesliga,2425,Heidenheim,Niklas Dorsch,GER,MF,26.0,1998.0,14.8,,,,,,,36,,,,,,,,
GER-Bundesliga,2425,Heidenheim,Norman Theuerkauf,GER,"DF,MF",37.0,1987.0,0.2,,,,,,,0,,,,,,,,
GER-Bundesliga,2425,Heidenheim,Omar Traoré,GER,"DF,MF",26.0,1998.0,29.1,,,,,,,107,,,,,,,,
GER-Bundesliga,2425,Heidenheim,Patrick Mainka,GER,DF,29.0,1994.0,34.0,,,,,,,5,,,,,,,,
GER-Bundesliga,2425,Heidenheim,Paul Wanner,AUT,"MF,FW",18.0,2005.0,19.7,,,,,,,54,,,,,,,,
GER-Bundesliga,2425,Heidenheim,Sirlord Conteh,GER,"MF,FW",28.0,1996.0,9.9,,,,,,,21,,,,,,,,
GER-Bundesliga,2425,Heidenheim,Stefan Schimmer,GER,FW,30.0,1994.0,2.7,,,,,,,2,,,,,,,,
GER-Bundesliga,2425,Heidenheim,Thomas Keller,GER,"MF,DF",24.0,1999.0,1.6,,,,,,,0,,,,,,,,
GER-Bundesliga,2425,Heidenheim,Tim Siersleben,GER,DF,24.0,2000.0,13.1,,,,,,,10,,,,,,,,
GER-Bundesliga,2425,Hoffenheim,Adam Hložek,CZE,"FW,MF",22.0,2002.0,20.8,,,,,,,20,,,,,,,,
GER-Bundesliga,2425,Hoffenheim,Alexander Prass,AUT,"MF,DF",23.0,2001.0,17.4,,,,,,,55,,,,,,,,
GER-Bundesliga,2425,Hoffenheim,Andrej Kramarić,CRO,MF,33.0,1991.0,30.7,,,,,,,116,,,,,,,,
GER-Bundesliga,2425,Hoffenheim,Anton Stach,GER,"MF,DF",25.0,1998.0,28.7,,,,,,,23,,,,,,,,
GER-Bundesliga,2425,Hoffenheim,Arthur Chaves,BRA,DF,23.0,2001.0,24.3,,,,,,,8,,,,,,,,
GER-Bundesliga,2425,Hoffenheim,Bazoumana Touré,CIV,"MF,FW",18.0,2006.0,6.8,,,,,,,25,,,,,,,,
GER-Bundesliga,2425,Hoffenheim,David Jurásek,CZE,"DF,MF",23.0,2000.0,6.9,,,,,,,55,,,,,,,,
GER-Bundesliga,2425,Hoffenheim,David Mokwa,FRA,FW,20.0,2004.0,0.2,,,,,,,0,,,,,,,,
GER-Bundesliga,2425,Hoffenheim,Dennis Geiger,GER,MF,26.0,1998.0,8.2,,,,,,,5,,,,,,,,
GER-Bundesliga,2425,Hoffenheim,Diadie Samassékou,MLI,MF,28.0,1996.0,3.2,,,,,,,0,,,,,,,,
GER-Bundesliga,2425,Hoffenheim,Erencan Yardimci,TUR,FW,22.0,2002.0,3.5,,,,,,,1,,,,,,,,
GER-Bundesliga,2425,Hoffenheim,Finn Ole Becker,GER,MF,24.0,2000.0,7.4,,,,,,,8,,,,,,,,
GER-Bundesliga,2425,Hoffenheim,Florian Grillitsch,AUT,"MF,DF",28.0,1995.0,6.7,,,,,,,5,,,,,,,,
GER-Bundesliga,2425,Hoffenheim,Florian Micheler,AUT,MF,19.0,2005.0,0.4,,,,,,,0,,,,,,,,
GER-Bundesliga,2425,Hoffenheim,Gift Orban,NGA,FW,22.0,2002.0,7.6,,,,,,,6,,,,,,,,
GER-Bundesliga,2425,Hoffenheim,Grischa Prömel,GER,MF,29.0,1995.0,1.9,,,,,,,2,,,,,,,,
GER-Bundesliga,2425,Hoffenheim,Hannes Behrens,GER,DF,19.0,2005.0,0.3,,,,,,,0,,,,,,,,
GER-Bundesliga,2425,Hoffenheim,Haris Tabaković,BIH,FW,30.0,1994.0,9.1,,,,,,,4,,,,,,,,
GER-Bundesliga,2425,Hoffenheim,Ihlas Bebou,TOG,"FW,MF",30.0,1994.0,0.1,,,,,,,0,,,,,,,,
GER-Bundesliga,2425,Hoffenheim,Jacob Bruun Larsen,DEN,"MF,FW",25.0,1998.0,4.4,,,,,,,19,,,,,,,,
GER-Bundesliga,2425,Hoffenheim,Kevin Akpoguma,NGA,DF,29.0,1995.0,24.7,,,,,,,12,,,,,,,,
GER-Bundesliga,2425,Hoffenheim,Leo Østigård,NOR,DF,24.0,1999.0,10.3,,,,,,,2,,,,,,,,
GER-Bundesliga,2425,Hoffenheim,Luca Philipp,GER,GK,23.0,2000.0,6.0,,,,,,,0,,,,,,,,
GER-Bundesliga,2425,Hoffenheim,Marius Bülter,GER,"MF,FW",31.0,1993.0,19.2,,,,,,,86,,,,,,,,
GER-Bundesliga,2425,Hoffenheim,Max Moerstedt,GER,"FW,MF",18.0,2006.0,5.0,,,,,,,0,,,,,,,,
GER-Bundesliga,2425,Hoffenheim,Mergim Berisha,GER,FW,26.0,1998.0,3.7,,,,,,,3,,,,,,,,
GER-Bundesliga,2425,Hoffenheim,Oliver Baumann,GER,GK,34.0,1990.0,28.0,,,,,,,0,,,,,,,,
GER-Bundesliga,2425,Hoffenheim,Paul Hennrich,GER,MF,19.0,2005.0,0.1,,,,,,,0,,,,,,,,
GER-Bundesliga,2425,Hoffenheim,Pavel Kadeřábek,CZE,"MF,DF",32.0,1992.0,17.5,,,,,,,73,,,,,,,,
GER-Bundesliga,2425,Hoffenheim,Robin Hranáč,CZE,DF,24.0,2000.0,2.4,,,,,,,0,,,,,,,,
GER-Bundesliga,2425,Hoffenheim,Stanley N'Soki,FRA,DF,25.0,1999.0,14.5,,,,,,,1,,,,,,,,
GER-Bundesliga,2425,Hoffenheim,Tim Drexler,GER,DF,19.0,2005.0,4.0,,,,,,,1,,,,,,,,
GER-Bundesliga,2425,Hoffenheim,Tom Bischof,GER,MF,19.0,2005.0,28.4,,,,,,,145,,,,,,,,
GER-Bundesliga,2425,Hoffenheim,Umut Tohumcu,GER,MF,19.0,2004.0,4.2,,,,,,,8,,,,,,,,
GER-Bundesliga,2425,Hoffenheim,Valentin Gendrey,FRA,"DF,MF",24.0,2000.0,15.7,,,,,,,51,,,,,,,,
GER-Bundesliga,2425,Holstein Kiel,Alexander Bernhardsson,SWE,"FW,MF",25.0,1998.0,14.0,,,,,,,34,,,,,,,,
GER-Bundesliga,2425,Holstein Kiel,Andu Kelati,GER,MF,21.0,2002.0,3.2,,,,,,,6,,,,,,,,
GER-Bundesliga,2425,Holstein Kiel,Armin Gigovic,BIH,MF,22.0,2002.0,21.1,,,,,,,14,,,,,,,,
GER-Bundesliga,2425,Holstein Kiel,Benedikt Pichler,AUT,FW,27.0,1997.0,8.7,,,,,,,10,,,,,,,,
GER-Bundesliga,2425,Holstein Kiel,Carl Johansson,SWE,DF,30.0,1994.0,6.3,,,,,,,0,,,,,,,,
GER-Bundesliga,2425,Holstein Kiel,David Zec,SVN,DF,24.0,2000.0,17.1,,,,,,,1,,,,,,,,
GER-Bundesliga,2425,Holstein Kiel,Dominik Javorček,SVK,"MF,DF",21.0,2002.0,4.3,,,,,,,21,,,,,,,,
GER-Bundesliga,2425,Holstein Kiel,Finn Porath,GER,MF,27.0,1997.0,21.9,,,,,,,84,,,,,,,,
GER-Bundesliga,2425,Holstein Kiel,Ivan Nekić,CRO,DF,23.0,2000.0,0.8,,,,,,,0,,,,,,,,
GER-Bundesliga,2425,Holstein Kiel,Jann-Fiete Arp,GER,FW,24.0,2000.0,7.9,,,,,,,24,,,,,,,,
GER-Bundesliga,2425,Holstein Kiel,John Tolkin,USA,"MF,DF",22.0,2002.0,8.2,,,,,,,37,,,,,,,,
GER-Bundesliga,2425,Holstein Kiel,Lasse Rosenboom,GER,MF,22.0,2002.0,19.3,,,,,,,18,,,,,,,,
GER-Bundesliga,2425,Holstein Kiel,Lewis Holtby,GER,MF,33.0,1990.0,13.8,,,,,,,46,,,,,,,,
GER-Bundesliga,2425,Holstein Kiel,Magnus Knudsen,NOR,MF,23.0,2001.0,20.6,,,,,,,7,,,,,,,,
GER-Bundesliga,2425,Holstein Kiel,Marco Komenda,CRO,DF,27.0,1996.0,14.5,,,,,,,15,,,,,,,,
GER-Bundesliga,2425,Holstein Kiel,Marko Ivezić,SRB,DF,22.0,2001.0,18.4,,,,,,,2,,,,,,,,
GER-Bundesliga,2425,Holstein Kiel,Marvin Schulz,GER,"DF,MF",29.0,1995.0,3.4,,,,,,,12,,,,,,,,
GER-Bundesliga,2425,Holstein Kiel,Max Geschwill,GER,DF,23.0,2001.0,14.2,,,,,,,10,,,,,,,,
GER-Bundesliga,2425,Holstein Kiel,Nicolai Remberg,GER,MF,24.0,2000.0,26.9,,,,,,,8,,,,,,,,
GER-Bundesliga,2425,Holstein Kiel,Patrick Erras,GER,DF,29.0,1995.0,9.2,,,,,,,0,,,,,,,,
GER-Bundesliga,2425,Holstein Kiel,Phil Harres,GER,FW,22.0,2002.0,17.2,,,,,,,6,,,,,,,,
GER-Bundesliga,2425,Holstein Kiel,Shuto Machino,JPN,"FW,MF",24.0,1999.0,21.7,,,,,,,33,,,,,,,,
GER-Bundesliga,2425,Holstein Kiel,Steven Skrzybski,GER,"FW,MF",31.0,1992.0,14.7,,,,,,,30,,,,,,,,
GER-Bundesliga,2425,Holstein Kiel,Thomas Dähne,GER,GK,30.0,1994.0,9.0,,,,,,,0,,,,,,,,
GER-Bundesliga,2425,Holstein Kiel,Timo Becker,GER,"DF,MF",27.0,1997.0,27.2,,,,,,,22,,,,,,,,
GER-Bundesliga,2425,Holstein Kiel,Timon Weiner,GER,GK,25.0,1999.0,25.0,,,,,,,0,,,,,,,,
GER-Bundesliga,2425,Holstein Kiel,Tymoteusz Puchacz,POL,MF,25.0,1999.0,4.4,,,,,,,38,,,,,,,,
GER-Bundesliga,2425,Leverkusen,Aleix García,ESP,MF,27.0,1997.0,16.2,,,,,,,93,,,,,,,,
GER-Bundesliga,2425,Leverkusen,Amine Adli,MAR,"MF,FW",24.0,2000.0,8.5,,,,,,,33,,,,,,,,
GER-Bundesliga,2425,Leverkusen,Arthur,BRA,"MF,DF",21.0,2003.0,8.4,,,,,,,16,,,,,,,,
GER-Bundesliga,2425,Leverkusen,Edmond Tapsoba,BFA,DF,25.0,1999.0,27.9,,,,,,,8,,,,,,,,
GER-Bundesliga,2425,Leverkusen,Emi Buendía,ARG,MF,27.0,1996.0,2.9,,,,,,,3,,,,,,,,
GER-Bundesliga,2425,Leverkusen,Exequiel Palacios,ARG,MF,25.0,1998.0,12.8,,,,,,,4,,,,,,,,
GER-Bundesliga,2425,Leverkusen,Florian Wirtz,GER,MF,21.0,2003.0,26.1,,,,,,,102,,,,,,,,
GER-Bundesliga,2425,Leverkusen,Granit Xhaka,SUI,MF,31.0,1992.0,32.1,,,,,,,30,,,,,,,,
GER-Bundesliga,2425,Leverkusen,Jeanuël Belocian,FRA,DF,19.0,2005.0,0.8,,,,,,,0,,,,,,,,
GER-Bundesliga,2425,Leverkusen,Jeremie Frimpong,NED,MF,23.0,2000.0,25.7,,,,,,,113,,,,,,,,
GER-Bundesliga,2425,Leverkusen,Jonas Hofmann,GER,MF,32.0,1992.0,4.0,,,,,,,5,,,,,,,,
GER-Bundesliga,2425,Leverkusen,Jonathan Tah,GER,DF,28.0,1996.0,33.0,,,,,,,7,,,,,,,,
GER-Bundesliga,2425,Leverkusen,Lukáš Hrádecký,FIN,GK,34.0,1989.0,29.0,,,,,,,0,,,,,,,,
GER-Bundesliga,2425,Leverkusen,Mario Hermoso,ESP,DF,29.0,1995.0,3.3,,,,,,,4,,,,,,,,
GER-Bundesliga,2425,Leverkusen,Martin Terrier,FRA,"MF,FW",27.0,1997.0,6.5,,,,,,,5,,,,,,,,
GER-Bundesliga,2425,Leverkusen,Matej Kovar,CZE,GK,24.0,2000.0,5.0,,,,,,,0,,,,,,,,
GER-Bundesliga,2425,Leverkusen,Nathan Tella,NGA,"MF,FW",25.0,1999.0,15.1,,,,,,,25,,,,,,,,
GER-Bundesliga,2425,Leverkusen,Nordi Mukiele,FRA,"DF,MF",26.0,1997.0,10.0,,,,,,,13,,,,,,,,
GER-Bundesliga,2425,Leverkusen,Patrik Schick,CZE,FW,28.0,1996.0,18.7,,,,,,,1,,,,,,,,
GER-Bundesliga,2425,Leverkusen,Piero Hincapié,ECU,DF,22.0,2002.0,29.7,,,,,,,36,,,,,,,,
GER-Bundesliga,2425,Leverkusen,Robert Andrich,GER,"MF,DF",29.0,1994.0,17.8,,,,,,,12,,,,,,,,
GER-Bundesliga,2425,Leverkusen,Victor Boniface,NGA,FW,23.0,2000.0,11.2,,,,,,,6,,,,,,,,
GER-Bundesliga,2425,Leverkusen,Álex Grimaldo,ESP,MF,28.0,1995.0,29.3,,,,,,,217,,,,,,,,
GER-Bundesliga,2425,Mainz 05,Andreas Hanche-Olsen,NOR,DF,27.0,1997.0,14.3,,,,,,,1,,,,,,,,
GER-Bundesliga,2425,Mainz 05,Anthony Caci,FRA,MF,27.0,1997.0,29.8,,,,,,,134,,,,,,,,
GER-Bundesliga,2425,Mainz 05,Armindo Sieb,GER,"MF,FW",21.0,2003.0,8.5,,,,,,,6,,,,,,,,
GER-Bundesliga,2425,Mainz 05,Arnaud Nordin,FRA,"FW,MF",26.0,1998.0,0.9,,,,,,,9,,,,,,,,
GER-Bundesliga,2425,Mainz 05,Aymen Barkok,MAR,MF,26.0,1998.0,0.8,,,,,,,5,,,,,,,,
GER-Bundesliga,2425,Mainz 05,Danny da Costa,GER,DF,31.0,1993.0,22.3,,,,,,,22,,,,,,,,
GER-Bundesliga,2425,Mainz 05,Dominik Kohr,GER,"DF,MF",30.0,1994.0,25.5,,,,,,,14,,,,,,,,
GER-Bundesliga,2425,Mainz 05,Gabriel Vidovic,CRO,MF,20.0,2003.0,0.0,,,,,,,0,,,,,,,,
GER-Bundesliga,2425,Mainz 05,Hong Hyunseok,KOR,MF,25.0,1999.0,5.9,,,,,,,4,,,,,,,,
GER-Bundesliga,2425,Mainz 05,Jonathan Burkardt,GER,FW,24.0,2000.0,23.4,,,,,,,27,,,,,,,,
GER-Bundesliga,2425,Mainz 05,Kaishū Sano,JPN,MF,23.0,2000.0,33.8,,,,,,,11,,,,,,,,
GER-Bundesliga,2425,Mainz 05,Karim Onisiwo,AUT,MF,32.0,1992.0,1.2,,,,,,,2,,,,,,,,
GER-Bundesliga,2425,Mainz 05,Lasse Rieß,GER,GK,23.0,2001.0,2.0,,,,,,,0,,,,,,,,
GER-Bundesliga,2425,Mainz 05,Lee Jae-sung,KOR,MF,31.0,1992.0,29.4,,,,,,,31,,,,,,,,
GER-Bundesliga,2425,Mainz 05,Lennard Maloney,USA,"DF,MF",24.0,1999.0,0.3,,,,,,,0,,,,,,,,
GER-Bundesliga,2425,Mainz 05,Maxim Leitsch,GER,DF,26.0,1998.0,7.5,,,,,,,3,,,,,,,,
GER-Bundesliga,2425,Mainz 05,Moritz Jenz,GER,DF,25.0,1999.0,17.8,,,,,,,0,,,,,,,,
GER-Bundesliga,2425,Mainz 05,Nadiem Amiri,GER,MF,27.0,1996.0,27.5,,,,,,,165,,,,,,,,
GER-Bundesliga,2425,Mainz 05,Nelson Weiper,GER,FW,19.0,2005.0,7.8,,,,,,,6,,,,,,,,
GER-Bundesliga,2425,Mainz 05,Nikolas Veratschnig,AUT,MF,21.0,2003.0,4.0,,,,,,,7,,,,,,,,
GER-Bundesliga,2425,Mainz 05,Paul Nebel,GER,MF,21.0,2002.0,26.1,,,,,,,111,,,,,,,,
GER-Bundesliga,2425,Mainz 05,Phillipp Mwene,AUT,MF,30.0,1994.0,29.0,,,,,,,86,,,,,,,,
GER-Bundesliga,2425,Mainz 05,Robin Zentner,GER,GK,29.0,1994.0,32.0,,,,,,,0,,,,,,,,
GER-Bundesliga,2425,Mainz 05,Silvan Widmer,SUI,MF,31.0,1993.0,5.6,,,,,,,12,,,,,,,,
GER-Bundesliga,2425,Mainz 05,Stefan Bell,GER,DF,32.0,1991.0,16.0,,,,,,,0,,,,,,,,
GER-Bundesliga,2425,RB Leipzig,Amadou Haidara,MLI,MF,26.0,1998.0,14.7,,,,,,,12,,,,,,,,
GER-Bundesliga,2425,RB Leipzig,André Silva,POR,FW,28.0,1995.0,1.5,,,,,,,0,,,,,,,,
GER-Bundesliga,2425,RB Leipzig,Antonio Nusa,NOR,"MF,DF",19.0,2005.0,17.3,,,,,,,35,,,,,,,,
GER-Bundesliga,2425,RB Leipzig,Arthur Vermeeren,BEL,MF,19.0,2005.0,17.5,,,,,,,3,,,,,,,,
GER-Bundesliga,2425,RB Leipzig,Assan Ouédraogo,GER,MF,18.0,2006.0,0.6,,,,,,,1,,,,,,,,
GER-Bundesliga,2425,RB Leipzig,Benjamin Henrichs,GER,"DF,MF",27.0,1997.0,10.4,,,,,,,19,,,,,,,,
GER-Bundesliga,2425,RB Leipzig,Benjamin Šeško,SVN,"FW,MF",21.0,2003.0,26.4,,,,,,,7,,,,,,,,
GER-Bundesliga,2425,RB Leipzig,Castello Lukeba,FRA,DF,21.0,2002.0,17.5,,,,,,,11,,,,,,,,
GER-Bundesliga,2425,RB Leipzig,Christoph Baumgartner,AUT,"MF,FW",24.0,1999.0,17.9,,,,,,,14,,,,,,,,
GER-Bundesliga,2425,RB Leipzig,David Raum,GER,"MF,DF",26.0,1998.0,19.8,,,,,,,188,,,,,,,,
GER-Bundesliga,2425,RB Leipzig,El Chadaille Bitshiabu,FRA,DF,19.0,2005.0,12.6,,,,,,,4,,,,,,,,
GER-Bundesliga,2425,RB Leipzig,Elif Elmas,MKD,"FW,MF",24.0,1999.0,0.5,,,,,,,0,,,,,,,,
GER-Bundesliga,2425,RB Leipzig,Faik Sakar,GER,MF,16.0,2008.0,0.0,,,,,,,0,,,,,,,,
GER-Bundesliga,2425,RB Leipzig,Kevin Kampl,SVN,MF,33.0,1990.0,17.7,,,,,,,29,,,,,,,,
GER-Bundesliga,2425,RB Leipzig,Kosta Nedeljković,SRB,"DF,MF",18.0,2005.0,5.3,,,,,,,17,,,,,,,,
GER-Bundesliga,2425,RB Leipzig,Loïs Openda,BEL,FW,24.0,2000.0,27.3,,,,,,,27,,,,,,,,
GER-Bundesliga,2425,RB Leipzig,Lukas Klostermann,GER,DF,28.0,1996.0,20.4,,,,,,,12,,,,,,,,
GER-Bundesliga,2425,RB Leipzig,Lutsharel Geertruida,NED,DF,24.0,2000.0,17.3,,,,,,,13,,,,,,,,
GER-Bundesliga,2425,RB Leipzig,Maarten Vandevoordt,BEL,GK,22.0,2002.0,4.8,,,,,,,0,,,,,,,,
GER-Bundesliga,2425,RB Leipzig,Mohamed Simakan,FRA,DF,24.0,2000.0,0.6,,,,,,,1,,,,,,,,
GER-Bundesliga,2425,RB Leipzig,Nicolas Seiwald,AUT,"MF,DF",23.0,2001.0,23.2,,,,,,,46,,,,,,,,
GER-Bundesliga,2425,RB Leipzig,Péter Gulácsi,HUN,GK,34.0,1990.0,29.2,,,,,,,0,,,,,,,,
GER-Bundesliga,2425,RB Leipzig,Ridle Baku,GER,MF,26.0,1998.0,14.2,,,,,,,33,,,,,,,,
GER-Bundesliga,2425,RB Leipzig,Tidiam Gomis,FRA,FW,17.0,2006.0,1.7,,,,,,,4,,,,,,,,
GER-Bundesliga,2425,RB Leipzig,Viggo Gebel,GER,MF,16.0,2007.0,0.2,,,,,,,0,,,,,,,,
GER-Bundesliga,2425,RB Leipzig,Willi Orban,HUN,DF,31.0,1992.0,24.7,,,,,,,5,,,,,,,,
GER-Bundesliga,2425,RB Leipzig,Xaver Schlager,AUT,MF,26.0,1997.0,2.0,,,,,,,1,,,,,,,,
GER-Bundesliga,2425,RB Leipzig,Xavi Simons,NED,MF,21.0,2003.0,23.9,,,,,,,80,,,,,,,,
GER-Bundesliga,2425,RB Leipzig,Yussuf Poulsen,DEN,"MF,FW",30.0,1994.0,4.2,,,,,,,2,,,,,,,,
GER-Bundesliga,2425,St Pauli,Abdoulie Ceesay,GAM,FW,20.0,2004.0,0.7,,,,,,,0,,,,,,,,
GER-Bundesliga,2425,St Pauli,Adam Dźwigała,POL,DF,28.0,1995.0,4.1,,,,,,,3,,,,,,,,
GER-Bundesliga,2425,St Pauli,Andreas Albers,DEN,"FW,MF",34.0,1990.0,0.7,,,,,,,0,,,,,,,,
GER-Bundesliga,2425,St Pauli,Ben Alexander Voll,GER,GK,23.0,2000.0,1.0,,,,,,,0,,,,,,,,
GER-Bundesliga,2425,St Pauli,Carlo Boukhalfa,MAR,MF,25.0,1999.0,18.3,,,,,,,11,,,,,,,,
GER-Bundesliga,2425,St Pauli,Connor Metcalfe,AUS,"MF,FW",24.0,1999.0,4.0,,,,,,,7,,,,,,,,
GER-Bundesliga,2425,St Pauli,Danel Sinani,LUX,"FW,MF",27.0,1997.0,13.9,,,,,,,70,,,,,,,,
GER-Bundesliga,2425,St Pauli,Dapo Afolayan,ENG,"FW,MF",26.0,1997.0,18.2,,,,,,,50,,,,,,,,
GER-Bundesliga,2425,St Pauli,David Nemeth,AUT,DF,23.0,2001.0,23.7,,,,,,,7,,,,,,,,
GER-Bundesliga,2425,St Pauli,Elias Saad,TUN,"FW,MF",24.0,1999.0,10.0,,,,,,,14,,,,,,,,
GER-Bundesliga,2425,St Pauli,Eric Smith,SWE,"DF,MF",27.0,1997.0,31.4,,,,,,,100,,,,,,,,
GER-Bundesliga,2425,St Pauli,Erik Ahlstrand,SWE,MF,22.0,2001.0,0.5,,,,,,,0,,,,,,,,
GER-Bundesliga,2425,St Pauli,Finley Stevens,WAL,DF,21.0,2003.0,0.0,,,,,,,0,,,,,,,,
GER-Bundesliga,2425,St Pauli,Hauke Wahl,GER,DF,30.0,1994.0,33.0,,,,,,,8,,,,,,,,
GER-Bundesliga,2425,St Pauli,Jackson Irvine,AUS,MF,31.0,1993.0,29.0,,,,,,,17,,,,,,,,
GER-Bundesliga,2425,St Pauli,James Sands,USA,MF,24.0,2000.0,5.0,,,,,,,2,,,,,,,,
GER-Bundesliga,2425,St Pauli,Johannes Eggestein,GER,FW,26.0,1998.0,20.6,,,,,,,35,,,,,,,,
GER-Bundesliga,2425,St Pauli,Karol Mets,EST,DF,31.0,1993.0,10.0,,,,,,,3,,,,,,,,
GER-Bundesliga,2425,St Pauli,Lars Ritzka,GER,"MF,DF",26.0,1998.0,10.2,,,,,,,19,,,,,,,,
GER-Bundesliga,2425,St Pauli,Manolis Saliakas,GRE,MF,27.0,1996.0,25.7,,,,,,,83,,,,,,,,
GER-Bundesliga,2425,St Pauli,Maurides,BRA,FW,30.0,1994.0,0.0,,,,,,,0,,,,,,,,
GER-Bundesliga,2425,St Pauli,Morgan Guilavogui,GUI,"FW,MF",26.0,1998.0,20.1,,,,,,,10,,,,,,,,
GER-Bundesliga,2425,St Pauli,Nikola Vasilj,BIH,GK,28.0,1995.0,33.0,,,,,,,0,,,,,,,,
GER-Bundesliga,2425,St Pauli,Noah Weißhaupt,GER,"FW,MF",22.0,2001.0,12.9,,,,,,,72,,,,,,,,
GER-Bundesliga,2425,St Pauli,Philipp Treu,GER,MF,23.0,2000.0,32.0,,,,,,,59,,,,,,,,
GER-Bundesliga,2425,St Pauli,Robert Wagner,GER,MF,21.0,2003.0,4.5,,,,,,,2,,,,,,,,
GER-Bundesliga,2425,St Pauli,Scott Banks,SCO,MF,22.0,2001.0,1.3,,,,,,,6,,,,,,,,
GER-Bundesliga,2425,St Pauli,Siebe Van Der Heyden,BEL,"DF,MF",26.0,1998.0,9.7,,,,,,,18,,,,,,,,
GER-Bundesliga,2425,Stuttgart,Alexander Nübel,GER,GK,27.0,1996.0,34.0,,,,,,,0,,,,,,,,
GER-Bundesliga,2425,Stuttgart,Ameen Al-Dakhil,BEL,DF,22.0,2002.0,4.8,,,,,,,0,,,,,,,,
GER-Bundesliga,2425,Stuttgart,Angelo Stiller,GER,MF,23.0,2001.0,30.5,,,,,,,94,,,,,,,,
GER-Bundesliga,2425,Stuttgart,Anrie Chase,JPN,DF,20.0,2004.0,8.2,,,,,,,4,,,,,,,,
GER-Bundesliga,2425,Stuttgart,Anthony Rouault,FRA,DF,23.0,2001.0,13.5,,,,,,,1,,,,,,,,
GER-Bundesliga,2425,Stuttgart,Atakan Karazor,TUR,MF,27.0,1996.0,29.1,,,,,,,4,,,,,,,,
GER-Bundesliga,2425,Stuttgart,Chris Führich,GER,MF,26.0,1998.0,22.0,,,,,,,83,,,,,,,,
GER-Bundesliga,2425,Stuttgart,Dan-Axel Zagadou,FRA,DF,25.0,1999.0,0.3,,,,,,,0,,,,,,,,
GER-Bundesliga,2425,Stuttgart,Deniz Undav,GER,"FW,MF",28.0,1996.0,19.2,,,,,,,11,,,,,,,,
GER-Bundesliga,2425,Stuttgart,El Bilal Touré,MLI,FW,22.0,2001.0,4.0,,,,,,,0,,,,,,,,
GER-Bundesliga,2425,Stuttgart,Enzo Millot,FRA,MF,22.0,2002.0,20.5,,,,,,,41,,,,,,,,
GER-Bundesliga,2425,Stuttgart,Ermedin Demirović,BIH,FW,26.0,1998.0,20.6,,,,,,,3,,,,,,,,
GER-Bundesliga,2425,Stuttgart,Fabian Rieder,SUI,MF,22.0,2002.0,9.6,,,,,,,40,,,,,,,,
GER-Bundesliga,2425,Stuttgart,Finn Jeltsch,GER,DF,18.0,2006.0,8.7,,,,,,,3,,,,,,,,
GER-Bundesliga,2425,Stuttgart,Frans Krätzig,GER,DF,21.0,2003.0,0.6,,,,,,,1,,,,,,,,
GER-Bundesliga,2425,Stuttgart,Jacob Bruun Larsen,DEN,MF,25.0,1998.0,4.6,,,,,,,17,,,,,,,,
GER-Bundesliga,2425,Stuttgart,Jamie Leweling,GER,MF,23.0,2001.0,18.5,,,,,,,57,,,,,,,,
GER-Bundesliga,2425,Stuttgart,Jarzinho Malanga,GER,MF,18.0,2006.0,0.0,,,,,,,0,,,,,,,,
GER-Bundesliga,2425,Stuttgart,Josha Vagnoman,GER,"DF,MF",23.0,2000.0,20.4,,,,,,,44,,,,,,,,
GER-Bundesliga,2425,Stuttgart,Julian Chabot,GER,DF,26.0,1998.0,25.2,,,,,,,2,,,,,,,,
GER-Bundesliga,2425,Stuttgart,Justin Diehl,GER,MF,19.0,2004.0,1.2,,,,,,,10,,,,,,,,
GER-Bundesliga,2425,Stuttgart,Leonidas Stergiou,SUI,DF,22.0,2002.0,9.5,,,,,,,14,,,,,,,,
GER-Bundesliga,2425,Stuttgart,Luca Jaquez,SUI,DF,21.0,2003.0,2.8,,,,,,,1,,,,,,,,
GER-Bundesliga,2425,Stuttgart,Maximilian Mittelstädt,GER,"DF,MF",27.0,1997.0,27.4,,,,,,,166,,,,,,,,
GER-Bundesliga,2425,Stuttgart,Nick Woltemade,GER,"FW,MF",22.0,2002.0,18.0,,,,,,,6,,,,,,,,
GER-Bundesliga,2425,Stuttgart,Nikolas Nartey,DEN,MF,24.0,2000.0,0.2,,,,,,,0,,,,,,,,
GER-Bundesliga,2425,Stuttgart,Pascal Stenzel,GER,DF,28.0,1996.0,3.2,,,,,,,27,,,,,,,,
GER-Bundesliga,2425,Stuttgart,Ramon Hendriks,NED,DF,23.0,2001.0,12.8,,,,,,,12,,,,,,,,
GER-Bundesliga,2425,Stuttgart,Yannik Keitel,GER,MF,24.0,2000.0,3.0,,,,,,,2,,,,,,,,
GER-Bundesliga,2425,Union Berlin,Alexander Schwolow,GER,GK,32.0,1992.0,6.0,,,,,,,0,,,,,,,,
GER-Bundesliga,2425,Union Berlin,Aljoscha Kemlein,GER,MF,19.0,2004.0,10.2,,,,,,,5,,,,,,,,
GER-Bundesliga,2425,Union Berlin,Andrej Ilic,SRB,FW,24.0,2000.0,10.4,,,,,,,3,,,,,,,,
GER-Bundesliga,2425,Union Berlin,András Schäfer,HUN,MF,25.0,1999.0,17.0,,,,,,,17,,,,,,,,
GER-Bundesliga,2425,Union Berlin,Benedict Hollerbach,GER,"FW,MF",23.0,2001.0,28.2,,,,,,,73,,,,,,,,
GER-Bundesliga,2425,Union Berlin,Christopher Trimmel,AUT,"MF,DF",37.0,1987.0,19.3,,,,,,,109,,,,,,,,
GER-Bundesliga,2425,Union Berlin,Danilho Doekhi,NED,DF,26.0,1998.0,34.0,,,,,,,10,,,,,,,,
GER-Bundesliga,2425,Union Berlin,David Preu,GER,MF,19.0,2004.0,1.3,,,,,,,4,,,,,,,,
GER-Bundesliga,2425,Union Berlin,Diogo Leite,POR,DF,25.0,1999.0,28.3,,,,,,,9,,,,,,,,
GER-Bundesliga,2425,Union Berlin,Frederik Rønnow,DEN,GK,31.0,1992.0,28.0,,,,,,,0,,,,,,,,
GER-Bundesliga,2425,Union Berlin,Ivan Prtajin,CRO,FW,28.0,1996.0,1.8,,,,,,,3,,,,,,,,
GER-Bundesliga,2425,Union Berlin,Janik Haberer,GER,MF,30.0,1994.0,18.8,,,,,,,15,,,,,,,,
GER-Bundesliga,2425,Union Berlin,Jeong Woo-yeong,KOR,"MF,FW",24.0,1999.0,14.0,,,,,,,37,,,,,,,,
GER-Bundesliga,2425,Union Berlin,Jordan Pefok,USA,FW,28.0,1996.0,10.1,,,,,,,0,,,,,,,,
GER-Bundesliga,2425,Union Berlin,Josip Juranović,CRO,"MF,DF",28.0,1995.0,12.9,,,,,,,77,,,,,,,,
GER-Bundesliga,2425,Union Berlin,Jérôme Roussillon,GLP,DF,31.0,1993.0,1.5,,,,,,,10,,,,,,,,
GER-Bundesliga,2425,Union Berlin,Kevin Vogt,GER,DF,32.0,1991.0,15.2,,,,,,,0,,,,,,,,
GER-Bundesliga,2425,Union Berlin,Kevin Volland,GER,"FW,MF",32.0,1992.0,0.7,,,,,,,0,,,,,,,,
GER-Bundesliga,2425,Union Berlin,Leopold Querfeld,AUT,DF,20.0,2003.0,19.4,,,,,,,1,,,,,,,,
GER-Bundesliga,2425,Union Berlin,Lucas Tousart,FRA,MF,27.0,1997.0,6.2,,,,,,,2,,,,,,,,
GER-Bundesliga,2425,Union Berlin,László Bénes,SVK,"MF,FW",26.0,1997.0,6.5,,,,,,,49,,,,,,,,
GER-Bundesliga,2425,Union Berlin,Marin Ljubicic,CRO,FW,22.0,2002.0,3.1,,,,,,,1,,,,,,,,
GER-Bundesliga,2425,Union Berlin,Rani Khedira,TUN,MF,30.0,1994.0,30.3,,,,,,,22,,,,,,,,
GER-Bundesliga,2425,Union Berlin,Robert Skov,DEN,"MF,DF",28.0,1996.0,9.5,,,,,,,62,,,,,,,,
GER-Bundesliga,2425,Union Berlin,Robin Gosens,GER,MF,30.0,1994.0,1.0,,,,,,,1,,,,,,,,
GER-Bundesliga,2425,Union Berlin,Tim Skarke,GER,"FW,MF",27.0,1996.0,12.9,,,,,,,28,,,,,,,,
GER-Bundesliga,2425,Union Berlin,Tom Rothe,GER,"MF,DF",19.0,2004.0,18.6,,,,,,,46,,,,,,,,
GER-Bundesliga,2425,Union Berlin,Yorbe Vertessen,BEL,"MF,FW",23.0,2001.0,8.0,,,,,,,23,,,,,,,,
GER-Bundesliga,2425,Werder Bremen,Amos Pieper,GER,DF,26.0,1998.0,16.6,,,,,,,4,,,,,,,,
GER-Bundesliga,2425,Werder Bremen,André Silva,POR,FW,28.0,1995.0,4.2,,,,,,,2,,,,,,,,
GER-Bundesliga,2425,Werder Bremen,Anthony Jung,GER,DF,32.0,1991.0,21.1,,,,,,,4,,,,,,,,
GER-Bundesliga,2425,Werder Bremen,Derrick Köhn,GHA,"MF,DF",25.0,1999.0,14.9,,,,,,,56,,,,,,,,
GER-Bundesliga,2425,Werder Bremen,Felix Agu,NGA,MF,24.0,1999.0,19.5,,,,,,,50,,,,,,,,
GER-Bundesliga,2425,Werder Bremen,Issa Kaboré,BFA,MF,23.0,2001.0,3.4,,,,,,,19,,,,,,,,
GER-Bundesliga,2425,Werder Bremen,Jens Stage,DEN,MF,27.0,1996.0,24.5,,,,,,,24,,,,,,,,
GER-Bundesliga,2425,Werder Bremen,Julián Malatini,ARG,DF,23.0,2001.0,5.0,,,,,,,3,,,,,,,,
GER-Bundesliga,2425,Werder Bremen,Justin Njinmah,GER,"FW,MF",23.0,2000.0,10.6,,,,,,,19,,,,,,,,
GER-Bundesliga,2425,Werder Bremen,Keke Topp,GER,FW,20.0,2004.0,2.8,,,,,,,6,,,,,,,,
GER-Bundesliga,2425,Werder Bremen,Leonardo Bittencourt,GER,MF,30.0,1993.0,10.9,,,,,,,23,,,,,,,,
GER-Bundesliga,2425,Werder Bremen,Marco Friedl,AUT,DF,26.0,1998.0,24.0,,,,,,,2,,,,,,,,
GER-Bundesliga,2425,Werder Bremen,Marco Grüll,AUT,"FW,MF",26.0,1998.0,13.1,,,,,,,21,,,,,,,,
GER-Bundesliga,2425,Werder Bremen,Marvin Ducksch,GER,FW,30.0,1994.0,26.9,,,,,,,169,,,,,,,,
GER-Bundesliga,2425,Werder Bremen,Michael Zetterer,GER,GK,29.0,1995.0,34.0,,,,,,,0,,,,,,,,
GER-Bundesliga,2425,Werder Bremen,Miloš Veljković,SRB,DF,28.0,1995.0,11.4,,,,,,,9,,,,,,,,
GER-Bundesliga,2425,Werder Bremen,Mitchell Weiser,GER,MF,30.0,1994.0,31.9,,,,,,,80,,,,,,,,
GER-Bundesliga,2425,Werder Bremen,Niklas Stark,GER,DF,29.0,1995.0,23.4,,,,,,,4,,,,,,,,
GER-Bundesliga,2425,Werder Bremen,Oliver Burke,SCO,FW,27.0,1997.0,10.1,,,,,,,20,,,,,,,,
GER-Bundesliga,2425,Werder Bremen,Olivier Deman,BEL,"DF,FW",24.0,2000.0,0.7,,,,,,,6,,,,,,,,
GER-Bundesliga,2425,Werder Bremen,Romano Schmid,AUT,MF,24.0,2000.0,31.5,,,,,,,143,,,,,,,,
GER-Bundesliga,2425,Werder Bremen,Senne Lynen,BEL,MF,25.0,1999.0,30.4,,,,,,,5,,,,,,,,
GER-Bundesliga,2425,Werder Bremen,Skelly Alvero,FRA,MF,22.0,2002.0,2.6,,,,,,,0,,,,,,,,
GER-Bundesliga,2425,Wolfsburg,Andreas Skov Olsen,DEN,"MF,FW",24.0,1999.0,5.9,,,,,,,29,,,,,,,,
GER-Bundesliga,2425,Wolfsburg,Aster Vranckx,BEL,MF,21.0,2002.0,6.2,,,,,,,3,,,,,,,,
GER-Bundesliga,2425,Wolfsburg,Bence Dárdai,HUN,MF,18.0,2006.0,14.5,,,,,,,10,,,,,,,,
GER-Bundesliga,2425,Wolfsburg,Cedric Zesiger,SUI,DF,26.0,1998.0,5.8,,,,,,,3,,,,,,,,
GER-Bundesliga,2425,Wolfsburg,David Odogu,GER,DF,18.0,2006.0,2.2,,,,,,,0,,,,,,,,
GER-Bundesliga,2425,Wolfsburg,Denis Vavro,SVK,DF,28.0,1996.0,27.3,,,,,,,8,,,,,,,,
GER-Bundesliga,2425,Wolfsburg,Jakub Kamiński,POL,"MF,DF",22.0,2002.0,12.6,,,,,,,52,,,,,,,,
GER-Bundesliga,2425,Wolfsburg,Joakim Mæhle,DEN,"DF,MF",27.0,1997.0,24.3,,,,,,,25,,,,,,,,
GER-Bundesliga,2425,Wolfsburg,Jonas Wind,DEN,"FW,MF",25.0,1999.0,21.8,,,,,,,7,,,,,,,,
GER-Bundesliga,2425,Wolfsburg,Kamil Grabara,POL,GK,25.0,1999.0,28.7,,,,,,,0,,,,,,,,
GER-Bundesliga,2425,Wolfsburg,Kevin Behrens,GER,FW,33.0,1991.0,1.9,,,,,,,0,,,,,,,,
GER-Bundesliga,2425,Wolfsburg,Kevin Paredes,USA,MF,21.0,2003.0,1.4,,,,,,,1,,,,,,,,
GER-Bundesliga,2425,Wolfsburg,Kilian Fischer,GER,DF,23.0,2000.0,25.5,,,,,,,39,,,,,,,,
GER-Bundesliga,2425,Wolfsburg,Konstantinos Koulierakis,GRE,DF,20.0,2003.0,27.4,,,,,,,13,,,,,,,,
GER-Bundesliga,2425,Wolfsburg,Lovro Majer,CRO,MF,26.0,1998.0,3.4,,,,,,,16,,,,,,,,
GER-Bundesliga,2425,Wolfsburg,Lukas Nmecha,GER,FW,25.0,1998.0,5.2,,,,,,,6,,,,,,,,
GER-Bundesliga,2425,Wolfsburg,Mads Roerslev,DEN,DF,25.0,1999.0,3.3,,,,,,,7,,,,,,,,
GER-Bundesliga,2425,Wolfsburg,Marius Müller,GER,GK,31.0,1993.0,5.3,,,,,,,0,,,,,,,,
GER-Bundesliga,2425,Wolfsburg,Mattias Svanberg,SWE,MF,25.0,1999.0,13.5,,,,,,,34,,,,,,,,
GER-Bundesliga,2425,Wolfsburg,Maximilian Arnold,GER,MF,30.0,1994.0,26.2,,,,,,,153,,,,,,,,
GER-Bundesliga,2425,Wolfsburg,Mohamed Amoura,ALG,"FW,MF",24.0,2000.0,27.4,,,,,,,36,,,,,,,,
GER-Bundesliga,2425,Wolfsburg,Patrick Wimmer,AUT,"MF,FW",23.0,2001.0,19.7,,,,,,,44,,,,,,,,
GER-Bundesliga,2425,Wolfsburg,Ridle Baku,GER,MF,26.0,1998.0,13.0,,,,,,,36,,,,,,,,
GER-Bundesliga,2425,Wolfsburg,Salih Özcan,TUR,MF,26.0,1998.0,3.9,,,,,,,8,,,,,,,,
GER-Bundesliga,2425,Wolfsburg,Sebastiaan Bornauw,BEL,DF,25.0,1999.0,8.8,,,,,,,1,,,,,,,,
GER-Bundesliga,2425,Wolfsburg,Tiago Tomás,POR,"MF,FW",22.0,2002.0,20.9,,,,,,,21,,,,,,,,
GER-Bundesliga,2425,Wolfsburg,Yannick Gerhardt,GER,"MF,DF",30.0,1994.0,16.9,,,,,,,23,,,,,,,,
GER-Bundesliga,2526,Augsburg,Aiman Dardari,LUX,MF,20.0,2005.0,0.4,,,,,,,0,,,,,,,,
GER-Bundesliga,2526,Augsburg,Alexis Claude-Maurice,FRA,"MF,FW",27.0,1998.0,23.3,,,,,,,65,,,,,,,,
GER-Bundesliga,2526,Augsburg,Anton Kade,GER,"MF,FW",21.0,2004.0,19.4,,,,,,,22,,,,,,,,
GER-Bundesliga,2526,Augsburg,Arne Maier,GER,MF,26.0,1999.0,0.0,,,,,,,1,,,,,,,,
GER-Bundesliga,2526,Augsburg,Arthur Chaves,BRA,DF,24.0,2001.0,9.2,,,,,,,1,,,,,,,,
GER-Bundesliga,2526,Augsburg,Cedric Zesiger,SUI,DF,27.0,1998.0,20.2,,,,,,,34,,,,,,,,
GER-Bundesliga,2526,Augsburg,Chrislain Matsima,FRA,DF,23.0,2002.0,16.5,,,,,,,4,,,,,,,,
GER-Bundesliga,2526,Augsburg,Dimitris Giannoulis,GRE,MF,29.0,1995.0,21.0,,,,,,,99,,,,,,,,
GER-Bundesliga,2526,Augsburg,Elias Saad,TUN,"MF,FW",25.0,1999.0,5.5,,,,,,,9,,,,,,,,
GER-Bundesliga,2526,Augsburg,Elvis Rexhbeçaj,KVX,MF,27.0,1997.0,12.4,,,,,,,16,,,,,,,,
GER-Bundesliga,2526,Augsburg,Fabian Rieder,SUI,MF,23.0,2002.0,26.0,,,,,,,116,,,,,,,,
GER-Bundesliga,2526,Augsburg,Finn Dahmen,GER,GK,27.0,1998.0,34.0,,,,,,,0,,,,,,,,
GER-Bundesliga,2526,Augsburg,Han-Noah Massengo,FRA,MF,24.0,2001.0,27.0,,,,,,,17,,,,,,,,
GER-Bundesliga,2526,Augsburg,Ismaël Gharbi,TUN,MF,21.0,2004.0,1.0,,,,,,,4,,,,,,,,
GER-Bundesliga,2526,Augsburg,Jeffrey Gouweleeuw,NED,DF,34.0,1991.0,9.4,,,,,,,5,,,,,,,,
GER-Bundesliga,2526,Augsburg,Keven Schlotterbeck,GER,DF,28.0,1997.0,22.6,,,,,,,6,,,,,,,,
GER-Bundesliga,2526,Augsburg,Kristijan Jakić,CRO,"MF,DF",28.0,1997.0,18.4,,,,,,,4,,,,,,,,
GER-Bundesliga,2526,Augsburg,Mads Pedersen,DEN,MF,28.0,1996.0,2.3,,,,,,,11,,,,,,,,
GER-Bundesliga,2526,Augsburg,Marius Wolf,GER,MF,30.0,1995.0,11.3,,,,,,,43,,,,,,,,
GER-Bundesliga,2526,Augsburg,Mert Kömür,GER,"MF,FW",20.0,2005.0,16.3,,,,,,,60,,,,,,,,
GER-Bundesliga,2526,Augsburg,Michael Gregoritsch,AUT,FW,31.0,1994.0,10.1,,,,,,,6,,,,,,,,
GER-Bundesliga,2526,Augsburg,Noahkai Banks,USA,DF,18.0,2006.0,19.2,,,,,,,4,,,,,,,,
GER-Bundesliga,2526,Augsburg,Phillip Tietz,GER,FW,28.0,1997.0,2.2,,,,,,,0,,,,,,,,
GER-Bundesliga,2526,Augsburg,Robin Fellhauer,GER,MF,27.0,1998.0,31.1,,,,,,,92,,,,,,,,
GER-Bundesliga,2526,Augsburg,Rodrigo Ribeiro,POR,FW,20.0,2005.0,7.1,,,,,,,3,,,,,,,,
GER-Bundesliga,2526,Augsburg,Samuel Essende,COD,"MF,FW",27.0,1998.0,4.6,,,,,,,3,,,,,,,,
GER-Bundesliga,2526,Augsburg,Tim Schnitzer,GER,MF,17.0,2008.0,0.1,,,,,,,0,,,,,,,,
GER-Bundesliga,2526,Augsburg,Uchenna Ogundu,NGA,FW,19.0,2006.0,0.5,,,,,,,1,,,,,,,,
GER-Bundesliga,2526,Augsburg,Yannik Keitel,GER,"MF,DF",25.0,2000.0,2.8,,,,,,,0,,,,,,,,
GER-Bundesliga,2526,Bayern Munich,Aleksandar Pavlovic,GER,MF,21.0,2004.0,16.2,,,,,,,15,,,,,,,,
GER-Bundesliga,2526,Bayern Munich,Alphonso Davies,CAN,DF,24.0,2000.0,5.8,,,,,,,6,,,,,,,,
GER-Bundesliga,2526,Bayern Munich,Bara Sapoko Ndiaye,SEN,MF,17.0,2007.0,1.6,,,,,,,1,,,,,,,,
GER-Bundesliga,2526,Bayern Munich,Cassiano Kiala,GER,DF,16.0,2009.0,0.0,,,,,,,0,,,,,,,,
GER-Bundesliga,2526,Bayern Munich,David Daiber,POR,FW,18.0,2007.0,0.3,,,,,,,0,,,,,,,,
GER-Bundesliga,2526,Bayern Munich,Dayot Upamecano,FRA,DF,26.0,1998.0,19.9,,,,,,,7,,,,,,,,
GER-Bundesliga,2526,Bayern Munich,Deniz Ofli,TUR,DF,18.0,2007.0,0.1,,,,,,,0,,,,,,,,
GER-Bundesliga,2526,Bayern Munich,Erblin Osmani,GER,MF,16.0,2009.0,0.0,,,,,,,0,,,,,,,,
GER-Bundesliga,2526,Bayern Munich,Felipe Chávez,PER,MF,18.0,2007.0,0.2,,,,,,,1,,,,,,,,
GER-Bundesliga,2526,Bayern Munich,Harry Kane,ENG,"FW,MF",32.0,1993.0,26.4,,,,,,,12,,,,,,,,
GER-Bundesliga,2526,Bayern Munich,Hiroki Ito,JPN,DF,26.0,1999.0,10.2,,,,,,,7,,,,,,,,
GER-Bundesliga,2526,Bayern Munich,Jamal Musiala,GER,"MF,FW",22.0,2003.0,7.6,,,,,,,4,,,,,,,,
GER-Bundesliga,2526,Bayern Munich,Jonah Kusi-Asare,SWE,FW,18.0,2007.0,0.1,,,,,,,0,,,,,,,,
GER-Bundesliga,2526,Bayern Munich,Jonas Urbig,GER,GK,21.0,2003.0,12.3,,,,,,,0,,,,,,,,
GER-Bundesliga,2526,Bayern Munich,Jonathan Tah,GER,DF,29.0,1996.0,22.4,,,,,,,1,,,,,,,,
GER-Bundesliga,2526,Bayern Munich,Joshua Kimmich,GER,MF,30.0,1995.0,25.3,,,,,,,126,,,,,,,,
GER-Bundesliga,2526,Bayern Munich,Josip Stanišić,CRO,DF,25.0,2000.0,20.6,,,,,,,36,,,,,,,,
GER-Bundesliga,2526,Bayern Munich,Kim Min-jae,KOR,DF,28.0,1996.0,17.8,,,,,,,1,,,,,,,,
GER-Bundesliga,2526,Bayern Munich,Konrad Laimer,AUT,DF,28.0,1997.0,22.2,,,,,,,38,,,,,,,,
GER-Bundesliga,2526,Bayern Munich,Lennart Karl,GER,MF,17.0,2008.0,14.2,,,,,,,29,,,,,,,,
GER-Bundesliga,2526,Bayern Munich,Leon Goretzka,GER,MF,30.0,1995.0,21.6,,,,,,,7,,,,,,,,
GER-Bundesliga,2526,Bayern Munich,Luis Díaz,COL,MF,28.0,1997.0,27.2,,,,,,,45,,,,,,,,
GER-Bundesliga,2526,Bayern Munich,Manuel Neuer,GER,GK,39.0,1986.0,20.7,,,,,,,0,,,,,,,,
GER-Bundesliga,2526,Bayern Munich,Maycon Cardozo,BRA,MF,16.0,2008.0,0.4,,,,,,,1,,,,,,,,
GER-Bundesliga,2526,Bayern Munich,Michael Olise,FRA,MF,23.0,2001.0,25.7,,,,,,,146,,,,,,,,
GER-Bundesliga,2526,Bayern Munich,Nicolas Jackson,SEN,FW,24.0,2001.0,11.2,,,,,,,7,,,,,,,,
GER-Bundesliga,2526,Bayern Munich,Raphaël Guerreiro,POR,MF,31.0,1993.0,8.7,,,,,,,5,,,,,,,,
GER-Bundesliga,2526,Bayern Munich,Sacha Boey,FRA,DF,24.0,2000.0,5.1,,,,,,,6,,,,,,,,
GER-Bundesliga,2526,Bayern Munich,Serge Gnabry,GER,MF,30.0,1995.0,13.5,,,,,,,21,,,,,,,,
GER-Bundesliga,2526,Bayern Munich,Sven Ulreich,GER,GK,36.0,1988.0,1.0,,,,,,,0,,,,,,,,
GER-Bundesliga,2526,Bayern Munich,Tom Bischof,GER,"DF,MF",20.0,2005.0,14.5,,,,,,,26,,,,,,,,
GER-Bundesliga,2526,Bayern Munich,Wisdom Mike,GER,FW,16.0,2008.0,0.3,,,,,,,1,,,,,,,,
GER-Bundesliga,2526,Dortmund,Aaron Anselmino,ARG,DF,20.0,2005.0,4.1,,,,,,,2,,,,,,,,
GER-Bundesliga,2526,Dortmund,Almugera Kabar,GER,DF,19.0,2006.0,0.2,,,,,,,2,,,,,,,,
GER-Bundesliga,2526,Dortmund,Carney Chukwuemeka,AUT,"MF,FW",21.0,2003.0,10.2,,,,,,,1,,,,,,,,
GER-Bundesliga,2526,Dortmund,Cole Campbell,USA,FW,19.0,2006.0,0.2,,,,,,,1,,,,,,,,
GER-Bundesliga,2526,Dortmund,Daniel Svensson,SWE,MF,23.0,2002.0,27.3,,,,,,,129,,,,,,,,
GER-Bundesliga,2526,Dortmund,Emre Can,GER,DF,31.0,1994.0,6.9,,,,,,,2,,,,,,,,
GER-Bundesliga,2526,Dortmund,Felix Nmecha,GER,MF,24.0,2000.0,24.2,,,,,,,7,,,,,,,,
GER-Bundesliga,2526,Dortmund,Filippo Mane,ITA,DF,20.0,2005.0,1.5,,,,,,,1,,,,,,,,
GER-Bundesliga,2526,Dortmund,Fábio Silva,POR,"FW,MF",23.0,2002.0,9.1,,,,,,,12,,,,,,,,
GER-Bundesliga,2526,Dortmund,Gregor Kobel,SUI,GK,27.0,1997.0,34.0,,,,,,,0,,,,,,,,
GER-Bundesliga,2526,Dortmund,Jobe Bellingham,ENG,MF,19.0,2005.0,19.8,,,,,,,5,,,,,,,,
GER-Bundesliga,2526,Dortmund,Julian Brandt,GER,"MF,FW",29.0,1996.0,17.8,,,,,,,25,,,,,,,,
GER-Bundesliga,2526,Dortmund,Julian Ryerson,NOR,MF,27.0,1997.0,25.2,,,,,,,250,,,,,,,,
GER-Bundesliga,2526,Dortmund,Karim Adeyemi,GER,"MF,FW",23.0,2002.0,13.3,,,,,,,11,,,,,,,,
GER-Bundesliga,2526,Dortmund,Luca Reggiani,ITA,DF,17.0,2008.0,5.7,,,,,,,1,,,,,,,,
GER-Bundesliga,2526,Dortmund,Marcel Sabitzer,AUT,MF,31.0,1994.0,20.2,,,,,,,37,,,,,,,,
GER-Bundesliga,2526,Dortmund,Mathis Albert,USA,FW,16.0,2009.0,0.0,,,,,,,1,,,,,,,,
GER-Bundesliga,2526,Dortmund,Maximilian Beier,GER,"MF,FW",22.0,2002.0,22.5,,,,,,,28,,,,,,,,
GER-Bundesliga,2526,Dortmund,Nico Schlotterbeck,GER,DF,25.0,1999.0,28.0,,,,,,,31,,,,,,,,
GER-Bundesliga,2526,Dortmund,Niklas Süle,GER,DF,29.0,1995.0,5.4,,,,,,,6,,,,,,,,
GER-Bundesliga,2526,Dortmund,Pascal Groß,GER,MF,34.0,1991.0,6.8,,,,,,,23,,,,,,,,
GER-Bundesliga,2526,Dortmund,Ramy Bensebaini,ALG,DF,30.0,1995.0,17.0,,,,,,,11,,,,,,,,
GER-Bundesliga,2526,Dortmund,Salih Özcan,TUR,MF,27.0,1998.0,0.9,,,,,,,2,,,,,,,,
GER-Bundesliga,2526,Dortmund,Samuele Inácio,ITA,MF,17.0,2008.0,4.3,,,,,,,11,,,,,,,,
GER-Bundesliga,2526,Dortmund,Serhou Guirassy,GUI,FW,29.0,1996.0,26.0,,,,,,,4,,,,,,,,
GER-Bundesliga,2526,Dortmund,Waldemar Anton,GER,DF,29.0,1996.0,32.0,,,,,,,12,,,,,,,,
GER-Bundesliga,2526,Dortmund,Yan Couto,BRA,MF,23.0,2002.0,11.1,,,,,,,54,,,,,,,,
GER-Bundesliga,2526,Frankfurt,Ansgar Knauff,GER,"MF,FW",23.0,2002.0,14.7,,,,,,,39,,,,,,,,
GER-Bundesliga,2526,Frankfurt,Arnaud Kalimuendo,FRA,"FW,MF",23.0,2002.0,15.7,,,,,,,15,,,,,,,,
GER-Bundesliga,2526,Frankfurt,Arthur Theate,BEL,DF,25.0,2000.0,23.8,,,,,,,13,,,,,,,,
GER-Bundesliga,2526,Frankfurt,Aurèle Amenda,SUI,DF,22.0,2003.0,18.6,,,,,,,6,,,,,,,,
GER-Bundesliga,2526,Frankfurt,Aurélio Buta,POR,DF,28.0,1997.0,1.6,,,,,,,2,,,,,,,,
GER-Bundesliga,2526,Frankfurt,Ayoube Amaimouni,MAR,"MF,FW",20.0,2004.0,6.5,,,,,,,30,,,,,,,,
GER-Bundesliga,2526,Frankfurt,Can Uzun,TUR,MF,19.0,2005.0,12.8,,,,,,,24,,,,,,,,
GER-Bundesliga,2526,Frankfurt,Elias Baum,GER,DF,19.0,2005.0,0.8,,,,,,,4,,,,,,,,
GER-Bundesliga,2526,Frankfurt,Ellyes Skhiri,TUN,"MF,DF",30.0,1995.0,16.0,,,,,,,3,,,,,,,,
GER-Bundesliga,2526,Frankfurt,Elye Wahi,CIV,FW,22.0,2003.0,3.6,,,,,,,5,,,,,,,,
GER-Bundesliga,2526,Frankfurt,Fares Chaïbi,ALG,MF,22.0,2002.0,19.9,,,,,,,91,,,,,,,,
GER-Bundesliga,2526,Frankfurt,Hugo Larsson,SWE,MF,21.0,2004.0,20.1,,,,,,,9,,,,,,,,
GER-Bundesliga,2526,Frankfurt,Jean Mattéo Bahoya,FRA,"MF,FW",20.0,2005.0,14.8,,,,,,,33,,,,,,,,
GER-Bundesliga,2526,Frankfurt,Jessic Ngankam,GER,FW,25.0,2000.0,0.7,,,,,,,0,,,,,,,,
GER-Bundesliga,2526,Frankfurt,Jonathan Burkardt,GER,FW,25.0,2000.0,14.8,,,,,,,5,,,,,,,,
GER-Bundesliga,2526,Frankfurt,Kauã Santos,BRA,GK,22.0,2003.0,12.0,,,,,,,0,,,,,,,,
GER-Bundesliga,2526,Frankfurt,Love Arrhov,SWE,MF,17.0,2008.0,0.7,,,,,,,0,,,,,,,,
GER-Bundesliga,2526,Frankfurt,Mahmoud Dahoud,GER,"MF,FW",29.0,1996.0,8.0,,,,,,,8,,,,,,,,
GER-Bundesliga,2526,Frankfurt,Mario Götze,GER,MF,33.0,1992.0,9.8,,,,,,,22,,,,,,,,
GER-Bundesliga,2526,Frankfurt,Michael Zetterer,GER,GK,30.0,1995.0,22.0,,,,,,,0,,,,,,,,
GER-Bundesliga,2526,Frankfurt,Michy Batshuayi,BEL,FW,31.0,1993.0,1.5,,,,,,,0,,,,,,,,
GER-Bundesliga,2526,Frankfurt,Nathaniel Brown,GER,"MF,DF",22.0,2003.0,29.5,,,,,,,45,,,,,,,,
GER-Bundesliga,2526,Frankfurt,Nnamdi Collins,GER,DF,21.0,2004.0,16.7,,,,,,,4,,,,,,,,
GER-Bundesliga,2526,Frankfurt,Oscar Højlund,DEN,MF,20.0,2005.0,12.1,,,,,,,2,,,,,,,,
GER-Bundesliga,2526,Frankfurt,Rasmus Kristensen,DEN,"DF,MF",28.0,1997.0,17.1,,,,,,,33,,,,,,,,
GER-Bundesliga,2526,Frankfurt,Ritsu Doan,JPN,MF,27.0,1998.0,26.3,,,,,,,111,,,,,,,,
GER-Bundesliga,2526,Frankfurt,Robin Koch,GER,DF,29.0,1996.0,31.5,,,,,,,2,,,,,,,,
GER-Bundesliga,2526,Frankfurt,Timothy Chandler,USA,"DF,MF",35.0,1990.0,0.1,,,,,,,1,,,,,,,,
GER-Bundesliga,2526,Frankfurt,Younes Ebnoutalib,GER,FW,21.0,2003.0,1.5,,,,,,,0,,,,,,,,
GER-Bundesliga,2526,Freiburg,Anthony Jung,GER,DF,33.0,1991.0,5.8,,,,,,,0,,,,,,,,
GER-Bundesliga,2526,Freiburg,Christian Günter,GER,DF,32.0,1993.0,17.2,,,,,,,73,,,,,,,,
GER-Bundesliga,2526,Freiburg,Cyriaque Irié,BFA,MF,20.0,2005.0,3.9,,,,,,,3,,,,,,,,
GER-Bundesliga,2526,Freiburg,Derry Scherhant,GER,MF,22.0,2002.0,14.5,,,,,,,72,,,,,,,,
GER-Bundesliga,2526,Freiburg,Eren Dinkçi,GER,MF,23.0,2001.0,2.8,,,,,,,10,,,,,,,,
GER-Bundesliga,2526,Freiburg,Ifechukwu Ogbus,SUI,DF,19.0,2005.0,13.1,,,,,,,3,,,,,,,,
GER-Bundesliga,2526,Freiburg,Igor Matanović,CRO,FW,22.0,2003.0,17.5,,,,,,,0,,,,,,,,
GER-Bundesliga,2526,Freiburg,Jan-Niklas Beste,GER,MF,26.0,1999.0,18.9,,,,,,,106,,,,,,,,
GER-Bundesliga,2526,Freiburg,Johan Manzambi,SUI,MF,19.0,2005.0,23.1,,,,,,,35,,,,,,,,
GER-Bundesliga,2526,Freiburg,Jordy Makengo,FRA,DF,23.0,2001.0,13.1,,,,,,,32,,,,,,,,
GER-Bundesliga,2526,Freiburg,Junior Adamu,AUT,FW,24.0,2001.0,5.0,,,,,,,2,,,,,,,,
GER-Bundesliga,2526,Freiburg,Lucas Höler,GER,"FW,MF",31.0,1994.0,22.6,,,,,,,8,,,,,,,,
GER-Bundesliga,2526,Freiburg,Lukas Kübler,GER,DF,32.0,1992.0,17.6,,,,,,,30,,,,,,,,
GER-Bundesliga,2526,Freiburg,Matthias Ginter,GER,DF,31.0,1994.0,31.5,,,,,,,15,,,,,,,,
GER-Bundesliga,2526,Freiburg,Max Rosenfelder,GER,DF,22.0,2003.0,5.5,,,,,,,0,,,,,,,,
GER-Bundesliga,2526,Freiburg,Maximilian Eggestein,GER,MF,28.0,1996.0,34.0,,,,,,,14,,,,,,,,
GER-Bundesliga,2526,Freiburg,Maximilian Philipp,GER,"FW,MF",31.0,1994.0,0.3,,,,,,,0,,,,,,,,
GER-Bundesliga,2526,Freiburg,Merlin Röhl,GER,MF,23.0,2002.0,0.7,,,,,,,1,,,,,,,,
GER-Bundesliga,2526,Freiburg,Nicolas Höfler,GER,MF,35.0,1990.0,3.2,,,,,,,0,,,,,,,,
GER-Bundesliga,2526,Freiburg,Noah Atubolu,GER,GK,23.0,2002.0,34.0,,,,,,,0,,,,,,,,
GER-Bundesliga,2526,Freiburg,Patrick Osterhage,GER,MF,25.0,2000.0,13.2,,,,,,,9,,,,,,,,
GER-Bundesliga,2526,Freiburg,Philipp Lienhart,AUT,DF,29.0,1996.0,14.5,,,,,,,13,,,,,,,,
GER-Bundesliga,2526,Freiburg,Philipp Treu,GER,"DF,MF",24.0,2000.0,24.3,,,,,,,32,,,,,,,,
GER-Bundesliga,2526,Freiburg,Rouven Tarnutzer,SUI,FW,18.0,2007.0,0.1,,,,,,,0,,,,,,,,
GER-Bundesliga,2526,Freiburg,Vincenzo Grifo,ITA,MF,32.0,1993.0,19.0,,,,,,,111,,,,,,,,
GER-Bundesliga,2526,Freiburg,Yuito Suzuki,JPN,MF,23.0,2001.0,18.1,,,,,,,21,,,,,,,,
GER-Bundesliga,2526,Gladbach,Alejo Sarco,ARG,FW,19.0,2006.0,0.6,,,,,,,0,,,,,,,,
GER-Bundesliga,2526,Gladbach,Charles Herrmann,GER,FW,19.0,2006.0,0.1,,,,,,,1,,,,,,,,
GER-Bundesliga,2526,Gladbach,Fabio Chiarodia,ITA,DF,20.0,2005.0,7.5,,,,,,,0,,,,,,,,
GER-Bundesliga,2526,Gladbach,Florian Neuhaus,GER,"MF,FW",28.0,1997.0,10.3,,,,,,,9,,,,,,,,
GER-Bundesliga,2526,Gladbach,Franck Honorat,FRA,"MF,FW",28.0,1996.0,22.0,,,,,,,134,,,,,,,,
GER-Bundesliga,2526,Gladbach,Gio Reyna,USA,MF,22.0,2002.0,5.8,,,,,,,9,,,,,,,,
GER-Bundesliga,2526,Gladbach,Grant Ranos,ARM,FW,22.0,2003.0,1.3,,,,,,,5,,,,,,,,
GER-Bundesliga,2526,Gladbach,Haris Tabaković,BIH,FW,31.0,1994.0,26.5,,,,,,,2,,,,,,,,
GER-Bundesliga,2526,Gladbach,Hugo Bolin,SWE,"MF,FW",22.0,2003.0,6.1,,,,,,,17,,,,,,,,
GER-Bundesliga,2526,Gladbach,Jan Urbich,GER,DF,21.0,2004.0,0.4,,,,,,,0,,,,,,,,
GER-Bundesliga,2526,Gladbach,Jens Castrop,KOR,MF,22.0,2003.0,17.6,,,,,,,21,,,,,,,,
GER-Bundesliga,2526,Gladbach,Joe Scally,USA,"DF,MF",22.0,2002.0,29.0,,,,,,,47,,,,,,,,
GER-Bundesliga,2526,Gladbach,Kevin Diks,IDN,DF,28.0,1996.0,27.4,,,,,,,5,,,,,,,,
GER-Bundesliga,2526,Gladbach,Kevin Stöger,AUT,MF,31.0,1993.0,14.7,,,,,,,61,,,,,,,,
GER-Bundesliga,2526,Gladbach,Kōta Takai,JPN,DF,20.0,2004.0,3.8,,,,,,,0,,,,,,,,
GER-Bundesliga,2526,Gladbach,Luca Netz,GER,"MF,DF",22.0,2003.0,10.4,,,,,,,26,,,,,,,,
GER-Bundesliga,2526,Gladbach,Lukas Ullrich,GER,"DF,MF",21.0,2004.0,14.5,,,,,,,38,,,,,,,,
GER-Bundesliga,2526,Gladbach,Marvin Friedrich,GER,DF,29.0,1995.0,1.7,,,,,,,0,,,,,,,,
GER-Bundesliga,2526,Gladbach,Moritz Nicolas,GER,GK,27.0,1997.0,34.0,,,,,,,0,,,,,,,,
GER-Bundesliga,2526,Gladbach,Nico Elvedi,SUI,DF,28.0,1996.0,33.0,,,,,,,1,,,,,,,,
GER-Bundesliga,2526,Gladbach,Oscar Fraulo,DEN,MF,21.0,2003.0,0.5,,,,,,,0,,,,,,,,
GER-Bundesliga,2526,Gladbach,Philipp Sander,GER,"DF,MF",27.0,1998.0,27.2,,,,,,,28,,,,,,,,
GER-Bundesliga,2526,Gladbach,Robin Hack,GER,MF,26.0,1998.0,3.6,,,,,,,14,,,,,,,,
GER-Bundesliga,2526,Gladbach,Rocco Reitz,GER,MF,23.0,2002.0,29.2,,,,,,,86,,,,,,,,
GER-Bundesliga,2526,Gladbach,Shuto Machino,JPN,"FW,MF",25.0,1999.0,12.0,,,,,,,10,,,,,,,,
GER-Bundesliga,2526,Gladbach,Tim Kleindienst,GER,FW,29.0,1995.0,0.1,,,,,,,0,,,,,,,,
GER-Bundesliga,2526,Gladbach,Wael Mohya,GER,"MF,FW",16.0,2008.0,6.1,,,,,,,8,,,,,,,,
GER-Bundesliga,2526,Gladbach,Yannik Engelhardt,GER,MF,24.0,2001.0,27.6,,,,,,,6,,,,,,,,
GER-Bundesliga,2526,Hamburger SV,Aboubaka Soumahoro,FRA,"MF,DF",20.0,2005.0,1.5,,,,,,,1,,,,,,,,
GER-Bundesliga,2526,Hamburger SV,Albert Grønbaek,DEN,MF,24.0,2001.0,5.5,,,,,,,6,,,,,,,,
GER-Bundesliga,2526,Hamburger SV,Albert Sambi Lokonga,BEL,MF,25.0,1999.0,19.0,,,,,,,13,,,,,,,,
GER-Bundesliga,2526,Hamburger SV,Alexander Røssing-Lelesiit,NOR,"FW,MF",18.0,2007.0,3.6,,,,,,,4,,,,,,,,
GER-Bundesliga,2526,Hamburger SV,Bakery Jatta,GAM,MF,27.0,1998.0,10.1,,,,,,,19,,,,,,,,
GER-Bundesliga,2526,Hamburger SV,Damion Downs,USA,FW,21.0,2004.0,6.0,,,,,,,0,,,,,,,,
GER-Bundesliga,2526,Hamburger SV,Daniel Elfadli,LBY,DF,28.0,1997.0,13.9,,,,,,,0,,,,,,,,
GER-Bundesliga,2526,Hamburger SV,Daniel Heuer Fernandes,POR,GK,32.0,1992.0,33.0,,,,,,,0,,,,,,,,
GER-Bundesliga,2526,Hamburger SV,Emir Sahiti,KVX,FW,26.0,1998.0,1.3,,,,,,,1,,,,,,,,
GER-Bundesliga,2526,Hamburger SV,Fabio Baldé,POR,"FW,MF",20.0,2005.0,5.0,,,,,,,16,,,,,,,,
GER-Bundesliga,2526,Hamburger SV,Fabio Vieira,POR,"MF,FW",25.0,2000.0,24.5,,,,,,,59,,,,,,,,
GER-Bundesliga,2526,Hamburger SV,Giorgi Gocholeishvili,GEO,MF,24.0,2001.0,10.4,,,,,,,20,,,,,,,,
GER-Bundesliga,2526,Hamburger SV,Guilherme Ramos,POR,DF,27.0,1997.0,0.5,,,,,,,0,,,,,,,,
GER-Bundesliga,2526,Hamburger SV,Immanuel Pherai,SUR,"FW,MF",24.0,2001.0,0.4,,,,,,,4,,,,,,,,
GER-Bundesliga,2526,Hamburger SV,Jean-Luc Dompé,FRA,"FW,MF",29.0,1995.0,12.6,,,,,,,82,,,,,,,,
GER-Bundesliga,2526,Hamburger SV,Jonas Meffert,GER,MF,30.0,1994.0,1.6,,,,,,,0,,,,,,,,
GER-Bundesliga,2526,Hamburger SV,Jordan Torunarigha,GER,DF,27.0,1997.0,21.8,,,,,,,3,,,,,,,,
GER-Bundesliga,2526,Hamburger SV,Louis Lemke,GER,DF,15.0,2009.0,0.0,,,,,,,0,,,,,,,,
GER-Bundesliga,2526,Hamburger SV,Luka Vušković,CRO,DF,18.0,2007.0,27.1,,,,,,,2,,,,,,,,
GER-Bundesliga,2526,Hamburger SV,Miro Muheim,SUI,"MF,DF",27.0,1998.0,27.1,,,,,,,148,,,,,,,,
GER-Bundesliga,2526,Hamburger SV,Nicolai Remberg,GER,MF,25.0,2000.0,32.0,,,,,,,5,,,,,,,,
GER-Bundesliga,2526,Hamburger SV,Nicolás Capaldo,ARG,"DF,MF",26.0,1998.0,22.2,,,,,,,21,,,,,,,,
GER-Bundesliga,2526,Hamburger SV,Otto Stange,GER,FW,18.0,2007.0,3.3,,,,,,,6,,,,,,,,
GER-Bundesliga,2526,Hamburger SV,Philip Otele,NGA,"MF,FW",26.0,1999.0,5.2,,,,,,,12,,,,,,,,
GER-Bundesliga,2526,Hamburger SV,Ransford Königsdörffer,GHA,"FW,MF",23.0,2001.0,25.9,,,,,,,21,,,,,,,,
GER-Bundesliga,2526,Hamburger SV,Rayan Philippe,FRA,"FW,MF",24.0,2000.0,14.3,,,,,,,31,,,,,,,,
GER-Bundesliga,2526,Hamburger SV,Robert Glatzel,GER,FW,31.0,1994.0,6.8,,,,,,,1,,,,,,,,
GER-Bundesliga,2526,Hamburger SV,Sander Tangvik,NOR,GK,22.0,2002.0,1.0,,,,,,,0,,,,,,,,
GER-Bundesliga,2526,Hamburger SV,Shafiq Nandja,GER,DF,18.0,2007.0,0.2,,,,,,,0,,,,,,,,
GER-Bundesliga,2526,Hamburger SV,Warmed Omari,COM,DF,25.0,2000.0,17.8,,,,,,,4,,,,,,,,
GER-Bundesliga,2526,Hamburger SV,William Mikelbrencis,FRA,"MF,DF",21.0,2004.0,15.2,,,,,,,54,,,,,,,,
GER-Bundesliga,2526,Hamburger SV,Yussuf Poulsen,DEN,FW,31.0,1994.0,3.7,,,,,,,2,,,,,,,,
GER-Bundesliga,2526,Heidenheim,Adam Kölle,GER,DF,19.0,2006.0,1.0,,,,,,,1,,,,,,,,
GER-Bundesliga,2526,Heidenheim,Adrian Beck,GER,MF,28.0,1997.0,9.6,,,,,,,15,,,,,,,,
GER-Bundesliga,2526,Heidenheim,Arijon Ibrahimović,GER,"MF,FW",19.0,2005.0,24.1,,,,,,,127,,,,,,,,
GER-Bundesliga,2526,Heidenheim,Benedikt Gimber,GER,DF,28.0,1997.0,16.0,,,,,,,5,,,,,,,,
GER-Bundesliga,2526,Heidenheim,Budu Zivzivadze,GEO,FW,31.0,1994.0,12.7,,,,,,,6,,,,,,,,
GER-Bundesliga,2526,Heidenheim,Christian Conteh,GER,"MF,FW",25.0,1999.0,4.5,,,,,,,10,,,,,,,,
GER-Bundesliga,2526,Heidenheim,Diant Ramaj,GER,GK,23.0,2001.0,31.0,,,,,,,0,,,,,,,,
GER-Bundesliga,2526,Heidenheim,Eren Dinkçi,GER,"MF,FW",23.0,2001.0,12.6,,,,,,,22,,,,,,,,
GER-Bundesliga,2526,Heidenheim,Frank Feller,GER,GK,21.0,2004.0,3.0,,,,,,,0,,,,,,,,
GER-Bundesliga,2526,Heidenheim,Hannes Behrens,GER,"DF,MF",20.0,2005.0,14.6,,,,,,,59,,,,,,,,
GER-Bundesliga,2526,Heidenheim,Jan Schöppner,GER,MF,26.0,1999.0,25.0,,,,,,,14,,,,,,,,
GER-Bundesliga,2526,Heidenheim,Jonas Föhrenbach,GER,"DF,MF",29.0,1996.0,25.8,,,,,,,78,,,,,,,,
GER-Bundesliga,2526,Heidenheim,Julian Niehues,GER,MF,24.0,2001.0,15.4,,,,,,,3,,,,,,,,
GER-Bundesliga,2526,Heidenheim,Leart Paqarada,KVX,DF,30.0,1994.0,0.1,,,,,,,0,,,,,,,,
GER-Bundesliga,2526,Heidenheim,Leonidas Stergiou,SUI,DF,23.0,2002.0,2.3,,,,,,,1,,,,,,,,
GER-Bundesliga,2526,Heidenheim,Luca Kerber,GER,MF,23.0,2002.0,7.6,,,,,,,4,,,,,,,,
GER-Bundesliga,2526,Heidenheim,Léo Scienza,BRA,MF,26.0,1998.0,2.0,,,,,,,13,,,,,,,,
GER-Bundesliga,2526,Heidenheim,Marnon Busch,GER,"DF,MF",30.0,1994.0,21.3,,,,,,,61,,,,,,,,
GER-Bundesliga,2526,Heidenheim,Marvin Pieringer,GER,"FW,MF",25.0,1999.0,18.3,,,,,,,20,,,,,,,,
GER-Bundesliga,2526,Heidenheim,Mathias Honsak,AUT,"MF,FW",28.0,1996.0,13.9,,,,,,,25,,,,,,,,
GER-Bundesliga,2526,Heidenheim,Mikkel Kaufmann,DEN,FW,24.0,2001.0,6.0,,,,,,,1,,,,,,,,
GER-Bundesliga,2526,Heidenheim,Niklas Dorsch,GER,MF,27.0,1998.0,25.1,,,,,,,33,,,,,,,,
GER-Bundesliga,2526,Heidenheim,Omar Traoré,GER,"DF,MF",27.0,1998.0,16.7,,,,,,,37,,,,,,,,
GER-Bundesliga,2526,Heidenheim,Patrick Mainka,GER,DF,30.0,1994.0,34.0,,,,,,,0,,,,,,,,
GER-Bundesliga,2526,Heidenheim,Sirlord Conteh,GER,"MF,FW",29.0,1996.0,6.9,,,,,,,17,,,,,,,,
GER-Bundesliga,2526,Heidenheim,Stefan Schimmer,GER,FW,31.0,1994.0,9.1,,,,,,,10,,,,,,,,
GER-Bundesliga,2526,Heidenheim,Thomas Keller,GER,DF,25.0,1999.0,2.1,,,,,,,1,,,,,,,,
GER-Bundesliga,2526,Heidenheim,Tim Siersleben,GER,DF,25.0,2000.0,12.0,,,,,,,13,,,,,,,,
GER-Bundesliga,2526,Heidenheim,Tobias Weigel,GER,FW,18.0,2007.0,0.0,,,,,,,0,,,,,,,,
GER-Bundesliga,2526,Heidenheim,Yannik Wagner,GER,FW,18.0,2007.0,0.5,,,,,,,2,,,,,,,,
GER-Bundesliga,2526,Hoffenheim,Adam Hložek,CZE,"FW,MF",23.0,2002.0,0.5,,,,,,,0,,,,,,,,
GER-Bundesliga,2526,Hoffenheim,Albian Hajdari,KVX,DF,22.0,2003.0,27.0,,,,,,,19,,,,,,,,
GER-Bundesliga,2526,Hoffenheim,Alexander Prass,AUT,MF,24.0,2001.0,14.5,,,,,,,47,,,,,,,,
GER-Bundesliga,2526,Hoffenheim,Andrej Kramarić,CRO,"MF,FW",34.0,1991.0,24.5,,,,,,,82,,,,,,,,
GER-Bundesliga,2526,Hoffenheim,Arthur Chaves,BRA,DF,24.0,2001.0,2.7,,,,,,,2,,,,,,,,
GER-Bundesliga,2526,Hoffenheim,Bazoumana Touré,CIV,"MF,FW",19.0,2006.0,25.6,,,,,,,118,,,,,,,,
GER-Bundesliga,2526,Hoffenheim,Bernardo,BRA,DF,30.0,1995.0,25.7,,,,,,,16,,,,,,,,
GER-Bundesliga,2526,Hoffenheim,Cole Campbell,USA,FW,19.0,2006.0,0.9,,,,,,,4,,,,,,,,
GER-Bundesliga,2526,Hoffenheim,Fisnik Asllani,KVX,"FW,MF",22.0,2002.0,25.9,,,,,,,10,,,,,,,,
GER-Bundesliga,2526,Hoffenheim,Grischa Prömel,GER,MF,30.0,1995.0,19.5,,,,,,,11,,,,,,,,
GER-Bundesliga,2526,Hoffenheim,Ihlas Bebou,TOG,"FW,MF",31.0,1994.0,2.1,,,,,,,1,,,,,,,,
GER-Bundesliga,2526,Hoffenheim,Kevin Akpoguma,NGA,DF,30.0,1995.0,0.7,,,,,,,0,,,,,,,,
GER-Bundesliga,2526,Hoffenheim,Koki Machida,JPN,DF,27.0,1997.0,0.5,,,,,,,0,,,,,,,,
GER-Bundesliga,2526,Hoffenheim,Leon Avdullahu,KVX,MF,21.0,2004.0,31.5,,,,,,,15,,,,,,,,
GER-Bundesliga,2526,Hoffenheim,Luka Đurić,SRB,MF,22.0,2003.0,0.1,,,,,,,0,,,,,,,,
GER-Bundesliga,2526,Hoffenheim,Max Moerstedt,GER,FW,19.0,2006.0,4.7,,,,,,,4,,,,,,,,
GER-Bundesliga,2526,Hoffenheim,Muhammed Damar,GER,"MF,FW",21.0,2004.0,3.1,,,,,,,33,,,,,,,,
GER-Bundesliga,2526,Hoffenheim,Oliver Baumann,GER,GK,35.0,1990.0,34.0,,,,,,,0,,,,,,,,
GER-Bundesliga,2526,Hoffenheim,Ozan Kabak,TUR,DF,25.0,2000.0,19.5,,,,,,,2,,,,,,,,
GER-Bundesliga,2526,Hoffenheim,Robin Hranáč,CZE,DF,25.0,2000.0,25.0,,,,,,,6,,,,,,,,
GER-Bundesliga,2526,Hoffenheim,Tim Lemperle,GER,FW,23.0,2002.0,21.6,,,,,,,27,,,,,,,,
GER-Bundesliga,2526,Hoffenheim,Umut Tohumcu,GER,MF,20.0,2004.0,1.5,,,,,,,1,,,,,,,,
GER-Bundesliga,2526,Hoffenheim,Valentin Gendrey,FRA,DF,25.0,2000.0,0.7,,,,,,,2,,,,,,,,
GER-Bundesliga,2526,Hoffenheim,Vladimír Coufal,CZE,"DF,MF",32.0,1992.0,33.5,,,,,,,209,,,,,,,,
GER-Bundesliga,2526,Hoffenheim,Wouter Burger,NED,MF,24.0,2001.0,27.0,,,,,,,89,,,,,,,,
GER-Bundesliga,2526,Hoffenheim,Yannick Eduardo,CZE,FW,19.0,2006.0,0.0,,,,,,,0,,,,,,,,
GER-Bundesliga,2526,Köln,Alessio Castro-Montes,BEL,"MF,DF",28.0,1997.0,7.5,,,,,,,57,,,,,,,,
GER-Bundesliga,2526,Köln,Cenk Özkacar,TUR,DF,24.0,2000.0,19.9,,,,,,,3,,,,,,,,
GER-Bundesliga,2526,Köln,Cenny Neumann,GER,DF,18.0,2007.0,0.8,,,,,,,0,,,,,,,,
GER-Bundesliga,2526,Köln,Denis Huseinbasic,BIH,MF,24.0,2001.0,8.1,,,,,,,1,,,,,,,,
GER-Bundesliga,2526,Köln,Dominique Heintz,GER,DF,31.0,1993.0,4.2,,,,,,,1,,,,,,,,
GER-Bundesliga,2526,Köln,Eric Martel,GER,"MF,DF",23.0,2002.0,28.4,,,,,,,11,,,,,,,,
GER-Bundesliga,2526,Köln,Felipe Chávez,PER,MF,18.0,2007.0,1.1,,,,,,,1,,,,,,,,
GER-Bundesliga,2526,Köln,Florian Kainz,AUT,MF,32.0,1992.0,3.1,,,,,,,21,,,,,,,,
GER-Bundesliga,2526,Köln,Fynn Schenten,GER,FW,17.0,2007.0,1.1,,,,,,,3,,,,,,,,
GER-Bundesliga,2526,Köln,Jahmai Simpson-Pusey,ENG,DF,19.0,2005.0,9.6,,,,,,,2,,,,,,,,
GER-Bundesliga,2526,Köln,Jakub Kamiński,POL,"MF,FW",23.0,2002.0,33.5,,,,,,,115,,,,,,,,
GER-Bundesliga,2526,Köln,Jan Thielmann,GER,"MF,FW",23.0,2002.0,17.1,,,,,,,36,,,,,,,,
GER-Bundesliga,2526,Köln,Joël Schmied,SUI,DF,26.0,1998.0,12.0,,,,,,,5,,,,,,,,
GER-Bundesliga,2526,Köln,Jusuf Gazibegović,BIH,DF,25.0,2000.0,0.3,,,,,,,1,,,,,,,,
GER-Bundesliga,2526,Köln,Kristoffer Lund,USA,"DF,MF",23.0,2002.0,25.3,,,,,,,83,,,,,,,,
GER-Bundesliga,2526,Köln,Linton Maina,GER,"MF,FW",26.0,1999.0,11.4,,,,,,,25,,,,,,,,
GER-Bundesliga,2526,Köln,Luca Waldschmidt,GER,"FW,MF",29.0,1996.0,7.5,,,,,,,22,,,,,,,,
GER-Bundesliga,2526,Köln,Marius Bülter,GER,"FW,MF",32.0,1993.0,17.7,,,,,,,62,,,,,,,,
GER-Bundesliga,2526,Köln,Marvin Schwäbe,GER,GK,30.0,1995.0,34.0,,,,,,,0,,,,,,,,
GER-Bundesliga,2526,Köln,Ragnar Ache,GER,FW,27.0,1998.0,19.1,,,,,,,1,,,,,,,,
GER-Bundesliga,2526,Köln,Rav van den Berg,NED,DF,21.0,2004.0,12.6,,,,,,,1,,,,,,,,
GER-Bundesliga,2526,Köln,Said El Mala,GER,"FW,MF",18.0,2006.0,21.7,,,,,,,39,,,,,,,,
GER-Bundesliga,2526,Köln,Sebastian Sebulonsen,NOR,"DF,MF",25.0,2000.0,27.8,,,,,,,67,,,,,,,,
GER-Bundesliga,2526,Köln,Timo Hübers,GER,DF,29.0,1996.0,7.5,,,,,,,1,,,,,,,,
GER-Bundesliga,2526,Köln,Tom Krauß,GER,"MF,DF",24.0,2001.0,19.8,,,,,,,14,,,,,,,,
GER-Bundesliga,2526,Köln,Youssoupha Niang,GER,MF,19.0,2006.0,2.2,,,,,,,2,,,,,,,,
GER-Bundesliga,2526,Köln,Ísak Jóhannesson,ISL,MF,22.0,2003.0,20.1,,,,,,,65,,,,,,,,
GER-Bundesliga,2526,Leverkusen,Aleix García,ESP,MF,28.0,1997.0,29.6,,,,,,,123,,,,,,,,
GER-Bundesliga,2526,Leverkusen,Alejo Sarco,ARG,FW,19.0,2006.0,0.8,,,,,,,0,,,,,,,,
GER-Bundesliga,2526,Leverkusen,Arthur,BRA,MF,22.0,2003.0,12.6,,,,,,,33,,,,,,,,
GER-Bundesliga,2526,Leverkusen,Axel Tapé,FRA,"MF,DF",17.0,2007.0,2.5,,,,,,,0,,,,,,,,
GER-Bundesliga,2526,Leverkusen,Christian Kofane,CMR,FW,19.0,2006.0,13.8,,,,,,,0,,,,,,,,
GER-Bundesliga,2526,Leverkusen,Claudio Echeverri,ARG,MF,19.0,2006.0,1.5,,,,,,,6,,,,,,,,
GER-Bundesliga,2526,Leverkusen,Edmond Tapsoba,BFA,DF,26.0,1999.0,28.6,,,,,,,13,,,,,,,,
GER-Bundesliga,2526,Leverkusen,Eliesse Ben Seghir,MAR,MF,20.0,2005.0,2.8,,,,,,,9,,,,,,,,
GER-Bundesliga,2526,Leverkusen,Ernest Poku,NED,MF,21.0,2004.0,16.5,,,,,,,13,,,,,,,,
GER-Bundesliga,2526,Leverkusen,Exequiel Palacios,ARG,MF,26.0,1998.0,12.2,,,,,,,2,,,,,,,,
GER-Bundesliga,2526,Leverkusen,Ezequiél Fernández,ARG,MF,23.0,2002.0,10.9,,,,,,,4,,,,,,,,
GER-Bundesliga,2526,Leverkusen,Ibrahim Maza,ALG,MF,19.0,2005.0,20.5,,,,,,,64,,,,,,,,
GER-Bundesliga,2526,Leverkusen,Janis Blaswich,GER,GK,34.0,1991.0,10.3,,,,,,,0,,,,,,,,
GER-Bundesliga,2526,Leverkusen,Jarell Quansah,ENG,DF,22.0,2003.0,25.5,,,,,,,22,,,,,,,,
GER-Bundesliga,2526,Leverkusen,Jeanuël Belocian,FRA,DF,20.0,2005.0,3.2,,,,,,,4,,,,,,,,
GER-Bundesliga,2526,Leverkusen,Jonas Hofmann,GER,MF,33.0,1992.0,11.3,,,,,,,37,,,,,,,,
GER-Bundesliga,2526,Leverkusen,Loïc Bade,FRA,DF,25.0,2000.0,18.4,,,,,,,4,,,,,,,,
GER-Bundesliga,2526,Leverkusen,Lucas Vázquez,ESP,MF,34.0,1991.0,5.3,,,,,,,20,,,,,,,,
GER-Bundesliga,2526,Leverkusen,Malik Tillman,USA,MF,23.0,2002.0,18.6,,,,,,,18,,,,,,,,
GER-Bundesliga,2526,Leverkusen,Mark Flekken,NED,GK,32.0,1993.0,23.7,,,,,,,0,,,,,,,,
GER-Bundesliga,2526,Leverkusen,Martin Terrier,FRA,"MF,FW",28.0,1997.0,7.5,,,,,,,5,,,,,,,,
GER-Bundesliga,2526,Leverkusen,Montrell Culbreath,GER,"MF,DF",17.0,2007.0,8.2,,,,,,,24,,,,,,,,
GER-Bundesliga,2526,Leverkusen,Nathan Tella,NGA,MF,26.0,1999.0,9.6,,,,,,,31,,,,,,,,
GER-Bundesliga,2526,Leverkusen,Patrik Schick,CZE,FW,29.0,1996.0,22.1,,,,,,,0,,,,,,,,
GER-Bundesliga,2526,Leverkusen,Piero Hincapié,ECU,DF,23.0,2002.0,1.0,,,,,,,0,,,,,,,,
GER-Bundesliga,2526,Leverkusen,Robert Andrich,GER,"DF,MF",30.0,1994.0,28.3,,,,,,,13,,,,,,,,
GER-Bundesliga,2526,Leverkusen,Tim Oermann,GER,DF,21.0,2003.0,0.2,,,,,,,0,,,,,,,,
GER-Bundesliga,2526,Leverkusen,Álex Grimaldo,ESP,MF,29.0,1995.0,28.0,,,,,,,174,,,,,,,,
GER-Bundesliga,2526,Mainz 05,Andreas Hanche-Olsen,NOR,DF,28.0,1997.0,9.5,,,,,,,0,,,,,,,,
GER-Bundesliga,2526,Mainz 05,Anthony Caci,FRA,MF,28.0,1997.0,5.8,,,,,,,42,,,,,,,,
GER-Bundesliga,2526,Mainz 05,Armindo Sieb,GER,FW,22.0,2003.0,6.1,,,,,,,13,,,,,,,,
GER-Bundesliga,2526,Mainz 05,Arnaud Nordin,FRA,"MF,FW",27.0,1998.0,5.2,,,,,,,15,,,,,,,,
GER-Bundesliga,2526,Mainz 05,Ben Bobzien,GER,"FW,MF",22.0,2003.0,0.1,,,,,,,1,,,,,,,,
GER-Bundesliga,2526,Mainz 05,Benedict Hollerbach,GER,"FW,MF",24.0,2001.0,9.7,,,,,,,20,,,,,,,,
GER-Bundesliga,2526,Mainz 05,Daniel Batz,GER,GK,34.0,1991.0,21.0,,,,,,,0,,,,,,,,
GER-Bundesliga,2526,Mainz 05,Danny da Costa,GER,"DF,MF",32.0,1993.0,29.9,,,,,,,48,,,,,,,,
GER-Bundesliga,2526,Mainz 05,Dominik Kohr,GER,DF,31.0,1994.0,26.0,,,,,,,17,,,,,,,,
GER-Bundesliga,2526,Mainz 05,Fabio Moreno Fell,GER,FW,25.0,2000.0,0.9,,,,,,,0,,,,,,,,
GER-Bundesliga,2526,Mainz 05,Kacper Potulski,POL,DF,17.0,2007.0,11.8,,,,,,,2,,,,,,,,
GER-Bundesliga,2526,Mainz 05,Kaishū Sano,JPN,MF,24.0,2000.0,34.0,,,,,,,18,,,,,,,,
GER-Bundesliga,2526,Mainz 05,Lasse Rieß,GER,GK,24.0,2001.0,3.2,,,,,,,0,,,,,,,,
GER-Bundesliga,2526,Mainz 05,Lee Jae-sung,KOR,"MF,FW",32.0,1992.0,24.3,,,,,,,31,,,,,,,,
GER-Bundesliga,2526,Mainz 05,Lennard Maloney,USA,"DF,MF",25.0,1999.0,5.4,,,,,,,2,,,,,,,,
GER-Bundesliga,2526,Mainz 05,Maxim Leitsch,GER,DF,27.0,1998.0,1.8,,,,,,,2,,,,,,,,
GER-Bundesliga,2526,Mainz 05,Nadiem Amiri,GER,MF,28.0,1996.0,23.1,,,,,,,136,,,,,,,,
GER-Bundesliga,2526,Mainz 05,Nelson Weiper,GER,FW,20.0,2005.0,6.2,,,,,,,6,,,,,,,,
GER-Bundesliga,2526,Mainz 05,Nikolas Veratschnig,AUT,"MF,DF",22.0,2003.0,7.3,,,,,,,21,,,,,,,,
GER-Bundesliga,2526,Mainz 05,Paul Nebel,GER,MF,22.0,2002.0,23.0,,,,,,,129,,,,,,,,
GER-Bundesliga,2526,Mainz 05,Phillip Tietz,GER,FW,28.0,1997.0,17.9,,,,,,,4,,,,,,,,
GER-Bundesliga,2526,Mainz 05,Phillipp Mwene,AUT,MF,31.0,1994.0,23.0,,,,,,,75,,,,,,,,
GER-Bundesliga,2526,Mainz 05,Robin Zentner,GER,GK,30.0,1994.0,9.7,,,,,,,0,,,,,,,,
GER-Bundesliga,2526,Mainz 05,Sheraldo Becker,SUR,FW,30.0,1995.0,10.5,,,,,,,31,,,,,,,,
GER-Bundesliga,2526,Mainz 05,Silas Katompa,COD,FW,26.0,1998.0,3.7,,,,,,,11,,,,,,,,
GER-Bundesliga,2526,Mainz 05,Silvan Widmer,SUI,MF,32.0,1993.0,20.1,,,,,,,37,,,,,,,,
GER-Bundesliga,2526,Mainz 05,Sota Kawasaki,JPN,"MF,DF",24.0,2001.0,3.4,,,,,,,3,,,,,,,,
GER-Bundesliga,2526,Mainz 05,Stefan Bell,GER,DF,33.0,1991.0,11.5,,,,,,,1,,,,,,,,
GER-Bundesliga,2526,Mainz 05,Stefan Posch,AUT,DF,28.0,1997.0,15.5,,,,,,,11,,,,,,,,
GER-Bundesliga,2526,Mainz 05,William Bøving,DEN,MF,22.0,2003.0,2.5,,,,,,,8,,,,,,,,
GER-Bundesliga,2526,RB Leipzig,Andrija Maksimović,SRB,FW,18.0,2007.0,1.0,,,,,,,2,,,,,,,,
GER-Bundesliga,2526,RB Leipzig,Antonio Nusa,NOR,"FW,MF",20.0,2005.0,22.5,,,,,,,68,,,,,,,,
GER-Bundesliga,2526,RB Leipzig,Assan Ouédraogo,GER,MF,19.0,2006.0,10.5,,,,,,,4,,,,,,,,
GER-Bundesliga,2526,RB Leipzig,Benjamin Henrichs,GER,DF,28.0,1997.0,3.4,,,,,,,0,,,,,,,,
GER-Bundesliga,2526,RB Leipzig,Brajan Gruda,GER,"MF,FW",21.0,2004.0,8.4,,,,,,,25,,,,,,,,
GER-Bundesliga,2526,RB Leipzig,Castello Lukeba,FRA,DF,22.0,2002.0,24.2,,,,,,,3,,,,,,,,
GER-Bundesliga,2526,RB Leipzig,Christoph Baumgartner,AUT,MF,25.0,1999.0,30.9,,,,,,,6,,,,,,,,
GER-Bundesliga,2526,RB Leipzig,Conrad Harder,DEN,FW,20.0,2005.0,10.4,,,,,,,13,,,,,,,,
GER-Bundesliga,2526,RB Leipzig,David Raum,GER,DF,27.0,1998.0,28.4,,,,,,,250,,,,,,,,
GER-Bundesliga,2526,RB Leipzig,El Chadaille Bitshiabu,FRA,DF,20.0,2005.0,7.3,,,,,,,0,,,,,,,,
GER-Bundesliga,2526,RB Leipzig,Ezechiel Banzuzi,NED,MF,20.0,2005.0,6.6,,,,,,,5,,,,,,,,
GER-Bundesliga,2526,RB Leipzig,Johan Bakayoko,BEL,"FW,MF",22.0,2003.0,8.6,,,,,,,15,,,,,,,,
GER-Bundesliga,2526,RB Leipzig,Kevin Kampl,SVN,MF,34.0,1990.0,0.0,,,,,,,0,,,,,,,,
GER-Bundesliga,2526,RB Leipzig,Kosta Nedeljković,SRB,DF,19.0,2005.0,2.8,,,,,,,6,,,,,,,,
GER-Bundesliga,2526,RB Leipzig,Loïs Openda,BEL,FW,25.0,2000.0,0.6,,,,,,,1,,,,,,,,
GER-Bundesliga,2526,RB Leipzig,Lukas Klostermann,GER,DF,29.0,1996.0,1.1,,,,,,,0,,,,,,,,
GER-Bundesliga,2526,RB Leipzig,Maarten Vandevoordt,BEL,GK,23.0,2002.0,11.7,,,,,,,0,,,,,,,,
GER-Bundesliga,2526,RB Leipzig,Max Finkgräfe,GER,DF,21.0,2004.0,5.6,,,,,,,37,,,,,,,,
GER-Bundesliga,2526,RB Leipzig,Nicolas Seiwald,AUT,MF,24.0,2001.0,29.9,,,,,,,6,,,,,,,,
GER-Bundesliga,2526,RB Leipzig,Péter Gulácsi,HUN,GK,35.0,1990.0,22.3,,,,,,,0,,,,,,,,
GER-Bundesliga,2526,RB Leipzig,Ridle Baku,GER,DF,27.0,1998.0,27.8,,,,,,,59,,,,,,,,
GER-Bundesliga,2526,RB Leipzig,Rômulo,BRA,FW,23.0,2002.0,24.3,,,,,,,0,,,,,,,,
GER-Bundesliga,2526,RB Leipzig,Samba Konaté,FRA,FW,16.0,2009.0,0.0,,,,,,,0,,,,,,,,
GER-Bundesliga,2526,RB Leipzig,Tidiam Gomis,FRA,FW,18.0,2006.0,3.9,,,,,,,6,,,,,,,,
GER-Bundesliga,2526,RB Leipzig,Timo Werner,GER,"FW,MF",29.0,1996.0,0.2,,,,,,,2,,,,,,,,
GER-Bundesliga,2526,RB Leipzig,Willi Orban,HUN,DF,32.0,1992.0,32.8,,,,,,,8,,,,,,,,
GER-Bundesliga,2526,RB Leipzig,Xaver Schlager,AUT,MF,27.0,1997.0,20.4,,,,,,,11,,,,,,,,
GER-Bundesliga,2526,RB Leipzig,Xavi Simons,NED,MF,22.0,2003.0,1.0,,,,,,,2,,,,,,,,
GER-Bundesliga,2526,RB Leipzig,Yan Diomandé,CIV,"FW,MF",18.0,2006.0,27.5,,,,,,,45,,,,,,,,
GER-Bundesliga,2526,St Pauli,Abdoulie Ceesay,GAM,FW,21.0,2004.0,3.7,,,,,,,2,,,,,,,,
GER-Bundesliga,2526,St Pauli,Adam Dźwigała,POL,DF,29.0,1995.0,14.3,,,,,,,2,,,,,,,,
GER-Bundesliga,2526,St Pauli,Andreas Hountondji,BEN,FW,23.0,2002.0,11.9,,,,,,,20,,,,,,,,
GER-Bundesliga,2526,St Pauli,Arkadiusz Pyrka,POL,MF,22.0,2002.0,28.6,,,,,,,47,,,,,,,,
GER-Bundesliga,2526,St Pauli,Connor Metcalfe,AUS,"MF,FW",25.0,1999.0,6.6,,,,,,,24,,,,,,,,
GER-Bundesliga,2526,St Pauli,Danel Sinani,LUX,"MF,FW",28.0,1997.0,23.0,,,,,,,135,,,,,,,,
GER-Bundesliga,2526,St Pauli,Dapo Afolayan,ENG,MF,27.0,1997.0,1.7,,,,,,,10,,,,,,,,
GER-Bundesliga,2526,St Pauli,Eric Smith,SWE,"DF,MF",28.0,1997.0,25.7,,,,,,,64,,,,,,,,
GER-Bundesliga,2526,St Pauli,Finley Stevens,WAL,DF,22.0,2003.0,0.3,,,,,,,1,,,,,,,,
GER-Bundesliga,2526,St Pauli,Hauke Wahl,GER,DF,31.0,1994.0,28.8,,,,,,,12,,,,,,,,
GER-Bundesliga,2526,St Pauli,Jackson Irvine,AUS,MF,32.0,1993.0,18.0,,,,,,,13,,,,,,,,
GER-Bundesliga,2526,St Pauli,James Sands,USA,MF,25.0,2000.0,21.5,,,,,,,9,,,,,,,,
GER-Bundesliga,2526,St Pauli,Joel Fujita,JPN,MF,23.0,2002.0,29.6,,,,,,,28,,,,,,,,
GER-Bundesliga,2526,St Pauli,Karol Mets,EST,DF,32.0,1993.0,21.5,,,,,,,6,,,,,,,,
GER-Bundesliga,2526,St Pauli,Lars Ritzka,GER,"MF,DF",27.0,1998.0,10.7,,,,,,,18,,,,,,,,
GER-Bundesliga,2526,St Pauli,Louis Oppie,GER,MF,23.0,2002.0,18.0,,,,,,,58,,,,,,,,
GER-Bundesliga,2526,St Pauli,Manolis Saliakas,GRE,MF,28.0,1996.0,12.3,,,,,,,44,,,,,,,,
GER-Bundesliga,2526,St Pauli,Martijn Kaars,NED,FW,26.0,1999.0,15.0,,,,,,,15,,,,,,,,
GER-Bundesliga,2526,St Pauli,Mathias Pereira Lage,POR,"MF,FW",28.0,1996.0,22.4,,,,,,,58,,,,,,,,
GER-Bundesliga,2526,St Pauli,Mathias Rasmussen,NOR,MF,27.0,1997.0,7.7,,,,,,,6,,,,,,,,
GER-Bundesliga,2526,St Pauli,Nikola Vasilj,BIH,GK,29.0,1995.0,34.0,,,,,,,0,,,,,,,,
GER-Bundesliga,2526,St Pauli,Ricky-Jade Jones,ENG,FW,24.0,2001.0,3.9,,,,,,,8,,,,,,,,
GER-Bundesliga,2526,St Pauli,Taichi Hara,JPN,FW,26.0,1999.0,0.3,,,,,,,0,,,,,,,,
GER-Bundesliga,2526,St Pauli,Tomoya Ando,JPN,DF,26.0,1999.0,14.0,,,,,,,6,,,,,,,,
GER-Bundesliga,2526,Stuttgart,Alexander Nübel,GER,GK,28.0,1996.0,34.0,,,,,,,0,,,,,,,,
GER-Bundesliga,2526,Stuttgart,Ameen Al-Dakhil,BEL,DF,23.0,2002.0,4.2,,,,,,,0,,,,,,,,
GER-Bundesliga,2526,Stuttgart,Angelo Stiller,GER,MF,24.0,2001.0,30.5,,,,,,,105,,,,,,,,
GER-Bundesliga,2526,Stuttgart,Atakan Karazor,TUR,MF,28.0,1996.0,20.9,,,,,,,7,,,,,,,,
GER-Bundesliga,2526,Stuttgart,Badredine Bouanani,ALG,MF,20.0,2004.0,5.1,,,,,,,26,,,,,,,,
GER-Bundesliga,2526,Stuttgart,Bilal El Khannouss,MAR,"MF,FW",21.0,2004.0,18.1,,,,,,,65,,,,,,,,
GER-Bundesliga,2526,Stuttgart,Chema,ESP,MF,20.0,2005.0,14.6,,,,,,,0,,,,,,,,
GER-Bundesliga,2526,Stuttgart,Chris Führich,GER,MF,27.0,1998.0,18.9,,,,,,,86,,,,,,,,
GER-Bundesliga,2526,Stuttgart,Dan-Axel Zagadou,FRA,DF,26.0,1999.0,2.3,,,,,,,0,,,,,,,,
GER-Bundesliga,2526,Stuttgart,Deniz Undav,GER,"FW,MF",29.0,1996.0,24.9,,,,,,,16,,,,,,,,
GER-Bundesliga,2526,Stuttgart,Ermedin Demirović,BIH,FW,27.0,1998.0,16.6,,,,,,,1,,,,,,,,
GER-Bundesliga,2526,Stuttgart,Finn Jeltsch,GER,DF,19.0,2006.0,16.8,,,,,,,3,,,,,,,,
GER-Bundesliga,2526,Stuttgart,Jamie Leweling,GER,MF,24.0,2001.0,26.3,,,,,,,123,,,,,,,,
GER-Bundesliga,2526,Stuttgart,Jeremy Arévalo,ECU,FW,20.0,2005.0,0.4,,,,,,,0,,,,,,,,
GER-Bundesliga,2526,Stuttgart,Josha Vagnoman,GER,"DF,MF",24.0,2000.0,17.6,,,,,,,33,,,,,,,,
GER-Bundesliga,2526,Stuttgart,Julian Chabot,GER,DF,27.0,1998.0,25.5,,,,,,,1,,,,,,,,
GER-Bundesliga,2526,Stuttgart,Lazar Jovanović,SRB,FW,18.0,2006.0,0.4,,,,,,,0,,,,,,,,
GER-Bundesliga,2526,Stuttgart,Leonidas Stergiou,SUI,DF,23.0,2002.0,0.0,,,,,,,0,,,,,,,,
GER-Bundesliga,2526,Stuttgart,Lorenz Assignon,TOG,"DF,MF",25.0,2000.0,12.2,,,,,,,40,,,,,,,,
GER-Bundesliga,2526,Stuttgart,Luca Jaquez,SUI,DF,22.0,2003.0,10.0,,,,,,,1,,,,,,,,
GER-Bundesliga,2526,Stuttgart,Maximilian Mittelstädt,GER,"DF,MF",28.0,1997.0,24.3,,,,,,,122,,,,,,,,
GER-Bundesliga,2526,Stuttgart,Nick Woltemade,GER,MF,23.0,2002.0,1.0,,,,,,,0,,,,,,,,
GER-Bundesliga,2526,Stuttgart,Nikolas Nartey,DEN,MF,25.0,2000.0,14.0,,,,,,,14,,,,,,,,
GER-Bundesliga,2526,Stuttgart,Pascal Stenzel,GER,MF,29.0,1996.0,1.2,,,,,,,5,,,,,,,,
GER-Bundesliga,2526,Stuttgart,Ramon Hendriks,NED,DF,24.0,2001.0,22.5,,,,,,,20,,,,,,,,
GER-Bundesliga,2526,Stuttgart,Tiago Tomás,POR,"MF,FW",23.0,2002.0,11.3,,,,,,,12,,,,,,,,
GER-Bundesliga,2526,Union Berlin,Alex Král,CZE,MF,27.0,1998.0,5.1,,,,,,,13,,,,,,,,
GER-Bundesliga,2526,Union Berlin,Aljoscha Kemlein,GER,MF,20.0,2004.0,21.8,,,,,,,9,,,,,,,,
GER-Bundesliga,2526,Union Berlin,Andrej Ilic,SRB,FW,25.0,2000.0,25.1,,,,,,,18,,,,,,,,
GER-Bundesliga,2526,Union Berlin,András Schäfer,HUN,MF,26.0,1999.0,15.8,,,,,,,18,,,,,,,,
GER-Bundesliga,2526,Union Berlin,Carl Klaus,GER,GK,31.0,1994.0,3.7,,,,,,,0,,,,,,,,
GER-Bundesliga,2526,Union Berlin,Christopher Trimmel,AUT,"MF,DF",38.0,1987.0,20.7,,,,,,,177,,,,,,,,
GER-Bundesliga,2526,Union Berlin,Danilho Doekhi,NED,DF,27.0,1998.0,34.0,,,,,,,6,,,,,,,,
GER-Bundesliga,2526,Union Berlin,Derrick Köhn,GHA,"MF,DF",26.0,1999.0,21.1,,,,,,,114,,,,,,,,
GER-Bundesliga,2526,Union Berlin,Diogo Leite,POR,DF,26.0,1999.0,21.8,,,,,,,7,,,,,,,,
GER-Bundesliga,2526,Union Berlin,Dmytro Bohdanov,UKR,MF,18.0,2007.0,0.1,,,,,,,0,,,,,,,,
GER-Bundesliga,2526,Union Berlin,Frederik Rønnow,DEN,GK,32.0,1992.0,29.3,,,,,,,0,,,,,,,,
GER-Bundesliga,2526,Union Berlin,Ilyas Ansah,GER,"MF,FW",20.0,2004.0,21.0,,,,,,,19,,,,,,,,
GER-Bundesliga,2526,Union Berlin,Janik Haberer,GER,MF,31.0,1994.0,18.3,,,,,,,67,,,,,,,,
GER-Bundesliga,2526,Union Berlin,Jeong Woo-yeong,KOR,"MF,FW",25.0,1999.0,13.3,,,,,,,31,,,,,,,,
GER-Bundesliga,2526,Union Berlin,Josip Juranović,CRO,MF,29.0,1995.0,3.7,,,,,,,40,,,,,,,,
GER-Bundesliga,2526,Union Berlin,Leopold Querfeld,AUT,DF,21.0,2003.0,30.1,,,,,,,3,,,,,,,,
GER-Bundesliga,2526,Union Berlin,Linus Güther,GER,MF,15.0,2010.0,0.1,,,,,,,0,,,,,,,,
GER-Bundesliga,2526,Union Berlin,Livan Burcu,TUR,"MF,FW",20.0,2004.0,7.2,,,,,,,15,,,,,,,,
GER-Bundesliga,2526,Union Berlin,Marin Ljubicic,CRO,FW,23.0,2002.0,0.2,,,,,,,0,,,,,,,,
GER-Bundesliga,2526,Union Berlin,Matheo Raab,GER,GK,26.0,1998.0,1.0,,,,,,,0,,,,,,,,
GER-Bundesliga,2526,Union Berlin,Oliver Burke,SCO,"FW,MF",28.0,1997.0,18.5,,,,,,,39,,,,,,,,
GER-Bundesliga,2526,Union Berlin,Rani Khedira,TUN,MF,31.0,1994.0,31.4,,,,,,,26,,,,,,,,
GER-Bundesliga,2526,Union Berlin,Robert Skov,DEN,"DF,MF",29.0,1996.0,2.4,,,,,,,12,,,,,,,,
GER-Bundesliga,2526,Union Berlin,Stanley N'Soki,FRA,"DF,MF",26.0,1999.0,9.1,,,,,,,12,,,,,,,,
GER-Bundesliga,2526,Union Berlin,Tim Skarke,GER,"MF,FW",28.0,1996.0,6.9,,,,,,,13,,,,,,,,
GER-Bundesliga,2526,Union Berlin,Tom Rothe,GER,"MF,DF",20.0,2004.0,11.4,,,,,,,35,,,,,,,,
GER-Bundesliga,2526,Werder Bremen,Abdoul Coulibaly,GER,DF,18.0,2007.0,23.6,,,,,,,13,,,,,,,,
GER-Bundesliga,2526,Werder Bremen,Amos Pieper,GER,DF,27.0,1998.0,16.7,,,,,,,8,,,,,,,,
GER-Bundesliga,2526,Werder Bremen,Cameron Puertas,SUI,MF,26.0,1998.0,20.5,,,,,,,77,,,,,,,,
GER-Bundesliga,2526,Werder Bremen,Felix Agu,NGA,"DF,MF",25.0,1999.0,8.3,,,,,,,14,,,,,,,,
GER-Bundesliga,2526,Werder Bremen,Isaac Schmidt,SUI,"MF,DF",25.0,1999.0,7.6,,,,,,,8,,,,,,,,
GER-Bundesliga,2526,Werder Bremen,Isak Hansen-Aarøen,NOR,MF,20.0,2004.0,0.0,,,,,,,0,,,,,,,,
GER-Bundesliga,2526,Werder Bremen,Jens Stage,DEN,MF,28.0,1996.0,27.3,,,,,,,14,,,,,,,,
GER-Bundesliga,2526,Werder Bremen,Jovan Milošević,SRB,FW,20.0,2005.0,5.4,,,,,,,3,,,,,,,,
GER-Bundesliga,2526,Werder Bremen,Julián Malatini,ARG,DF,24.0,2001.0,5.7,,,,,,,5,,,,,,,,
GER-Bundesliga,2526,Werder Bremen,Justin Njinmah,GER,"FW,MF",24.0,2000.0,21.6,,,,,,,34,,,,,,,,
GER-Bundesliga,2526,Werder Bremen,Karl Jakob Hein,EST,GK,23.0,2002.0,2.0,,,,,,,0,,,,,,,,
GER-Bundesliga,2526,Werder Bremen,Keke Topp,GER,FW,21.0,2004.0,7.1,,,,,,,5,,,,,,,,
GER-Bundesliga,2526,Werder Bremen,Leonardo Bittencourt,GER,MF,31.0,1993.0,6.8,,,,,,,4,,,,,,,,
GER-Bundesliga,2526,Werder Bremen,Marco Friedl,AUT,DF,27.0,1998.0,28.3,,,,,,,15,,,,,,,,
GER-Bundesliga,2526,Werder Bremen,Marco Grüll,AUT,"MF,FW",27.0,1998.0,22.3,,,,,,,69,,,,,,,,
GER-Bundesliga,2526,Werder Bremen,Maximilian Wöber,AUT,DF,27.0,1998.0,0.4,,,,,,,1,,,,,,,,
GER-Bundesliga,2526,Werder Bremen,Mick Schmetgens,GER,MF,17.0,2007.0,0.4,,,,,,,2,,,,,,,,
GER-Bundesliga,2526,Werder Bremen,Mio Backhaus,GER,GK,21.0,2004.0,32.0,,,,,,,0,,,,,,,,
GER-Bundesliga,2526,Werder Bremen,Niklas Stark,GER,DF,30.0,1995.0,7.7,,,,,,,1,,,,,,,,
GER-Bundesliga,2526,Werder Bremen,Olivier Deman,BEL,"DF,MF",25.0,2000.0,13.9,,,,,,,63,,,,,,,,
GER-Bundesliga,2526,Werder Bremen,Patrice Čović,CRO,MF,18.0,2007.0,3.9,,,,,,,7,,,,,,,,
GER-Bundesliga,2526,Werder Bremen,Romano Schmid,AUT,"MF,FW",25.0,2000.0,33.1,,,,,,,154,,,,,,,,
GER-Bundesliga,2526,Werder Bremen,Salim Musah,GER,FW,19.0,2006.0,2.2,,,,,,,1,,,,,,,,
GER-Bundesliga,2526,Werder Bremen,Samuel Mbangula,BEL,"MF,FW",21.0,2004.0,13.0,,,,,,,23,,,,,,,,
GER-Bundesliga,2526,Werder Bremen,Senne Lynen,BEL,MF,26.0,1999.0,30.6,,,,,,,14,,,,,,,,
GER-Bundesliga,2526,Werder Bremen,Skelly Alvero,FRA,MF,23.0,2002.0,0.4,,,,,,,0,,,,,,,,
GER-Bundesliga,2526,Werder Bremen,Victor Boniface,NGA,FW,24.0,2000.0,3.7,,,,,,,2,,,,,,,,
GER-Bundesliga,2526,Werder Bremen,Yukinari Sugawara,JPN,"DF,MF",25.0,2000.0,27.0,,,,,,,74,,,,,,,,
GER-Bundesliga,2526,Wolfsburg,Aaron Zehnter,GER,"DF,MF",20.0,2004.0,16.2,,,,,,,36,,,,,,,,
GER-Bundesliga,2526,Wolfsburg,Adam Daghim,DEN,"MF,FW",19.0,2005.0,15.2,,,,,,,20,,,,,,,,
GER-Bundesliga,2526,Wolfsburg,Andreas Skov Olsen,DEN,MF,25.0,1999.0,4.0,,,,,,,6,,,,,,,,
GER-Bundesliga,2526,Wolfsburg,Bence Dárdai,HUN,MF,19.0,2006.0,0.4,,,,,,,0,,,,,,,,
GER-Bundesliga,2526,Wolfsburg,Christian Eriksen,DEN,MF,33.0,1992.0,26.8,,,,,,,131,,,,,,,,
GER-Bundesliga,2526,Wolfsburg,Denis Vavro,SVK,DF,29.0,1996.0,13.1,,,,,,,4,,,,,,,,
GER-Bundesliga,2526,Wolfsburg,Dženan Pejčinović,GER,FW,20.0,2005.0,16.2,,,,,,,5,,,,,,,,
GER-Bundesliga,2526,Wolfsburg,Jan Bürger,GER,"MF,DF",18.0,2007.0,2.7,,,,,,,6,,,,,,,,
GER-Bundesliga,2526,Wolfsburg,Jeanuël Belocian,FRA,DF,20.0,2005.0,13.9,,,,,,,4,,,,,,,,
GER-Bundesliga,2526,Wolfsburg,Jenson Seelt,NED,DF,22.0,2003.0,7.6,,,,,,,0,,,,,,,,
GER-Bundesliga,2526,Wolfsburg,Jesper Lindstrøm,DEN,MF,25.0,2000.0,4.2,,,,,,,7,,,,,,,,
GER-Bundesliga,2526,Wolfsburg,Joakim Mæhle,DEN,"MF,DF",28.0,1997.0,13.6,,,,,,,21,,,,,,,,
GER-Bundesliga,2526,Wolfsburg,Jonas Adjetey,GHA,DF,21.0,2003.0,1.5,,,,,,,4,,,,,,,,
GER-Bundesliga,2526,Wolfsburg,Jonas Wind,DEN,FW,26.0,1999.0,5.3,,,,,,,0,,,,,,,,
GER-Bundesliga,2526,Wolfsburg,Kamil Grabara,POL,GK,26.0,1999.0,34.0,,,,,,,0,,,,,,,,
GER-Bundesliga,2526,Wolfsburg,Kento Shiogai,JPN,MF,20.0,2005.0,3.5,,,,,,,1,,,,,,,,
GER-Bundesliga,2526,Wolfsburg,Kevin Paredes,USA,MF,22.0,2003.0,1.8,,,,,,,7,,,,,,,,
GER-Bundesliga,2526,Wolfsburg,Kilian Fischer,GER,DF,24.0,2000.0,8.9,,,,,,,16,,,,,,,,
GER-Bundesliga,2526,Wolfsburg,Konstantinos Koulierakis,GRE,DF,21.0,2003.0,27.6,,,,,,,20,,,,,,,,
GER-Bundesliga,2526,Wolfsburg,Lovro Majer,CRO,MF,27.0,1998.0,15.2,,,,,,,28,,,,,,,,
GER-Bundesliga,2526,Wolfsburg,Mattias Svanberg,SWE,MF,26.0,1999.0,9.6,,,,,,,8,,,,,,,,
GER-Bundesliga,2526,Wolfsburg,Maximilian Arnold,GER,MF,31.0,1994.0,20.7,,,,,,,81,,,,,,,,
GER-Bundesliga,2526,Wolfsburg,Mohamed Amoura,ALG,"FW,MF",25.0,2000.0,21.3,,,,,,,34,,,,,,,,
GER-Bundesliga,2526,Wolfsburg,Moritz Jenz,GER,DF,26.0,1999.0,19.9,,,,,,,1,,,,,,,,
GER-Bundesliga,2526,Wolfsburg,Patrick Wimmer,AUT,MF,24.0,2001.0,18.0,,,,,,,25,,,,,,,,
GER-Bundesliga,2526,Wolfsburg,Pharell Hensel,GER,MF,18.0,2007.0,0.8,,,,,,,0,,,,,,,,
GER-Bundesliga,2526,Wolfsburg,Sael Kumbedi,FRA,"DF,MF",20.0,2005.0,20.0,,,,,,,41,,,,,,,,
GER-Bundesliga,2526,Wolfsburg,Vinicius Souza,BRA,MF,26.0,1999.0,19.6,,,,,,,4,,,,,,,,
GER-Bundesliga,2526,Wolfsburg,Václav Černý,CZE,"FW,MF",27.0,1997.0,0.5,,,,,,,2,,,,,,,,
GER-Bundesliga,2526,Wolfsburg,Yannick Gerhardt,GER,MF,31.0,1994.0,11.9,,,,,,,8,,,,,,,,
NED-Eredivisie,2425,AZ Alkmaar,Alexandre Penetra,POR,DF,22.0,2001.0,28.8,,,,,,,5,,,,,,,,
NED-Eredivisie,2425,AZ Alkmaar,Bruno Martins Indi,NED,DF,32.0,1992.0,6.1,,,,,,,0,,,,,,,,
NED-Eredivisie,2425,AZ Alkmaar,Dave Kwakman,NED,MF,19.0,2004.0,1.7,,,,,,,0,,,,,,,,
NED-Eredivisie,2425,AZ Alkmaar,David Møller Wolfe,NOR,DF,22.0,2002.0,27.8,,,,,,,60,,,,,,,,
NED-Eredivisie,2425,AZ Alkmaar,Denso Kasius,NED,DF,21.0,2002.0,15.1,,,,,,,83,,,,,,,,
NED-Eredivisie,2425,AZ Alkmaar,Elijah Dijkstra,NED,DF,17.0,2006.0,1.0,,,,,,,1,,,,,,,,
NED-Eredivisie,2425,AZ Alkmaar,Ernest Poku,NED,"MF,FW",20.0,2004.0,17.1,,,,,,,14,,,,,,,,
NED-Eredivisie,2425,AZ Alkmaar,Ibrahim Sadiq,GHA,"MF,FW",24.0,2000.0,10.8,,,,,,,19,,,,,,,,
NED-Eredivisie,2425,AZ Alkmaar,Jayden Addai,NED,"MF,FW",18.0,2005.0,3.6,,,,,,,4,,,,,,,,
NED-Eredivisie,2425,AZ Alkmaar,Jeroen Zoet,NED,GK,33.0,1991.0,6.0,,,,,,,0,,,,,,,,
NED-Eredivisie,2425,AZ Alkmaar,Jordy Clasie,NED,MF,33.0,1991.0,20.2,,,,,,,5,,,,,,,,
NED-Eredivisie,2425,AZ Alkmaar,Kees Smit,NED,MF,18.0,2006.0,11.0,,,,,,,4,,,,,,,,
NED-Eredivisie,2425,AZ Alkmaar,Kristijan Belic,SRB,MF,23.0,2001.0,6.5,,,,,,,1,,,,,,,,
NED-Eredivisie,2425,AZ Alkmaar,Lequincio Zeefuik,NED,FW,19.0,2004.0,0.4,,,,,,,0,,,,,,,,
NED-Eredivisie,2425,AZ Alkmaar,Lewis Schouten,NED,"DF,MF",20.0,2004.0,0.0,,,,,,,0,,,,,,,,
NED-Eredivisie,2425,AZ Alkmaar,Maxim Dekker,NED,DF,20.0,2004.0,6.5,,,,,,,3,,,,,,,,
NED-Eredivisie,2425,AZ Alkmaar,Mayckel Lahdo,SWE,"MF,FW",21.0,2002.0,9.7,,,,,,,26,,,,,,,,
NED-Eredivisie,2425,AZ Alkmaar,Mees de Wit,NED,"DF,FW",26.0,1998.0,5.2,,,,,,,8,,,,,,,,
NED-Eredivisie,2425,AZ Alkmaar,Mexx Meerdink,NED,"FW,MF",21.0,2003.0,10.1,,,,,,,5,,,,,,,,
NED-Eredivisie,2425,AZ Alkmaar,Myron van Brederode,NED,MF,21.0,2003.0,1.9,,,,,,,0,,,,,,,,
NED-Eredivisie,2425,AZ Alkmaar,Peer Koopmeiners,NED,MF,24.0,2000.0,31.0,,,,,,,118,,,,,,,,
NED-Eredivisie,2425,AZ Alkmaar,Riechedly Bazoer,CUW,"DF,MF",27.0,1996.0,0.0,,,,,,,0,,,,,,,,
NED-Eredivisie,2425,AZ Alkmaar,Ro-Zangelo Daal,NED,MF,20.0,2004.0,0.8,,,,,,,2,,,,,,,,
NED-Eredivisie,2425,AZ Alkmaar,Rome-Jayden Owusu-Oduro,NED,GK,20.0,2004.0,28.0,,,,,,,0,,,,,,,,
NED-Eredivisie,2425,AZ Alkmaar,Ruben van Bommel,NED,"MF,FW",19.0,2004.0,16.6,,,,,,,24,,,,,,,,
NED-Eredivisie,2425,AZ Alkmaar,Seiya Maikuma,JPN,DF,26.0,1997.0,21.2,,,,,,,33,,,,,,,,
NED-Eredivisie,2425,AZ Alkmaar,Sven Mijnans,NED,MF,24.0,2000.0,24.7,,,,,,,90,,,,,,,,
NED-Eredivisie,2425,AZ Alkmaar,Troy Parrott,IRL,FW,22.0,2002.0,24.2,,,,,,,13,,,,,,,,
NED-Eredivisie,2425,AZ Alkmaar,Wouter Goes,NED,DF,20.0,2004.0,22.8,,,,,,,2,,,,,,,,
NED-Eredivisie,2425,AZ Alkmaar,Zico Buurmeester,NED,MF,22.0,2002.0,13.3,,,,,,,14,,,,,,,,
NED-Eredivisie,2425,Ajax,Ahmetcan Kaplan,TUR,DF,21.0,2003.0,6.2,,,,,,,1,,,,,,,,
NED-Eredivisie,2425,Ajax,Anton Gaaei,DEN,"DF,MF",21.0,2002.0,19.8,,,,,,,142,,,,,,,,
NED-Eredivisie,2425,Ajax,Benjamin Tahirovic,BIH,MF,21.0,2003.0,0.8,,,,,,,0,,,,,,,,
NED-Eredivisie,2425,Ajax,Bertrand Traoré,BFA,FW,28.0,1995.0,19.1,,,,,,,40,,,,,,,,
NED-Eredivisie,2425,Ajax,Branco van den Boomen,NED,MF,29.0,1995.0,7.0,,,,,,,35,,,,,,,,
NED-Eredivisie,2425,Ajax,Brian Brobbey,NED,FW,22.0,2002.0,17.3,,,,,,,1,,,,,,,,
NED-Eredivisie,2425,Ajax,Carlos Forbs,POR,"FW,MF",20.0,2004.0,0.4,,,,,,,3,,,,,,,,
NED-Eredivisie,2425,Ajax,Christian Rasmussen,DEN,FW,21.0,2003.0,2.4,,,,,,,12,,,,,,,,
NED-Eredivisie,2425,Ajax,Chuba Akpom,ENG,FW,28.0,1995.0,9.2,,,,,,,7,,,,,,,,
NED-Eredivisie,2425,Ajax,Daniele Rugani,ITA,DF,30.0,1994.0,7.9,,,,,,,1,,,,,,,,
NED-Eredivisie,2425,Ajax,Davy Klaassen,NED,MF,31.0,1993.0,24.2,,,,,,,7,,,,,,,,
NED-Eredivisie,2425,Ajax,Devyne Rensch,NED,DF,21.0,2003.0,12.4,,,,,,,15,,,,,,,,
NED-Eredivisie,2425,Ajax,Diant Ramaj,GER,GK,22.0,2001.0,1.0,,,,,,,0,,,,,,,,
NED-Eredivisie,2425,Ajax,Dies Janse,NED,DF,18.0,2006.0,3.7,,,,,,,1,,,,,,,,
NED-Eredivisie,2425,Ajax,Don-Angelo Konadu,NED,FW,18.0,2006.0,0.7,,,,,,,0,,,,,,,,
NED-Eredivisie,2425,Ajax,Jaydon Amauri Banel,NED,FW,19.0,2004.0,0.7,,,,,,,5,,,,,,,,
NED-Eredivisie,2425,Ajax,Jordan Henderson,ENG,MF,34.0,1990.0,20.8,,,,,,,55,,,,,,,,
NED-Eredivisie,2425,Ajax,Jorrel Hato,NED,DF,18.0,2006.0,28.8,,,,,,,15,,,,,,,,
NED-Eredivisie,2425,Ajax,Jorthy Mokio,BEL,"MF,DF",16.0,2008.0,5.7,,,,,,,5,,,,,,,,
NED-Eredivisie,2425,Ajax,Josip Šutalo,CRO,DF,24.0,2000.0,27.2,,,,,,,3,,,,,,,,
NED-Eredivisie,2425,Ajax,Kenneth Taylor,NED,"MF,FW",22.0,2002.0,27.2,,,,,,,49,,,,,,,,
NED-Eredivisie,2425,Ajax,Kian Fitz-Jim,NED,MF,21.0,2003.0,13.7,,,,,,,10,,,,,,,,
NED-Eredivisie,2425,Ajax,Kristian Nökkvi Hlynsson,ISL,"MF,FW",20.0,2004.0,2.1,,,,,,,2,,,,,,,,
NED-Eredivisie,2425,Ajax,Lucas Oliveira Rosa,BRA,DF,24.0,2000.0,2.7,,,,,,,3,,,,,,,,
NED-Eredivisie,2425,Ajax,Matheus,BRA,GK,32.0,1992.0,9.0,,,,,,,0,,,,,,,,
NED-Eredivisie,2425,Ajax,Mika Godts,BEL,FW,19.0,2005.0,18.3,,,,,,,24,,,,,,,,
NED-Eredivisie,2425,Ajax,Oliver Edvardsen,NOR,MF,25.0,1999.0,3.2,,,,,,,4,,,,,,,,
NED-Eredivisie,2425,Ajax,Owen Wijndal,NED,"DF,MF",24.0,1999.0,4.1,,,,,,,12,,,,,,,,
NED-Eredivisie,2425,Ajax,Rayane Bounida,BEL,MF,18.0,2006.0,0.2,,,,,,,0,,,,,,,,
NED-Eredivisie,2425,Ajax,Remko Pasveer,NED,GK,40.0,1983.0,24.0,,,,,,,0,,,,,,,,
NED-Eredivisie,2425,Ajax,Sean Steur,NED,MF,16.0,2008.0,0.1,,,,,,,0,,,,,,,,
NED-Eredivisie,2425,Ajax,Sivert Mannsverk,NOR,MF,22.0,2002.0,2.0,,,,,,,1,,,,,,,,
NED-Eredivisie,2425,Ajax,Steven Berghuis,NED,"FW,MF",32.0,1991.0,15.9,,,,,,,110,,,,,,,,
NED-Eredivisie,2425,Ajax,Steven Bergwijn,NED,"FW,MF",26.0,1997.0,0.2,,,,,,,1,,,,,,,,
NED-Eredivisie,2425,Ajax,Wout Weghorst,NED,FW,31.0,1992.0,12.1,,,,,,,5,,,,,,,,
NED-Eredivisie,2425,Ajax,Youri Baas,NED,DF,21.0,2003.0,22.7,,,,,,,3,,,,,,,,
NED-Eredivisie,2425,Ajax,Youri Regeer,NED,MF,20.0,2003.0,1.3,,,,,,,5,,,,,,,,
NED-Eredivisie,2425,Almere City,Adi Nalic,BIH,"MF,FW",26.0,1997.0,7.7,,,,,,,16,,,,,,,,
NED-Eredivisie,2425,Almere City,Alex Balboa,EQG,MF,23.0,2001.0,4.5,,,,,,,1,,,,,,,,
NED-Eredivisie,2425,Almere City,Ali Jasim,IRQ,MF,20.0,2004.0,4.9,,,,,,,8,,,,,,,,
NED-Eredivisie,2425,Almere City,Anas Tahiri,BEL,MF,29.0,1995.0,19.6,,,,,,,3,,,,,,,,
NED-Eredivisie,2425,Almere City,Baptiste Guillaume,BEL,FW,29.0,1995.0,4.9,,,,,,,0,,,,,,,,
NED-Eredivisie,2425,Almere City,Charles-Andréas Brym,CAN,FW,25.0,1998.0,14.3,,,,,,,9,,,,,,,,
NED-Eredivisie,2425,Almere City,Christopher Mamengi,NED,DF,23.0,2001.0,2.5,,,,,,,0,,,,,,,,
NED-Eredivisie,2425,Almere City,Damil Dankerlui,SUR,"DF,FW",27.0,1996.0,1.9,,,,,,,11,,,,,,,,
NED-Eredivisie,2425,Almere City,Emanuel Poku,NED,MF,19.0,2005.0,1.6,,,,,,,0,,,,,,,,
NED-Eredivisie,2425,Almere City,Faiz Mattoir,COM,MF,24.0,2000.0,3.1,,,,,,,8,,,,,,,,
NED-Eredivisie,2425,Almere City,Guus Beaumont,NED,MF,22.0,2002.0,0.1,,,,,,,0,,,,,,,,
NED-Eredivisie,2425,Almere City,Hamdi Akujobi,NED,DF,24.0,2000.0,26.0,,,,,,,45,,,,,,,,
NED-Eredivisie,2425,Almere City,James Lawrence,WAL,DF,31.0,1992.0,19.5,,,,,,,4,,,,,,,,
NED-Eredivisie,2425,Almere City,Jeffry Puriel,BOE,FW,21.0,2002.0,0.3,,,,,,,0,,,,,,,,
NED-Eredivisie,2425,Almere City,Jochem van de Kamp,NED,MF,20.0,2003.0,22.2,,,,,,,9,,,,,,,,
NED-Eredivisie,2425,Almere City,Joey Jacobs,NED,DF,24.0,2000.0,13.0,,,,,,,4,,,,,,,,
NED-Eredivisie,2425,Almere City,Jonas Wendlinger,AUT,GK,24.0,2000.0,0.1,,,,,,,0,,,,,,,,
NED-Eredivisie,2425,Almere City,Junior Kadile,FRA,"MF,FW",21.0,2002.0,24.5,,,,,,,57,,,,,,,,
NED-Eredivisie,2425,Almere City,Kornelius Hansen,NOR,"MF,FW",23.0,2001.0,21.0,,,,,,,44,,,,,,,,
NED-Eredivisie,2425,Almere City,Logan Delaurier-Chaubet,FRA,"MF,FW",22.0,2002.0,6.2,,,,,,,13,,,,,,,,
NED-Eredivisie,2425,Almere City,Marvin da Graça,LUX,DF,29.0,1995.0,8.8,,,,,,,12,,,,,,,,
NED-Eredivisie,2425,Almere City,Nordin Bakker,NED,GK,26.0,1997.0,33.9,,,,,,,0,,,,,,,,
NED-Eredivisie,2425,Almere City,Olivier de Nijs,NED,MF,19.0,2004.0,0.3,,,,,,,0,,,,,,,,
NED-Eredivisie,2425,Almere City,Ricardo Visus,ESP,DF,23.0,2001.0,21.8,,,,,,,9,,,,,,,,
NED-Eredivisie,2425,Almere City,Ruben Providence,HAI,MF,23.0,2001.0,5.8,,,,,,,15,,,,,,,,
NED-Eredivisie,2425,Almere City,Sherel Floranus,CUW,DF,25.0,1998.0,2.0,,,,,,,3,,,,,,,,
NED-Eredivisie,2425,Almere City,Stije Resink,NED,MF,21.0,2003.0,2.6,,,,,,,2,,,,,,,,
NED-Eredivisie,2425,Almere City,Thom Haye,IDN,MF,29.0,1995.0,22.7,,,,,,,157,,,,,,,,
NED-Eredivisie,2425,Almere City,Thomas Robinet,FRA,"MF,FW",27.0,1996.0,30.0,,,,,,,21,,,,,,,,
NED-Eredivisie,2425,Almere City,Théo Barbet,FRA,DF,23.0,2001.0,9.6,,,,,,,1,,,,,,,,
NED-Eredivisie,2425,Almere City,Tim Receveur,NED,MF,33.0,1991.0,1.5,,,,,,,0,,,,,,,,
NED-Eredivisie,2425,Almere City,Vasilios Zagaritis,GRE,DF,23.0,2001.0,32.9,,,,,,,174,,,,,,,,
NED-Eredivisie,2425,Almere City,Àlex Carbonell,ESP,MF,26.0,1997.0,2.6,,,,,,,7,,,,,,,,
NED-Eredivisie,2425,Feyenoord,Anis Hadj Moussa,ALG,"MF,FW",22.0,2002.0,21.9,,,,,,,115,,,,,,,,
NED-Eredivisie,2425,Feyenoord,Antoni Milambo,NED,MF,19.0,2005.0,22.0,,,,,,,4,,,,,,,,
NED-Eredivisie,2425,Feyenoord,Ayase Ueda,JPN,FW,25.0,1998.0,13.4,,,,,,,3,,,,,,,,
NED-Eredivisie,2425,Feyenoord,Aymen Sliti,NED,FW,18.0,2006.0,1.0,,,,,,,2,,,,,,,,
NED-Eredivisie,2425,Feyenoord,Bart Nieuwkoop,NED,"DF,MF",28.0,1996.0,5.2,,,,,,,8,,,,,,,,
NED-Eredivisie,2425,Feyenoord,Calvin Stengs,NED,"MF,FW",25.0,1998.0,7.0,,,,,,,27,,,,,,,,
NED-Eredivisie,2425,Feyenoord,Chris Nadje,FRA,MF,22.0,2001.0,2.2,,,,,,,2,,,,,,,,
NED-Eredivisie,2425,Feyenoord,Djomar Giersthove,NED,DF,19.0,2005.0,0.1,,,,,,,0,,,,,,,,
NED-Eredivisie,2425,Feyenoord,Dávid Hancko,SVK,DF,26.0,1997.0,32.0,,,,,,,20,,,,,,,,
NED-Eredivisie,2425,Feyenoord,Facundo González,URU,DF,21.0,2003.0,0.9,,,,,,,0,,,,,,,,
NED-Eredivisie,2425,Feyenoord,Gernot Trauner,AUT,DF,32.0,1992.0,15.4,,,,,,,0,,,,,,,,
NED-Eredivisie,2425,Feyenoord,Gijs Smal,NED,"DF,MF",26.0,1997.0,15.0,,,,,,,50,,,,,,,,
NED-Eredivisie,2425,Feyenoord,Givairo Read,NED,DF,18.0,2006.0,22.0,,,,,,,44,,,,,,,,
NED-Eredivisie,2425,Feyenoord,Gjivai Zechiël,NED,MF,20.0,2004.0,2.9,,,,,,,1,,,,,,,,
NED-Eredivisie,2425,Feyenoord,Hugo Bueno,ESP,DF,21.0,2002.0,13.3,,,,,,,50,,,,,,,,
NED-Eredivisie,2425,Feyenoord,Hwang In-beom,KOR,MF,27.0,1996.0,18.0,,,,,,,47,,,,,,,,
NED-Eredivisie,2425,Feyenoord,Ibrahim Osman,GHA,"MF,FW",19.0,2004.0,8.8,,,,,,,21,,,,,,,,
NED-Eredivisie,2425,Feyenoord,Igor Paixão,BRA,"MF,FW",24.0,2000.0,31.9,,,,,,,159,,,,,,,,
NED-Eredivisie,2425,Feyenoord,Jakub Moder,POL,MF,25.0,1999.0,13.3,,,,,,,9,,,,,,,,
NED-Eredivisie,2425,Feyenoord,Jan Plug,NED,DF,19.0,2005.0,0.0,,,,,,,0,,,,,,,,
NED-Eredivisie,2425,Feyenoord,Jeyland Mitchell,CRC,DF,19.0,2004.0,0.2,,,,,,,0,,,,,,,,
NED-Eredivisie,2425,Feyenoord,Jordan Lotomba,SUI,DF,25.0,1998.0,5.4,,,,,,,5,,,,,,,,
NED-Eredivisie,2425,Feyenoord,Julián Carranza,ARG,FW,24.0,2000.0,9.1,,,,,,,1,,,,,,,,
NED-Eredivisie,2425,Feyenoord,Justin Bijlow,NED,GK,26.0,1998.0,4.0,,,,,,,0,,,,,,,,
NED-Eredivisie,2425,Feyenoord,Luka Ivanušec,CRO,"MF,FW",25.0,1998.0,5.4,,,,,,,12,,,,,,,,
NED-Eredivisie,2425,Feyenoord,Lutsharel Geertruida,NED,DF,24.0,2000.0,3.0,,,,,,,0,,,,,,,,
NED-Eredivisie,2425,Feyenoord,Marcos López,PER,MF,24.0,1999.0,1.0,,,,,,,5,,,,,,,,
NED-Eredivisie,2425,Feyenoord,Marcus Pedersen,NOR,"DF,MF",24.0,2000.0,0.1,,,,,,,0,,,,,,,,
NED-Eredivisie,2425,Feyenoord,Neraysho Kasanwirjo,NED,DF,22.0,2002.0,1.3,,,,,,,1,,,,,,,,
NED-Eredivisie,2425,Feyenoord,Oussama Targhalline,MAR,MF,22.0,2002.0,3.1,,,,,,,3,,,,,,,,
NED-Eredivisie,2425,Feyenoord,Plamen Andreev,BUL,GK,19.0,2004.0,1.0,,,,,,,0,,,,,,,,
NED-Eredivisie,2425,Feyenoord,Quilindschy Hartman,NED,DF,22.0,2001.0,7.2,,,,,,,15,,,,,,,,
NED-Eredivisie,2425,Feyenoord,Quinten Timber,NED,MF,23.0,2001.0,15.5,,,,,,,5,,,,,,,,
NED-Eredivisie,2425,Feyenoord,Ramiz Zerrouki,ALG,MF,26.0,1998.0,12.1,,,,,,,21,,,,,,,,
NED-Eredivisie,2425,Feyenoord,Santiago Giménez,MEX,FW,23.0,2001.0,8.5,,,,,,,2,,,,,,,,
NED-Eredivisie,2425,Feyenoord,Shiloh 't Zand,NED,MF,21.0,2003.0,0.5,,,,,,,2,,,,,,,,
NED-Eredivisie,2425,Feyenoord,Stephano Carrillo,MEX,FW,18.0,2006.0,0.6,,,,,,,0,,,,,,,,
NED-Eredivisie,2425,Feyenoord,Thomas Beelen,NED,DF,23.0,2001.0,18.9,,,,,,,3,,,,,,,,
NED-Eredivisie,2425,Feyenoord,Timon Wellenreuther,GER,GK,28.0,1995.0,29.0,,,,,,,0,,,,,,,,
NED-Eredivisie,2425,Feyenoord,Zepiqueno Redmond,NED,FW,18.0,2006.0,1.8,,,,,,,0,,,,,,,,
NED-Eredivisie,2425,Fortuna Sittard,Abdurrahman Burak Sayın,,MF,,,0.0,,,,,,,0,,,,,,,,
NED-Eredivisie,2425,Fortuna Sittard,Alen Halilović,CRO,"MF,FW",28.0,1996.0,19.7,,,,,,,75,,,,,,,,
NED-Eredivisie,2425,Fortuna Sittard,Alessio da Cruz,CPV,"FW,MF",27.0,1997.0,13.2,,,,,,,7,,,,,,,,
NED-Eredivisie,2425,Fortuna Sittard,Ante Erceg,CRO,FW,34.0,1989.0,3.2,,,,,,,2,,,,,,,,
NED-Eredivisie,2425,Fortuna Sittard,Bojan Radulovic,SRB,FW,24.0,1999.0,6.0,,,,,,,1,,,,,,,,
NED-Eredivisie,2425,Fortuna Sittard,Daley Sinkgraven,NED,MF,29.0,1995.0,0.9,,,,,,,4,,,,,,,,
NED-Eredivisie,2425,Fortuna Sittard,Dario Grujcic,AUT,DF,25.0,1999.0,3.1,,,,,,,3,,,,,,,,
NED-Eredivisie,2425,Fortuna Sittard,Edouard Michut,FRA,MF,21.0,2003.0,11.4,,,,,,,14,,,,,,,,
NED-Eredivisie,2425,Fortuna Sittard,Ezequiel Bullaude,ARG,"MF,FW",23.0,2000.0,22.9,,,,,,,7,,,,,,,,
NED-Eredivisie,2425,Fortuna Sittard,Hasip Korkmazyürek,GER,MF,21.0,2003.0,0.1,,,,,,,0,,,,,,,,
NED-Eredivisie,2425,Fortuna Sittard,Ivo Pinto,POR,"DF,MF",34.0,1990.0,27.9,,,,,,,94,,,,,,,,
NED-Eredivisie,2425,Fortuna Sittard,Jasper Dahlhaus,NED,"DF,MF",22.0,2001.0,19.6,,,,,,,89,,,,,,,,
NED-Eredivisie,2425,Fortuna Sittard,Josip Mitrović,CRO,"MF,DF",24.0,2000.0,10.3,,,,,,,30,,,,,,,,
NED-Eredivisie,2425,Fortuna Sittard,Kaj Sierhuis,NED,"FW,MF",26.0,1998.0,5.9,,,,,,,3,,,,,,,,
NED-Eredivisie,2425,Fortuna Sittard,Kristoffer Peterson,SWE,"MF,FW",29.0,1994.0,20.2,,,,,,,105,,,,,,,,
NED-Eredivisie,2425,Fortuna Sittard,Loreintz Rosier,FRA,"MF,DF",25.0,1998.0,23.9,,,,,,,8,,,,,,,,
NED-Eredivisie,2425,Fortuna Sittard,Luka Tunjić,CRO,MF,18.0,2005.0,5.3,,,,,,,29,,,,,,,,
NED-Eredivisie,2425,Fortuna Sittard,Luuk Koopmans,NED,GK,30.0,1993.0,6.0,,,,,,,0,,,,,,,,
NED-Eredivisie,2425,Fortuna Sittard,Makan Aiko,FRA,"FW,MF",23.0,2001.0,13.1,,,,,,,14,,,,,,,,
NED-Eredivisie,2425,Fortuna Sittard,Mattijs Branderhorst,NED,GK,30.0,1993.0,28.0,,,,,,,0,,,,,,,,
NED-Eredivisie,2425,Fortuna Sittard,Milan Robberechts,BEL,MF,20.0,2004.0,0.1,,,,,,,0,,,,,,,,
NED-Eredivisie,2425,Fortuna Sittard,Mitchell Dijks,NED,DF,31.0,1993.0,18.8,,,,,,,38,,,,,,,,
NED-Eredivisie,2425,Fortuna Sittard,Owen Johnson,NED,FW,18.0,2005.0,0.1,,,,,,,1,,,,,,,,
NED-Eredivisie,2425,Fortuna Sittard,Rodrigo Guth,BRA,DF,23.0,2000.0,30.5,,,,,,,5,,,,,,,,
NED-Eredivisie,2425,Fortuna Sittard,Ryan Fosso,SUI,MF,22.0,2002.0,28.3,,,,,,,11,,,,,,,,
NED-Eredivisie,2425,Fortuna Sittard,Samuel Bastien,COD,MF,27.0,1996.0,14.4,,,,,,,28,,,,,,,,
NED-Eredivisie,2425,Fortuna Sittard,Shawn Adewoye,BEL,DF,24.0,2000.0,19.4,,,,,,,2,,,,,,,,
NED-Eredivisie,2425,Fortuna Sittard,Syb Van Ottele,NED,"DF,MF",22.0,2002.0,20.8,,,,,,,30,,,,,,,,
NED-Eredivisie,2425,Fortuna Sittard,Tristan Schenkhuizen,NED,MF,20.0,2004.0,0.1,,,,,,,0,,,,,,,,
NED-Eredivisie,2425,Fortuna Sittard,Úmaro Embaló,POR,MF,23.0,2001.0,0.1,,,,,,,2,,,,,,,,
NED-Eredivisie,2425,Go Ahead Eagles,Aske Adelgaard,DEN,DF,20.0,2003.0,13.6,,,,,,,58,,,,,,,,
NED-Eredivisie,2425,Go Ahead Eagles,Bobby Adekanye,NED,"MF,FW",25.0,1999.0,8.6,,,,,,,33,,,,,,,,
NED-Eredivisie,2425,Go Ahead Eagles,Calvin Twigt,NED,MF,21.0,2003.0,5.0,,,,,,,2,,,,,,,,
NED-Eredivisie,2425,Go Ahead Eagles,Dean James,IDN,DF,24.0,2000.0,18.9,,,,,,,125,,,,,,,,
NED-Eredivisie,2425,Go Ahead Eagles,Enric Llansana,NED,MF,23.0,2001.0,30.2,,,,,,,16,,,,,,,,
NED-Eredivisie,2425,Go Ahead Eagles,Evert Linthorst,NED,MF,24.0,2000.0,27.9,,,,,,,18,,,,,,,,
NED-Eredivisie,2425,Go Ahead Eagles,Finn Stokkers,NED,FW,28.0,1996.0,4.9,,,,,,,2,,,,,,,,
NED-Eredivisie,2425,Go Ahead Eagles,Gerrit Nauber,GER,DF,32.0,1992.0,29.7,,,,,,,0,,,,,,,,
NED-Eredivisie,2425,Go Ahead Eagles,Jakob Breum,DEN,MF,20.0,2003.0,22.9,,,,,,,88,,,,,,,,
NED-Eredivisie,2425,Go Ahead Eagles,Jamal Amofa,NED,DF,25.0,1998.0,1.8,,,,,,,0,,,,,,,,
NED-Eredivisie,2425,Go Ahead Eagles,Jari De Busser,BEL,GK,24.0,1999.0,16.0,,,,,,,0,,,,,,,,
NED-Eredivisie,2425,Go Ahead Eagles,Joris Kramer,NED,DF,27.0,1996.0,33.8,,,,,,,7,,,,,,,,
NED-Eredivisie,2425,Go Ahead Eagles,Julius Dirksen,NED,DF,21.0,2003.0,0.8,,,,,,,0,,,,,,,,
NED-Eredivisie,2425,Go Ahead Eagles,Luca Everink,NED,DF,23.0,2001.0,1.2,,,,,,,0,,,,,,,,
NED-Eredivisie,2425,Go Ahead Eagles,Luca Plogmann,GER,GK,24.0,2000.0,18.0,,,,,,,0,,,,,,,,
NED-Eredivisie,2425,Go Ahead Eagles,Mathis Suray,BEL,MF,23.0,2001.0,16.2,,,,,,,35,,,,,,,,
NED-Eredivisie,2425,Go Ahead Eagles,Mats Deijl,NED,DF,27.0,1997.0,34.0,,,,,,,54,,,,,,,,
NED-Eredivisie,2425,Go Ahead Eagles,Milan Smit,NED,FW,21.0,2003.0,9.3,,,,,,,6,,,,,,,,
NED-Eredivisie,2425,Go Ahead Eagles,Ofosu Boakye,,FW,,,0.0,,,,,,,0,,,,,,,,
NED-Eredivisie,2425,Go Ahead Eagles,Oliver Antman,FIN,MF,22.0,2001.0,26.8,,,,,,,57,,,,,,,,
NED-Eredivisie,2425,Go Ahead Eagles,Oliver Edvardsen,NOR,MF,25.0,1999.0,9.9,,,,,,,9,,,,,,,,
NED-Eredivisie,2425,Go Ahead Eagles,Oscar Pettersson,SWE,MF,24.0,2000.0,2.1,,,,,,,8,,,,,,,,
NED-Eredivisie,2425,Go Ahead Eagles,Oskar Siira Sivertsen,NOR,MF,20.0,2004.0,1.6,,,,,,,6,,,,,,,,
NED-Eredivisie,2425,Go Ahead Eagles,Pim Saathof,NED,DF,20.0,2003.0,0.9,,,,,,,0,,,,,,,,
NED-Eredivisie,2425,Go Ahead Eagles,Robbin Weijenberg,NED,"MF,DF",19.0,2004.0,3.4,,,,,,,0,,,,,,,,
NED-Eredivisie,2425,Go Ahead Eagles,Søren Tengstedt,DEN,MF,24.0,2000.0,4.7,,,,,,,4,,,,,,,,
NED-Eredivisie,2425,Go Ahead Eagles,Thibo Baeten,BEL,"FW,MF",22.0,2002.0,0.1,,,,,,,0,,,,,,,,
NED-Eredivisie,2425,Go Ahead Eagles,Victor Edvardsen,SWE,"FW,MF",28.0,1996.0,30.4,,,,,,,39,,,,,,,,
NED-Eredivisie,2425,Groningen,Alex Mortensen,SWE,MF,22.0,2002.0,0.1,,,,,,,0,,,,,,,,
NED-Eredivisie,2425,Groningen,Brynjólfur Willumsson,ISL,FW,23.0,2000.0,10.7,,,,,,,3,,,,,,,,
NED-Eredivisie,2425,Groningen,Dave Kwakman,NED,MF,19.0,2004.0,11.4,,,,,,,10,,,,,,,,
NED-Eredivisie,2425,Groningen,David van der Werff,NED,MF,19.0,2004.0,0.2,,,,,,,2,,,,,,,,
NED-Eredivisie,2425,Groningen,Etienne Vaessen,SUR,GK,29.0,1995.0,32.0,,,,,,,0,,,,,,,,
NED-Eredivisie,2425,Groningen,Finn Stam,NED,DF,21.0,2003.0,9.2,,,,,,,12,,,,,,,,
NED-Eredivisie,2425,Groningen,Fofin Turay,NED,FW,20.0,2004.0,0.0,,,,,,,0,,,,,,,,
NED-Eredivisie,2425,Groningen,Hidde Jurjus,NED,GK,30.0,1994.0,2.0,,,,,,,0,,,,,,,,
NED-Eredivisie,2425,Groningen,Hjalmar Ekdal,SWE,DF,25.0,1998.0,13.8,,,,,,,0,,,,,,,,
NED-Eredivisie,2425,Groningen,Joey Pelupessy,IDN,MF,31.0,1993.0,3.3,,,,,,,0,,,,,,,,
NED-Eredivisie,2425,Groningen,Johan Hove,NOR,MF,23.0,2000.0,19.4,,,,,,,27,,,,,,,,
NED-Eredivisie,2425,Groningen,Jorg Schreuders,NED,MF,19.0,2004.0,21.6,,,,,,,19,,,,,,,,
NED-Eredivisie,2425,Groningen,Laros Duarte,CPV,MF,27.0,1997.0,0.2,,,,,,,3,,,,,,,,
NED-Eredivisie,2425,Groningen,Leandro Bacuna,CUW,"DF,MF",32.0,1991.0,25.9,,,,,,,86,,,,,,,,
NED-Eredivisie,2425,Groningen,Luciano Valente,NED,MF,20.0,2003.0,28.7,,,,,,,45,,,,,,,,
NED-Eredivisie,2425,Groningen,Marco Rente,GER,DF,27.0,1997.0,28.8,,,,,,,37,,,,,,,,
NED-Eredivisie,2425,Groningen,Marvin Peersman,BEL,DF,33.0,1991.0,20.1,,,,,,,25,,,,,,,,
NED-Eredivisie,2425,Groningen,Mats Seuntjens,NED,MF,32.0,1992.0,7.4,,,,,,,53,,,,,,,,
NED-Eredivisie,2425,Groningen,Maxim Mariani,NED,DF,19.0,2004.0,0.2,,,,,,,0,,,,,,,,
NED-Eredivisie,2425,Groningen,Noam Emeran,FRA,MF,21.0,2002.0,1.0,,,,,,,6,,,,,,,,
NED-Eredivisie,2425,Groningen,Romano Postema,NED,"FW,MF",22.0,2002.0,13.4,,,,,,,7,,,,,,,,
NED-Eredivisie,2425,Groningen,Rui Mendes,GER,"MF,FW",24.0,1999.0,5.7,,,,,,,2,,,,,,,,
NED-Eredivisie,2425,Groningen,Stije Resink,NED,MF,21.0,2003.0,23.6,,,,,,,18,,,,,,,,
NED-Eredivisie,2425,Groningen,Sven Bouland,NED,DF,,,0.5,,,,,,,0,,,,,,,,
NED-Eredivisie,2425,Groningen,Thijmen Blokzijl,NED,DF,19.0,2005.0,24.7,,,,,,,1,,,,,,,,
NED-Eredivisie,2425,Groningen,Thijs Oosting,NED,"FW,MF",24.0,2000.0,8.7,,,,,,,21,,,,,,,,
NED-Eredivisie,2425,Groningen,Thom van Bergen,NED,FW,20.0,2004.0,27.4,,,,,,,8,,,,,,,,
NED-Eredivisie,2425,Groningen,Tika de Jonge,NED,MF,21.0,2003.0,14.1,,,,,,,29,,,,,,,,
NED-Eredivisie,2425,Groningen,Wouter Prins,NED,DF,20.0,2004.0,18.5,,,,,,,47,,,,,,,,
NED-Eredivisie,2425,Heerenveen,Alireza Jahanbakhsh,IRN,"MF,FW",30.0,1993.0,16.1,,,,,,,55,,,,,,,,
NED-Eredivisie,2425,Heerenveen,Amara Conde,GER,MF,27.0,1997.0,8.2,,,,,,,1,,,,,,,,
NED-Eredivisie,2425,Heerenveen,Andries Noppert,NED,GK,30.0,1994.0,15.2,,,,,,,0,,,,,,,,
NED-Eredivisie,2425,Heerenveen,Ché Nunnely,NED,MF,25.0,1999.0,2.9,,,,,,,12,,,,,,,,
NED-Eredivisie,2425,Heerenveen,Daniel Karlsbakk,NOR,FW,21.0,2003.0,3.0,,,,,,,0,,,,,,,,
NED-Eredivisie,2425,Heerenveen,Danilo Al Saed,IRQ,MF,25.0,1999.0,2.2,,,,,,,1,,,,,,,,
NED-Eredivisie,2425,Heerenveen,Denzel Hall,NED,DF,23.0,2001.0,6.3,,,,,,,6,,,,,,,,
NED-Eredivisie,2425,Heerenveen,Dimitris Rallis,GRE,"FW,MF",19.0,2005.0,9.7,,,,,,,4,,,,,,,,
NED-Eredivisie,2425,Heerenveen,Eser Gürbüz,NED,"FW,MF",17.0,2007.0,3.4,,,,,,,20,,,,,,,,
NED-Eredivisie,2425,Heerenveen,Espen van Ee,NED,MF,21.0,2003.0,24.8,,,,,,,12,,,,,,,,
NED-Eredivisie,2425,Heerenveen,Hristiyan Petrov,BUL,DF,22.0,2002.0,4.0,,,,,,,3,,,,,,,,
NED-Eredivisie,2425,Heerenveen,Hussein Ali,IRQ,DF,22.0,2002.0,2.4,,,,,,,3,,,,,,,,
NED-Eredivisie,2425,Heerenveen,Ilias Sebaoui,BEL,MF,22.0,2001.0,21.4,,,,,,,35,,,,,,,,
NED-Eredivisie,2425,Heerenveen,Ion Nicolaescu,MDA,FW,25.0,1998.0,14.1,,,,,,,2,,,,,,,,
NED-Eredivisie,2425,Heerenveen,Isaiah Ahmed,CUW,DF,18.0,2005.0,0.1,,,,,,,0,,,,,,,,
NED-Eredivisie,2425,Heerenveen,Jacob Trenskow,DEN,MF,23.0,2000.0,19.4,,,,,,,37,,,,,,,,
NED-Eredivisie,2425,Heerenveen,Jordy de Wijs,NED,DF,29.0,1995.0,0.8,,,,,,,0,,,,,,,,
NED-Eredivisie,2425,Heerenveen,Kai Jansen,NED,MF,17.0,2007.0,0.2,,,,,,,0,,,,,,,,
NED-Eredivisie,2425,Heerenveen,Levi Smans,NED,MF,20.0,2004.0,25.5,,,,,,,102,,,,,,,,
NED-Eredivisie,2425,Heerenveen,Luuk Brouwers,NED,MF,26.0,1998.0,21.2,,,,,,,9,,,,,,,,
NED-Eredivisie,2425,Heerenveen,Marcus Linday,SWE,MF,21.0,2003.0,14.0,,,,,,,2,,,,,,,,
NED-Eredivisie,2425,Heerenveen,Mateja Milovanovic,SRB,DF,20.0,2004.0,0.2,,,,,,,0,,,,,,,,
NED-Eredivisie,2425,Heerenveen,Mats Köhlert,GER,DF,26.0,1998.0,27.5,,,,,,,191,,,,,,,,
NED-Eredivisie,2425,Heerenveen,Mickey van der Hart,NED,GK,30.0,1994.0,18.8,,,,,,,0,,,,,,,,
NED-Eredivisie,2425,Heerenveen,Milos Lukovic,SRB,FW,18.0,2005.0,8.0,,,,,,,3,,,,,,,,
NED-Eredivisie,2425,Heerenveen,Nikolai Hopland,NOR,DF,20.0,2004.0,27.4,,,,,,,2,,,,,,,,
NED-Eredivisie,2425,Heerenveen,Oliver Braude,NOR,DF,20.0,2004.0,29.0,,,,,,,45,,,,,,,,
NED-Eredivisie,2425,Heerenveen,Paweł Bochniewicz,POL,DF,28.0,1996.0,12.3,,,,,,,2,,,,,,,,
NED-Eredivisie,2425,Heerenveen,Sam Kersten,NED,DF,26.0,1998.0,26.4,,,,,,,3,,,,,,,,
NED-Eredivisie,2425,Heerenveen,Simon Olsson,SWE,MF,26.0,1997.0,8.7,,,,,,,2,,,,,,,,
NED-Eredivisie,2425,Heracles Almelo,Brian De Keersmaecker,BEL,MF,24.0,2000.0,30.2,,,,,,,28,,,,,,,,
NED-Eredivisie,2425,Heracles Almelo,Bryan Limbombe,BEL,MF,23.0,2001.0,4.2,,,,,,,15,,,,,,,,
NED-Eredivisie,2425,Heracles Almelo,Damon Mirani,NED,DF,28.0,1996.0,33.5,,,,,,,6,,,,,,,,
NED-Eredivisie,2425,Heracles Almelo,Daniël van Kaam,NED,MF,24.0,2000.0,12.0,,,,,,,54,,,,,,,,
NED-Eredivisie,2425,Heracles Almelo,Diego van Oorschot,NED,FW,18.0,2005.0,0.3,,,,,,,0,,,,,,,,
NED-Eredivisie,2425,Heracles Almelo,Fabian de Keijzer,NED,GK,24.0,2000.0,34.0,,,,,,,0,,,,,,,,
NED-Eredivisie,2425,Heracles Almelo,Giandro Sambo,CUW,FW,17.0,2006.0,0.2,,,,,,,1,,,,,,,,
NED-Eredivisie,2425,Heracles Almelo,Ivan Mesík,SVK,DF,23.0,2001.0,32.3,,,,,,,5,,,,,,,,
NED-Eredivisie,2425,Heracles Almelo,Jan Žambůrek,CZE,MF,23.0,2001.0,10.4,,,,,,,36,,,,,,,,
NED-Eredivisie,2425,Heracles Almelo,Jannes Wieckhoff,GER,DF,23.0,2000.0,13.9,,,,,,,35,,,,,,,,
NED-Eredivisie,2425,Heracles Almelo,Jizz Hornkamp,NED,"FW,MF",26.0,1998.0,17.6,,,,,,,10,,,,,,,,
NED-Eredivisie,2425,Heracles Almelo,Jordy Bruijn,NED,MF,28.0,1996.0,3.4,,,,,,,10,,,,,,,,
NED-Eredivisie,2425,Heracles Almelo,Juho Talvitie,FIN,MF,19.0,2005.0,16.8,,,,,,,35,,,,,,,,
NED-Eredivisie,2425,Heracles Almelo,Justin Hoogma,NED,DF,26.0,1998.0,2.8,,,,,,,0,,,,,,,,
NED-Eredivisie,2425,Heracles Almelo,Lorenzo Milani,ITA,DF,23.0,2001.0,3.1,,,,,,,20,,,,,,,,
NED-Eredivisie,2425,Heracles Almelo,Luka Kulenović,BIH,FW,24.0,1999.0,16.2,,,,,,,6,,,,,,,,
NED-Eredivisie,2425,Heracles Almelo,Mario Engels,GER,"MF,FW",30.0,1993.0,24.1,,,,,,,77,,,,,,,,
NED-Eredivisie,2425,Heracles Almelo,Mats Rots,NED,DF,18.0,2006.0,14.6,,,,,,,15,,,,,,,,
NED-Eredivisie,2425,Heracles Almelo,Mimeirhel Benita,NED,DF,20.0,2003.0,22.6,,,,,,,41,,,,,,,,
NED-Eredivisie,2425,Heracles Almelo,Ruben Roosken,NED,DF,24.0,2000.0,13.6,,,,,,,60,,,,,,,,
NED-Eredivisie,2425,Heracles Almelo,Sem Scheperman,NED,MF,22.0,2002.0,18.2,,,,,,,3,,,,,,,,
NED-Eredivisie,2425,Heracles Almelo,Shiloh 't Zand,NED,"MF,FW",21.0,2003.0,11.2,,,,,,,8,,,,,,,,
NED-Eredivisie,2425,Heracles Almelo,Suf Podgoreanu,ISR,MF,22.0,2002.0,26.0,,,,,,,88,,,,,,,,
NED-Eredivisie,2425,Heracles Almelo,Thomas Bruns,NED,MF,32.0,1992.0,12.8,,,,,,,106,,,,,,,,
NED-Eredivisie,2425,NAC Breda,Adam Kayed,PLE,MF,22.0,2002.0,5.2,,,,,,,7,,,,,,,,
NED-Eredivisie,2425,NAC Breda,Boy Kemper,NED,DF,25.0,1999.0,26.7,,,,,,,70,,,,,,,,
NED-Eredivisie,2425,NAC Breda,Boyd Lucassen,NED,"DF,MF",26.0,1998.0,13.6,,,,,,,22,,,,,,,,
NED-Eredivisie,2425,NAC Breda,Casper Staring,NED,MF,23.0,2001.0,7.0,,,,,,,6,,,,,,,,
NED-Eredivisie,2425,NAC Breda,Cherrion Valerius,CUW,DF,18.0,2005.0,13.3,,,,,,,34,,,,,,,,
NED-Eredivisie,2425,NAC Breda,Clint Leemans,NED,MF,28.0,1995.0,18.8,,,,,,,85,,,,,,,,
NED-Eredivisie,2425,NAC Breda,Daniel Bielica,POL,GK,25.0,1999.0,32.0,,,,,,,0,,,,,,,,
NED-Eredivisie,2425,NAC Breda,Dion Versluis,NED,,21.0,2003.0,0.2,,,,,,,0,,,,,,,,
NED-Eredivisie,2425,NAC Breda,Dominik Janošek,CZE,MF,26.0,1998.0,12.9,,,,,,,86,,,,,,,,
NED-Eredivisie,2425,NAC Breda,Elías Már Ómarsson,ISL,FW,29.0,1995.0,25.5,,,,,,,3,,,,,,,,
NED-Eredivisie,2425,NAC Breda,Enes Mahmutovic,LUX,DF,27.0,1997.0,7.9,,,,,,,1,,,,,,,,
NED-Eredivisie,2425,NAC Breda,Fredrik Oldrup Jensen,NOR,MF,31.0,1993.0,14.3,,,,,,,3,,,,,,,,
NED-Eredivisie,2425,NAC Breda,Jan Van den Bergh,BEL,DF,29.0,1994.0,30.0,,,,,,,46,,,,,,,,
NED-Eredivisie,2425,NAC Breda,Kacper Kostorz,POL,"MF,FW",24.0,1999.0,6.3,,,,,,,0,,,,,,,,
NED-Eredivisie,2425,NAC Breda,Kamal Sowah,GHA,"MF,FW",24.0,2000.0,9.5,,,,,,,9,,,,,,,,
NED-Eredivisie,2425,NAC Breda,Kostas Lamprou,GRE,GK,32.0,1991.0,1.0,,,,,,,0,,,,,,,,
NED-Eredivisie,2425,NAC Breda,Lars Mol,NED,MF,19.0,2004.0,2.7,,,,,,,3,,,,,,,,
NED-Eredivisie,2425,NAC Breda,Leo Greiml,AUT,DF,23.0,2001.0,28.7,,,,,,,9,,,,,,,,
NED-Eredivisie,2425,NAC Breda,Leo Sauer,SVK,"MF,FW",18.0,2005.0,27.6,,,,,,,82,,,,,,,,
NED-Eredivisie,2425,NAC Breda,Manu Royo,ESP,DF,30.0,1994.0,1.2,,,,,,,2,,,,,,,,
NED-Eredivisie,2425,NAC Breda,Martin Koscelník,SVK,"DF,MF",29.0,1995.0,1.2,,,,,,,2,,,,,,,,
NED-Eredivisie,2425,NAC Breda,Matt Garbett,NZL,"MF,FW",22.0,2002.0,6.4,,,,,,,9,,,,,,,,
NED-Eredivisie,2425,NAC Breda,Max Balard,AUS,MF,23.0,2000.0,32.6,,,,,,,2,,,,,,,,
NED-Eredivisie,2425,NAC Breda,Maxime Busi,BEL,DF,24.0,1999.0,9.6,,,,,,,22,,,,,,,,
NED-Eredivisie,2425,NAC Breda,Raul Paula,GER,"MF,FW",20.0,2004.0,8.2,,,,,,,18,,,,,,,,
NED-Eredivisie,2425,NAC Breda,Roy Kortsmit,NED,GK,31.0,1992.0,1.0,,,,,,,0,,,,,,,,
NED-Eredivisie,2425,NAC Breda,Roy Kuijpers,NED,MF,24.0,2000.0,2.6,,,,,,,11,,,,,,,,
NED-Eredivisie,2425,NAC Breda,Saná Fernandes,POR,"FW,MF",18.0,2006.0,5.5,,,,,,,10,,,,,,,,
NED-Eredivisie,2425,NAC Breda,Sydney van Hooijdonk,NED,FW,24.0,2000.0,11.0,,,,,,,7,,,,,,,,
NED-Eredivisie,2425,NAC Breda,Terence Kongolo,NED,DF,30.0,1994.0,9.8,,,,,,,6,,,,,,,,
NED-Eredivisie,2425,NEC Nijmegen,Argyris Darelas,GRE,MF,20.0,2003.0,0.5,,,,,,,0,,,,,,,,
NED-Eredivisie,2425,NEC Nijmegen,Bart van Rooij,NED,DF,23.0,2001.0,2.0,,,,,,,5,,,,,,,,
NED-Eredivisie,2425,NEC Nijmegen,Basar Onal,TUR,MF,20.0,2004.0,15.4,,,,,,,63,,,,,,,,
NED-Eredivisie,2425,NEC Nijmegen,Bram Nuytinck,NED,DF,34.0,1990.0,18.8,,,,,,,1,,,,,,,,
NED-Eredivisie,2425,NEC Nijmegen,Brayann Pereira,FRA,DF,21.0,2003.0,23.3,,,,,,,86,,,,,,,,
NED-Eredivisie,2425,NEC Nijmegen,Bryan Linssen,NED,FW,33.0,1990.0,9.0,,,,,,,3,,,,,,,,
NED-Eredivisie,2425,NEC Nijmegen,Calvin Verdonk,IDN,DF,27.0,1997.0,31.7,,,,,,,72,,,,,,,,
NED-Eredivisie,2425,NEC Nijmegen,Dirk Proper,NED,MF,22.0,2002.0,24.0,,,,,,,5,,,,,,,,
NED-Eredivisie,2425,NEC Nijmegen,Iván Márquez,ESP,DF,30.0,1994.0,24.6,,,,,,,1,,,,,,,,
NED-Eredivisie,2425,NEC Nijmegen,Kento Shiogai,JPN,FW,19.0,2005.0,6.2,,,,,,,1,,,,,,,,
NED-Eredivisie,2425,NEC Nijmegen,Kodai Sano,JPN,MF,20.0,2003.0,21.9,,,,,,,16,,,,,,,,
NED-Eredivisie,2425,NEC Nijmegen,Kōki Ogawa,JPN,FW,26.0,1997.0,17.8,,,,,,,0,,,,,,,,
NED-Eredivisie,2425,NEC Nijmegen,Lars Olden Larsen,NOR,"MF,FW",25.0,1998.0,3.8,,,,,,,9,,,,,,,,
NED-Eredivisie,2425,NEC Nijmegen,Lasse Schöne,DEN,MF,38.0,1986.0,3.3,,,,,,,10,,,,,,,,
NED-Eredivisie,2425,NEC Nijmegen,Leftheris Lyratzis,GRE,DF,24.0,2000.0,7.6,,,,,,,42,,,,,,,,
NED-Eredivisie,2425,NEC Nijmegen,Mees Hoedemakers,NED,MF,26.0,1998.0,19.9,,,,,,,5,,,,,,,,
NED-Eredivisie,2425,NEC Nijmegen,Philippe Sandler,NED,DF,27.0,1997.0,15.6,,,,,,,2,,,,,,,,
NED-Eredivisie,2425,NEC Nijmegen,Roberto González,ESP,MF,23.0,2001.0,10.9,,,,,,,40,,,,,,,,
NED-Eredivisie,2425,NEC Nijmegen,Robin Roefs,NED,GK,21.0,2003.0,32.0,,,,,,,0,,,,,,,,
NED-Eredivisie,2425,NEC Nijmegen,Sami Ouaissa,NED,"MF,FW",19.0,2004.0,20.5,,,,,,,43,,,,,,,,
NED-Eredivisie,2425,NEC Nijmegen,Sontje Hansen,CUW,"MF,FW",22.0,2002.0,20.8,,,,,,,39,,,,,,,,
NED-Eredivisie,2425,NEC Nijmegen,Stijn van Gassel,NED,GK,27.0,1996.0,2.0,,,,,,,0,,,,,,,,
NED-Eredivisie,2425,NEC Nijmegen,Thomas Ouwejan,NED,"MF,DF",27.0,1996.0,19.9,,,,,,,204,,,,,,,,
NED-Eredivisie,2425,NEC Nijmegen,Vito van Crooij,NED,"MF,FW",28.0,1996.0,21.0,,,,,,,69,,,,,,,,
NED-Eredivisie,2425,NEC Nijmegen,Yousri Sbai,NED,MF,19.0,2004.0,0.1,,,,,,,0,,,,,,,,
NED-Eredivisie,2425,PSV,Adamo Nagalo,BFA,DF,21.0,2002.0,1.9,,,,,,,0,,,,,,,,
NED-Eredivisie,2425,PSV,Armando Obispo,CUW,DF,25.0,1999.0,4.7,,,,,,,0,,,,,,,,
NED-Eredivisie,2425,PSV,Couhaib Driouech,MAR,"FW,MF",22.0,2002.0,3.0,,,,,,,22,,,,,,,,
NED-Eredivisie,2425,PSV,Esmir Bajraktarevic,BIH,MF,19.0,2005.0,0.3,,,,,,,3,,,,,,,,
NED-Eredivisie,2425,PSV,Fredrik Oppegard,NOR,DF,21.0,2002.0,3.1,,,,,,,9,,,,,,,,
NED-Eredivisie,2425,PSV,Guus Til,NED,MF,26.0,1997.0,22.4,,,,,,,44,,,,,,,,
NED-Eredivisie,2425,PSV,Hirving Lozano,MEX,FW,29.0,1995.0,3.2,,,,,,,6,,,,,,,,
NED-Eredivisie,2425,PSV,Isaac Babadi,NED,MF,19.0,2005.0,1.9,,,,,,,4,,,,,,,,
NED-Eredivisie,2425,PSV,Ismael Saibari,MAR,MF,23.0,2001.0,19.8,,,,,,,15,,,,,,,,
NED-Eredivisie,2425,PSV,Ivan Perišić,CRO,"FW,MF",35.0,1989.0,20.0,,,,,,,155,,,,,,,,
NED-Eredivisie,2425,PSV,Jerdy Schouten,NED,MF,27.0,1997.0,14.4,,,,,,,2,,,,,,,,
NED-Eredivisie,2425,PSV,Joel Drommel,NED,GK,27.0,1996.0,0.5,,,,,,,0,,,,,,,,
NED-Eredivisie,2425,PSV,Joey Veerman,NED,MF,25.0,1998.0,20.3,,,,,,,172,,,,,,,,
NED-Eredivisie,2425,PSV,Johan Bakayoko,BEL,"FW,MF",21.0,2003.0,17.5,,,,,,,90,,,,,,,,
NED-Eredivisie,2425,PSV,Jordan Teze,NED,"DF,MF",24.0,1999.0,0.4,,,,,,,1,,,,,,,,
NED-Eredivisie,2425,PSV,Lucas Pérez,ESP,"FW,MF",35.0,1988.0,0.2,,,,,,,0,,,,,,,,
NED-Eredivisie,2425,PSV,Luuk de Jong,NED,FW,33.0,1990.0,27.2,,,,,,,6,,,,,,,,
NED-Eredivisie,2425,PSV,Malik Tillman,USA,"MF,FW",22.0,2002.0,21.3,,,,,,,36,,,,,,,,
NED-Eredivisie,2425,PSV,Matteo Dams,BEL,DF,20.0,2004.0,10.2,,,,,,,36,,,,,,,,
NED-Eredivisie,2425,PSV,Mauro Júnior,BRA,"DF,MF",25.0,1999.0,22.3,,,,,,,60,,,,,,,,
NED-Eredivisie,2425,PSV,Michael Bresser,NED,DF,17.0,2007.0,0.0,,,,,,,0,,,,,,,,
NED-Eredivisie,2425,PSV,Noa Lang,NED,"FW,MF",25.0,1999.0,21.0,,,,,,,112,,,,,,,,
NED-Eredivisie,2425,PSV,Olivier Boscagli,FRA,DF,26.0,1997.0,28.5,,,,,,,17,,,,,,,,
NED-Eredivisie,2425,PSV,Ricardo Pepi,USA,FW,21.0,2003.0,7.7,,,,,,,0,,,,,,,,
NED-Eredivisie,2425,PSV,Richy Ledezma,MEX,DF,23.0,2000.0,19.0,,,,,,,62,,,,,,,,
NED-Eredivisie,2425,PSV,Rick Karsdorp,NED,DF,29.0,1995.0,7.5,,,,,,,21,,,,,,,,
NED-Eredivisie,2425,PSV,Ryan Flamingo,NED,DF,21.0,2002.0,32.7,,,,,,,2,,,,,,,,
NED-Eredivisie,2425,PSV,Sergiño Dest,USA,DF,23.0,2000.0,4.2,,,,,,,9,,,,,,,,
NED-Eredivisie,2425,PSV,Tygo Land,NED,MF,18.0,2006.0,0.4,,,,,,,0,,,,,,,,
NED-Eredivisie,2425,PSV,Tyrell Malacia,NED,DF,24.0,1999.0,4.3,,,,,,,18,,,,,,,,
NED-Eredivisie,2425,PSV,Walter Benítez,ARG,GK,31.0,1993.0,33.5,,,,,,,0,,,,,,,,
NED-Eredivisie,2425,PSV,Wessel Kuhn,NED,DF,17.0,2006.0,0.1,,,,,,,1,,,,,,,,
NED-Eredivisie,2425,RKC Waalwijk,Aaron Meijers,NED,"DF,MF",36.0,1987.0,8.4,,,,,,,35,,,,,,,,
NED-Eredivisie,2425,RKC Waalwijk,Alexander Jakobsen,EGY,"DF,MF",30.0,1994.0,0.8,,,,,,,5,,,,,,,,
NED-Eredivisie,2425,RKC Waalwijk,Chris Lokesa,BEL,MF,19.0,2004.0,11.2,,,,,,,8,,,,,,,,
NED-Eredivisie,2425,RKC Waalwijk,Daouda Weidmann,CIV,MF,21.0,2003.0,8.8,,,,,,,10,,,,,,,,
NED-Eredivisie,2425,RKC Waalwijk,Dario Van den Buijs,BEL,DF,28.0,1995.0,12.3,,,,,,,2,,,,,,,,
NED-Eredivisie,2425,RKC Waalwijk,Denilho Cleonise,NED,MF,22.0,2001.0,12.2,,,,,,,40,,,,,,,,
NED-Eredivisie,2425,RKC Waalwijk,Faissal Al Mazyani,BEL,DF,19.0,2005.0,18.2,,,,,,,32,,,,,,,,
NED-Eredivisie,2425,RKC Waalwijk,Godfried Roemeratoe,CUW,MF,24.0,1999.0,16.9,,,,,,,1,,,,,,,,
NED-Eredivisie,2425,RKC Waalwijk,Jeroen Houwen,NED,GK,28.0,1996.0,24.0,,,,,,,0,,,,,,,,
NED-Eredivisie,2425,RKC Waalwijk,Joey Kesting,NED,GK,23.0,2001.0,3.0,,,,,,,0,,,,,,,,
NED-Eredivisie,2425,RKC Waalwijk,Juan Carlos Familia,DOM,"DF,MF",24.0,2000.0,17.1,,,,,,,105,,,,,,,,
NED-Eredivisie,2425,RKC Waalwijk,Julian Lelieveld,NED,"DF,MF",26.0,1997.0,23.9,,,,,,,37,,,,,,,,
NED-Eredivisie,2425,RKC Waalwijk,Kevin Felida,CUW,MF,24.0,1999.0,4.8,,,,,,,8,,,,,,,,
NED-Eredivisie,2425,RKC Waalwijk,Liam van Gelderen,SUR,DF,23.0,2001.0,30.0,,,,,,,12,,,,,,,,
NED-Eredivisie,2425,RKC Waalwijk,Luuk Wouters,NED,DF,25.0,1999.0,9.2,,,,,,,10,,,,,,,,
NED-Eredivisie,2425,RKC Waalwijk,Mark Spenkelink,NED,GK,27.0,1997.0,4.0,,,,,,,0,,,,,,,,
NED-Eredivisie,2425,RKC Waalwijk,Michiel Kramer,NED,FW,35.0,1988.0,9.4,,,,,,,2,,,,,,,,
NED-Eredivisie,2425,RKC Waalwijk,Mohammed Ihattaren,NED,MF,22.0,2002.0,17.1,,,,,,,119,,,,,,,,
NED-Eredivisie,2425,RKC Waalwijk,Oskar Zawada,POL,FW,28.0,1996.0,21.6,,,,,,,1,,,,,,,,
NED-Eredivisie,2425,RKC Waalwijk,Patrick Vroegh,NED,MF,24.0,1999.0,0.4,,,,,,,3,,,,,,,,
NED-Eredivisie,2425,RKC Waalwijk,Redouan El Yaakoubi,NED,DF,28.0,1996.0,4.5,,,,,,,0,,,,,,,,
NED-Eredivisie,2425,RKC Waalwijk,Reuven Niemeijer,NED,MF,29.0,1995.0,2.5,,,,,,,3,,,,,,,,
NED-Eredivisie,2425,RKC Waalwijk,Richard van der Venne,NED,MF,32.0,1992.0,8.2,,,,,,,9,,,,,,,,
NED-Eredivisie,2425,RKC Waalwijk,Richonell Margaret,SUR,"FW,MF",23.0,2000.0,27.9,,,,,,,100,,,,,,,,
NED-Eredivisie,2425,RKC Waalwijk,Roshon van Eijma,CUW,DF,26.0,1998.0,20.2,,,,,,,0,,,,,,,,
NED-Eredivisie,2425,RKC Waalwijk,Silvester van der Water,NED,"MF,FW",27.0,1996.0,7.0,,,,,,,19,,,,,,,,
NED-Eredivisie,2425,RKC Waalwijk,Tim van de Loo,,MF,,,20.2,,,,,,,6,,,,,,,,
NED-Eredivisie,2425,RKC Waalwijk,Yanick van Osch,NED,GK,27.0,1997.0,3.0,,,,,,,0,,,,,,,,
NED-Eredivisie,2425,RKC Waalwijk,Yassin Oukili,NED,MF,23.0,2001.0,24.5,,,,,,,13,,,,,,,,
NED-Eredivisie,2425,Sparta R.,Arno Verschueren,BEL,MF,27.0,1997.0,18.4,,,,,,,24,,,,,,,,
NED-Eredivisie,2425,Sparta R.,Ayoub Oufkir,NED,FW,18.0,2006.0,0.5,,,,,,,10,,,,,,,,
NED-Eredivisie,2425,Sparta R.,Boyd Reith,NED,DF,25.0,1999.0,9.7,,,,,,,44,,,,,,,,
NED-Eredivisie,2425,Sparta R.,Camiel Neghli,NED,MF,22.0,2001.0,15.4,,,,,,,56,,,,,,,,
NED-Eredivisie,2425,Sparta R.,Carel Eiting,NED,MF,26.0,1998.0,9.8,,,,,,,42,,,,,,,,
NED-Eredivisie,2425,Sparta R.,Charles-Andréas Brym,CAN,FW,25.0,1998.0,3.4,,,,,,,2,,,,,,,,
NED-Eredivisie,2425,Sparta R.,Djevencio van der Kust,SUR,DF,23.0,2001.0,10.3,,,,,,,28,,,,,,,,
NED-Eredivisie,2425,Sparta R.,Gjivai Zechiël,NED,MF,20.0,2004.0,11.4,,,,,,,2,,,,,,,,
NED-Eredivisie,2425,Sparta R.,Jonathan de Guzmán,NED,MF,36.0,1987.0,0.5,,,,,,,0,,,,,,,,
NED-Eredivisie,2425,Sparta R.,Joshua Kitolano,NOR,MF,22.0,2001.0,17.6,,,,,,,14,,,,,,,,
NED-Eredivisie,2425,Sparta R.,Joël Ideho,NED,FW,21.0,2003.0,1.9,,,,,,,6,,,,,,,,
NED-Eredivisie,2425,Sparta R.,Julian Baas,NED,MF,22.0,2002.0,9.4,,,,,,,50,,,,,,,,
NED-Eredivisie,2425,Sparta R.,Kayky Chagas,BRA,MF,21.0,2003.0,1.3,,,,,,,5,,,,,,,,
NED-Eredivisie,2425,Sparta R.,Kristian Nökkvi Hlynsson,ISL,MF,20.0,2004.0,13.5,,,,,,,41,,,,,,,,
NED-Eredivisie,2425,Sparta R.,Marvin Young,NED,DF,18.0,2005.0,24.1,,,,,,,5,,,,,,,,
NED-Eredivisie,2425,Sparta R.,Metinho,BRA,MF,21.0,2003.0,4.0,,,,,,,3,,,,,,,,
NED-Eredivisie,2425,Sparta R.,Mike Eerdhuijzen,NED,DF,24.0,2000.0,31.1,,,,,,,9,,,,,,,,
NED-Eredivisie,2425,Sparta R.,Mike Kleijn,NED,DF,19.0,2005.0,3.1,,,,,,,12,,,,,,,,
NED-Eredivisie,2425,Sparta R.,Mitchell van Bergen,NED,"MF,FW",24.0,1999.0,12.5,,,,,,,87,,,,,,,,
NED-Eredivisie,2425,Sparta R.,Mohamed Nassoh,NED,MF,21.0,2003.0,18.0,,,,,,,76,,,,,,,,
NED-Eredivisie,2425,Sparta R.,Nick Olij,NED,GK,28.0,1995.0,34.0,,,,,,,0,,,,,,,,
NED-Eredivisie,2425,Sparta R.,Nökkvi Þórisson,ISL,"FW,MF",24.0,1999.0,1.5,,,,,,,0,,,,,,,,
NED-Eredivisie,2425,Sparta R.,Patrick van Aanholt,NED,DF,33.0,1990.0,18.4,,,,,,,23,,,,,,,,
NED-Eredivisie,2425,Sparta R.,Pelle Clement,NED,MF,28.0,1996.0,18.6,,,,,,,44,,,,,,,,
NED-Eredivisie,2425,Sparta R.,Rick Meissen,NED,DF,22.0,2002.0,8.5,,,,,,,0,,,,,,,,
NED-Eredivisie,2425,Sparta R.,Saïd Bakari,COM,DF,29.0,1994.0,23.8,,,,,,,43,,,,,,,,
NED-Eredivisie,2425,Sparta R.,Shunsuke Mito,JPN,"MF,FW",21.0,2002.0,16.5,,,,,,,45,,,,,,,,
NED-Eredivisie,2425,Sparta R.,Teo Quintero,VEN,DF,25.0,1999.0,6.4,,,,,,,0,,,,,,,,
NED-Eredivisie,2425,Sparta R.,Tobias Lauritsen,NOR,FW,26.0,1997.0,30.1,,,,,,,7,,,,,,,,
NED-Eredivisie,2425,Twente,Alec Van Hoorenbeeck,BEL,DF,25.0,1998.0,12.4,,,,,,,4,,,,,,,,
NED-Eredivisie,2425,Twente,Anass Salah-Eddine,MAR,DF,22.0,2002.0,14.2,,,,,,,28,,,,,,,,
NED-Eredivisie,2425,Twente,Arno Verschueren,BEL,FW,27.0,1997.0,4.0,,,,,,,2,,,,,,,,
NED-Eredivisie,2425,Twente,Bart van Rooij,NED,DF,23.0,2001.0,31.7,,,,,,,100,,,,,,,,
NED-Eredivisie,2425,Twente,Bas Kuipers,NED,DF,29.0,1994.0,19.2,,,,,,,70,,,,,,,,
NED-Eredivisie,2425,Twente,Carel Eiting,NED,MF,26.0,1998.0,6.5,,,,,,,34,,,,,,,,
NED-Eredivisie,2425,Twente,Daan Rots,NED,MF,23.0,2001.0,24.1,,,,,,,35,,,,,,,,
NED-Eredivisie,2425,Twente,Gerald Alders,NED,DF,19.0,2005.0,0.3,,,,,,,0,,,,,,,,
NED-Eredivisie,2425,Twente,Gijs Besselink,NED,MF,20.0,2004.0,3.6,,,,,,,1,,,,,,,,
NED-Eredivisie,2425,Twente,Gustaf Lagerbielke,SWE,DF,24.0,2000.0,16.1,,,,,,,0,,,,,,,,
NED-Eredivisie,2425,Twente,Harry Kuster,NED,MF,18.0,2005.0,0.1,,,,,,,0,,,,,,,,
NED-Eredivisie,2425,Twente,Julien Mesbahi,MAR,DF,18.0,2006.0,0.0,,,,,,,0,,,,,,,,
NED-Eredivisie,2425,Twente,Lars Unnerstall,GER,GK,34.0,1990.0,31.0,,,,,,,0,,,,,,,,
NED-Eredivisie,2425,Twente,Lucas Vennegoor of Hesselink,NED,FW,18.0,2006.0,0.8,,,,,,,0,,,,,,,,
NED-Eredivisie,2425,Twente,Mathias Kjølø,NOR,MF,23.0,2001.0,9.6,,,,,,,3,,,,,,,,
NED-Eredivisie,2425,Twente,Max Bruns,NED,DF,21.0,2002.0,18.2,,,,,,,3,,,,,,,,
NED-Eredivisie,2425,Twente,Mees Hilgers,IDN,DF,23.0,2001.0,20.8,,,,,,,1,,,,,,,,
NED-Eredivisie,2425,Twente,Michal Sadílek,CZE,MF,25.0,1999.0,17.8,,,,,,,71,,,,,,,,
NED-Eredivisie,2425,Twente,Michel Vlap,NED,MF,27.0,1997.0,27.8,,,,,,,135,,,,,,,,
NED-Eredivisie,2425,Twente,Mitchell van Bergen,NED,"MF,FW",24.0,1999.0,8.9,,,,,,,62,,,,,,,,
NED-Eredivisie,2425,Twente,Naci Ünüvar,NED,"MF,FW",21.0,2003.0,4.3,,,,,,,16,,,,,,,,
NED-Eredivisie,2425,Twente,Przemysław Tytoń,POL,GK,37.0,1987.0,3.0,,,,,,,0,,,,,,,,
NED-Eredivisie,2425,Twente,Ricky van Wolfswinkel,NED,"FW,MF",35.0,1989.0,17.8,,,,,,,5,,,,,,,,
NED-Eredivisie,2425,Twente,Sam Lammers,NED,FW,27.0,1997.0,16.7,,,,,,,9,,,,,,,,
NED-Eredivisie,2425,Twente,Sayfallah Ltaief,TUN,MF,24.0,2000.0,13.4,,,,,,,33,,,,,,,,
NED-Eredivisie,2425,Twente,Sem Steijn,NED,MF,22.0,2001.0,30.7,,,,,,,29,,,,,,,,
NED-Eredivisie,2425,Twente,Taylor Booth,USA,MF,23.0,2001.0,3.0,,,,,,,11,,,,,,,,
NED-Eredivisie,2425,Twente,Younes Taha El Idrissi,MAR,MF,21.0,2002.0,2.4,,,,,,,15,,,,,,,,
NED-Eredivisie,2425,Twente,Youri Regeer,NED,MF,20.0,2003.0,14.9,,,,,,,25,,,,,,,,
NED-Eredivisie,2425,Utrecht,Adrian Blake,ENG,"MF,FW",19.0,2005.0,5.2,,,,,,,15,,,,,,,,
NED-Eredivisie,2425,Utrecht,Alonzo Engwanda,BEL,MF,21.0,2003.0,14.1,,,,,,,10,,,,,,,,
NED-Eredivisie,2425,Utrecht,Anthony Descotte,BEL,"FW,MF",20.0,2003.0,4.4,,,,,,,3,,,,,,,,
NED-Eredivisie,2425,Utrecht,Can Bozdogan,GER,MF,23.0,2001.0,4.5,,,,,,,3,,,,,,,,
NED-Eredivisie,2425,Utrecht,David Min,NED,FW,25.0,1999.0,13.9,,,,,,,1,,,,,,,,
NED-Eredivisie,2425,Utrecht,Jens Toornstra,NED,MF,35.0,1989.0,14.8,,,,,,,60,,,,,,,,
NED-Eredivisie,2425,Utrecht,Kolbeinn Finnsson,ISL,"DF,MF",24.0,1999.0,1.7,,,,,,,5,,,,,,,,
NED-Eredivisie,2425,Utrecht,Matisse Didden,BEL,DF,22.0,2001.0,5.8,,,,,,,0,,,,,,,,
NED-Eredivisie,2425,Utrecht,Michael Brouwer,NED,GK,31.0,1993.0,3.0,,,,,,,0,,,,,,,,
NED-Eredivisie,2425,Utrecht,Miguel Rodríguez,ESP,MF,21.0,2003.0,13.8,,,,,,,40,,,,,,,,
NED-Eredivisie,2425,Utrecht,Mike van der Hoorn,NED,DF,31.0,1992.0,28.4,,,,,,,3,,,,,,,,
NED-Eredivisie,2425,Utrecht,Miliano Jonathans,IDN,"MF,FW",20.0,2004.0,3.0,,,,,,,8,,,,,,,,
NED-Eredivisie,2425,Utrecht,Nick Viergever,NED,DF,34.0,1989.0,32.8,,,,,,,4,,,,,,,,
NED-Eredivisie,2425,Utrecht,Niklas Vesterlund,DEN,DF,25.0,1999.0,7.1,,,,,,,6,,,,,,,,
NED-Eredivisie,2425,Utrecht,Noah Ohio,NED,FW,21.0,2003.0,7.5,,,,,,,3,,,,,,,,
NED-Eredivisie,2425,Utrecht,Ole Romeny,IDN,MF,24.0,2000.0,8.1,,,,,,,26,,,,,,,,
NED-Eredivisie,2425,Utrecht,Oscar Fraulo,DEN,"MF,FW",20.0,2003.0,19.0,,,,,,,18,,,,,,,,
NED-Eredivisie,2425,Utrecht,Paxten Aaronson,USA,MF,20.0,2003.0,29.9,,,,,,,50,,,,,,,,
NED-Eredivisie,2425,Utrecht,Siebe Horemans,BEL,DF,26.0,1998.0,26.2,,,,,,,78,,,,,,,,
NED-Eredivisie,2425,Utrecht,Silas Andersen,DEN,MF,20.0,2004.0,0.0,,,,,,,0,,,,,,,,
NED-Eredivisie,2425,Utrecht,Souffian El Karouani,MAR,DF,23.0,2000.0,33.0,,,,,,,287,,,,,,,,
NED-Eredivisie,2425,Utrecht,Sébastien Haller,CIV,FW,30.0,1994.0,14.1,,,,,,,0,,,,,,,,
NED-Eredivisie,2425,Utrecht,Taylor Booth,USA,MF,23.0,2001.0,2.9,,,,,,,12,,,,,,,,
NED-Eredivisie,2425,Utrecht,Vasilios Barkas,GRE,GK,30.0,1994.0,31.0,,,,,,,0,,,,,,,,
NED-Eredivisie,2425,Utrecht,Victor Jensen,DEN,MF,24.0,2000.0,12.1,,,,,,,3,,,,,,,,
NED-Eredivisie,2425,Utrecht,Yoann Cathline,FRA,MF,22.0,2002.0,21.6,,,,,,,65,,,,,,,,
NED-Eredivisie,2425,Utrecht,Zidane Iqbal,IRQ,MF,21.0,2003.0,16.1,,,,,,,10,,,,,,,,
NED-Eredivisie,2425,Willem II,Amar Ahmed,SWE,MF,20.0,2004.0,7.8,,,,,,,28,,,,,,,,
NED-Eredivisie,2425,Willem II,Amine Lachkar,NED,MF,21.0,2003.0,19.3,,,,,,,3,,,,,,,,
NED-Eredivisie,2425,Willem II,Boris lambert,BEL,"MF,DF",24.0,2000.0,16.6,,,,,,,5,,,,,,,,
NED-Eredivisie,2425,Willem II,Cisse Sandra,BEL,"MF,FW",20.0,2003.0,20.8,,,,,,,23,,,,,,,,
NED-Eredivisie,2425,Willem II,Dennis Kaygin,GER,MF,20.0,2004.0,2.6,,,,,,,2,,,,,,,,
NED-Eredivisie,2425,Willem II,Emilio Kehrer,GER,"MF,FW",22.0,2002.0,10.9,,,,,,,37,,,,,,,,
NED-Eredivisie,2425,Willem II,Erik Schouten,NED,DF,32.0,1991.0,17.5,,,,,,,0,,,,,,,,
NED-Eredivisie,2425,Willem II,Jens Mathijsen,,DF,,,1.4,,,,,,,1,,,,,,,,
NED-Eredivisie,2425,Willem II,Jeremy Bokila,COD,FW,35.0,1988.0,15.3,,,,,,,7,,,,,,,,
NED-Eredivisie,2425,Willem II,Jesse Bosch,NED,MF,24.0,2000.0,30.1,,,,,,,27,,,,,,,,
NED-Eredivisie,2425,Willem II,Khaled Razak,NED,FW,18.0,2005.0,0.1,,,,,,,0,,,,,,,,
NED-Eredivisie,2425,Willem II,Kyan Vaesen,BEL,FW,23.0,2001.0,21.1,,,,,,,6,,,,,,,,
NED-Eredivisie,2425,Willem II,Mickaël Tirpan,BEL,DF,30.0,1993.0,21.6,,,,,,,101,,,,,,,,
NED-Eredivisie,2425,Willem II,Miodrag Pivas,SRB,MF,19.0,2005.0,0.4,,,,,,,0,,,,,,,,
NED-Eredivisie,2425,Willem II,Nick Doodeman,NED,"MF,DF",27.0,1996.0,16.1,,,,,,,123,,,,,,,,
NED-Eredivisie,2425,Willem II,Patrick Joosten,NED,MF,28.0,1996.0,7.3,,,,,,,28,,,,,,,,
NED-Eredivisie,2425,Willem II,Per Van Loon,,FW,,,0.2,,,,,,,0,,,,,,,,
NED-Eredivisie,2425,Willem II,Raffael Behounek,AUT,DF,27.0,1997.0,30.9,,,,,,,4,,,,,,,,
NED-Eredivisie,2425,Willem II,Ringo Meerveld,NED,"MF,FW",23.0,2000.0,32.2,,,,,,,33,,,,,,,,
NED-Eredivisie,2425,Willem II,Rob Nizet,BEL,"DF,MF",22.0,2002.0,10.6,,,,,,,36,,,,,,,,
NED-Eredivisie,2425,Willem II,Rúnar Þór Sigurgeirsson,ISL,"DF,MF",24.0,1999.0,21.4,,,,,,,75,,,,,,,,
NED-Eredivisie,2425,Willem II,Thomas Didillon,FRA,GK,28.0,1995.0,34.0,,,,,,,0,,,,,,,,
NED-Eredivisie,2425,Willem II,Tommy St. Jago,NED,DF,24.0,2000.0,32.5,,,,,,,20,,,,,,,,
NED-Eredivisie,2425,Willem II,Uriel van Aalst,,MF,,,0.3,,,,,,,0,,,,,,,,
NED-Eredivisie,2425,Willem II,Valentino Vermeulen,NED,"DF,MF",23.0,2001.0,0.3,,,,,,,1,,,,,,,,
NED-Eredivisie,2425,Willem II,Youssuf Sylla,BEL,FW,21.0,2002.0,2.0,,,,,,,1,,,,,,,,
NED-Eredivisie,2425,Zwolle,Anouar El Azzouzi,NED,MF,23.0,2001.0,32.0,,,,,,,24,,,,,,,,
NED-Eredivisie,2425,Zwolle,Anselmo García MacNulty,IRL,DF,21.0,2003.0,34.0,,,,,,,12,,,,,,,,
NED-Eredivisie,2425,Zwolle,Apostolos Vellios,GRE,FW,32.0,1992.0,0.1,,,,,,,0,,,,,,,,
NED-Eredivisie,2425,Zwolle,Braydon Manu,GHA,MF,27.0,1997.0,0.7,,,,,,,2,,,,,,,,
NED-Eredivisie,2425,Zwolle,Damian van der Haar,NED,DF,20.0,2004.0,20.4,,,,,,,56,,,,,,,,
NED-Eredivisie,2425,Zwolle,Dave Van Den Berg,NED,MF,24.0,2000.0,24.8,,,,,,,57,,,,,,,,
NED-Eredivisie,2425,Zwolle,Dylan Mbayo,BEL,"MF,FW",22.0,2001.0,23.4,,,,,,,32,,,,,,,,
NED-Eredivisie,2425,Zwolle,Dylan Vente,NED,FW,25.0,1999.0,28.0,,,,,,,20,,,,,,,,
NED-Eredivisie,2425,Zwolle,Eliano Reijnders,IDN,DF,23.0,2000.0,13.4,,,,,,,18,,,,,,,,
NED-Eredivisie,2425,Zwolle,Filip Krastev,BUL,"MF,FW",22.0,2001.0,24.2,,,,,,,27,,,,,,,,
NED-Eredivisie,2425,Zwolle,Jamiro Monteiro,CPV,MF,30.0,1993.0,22.0,,,,,,,66,,,,,,,,
NED-Eredivisie,2425,Zwolle,Jasper Schendelaar,NED,GK,23.0,2000.0,30.0,,,,,,,0,,,,,,,,
NED-Eredivisie,2425,Zwolle,Kaj de Rooij,NED,"FW,MF",23.0,2000.0,3.7,,,,,,,3,,,,,,,,
NED-Eredivisie,2425,Zwolle,Mike Hauptmeijer,NED,GK,27.0,1997.0,4.0,,,,,,,0,,,,,,,,
NED-Eredivisie,2425,Zwolle,Nick Fichtinger,NED,MF,20.0,2004.0,9.5,,,,,,,5,,,,,,,,
NED-Eredivisie,2425,Zwolle,Odysseus Velanas,NED,"MF,FW",26.0,1998.0,15.2,,,,,,,52,,,,,,,,
NED-Eredivisie,2425,Zwolle,Olivier Aertssen,NED,DF,19.0,2004.0,12.4,,,,,,,7,,,,,,,,
NED-Eredivisie,2425,Zwolle,Ryan Thomas,NZL,MF,29.0,1994.0,9.4,,,,,,,1,,,,,,,,
NED-Eredivisie,2425,Zwolle,Samir Lagsir,NED,MF,21.0,2003.0,0.0,,,,,,,0,,,,,,,,
NED-Eredivisie,2425,Zwolle,Sherel Floranus,CUW,DF,25.0,1998.0,19.5,,,,,,,27,,,,,,,,
NED-Eredivisie,2425,Zwolle,Simon Graves Jensen,DEN,DF,25.0,1999.0,25.7,,,,,,,3,,,,,,,,
NED-Eredivisie,2425,Zwolle,Teun Gijselhart,NED,MF,19.0,2005.0,0.3,,,,,,,0,,,,,,,,
NED-Eredivisie,2425,Zwolle,Thierry Lutonda,BEL,DF,23.0,2000.0,5.2,,,,,,,5,,,,,,,,
NED-Eredivisie,2425,Zwolle,Thomas Buitink,NED,FW,24.0,2000.0,2.7,,,,,,,6,,,,,,,,
NED-Eredivisie,2425,Zwolle,Tristan Gooijer,NED,DF,19.0,2004.0,0.3,,,,,,,0,,,,,,,,
NED-Eredivisie,2425,Zwolle,Younes Namli,DEN,MF,30.0,1994.0,12.4,,,,,,,60,,,,,,,,
NED-Eredivisie,2526,AZ Alkmaar,Alexandre Penetra,POR,DF,23.0,2001.0,31.6,,,,,,,7,,,,,,,,
NED-Eredivisie,2526,AZ Alkmaar,Ayoub Oufkir,NED,MF,19.0,2006.0,2.4,,,,,,,5,,,,,,,,
NED-Eredivisie,2526,AZ Alkmaar,Bendegúz Kovács,HUN,FW,18.0,2007.0,0.3,,,,,,,0,,,,,,,,
NED-Eredivisie,2526,AZ Alkmaar,Billy van Duijl,NED,DF,19.0,2005.0,6.5,,,,,,,4,,,,,,,,
NED-Eredivisie,2526,AZ Alkmaar,Dave Kwakman,NED,MF,20.0,2004.0,1.2,,,,,,,2,,,,,,,,
NED-Eredivisie,2526,AZ Alkmaar,Denso Kasius,NED,DF,22.0,2002.0,13.5,,,,,,,54,,,,,,,,
NED-Eredivisie,2526,AZ Alkmaar,Elijah Dijkstra,NED,"DF,MF",18.0,2006.0,14.1,,,,,,,12,,,,,,,,
NED-Eredivisie,2526,AZ Alkmaar,Ernest Poku,NED,FW,21.0,2004.0,0.8,,,,,,,1,,,,,,,,
NED-Eredivisie,2526,AZ Alkmaar,Hobie Verhulst,NED,GK,32.0,1993.0,1.0,,,,,,,0,,,,,,,,
NED-Eredivisie,2526,AZ Alkmaar,Ibrahim Sadiq,GHA,"MF,FW",25.0,2000.0,7.1,,,,,,,12,,,,,,,,
NED-Eredivisie,2526,AZ Alkmaar,Isak Jensen,DEN,"MF,FW",21.0,2003.0,22.6,,,,,,,77,,,,,,,,
NED-Eredivisie,2526,AZ Alkmaar,Jeroen Zoet,NED,GK,34.0,1991.0,10.2,,,,,,,0,,,,,,,,
NED-Eredivisie,2526,AZ Alkmaar,Jizz Hornkamp,NED,FW,27.0,1998.0,2.6,,,,,,,0,,,,,,,,
NED-Eredivisie,2526,AZ Alkmaar,Jordy Clasie,NED,MF,34.0,1991.0,9.0,,,,,,,1,,,,,,,,
NED-Eredivisie,2526,AZ Alkmaar,Kasper Boogaard,NED,MF,19.0,2006.0,7.9,,,,,,,8,,,,,,,,
NED-Eredivisie,2526,AZ Alkmaar,Kees Smit,NED,MF,19.0,2006.0,23.7,,,,,,,23,,,,,,,,
NED-Eredivisie,2526,AZ Alkmaar,Lequincio Zeefuik,NED,FW,20.0,2004.0,1.3,,,,,,,0,,,,,,,,
NED-Eredivisie,2526,AZ Alkmaar,Matej Sin,CZE,"MF,FW",21.0,2004.0,6.1,,,,,,,5,,,,,,,,
NED-Eredivisie,2526,AZ Alkmaar,Mateo Chávez,MEX,"DF,MF",21.0,2004.0,9.2,,,,,,,24,,,,,,,,
NED-Eredivisie,2526,AZ Alkmaar,Maxim Dekker,NED,DF,21.0,2004.0,2.1,,,,,,,1,,,,,,,,
NED-Eredivisie,2526,AZ Alkmaar,Mees de Wit,NED,DF,27.0,1998.0,27.6,,,,,,,39,,,,,,,,
NED-Eredivisie,2526,AZ Alkmaar,Mexx Meerdink,NED,FW,22.0,2003.0,9.8,,,,,,,1,,,,,,,,
NED-Eredivisie,2526,AZ Alkmaar,Peer Koopmeiners,NED,MF,25.0,2000.0,23.7,,,,,,,62,,,,,,,,
NED-Eredivisie,2526,AZ Alkmaar,Rio Robbemond,NED,MF,20.0,2005.0,0.8,,,,,,,0,,,,,,,,
NED-Eredivisie,2526,AZ Alkmaar,Rion Ichihara,JPN,DF,20.0,2005.0,1.0,,,,,,,0,,,,,,,,
NED-Eredivisie,2526,AZ Alkmaar,Ro-Zangelo Daal,NED,"MF,FW",21.0,2004.0,15.0,,,,,,,24,,,,,,,,
NED-Eredivisie,2526,AZ Alkmaar,Rome-Jayden Owusu-Oduro,NED,GK,21.0,2004.0,22.8,,,,,,,0,,,,,,,,
NED-Eredivisie,2526,AZ Alkmaar,Seiya Maikuma,JPN,DF,27.0,1997.0,1.6,,,,,,,0,,,,,,,,
NED-Eredivisie,2526,AZ Alkmaar,Sven Mijnans,NED,MF,25.0,2000.0,26.1,,,,,,,85,,,,,,,,
NED-Eredivisie,2526,AZ Alkmaar,Troy Parrott,IRL,FW,23.0,2002.0,24.4,,,,,,,7,,,,,,,,
NED-Eredivisie,2526,AZ Alkmaar,Wassim Bouziane,NED,FW,18.0,2006.0,0.8,,,,,,,2,,,,,,,,
NED-Eredivisie,2526,AZ Alkmaar,Weslley Patati,BRA,"FW,MF",21.0,2003.0,16.0,,,,,,,24,,,,,,,,
NED-Eredivisie,2526,AZ Alkmaar,Wouter Goes,NED,DF,21.0,2004.0,30.5,,,,,,,4,,,,,,,,
NED-Eredivisie,2526,AZ Alkmaar,Zico Buurmeester,NED,MF,23.0,2002.0,0.4,,,,,,,2,,,,,,,,
NED-Eredivisie,2526,Ajax,Aaron Bouwman,NED,DF,17.0,2007.0,6.2,,,,,,,0,,,,,,,,
NED-Eredivisie,2526,Ajax,Anton Gaaei,DEN,DF,22.0,2002.0,19.9,,,,,,,90,,,,,,,,
NED-Eredivisie,2526,Ajax,Bertrand Traoré,BFA,FW,29.0,1995.0,0.7,,,,,,,1,,,,,,,,
NED-Eredivisie,2526,Ajax,Davy Klaassen,NED,MF,32.0,1993.0,19.8,,,,,,,6,,,,,,,,
NED-Eredivisie,2526,Ajax,Don-Angelo Konadu,NED,FW,19.0,2006.0,2.0,,,,,,,0,,,,,,,,
NED-Eredivisie,2526,Ajax,Gerald Alders,NED,DF,20.0,2005.0,2.0,,,,,,,0,,,,,,,,
NED-Eredivisie,2526,Ajax,James McConnell,ENG,MF,20.0,2004.0,1.2,,,,,,,0,,,,,,,,
NED-Eredivisie,2526,Ajax,Jinairo Johnson,NED,DF,18.0,2007.0,0.1,,,,,,,0,,,,,,,,
NED-Eredivisie,2526,Ajax,Jorthy Mokio,BEL,"MF,DF",17.0,2008.0,14.8,,,,,,,7,,,,,,,,
NED-Eredivisie,2526,Ajax,Josip Šutalo,CRO,DF,25.0,2000.0,20.0,,,,,,,2,,,,,,,,
NED-Eredivisie,2526,Ajax,Kasper Dolberg,DEN,FW,27.0,1997.0,12.2,,,,,,,1,,,,,,,,
NED-Eredivisie,2526,Ajax,Kenneth Taylor,NED,MF,23.0,2002.0,14.2,,,,,,,25,,,,,,,,
NED-Eredivisie,2526,Ajax,Kian Fitz-Jim,NED,MF,22.0,2003.0,5.8,,,,,,,4,,,,,,,,
NED-Eredivisie,2526,Ajax,Ko Itakura,JPN,"DF,MF",28.0,1997.0,14.9,,,,,,,4,,,,,,,,
NED-Eredivisie,2526,Ajax,Lucas Oliveira Rosa,BRA,DF,25.0,2000.0,23.8,,,,,,,25,,,,,,,,
NED-Eredivisie,2526,Ajax,Maarten Paes,IDN,GK,27.0,1998.0,11.0,,,,,,,0,,,,,,,,
NED-Eredivisie,2526,Ajax,Maher Carrizo,ARG,MF,19.0,2006.0,0.4,,,,,,,5,,,,,,,,
NED-Eredivisie,2526,Ajax,Mika Godts,BEL,"FW,MF",20.0,2005.0,29.7,,,,,,,88,,,,,,,,
NED-Eredivisie,2526,Ajax,Oleksandr Zinchenko,UKR,DF,28.0,1996.0,0.2,,,,,,,1,,,,,,,,
NED-Eredivisie,2526,Ajax,Oliver Edvardsen,NOR,"MF,FW",26.0,1999.0,7.1,,,,,,,20,,,,,,,,
NED-Eredivisie,2526,Ajax,Oscar Gloukh,ISR,"MF,FW",21.0,2004.0,17.3,,,,,,,40,,,,,,,,
NED-Eredivisie,2526,Ajax,Owen Wijndal,NED,DF,25.0,1999.0,15.0,,,,,,,33,,,,,,,,
NED-Eredivisie,2526,Ajax,Pharrel Nash,NED,FW,17.0,2008.0,0.1,,,,,,,1,,,,,,,,
NED-Eredivisie,2526,Ajax,Rayane Bounida,BEL,FW,19.0,2006.0,9.2,,,,,,,57,,,,,,,,
NED-Eredivisie,2526,Ajax,Raúl Moro,ESP,"MF,FW",22.0,2002.0,6.2,,,,,,,39,,,,,,,,
NED-Eredivisie,2526,Ajax,Remko Pasveer,NED,GK,41.0,1983.0,4.0,,,,,,,0,,,,,,,,
NED-Eredivisie,2526,Ajax,Sean Steur,NED,MF,17.0,2008.0,12.5,,,,,,,2,,,,,,,,
NED-Eredivisie,2526,Ajax,Steven Berghuis,NED,"FW,MF",33.0,1991.0,12.6,,,,,,,67,,,,,,,,
NED-Eredivisie,2526,Ajax,Takehiro Tomiyasu,JPN,DF,26.0,1998.0,2.3,,,,,,,0,,,,,,,,
NED-Eredivisie,2526,Ajax,Vitezslav Jaros,CZE,GK,24.0,2001.0,19.0,,,,,,,0,,,,,,,,
NED-Eredivisie,2526,Ajax,Wout Weghorst,NED,FW,32.0,1992.0,19.8,,,,,,,4,,,,,,,,
NED-Eredivisie,2526,Ajax,Youri Baas,NED,DF,22.0,2003.0,30.7,,,,,,,3,,,,,,,,
NED-Eredivisie,2526,Ajax,Youri Regeer,NED,"MF,DF",21.0,2003.0,18.8,,,,,,,16,,,,,,,,
NED-Eredivisie,2526,Excelsior,Adam Carlén,SWE,MF,25.0,2000.0,13.7,,,,,,,2,,,,,,,,
NED-Eredivisie,2526,Excelsior,Arthur Zagre,BFA,DF,23.0,2001.0,26.5,,,,,,,41,,,,,,,,
NED-Eredivisie,2526,Excelsior,Calvin Raatsie,NED,GK,23.0,2002.0,2.0,,,,,,,0,,,,,,,,
NED-Eredivisie,2526,Excelsior,Casper Widell,SWE,DF,22.0,2003.0,33.9,,,,,,,3,,,,,,,,
NED-Eredivisie,2526,Excelsior,Chris Nadje,FRA,MF,23.0,2001.0,2.6,,,,,,,3,,,,,,,,
NED-Eredivisie,2526,Excelsior,Derensili Fernandes,NED,"MF,FW",24.0,2001.0,27.6,,,,,,,71,,,,,,,,
NED-Eredivisie,2526,Excelsior,Emil Hansson,SWE,"MF,FW",27.0,1998.0,6.4,,,,,,,40,,,,,,,,
NED-Eredivisie,2526,Excelsior,Guilliano Cairo,,,,,0.1,,,,,,,0,,,,,,,,
NED-Eredivisie,2526,Excelsior,Gyan de Regt,NED,"MF,FW",21.0,2003.0,29.5,,,,,,,190,,,,,,,,
NED-Eredivisie,2526,Excelsior,Ilias Bronkhorst,NED,DF,28.0,1997.0,26.1,,,,,,,79,,,,,,,,
NED-Eredivisie,2526,Excelsior,Irakli Yegoian,GEO,MF,21.0,2004.0,29.7,,,,,,,36,,,,,,,,
NED-Eredivisie,2526,Excelsior,Jerolldino Bergraaf,NED,FW,19.0,2006.0,11.7,,,,,,,1,,,,,,,,
NED-Eredivisie,2526,Excelsior,Lennard Hartjes,NED,MF,22.0,2003.0,17.2,,,,,,,7,,,,,,,,
NED-Eredivisie,2526,Excelsior,Lewis Schouten,NED,"DF,MF",21.0,2004.0,15.1,,,,,,,4,,,,,,,,
NED-Eredivisie,2526,Excelsior,Mathijs Tielemans,NED,MF,23.0,2002.0,1.5,,,,,,,3,,,,,,,,
NED-Eredivisie,2526,Excelsior,Mike van Duinen,NED,FW,33.0,1991.0,8.0,,,,,,,0,,,,,,,,
NED-Eredivisie,2526,Excelsior,Miliano Jonathans,IDN,MF,21.0,2004.0,2.5,,,,,,,9,,,,,,,,
NED-Eredivisie,2526,Excelsior,Nesto Groen,NED,FW,21.0,2004.0,0.2,,,,,,,1,,,,,,,,
NED-Eredivisie,2526,Excelsior,Noa El Hamdaoui,,MF,,,0.2,,,,,,,0,,,,,,,,
NED-Eredivisie,2526,Excelsior,Noah Naujoks,NED,"MF,FW",23.0,2002.0,25.8,,,,,,,12,,,,,,,,
NED-Eredivisie,2526,Excelsior,Nolan Martens,BEL,DF,21.0,2004.0,5.3,,,,,,,11,,,,,,,,
NED-Eredivisie,2526,Excelsior,Rick Meissen,NED,DF,23.0,2002.0,27.9,,,,,,,6,,,,,,,,
NED-Eredivisie,2526,Excelsior,Simon Janssen,NED,DF,24.0,2000.0,5.7,,,,,,,22,,,,,,,,
NED-Eredivisie,2526,Excelsior,Stan Henderikx,NED,DF,22.0,2003.0,5.9,,,,,,,2,,,,,,,,
NED-Eredivisie,2526,Excelsior,Stefan Mitrović,SRB,"MF,FW",22.0,2002.0,2.9,,,,,,,17,,,,,,,,
NED-Eredivisie,2526,Excelsior,Stijn Middendorp,,MF,,,2.2,,,,,,,1,,,,,,,,
NED-Eredivisie,2526,Excelsior,Stijn van Gassel,NED,GK,28.0,1996.0,31.3,,,,,,,0,,,,,,,,
NED-Eredivisie,2526,Excelsior,Szymon Włodarczyk,POL,FW,22.0,2003.0,8.4,,,,,,,4,,,,,,,,
NED-Eredivisie,2526,Excelsior,Tijmen Holla,,GK,,,0.7,,,,,,,0,,,,,,,,
NED-Eredivisie,2526,Excelsior,Yoon Doyong,KOR,MF,18.0,2006.0,1.1,,,,,,,1,,,,,,,,
NED-Eredivisie,2526,Excelsior,Zach Booth,USA,MF,21.0,2004.0,1.2,,,,,,,1,,,,,,,,
NED-Eredivisie,2526,Feyenoord,Anel Ahmedhodžić,BIH,DF,26.0,1999.0,24.5,,,,,,,1,,,,,,,,
NED-Eredivisie,2526,Feyenoord,Anis Hadj Moussa,ALG,"MF,FW",23.0,2002.0,28.3,,,,,,,217,,,,,,,,
NED-Eredivisie,2526,Feyenoord,Ayase Ueda,JPN,FW,26.0,1998.0,28.0,,,,,,,6,,,,,,,,
NED-Eredivisie,2526,Feyenoord,Aymen Sliti,NED,MF,19.0,2006.0,5.4,,,,,,,49,,,,,,,,
NED-Eredivisie,2526,Feyenoord,Ayoub Ouarghi,NED,MF,17.0,2008.0,0.1,,,,,,,0,,,,,,,,
NED-Eredivisie,2526,Feyenoord,Bart Nieuwkoop,NED,DF,29.0,1996.0,6.1,,,,,,,10,,,,,,,,
NED-Eredivisie,2526,Feyenoord,Casper Tengstedt,DEN,FW,25.0,2000.0,4.5,,,,,,,3,,,,,,,,
NED-Eredivisie,2526,Feyenoord,Cyle Larin,CAN,MF,30.0,1995.0,1.8,,,,,,,0,,,,,,,,
NED-Eredivisie,2526,Feyenoord,Gaoussou Diarra,MLI,"MF,FW",22.0,2002.0,2.3,,,,,,,2,,,,,,,,
NED-Eredivisie,2526,Feyenoord,Gernot Trauner,AUT,DF,33.0,1992.0,3.1,,,,,,,0,,,,,,,,
NED-Eredivisie,2526,Feyenoord,Gijs Smal,NED,DF,27.0,1997.0,9.7,,,,,,,31,,,,,,,,
NED-Eredivisie,2526,Feyenoord,Givairo Read,NED,DF,19.0,2006.0,10.4,,,,,,,30,,,,,,,,
NED-Eredivisie,2526,Feyenoord,Gonçalo Borges,POR,"MF,FW",24.0,2001.0,5.1,,,,,,,25,,,,,,,,
NED-Eredivisie,2526,Feyenoord,Hwang In-beom,KOR,MF,28.0,1996.0,10.9,,,,,,,41,,,,,,,,
NED-Eredivisie,2526,Feyenoord,Illai Grootfaam,NED,MF,15.0,2010.0,0.1,,,,,,,0,,,,,,,,
NED-Eredivisie,2526,Feyenoord,Jaden Slory,NED,FW,20.0,2005.0,2.0,,,,,,,9,,,,,,,,
NED-Eredivisie,2526,Feyenoord,Jakub Moder,POL,"MF,FW",26.0,1999.0,8.9,,,,,,,10,,,,,,,,
NED-Eredivisie,2526,Feyenoord,Jan Plug,NED,DF,20.0,2005.0,1.3,,,,,,,2,,,,,,,,
NED-Eredivisie,2526,Feyenoord,Jerry St. Juste,NED,DF,28.0,1996.0,1.7,,,,,,,0,,,,,,,,
NED-Eredivisie,2526,Feyenoord,Jivayno Zinhagel,NED,FW,16.0,2009.0,0.2,,,,,,,1,,,,,,,,
NED-Eredivisie,2526,Feyenoord,Jordan Lotomba,SUI,DF,26.0,1998.0,10.3,,,,,,,10,,,,,,,,
NED-Eredivisie,2526,Feyenoord,Jordy Bos,AUS,"DF,MF",22.0,2002.0,22.8,,,,,,,78,,,,,,,,
NED-Eredivisie,2526,Feyenoord,Leo Sauer,SVK,"MF,FW",19.0,2005.0,15.7,,,,,,,29,,,,,,,,
NED-Eredivisie,2526,Feyenoord,Luciano Valente,NED,MF,21.0,2003.0,28.3,,,,,,,53,,,,,,,,
NED-Eredivisie,2526,Feyenoord,Malcolm Jeng,SWE,DF,20.0,2005.0,0.5,,,,,,,0,,,,,,,,
NED-Eredivisie,2526,Feyenoord,Mats Deijl,NED,DF,28.0,1997.0,12.7,,,,,,,8,,,,,,,,
NED-Eredivisie,2526,Feyenoord,Oussama Targhalline,MAR,MF,23.0,2002.0,21.2,,,,,,,3,,,,,,,,
NED-Eredivisie,2526,Feyenoord,Quinten Timber,NED,MF,24.0,2001.0,14.6,,,,,,,2,,,,,,,,
NED-Eredivisie,2526,Feyenoord,Raheem Sterling,ENG,"FW,MF",30.0,1994.0,4.7,,,,,,,7,,,,,,,,
NED-Eredivisie,2526,Feyenoord,Sem Steijn,NED,MF,23.0,2001.0,12.3,,,,,,,42,,,,,,,,
NED-Eredivisie,2526,Feyenoord,Shaqueel Van Persie,NED,FW,18.0,2006.0,0.4,,,,,,,0,,,,,,,,
NED-Eredivisie,2526,Feyenoord,Steven Benda,GER,GK,26.0,1998.0,1.0,,,,,,,0,,,,,,,,
NED-Eredivisie,2526,Feyenoord,Thijs Kraaijeveld,NED,"MF,DF",18.0,2007.0,8.3,,,,,,,1,,,,,,,,
NED-Eredivisie,2526,Feyenoord,Timon Wellenreuther,GER,GK,29.0,1995.0,33.0,,,,,,,0,,,,,,,,
NED-Eredivisie,2526,Feyenoord,Tobias Elshout Van Den,NED,"MF,FW",18.0,2007.0,4.1,,,,,,,5,,,,,,,,
NED-Eredivisie,2526,Feyenoord,Tsuyoshi Watanabe,JPN,DF,28.0,1997.0,29.3,,,,,,,4,,,,,,,,
NED-Eredivisie,2526,Fortuna Sittard,Alen Halilović,CRO,MF,29.0,1996.0,0.4,,,,,,,5,,,,,,,,
NED-Eredivisie,2526,Fortuna Sittard,Amin Laoukili,NED,MF,20.0,2005.0,0.0,,,,,,,0,,,,,,,,
NED-Eredivisie,2526,Fortuna Sittard,Daan Bisschops,NED,DF,20.0,2005.0,1.0,,,,,,,1,,,,,,,,
NED-Eredivisie,2526,Fortuna Sittard,Dimitris Limnios,GRE,"MF,FW",27.0,1998.0,24.1,,,,,,,80,,,,,,,,
NED-Eredivisie,2526,Fortuna Sittard,Edouard Michut,FRA,MF,22.0,2003.0,17.7,,,,,,,12,,,,,,,,
NED-Eredivisie,2526,Fortuna Sittard,Gani Büyükhan,NED,MF,15.0,2009.0,0.0,,,,,,,0,,,,,,,,
NED-Eredivisie,2526,Fortuna Sittard,Hasip Korkmazyürek,GER,MF,22.0,2003.0,0.0,,,,,,,0,,,,,,,,
NED-Eredivisie,2526,Fortuna Sittard,Houboulang Mendes,GNB,DF,27.0,1998.0,1.0,,,,,,,6,,,,,,,,
NED-Eredivisie,2526,Fortuna Sittard,Ivo Pinto,POR,DF,35.0,1990.0,22.6,,,,,,,63,,,,,,,,
NED-Eredivisie,2526,Fortuna Sittard,Iván Márquez,ESP,DF,31.0,1994.0,27.8,,,,,,,0,,,,,,,,
NED-Eredivisie,2526,Fortuna Sittard,Jasper Dahlhaus,NED,DF,23.0,2001.0,23.5,,,,,,,45,,,,,,,,
NED-Eredivisie,2526,Fortuna Sittard,Justin Hubner,IDN,"DF,MF",21.0,2003.0,16.6,,,,,,,8,,,,,,,,
NED-Eredivisie,2526,Fortuna Sittard,Justin Lonwijk,SUR,MF,25.0,1999.0,10.0,,,,,,,7,,,,,,,,
NED-Eredivisie,2526,Fortuna Sittard,Kaj Sierhuis,NED,FW,27.0,1998.0,22.1,,,,,,,8,,,,,,,,
NED-Eredivisie,2526,Fortuna Sittard,Kristoffer Peterson,SWE,"MF,FW",30.0,1994.0,18.8,,,,,,,107,,,,,,,,
NED-Eredivisie,2526,Fortuna Sittard,Lance Duijvestijn,NED,MF,26.0,1999.0,13.9,,,,,,,18,,,,,,,,
NED-Eredivisie,2526,Fortuna Sittard,Luka Tunjić,CRO,MF,19.0,2005.0,4.3,,,,,,,20,,,,,,,,
NED-Eredivisie,2526,Fortuna Sittard,Luuk Koopmans,NED,GK,31.0,1993.0,10.0,,,,,,,0,,,,,,,,
NED-Eredivisie,2526,Fortuna Sittard,Makan Aiko,FRA,FW,24.0,2001.0,5.1,,,,,,,23,,,,,,,,
NED-Eredivisie,2526,Fortuna Sittard,Marko Kerkez,SRB,DF,25.0,2000.0,0.1,,,,,,,0,,,,,,,,
NED-Eredivisie,2526,Fortuna Sittard,Mattijs Branderhorst,NED,GK,31.0,1993.0,24.0,,,,,,,0,,,,,,,,
NED-Eredivisie,2526,Fortuna Sittard,Mohammed Ihattaren,NED,"MF,FW",23.0,2002.0,21.4,,,,,,,124,,,,,,,,
NED-Eredivisie,2526,Fortuna Sittard,Moussa Gbemou,BEL,MF,17.0,2007.0,0.4,,,,,,,0,,,,,,,,
NED-Eredivisie,2526,Fortuna Sittard,Neraysho Kasanwirjo,NED,"DF,MF",23.0,2002.0,14.7,,,,,,,10,,,,,,,,
NED-Eredivisie,2526,Fortuna Sittard,Owen Johnson,NED,FW,19.0,2005.0,0.2,,,,,,,0,,,,,,,,
NED-Eredivisie,2526,Fortuna Sittard,Paul Gladon,NED,FW,33.0,1992.0,11.0,,,,,,,5,,,,,,,,
NED-Eredivisie,2526,Fortuna Sittard,Philip Brittijn,NED,MF,21.0,2004.0,26.7,,,,,,,6,,,,,,,,
NED-Eredivisie,2526,Fortuna Sittard,Ryan Fosso,SUI,"MF,DF",23.0,2002.0,16.8,,,,,,,1,,,,,,,,
NED-Eredivisie,2526,Fortuna Sittard,Samuel Bastien,COD,MF,28.0,1996.0,0.5,,,,,,,0,,,,,,,,
NED-Eredivisie,2526,Fortuna Sittard,Shawn Adewoye,BEL,DF,25.0,2000.0,22.4,,,,,,,1,,,,,,,,
NED-Eredivisie,2526,Fortuna Sittard,Syb Van Ottele,NED,"DF,MF",23.0,2002.0,10.0,,,,,,,2,,,,,,,,
NED-Eredivisie,2526,Fortuna Sittard,Tristan Schenkhuizen,NED,MF,21.0,2004.0,1.2,,,,,,,1,,,,,,,,
NED-Eredivisie,2526,Fortuna Sittard,Yassin Oukili,NED,MF,24.0,2001.0,5.3,,,,,,,1,,,,,,,,
NED-Eredivisie,2526,Go Ahead Eagles,Alfons Sampsted,ISL,DF,27.0,1998.0,9.7,,,,,,,16,,,,,,,,
NED-Eredivisie,2526,Go Ahead Eagles,Aske Adelgaard,DEN,DF,21.0,2003.0,17.4,,,,,,,72,,,,,,,,
NED-Eredivisie,2526,Go Ahead Eagles,Calvin Twigt,NED,MF,22.0,2003.0,5.9,,,,,,,9,,,,,,,,
NED-Eredivisie,2526,Go Ahead Eagles,Dean James,IDN,DF,25.0,2000.0,18.0,,,,,,,145,,,,,,,,
NED-Eredivisie,2526,Go Ahead Eagles,Eus Waayers,NED,DF,18.0,2006.0,0.8,,,,,,,1,,,,,,,,
NED-Eredivisie,2526,Go Ahead Eagles,Evert Linthorst,NED,MF,25.0,2000.0,16.5,,,,,,,9,,,,,,,,
NED-Eredivisie,2526,Go Ahead Eagles,Finn Stokkers,NED,FW,29.0,1996.0,3.2,,,,,,,5,,,,,,,,
NED-Eredivisie,2526,Go Ahead Eagles,Gerrit Nauber,GER,DF,33.0,1992.0,8.9,,,,,,,2,,,,,,,,
NED-Eredivisie,2526,Go Ahead Eagles,Giovanni van Zwam,NED,DF,21.0,2004.0,7.7,,,,,,,3,,,,,,,,
NED-Eredivisie,2526,Go Ahead Eagles,Jaden Slory,NED,"MF,FW",20.0,2005.0,7.3,,,,,,,33,,,,,,,,
NED-Eredivisie,2526,Go Ahead Eagles,Jakob Breum,DEN,MF,21.0,2003.0,22.6,,,,,,,91,,,,,,,,
NED-Eredivisie,2526,Go Ahead Eagles,Jari De Busser,BEL,GK,25.0,1999.0,34.0,,,,,,,0,,,,,,,,
NED-Eredivisie,2526,Go Ahead Eagles,Joris Kramer,NED,DF,28.0,1996.0,33.5,,,,,,,27,,,,,,,,
NED-Eredivisie,2526,Go Ahead Eagles,Julius Dirksen,NED,DF,22.0,2003.0,12.9,,,,,,,3,,,,,,,,
NED-Eredivisie,2526,Go Ahead Eagles,Kenzo Goudmijn,NED,MF,23.0,2001.0,8.4,,,,,,,37,,,,,,,,
NED-Eredivisie,2526,Go Ahead Eagles,Mathis Suray,BEL,"MF,FW",24.0,2001.0,28.8,,,,,,,52,,,,,,,,
NED-Eredivisie,2526,Go Ahead Eagles,Mats Deijl,NED,DF,28.0,1997.0,18.5,,,,,,,35,,,,,,,,
NED-Eredivisie,2526,Go Ahead Eagles,Melle Meulensteen,NED,"MF,DF",26.0,1999.0,31.4,,,,,,,18,,,,,,,,
NED-Eredivisie,2526,Go Ahead Eagles,Milan Smit,NED,FW,22.0,2003.0,15.2,,,,,,,3,,,,,,,,
NED-Eredivisie,2526,Go Ahead Eagles,Ofosu Boakye,,FW,,,0.1,,,,,,,0,,,,,,,,
NED-Eredivisie,2526,Go Ahead Eagles,Oscar Pettersson,SWE,MF,25.0,2000.0,1.8,,,,,,,9,,,,,,,,
NED-Eredivisie,2526,Go Ahead Eagles,Oskar Siira Sivertsen,NOR,MF,21.0,2004.0,3.8,,,,,,,30,,,,,,,,
NED-Eredivisie,2526,Go Ahead Eagles,Richonell Margaret,SUR,"MF,FW",24.0,2000.0,11.5,,,,,,,48,,,,,,,,
NED-Eredivisie,2526,Go Ahead Eagles,Robbin Weijenberg,NED,MF,20.0,2004.0,0.5,,,,,,,0,,,,,,,,
NED-Eredivisie,2526,Go Ahead Eagles,Stefán Ingi Sigurðarson,ISL,FW,24.0,2001.0,7.1,,,,,,,1,,,,,,,,
NED-Eredivisie,2526,Go Ahead Eagles,Søren Tengstedt,DEN,"MF,FW",25.0,2000.0,7.6,,,,,,,16,,,,,,,,
NED-Eredivisie,2526,Go Ahead Eagles,Thibo Baeten,BEL,"MF,FW",23.0,2002.0,8.7,,,,,,,56,,,,,,,,
NED-Eredivisie,2526,Go Ahead Eagles,Victor Edvardsen,SWE,"FW,MF",29.0,1996.0,22.1,,,,,,,48,,,,,,,,
NED-Eredivisie,2526,Go Ahead Eagles,Yassir Salah Rahmouni,NED,MF,19.0,2006.0,8.7,,,,,,,5,,,,,,,,
NED-Eredivisie,2526,Groningen,Brynjólfur Willumsson,ISL,FW,24.0,2000.0,13.5,,,,,,,2,,,,,,,,
NED-Eredivisie,2526,Groningen,David van der Werff,NED,MF,20.0,2004.0,22.8,,,,,,,92,,,,,,,,
NED-Eredivisie,2526,Groningen,Dies Janse,NED,DF,19.0,2006.0,30.3,,,,,,,5,,,,,,,,
NED-Eredivisie,2526,Groningen,Etienne Vaessen,SUR,GK,30.0,1995.0,27.9,,,,,,,0,,,,,,,,
NED-Eredivisie,2526,Groningen,Hidde Jurjus,NED,GK,31.0,1994.0,6.1,,,,,,,0,,,,,,,,
NED-Eredivisie,2526,Groningen,Jismerai Dillema,NED,MF,18.0,2007.0,0.0,,,,,,,0,,,,,,,,
NED-Eredivisie,2526,Groningen,Jorg Schreuders,NED,MF,20.0,2004.0,31.4,,,,,,,47,,,,,,,,
NED-Eredivisie,2526,Groningen,Marco Rente,GER,DF,28.0,1997.0,25.2,,,,,,,65,,,,,,,,
NED-Eredivisie,2526,Groningen,Mark Hoekstra,NED,FW,19.0,2006.0,0.4,,,,,,,0,,,,,,,,
NED-Eredivisie,2526,Groningen,Marvin Peersman,BEL,DF,34.0,1991.0,31.3,,,,,,,43,,,,,,,,
NED-Eredivisie,2526,Groningen,Mats Seuntjens,NED,"FW,MF",33.0,1992.0,2.1,,,,,,,26,,,,,,,,
NED-Eredivisie,2526,Groningen,Nils Eggens,NED,FW,20.0,2005.0,0.2,,,,,,,0,,,,,,,,
NED-Eredivisie,2526,Groningen,Noam Emeran,FRA,MF,22.0,2002.0,0.4,,,,,,,6,,,,,,,,
NED-Eredivisie,2526,Groningen,Oskar Zawada,POL,FW,29.0,1996.0,3.5,,,,,,,0,,,,,,,,
NED-Eredivisie,2526,Groningen,Rui Mendes,GER,MF,25.0,1999.0,0.6,,,,,,,0,,,,,,,,
NED-Eredivisie,2526,Groningen,Ryan Metu,NED,FW,16.0,2008.0,1.1,,,,,,,5,,,,,,,,
NED-Eredivisie,2526,Groningen,Stije Resink,NED,MF,22.0,2003.0,23.2,,,,,,,18,,,,,,,,
NED-Eredivisie,2526,Groningen,Thijmen Blokzijl,NED,DF,20.0,2005.0,33.8,,,,,,,5,,,,,,,,
NED-Eredivisie,2526,Groningen,Thom van Bergen,NED,"FW,MF",21.0,2004.0,33.0,,,,,,,15,,,,,,,,
NED-Eredivisie,2526,Groningen,Tika de Jonge,NED,MF,22.0,2003.0,22.7,,,,,,,34,,,,,,,,
NED-Eredivisie,2526,Groningen,Travis Hearnes,NOR,MF,19.0,2005.0,3.1,,,,,,,6,,,,,,,,
NED-Eredivisie,2526,Groningen,Tygo Land,NED,MF,19.0,2006.0,16.8,,,,,,,5,,,,,,,,
NED-Eredivisie,2526,Groningen,Tyrique Mercera,CUW,DF,21.0,2003.0,9.6,,,,,,,18,,,,,,,,
NED-Eredivisie,2526,Groningen,Wouter Prins,NED,DF,21.0,2004.0,5.4,,,,,,,11,,,,,,,,
NED-Eredivisie,2526,Groningen,Younes Taha El Idrissi,MAR,"MF,FW",22.0,2002.0,29.8,,,,,,,230,,,,,,,,
NED-Eredivisie,2526,Heerenveen,Amourrichio van Axel Dongen,NED,FW,20.0,2004.0,1.3,,,,,,,2,,,,,,,,
NED-Eredivisie,2526,Heerenveen,Andries Noppert,NED,GK,31.0,1994.0,4.0,,,,,,,0,,,,,,,,
NED-Eredivisie,2526,Heerenveen,Bernt Klaverboer,NED,GK,19.0,2005.0,29.0,,,,,,,0,,,,,,,,
NED-Eredivisie,2526,Heerenveen,Dylan Vente,NED,"FW,MF",26.0,1999.0,23.6,,,,,,,7,,,,,,,,
NED-Eredivisie,2526,Heerenveen,Eser Gürbüz,NED,MF,18.0,2007.0,3.4,,,,,,,23,,,,,,,,
NED-Eredivisie,2526,Heerenveen,Espen van Ee,NED,MF,22.0,2003.0,0.6,,,,,,,0,,,,,,,,
NED-Eredivisie,2526,Heerenveen,Hristiyan Petrov,BUL,DF,23.0,2002.0,5.8,,,,,,,11,,,,,,,,
NED-Eredivisie,2526,Heerenveen,Isaiah Ahmed,CUW,DF,19.0,2005.0,0.0,,,,,,,0,,,,,,,,
NED-Eredivisie,2526,Heerenveen,Jacob Trenskow,DEN,MF,24.0,2000.0,29.6,,,,,,,115,,,,,,,,
NED-Eredivisie,2526,Heerenveen,Jermaine Rijssel,SUR,FW,20.0,2005.0,0.1,,,,,,,1,,,,,,,,
NED-Eredivisie,2526,Heerenveen,Joris van Overeem,NED,"MF,DF",31.0,1994.0,32.6,,,,,,,99,,,,,,,,
NED-Eredivisie,2526,Heerenveen,Lasse Nordås,NOR,FW,23.0,2002.0,9.5,,,,,,,2,,,,,,,,
NED-Eredivisie,2526,Heerenveen,Levi Smans,NED,MF,21.0,2004.0,0.6,,,,,,,3,,,,,,,,
NED-Eredivisie,2526,Heerenveen,Luca Oyen,BEL,MF,22.0,2003.0,5.2,,,,,,,16,,,,,,,,
NED-Eredivisie,2526,Heerenveen,Luuk Brouwers,NED,MF,27.0,1998.0,21.6,,,,,,,13,,,,,,,,
NED-Eredivisie,2526,Heerenveen,Maas Willemsen,NED,DF,22.0,2003.0,28.4,,,,,,,2,,,,,,,,
NED-Eredivisie,2526,Heerenveen,Marcus Linday,SWE,MF,22.0,2003.0,25.6,,,,,,,5,,,,,,,,
NED-Eredivisie,2526,Heerenveen,Mats Egbring,NED,DF,18.0,2006.0,1.9,,,,,,,3,,,,,,,,
NED-Eredivisie,2526,Heerenveen,Maxence Rivera,FRA,MF,23.0,2002.0,22.8,,,,,,,85,,,,,,,,
NED-Eredivisie,2526,Heerenveen,Nikolai Hopland,NOR,DF,21.0,2004.0,5.9,,,,,,,0,,,,,,,,
NED-Eredivisie,2526,Heerenveen,Nolhan Courtens,BEL,FW,18.0,2006.0,0.6,,,,,,,1,,,,,,,,
NED-Eredivisie,2526,Heerenveen,Nordin Bakker,NED,GK,27.0,1997.0,1.0,,,,,,,0,,,,,,,,
NED-Eredivisie,2526,Heerenveen,Oliver Braude,NOR,DF,21.0,2004.0,31.3,,,,,,,58,,,,,,,,
NED-Eredivisie,2526,Heerenveen,Paweł Bochniewicz,POL,DF,29.0,1996.0,0.0,,,,,,,0,,,,,,,,
NED-Eredivisie,2526,Heerenveen,Ringo Meerveld,NED,MF,24.0,2000.0,26.9,,,,,,,27,,,,,,,,
NED-Eredivisie,2526,Heerenveen,Sam Kersten,NED,DF,27.0,1998.0,26.1,,,,,,,0,,,,,,,,
NED-Eredivisie,2526,Heerenveen,Vasilios Zagaritis,GRE,DF,24.0,2001.0,31.1,,,,,,,97,,,,,,,,
NED-Eredivisie,2526,Heerenveen,Václav Sejk,CZE,FW,23.0,2002.0,5.2,,,,,,,2,,,,,,,,
NED-Eredivisie,2526,Heracles Almelo,Ajdin Hrustic,AUS,MF,29.0,1996.0,24.7,,,,,,,177,,,,,,,,
NED-Eredivisie,2526,Heracles Almelo,Alec Van Hoorenbeeck,BEL,DF,26.0,1998.0,23.9,,,,,,,6,,,,,,,,
NED-Eredivisie,2526,Heracles Almelo,Antonio Satriano,ITA,FW,21.0,2003.0,0.1,,,,,,,0,,,,,,,,
NED-Eredivisie,2526,Heracles Almelo,Bryan Limbombe,BEL,"MF,FW",24.0,2001.0,14.5,,,,,,,56,,,,,,,,
NED-Eredivisie,2526,Heracles Almelo,Damon Mirani,NED,DF,29.0,1996.0,32.5,,,,,,,1,,,,,,,,
NED-Eredivisie,2526,Heracles Almelo,Djevencio van der Kust,SUR,"DF,MF",24.0,2001.0,13.5,,,,,,,32,,,,,,,,
NED-Eredivisie,2526,Heracles Almelo,Erik Ahlstrand,SWE,MF,23.0,2001.0,8.3,,,,,,,43,,,,,,,,
NED-Eredivisie,2526,Heracles Almelo,Fabian de Keijzer,NED,GK,25.0,2000.0,8.0,,,,,,,0,,,,,,,,
NED-Eredivisie,2526,Heracles Almelo,Ivan Mesík,SVK,DF,24.0,2001.0,29.2,,,,,,,44,,,,,,,,
NED-Eredivisie,2526,Heracles Almelo,Jan Žambůrek,CZE,MF,24.0,2001.0,19.2,,,,,,,22,,,,,,,,
NED-Eredivisie,2526,Heracles Almelo,Jannes Wieckhoff,GER,DF,24.0,2000.0,9.4,,,,,,,24,,,,,,,,
NED-Eredivisie,2526,Heracles Almelo,Jeff Reine-Adélaïde,FRA,"FW,MF",27.0,1998.0,0.4,,,,,,,0,,,,,,,,
NED-Eredivisie,2526,Heracles Almelo,Jeppe Wijnreder,NED,DF,19.0,2006.0,0.1,,,,,,,0,,,,,,,,
NED-Eredivisie,2526,Heracles Almelo,Jizz Hornkamp,NED,FW,27.0,1998.0,12.3,,,,,,,3,,,,,,,,
NED-Eredivisie,2526,Heracles Almelo,Jop Tijink,NED,DF,20.0,2005.0,0.1,,,,,,,0,,,,,,,,
NED-Eredivisie,2526,Heracles Almelo,Lequincio Zeefuik,NED,FW,20.0,2004.0,11.8,,,,,,,7,,,,,,,,
NED-Eredivisie,2526,Heracles Almelo,Luka Kulenović,BIH,FW,25.0,1999.0,18.1,,,,,,,4,,,,,,,,
NED-Eredivisie,2526,Heracles Almelo,Mario Engels,GER,MF,31.0,1993.0,11.1,,,,,,,27,,,,,,,,
NED-Eredivisie,2526,Heracles Almelo,Mike te Wierik,NED,DF,33.0,1992.0,15.3,,,,,,,7,,,,,,,,
NED-Eredivisie,2526,Heracles Almelo,Mimeirhel Benita,NED,"DF,MF",21.0,2003.0,16.1,,,,,,,37,,,,,,,,
NED-Eredivisie,2526,Heracles Almelo,Naci Ünüvar,NED,MF,22.0,2003.0,7.2,,,,,,,8,,,,,,,,
NED-Eredivisie,2526,Heracles Almelo,Remko Pasveer,NED,GK,41.0,1983.0,11.0,,,,,,,0,,,,,,,,
NED-Eredivisie,2526,Heracles Almelo,Rhys Bozinovski,AUS,MF,21.0,2004.0,4.6,,,,,,,3,,,,,,,,
NED-Eredivisie,2526,Heracles Almelo,Sava Cestic,SRB,DF,24.0,2001.0,4.0,,,,,,,0,,,,,,,,
NED-Eredivisie,2526,Heracles Almelo,Sem Scheperman,NED,MF,23.0,2002.0,12.5,,,,,,,4,,,,,,,,
NED-Eredivisie,2526,Heracles Almelo,Sil Blokhuis,NED,FW,17.0,2008.0,0.1,,,,,,,1,,,,,,,,
NED-Eredivisie,2526,Heracles Almelo,Tarik Hamamiogl,NED,FW,16.0,2008.0,0.2,,,,,,,0,,,,,,,,
NED-Eredivisie,2526,Heracles Almelo,Thomas Bruns,NED,MF,33.0,1992.0,12.9,,,,,,,22,,,,,,,,
NED-Eredivisie,2526,Heracles Almelo,Timo Jansink,NED,GK,22.0,2003.0,15.0,,,,,,,0,,,,,,,,
NED-Eredivisie,2526,Heracles Almelo,Tristan van Gilst,NED,MF,22.0,2003.0,14.0,,,,,,,15,,,,,,,,
NED-Eredivisie,2526,Heracles Almelo,Walid Ould-Chikh,MAR,MF,25.0,1999.0,16.6,,,,,,,66,,,,,,,,
NED-Eredivisie,2526,Heracles Almelo,Yvandro Borges Sanches,LUX,"MF,FW",21.0,2004.0,5.8,,,,,,,9,,,,,,,,
NED-Eredivisie,2526,NAC Breda,Amine Salama,FRA,FW,25.0,2000.0,3.7,,,,,,,6,,,,,,,,
NED-Eredivisie,2526,NAC Breda,André Ayew,GHA,FW,35.0,1989.0,9.8,,,,,,,8,,,,,,,,
NED-Eredivisie,2526,NAC Breda,Boy Kemper,NED,DF,26.0,1999.0,31.3,,,,,,,120,,,,,,,,
NED-Eredivisie,2526,NAC Breda,Boyd Lucassen,NED,"DF,MF",27.0,1998.0,12.3,,,,,,,28,,,,,,,,
NED-Eredivisie,2526,NAC Breda,Brahim Ghalidi,BEL,MF,20.0,2005.0,3.0,,,,,,,29,,,,,,,,
NED-Eredivisie,2526,NAC Breda,Casper Staring,NED,MF,24.0,2001.0,0.4,,,,,,,0,,,,,,,,
NED-Eredivisie,2526,NAC Breda,Charles-Andréas Brym,CAN,"MF,FW",26.0,1998.0,16.7,,,,,,,44,,,,,,,,
NED-Eredivisie,2526,NAC Breda,Cherrion Valerius,CUW,"DF,MF",19.0,2005.0,20.4,,,,,,,43,,,,,,,,
NED-Eredivisie,2526,NAC Breda,Clint Leemans,NED,"DF,MF",29.0,1995.0,15.2,,,,,,,119,,,,,,,,
NED-Eredivisie,2526,NAC Breda,Daan van Reeuwijk,,DF,,,0.5,,,,,,,0,,,,,,,,
NED-Eredivisie,2526,NAC Breda,Daniel Bielica,POL,GK,26.0,1999.0,33.0,,,,,,,0,,,,,,,,
NED-Eredivisie,2526,NAC Breda,Denis Odoi,GHA,DF,37.0,1988.0,16.8,,,,,,,20,,,,,,,,
NED-Eredivisie,2526,NAC Breda,Dion Versluis,NED,,22.0,2003.0,0.3,,,,,,,1,,,,,,,,
NED-Eredivisie,2526,NAC Breda,Enes Mahmutovic,LUX,DF,28.0,1997.0,8.2,,,,,,,0,,,,,,,,
NED-Eredivisie,2526,NAC Breda,Fredrik Oldrup Jensen,NOR,"DF,MF",32.0,1993.0,8.3,,,,,,,0,,,,,,,,
NED-Eredivisie,2526,NAC Breda,Jayden Candelaria,CUW,MF,21.0,2004.0,1.8,,,,,,,6,,,,,,,,
NED-Eredivisie,2526,NAC Breda,Juho Talvitie,FIN,"MF,FW",20.0,2005.0,15.5,,,,,,,91,,,,,,,,
NED-Eredivisie,2526,NAC Breda,Kamal Sowah,GHA,MF,25.0,2000.0,30.9,,,,,,,55,,,,,,,,
NED-Eredivisie,2526,NAC Breda,Kostas Lamprou,GRE,GK,33.0,1991.0,1.0,,,,,,,0,,,,,,,,
NED-Eredivisie,2526,NAC Breda,Leo Greiml,AUT,DF,24.0,2001.0,12.6,,,,,,,1,,,,,,,,
NED-Eredivisie,2526,NAC Breda,Lewis Holtby,GER,"MF,FW",34.0,1990.0,21.4,,,,,,,75,,,,,,,,
NED-Eredivisie,2526,NAC Breda,Max Balard,AUS,MF,24.0,2000.0,30.3,,,,,,,3,,,,,,,,
NED-Eredivisie,2526,NAC Breda,Mohamed Nassoh,NED,MF,22.0,2003.0,20.2,,,,,,,65,,,,,,,,
NED-Eredivisie,2526,NAC Breda,Moussa Soumano,FRA,"FW,MF",20.0,2005.0,8.8,,,,,,,3,,,,,,,,
NED-Eredivisie,2526,NAC Breda,Pepijn Reulen,NED,FW,17.0,2008.0,3.5,,,,,,,1,,,,,,,,
NED-Eredivisie,2526,NAC Breda,Raul Paula,GER,"MF,FW",21.0,2004.0,7.9,,,,,,,28,,,,,,,,
NED-Eredivisie,2526,NAC Breda,Rio Hillen,NED,DF,22.0,2003.0,22.2,,,,,,,8,,,,,,,,
NED-Eredivisie,2526,NAC Breda,Sydney van Hooijdonk,NED,FW,25.0,2000.0,13.3,,,,,,,7,,,,,,,,
NED-Eredivisie,2526,NAC Breda,Terence Kongolo,NED,DF,31.0,1994.0,2.1,,,,,,,0,,,,,,,,
NED-Eredivisie,2526,NEC Nijmegen,Ahmetcan Kaplan,TUR,DF,22.0,2003.0,22.7,,,,,,,11,,,,,,,,
NED-Eredivisie,2526,NEC Nijmegen,Basar Onal,TUR,MF,21.0,2004.0,22.8,,,,,,,131,,,,,,,,
NED-Eredivisie,2526,NEC Nijmegen,Bram Nuytinck,NED,DF,35.0,1990.0,2.8,,,,,,,2,,,,,,,,
NED-Eredivisie,2526,NEC Nijmegen,Brayann Pereira,FRA,"DF,MF",22.0,2003.0,13.0,,,,,,,28,,,,,,,,
NED-Eredivisie,2526,NEC Nijmegen,Bryan Linssen,NED,"FW,MF",34.0,1990.0,24.7,,,,,,,25,,,,,,,,
NED-Eredivisie,2526,NEC Nijmegen,Calvin Verdonk,IDN,DF,28.0,1997.0,4.0,,,,,,,2,,,,,,,,
NED-Eredivisie,2526,NEC Nijmegen,Danilo,BRA,FW,26.0,1999.0,3.1,,,,,,,2,,,,,,,,
NED-Eredivisie,2526,NEC Nijmegen,Darko Nejašmić,CRO,MF,26.0,1999.0,25.7,,,,,,,16,,,,,,,,
NED-Eredivisie,2526,NEC Nijmegen,Deveron Fonville,CUW,DF,22.0,2003.0,16.3,,,,,,,22,,,,,,,,
NED-Eredivisie,2526,NEC Nijmegen,Dirk Proper,NED,MF,23.0,2002.0,11.6,,,,,,,2,,,,,,,,
NED-Eredivisie,2526,NEC Nijmegen,Eli Dasa,ISR,DF,32.0,1992.0,20.1,,,,,,,45,,,,,,,,
NED-Eredivisie,2526,NEC Nijmegen,Gonzalo Crettaz,ARG,GK,25.0,2000.0,31.0,,,,,,,0,,,,,,,,
NED-Eredivisie,2526,NEC Nijmegen,Isak Hansen-Aarøen,NOR,MF,20.0,2004.0,0.2,,,,,,,0,,,,,,,,
NED-Eredivisie,2526,NEC Nijmegen,Jasper Cillessen,NED,GK,36.0,1989.0,2.1,,,,,,,0,,,,,,,,
NED-Eredivisie,2526,NEC Nijmegen,Jetro Willems,NED,DF,31.0,1994.0,1.9,,,,,,,4,,,,,,,,
NED-Eredivisie,2526,NEC Nijmegen,Kento Shiogai,JPN,FW,20.0,2005.0,4.1,,,,,,,2,,,,,,,,
NED-Eredivisie,2526,NEC Nijmegen,Kevin Kers,NED,FW,19.0,2006.0,0.2,,,,,,,0,,,,,,,,
NED-Eredivisie,2526,NEC Nijmegen,Kodai Sano,JPN,MF,21.0,2003.0,34.0,,,,,,,72,,,,,,,,
NED-Eredivisie,2526,NEC Nijmegen,Kōki Ogawa,JPN,FW,27.0,1997.0,14.1,,,,,,,1,,,,,,,,
NED-Eredivisie,2526,NEC Nijmegen,Noé Lebreton,FRA,MF,21.0,2004.0,15.9,,,,,,,14,,,,,,,,
NED-Eredivisie,2526,NEC Nijmegen,Philippe Sandler,NED,"DF,MF",28.0,1997.0,20.7,,,,,,,2,,,,,,,,
NED-Eredivisie,2526,NEC Nijmegen,Rijk Janse,NED,GK,23.0,2002.0,0.9,,,,,,,0,,,,,,,,
NED-Eredivisie,2526,NEC Nijmegen,Roberto González,ESP,MF,24.0,2001.0,0.9,,,,,,,1,,,,,,,,
NED-Eredivisie,2526,NEC Nijmegen,Sam de Laat,NED,MF,19.0,2006.0,0.2,,,,,,,0,,,,,,,,
NED-Eredivisie,2526,NEC Nijmegen,Sami Ouaissa,NED,MF,20.0,2004.0,29.3,,,,,,,100,,,,,,,,
NED-Eredivisie,2526,NEC Nijmegen,Thomas Ouwejan,NED,"DF,MF",28.0,1996.0,4.9,,,,,,,36,,,,,,,,
NED-Eredivisie,2526,NEC Nijmegen,Tjaronn Chery,SUR,"MF,FW",37.0,1988.0,30.5,,,,,,,158,,,,,,,,
NED-Eredivisie,2526,NEC Nijmegen,Virgil Misidjan,SUR,MF,32.0,1993.0,6.0,,,,,,,19,,,,,,,,
NED-Eredivisie,2526,NEC Nijmegen,Vito van Crooij,NED,MF,29.0,1996.0,2.8,,,,,,,8,,,,,,,,
NED-Eredivisie,2526,NEC Nijmegen,Willum Þór Willumsson,ISL,MF,26.0,1998.0,1.1,,,,,,,1,,,,,,,,
NED-Eredivisie,2526,NEC Nijmegen,Yousri Sbai,NED,MF,20.0,2004.0,0.1,,,,,,,0,,,,,,,,
NED-Eredivisie,2526,NEC Nijmegen,Youssef El Kachati,NED,FW,25.0,1999.0,5.7,,,,,,,21,,,,,,,,
NED-Eredivisie,2526,PSV,Alassane Pléa,FRA,FW,32.0,1993.0,1.2,,,,,,,0,,,,,,,,
NED-Eredivisie,2526,PSV,Anass Salah-Eddine,MAR,DF,23.0,2002.0,12.1,,,,,,,16,,,,,,,,
NED-Eredivisie,2526,PSV,Armando Obispo,CUW,DF,26.0,1999.0,9.0,,,,,,,0,,,,,,,,
NED-Eredivisie,2526,PSV,Couhaib Driouech,MAR,MF,23.0,2002.0,10.7,,,,,,,42,,,,,,,,
NED-Eredivisie,2526,PSV,Dennis Man,ROU,"MF,FW",26.0,1998.0,16.5,,,,,,,19,,,,,,,,
NED-Eredivisie,2526,PSV,Esmir Bajraktarevic,BIH,"MF,FW",20.0,2005.0,11.9,,,,,,,52,,,,,,,,
NED-Eredivisie,2526,PSV,Fabian Merién,NED,DF,16.0,2008.0,0.0,,,,,,,0,,,,,,,,
NED-Eredivisie,2526,PSV,Guus Til,NED,"MF,FW",27.0,1997.0,24.9,,,,,,,26,,,,,,,,
NED-Eredivisie,2526,PSV,Ismael Saibari,MAR,"MF,FW",24.0,2001.0,23.7,,,,,,,20,,,,,,,,
NED-Eredivisie,2526,PSV,Ivan Perišić,CRO,"MF,FW",36.0,1989.0,24.5,,,,,,,172,,,,,,,,
NED-Eredivisie,2526,PSV,Jerdy Schouten,NED,"DF,MF",28.0,1997.0,26.4,,,,,,,4,,,,,,,,
NED-Eredivisie,2526,PSV,Jim Koller,NED,MF,18.0,2007.0,0.2,,,,,,,0,,,,,,,,
NED-Eredivisie,2526,PSV,Joey Veerman,NED,MF,26.0,1998.0,26.3,,,,,,,191,,,,,,,,
NED-Eredivisie,2526,PSV,Jordy Bawuah,BEL,MF,18.0,2006.0,0.1,,,,,,,0,,,,,,,,
NED-Eredivisie,2526,PSV,Joël van den Berg,NED,MF,18.0,2007.0,1.6,,,,,,,1,,,,,,,,
NED-Eredivisie,2526,PSV,Kiliann Sildillia,FRA,DF,23.0,2002.0,14.1,,,,,,,38,,,,,,,,
NED-Eredivisie,2526,PSV,Matej Kovar,CZE,GK,25.0,2000.0,31.0,,,,,,,0,,,,,,,,
NED-Eredivisie,2526,PSV,Mauro Júnior,BRA,"DF,MF",26.0,1999.0,23.1,,,,,,,32,,,,,,,,
NED-Eredivisie,2526,PSV,Myron Boadu,NED,FW,24.0,2001.0,3.7,,,,,,,0,,,,,,,,
NED-Eredivisie,2526,PSV,Nick Olij,NED,GK,29.0,1995.0,1.0,,,,,,,0,,,,,,,,
NED-Eredivisie,2526,PSV,Nicolas Verkooijen,BEL,MF,18.0,2006.0,0.1,,,,,,,0,,,,,,,,
NED-Eredivisie,2526,PSV,Niek Schiks,NED,GK,21.0,2004.0,2.0,,,,,,,0,,,,,,,,
NED-Eredivisie,2526,PSV,Noah Fernandez,BEL,"MF,DF",17.0,2008.0,4.1,,,,,,,2,,,,,,,,
NED-Eredivisie,2526,PSV,Paul Wanner,AUT,MF,19.0,2005.0,18.2,,,,,,,25,,,,,,,,
NED-Eredivisie,2526,PSV,Ricardo Pepi,USA,FW,22.0,2003.0,15.7,,,,,,,3,,,,,,,,
NED-Eredivisie,2526,PSV,Ruben van Bommel,NED,FW,20.0,2004.0,4.2,,,,,,,13,,,,,,,,
NED-Eredivisie,2526,PSV,Ryan Flamingo,NED,DF,22.0,2002.0,18.6,,,,,,,3,,,,,,,,
NED-Eredivisie,2526,PSV,Sergiño Dest,USA,DF,24.0,2000.0,24.4,,,,,,,54,,,,,,,,
NED-Eredivisie,2526,PSV,Tygo Land,NED,MF,19.0,2006.0,0.1,,,,,,,0,,,,,,,,
NED-Eredivisie,2526,PSV,Yarek Gasiorowski,ESP,DF,20.0,2005.0,23.8,,,,,,,0,,,,,,,,
NED-Eredivisie,2526,Sparta R.,Alwande Roaldsøy,NOR,MF,21.0,2004.0,0.6,,,,,,,0,,,,,,,,
NED-Eredivisie,2526,Sparta R.,Ayoni Santos,,MF,20.0,2005.0,17.4,,,,,,,25,,,,,,,,
NED-Eredivisie,2526,Sparta R.,Ayoub Oufkir,NED,MF,19.0,2006.0,7.9,,,,,,,33,,,,,,,,
NED-Eredivisie,2526,Sparta R.,Bruno Martins Indi,NED,DF,33.0,1992.0,24.5,,,,,,,6,,,,,,,,
NED-Eredivisie,2526,Sparta R.,Casper Terho,FIN,MF,22.0,2003.0,2.6,,,,,,,25,,,,,,,,
NED-Eredivisie,2526,Sparta R.,Giannino Vianello,NED,DF,18.0,2007.0,3.5,,,,,,,14,,,,,,,,
NED-Eredivisie,2526,Sparta R.,Jelani Seedorf,,MF,,,0.0,,,,,,,0,,,,,,,,
NED-Eredivisie,2526,Sparta R.,Jens Toornstra,NED,MF,36.0,1989.0,8.8,,,,,,,30,,,,,,,,
NED-Eredivisie,2526,Sparta R.,Joel Drommel,NED,GK,28.0,1996.0,34.0,,,,,,,0,,,,,,,,
NED-Eredivisie,2526,Sparta R.,Jonathan de Guzmán,NED,MF,37.0,1987.0,1.1,,,,,,,4,,,,,,,,
NED-Eredivisie,2526,Sparta R.,Joshua Kitolano,NOR,MF,23.0,2001.0,29.1,,,,,,,12,,,,,,,,
NED-Eredivisie,2526,Sparta R.,Julian Baas,NED,MF,23.0,2002.0,14.5,,,,,,,45,,,,,,,,
NED-Eredivisie,2526,Sparta R.,Lance Duijvestijn,NED,MF,26.0,1999.0,7.7,,,,,,,17,,,,,,,,
NED-Eredivisie,2526,Sparta R.,Lushendry Martes,NED,DF,17.0,2008.0,10.4,,,,,,,14,,,,,,,,
NED-Eredivisie,2526,Sparta R.,Marvin Young,NED,DF,19.0,2005.0,33.0,,,,,,,0,,,,,,,,
NED-Eredivisie,2526,Sparta R.,Mike Kleijn,NED,DF,20.0,2005.0,4.9,,,,,,,7,,,,,,,,
NED-Eredivisie,2526,Sparta R.,Milan Zonneveld,NED,FW,21.0,2003.0,2.6,,,,,,,1,,,,,,,,
NED-Eredivisie,2526,Sparta R.,Mitchell van Bergen,NED,"MF,FW",25.0,1999.0,25.8,,,,,,,187,,,,,,,,
NED-Eredivisie,2526,Sparta R.,Nökkvi Þórisson,ISL,"FW,MF",25.0,1999.0,0.7,,,,,,,0,,,,,,,,
NED-Eredivisie,2526,Sparta R.,Patrick van Aanholt,NED,DF,34.0,1990.0,7.6,,,,,,,18,,,,,,,,
NED-Eredivisie,2526,Sparta R.,Pelle Clement,NED,MF,29.0,1996.0,17.8,,,,,,,18,,,,,,,,
NED-Eredivisie,2526,Sparta R.,Sayfallah Ltaief,TUN,"FW,MF",25.0,2000.0,5.6,,,,,,,2,,,,,,,,
NED-Eredivisie,2526,Sparta R.,Saïd Bakari,COM,DF,30.0,1994.0,4.5,,,,,,,7,,,,,,,,
NED-Eredivisie,2526,Sparta R.,Shunsuke Mito,JPN,"MF,FW",22.0,2002.0,20.7,,,,,,,59,,,,,,,,
NED-Eredivisie,2526,Sparta R.,Shurandy Sambo,CUW,DF,23.0,2001.0,18.0,,,,,,,22,,,,,,,,
NED-Eredivisie,2526,Sparta R.,Teo Quintero,VEN,DF,26.0,1999.0,27.4,,,,,,,35,,,,,,,,
NED-Eredivisie,2526,Sparta R.,Tijs Velthuis,NED,DF,23.0,2002.0,0.1,,,,,,,0,,,,,,,,
NED-Eredivisie,2526,Sparta R.,Tobias Lauritsen,NOR,FW,27.0,1997.0,33.8,,,,,,,4,,,,,,,,
NED-Eredivisie,2526,Sparta R.,Vito van Crooij,NED,MF,29.0,1996.0,8.3,,,,,,,51,,,,,,,,
NED-Eredivisie,2526,Sparta R.,Younes Jaber el Maftahi,NED,MF,17.0,2007.0,0.4,,,,,,,0,,,,,,,,
NED-Eredivisie,2526,Telstar,Adil Lechkar,NED,MF,23.0,2001.0,3.1,,,,,,,20,,,,,,,,
NED-Eredivisie,2526,Telstar,Cedric Hatenboer,NED,MF,20.0,2005.0,12.6,,,,,,,22,,,,,,,,
NED-Eredivisie,2526,Telstar,Daan Reiziger,NED,GK,24.0,2001.0,1.1,,,,,,,0,,,,,,,,
NED-Eredivisie,2526,Telstar,Danny Bakker,NED,DF,30.0,1995.0,29.3,,,,,,,10,,,,,,,,
NED-Eredivisie,2526,Telstar,Devon Koswal,NED,DF,21.0,2003.0,18.2,,,,,,,9,,,,,,,,
NED-Eredivisie,2526,Telstar,Dion Malone,SUR,"DF,MF",36.0,1989.0,2.3,,,,,,,0,,,,,,,,
NED-Eredivisie,2526,Telstar,Dylan Mertens,NED,MF,30.0,1995.0,5.4,,,,,,,12,,,,,,,,
NED-Eredivisie,2526,Telstar,Gerald Alders,NED,MF,20.0,2005.0,4.1,,,,,,,13,,,,,,,,
NED-Eredivisie,2526,Telstar,Guus Offerhaus,NED,"DF,MF",24.0,2001.0,33.0,,,,,,,102,,,,,,,,
NED-Eredivisie,2526,Telstar,Jeff Hardeveld,NED,"MF,DF",30.0,1995.0,33.1,,,,,,,168,,,,,,,,
NED-Eredivisie,2526,Telstar,Jelani Seedorf,,MF,,,2.0,,,,,,,1,,,,,,,,
NED-Eredivisie,2526,Telstar,Jochem van de Kamp,NED,"MF,FW",21.0,2003.0,22.6,,,,,,,45,,,,,,,,
NED-Eredivisie,2526,Telstar,Kay Tejan,NED,"FW,MF",28.0,1997.0,9.0,,,,,,,11,,,,,,,,
NED-Eredivisie,2526,Telstar,Milan Zonneveld,NED,FW,21.0,2003.0,9.5,,,,,,,0,,,,,,,,
NED-Eredivisie,2526,Telstar,Mo Hamdaoui,NED,"FW,MF",32.0,1993.0,0.8,,,,,,,6,,,,,,,,
NED-Eredivisie,2526,Telstar,Neville Ogidi Nwankwo,NED,DF,22.0,2002.0,24.0,,,,,,,5,,,,,,,,
NED-Eredivisie,2526,Telstar,Nigel Nwankwo,NED,DF,26.0,1998.0,0.7,,,,,,,7,,,,,,,,
NED-Eredivisie,2526,Telstar,Nils Rossen,NED,MF,19.0,2005.0,25.9,,,,,,,2,,,,,,,,
NED-Eredivisie,2526,Telstar,Nökkvi Þórisson,ISL,FW,25.0,1999.0,4.3,,,,,,,2,,,,,,,,
NED-Eredivisie,2526,Telstar,Patrick Brouwer,NED,MF,24.0,2001.0,25.3,,,,,,,33,,,,,,,,
NED-Eredivisie,2526,Telstar,Remi van Ekeris,NED,MF,22.0,2002.0,0.1,,,,,,,1,,,,,,,,
NED-Eredivisie,2526,Telstar,Rojendro Oudsten,SUR,FW,17.0,2007.0,1.3,,,,,,,1,,,,,,,,
NED-Eredivisie,2526,Telstar,Ronald Koeman Jr.,NED,GK,30.0,1995.0,32.9,,,,,,,0,,,,,,,,
NED-Eredivisie,2526,Telstar,Sebastiaan Hagedoorn,NED,FW,20.0,2004.0,0.9,,,,,,,0,,,,,,,,
NED-Eredivisie,2526,Telstar,Sem van Duijn,NED,"FW,MF",21.0,2004.0,11.2,,,,,,,10,,,,,,,,
NED-Eredivisie,2526,Telstar,Soufiane Hetli,NED,"FW,MF",24.0,2001.0,17.9,,,,,,,15,,,,,,,,
NED-Eredivisie,2526,Telstar,Tyrese Noslin,CUW,MF,22.0,2002.0,25.5,,,,,,,69,,,,,,,,
NED-Eredivisie,2526,Telstar,Tyrone Owusu,NED,MF,26.0,1999.0,17.5,,,,,,,8,,,,,,,,
NED-Eredivisie,2526,Twente,Arno Verschueren,BEL,MF,28.0,1997.0,6.4,,,,,,,9,,,,,,,,
NED-Eredivisie,2526,Twente,Bart van Rooij,NED,DF,24.0,2001.0,32.5,,,,,,,75,,,,,,,,
NED-Eredivisie,2526,Twente,Bas Kuipers,NED,DF,30.0,1994.0,1.3,,,,,,,5,,,,,,,,
NED-Eredivisie,2526,Twente,Daan Rots,NED,"MF,FW",24.0,2001.0,26.2,,,,,,,101,,,,,,,,
NED-Eredivisie,2526,Twente,Daouda Weidmann,CIV,MF,22.0,2003.0,5.1,,,,,,,18,,,,,,,,
NED-Eredivisie,2526,Twente,Guilherme Peixoto,POR,DF,19.0,2006.0,0.1,,,,,,,0,,,,,,,,
NED-Eredivisie,2526,Twente,Kristian Nökkvi Hlynsson,ISL,MF,21.0,2004.0,28.3,,,,,,,28,,,,,,,,
NED-Eredivisie,2526,Twente,Lars Unnerstall,GER,GK,35.0,1990.0,31.0,,,,,,,0,,,,,,,,
NED-Eredivisie,2526,Twente,Lucas Vennegoor of Hesselink,NED,FW,19.0,2006.0,0.7,,,,,,,2,,,,,,,,
NED-Eredivisie,2526,Twente,Marko Pjaca,CRO,"MF,FW",30.0,1995.0,10.3,,,,,,,29,,,,,,,,
NED-Eredivisie,2526,Twente,Mathias Kjølø,NOR,MF,24.0,2001.0,5.9,,,,,,,6,,,,,,,,
NED-Eredivisie,2526,Twente,Mats Rots,NED,DF,19.0,2006.0,32.8,,,,,,,82,,,,,,,,
NED-Eredivisie,2526,Twente,Max Bruns,NED,DF,22.0,2002.0,8.9,,,,,,,5,,,,,,,,
NED-Eredivisie,2526,Twente,Mitchell van Bergen,NED,MF,25.0,1999.0,0.7,,,,,,,4,,,,,,,,
NED-Eredivisie,2526,Twente,Naci Ünüvar,NED,"FW,MF",22.0,2003.0,2.1,,,,,,,14,,,,,,,,
NED-Eredivisie,2526,Twente,Nigel Groenewald,NED,FW,18.0,2007.0,0.1,,,,,,,0,,,,,,,,
NED-Eredivisie,2526,Twente,Przemysław Tytoń,POL,GK,38.0,1987.0,3.0,,,,,,,0,,,,,,,,
NED-Eredivisie,2526,Twente,Ramiz Zerrouki,ALG,MF,27.0,1998.0,29.5,,,,,,,81,,,,,,,,
NED-Eredivisie,2526,Twente,Ricky van Wolfswinkel,NED,FW,36.0,1989.0,19.3,,,,,,,9,,,,,,,,
NED-Eredivisie,2526,Twente,Robin Pröpper,NED,DF,31.0,1993.0,19.1,,,,,,,6,,,,,,,,
NED-Eredivisie,2526,Twente,Ruud Nijstad,NED,DF,17.0,2008.0,18.6,,,,,,,1,,,,,,,,
NED-Eredivisie,2526,Twente,Sam Lammers,NED,FW,28.0,1997.0,17.2,,,,,,,4,,,,,,,,
NED-Eredivisie,2526,Twente,Sondre Ørjasæter,NOR,"MF,FW",21.0,2003.0,23.7,,,,,,,73,,,,,,,,
NED-Eredivisie,2526,Twente,Stav Lemkin,ISR,DF,22.0,2003.0,22.7,,,,,,,3,,,,,,,,
NED-Eredivisie,2526,Twente,Taylor Booth,USA,MF,24.0,2001.0,4.0,,,,,,,25,,,,,,,,
NED-Eredivisie,2526,Twente,Thomas van den Belt,NED,MF,24.0,2001.0,24.2,,,,,,,9,,,,,,,,
NED-Eredivisie,2526,Utrecht,Adrian Blake,ENG,"MF,FW",20.0,2005.0,10.8,,,,,,,21,,,,,,,,
NED-Eredivisie,2526,Utrecht,Alonzo Engwanda,BEL,MF,22.0,2003.0,32.4,,,,,,,12,,,,,,,,
NED-Eredivisie,2526,Utrecht,Artem Stepanov,UKR,FW,17.0,2007.0,9.0,,,,,,,7,,,,,,,,
NED-Eredivisie,2526,Utrecht,Can Bozdogan,GER,MF,24.0,2001.0,4.7,,,,,,,8,,,,,,,,
NED-Eredivisie,2526,Utrecht,Dani de Wit,NED,"MF,FW",27.0,1998.0,23.8,,,,,,,4,,,,,,,,
NED-Eredivisie,2526,Utrecht,Dave Van Den Berg,NED,MF,25.0,2000.0,1.6,,,,,,,1,,,,,,,,
NED-Eredivisie,2526,Utrecht,David Min,NED,"FW,MF",26.0,1999.0,9.9,,,,,,,0,,,,,,,,
NED-Eredivisie,2526,Utrecht,Derry Murkin,ENG,"DF,MF",26.0,1999.0,3.9,,,,,,,10,,,,,,,,
NED-Eredivisie,2526,Utrecht,Emeka Adiele,,MF,,,0.5,,,,,,,0,,,,,,,,
NED-Eredivisie,2526,Utrecht,Emirhan Demircan,TUR,FW,20.0,2005.0,1.1,,,,,,,1,,,,,,,,
NED-Eredivisie,2526,Utrecht,Gjivai Zechiël,NED,MF,21.0,2004.0,31.1,,,,,,,23,,,,,,,,
NED-Eredivisie,2526,Utrecht,Jaygo van Ommeren,NED,MF,17.0,2008.0,0.5,,,,,,,0,,,,,,,,
NED-Eredivisie,2526,Utrecht,Jesper Karlsson,SWE,"MF,FW",27.0,1998.0,6.0,,,,,,,31,,,,,,,,
NED-Eredivisie,2526,Utrecht,Matisse Didden,BEL,DF,23.0,2001.0,21.0,,,,,,,3,,,,,,,,
NED-Eredivisie,2526,Utrecht,Michael Brouwer,NED,GK,32.0,1993.0,1.5,,,,,,,0,,,,,,,,
NED-Eredivisie,2526,Utrecht,Miguel Rodríguez,ESP,"MF,FW",22.0,2003.0,15.0,,,,,,,34,,,,,,,,
NED-Eredivisie,2526,Utrecht,Mike Eerdhuijzen,NED,DF,25.0,2000.0,3.7,,,,,,,0,,,,,,,,
NED-Eredivisie,2526,Utrecht,Mike van der Hoorn,NED,DF,32.0,1992.0,24.4,,,,,,,1,,,,,,,,
NED-Eredivisie,2526,Utrecht,Miliano Jonathans,IDN,MF,21.0,2004.0,3.0,,,,,,,7,,,,,,,,
NED-Eredivisie,2526,Utrecht,Nick Viergever,NED,DF,35.0,1989.0,19.4,,,,,,,5,,,,,,,,
NED-Eredivisie,2526,Utrecht,Niklas Vesterlund,DEN,"DF,MF",26.0,1999.0,13.9,,,,,,,11,,,,,,,,
NED-Eredivisie,2526,Utrecht,Noah Ohio,NED,FW,22.0,2003.0,0.5,,,,,,,0,,,,,,,,
NED-Eredivisie,2526,Utrecht,Oualid Agougil,NED,MF,19.0,2005.0,1.2,,,,,,,0,,,,,,,,
NED-Eredivisie,2526,Utrecht,Rafik el Arguioui,NED,MF,20.0,2005.0,0.1,,,,,,,0,,,,,,,,
NED-Eredivisie,2526,Utrecht,Siebe Horemans,BEL,DF,27.0,1998.0,19.2,,,,,,,56,,,,,,,,
NED-Eredivisie,2526,Utrecht,Souffian El Karouani,MAR,DF,24.0,2000.0,31.5,,,,,,,313,,,,,,,,
NED-Eredivisie,2526,Utrecht,Sébastien Haller,CIV,FW,31.0,1994.0,10.6,,,,,,,0,,,,,,,,
NED-Eredivisie,2526,Utrecht,Vasilios Barkas,GRE,GK,31.0,1994.0,32.5,,,,,,,0,,,,,,,,
NED-Eredivisie,2526,Utrecht,Victor Jensen,DEN,"MF,FW",25.0,2000.0,6.0,,,,,,,1,,,,,,,,
NED-Eredivisie,2526,Utrecht,Yoann Cathline,FRA,"MF,FW",23.0,2002.0,20.9,,,,,,,65,,,,,,,,
NED-Eredivisie,2526,Utrecht,Zidane Iqbal,IRQ,MF,22.0,2003.0,2.8,,,,,,,0,,,,,,,,
NED-Eredivisie,2526,Utrecht,Ángel Alarcón,ESP,"MF,FW",21.0,2004.0,10.7,,,,,,,49,,,,,,,,
NED-Eredivisie,2526,Volendam,Aaron Meijers,NED,DF,37.0,1987.0,5.5,,,,,,,10,,,,,,,,
NED-Eredivisie,2526,Volendam,Alex Plat,NED,MF,27.0,1998.0,6.6,,,,,,,4,,,,,,,,
NED-Eredivisie,2526,Volendam,Anthony Descotte,BEL,"MF,FW",21.0,2003.0,9.8,,,,,,,4,,,,,,,,
NED-Eredivisie,2526,Volendam,Aurelio Oehlers,NED,"MF,FW",21.0,2004.0,17.1,,,,,,,73,,,,,,,,
NED-Eredivisie,2526,Volendam,Benjamin Pauwels,BEL,"FW,MF",20.0,2004.0,4.4,,,,,,,14,,,,,,,,
NED-Eredivisie,2526,Volendam,Bilal Ould-Chikh,MAR,"MF,FW",28.0,1997.0,9.9,,,,,,,69,,,,,,,,
NED-Eredivisie,2526,Volendam,Brandley Kuwas,CUW,"MF,FW",32.0,1992.0,22.4,,,,,,,44,,,,,,,,
NED-Eredivisie,2526,Volendam,Dave Kwakman,NED,MF,20.0,2004.0,8.0,,,,,,,1,,,,,,,,
NED-Eredivisie,2526,Volendam,Deron Payne,TRI,DF,22.0,2002.0,10.3,,,,,,,17,,,,,,,,
NED-Eredivisie,2526,Volendam,Gibson Yah,NED,MF,21.0,2003.0,18.4,,,,,,,7,,,,,,,,
NED-Eredivisie,2526,Volendam,Henk Veerman,NED,FW,32.0,1993.0,18.8,,,,,,,4,,,,,,,,
NED-Eredivisie,2526,Volendam,Jesper Tielemans,,FW,,,0.1,,,,,,,0,,,,,,,,
NED-Eredivisie,2526,Volendam,Joël Ideho,NED,MF,22.0,2003.0,12.6,,,,,,,45,,,,,,,,
NED-Eredivisie,2526,Volendam,Juninho Bacuna,CUW,"MF,FW",27.0,1997.0,7.9,,,,,,,31,,,,,,,,
NED-Eredivisie,2526,Volendam,Kayne van Oevelen,NED,GK,21.0,2003.0,31.7,,,,,,,0,,,,,,,,
NED-Eredivisie,2526,Volendam,Key Wong-A-Soijj,NED,FW,18.0,2006.0,0.2,,,,,,,1,,,,,,,,
NED-Eredivisie,2526,Volendam,Kiano Dyer,ENG,MF,18.0,2006.0,0.3,,,,,,,0,,,,,,,,
NED-Eredivisie,2526,Volendam,Luca Blondeau,,DF,,,1.0,,,,,,,0,,,,,,,,
NED-Eredivisie,2526,Volendam,Mawouna Amevor,TOG,DF,33.0,1991.0,30.6,,,,,,,2,,,,,,,,
NED-Eredivisie,2526,Volendam,Milan de Haan,NED,MF,21.0,2003.0,0.3,,,,,,,0,,,,,,,,
NED-Eredivisie,2526,Volendam,Myron Mau-Asam,NED,MF,21.0,2004.0,0.1,,,,,,,0,,,,,,,,
NED-Eredivisie,2526,Volendam,Nick Verschuren,NED,DF,20.0,2005.0,29.7,,,,,,,2,,,,,,,,
NED-Eredivisie,2526,Volendam,Nordin Bukala,NED,MF,19.0,2005.0,19.4,,,,,,,7,,,,,,,,
NED-Eredivisie,2526,Volendam,Ozan Kökcü,AZE,MF,26.0,1998.0,17.5,,,,,,,61,,,,,,,,
NED-Eredivisie,2526,Volendam,Precious Ugwu,NED,DF,19.0,2006.0,24.1,,,,,,,23,,,,,,,,
NED-Eredivisie,2526,Volendam,Robert Mühren,NED,MF,36.0,1989.0,9.5,,,,,,,6,,,,,,,,
NED-Eredivisie,2526,Volendam,Robin van Cruijsen,,MF,,,15.0,,,,,,,58,,,,,,,,
NED-Eredivisie,2526,Volendam,Roy Steur,NED,GK,20.0,2005.0,2.3,,,,,,,0,,,,,,,,
NED-Eredivisie,2526,Volendam,Silvinho Esajas,SUR,MF,23.0,2002.0,0.8,,,,,,,0,,,,,,,,
NED-Eredivisie,2526,Volendam,Tiago Codinha,CAN,MF,20.0,2005.0,0.2,,,,,,,0,,,,,,,,
NED-Eredivisie,2526,Volendam,Xavier Mbuyamba,NED,"DF,MF",23.0,2001.0,8.3,,,,,,,1,,,,,,,,
NED-Eredivisie,2526,Volendam,Yannick Leliendal,SUR,DF,23.0,2002.0,30.5,,,,,,,53,,,,,,,,
NED-Eredivisie,2526,Zwolle,Anselmo García MacNulty,IRL,DF,22.0,2003.0,31.6,,,,,,,10,,,,,,,,
NED-Eredivisie,2526,Zwolle,Damian van der Haar,NED,DF,21.0,2004.0,0.2,,,,,,,0,,,,,,,,
NED-Eredivisie,2526,Zwolle,David Voute,NED,FW,19.0,2005.0,1.0,,,,,,,0,,,,,,,,
NED-Eredivisie,2526,Zwolle,Duke Verduin,NED,GK,21.0,2003.0,1.0,,,,,,,0,,,,,,,,
NED-Eredivisie,2526,Zwolle,Dylan Mbayo,BEL,"MF,FW",23.0,2001.0,5.8,,,,,,,5,,,,,,,,
NED-Eredivisie,2526,Zwolle,Dylan Ruward,NED,DF,20.0,2005.0,0.1,,,,,,,0,,,,,,,,
NED-Eredivisie,2526,Zwolle,Eliano Reijnders,IDN,"FW,MF",24.0,2000.0,0.5,,,,,,,0,,,,,,,,
NED-Eredivisie,2526,Zwolle,Gabriel Reiziger,NED,MF,19.0,2005.0,2.3,,,,,,,2,,,,,,,,
NED-Eredivisie,2526,Zwolle,Jadiel Pereira da Gama,NED,MF,15.0,2009.0,2.2,,,,,,,0,,,,,,,,
NED-Eredivisie,2526,Zwolle,Jamiro Monteiro,CPV,MF,31.0,1993.0,14.1,,,,,,,25,,,,,,,,
NED-Eredivisie,2526,Zwolle,Jan Faberski,POL,"MF,FW",19.0,2006.0,5.3,,,,,,,21,,,,,,,,
NED-Eredivisie,2526,Zwolle,Jasper Schendelaar,NED,GK,24.0,2000.0,2.0,,,,,,,0,,,,,,,,
NED-Eredivisie,2526,Zwolle,Kaj de Rooij,NED,"MF,FW",24.0,2000.0,22.5,,,,,,,18,,,,,,,,
NED-Eredivisie,2526,Zwolle,Koen Kostons,NED,FW,25.0,1999.0,32.0,,,,,,,14,,,,,,,,
NED-Eredivisie,2526,Zwolle,Nick Fichtinger,NED,MF,21.0,2004.0,8.5,,,,,,,1,,,,,,,,
NED-Eredivisie,2526,Zwolle,Odysseus Velanas,NED,MF,27.0,1998.0,7.0,,,,,,,33,,,,,,,,
NED-Eredivisie,2526,Zwolle,Olivier Aertssen,NED,DF,20.0,2004.0,20.7,,,,,,,28,,,,,,,,
NED-Eredivisie,2526,Zwolle,Rodney Kroeze,NED,DF,21.0,2004.0,0.2,,,,,,,0,,,,,,,,
NED-Eredivisie,2526,Zwolle,Ryan Thomas,NZL,MF,30.0,1994.0,23.9,,,,,,,11,,,,,,,,
NED-Eredivisie,2526,Zwolle,Samir Lagsir,NED,MF,22.0,2003.0,0.3,,,,,,,1,,,,,,,,
NED-Eredivisie,2526,Zwolle,Sherel Floranus,CUW,DF,26.0,1998.0,31.0,,,,,,,39,,,,,,,,
NED-Eredivisie,2526,Zwolle,Shola Shoretire,ENG,"FW,MF",21.0,2004.0,18.3,,,,,,,13,,,,,,,,
NED-Eredivisie,2526,Zwolle,Simon Graves Jensen,DEN,DF,26.0,1999.0,29.8,,,,,,,1,,,,,,,,
NED-Eredivisie,2526,Zwolle,Thijs Oosting,NED,MF,25.0,2000.0,29.2,,,,,,,54,,,,,,,,
NED-Eredivisie,2526,Zwolle,Thomas Buitink,NED,FW,25.0,2000.0,1.4,,,,,,,2,,,,,,,,
NED-Eredivisie,2526,Zwolle,Tijs Velthuis,NED,DF,23.0,2002.0,6.3,,,,,,,0,,,,,,,,
NED-Eredivisie,2526,Zwolle,Tom de Graaff,NED,GK,20.0,2004.0,31.0,,,,,,,0,,,,,,,,
NED-Eredivisie,2526,Zwolle,Tristan Gooijer,NED,DF,20.0,2004.0,15.2,,,,,,,6,,,,,,,,
NED-Eredivisie,2526,Zwolle,Younes Namli,DEN,"MF,FW",31.0,1994.0,11.7,,,,,,,69,,,,,,,,
NED-Eredivisie,2526,Zwolle,Zico Buurmeester,NED,MF,23.0,2002.0,16.7,,,,,,,30,,,,,,,,
POR-Primeira Liga,2425,AVS Futebol,Aderlan Santos,BRA,DF,35.0,1989.0,6.6,,,,,,,0,,,,,,,,
POR-Primeira Liga,2425,AVS Futebol,Babatunde Akinsola,NGA,MF,21.0,2003.0,13.0,,,,,,,43,,,,,,,,
POR-Primeira Liga,2425,AVS Futebol,Baptiste Roux,FRA,DF,24.0,1999.0,20.7,,,,,,,11,,,,,,,,
POR-Primeira Liga,2425,AVS Futebol,Christian Neiva Afonso,POR,"DF,MF",29.0,1994.0,18.0,,,,,,,53,,,,,,,,
POR-Primeira Liga,2425,AVS Futebol,Clayton,BRA,DF,24.0,2000.0,2.0,,,,,,,0,,,,,,,,
POR-Primeira Liga,2425,AVS Futebol,Cristian Castro,COL,DF,23.0,2001.0,30.5,,,,,,,4,,,,,,,,
POR-Primeira Liga,2425,AVS Futebol,Eric Veiga,LUX,"MF,DF",27.0,1997.0,4.1,,,,,,,17,,,,,,,,
POR-Primeira Liga,2425,AVS Futebol,Fernando Ferreira Fonseca,POR,"DF,MF",27.0,1997.0,21.2,,,,,,,53,,,,,,,,
POR-Primeira Liga,2425,AVS Futebol,Gerson Rodrigues,LUX,FW,29.0,1995.0,2.1,,,,,,,3,,,,,,,,
POR-Primeira Liga,2425,AVS Futebol,Giorgi Aburjania,GEO,MF,29.0,1995.0,3.4,,,,,,,2,,,,,,,,
POR-Primeira Liga,2425,AVS Futebol,Guillermo Ochoa,MEX,GK,39.0,1985.0,23.0,,,,,,,0,,,,,,,,
POR-Primeira Liga,2425,AVS Futebol,Gustavo Assuncao,POR,MF,24.0,2000.0,17.5,,,,,,,16,,,,,,,,
POR-Primeira Liga,2425,AVS Futebol,Gustavo Mendonça,POR,MF,21.0,2003.0,7.5,,,,,,,5,,,,,,,,
POR-Primeira Liga,2425,AVS Futebol,Ignacio Rodríguez,URU,DF,20.0,2003.0,13.2,,,,,,,2,,,,,,,,
POR-Primeira Liga,2425,AVS Futebol,Issiaka Kamate,FRA,"MF,DF",19.0,2004.0,3.9,,,,,,,7,,,,,,,,
POR-Primeira Liga,2425,AVS Futebol,Jaume Grau,ESP,MF,27.0,1997.0,23.5,,,,,,,33,,,,,,,,
POR-Primeira Liga,2425,AVS Futebol,John Mercado,ECU,"MF,FW",22.0,2002.0,26.0,,,,,,,88,,,,,,,,
POR-Primeira Liga,2425,AVS Futebol,Jonatan Lucca,BRA,MF,30.0,1994.0,3.0,,,,,,,3,,,,,,,,
POR-Primeira Liga,2425,AVS Futebol,Jorge Teixeira,POR,DF,37.0,1986.0,8.4,,,,,,,0,,,,,,,,
POR-Primeira Liga,2425,AVS Futebol,Lucas Fernandes,BRA,MF,26.0,1997.0,5.5,,,,,,,8,,,,,,,,
POR-Primeira Liga,2425,AVS Futebol,Lucas Piazon,BRA,"MF,FW",30.0,1994.0,26.4,,,,,,,95,,,,,,,,
POR-Primeira Liga,2425,AVS Futebol,Luís Manuel Costa Silva,POR,MF,31.0,1992.0,5.2,,,,,,,3,,,,,,,,
POR-Primeira Liga,2425,AVS Futebol,Léo Alaba,BRA,DF,25.0,1999.0,3.7,,,,,,,13,,,,,,,,
POR-Primeira Liga,2425,AVS Futebol,Nenê,BRA,FW,41.0,1983.0,9.6,,,,,,,2,,,,,,,,
POR-Primeira Liga,2425,AVS Futebol,Rafael Rodrigues,POR,"DF,MF",22.0,2002.0,11.5,,,,,,,19,,,,,,,,
POR-Primeira Liga,2425,AVS Futebol,Rodrigo Ribeiro,POR,FW,19.0,2005.0,11.0,,,,,,,3,,,,,,,,
POR-Primeira Liga,2425,AVS Futebol,Samuel Granada,BRA,FW,24.0,2000.0,2.7,,,,,,,3,,,,,,,,
POR-Primeira Liga,2425,AVS Futebol,Simão Bertelli,BRA,GK,31.0,1993.0,11.0,,,,,,,0,,,,,,,,
POR-Primeira Liga,2425,AVS Futebol,Tiago Galletto,URU,MF,22.0,2002.0,1.0,,,,,,,0,,,,,,,,
POR-Primeira Liga,2425,AVS Futebol,Tomás Tavares,POR,"DF,MF",23.0,2001.0,8.8,,,,,,,11,,,,,,,,
POR-Primeira Liga,2425,AVS Futebol,Vasco Lopes,CPV,"MF,FW",24.0,1999.0,11.6,,,,,,,36,,,,,,,,
POR-Primeira Liga,2425,AVS Futebol,Yair Mena Palacios,COL,FW,24.0,2000.0,1.0,,,,,,,5,,,,,,,,
POR-Primeira Liga,2425,AVS Futebol,Zé Luís,CPV,FW,33.0,1991.0,15.4,,,,,,,5,,,,,,,,
POR-Primeira Liga,2425,Arouca,Alexandre Pinto,POR,DF,26.0,1998.0,9.1,,,,,,,30,,,,,,,,
POR-Primeira Liga,2425,Arouca,Alfonso Trezza,URU,"MF,FW",25.0,1999.0,26.9,,,,,,,63,,,,,,,,
POR-Primeira Liga,2425,Arouca,Amadou Dante,MLI,"DF,MF",23.0,2000.0,11.8,,,,,,,25,,,,,,,,
POR-Primeira Liga,2425,Arouca,Boris Popović,SRB,DF,24.0,2000.0,10.0,,,,,,,1,,,,,,,,
POR-Primeira Liga,2425,Arouca,Brian Mansilla,URU,MF,22.0,2002.0,3.8,,,,,,,12,,,,,,,,
POR-Primeira Liga,2425,Arouca,Chico Lamba,POR,DF,21.0,2003.0,25.2,,,,,,,3,,,,,,,,
POR-Primeira Liga,2425,Arouca,Cristo González,ESP,MF,26.0,1997.0,2.0,,,,,,,4,,,,,,,,
POR-Primeira Liga,2425,Arouca,David Simão,POR,MF,34.0,1990.0,19.7,,,,,,,74,,,,,,,,
POR-Primeira Liga,2425,Arouca,Dylan Nandín,URU,FW,22.0,2002.0,7.3,,,,,,,4,,,,,,,,
POR-Primeira Liga,2425,Arouca,Güven Yalçın,TUR,FW,25.0,1999.0,8.5,,,,,,,12,,,,,,,,
POR-Primeira Liga,2425,Arouca,Henrique Araújo,POR,FW,22.0,2002.0,12.3,,,,,,,5,,,,,,,,
POR-Primeira Liga,2425,Arouca,Ivo Rodrigues,POR,"MF,FW",29.0,1995.0,7.1,,,,,,,15,,,,,,,,
POR-Primeira Liga,2425,Arouca,Jason,ESP,"MF,FW",30.0,1994.0,25.0,,,,,,,145,,,,,,,,
POR-Primeira Liga,2425,Arouca,José Fontán,ESP,DF,24.0,2000.0,28.8,,,,,,,3,,,,,,,,
POR-Primeira Liga,2425,Arouca,João Valido,POR,GK,24.0,2000.0,5.0,,,,,,,0,,,,,,,,
POR-Primeira Liga,2425,Arouca,Mamadou Loum,SEN,"MF,DF",27.0,1996.0,7.9,,,,,,,1,,,,,,,,
POR-Primeira Liga,2425,Arouca,Matías Rocha,URU,DF,23.0,2001.0,3.3,,,,,,,0,,,,,,,,
POR-Primeira Liga,2425,Arouca,Miguel Puche García,ESP,MF,23.0,2001.0,5.8,,,,,,,18,,,,,,,,
POR-Primeira Liga,2425,Arouca,Morlaye Sylla,GUI,MF,26.0,1998.0,26.3,,,,,,,26,,,,,,,,
POR-Primeira Liga,2425,Arouca,Nico Mantl,GER,GK,24.0,2000.0,29.0,,,,,,,0,,,,,,,,
POR-Primeira Liga,2425,Arouca,Nino Galović,CRO,DF,32.0,1992.0,1.0,,,,,,,0,,,,,,,,
POR-Primeira Liga,2425,Arouca,Pablo Gozalbez,ESP,MF,23.0,2001.0,7.2,,,,,,,21,,,,,,,,
POR-Primeira Liga,2425,Arouca,Pedro Santos,POR,MF,23.0,2000.0,17.0,,,,,,,15,,,,,,,,
POR-Primeira Liga,2425,Arouca,Quaresma,BRA,DF,27.0,1996.0,0.9,,,,,,,8,,,,,,,,
POR-Primeira Liga,2425,Arouca,Taichi Fukui,JPN,MF,20.0,2004.0,24.3,,,,,,,21,,,,,,,,
POR-Primeira Liga,2425,Arouca,Tiago Esgaio,POR,DF,28.0,1995.0,24.2,,,,,,,44,,,,,,,,
POR-Primeira Liga,2425,Arouca,Uładzisłaŭ Marozaŭ,BLR,FW,23.0,2000.0,3.1,,,,,,,1,,,,,,,,
POR-Primeira Liga,2425,Arouca,Weverson,BRA,DF,24.0,2000.0,20.8,,,,,,,64,,,,,,,,
POR-Primeira Liga,2425,Benfica,Adrian Bajrami,SUI,DF,22.0,2002.0,0.1,,,,,,,0,,,,,,,,
POR-Primeira Liga,2425,Benfica,Alexander Bah,DEN,DF,26.0,1997.0,15.7,,,,,,,56,,,,,,,,
POR-Primeira Liga,2425,Benfica,Anatolii Trubin,UKR,GK,22.0,2001.0,32.0,,,,,,,0,,,,,,,,
POR-Primeira Liga,2425,Benfica,Andrea Belotti,ITA,FW,30.0,1993.0,5.1,,,,,,,2,,,,,,,,
POR-Primeira Liga,2425,Benfica,Andreas Schjelderup,NOR,FW,20.0,2004.0,5.8,,,,,,,11,,,,,,,,
POR-Primeira Liga,2425,Benfica,António Silva,POR,DF,20.0,2003.0,22.6,,,,,,,4,,,,,,,,
POR-Primeira Liga,2425,Benfica,Arthur Cabral,BRA,FW,26.0,1998.0,4.2,,,,,,,0,,,,,,,,
POR-Primeira Liga,2425,Benfica,Benjamín Rollheiser,ARG,MF,24.0,2000.0,1.5,,,,,,,4,,,,,,,,
POR-Primeira Liga,2425,Benfica,Bruma,POR,"FW,MF",29.0,1994.0,5.4,,,,,,,5,,,,,,,,
POR-Primeira Liga,2425,Benfica,Diogo Prioste,POR,MF,20.0,2004.0,0.1,,,,,,,0,,,,,,,,
POR-Primeira Liga,2425,Benfica,Florentino Luís,POR,MF,24.0,1999.0,21.9,,,,,,,5,,,,,,,,
POR-Primeira Liga,2425,Benfica,Fredrik Aursnes,NOR,MF,28.0,1995.0,26.1,,,,,,,48,,,,,,,,
POR-Primeira Liga,2425,Benfica,Gianluca Prestianni,ARG,MF,18.0,2006.0,3.2,,,,,,,8,,,,,,,,
POR-Primeira Liga,2425,Benfica,Issa Kaboré,BFA,"DF,MF",23.0,2001.0,0.1,,,,,,,2,,,,,,,,
POR-Primeira Liga,2425,Benfica,Jan-Niklas Beste,GER,"DF,MF",25.0,1999.0,5.6,,,,,,,33,,,,,,,,
POR-Primeira Liga,2425,Benfica,João Mário,POR,MF,31.0,1993.0,1.7,,,,,,,10,,,,,,,,
POR-Primeira Liga,2425,Benfica,João Rêgo,POR,MF,19.0,2005.0,0.2,,,,,,,2,,,,,,,,
POR-Primeira Liga,2425,Benfica,Kerem Aktürkoğlu,TUR,"FW,MF",25.0,1998.0,22.3,,,,,,,53,,,,,,,,
POR-Primeira Liga,2425,Benfica,Leandro Barreiro Martins,LUX,MF,24.0,2000.0,13.5,,,,,,,8,,,,,,,,
POR-Primeira Liga,2425,Benfica,Leandro Santos,POR,MF,18.0,2005.0,2.9,,,,,,,15,,,,,,,,
POR-Primeira Liga,2425,Benfica,Manuel Manu,POR,MF,23.0,2001.0,1.5,,,,,,,0,,,,,,,,
POR-Primeira Liga,2425,Benfica,Marcos Leonardo,BRA,FW,21.0,2003.0,0.9,,,,,,,2,,,,,,,,
POR-Primeira Liga,2425,Benfica,Morato,BRA,DF,23.0,2001.0,1.0,,,,,,,0,,,,,,,,
POR-Primeira Liga,2425,Benfica,Nicolás Otamendi,ARG,DF,36.0,1988.0,30.1,,,,,,,2,,,,,,,,
POR-Primeira Liga,2425,Benfica,Nuno Felix,POR,MF,20.0,2004.0,0.2,,,,,,,0,,,,,,,,
POR-Primeira Liga,2425,Benfica,Orkun Kökçü,TUR,MF,23.0,2000.0,29.3,,,,,,,141,,,,,,,,
POR-Primeira Liga,2425,Benfica,Renato Sanches,POR,MF,26.0,1997.0,2.2,,,,,,,5,,,,,,,,
POR-Primeira Liga,2425,Benfica,Samuel Dahl,SWE,"MF,DF",21.0,2003.0,6.6,,,,,,,43,,,,,,,,
POR-Primeira Liga,2425,Benfica,Samuel Soares,POR,GK,22.0,2002.0,2.0,,,,,,,0,,,,,,,,
POR-Primeira Liga,2425,Benfica,Tiago Gouveia,POR,MF,23.0,2001.0,1.1,,,,,,,10,,,,,,,,
POR-Primeira Liga,2425,Benfica,Tomás Araújo,POR,DF,22.0,2002.0,25.7,,,,,,,23,,,,,,,,
POR-Primeira Liga,2425,Benfica,Vangelis Pavlidis,GRE,FW,25.0,1998.0,25.1,,,,,,,8,,,,,,,,
POR-Primeira Liga,2425,Benfica,Zeki Amdouni,SUI,"MF,FW",23.0,2000.0,9.5,,,,,,,3,,,,,,,,
POR-Primeira Liga,2425,Benfica,Álvaro Carreras,ESP,DF,21.0,2003.0,30.5,,,,,,,82,,,,,,,,
POR-Primeira Liga,2425,Benfica,Ángel Di María,ARG,"FW,MF",36.0,1988.0,18.3,,,,,,,136,,,,,,,,
POR-Primeira Liga,2425,Boavista,Abdoulay Diaby,MLI,"FW,MF",33.0,1991.0,9.9,,,,,,,9,,,,,,,,
POR-Primeira Liga,2425,Boavista,Alex Marques,POR,DF,18.0,2005.0,1.1,,,,,,,0,,,,,,,,
POR-Primeira Liga,2425,Boavista,Augusto Dabo,GNB,DF,20.0,2004.0,6.1,,,,,,,15,,,,,,,,
POR-Primeira Liga,2425,Boavista,Bruno Onyemaechi,NGA,"DF,MF",25.0,1999.0,17.4,,,,,,,62,,,,,,,,
POR-Primeira Liga,2425,Boavista,César,BRA,GK,32.0,1992.0,16.0,,,,,,,0,,,,,,,,
POR-Primeira Liga,2425,Boavista,Filipe Ferreira,POR,DF,33.0,1990.0,24.7,,,,,,,44,,,,,,,,
POR-Primeira Liga,2425,Boavista,Gboly Ariyibi,USA,"MF,FW",29.0,1995.0,3.8,,,,,,,8,,,,,,,,
POR-Primeira Liga,2425,Boavista,Gonçalo Almeida,POR,"DF,MF",21.0,2003.0,9.0,,,,,,,18,,,,,,,,
POR-Primeira Liga,2425,Boavista,Ibrahima Camará,GUI,"MF,DF",25.0,1999.0,14.8,,,,,,,9,,,,,,,,
POR-Primeira Liga,2425,Boavista,Ilija Vukotić,MNE,MF,25.0,1999.0,19.5,,,,,,,13,,,,,,,,
POR-Primeira Liga,2425,Boavista,Joel silva,POR,"MF,FW",21.0,2003.0,26.6,,,,,,,91,,,,,,,,
POR-Primeira Liga,2425,Boavista,João Ferreira Barros,POR,MF,18.0,2006.0,2.9,,,,,,,6,,,,,,,,
POR-Primeira Liga,2425,Boavista,João Gonçalves,POR,GK,23.0,2000.0,4.0,,,,,,,0,,,,,,,,
POR-Primeira Liga,2425,Boavista,Layvin Kurzawa,FRA,"MF,DF",31.0,1992.0,1.9,,,,,,,11,,,,,,,,
POR-Primeira Liga,2425,Boavista,Manuel Namora,POR,"MF,FW",26.0,1998.0,3.4,,,,,,,3,,,,,,,,
POR-Primeira Liga,2425,Boavista,Marco Ribeiro,POR,"MF,FW",19.0,2005.0,3.8,,,,,,,14,,,,,,,,
POR-Primeira Liga,2425,Boavista,Marco van Ginkel,NED,"MF,FW",31.0,1992.0,7.6,,,,,,,2,,,,,,,,
POR-Primeira Liga,2425,Boavista,Miguel Reisinho,POR,"MF,FW",25.0,1999.0,24.1,,,,,,,25,,,,,,,,
POR-Primeira Liga,2425,Boavista,Moussa Koné,SEN,"MF,FW",27.0,1996.0,3.5,,,,,,,2,,,,,,,,
POR-Primeira Liga,2425,Boavista,Osman Kakay,SLE,DF,26.0,1997.0,6.4,,,,,,,17,,,,,,,,
POR-Primeira Liga,2425,Boavista,Pedro gomes,POR,DF,21.0,2003.0,16.1,,,,,,,5,,,,,,,,
POR-Primeira Liga,2425,Boavista,Rodrigo Abascal,URU,DF,30.0,1994.0,28.9,,,,,,,32,,,,,,,,
POR-Primeira Liga,2425,Boavista,Róbert Boženík,SVK,FW,24.0,1999.0,30.6,,,,,,,15,,,,,,,,
POR-Primeira Liga,2425,Boavista,Salvador Agra,POR,"MF,DF",32.0,1991.0,30.3,,,,,,,164,,,,,,,,
POR-Primeira Liga,2425,Boavista,Sebastián Pérez,COL,MF,31.0,1993.0,22.5,,,,,,,5,,,,,,,,
POR-Primeira Liga,2425,Boavista,Sidoine Fogning,CMR,DF,22.0,2001.0,13.0,,,,,,,3,,,,,,,,
POR-Primeira Liga,2425,Boavista,Steven Vitória,CAN,DF,37.0,1987.0,2.4,,,,,,,0,,,,,,,,
POR-Primeira Liga,2425,Boavista,Tiago Machado,POR,FW,20.0,2004.0,1.4,,,,,,,3,,,,,,,,
POR-Primeira Liga,2425,Boavista,Tomás Silva,POR,DF,18.0,2006.0,1.0,,,,,,,2,,,,,,,,
POR-Primeira Liga,2425,Boavista,Tomáš Vaclík,CZE,GK,35.0,1989.0,12.0,,,,,,,0,,,,,,,,
POR-Primeira Liga,2425,Boavista,Tomé,POR,GK,17.0,2006.0,2.0,,,,,,,0,,,,,,,,
POR-Primeira Liga,2425,Boavista,Vitali Lystsov,RUS,DF,29.0,1995.0,5.3,,,,,,,3,,,,,,,,
POR-Primeira Liga,2425,Braga,Adrián Marín,ESP,DF,27.0,1997.0,7.9,,,,,,,13,,,,,,,,
POR-Primeira Liga,2425,Braga,Afonso Patrão,POR,FW,17.0,2007.0,2.7,,,,,,,0,,,,,,,,
POR-Primeira Liga,2425,Braga,Amine El Ouazzani,MAR,FW,23.0,2001.0,17.8,,,,,,,5,,,,,,,,
POR-Primeira Liga,2425,Braga,André Horta,POR,MF,27.0,1996.0,5.6,,,,,,,28,,,,,,,,
POR-Primeira Liga,2425,Braga,Bright Arrey-Mbi,GER,DF,21.0,2003.0,12.6,,,,,,,0,,,,,,,,
POR-Primeira Liga,2425,Braga,Bruma,POR,"MF,FW",29.0,1994.0,13.4,,,,,,,16,,,,,,,,
POR-Primeira Liga,2425,Braga,Diego Rodrigues,POR,MF,19.0,2005.0,1.8,,,,,,,3,,,,,,,,
POR-Primeira Liga,2425,Braga,Fran Navarro,ESP,FW,26.0,1998.0,7.4,,,,,,,2,,,,,,,,
POR-Primeira Liga,2425,Braga,Francisco Chissumba,POR,DF,19.0,2005.0,15.9,,,,,,,48,,,,,,,,
POR-Primeira Liga,2425,Braga,Gabri Martínez,ESP,MF,21.0,2003.0,17.1,,,,,,,55,,,,,,,,
POR-Primeira Liga,2425,Braga,Ismaël Gharbi,TUN,MF,20.0,2004.0,11.8,,,,,,,78,,,,,,,,
POR-Primeira Liga,2425,Braga,Jean Gorby,FRA,MF,22.0,2002.0,13.5,,,,,,,7,,,,,,,,
POR-Primeira Liga,2425,Braga,Joe Mendes,SWE,DF,21.0,2002.0,2.0,,,,,,,8,,,,,,,,
POR-Primeira Liga,2425,Braga,Jonatás Noro,POR,DF,19.0,2005.0,0.1,,,,,,,0,,,,,,,,
POR-Primeira Liga,2425,Braga,João Ferreira,POR,DF,23.0,2001.0,14.6,,,,,,,24,,,,,,,,
POR-Primeira Liga,2425,Braga,João Marques,POR,FW,22.0,2002.0,0.4,,,,,,,2,,,,,,,,
POR-Primeira Liga,2425,Braga,João Moutinho,POR,MF,37.0,1986.0,18.5,,,,,,,29,,,,,,,,
POR-Primeira Liga,2425,Braga,João Vasconcelos,POR,MF,19.0,2005.0,0.0,,,,,,,0,,,,,,,,
POR-Primeira Liga,2425,Braga,Lukáš Horníček,CZE,GK,22.0,2002.0,17.0,,,,,,,0,,,,,,,,
POR-Primeira Liga,2425,Braga,Matheus,BRA,GK,32.0,1992.0,17.0,,,,,,,0,,,,,,,,
POR-Primeira Liga,2425,Braga,Paulo Oliveira,POR,DF,32.0,1992.0,19.0,,,,,,,1,,,,,,,,
POR-Primeira Liga,2425,Braga,Rafik Guitane,FRA,"FW,MF",25.0,1999.0,0.0,,,,,,,0,,,,,,,,
POR-Primeira Liga,2425,Braga,Ricardo Horta,POR,"MF,FW",29.0,1994.0,31.5,,,,,,,110,,,,,,,,
POR-Primeira Liga,2425,Braga,Roberto Férnandez,ESP,FW,22.0,2002.0,5.6,,,,,,,2,,,,,,,,
POR-Primeira Liga,2425,Braga,Robson Bambu,BRA,DF,26.0,1997.0,11.4,,,,,,,1,,,,,,,,
POR-Primeira Liga,2425,Braga,Rodrigo Zalazar,URU,MF,24.0,1999.0,15.4,,,,,,,80,,,,,,,,
POR-Primeira Liga,2425,Braga,Roger Fernandes,POR,MF,18.0,2005.0,19.3,,,,,,,125,,,,,,,,
POR-Primeira Liga,2425,Braga,Rúben Furtado,POR,MF,18.0,2005.0,0.6,,,,,,,2,,,,,,,,
POR-Primeira Liga,2425,Braga,Sikou Niakaté,MLI,DF,25.0,1999.0,21.8,,,,,,,5,,,,,,,,
POR-Primeira Liga,2425,Braga,Simon Banza,COD,"FW,MF",27.0,1996.0,0.2,,,,,,,0,,,,,,,,
POR-Primeira Liga,2425,Braga,Thiago Helguera,URU,MF,18.0,2006.0,0.1,,,,,,,0,,,,,,,,
POR-Primeira Liga,2425,Braga,Uroš Račić,SRB,MF,26.0,1998.0,8.0,,,,,,,0,,,,,,,,
POR-Primeira Liga,2425,Braga,Victor Gomez,ESP,DF,24.0,2000.0,21.2,,,,,,,89,,,,,,,,
POR-Primeira Liga,2425,Braga,Vitor Carvalho,BRA,MF,27.0,1997.0,16.7,,,,,,,3,,,,,,,,
POR-Primeira Liga,2425,Braga,Yuri Ribeiro,POR,"MF,DF",27.0,1997.0,5.1,,,,,,,13,,,,,,,,
POR-Primeira Liga,2425,Casa Pia,Andrian Kraev,BUL,MF,25.0,1999.0,18.5,,,,,,,8,,,,,,,,
POR-Primeira Liga,2425,Casa Pia,André Geraldes,POR,"MF,DF",33.0,1991.0,14.9,,,,,,,21,,,,,,,,
POR-Primeira Liga,2425,Casa Pia,Beni,ANG,MF,22.0,2002.0,8.3,,,,,,,0,,,,,,,,
POR-Primeira Liga,2425,Casa Pia,Cassiano,BRA,FW,35.0,1989.0,22.0,,,,,,,11,,,,,,,,
POR-Primeira Liga,2425,Casa Pia,Cauê,BRA,FW,21.0,2002.0,3.9,,,,,,,1,,,,,,,,
POR-Primeira Liga,2425,Casa Pia,Daniel Azevedo,POR,GK,26.0,1998.0,1.0,,,,,,,0,,,,,,,,
POR-Primeira Liga,2425,Casa Pia,Duplexe Tchamba,CMR,DF,26.0,1998.0,20.2,,,,,,,4,,,,,,,,
POR-Primeira Liga,2425,Casa Pia,Fahem Benaissa Yahia,FRA,MF,22.0,2002.0,4.3,,,,,,,7,,,,,,,,
POR-Primeira Liga,2425,Casa Pia,Henrique Pereira,POR,"FW,MF",22.0,2002.0,8.4,,,,,,,26,,,,,,,,
POR-Primeira Liga,2425,Casa Pia,Isaac Monteiro,POR,DF,20.0,2004.0,0.0,,,,,,,0,,,,,,,,
POR-Primeira Liga,2425,Casa Pia,Iyad Mohamed,COM,MF,23.0,2001.0,5.4,,,,,,,8,,,,,,,,
POR-Primeira Liga,2425,Casa Pia,José Fonte,POR,DF,40.0,1983.0,22.5,,,,,,,1,,,,,,,,
POR-Primeira Liga,2425,Casa Pia,João Goulart Silva,POR,DF,24.0,2000.0,31.5,,,,,,,0,,,,,,,,
POR-Primeira Liga,2425,Casa Pia,Jérémy Livolant,FRA,"FW,MF",26.0,1998.0,20.0,,,,,,,65,,,,,,,,
POR-Primeira Liga,2425,Casa Pia,Khaly,ANG,DF,20.0,2003.0,0.0,,,,,,,0,,,,,,,,
POR-Primeira Liga,2425,Casa Pia,Korede Osundina,USA,FW,20.0,2004.0,1.9,,,,,,,2,,,,,,,,
POR-Primeira Liga,2425,Casa Pia,Larra,ESP,MF,26.0,1997.0,24.9,,,,,,,63,,,,,,,,
POR-Primeira Liga,2425,Casa Pia,Leonardo Lelo,POR,MF,24.0,2000.0,31.6,,,,,,,151,,,,,,,,
POR-Primeira Liga,2425,Casa Pia,Max Svensson,ESP,"FW,MF",22.0,2001.0,9.4,,,,,,,11,,,,,,,,
POR-Primeira Liga,2425,Casa Pia,Miguel Sousa,POR,"MF,FW",25.0,1998.0,11.7,,,,,,,28,,,,,,,,
POR-Primeira Liga,2425,Casa Pia,Nermin Zolotić,BIH,DF,31.0,1993.0,7.0,,,,,,,1,,,,,,,,
POR-Primeira Liga,2425,Casa Pia,Nuno Gonçalo Moreira,POR,"FW,MF",25.0,1999.0,16.6,,,,,,,48,,,,,,,,
POR-Primeira Liga,2425,Casa Pia,Pablo Roberto,BRA,"MF,FW",24.0,1999.0,12.4,,,,,,,17,,,,,,,,
POR-Primeira Liga,2425,Casa Pia,Patrick Sequeira,CRC,GK,25.0,1999.0,32.0,,,,,,,0,,,,,,,,
POR-Primeira Liga,2425,Casa Pia,Rafael Brito,POR,MF,22.0,2002.0,11.2,,,,,,,8,,,,,,,,
POR-Primeira Liga,2425,Casa Pia,Raúl Blanco,ESP,FW,23.0,2001.0,2.8,,,,,,,0,,,,,,,,
POR-Primeira Liga,2425,Casa Pia,Renato Nhaga,GNB,MF,17.0,2007.0,1.1,,,,,,,0,,,,,,,,
POR-Primeira Liga,2425,Casa Pia,Ricardo Batista,POR,GK,37.0,1986.0,1.0,,,,,,,0,,,,,,,,
POR-Primeira Liga,2425,Casa Pia,Ruben Kluivert,NED,DF,23.0,2001.0,13.7,,,,,,,2,,,,,,,,
POR-Primeira Liga,2425,Casa Pia,Samuel Obeng,GHA,FW,27.0,1997.0,4.1,,,,,,,0,,,,,,,,
POR-Primeira Liga,2425,Casa Pia,Telasco Segovia,VEN,MF,21.0,2003.0,10.1,,,,,,,2,,,,,,,,
POR-Primeira Liga,2425,Casa Pia,Tiago Dias,POR,FW,26.0,1998.0,0.8,,,,,,,24,,,,,,,,
POR-Primeira Liga,2425,Estoril,Alejandro Marqués,VEN,FW,23.0,2000.0,18.8,,,,,,,2,,,,,,,,
POR-Primeira Liga,2425,Estoril,André Lacximicant,POR,FW,23.0,2001.0,11.0,,,,,,,11,,,,,,,,
POR-Primeira Liga,2425,Estoril,Bernardo Vital,POR,DF,23.0,2000.0,0.3,,,,,,,0,,,,,,,,
POR-Primeira Liga,2425,Estoril,Daniel Figueira,POR,GK,26.0,1998.0,1.0,,,,,,,0,,,,,,,,
POR-Primeira Liga,2425,Estoril,Eliaquim Mangala,FRA,DF,33.0,1991.0,4.7,,,,,,,1,,,,,,,,
POR-Primeira Liga,2425,Estoril,Fabrício Garcia,CPV,"MF,FW",23.0,2001.0,14.1,,,,,,,23,,,,,,,,
POR-Primeira Liga,2425,Estoril,Felix Bacher,AUT,DF,23.0,2000.0,23.0,,,,,,,0,,,,,,,,
POR-Primeira Liga,2425,Estoril,Francisco Pereira,POR,MF,22.0,2002.0,0.1,,,,,,,0,,,,,,,,
POR-Primeira Liga,2425,Estoril,Gonçalo Costa,POR,"MF,DF",24.0,2000.0,5.7,,,,,,,24,,,,,,,,
POR-Primeira Liga,2425,Estoril,Hélder Costa,ANG,"FW,MF",30.0,1994.0,6.7,,,,,,,15,,,,,,,,
POR-Primeira Liga,2425,Estoril,Jandro Orellana,ESP,MF,23.0,2000.0,11.3,,,,,,,23,,,,,,,,
POR-Primeira Liga,2425,Estoril,Joel Robles,ESP,GK,34.0,1990.0,29.0,,,,,,,0,,,,,,,,
POR-Primeira Liga,2425,Estoril,Jordan Holsgrove,SCO,MF,24.0,1999.0,26.5,,,,,,,102,,,,,,,,
POR-Primeira Liga,2425,Estoril,João Carvalho,POR,"FW,MF",27.0,1997.0,25.6,,,,,,,45,,,,,,,,
POR-Primeira Liga,2425,Estoril,Kevin Chamorro,CRC,GK,24.0,2000.0,4.0,,,,,,,0,,,,,,,,
POR-Primeira Liga,2425,Estoril,Kévin Boma,TOG,DF,21.0,2002.0,27.4,,,,,,,0,,,,,,,,
POR-Primeira Liga,2425,Estoril,Michel Costa,BRA,MF,22.0,2001.0,6.6,,,,,,,3,,,,,,,,
POR-Primeira Liga,2425,Estoril,Pedro Amaral,POR,"DF,MF",26.0,1997.0,26.6,,,,,,,68,,,,,,,,
POR-Primeira Liga,2425,Estoril,Pedro Carvalho,POR,"MF,DF",21.0,2003.0,8.5,,,,,,,42,,,,,,,,
POR-Primeira Liga,2425,Estoril,Pedro Álvaro,POR,DF,24.0,2000.0,29.1,,,,,,,1,,,,,,,,
POR-Primeira Liga,2425,Estoril,Rafik Guitane,FRA,"FW,MF",25.0,1999.0,9.5,,,,,,,16,,,,,,,,
POR-Primeira Liga,2425,Estoril,Sala,ESP,FW,21.0,2003.0,1.9,,,,,,,3,,,,,,,,
POR-Primeira Liga,2425,Estoril,Tiago Brito,POR,DF,20.0,2004.0,1.1,,,,,,,0,,,,,,,,
POR-Primeira Liga,2425,Estoril,Tiago Parente,POR,DF,20.0,2004.0,0.2,,,,,,,0,,,,,,,,
POR-Primeira Liga,2425,Estoril,Vinícius Zanocelo,BRA,MF,23.0,2001.0,23.1,,,,,,,6,,,,,,,,
POR-Primeira Liga,2425,Estoril,Wagner Pina,CPV,"MF,DF",21.0,2002.0,26.3,,,,,,,44,,,,,,,,
POR-Primeira Liga,2425,Estoril,Xeka,POR,MF,29.0,1994.0,10.4,,,,,,,13,,,,,,,,
POR-Primeira Liga,2425,Estoril,Yanis Begraoui,MAR,"FW,MF",23.0,2001.0,21.3,,,,,,,14,,,,,,,,
POR-Primeira Liga,2425,Estrela,Alan Ruiz,ARG,"MF,FW",30.0,1993.0,16.3,,,,,,,71,,,,,,,,
POR-Primeira Liga,2425,Estrela,Alex Sola,ANG,MF,20.0,2003.0,0.2,,,,,,,0,,,,,,,,
POR-Primeira Liga,2425,Estrela,Amine Oudrhiri,MAR,MF,31.0,1992.0,8.0,,,,,,,0,,,,,,,,
POR-Primeira Liga,2425,Estrela,André Inácio,BRA,"MF,FW",22.0,2002.0,7.1,,,,,,,12,,,,,,,,
POR-Primeira Liga,2425,Estrela,Bilal Abdelrahman Zeeni,EGY,FW,21.0,2003.0,0.1,,,,,,,0,,,,,,,,
POR-Primeira Liga,2425,Estrela,Bruno Brigido,BRA,GK,33.0,1991.0,17.5,,,,,,,0,,,,,,,,
POR-Primeira Liga,2425,Estrela,Caio Santana,BRA,FW,20.0,2004.0,2.0,,,,,,,0,,,,,,,,
POR-Primeira Liga,2425,Estrela,Chico Banza,ANG,"FW,MF",25.0,1998.0,7.6,,,,,,,18,,,,,,,,
POR-Primeira Liga,2425,Estrela,Daniel Cabral,BRA,MF,22.0,2002.0,0.0,,,,,,,0,,,,,,,,
POR-Primeira Liga,2425,Estrela,Danilo Veiga,POR,"MF,DF",21.0,2002.0,14.2,,,,,,,48,,,,,,,,
POR-Primeira Liga,2425,Estrela,Diogo Travassos,POR,"MF,DF",20.0,2004.0,19.2,,,,,,,83,,,,,,,,
POR-Primeira Liga,2425,Estrela,Francisco Meixedo,POR,GK,23.0,2001.0,0.5,,,,,,,0,,,,,,,,
POR-Primeira Liga,2425,Estrela,Francisco Reis Ferreira,POR,DF,27.0,1997.0,15.7,,,,,,,7,,,,,,,,
POR-Primeira Liga,2425,Estrela,Fábio Conceição,POR,"FW,MF",23.0,2001.0,7.6,,,,,,,8,,,,,,,,
POR-Primeira Liga,2425,Estrela,Gerson Sousa,POR,MF,22.0,2002.0,0.7,,,,,,,1,,,,,,,,
POR-Primeira Liga,2425,Estrela,Guilherme Serrão,POR,"MF,DF",20.0,2003.0,8.3,,,,,,,22,,,,,,,,
POR-Primeira Liga,2425,Estrela,Gustavo Henrique,BRA,MF,25.0,1999.0,2.5,,,,,,,2,,,,,,,,
POR-Primeira Liga,2425,Estrela,Igor,BRA,MF,21.0,2003.0,8.9,,,,,,,3,,,,,,,,
POR-Primeira Liga,2425,Estrela,Issiar Dramé,MLI,DF,25.0,1999.0,17.7,,,,,,,1,,,,,,,,
POR-Primeira Liga,2425,Estrela,Jovane Cabral,CPV,"FW,MF",26.0,1998.0,12.8,,,,,,,37,,,,,,,,
POR-Primeira Liga,2425,Estrela,João Costa,POR,GK,28.0,1996.0,14.0,,,,,,,0,,,,,,,,
POR-Primeira Liga,2425,Estrela,Juan Mina,COL,DF,20.0,2004.0,0.2,,,,,,,0,,,,,,,,
POR-Primeira Liga,2425,Estrela,Keliano,ANG,MF,21.0,2003.0,10.8,,,,,,,5,,,,,,,,
POR-Primeira Liga,2425,Estrela,Kikas,POR,FW,25.0,1998.0,23.4,,,,,,,39,,,,,,,,
POR-Primeira Liga,2425,Estrela,Leo Cordeiro,BRA,MF,28.0,1995.0,20.7,,,,,,,9,,,,,,,,
POR-Primeira Liga,2425,Estrela,Leonel Bucca,ARG,"MF,FW",25.0,1999.0,15.0,,,,,,,12,,,,,,,,
POR-Primeira Liga,2425,Estrela,Manú,ANG,FW,18.0,2005.0,0.5,,,,,,,0,,,,,,,,
POR-Primeira Liga,2425,Estrela,Marko Gudžulić,SRB,GK,22.0,2002.0,2.0,,,,,,,0,,,,,,,,
POR-Primeira Liga,2425,Estrela,Miguel Lopes,POR,DF,37.0,1986.0,12.7,,,,,,,1,,,,,,,,
POR-Primeira Liga,2425,Estrela,Nani,POR,"MF,FW",37.0,1986.0,5.2,,,,,,,22,,,,,,,,
POR-Primeira Liga,2425,Estrela,Nilton Varela,POR,"MF,DF",23.0,2001.0,24.5,,,,,,,59,,,,,,,,
POR-Primeira Liga,2425,Estrela,Paulo Moreira,POR,MF,24.0,2000.0,14.4,,,,,,,9,,,,,,,,
POR-Primeira Liga,2425,Estrela,Petterson,BRA,FW,20.0,2004.0,0.8,,,,,,,2,,,,,,,,
POR-Primeira Liga,2425,Estrela,Renato Pantalon,CRO,DF,26.0,1997.0,7.8,,,,,,,1,,,,,,,,
POR-Primeira Liga,2425,Estrela,Rodrigo Pinho,BRA,FW,33.0,1991.0,18.5,,,,,,,4,,,,,,,,
POR-Primeira Liga,2425,Estrela,Rúben Lima,POR,DF,34.0,1989.0,19.8,,,,,,,32,,,,,,,,
POR-Primeira Liga,2425,Estrela,Semeu Commey,GHA,DF,20.0,2004.0,0.5,,,,,,,1,,,,,,,,
POR-Primeira Liga,2425,Estrela,Tiago Ferreira,POR,FW,22.0,2002.0,0.6,,,,,,,3,,,,,,,,
POR-Primeira Liga,2425,Estrela,Tiago Gabriel,POR,DF,19.0,2004.0,10.9,,,,,,,2,,,,,,,,
POR-Primeira Liga,2425,Estrela,Till Cissokho,FRA,DF,24.0,2000.0,4.0,,,,,,,0,,,,,,,,
POR-Primeira Liga,2425,Famalicão,Afonso Rodrigues,POR,FW,21.0,2002.0,0.1,,,,,,,1,,,,,,,,
POR-Primeira Liga,2425,Famalicão,Enea Mihaj,ALB,DF,26.0,1998.0,28.1,,,,,,,1,,,,,,,,
POR-Primeira Liga,2425,Famalicão,Gil Bastião Dias,POR,MF,27.0,1996.0,15.6,,,,,,,35,,,,,,,,
POR-Primeira Liga,2425,Famalicão,Gustavo sá,POR,MF,19.0,2004.0,28.0,,,,,,,58,,,,,,,,
POR-Primeira Liga,2425,Famalicão,Ibrahima Ba,SEN,DF,19.0,2005.0,1.1,,,,,,,0,,,,,,,,
POR-Primeira Liga,2425,Famalicão,Ivan Zlobin,RUS,GK,27.0,1997.0,15.0,,,,,,,0,,,,,,,,
POR-Primeira Liga,2425,Famalicão,Justin de Haas,NED,DF,24.0,2000.0,27.4,,,,,,,1,,,,,,,,
POR-Primeira Liga,2425,Famalicão,Lazar Carević,MNE,GK,25.0,1999.0,18.0,,,,,,,0,,,,,,,,
POR-Primeira Liga,2425,Famalicão,Leonardo Oliveira,POR,FW,19.0,2005.0,0.3,,,,,,,0,,,,,,,,
POR-Primeira Liga,2425,Famalicão,Leonardo Realpe,ECU,DF,23.0,2001.0,5.0,,,,,,,0,,,,,,,,
POR-Primeira Liga,2425,Famalicão,Lucas Calegari,BRA,DF,22.0,2002.0,16.5,,,,,,,16,,,,,,,,
POR-Primeira Liga,2425,Famalicão,Luiz Lúcio Reis Júnior,BRA,GK,23.0,2001.0,1.0,,,,,,,0,,,,,,,,
POR-Primeira Liga,2425,Famalicão,Marcos Vinicios Sorriso,BRA,MF,23.0,2001.0,22.4,,,,,,,128,,,,,,,,
POR-Primeira Liga,2425,Famalicão,Mario González,ESP,FW,28.0,1996.0,6.4,,,,,,,2,,,,,,,,
POR-Primeira Liga,2425,Famalicão,Mathias De Amorim,POR,MF,19.0,2004.0,11.9,,,,,,,12,,,,,,,,
POR-Primeira Liga,2425,Famalicão,Mirko Topić,SRB,MF,23.0,2001.0,25.8,,,,,,,11,,,,,,,,
POR-Primeira Liga,2425,Famalicão,Moura,POR,DF,24.0,1999.0,4.0,,,,,,,12,,,,,,,,
POR-Primeira Liga,2425,Famalicão,Otar Mamageishvili,GEO,MF,21.0,2003.0,0.5,,,,,,,0,,,,,,,,
POR-Primeira Liga,2425,Famalicão,Otso Liimatta,FIN,MF,20.0,2004.0,1.3,,,,,,,1,,,,,,,,
POR-Primeira Liga,2425,Famalicão,Pedro Bondo,ANG,DF,19.0,2004.0,2.0,,,,,,,19,,,,,,,,
POR-Primeira Liga,2425,Famalicão,Rafa Soares,POR,DF,29.0,1995.0,23.2,,,,,,,136,,,,,,,,
POR-Primeira Liga,2425,Famalicão,Riccieli,BRA,DF,25.0,1998.0,6.5,,,,,,,0,,,,,,,,
POR-Primeira Liga,2425,Famalicão,Rochinha,POR,MF,29.0,1995.0,10.0,,,,,,,40,,,,,,,,
POR-Primeira Liga,2425,Famalicão,Rodrigo Pinheiro,POR,DF,21.0,2002.0,22.2,,,,,,,64,,,,,,,,
POR-Primeira Liga,2425,Famalicão,Samuel Lobato,POR,MF,22.0,2001.0,0.8,,,,,,,0,,,,,,,,
POR-Primeira Liga,2425,Famalicão,Simon Elisor,FRA,FW,25.0,1999.0,6.6,,,,,,,3,,,,,,,,
POR-Primeira Liga,2425,Famalicão,Tom van de Looi,NED,MF,25.0,1999.0,19.5,,,,,,,12,,,,,,,,
POR-Primeira Liga,2425,Famalicão,Václav Sejk,CZE,FW,22.0,2002.0,9.5,,,,,,,0,,,,,,,,
POR-Primeira Liga,2425,Famalicão,Yassir Zabiri,MAR,MF,19.0,2005.0,0.6,,,,,,,4,,,,,,,,
POR-Primeira Liga,2425,Famalicão,Zaydou Youssouf,COM,MF,25.0,1999.0,14.8,,,,,,,21,,,,,,,,
POR-Primeira Liga,2425,Famalicão,Óscar Aranda,ESP,"MF,FW",22.0,2002.0,28.9,,,,,,,56,,,,,,,,
POR-Primeira Liga,2425,Farense,André Candeias,POR,FW,21.0,2003.0,0.4,,,,,,,2,,,,,,,,
POR-Primeira Liga,2425,Farense,André Seruca,POR,MF,23.0,2000.0,0.2,,,,,,,0,,,,,,,,
POR-Primeira Liga,2425,Farense,Artur Jorge,POR,DF,29.0,1994.0,14.2,,,,,,,3,,,,,,,,
POR-Primeira Liga,2425,Farense,Bachir Belloumi,ALG,MF,22.0,2002.0,3.0,,,,,,,9,,,,,,,,
POR-Primeira Liga,2425,Farense,Bruno Santos,POR,FW,21.0,2003.0,0.6,,,,,,,1,,,,,,,,
POR-Primeira Liga,2425,Farense,Claudio Falcão,BRA,"DF,MF",30.0,1994.0,31.7,,,,,,,4,,,,,,,,
POR-Primeira Liga,2425,Farense,Darío Poveda,ESP,FW,27.0,1997.0,11.0,,,,,,,3,,,,,,,,
POR-Primeira Liga,2425,Farense,David Pastor,BRA,"DF,MF",24.0,2000.0,28.9,,,,,,,73,,,,,,,,
POR-Primeira Liga,2425,Farense,Derick,BRA,"MF,DF",30.0,1993.0,15.7,,,,,,,59,,,,,,,,
POR-Primeira Liga,2425,Farense,Elves Baldé,GNB,"MF,FW",24.0,1999.0,11.6,,,,,,,53,,,,,,,,
POR-Primeira Liga,2425,Farense,Filipe Soares,POR,MF,25.0,1999.0,6.7,,,,,,,6,,,,,,,,
POR-Primeira Liga,2425,Farense,Geovanny,POR,MF,20.0,2004.0,1.8,,,,,,,0,,,,,,,,
POR-Primeira Liga,2425,Farense,Jaime Pinto,POR,MF,26.0,1997.0,2.6,,,,,,,5,,,,,,,,
POR-Primeira Liga,2425,Farense,Jhon Velásquez,COL,MF,29.0,1995.0,0.2,,,,,,,3,,,,,,,,
POR-Primeira Liga,2425,Farense,Kaique,BRA,GK,21.0,2003.0,6.0,,,,,,,0,,,,,,,,
POR-Primeira Liga,2425,Farense,Lucas Áfrico,BRA,DF,29.0,1995.0,19.5,,,,,,,2,,,,,,,,
POR-Primeira Liga,2425,Farense,Marco Matias,POR,"FW,MF",35.0,1989.0,14.0,,,,,,,75,,,,,,,,
POR-Primeira Liga,2425,Farense,Marco Moreno,ESP,DF,23.0,2001.0,22.7,,,,,,,0,,,,,,,,
POR-Primeira Liga,2425,Farense,Mehdi Merghem,ALG,"MF,FW",27.0,1997.0,5.1,,,,,,,27,,,,,,,,
POR-Primeira Liga,2425,Farense,Miguel Menino,POR,MF,21.0,2003.0,20.3,,,,,,,20,,,,,,,,
POR-Primeira Liga,2425,Farense,Neto,BRA,MF,32.0,1991.0,19.6,,,,,,,9,,,,,,,,
POR-Primeira Liga,2425,Farense,Paulo Victor,BRA,"DF,MF",23.0,2001.0,18.0,,,,,,,28,,,,,,,,
POR-Primeira Liga,2425,Farense,Rafael Barbosa,POR,MF,28.0,1996.0,4.0,,,,,,,29,,,,,,,,
POR-Primeira Liga,2425,Farense,Rafinha,POR,MF,18.0,2006.0,0.0,,,,,,,0,,,,,,,,
POR-Primeira Liga,2425,Farense,Raul Silva,BRA,DF,34.0,1989.0,5.3,,,,,,,1,,,,,,,,
POR-Primeira Liga,2425,Farense,Ricardo Velho,POR,GK,25.0,1998.0,28.0,,,,,,,0,,,,,,,,
POR-Primeira Liga,2425,Farense,Rivaldo,,DF,23.0,2000.0,5.0,,,,,,,29,,,,,,,,
POR-Primeira Liga,2425,Farense,Rony Lopes,POR,"MF,FW",28.0,1995.0,12.5,,,,,,,83,,,,,,,,
POR-Primeira Liga,2425,Farense,Rui Costa,POR,FW,28.0,1996.0,7.7,,,,,,,11,,,,,,,,
POR-Primeira Liga,2425,Farense,Samuel Justo,POR,MF,20.0,2004.0,2.3,,,,,,,4,,,,,,,,
POR-Primeira Liga,2425,Farense,Talys Oliveira,BRA,DF,25.0,1999.0,2.8,,,,,,,27,,,,,,,,
POR-Primeira Liga,2425,Farense,Tomané,POR,FW,31.0,1992.0,18.4,,,,,,,23,,,,,,,,
POR-Primeira Liga,2425,Farense,Tomás Ribeiro,POR,DF,25.0,1999.0,7.2,,,,,,,6,,,,,,,,
POR-Primeira Liga,2425,Farense,Yusupha Njie,GAM,"FW,MF",30.0,1994.0,7.0,,,,,,,8,,,,,,,,
POR-Primeira Liga,2425,Farense,Zé Carlos,POR,MF,22.0,2001.0,7.4,,,,,,,2,,,,,,,,
POR-Primeira Liga,2425,Farense,Álex Bermejo,ESP,"MF,FW",25.0,1998.0,6.6,,,,,,,25,,,,,,,,
POR-Primeira Liga,2425,Farense,Álex Millán,ESP,"FW,MF",24.0,1999.0,4.5,,,,,,,0,,,,,,,,
POR-Primeira Liga,2425,Gil Vicente,Andrew,BRA,GK,23.0,2001.0,33.0,,,,,,,0,,,,,,,,
POR-Primeira Liga,2425,Gil Vicente,Brian Araújo,FRA,GK,24.0,2000.0,1.0,,,,,,,0,,,,,,,,
POR-Primeira Liga,2425,Gil Vicente,Carlos Eduardo,BRA,FW,21.0,2002.0,2.7,,,,,,,3,,,,,,,,
POR-Primeira Liga,2425,Gil Vicente,Cauê,BRA,FW,21.0,2002.0,7.4,,,,,,,2,,,,,,,,
POR-Primeira Liga,2425,Gil Vicente,Depú,ANG,FW,24.0,2000.0,0.5,,,,,,,0,,,,,,,,
POR-Primeira Liga,2425,Gil Vicente,Diego Collado,ESP,"FW,MF",23.0,2001.0,0.3,,,,,,,1,,,,,,,,
POR-Primeira Liga,2425,Gil Vicente,Diogo Pereira,POR,MF,21.0,2003.0,0.8,,,,,,,0,,,,,,,,
POR-Primeira Liga,2425,Gil Vicente,Facundo Cáseres,ARG,MF,23.0,2001.0,15.6,,,,,,,1,,,,,,,,
POR-Primeira Liga,2425,Gil Vicente,Félix Correia,POR,"MF,FW",23.0,2001.0,32.1,,,,,,,181,,,,,,,,
POR-Primeira Liga,2425,Gil Vicente,Gui Beleza,POR,MF,17.0,2006.0,0.0,,,,,,,0,,,,,,,,
POR-Primeira Liga,2425,Gil Vicente,Jesús Castillo,PER,MF,23.0,2001.0,9.1,,,,,,,10,,,,,,,,
POR-Primeira Liga,2425,Gil Vicente,Jonathan Buatu,ANG,DF,30.0,1993.0,20.3,,,,,,,2,,,,,,,,
POR-Primeira Liga,2425,Gil Vicente,Jonathan Mutombo,FRA,DF,21.0,2002.0,8.5,,,,,,,14,,,,,,,,
POR-Primeira Liga,2425,Gil Vicente,Jordi Mboula,ESP,"MF,FW",25.0,1999.0,12.8,,,,,,,22,,,,,,,,
POR-Primeira Liga,2425,Gil Vicente,Jorge Aguirre,CUB,FW,24.0,2000.0,15.0,,,,,,,5,,,,,,,,
POR-Primeira Liga,2425,Gil Vicente,Josué Sá,POR,DF,32.0,1992.0,14.3,,,,,,,1,,,,,,,,
POR-Primeira Liga,2425,Gil Vicente,João Marques,POR,MF,22.0,2002.0,6.5,,,,,,,11,,,,,,,,
POR-Primeira Liga,2425,Gil Vicente,João Pinto,POR,FW,21.0,2002.0,0.0,,,,,,,0,,,,,,,,
POR-Primeira Liga,2425,Gil Vicente,João Teixeira,POR,MF,30.0,1994.0,3.7,,,,,,,19,,,,,,,,
POR-Primeira Liga,2425,Gil Vicente,Kanya Fujimoto,JPN,MF,25.0,1999.0,24.7,,,,,,,36,,,,,,,,
POR-Primeira Liga,2425,Gil Vicente,Kazu,BRA,DF,24.0,2000.0,5.9,,,,,,,18,,,,,,,,
POR-Primeira Liga,2425,Gil Vicente,Marvin Elimbi,FRA,DF,21.0,2003.0,4.8,,,,,,,0,,,,,,,,
POR-Primeira Liga,2425,Gil Vicente,Maxime Dominguez,SUI,MF,28.0,1996.0,2.8,,,,,,,4,,,,,,,,
POR-Primeira Liga,2425,Gil Vicente,Mohamed Bamba,CIV,MF,19.0,2004.0,10.6,,,,,,,5,,,,,,,,
POR-Primeira Liga,2425,Gil Vicente,Mory Gbane,CIV,"MF,DF",23.0,2000.0,16.3,,,,,,,1,,,,,,,,
POR-Primeira Liga,2425,Gil Vicente,Pablo,BRA,FW,20.0,2004.0,8.9,,,,,,,1,,,,,,,,
POR-Primeira Liga,2425,Gil Vicente,Rodrigo Rodrigues,POR,FW,16.0,2007.0,0.1,,,,,,,0,,,,,,,,
POR-Primeira Liga,2425,Gil Vicente,Rúben Fernandes,POR,DF,38.0,1986.0,27.8,,,,,,,2,,,,,,,,
POR-Primeira Liga,2425,Gil Vicente,Sandro Cruz,ANG,DF,23.0,2001.0,23.1,,,,,,,39,,,,,,,,
POR-Primeira Liga,2425,Gil Vicente,Santiago García,ESP,MF,22.0,2001.0,16.4,,,,,,,5,,,,,,,,
POR-Primeira Liga,2425,Gil Vicente,Sergio Bermejo,ESP,"MF,FW",26.0,1997.0,5.3,,,,,,,6,,,,,,,,
POR-Primeira Liga,2425,Gil Vicente,Sphephelo Sithole,RSA,MF,25.0,1999.0,0.6,,,,,,,0,,,,,,,,
POR-Primeira Liga,2425,Gil Vicente,Tidjany Chabrol,FRA,"MF,FW",22.0,2002.0,11.6,,,,,,,12,,,,,,,,
POR-Primeira Liga,2425,Gil Vicente,Zé Carlos,POR,DF,26.0,1998.0,30.1,,,,,,,55,,,,,,,,
POR-Primeira Liga,2425,Moreirense,Afonso Assis,POR,MF,18.0,2006.0,0.2,,,,,,,0,,,,,,,,
POR-Primeira Liga,2425,Moreirense,Alan,BRA,MF,24.0,2000.0,27.9,,,,,,,83,,,,,,,,
POR-Primeira Liga,2425,Moreirense,André Castro,POR,MF,36.0,1988.0,0.2,,,,,,,0,,,,,,,,
POR-Primeira Liga,2425,Moreirense,Bernardo Martins,POR,"MF,FW",26.0,1997.0,18.2,,,,,,,22,,,,,,,,
POR-Primeira Liga,2425,Moreirense,Caio Secco,BRA,GK,33.0,1990.0,5.0,,,,,,,0,,,,,,,,
POR-Primeira Liga,2425,Moreirense,Carlos Ponck,CPV,DF,29.0,1995.0,5.4,,,,,,,0,,,,,,,,
POR-Primeira Liga,2425,Moreirense,Cédric Teguia,ESP,MF,22.0,2001.0,10.1,,,,,,,29,,,,,,,,
POR-Primeira Liga,2425,Moreirense,Dani Morer,ESP,DF,26.0,1998.0,0.1,,,,,,,1,,,,,,,,
POR-Primeira Liga,2425,Moreirense,Dinis Pinto,POR,DF,23.0,2000.0,24.1,,,,,,,65,,,,,,,,
POR-Primeira Liga,2425,Moreirense,Fabiano Souza,BRA,DF,24.0,2000.0,7.8,,,,,,,23,,,,,,,,
POR-Primeira Liga,2425,Moreirense,Gabriel Airton de Souza,BRA,MF,28.0,1996.0,10.1,,,,,,,9,,,,,,,,
POR-Primeira Liga,2425,Moreirense,Gilberto Batista,GNB,DF,20.0,2003.0,3.5,,,,,,,0,,,,,,,,
POR-Primeira Liga,2425,Moreirense,Godfried Frimpong,NED,DF,25.0,1999.0,28.2,,,,,,,80,,,,,,,,
POR-Primeira Liga,2425,Moreirense,Guilherme Liberato,BRA,MF,23.0,2001.0,0.5,,,,,,,0,,,,,,,,
POR-Primeira Liga,2425,Moreirense,Guilherme Schettine,BRA,FW,28.0,1995.0,18.9,,,,,,,8,,,,,,,,
POR-Primeira Liga,2425,Moreirense,Ismael,POR,MF,25.0,1999.0,22.5,,,,,,,16,,,,,,,,
POR-Primeira Liga,2425,Moreirense,Ivo Rodrigues,POR,MF,29.0,1995.0,8.4,,,,,,,7,,,,,,,,
POR-Primeira Liga,2425,Moreirense,Jeremy Antonisse,CUW,"MF,FW",22.0,2002.0,9.3,,,,,,,29,,,,,,,,
POR-Primeira Liga,2425,Moreirense,Joel Jorquera,ESP,MF,23.0,2000.0,4.8,,,,,,,10,,,,,,,,
POR-Primeira Liga,2425,Moreirense,Kewin,BRA,GK,28.0,1995.0,29.0,,,,,,,0,,,,,,,,
POR-Primeira Liga,2425,Moreirense,Lawrence Ofori,GHA,MF,26.0,1998.0,19.8,,,,,,,3,,,,,,,,
POR-Primeira Liga,2425,Moreirense,Leonardo Buta,POR,DF,22.0,2002.0,5.6,,,,,,,8,,,,,,,,
POR-Primeira Liga,2425,Moreirense,Luismi,EQG,FW,23.0,2001.0,15.2,,,,,,,4,,,,,,,,
POR-Primeira Liga,2425,Moreirense,Madson,BRA,MF,24.0,1999.0,13.0,,,,,,,45,,,,,,,,
POR-Primeira Liga,2425,Moreirense,Maracás,BRA,DF,30.0,1994.0,26.6,,,,,,,0,,,,,,,,
POR-Primeira Liga,2425,Moreirense,Marcelo Ferreira,BRA,DF,35.0,1989.0,33.0,,,,,,,0,,,,,,,,
POR-Primeira Liga,2425,Moreirense,Michel,BRA,DF,21.0,2003.0,2.8,,,,,,,0,,,,,,,,
POR-Primeira Liga,2425,Moreirense,Mika,POR,GK,33.0,1991.0,0.0,,,,,,,0,,,,,,,,
POR-Primeira Liga,2425,Moreirense,Pedro Santos,POR,"MF,FW",21.0,2003.0,6.2,,,,,,,14,,,,,,,,
POR-Primeira Liga,2425,Moreirense,Sidnei Tavares,,MF,22.0,2001.0,14.4,,,,,,,5,,,,,,,,
POR-Primeira Liga,2425,Moreirense,Yan Lincon,BRA,FW,21.0,2002.0,2.9,,,,,,,0,,,,,,,,
POR-Primeira Liga,2425,Nacional,Adrián Butzke,ESP,FW,25.0,1999.0,5.4,,,,,,,0,,,,,,,,
POR-Primeira Liga,2425,Nacional,Afonso Freitas,POR,MF,24.0,2000.0,0.2,,,,,,,0,,,,,,,,
POR-Primeira Liga,2425,Nacional,André Sousa,POR,MF,34.0,1990.0,2.2,,,,,,,14,,,,,,,,
POR-Primeira Liga,2425,Nacional,Arvin Appiah,ENG,"FW,DF",23.0,2001.0,15.4,,,,,,,22,,,,,,,,
POR-Primeira Liga,2425,Nacional,Bruno Costa,POR,MF,27.0,1997.0,10.2,,,,,,,49,,,,,,,,
POR-Primeira Liga,2425,Nacional,Chiheb Labidi,TUN,MF,23.0,2001.0,4.6,,,,,,,3,,,,,,,,
POR-Primeira Liga,2425,Nacional,Daniel Penha,BRA,MF,25.0,1998.0,16.5,,,,,,,68,,,,,,,,
POR-Primeira Liga,2425,Nacional,Diederrick Joel,CMR,FW,30.0,1993.0,9.6,,,,,,,2,,,,,,,,
POR-Primeira Liga,2425,Nacional,Djibril Soumaré,SEN,MF,21.0,2003.0,20.9,,,,,,,4,,,,,,,,
POR-Primeira Liga,2425,Nacional,Dudu,BRA,"MF,FW",24.0,1999.0,14.9,,,,,,,10,,,,,,,,
POR-Primeira Liga,2425,Nacional,Dyego Sousa,POR,FW,34.0,1989.0,1.7,,,,,,,0,,,,,,,,
POR-Primeira Liga,2425,Nacional,Franscisco Gonçalves,POR,DF,20.0,2004.0,0.2,,,,,,,0,,,,,,,,
POR-Primeira Liga,2425,Nacional,Fūki Yamada,JPN,"MF,FW",23.0,2001.0,5.5,,,,,,,36,,,,,,,,
POR-Primeira Liga,2425,Nacional,Gabriel Santos,BRA,FW,25.0,1999.0,1.0,,,,,,,0,,,,,,,,
POR-Primeira Liga,2425,Nacional,García,BRA,DF,22.0,2002.0,31.1,,,,,,,125,,,,,,,,
POR-Primeira Liga,2425,Nacional,Isaac,BRA,FW,20.0,2004.0,13.7,,,,,,,1,,,,,,,,
POR-Primeira Liga,2425,Nacional,José Gomes,POR,DF,28.0,1996.0,26.0,,,,,,,86,,,,,,,,
POR-Primeira Liga,2425,Nacional,João Aurélio,POR,"DF,MF",35.0,1988.0,4.5,,,,,,,14,,,,,,,,
POR-Primeira Liga,2425,Nacional,João Tiago Serrão Garcês,POR,MF,31.0,1993.0,0.2,,,,,,,0,,,,,,,,
POR-Primeira Liga,2425,Nacional,Lucas França,BRA,GK,28.0,1996.0,32.5,,,,,,,0,,,,,,,,
POR-Primeira Liga,2425,Nacional,Luís Esteves,POR,MF,26.0,1998.0,31.2,,,,,,,48,,,,,,,,
POR-Primeira Liga,2425,Nacional,Léo Santos,BRA,DF,25.0,1998.0,8.6,,,,,,,2,,,,,,,,
POR-Primeira Liga,2425,Nacional,Matheus Dias,BRA,"MF,DF",22.0,2002.0,19.4,,,,,,,5,,,,,,,,
POR-Primeira Liga,2425,Nacional,Miguel Baeza,ESP,"MF,FW",24.0,2000.0,2.3,,,,,,,10,,,,,,,,
POR-Primeira Liga,2425,Nacional,Nigel Thomas,NED,"FW,MF",23.0,2001.0,7.0,,,,,,,20,,,,,,,,
POR-Primeira Liga,2425,Nacional,Paulinho Bóia,BRA,"MF,FW",26.0,1998.0,12.0,,,,,,,12,,,,,,,,
POR-Primeira Liga,2425,Nacional,Rui Encarnação,POR,GK,26.0,1998.0,1.5,,,,,,,0,,,,,,,,
POR-Primeira Liga,2425,Nacional,Rúben Macedo,POR,"MF,FW",28.0,1996.0,13.3,,,,,,,78,,,,,,,,
POR-Primeira Liga,2425,Nacional,Tiago Reis,BRA,FW,24.0,1999.0,2.6,,,,,,,0,,,,,,,,
POR-Primeira Liga,2425,Nacional,Ulisses,BRA,DF,24.0,1999.0,28.4,,,,,,,0,,,,,,,,
POR-Primeira Liga,2425,Nacional,Zé Vitor,BRA,DF,23.0,2001.0,30.5,,,,,,,1,,,,,,,,
POR-Primeira Liga,2425,Porto,Alan Varela,ARG,MF,23.0,2001.0,24.4,,,,,,,66,,,,,,,,
POR-Primeira Liga,2425,Porto,André Franco,POR,MF,26.0,1998.0,4.8,,,,,,,15,,,,,,,,
POR-Primeira Liga,2425,Porto,Cláudio Ramos,POR,GK,32.0,1991.0,2.0,,,,,,,0,,,,,,,,
POR-Primeira Liga,2425,Porto,Danny Loader,CMR,"FW,MF",23.0,2000.0,11.9,,,,,,,8,,,,,,,,
POR-Primeira Liga,2425,Porto,Deniz Gül,TUR,FW,20.0,2004.0,4.9,,,,,,,0,,,,,,,,
POR-Primeira Liga,2425,Porto,Diogo Costa,POR,GK,24.0,1999.0,32.0,,,,,,,0,,,,,,,,
POR-Primeira Liga,2425,Porto,Evanilson,BRA,FW,24.0,1999.0,0.1,,,,,,,0,,,,,,,,
POR-Primeira Liga,2425,Porto,Fabio Vieira,POR,MF,24.0,2000.0,20.4,,,,,,,109,,,,,,,,
POR-Primeira Liga,2425,Porto,Fran Navarro,ESP,FW,26.0,1998.0,1.0,,,,,,,0,,,,,,,,
POR-Primeira Liga,2425,Porto,Galeno,BRA,"MF,DF",26.0,1997.0,16.1,,,,,,,24,,,,,,,,
POR-Primeira Liga,2425,Porto,Gonçalo Borges,POR,"MF,FW",23.0,2001.0,8.5,,,,,,,62,,,,,,,,
POR-Primeira Liga,2425,Porto,Ivan Jaime Pajuelo,ESP,MF,23.0,2000.0,4.9,,,,,,,6,,,,,,,,
POR-Primeira Liga,2425,Porto,Iván Marcano,ESP,DF,37.0,1987.0,10.5,,,,,,,10,,,,,,,,
POR-Primeira Liga,2425,Porto,João Mário Lopes,POR,"MF,DF",24.0,2000.0,19.6,,,,,,,78,,,,,,,,
POR-Primeira Liga,2425,Porto,Marko Grujić,SRB,MF,28.0,1996.0,0.4,,,,,,,1,,,,,,,,
POR-Primeira Liga,2425,Porto,Martim Fernandes,POR,DF,18.0,2006.0,14.6,,,,,,,51,,,,,,,,
POR-Primeira Liga,2425,Porto,Moura,POR,"MF,DF",24.0,1999.0,24.6,,,,,,,76,,,,,,,,
POR-Primeira Liga,2425,Porto,Nehuén Pérez,ARG,DF,24.0,2000.0,23.0,,,,,,,11,,,,,,,,
POR-Primeira Liga,2425,Porto,Nicolás González,ESP,MF,22.0,2002.0,16.0,,,,,,,7,,,,,,,,
POR-Primeira Liga,2425,Porto,Otavio Ataide,BRA,DF,22.0,2002.0,18.1,,,,,,,5,,,,,,,,
POR-Primeira Liga,2425,Porto,Pepê,BRA,"MF,FW",27.0,1997.0,22.1,,,,,,,62,,,,,,,,
POR-Primeira Liga,2425,Porto,Rodrigo Mora,POR,"MF,FW",17.0,2007.0,15.2,,,,,,,16,,,,,,,,
POR-Primeira Liga,2425,Porto,Samu Omorodion,ESP,FW,20.0,2004.0,25.1,,,,,,,4,,,,,,,,
POR-Primeira Liga,2425,Porto,Stephen Eustáquio,CAN,"MF,DF",27.0,1996.0,21.3,,,,,,,31,,,,,,,,
POR-Primeira Liga,2425,Porto,Tiago Djaló,POR,DF,24.0,2000.0,6.6,,,,,,,0,,,,,,,,
POR-Primeira Liga,2425,Porto,Tomás Pérez,ARG,DF,18.0,2005.0,1.7,,,,,,,0,,,,,,,,
POR-Primeira Liga,2425,Porto,Toni Martínez,ESP,FW,27.0,1997.0,0.0,,,,,,,0,,,,,,,,
POR-Primeira Liga,2425,Porto,Vasco Sousa,POR,MF,21.0,2003.0,4.7,,,,,,,1,,,,,,,,
POR-Primeira Liga,2425,Porto,Wendell,BRA,"DF,MF",31.0,1993.0,0.3,,,,,,,2,,,,,,,,
POR-Primeira Liga,2425,Porto,William Gomes,BRA,FW,18.0,2006.0,1.7,,,,,,,16,,,,,,,,
POR-Primeira Liga,2425,Porto,Zaidu Sanusi,NGA,DF,27.0,1997.0,0.6,,,,,,,4,,,,,,,,
POR-Primeira Liga,2425,Porto,Zé Pedro Figueiredo,POR,DF,27.0,1997.0,16.6,,,,,,,5,,,,,,,,
POR-Primeira Liga,2425,Rio Ave,Aderlan Santos,BRA,DF,35.0,1989.0,17.6,,,,,,,0,,,,,,,,
POR-Primeira Liga,2425,Rio Ave,Amine Oudrhiri,MAR,MF,31.0,1992.0,7.2,,,,,,,2,,,,,,,,
POR-Primeira Liga,2425,Rio Ave,Andreas Ntoi,GRE,DF,21.0,2003.0,15.2,,,,,,,0,,,,,,,,
POR-Primeira Liga,2425,Rio Ave,André Inácio,BRA,MF,22.0,2002.0,13.1,,,,,,,24,,,,,,,,
POR-Primeira Liga,2425,Rio Ave,Brandon Aguilera,CRC,MF,21.0,2003.0,15.3,,,,,,,62,,,,,,,,
POR-Primeira Liga,2425,Rio Ave,Cezary Miszta,POL,GK,22.0,2001.0,25.8,,,,,,,0,,,,,,,,
POR-Primeira Liga,2425,Rio Ave,Clayton,BRA,FW,25.0,1999.0,30.1,,,,,,,13,,,,,,,,
POR-Primeira Liga,2425,Rio Ave,Demir Ege Tıknaz,TUR,MF,19.0,2004.0,22.0,,,,,,,4,,,,,,,,
POR-Primeira Liga,2425,Rio Ave,Francisco Petrasso,ARG,DF,22.0,2002.0,4.6,,,,,,,0,,,,,,,,
POR-Primeira Liga,2425,Rio Ave,Fábio Conceição,POR,MF,23.0,2001.0,4.7,,,,,,,9,,,,,,,,
POR-Primeira Liga,2425,Rio Ave,Jhonatan,BRA,GK,33.0,1991.0,8.0,,,,,,,0,,,,,,,,
POR-Primeira Liga,2425,Rio Ave,Jonathan Panzo,ENG,DF,23.0,2000.0,14.4,,,,,,,2,,,,,,,,
POR-Primeira Liga,2425,Rio Ave,Jorge Karse,GEO,DF,19.0,2005.0,0.0,,,,,,,0,,,,,,,,
POR-Primeira Liga,2425,Rio Ave,João Graça,POR,"MF,FW",29.0,1995.0,5.5,,,,,,,7,,,,,,,,
POR-Primeira Liga,2425,Rio Ave,João Novais,POR,MF,31.0,1993.0,15.6,,,,,,,91,,,,,,,,
POR-Primeira Liga,2425,Rio Ave,João Pedro,BRA,DF,21.0,2003.0,3.0,,,,,,,5,,,,,,,,
POR-Primeira Liga,2425,Rio Ave,João Tomé,POR,"DF,MF",21.0,2003.0,8.6,,,,,,,28,,,,,,,,
POR-Primeira Liga,2425,Rio Ave,Karem Zoabi,ISR,FW,18.0,2006.0,2.5,,,,,,,0,,,,,,,,
POR-Primeira Liga,2425,Rio Ave,Kiko Bondoso,POR,"MF,FW",28.0,1995.0,21.7,,,,,,,23,,,,,,,,
POR-Primeira Liga,2425,Rio Ave,Koka,EGY,FW,31.0,1993.0,1.9,,,,,,,0,,,,,,,,
POR-Primeira Liga,2425,Rio Ave,Konstantinos Kostoulas,GRE,DF,19.0,2005.0,2.1,,,,,,,0,,,,,,,,
POR-Primeira Liga,2425,Rio Ave,Marious Vrousai,GRE,"DF,MF",26.0,1998.0,28.3,,,,,,,63,,,,,,,,
POR-Primeira Liga,2425,Rio Ave,Martim Neto,POR,MF,21.0,2003.0,15.2,,,,,,,11,,,,,,,,
POR-Primeira Liga,2425,Rio Ave,Matheus Teixeira,BRA,GK,25.0,1999.0,0.2,,,,,,,0,,,,,,,,
POR-Primeira Liga,2425,Rio Ave,Miguel Nóbrega,POR,DF,24.0,2000.0,1.0,,,,,,,1,,,,,,,,
POR-Primeira Liga,2425,Rio Ave,Naziru Shuabiu,NGA,FW,20.0,2004.0,0.0,,,,,,,0,,,,,,,,
POR-Primeira Liga,2425,Rio Ave,Nelson Abbey,ENG,DF,20.0,2003.0,7.1,,,,,,,7,,,,,,,,
POR-Primeira Liga,2425,Rio Ave,Ole Pohlmann,GER,"MF,FW",23.0,2001.0,17.7,,,,,,,42,,,,,,,,
POR-Primeira Liga,2425,Rio Ave,Omar Richards,ENG,"DF,MF",26.0,1998.0,22.1,,,,,,,43,,,,,,,,
POR-Primeira Liga,2425,Rio Ave,Patrick,BRA,DF,27.0,1997.0,11.1,,,,,,,3,,,,,,,,
POR-Primeira Liga,2425,Rio Ave,Renato Pantalon,CRO,DF,26.0,1997.0,7.7,,,,,,,4,,,,,,,,
POR-Primeira Liga,2425,Rio Ave,Theofanis Bakoulas,GRE,MF,19.0,2005.0,4.3,,,,,,,0,,,,,,,,
POR-Primeira Liga,2425,Rio Ave,Tiago Fonseca Morais,POR,"MF,FW",20.0,2003.0,17.4,,,,,,,22,,,,,,,,
POR-Primeira Liga,2425,Rio Ave,Tobías Medina,ARG,MF,20.0,2004.0,0.6,,,,,,,0,,,,,,,,
POR-Primeira Liga,2425,Rio Ave,Valentim Sousa,POR,FW,19.0,2005.0,0.9,,,,,,,0,,,,,,,,
POR-Primeira Liga,2425,Rio Ave,Vítor Gomes,POR,MF,36.0,1987.0,1.0,,,,,,,0,,,,,,,,
POR-Primeira Liga,2425,Santa Clara,Adriano,BRA,MF,24.0,1999.0,29.2,,,,,,,15,,,,,,,,
POR-Primeira Liga,2425,Santa Clara,Alysson Silva,BRA,DF,21.0,2002.0,1.8,,,,,,,0,,,,,,,,
POR-Primeira Liga,2425,Santa Clara,Bruno Messi,POR,MF,27.0,1996.0,1.3,,,,,,,19,,,,,,,,
POR-Primeira Liga,2425,Santa Clara,Daniel Borges,BRA,MF,21.0,2003.0,2.2,,,,,,,2,,,,,,,,
POR-Primeira Liga,2425,Santa Clara,Diogo Calila,MOZ,"MF,DF",25.0,1998.0,19.4,,,,,,,52,,,,,,,,
POR-Primeira Liga,2425,Santa Clara,Frederico Venâncio,POR,DF,31.0,1993.0,20.1,,,,,,,3,,,,,,,,
POR-Primeira Liga,2425,Santa Clara,Gabriel Batista,BRA,GK,26.0,1998.0,34.0,,,,,,,0,,,,,,,,
POR-Primeira Liga,2425,Santa Clara,Gabriel Vieira,BRA,FW,22.0,2002.0,31.0,,,,,,,100,,,,,,,,
POR-Primeira Liga,2425,Santa Clara,Guilherme Ramos,POR,DF,26.0,1997.0,3.7,,,,,,,0,,,,,,,,
POR-Primeira Liga,2425,Santa Clara,Gustavo Klismahn,BRA,"FW,MF",24.0,1999.0,9.1,,,,,,,54,,,,,,,,
POR-Primeira Liga,2425,Santa Clara,Habraão,BRA,DF,23.0,2001.0,0.0,,,,,,,0,,,,,,,,
POR-Primeira Liga,2425,Santa Clara,João Costa,POR,FW,24.0,2000.0,8.1,,,,,,,0,,,,,,,,
POR-Primeira Liga,2425,Santa Clara,Lucas Soares,BRA,"MF,DF",26.0,1998.0,18.4,,,,,,,66,,,,,,,,
POR-Primeira Liga,2425,Santa Clara,Luís Rocha,POR,DF,37.0,1986.0,28.6,,,,,,,1,,,,,,,,
POR-Primeira Liga,2425,Santa Clara,MT,BRA,"DF,MF",23.0,2001.0,31.0,,,,,,,25,,,,,,,,
POR-Primeira Liga,2425,Santa Clara,Matheus Pereira,BRA,"MF,DF",23.0,2000.0,19.1,,,,,,,59,,,,,,,,
POR-Primeira Liga,2425,Santa Clara,Matheusinho,BRA,MF,26.0,1998.0,1.3,,,,,,,0,,,,,,,,
POR-Primeira Liga,2425,Santa Clara,Ney Bahia,BRA,FW,20.0,2004.0,0.7,,,,,,,1,,,,,,,,
POR-Primeira Liga,2425,Santa Clara,Pedro Ferreira,POR,MF,26.0,1998.0,20.3,,,,,,,23,,,,,,,,
POR-Primeira Liga,2425,Santa Clara,Ricardinho,POR,"FW,MF",25.0,1998.0,13.8,,,,,,,21,,,,,,,,
POR-Primeira Liga,2425,Santa Clara,Safira,BRA,FW,29.0,1995.0,11.0,,,,,,,0,,,,,,,,
POR-Primeira Liga,2425,Santa Clara,Serginho,POR,MF,24.0,1999.0,14.5,,,,,,,36,,,,,,,,
POR-Primeira Liga,2425,Santa Clara,Sidney,BRA,DF,27.0,1997.0,26.5,,,,,,,23,,,,,,,,
POR-Primeira Liga,2425,Santa Clara,Vinícius,BRA,"FW,MF",25.0,1999.0,24.9,,,,,,,25,,,,,,,,
POR-Primeira Liga,2425,Santa Clara,Wendel,BRA,FW,23.0,2000.0,2.6,,,,,,,0,,,,,,,,
POR-Primeira Liga,2425,Sporting CP,Afonso Moreira,POR,FW,19.0,2005.0,0.0,,,,,,,0,,,,,,,,
POR-Primeira Liga,2425,Sporting CP,Alexandre Brito,POR,MF,19.0,2005.0,1.0,,,,,,,1,,,,,,,,
POR-Primeira Liga,2425,Sporting CP,Biel,BRA,"FW,MF",23.0,2001.0,0.2,,,,,,,3,,,,,,,,
POR-Primeira Liga,2425,Sporting CP,Conrad Harder,DEN,"FW,MF",19.0,2005.0,8.7,,,,,,,24,,,,,,,,
POR-Primeira Liga,2425,Sporting CP,Daniel Bragança,POR,MF,25.0,1999.0,12.0,,,,,,,11,,,,,,,,
POR-Primeira Liga,2425,Sporting CP,Dario Essugo,POR,MF,19.0,2005.0,0.2,,,,,,,0,,,,,,,,
POR-Primeira Liga,2425,Sporting CP,Eduardo Felicíssimo,POR,MF,17.0,2007.0,2.2,,,,,,,0,,,,,,,,
POR-Primeira Liga,2425,Sporting CP,Eduardo Quaresma,POR,DF,22.0,2002.0,15.5,,,,,,,1,,,,,,,,
POR-Primeira Liga,2425,Sporting CP,Francisco Trincão,POR,"MF,FW",24.0,1999.0,32.6,,,,,,,81,,,,,,,,
POR-Primeira Liga,2425,Sporting CP,Franco Israel,URU,GK,24.0,2000.0,11.0,,,,,,,0,,,,,,,,
POR-Primeira Liga,2425,Sporting CP,Geny Catamo,MOZ,MF,23.0,2001.0,21.2,,,,,,,71,,,,,,,,
POR-Primeira Liga,2425,Sporting CP,Geovany Quenda,POR,MF,17.0,2007.0,25.0,,,,,,,136,,,,,,,,
POR-Primeira Liga,2425,Sporting CP,Gonçalo Inácio,POR,DF,22.0,2001.0,25.1,,,,,,,2,,,,,,,,
POR-Primeira Liga,2425,Sporting CP,Henrique Arreiol,POR,MF,19.0,2005.0,0.3,,,,,,,0,,,,,,,,
POR-Primeira Liga,2425,Sporting CP,Hidemasa Morita,JPN,MF,29.0,1995.0,14.4,,,,,,,8,,,,,,,,
POR-Primeira Liga,2425,Sporting CP,Iván Fresneda,ESP,"MF,DF",19.0,2004.0,10.7,,,,,,,23,,,,,,,,
POR-Primeira Liga,2425,Sporting CP,Jerry St. Juste,NED,DF,27.0,1996.0,6.5,,,,,,,0,,,,,,,,
POR-Primeira Liga,2425,Sporting CP,José Silva,POR,DF,18.0,2005.0,0.1,,,,,,,0,,,,,,,,
POR-Primeira Liga,2425,Sporting CP,João Simões,POR,MF,17.0,2007.0,4.4,,,,,,,6,,,,,,,,
POR-Primeira Liga,2425,Sporting CP,Marcus Edwards,ENG,MF,25.0,1998.0,1.2,,,,,,,3,,,,,,,,
POR-Primeira Liga,2425,Sporting CP,Mateus Fernandes,POR,MF,20.0,2004.0,0.3,,,,,,,1,,,,,,,,
POR-Primeira Liga,2425,Sporting CP,Matheus Reis,BRA,"DF,MF",29.0,1995.0,14.7,,,,,,,27,,,,,,,,
POR-Primeira Liga,2425,Sporting CP,Mauro Meireles Couto,POR,FW,18.0,2005.0,0.0,,,,,,,0,,,,,,,,
POR-Primeira Liga,2425,Sporting CP,Maxi Araújo,URU,"MF,DF",24.0,2000.0,19.7,,,,,,,73,,,,,,,,
POR-Primeira Liga,2425,Sporting CP,Morten Hjulmand,DEN,MF,25.0,1999.0,24.6,,,,,,,10,,,,,,,,
POR-Primeira Liga,2425,Sporting CP,Nuno Santos,POR,MF,29.0,1995.0,3.9,,,,,,,39,,,,,,,,
POR-Primeira Liga,2425,Sporting CP,Ousmane Diomande,CIV,DF,20.0,2003.0,28.0,,,,,,,0,,,,,,,,
POR-Primeira Liga,2425,Sporting CP,Pedro Gonçalves,POR,"MF,FW",26.0,1998.0,9.7,,,,,,,38,,,,,,,,
POR-Primeira Liga,2425,Sporting CP,Ricardo Esgaio,POR,DF,31.0,1993.0,2.6,,,,,,,3,,,,,,,,
POR-Primeira Liga,2425,Sporting CP,Rodrigo Ribeiro,POR,FW,19.0,2005.0,0.0,,,,,,,0,,,,,,,,
POR-Primeira Liga,2425,Sporting CP,Rui Silva,POR,GK,30.0,1994.0,17.0,,,,,,,0,,,,,,,,
POR-Primeira Liga,2425,Sporting CP,Viktor Gyökeres,SWE,FW,26.0,1998.0,31.2,,,,,,,24,,,,,,,,
POR-Primeira Liga,2425,Sporting CP,Vladan Kovačević,BIH,GK,26.0,1998.0,6.0,,,,,,,0,,,,,,,,
POR-Primeira Liga,2425,Sporting CP,Zeno Debast,BEL,"MF,DF",20.0,2003.0,23.6,,,,,,,51,,,,,,,,
POR-Primeira Liga,2425,Vit. Guimarães,Alberto costa,POR,DF,20.0,2003.0,7.5,,,,,,,23,,,,,,,,
POR-Primeira Liga,2425,Vit. Guimarães,Beni,ANG,MF,22.0,2002.0,2.0,,,,,,,0,,,,,,,,
POR-Primeira Liga,2425,Vit. Guimarães,Bruno Gaspar,ANG,DF,31.0,1993.0,10.2,,,,,,,42,,,,,,,,
POR-Primeira Liga,2425,Vit. Guimarães,Bruno Varela,CPV,GK,29.0,1994.0,34.0,,,,,,,0,,,,,,,,
POR-Primeira Liga,2425,Vit. Guimarães,Dieu-Merci Michel,CAN,FW,20.0,2004.0,4.1,,,,,,,0,,,,,,,,
POR-Primeira Liga,2425,Vit. Guimarães,Filipe Relvas,POR,DF,24.0,1999.0,9.4,,,,,,,1,,,,,,,,
POR-Primeira Liga,2425,Vit. Guimarães,Gustavo da Silva,BRA,"MF,FW",25.0,1999.0,9.7,,,,,,,25,,,,,,,,
POR-Primeira Liga,2425,Vit. Guimarães,Hevertton Santos,BRA,DF,23.0,2001.0,2.9,,,,,,,9,,,,,,,,
POR-Primeira Liga,2425,Vit. Guimarães,Jesús Ramírez,VEN,FW,26.0,1998.0,8.1,,,,,,,4,,,,,,,,
POR-Primeira Liga,2425,Vit. Guimarães,Jorge Fernandes,POR,DF,27.0,1997.0,4.6,,,,,,,0,,,,,,,,
POR-Primeira Liga,2425,Vit. Guimarães,José Bica,POR,FW,21.0,2003.0,0.3,,,,,,,0,,,,,,,,
POR-Primeira Liga,2425,Vit. Guimarães,João Mendes,POR,MF,29.0,1994.0,17.1,,,,,,,67,,,,,,,,
POR-Primeira Liga,2425,Vit. Guimarães,João Mendes,POR,DF,24.0,2000.0,30.8,,,,,,,98,,,,,,,,
POR-Primeira Liga,2425,Vit. Guimarães,Kaio César,BRA,"MF,FW",20.0,2004.0,14.4,,,,,,,31,,,,,,,,
POR-Primeira Liga,2425,Vit. Guimarães,Manuel Manu,POR,MF,23.0,2001.0,7.6,,,,,,,6,,,,,,,,
POR-Primeira Liga,2425,Vit. Guimarães,Marco Cruz,POR,MF,20.0,2004.0,0.2,,,,,,,1,,,,,,,,
POR-Primeira Liga,2425,Vit. Guimarães,Miguel Maga,POR,DF,21.0,2002.0,15.5,,,,,,,38,,,,,,,,
POR-Primeira Liga,2425,Vit. Guimarães,Mikel Villanueva,VEN,DF,31.0,1993.0,14.9,,,,,,,1,,,,,,,,
POR-Primeira Liga,2425,Vit. Guimarães,Nuno Santos,POR,"MF,FW",25.0,1999.0,21.2,,,,,,,70,,,,,,,,
POR-Primeira Liga,2425,Vit. Guimarães,Nélson Oliveira,POR,FW,32.0,1991.0,19.7,,,,,,,18,,,,,,,,
POR-Primeira Liga,2425,Vit. Guimarães,Ricardo Mangas,POR,"FW,MF",26.0,1998.0,3.8,,,,,,,7,,,,,,,,
POR-Primeira Liga,2425,Vit. Guimarães,Samu,POR,MF,28.0,1996.0,19.4,,,,,,,93,,,,,,,,
POR-Primeira Liga,2425,Vit. Guimarães,Telmo Arcanjo,CPV,"MF,FW",23.0,2001.0,14.7,,,,,,,81,,,,,,,,
POR-Primeira Liga,2425,Vit. Guimarães,Tiago Silva,POR,MF,31.0,1993.0,25.8,,,,,,,157,,,,,,,,
POR-Primeira Liga,2425,Vit. Guimarães,Tomás Händel,POR,MF,23.0,2000.0,28.0,,,,,,,27,,,,,,,,
POR-Primeira Liga,2425,Vit. Guimarães,Tomás Ribeiro,POR,DF,25.0,1999.0,3.5,,,,,,,1,,,,,,,,
POR-Primeira Liga,2425,Vit. Guimarães,Toni Borevkovic,CRO,DF,27.0,1997.0,26.9,,,,,,,1,,,,,,,,
POR-Primeira Liga,2425,Vit. Guimarães,Vando Félix,GNB,MF,21.0,2002.0,6.1,,,,,,,6,,,,,,,,
POR-Primeira Liga,2425,Vit. Guimarães,Zé Carlos,POR,DF,22.0,2001.0,1.4,,,,,,,1,,,,,,,,
POR-Primeira Liga,2425,Vit. Guimarães,Óscar Rivas,ESP,DF,24.0,2000.0,8.9,,,,,,,3,,,,,,,,
POR-Primeira Liga,2425,Vit. Guimarães,Úmaro Embaló,POR,MF,23.0,2001.0,1.6,,,,,,,10,,,,,,,,
POR-Primeira Liga,2526,AVS Futebol,Aderlan Santos,BRA,DF,36.0,1989.0,11.5,,,,,,,1,,,,,,,,
POR-Primeira Liga,2526,AVS Futebol,Adriel,BRA,GK,24.0,2001.0,16.0,,,,,,,0,,,,,,,,
POR-Primeira Liga,2526,AVS Futebol,André Green,ENG,FW,27.0,1998.0,2.2,,,,,,,4,,,,,,,,
POR-Primeira Liga,2526,AVS Futebol,Babatunde Akinsola,NGA,"MF,FW",22.0,2003.0,27.1,,,,,,,83,,,,,,,,
POR-Primeira Liga,2526,AVS Futebol,Bruno Lourenço,POR,MF,27.0,1998.0,2.6,,,,,,,16,,,,,,,,
POR-Primeira Liga,2526,AVS Futebol,Budiga Roni,BRA,MF,26.0,1999.0,14.6,,,,,,,6,,,,,,,,
POR-Primeira Liga,2526,AVS Futebol,Carlos Ponck,CPV,"DF,MF",30.0,1995.0,10.3,,,,,,,0,,,,,,,,
POR-Primeira Liga,2526,AVS Futebol,Christian Neiva Afonso,POR,"DF,MF",30.0,1994.0,17.0,,,,,,,84,,,,,,,,
POR-Primeira Liga,2526,AVS Futebol,Cristian Castro,COL,DF,24.0,2001.0,24.0,,,,,,,3,,,,,,,,
POR-Primeira Liga,2526,AVS Futebol,Daniel Rivas,PAR,DF,23.0,2001.0,17.0,,,,,,,29,,,,,,,,
POR-Primeira Liga,2526,AVS Futebol,Diego Duarte,PAR,"FW,MF",23.0,2002.0,14.4,,,,,,,12,,,,,,,,
POR-Primeira Liga,2526,AVS Futebol,Diogo Spencer,POR,"MF,DF",21.0,2004.0,11.2,,,,,,,30,,,,,,,,
POR-Primeira Liga,2526,AVS Futebol,Edson,MOZ,DF,21.0,2003.0,0.9,,,,,,,3,,,,,,,,
POR-Primeira Liga,2526,AVS Futebol,Guilherme Neiva Silva,BRA,"MF,FW",24.0,2001.0,10.3,,,,,,,32,,,,,,,,
POR-Primeira Liga,2526,AVS Futebol,Guillem Molina,ESP,DF,25.0,2000.0,3.6,,,,,,,9,,,,,,,,
POR-Primeira Liga,2526,AVS Futebol,Gustavo Assuncao,POR,MF,25.0,2000.0,7.7,,,,,,,5,,,,,,,,
POR-Primeira Liga,2526,AVS Futebol,Gustavo Mendonça,POR,"MF,DF",22.0,2003.0,15.5,,,,,,,29,,,,,,,,
POR-Primeira Liga,2526,AVS Futebol,Jaume Grau,ESP,MF,28.0,1997.0,14.7,,,,,,,8,,,,,,,,
POR-Primeira Liga,2526,AVS Futebol,Jordi Escobar,ESP,FW,23.0,2002.0,1.7,,,,,,,1,,,,,,,,
POR-Primeira Liga,2526,AVS Futebol,João Gonçalves,POR,GK,24.0,2000.0,6.0,,,,,,,0,,,,,,,,
POR-Primeira Liga,2526,AVS Futebol,Kobamelo Kodisang,RSA,MF,25.0,1999.0,1.3,,,,,,,7,,,,,,,,
POR-Primeira Liga,2526,AVS Futebol,Mateus Pivô,BRA,DF,27.0,1997.0,12.7,,,,,,,12,,,,,,,,
POR-Primeira Liga,2526,AVS Futebol,Nenê,BRA,FW,42.0,1983.0,4.1,,,,,,,2,,,,,,,,
POR-Primeira Liga,2526,AVS Futebol,Paulo Vitor,BRA,DF,24.0,2001.0,15.8,,,,,,,6,,,,,,,,
POR-Primeira Liga,2526,AVS Futebol,Pedro Lima,BRA,MF,22.0,2003.0,21.0,,,,,,,30,,,,,,,,
POR-Primeira Liga,2526,AVS Futebol,Pedro Trigueira,POR,GK,37.0,1988.0,0.1,,,,,,,0,,,,,,,,
POR-Primeira Liga,2526,AVS Futebol,Rafael Barbosa,POR,MF,29.0,1996.0,7.2,,,,,,,44,,,,,,,,
POR-Primeira Liga,2526,AVS Futebol,Rúben Semedo,POR,DF,31.0,1994.0,8.6,,,,,,,2,,,,,,,,
POR-Primeira Liga,2526,AVS Futebol,Sidi Bane,SEN,DF,21.0,2004.0,6.6,,,,,,,4,,,,,,,,
POR-Primeira Liga,2526,AVS Futebol,Simão Bertelli,BRA,GK,32.0,1993.0,11.9,,,,,,,0,,,,,,,,
POR-Primeira Liga,2526,AVS Futebol,Tiago Galletto,URU,"MF,DF",23.0,2002.0,6.4,,,,,,,1,,,,,,,,
POR-Primeira Liga,2526,AVS Futebol,Tomané,POR,FW,32.0,1992.0,22.3,,,,,,,17,,,,,,,,
POR-Primeira Liga,2526,AVS Futebol,Ángel Algobia,ESP,MF,26.0,1999.0,12.0,,,,,,,12,,,,,,,,
POR-Primeira Liga,2526,AVS Futebol,Óscar Perea,COL,"MF,FW",19.0,2005.0,13.9,,,,,,,43,,,,,,,,
POR-Primeira Liga,2526,Alverca,Amorim,BRA,MF,20.0,2005.0,18.0,,,,,,,14,,,,,,,,
POR-Primeira Liga,2526,Alverca,André Gomes,POR,GK,20.0,2004.0,25.0,,,,,,,0,,,,,,,,
POR-Primeira Liga,2526,Alverca,Bastien Meupiyou,FRA,DF,19.0,2006.0,29.0,,,,,,,5,,,,,,,,
POR-Primeira Liga,2526,Alverca,Cedric Nuozzi,BEL,"FW,MF",19.0,2006.0,9.8,,,,,,,29,,,,,,,,
POR-Primeira Liga,2526,Alverca,Chiquinho,POR,"FW,MF",25.0,2000.0,16.4,,,,,,,72,,,,,,,,
POR-Primeira Liga,2526,Alverca,Davy Gui,CIV,MF,19.0,2006.0,6.8,,,,,,,12,,,,,,,,
POR-Primeira Liga,2526,Alverca,Diogo Martins,POR,FW,28.0,1996.0,0.1,,,,,,,1,,,,,,,,
POR-Primeira Liga,2526,Alverca,Diogo Spencer,POR,MF,21.0,2004.0,2.6,,,,,,,6,,,,,,,,
POR-Primeira Liga,2526,Alverca,Fabrício Garcia,CPV,FW,24.0,2001.0,0.8,,,,,,,6,,,,,,,,
POR-Primeira Liga,2526,Alverca,Felipe Lima,BRA,FW,19.0,2006.0,0.6,,,,,,,0,,,,,,,,
POR-Primeira Liga,2526,Alverca,Figueiredo,BRA,"FW,MF",23.0,2001.0,20.8,,,,,,,52,,,,,,,,
POR-Primeira Liga,2526,Alverca,Francisco Chissumba,POR,MF,20.0,2005.0,16.8,,,,,,,29,,,,,,,,
POR-Primeira Liga,2526,Alverca,Gian Cabezas,COL,MF,22.0,2003.0,0.4,,,,,,,0,,,,,,,,
POR-Primeira Liga,2526,Alverca,Gonçalo Esteves,POR,MF,21.0,2004.0,1.8,,,,,,,5,,,,,,,,
POR-Primeira Liga,2526,Alverca,Ikker,BEL,DF,20.0,2005.0,1.3,,,,,,,1,,,,,,,,
POR-Primeira Liga,2526,Alverca,Isaac James,NGA,MF,20.0,2004.0,14.5,,,,,,,42,,,,,,,,
POR-Primeira Liga,2526,Alverca,Julián Martínez,HON,DF,21.0,2003.0,7.4,,,,,,,1,,,,,,,,
POR-Primeira Liga,2526,Alverca,Kaiky Naves,BRA,DF,23.0,2002.0,31.5,,,,,,,7,,,,,,,,
POR-Primeira Liga,2526,Alverca,Kauan,BRA,DF,20.0,2005.0,0.4,,,,,,,0,,,,,,,,
POR-Primeira Liga,2526,Alverca,Lincoln,BRA,"MF,FW",26.0,1998.0,26.2,,,,,,,116,,,,,,,,
POR-Primeira Liga,2526,Alverca,Marko Milovanović,SRB,FW,21.0,2003.0,17.0,,,,,,,1,,,,,,,,
POR-Primeira Liga,2526,Alverca,Matheus Mendes,BRA,GK,26.0,1999.0,9.0,,,,,,,0,,,,,,,,
POR-Primeira Liga,2526,Alverca,Mathis Clairicia,FRA,FW,22.0,2002.0,1.4,,,,,,,0,,,,,,,,
POR-Primeira Liga,2526,Alverca,Nabil Touaizi,MAR,MF,24.0,2001.0,31.3,,,,,,,126,,,,,,,,
POR-Primeira Liga,2526,Alverca,Rhaldney,BRA,MF,26.0,1998.0,11.0,,,,,,,1,,,,,,,,
POR-Primeira Liga,2526,Alverca,Sabit Abdulai,GHA,MF,26.0,1999.0,12.9,,,,,,,2,,,,,,,,
POR-Primeira Liga,2526,Alverca,Sandro Lima,BRA,FW,34.0,1990.0,15.8,,,,,,,1,,,,,,,,
POR-Primeira Liga,2526,Alverca,Sergi Gómez,ESP,DF,33.0,1992.0,27.6,,,,,,,0,,,,,,,,
POR-Primeira Liga,2526,Alverca,Steven Baseya,FRA,DF,20.0,2005.0,5.8,,,,,,,2,,,,,,,,
POR-Primeira Liga,2526,Alverca,Stéphane Diarra,FRA,"FW,MF",26.0,1998.0,0.2,,,,,,,1,,,,,,,,
POR-Primeira Liga,2526,Alverca,Tiago Leite,POR,FW,25.0,2000.0,1.5,,,,,,,1,,,,,,,,
POR-Primeira Liga,2526,Alverca,Tomás Mendes,ESP,MF,20.0,2004.0,3.5,,,,,,,0,,,,,,,,
POR-Primeira Liga,2526,Alverca,Vasco Moreira,POR,MF,24.0,2001.0,4.9,,,,,,,6,,,,,,,,
POR-Primeira Liga,2526,Alverca,Zakaria Kassary,MAR,MF,19.0,2006.0,0.1,,,,,,,1,,,,,,,,
POR-Primeira Liga,2526,Arouca,Alexandre Pinto,POR,"DF,MF",27.0,1998.0,3.7,,,,,,,6,,,,,,,,
POR-Primeira Liga,2526,Arouca,Alfonso Trezza,URU,MF,26.0,1999.0,25.7,,,,,,,70,,,,,,,,
POR-Primeira Liga,2526,Arouca,Amadou Dante,MLI,DF,24.0,2000.0,9.3,,,,,,,31,,,,,,,,
POR-Primeira Liga,2526,Arouca,Arnau Solà,ESP,DF,22.0,2003.0,6.5,,,,,,,25,,,,,,,,
POR-Primeira Liga,2526,Arouca,Barbero,ESP,FW,26.0,1998.0,21.0,,,,,,,2,,,,,,,,
POR-Primeira Liga,2526,Arouca,Bas Kuipers,NED,DF,30.0,1994.0,15.0,,,,,,,24,,,,,,,,
POR-Primeira Liga,2526,Arouca,Boris Popović,SRB,DF,25.0,2000.0,12.9,,,,,,,0,,,,,,,,
POR-Primeira Liga,2526,Arouca,Brian Mansilla,URU,MF,23.0,2002.0,3.7,,,,,,,22,,,,,,,,
POR-Primeira Liga,2526,Arouca,David Simão,POR,MF,35.0,1990.0,7.3,,,,,,,32,,,,,,,,
POR-Primeira Liga,2526,Arouca,Diogo Monteiro,POR,DF,20.0,2005.0,3.3,,,,,,,4,,,,,,,,
POR-Primeira Liga,2526,Arouca,Dylan Nandín,URU,FW,23.0,2002.0,10.3,,,,,,,5,,,,,,,,
POR-Primeira Liga,2526,Arouca,Espen van Ee,NED,MF,22.0,2003.0,20.8,,,,,,,10,,,,,,,,
POR-Primeira Liga,2526,Arouca,Fally Mayulu,FRA,FW,23.0,2002.0,0.1,,,,,,,1,,,,,,,,
POR-Primeira Liga,2526,Arouca,Ignacio De Arruabarrena,URU,GK,28.0,1997.0,16.0,,,,,,,0,,,,,,,,
POR-Primeira Liga,2526,Arouca,Jakub Vinarcik,SVK,GK,20.0,2005.0,1.0,,,,,,,0,,,,,,,,
POR-Primeira Liga,2526,Arouca,Javi Sánchez,ESP,DF,28.0,1997.0,13.6,,,,,,,2,,,,,,,,
POR-Primeira Liga,2526,Arouca,José Fontán,ESP,DF,25.0,2000.0,28.3,,,,,,,20,,,,,,,,
POR-Primeira Liga,2526,Arouca,José Silva,POR,DF,19.0,2005.0,0.4,,,,,,,0,,,,,,,,
POR-Primeira Liga,2526,Arouca,João Valido,POR,GK,25.0,2000.0,9.0,,,,,,,0,,,,,,,,
POR-Primeira Liga,2526,Arouca,Lee Hyunju,KOR,MF,22.0,2003.0,22.3,,,,,,,14,,,,,,,,
POR-Primeira Liga,2526,Arouca,Mateo Flores,ESP,MF,21.0,2004.0,2.2,,,,,,,1,,,,,,,,
POR-Primeira Liga,2526,Arouca,Matías Rocha,URU,DF,24.0,2001.0,9.4,,,,,,,1,,,,,,,,
POR-Primeira Liga,2526,Arouca,Miguel Puche García,ESP,MF,24.0,2001.0,8.1,,,,,,,35,,,,,,,,
POR-Primeira Liga,2526,Arouca,Naïs Djouahra,FRA,MF,25.0,1999.0,30.3,,,,,,,154,,,,,,,,
POR-Primeira Liga,2526,Arouca,Nico Mantl,GER,GK,25.0,2000.0,8.0,,,,,,,0,,,,,,,,
POR-Primeira Liga,2526,Arouca,Omar Fayed,EGY,DF,22.0,2003.0,6.1,,,,,,,2,,,,,,,,
POR-Primeira Liga,2526,Arouca,Pablo Gozalbez,ESP,MF,24.0,2001.0,11.9,,,,,,,28,,,,,,,,
POR-Primeira Liga,2526,Arouca,Pedro Santos,POR,MF,24.0,2000.0,8.6,,,,,,,10,,,,,,,,
POR-Primeira Liga,2526,Arouca,Romualdas Jansonas,LTU,FW,20.0,2005.0,0.5,,,,,,,1,,,,,,,,
POR-Primeira Liga,2526,Arouca,Taichi Fukui,JPN,MF,21.0,2004.0,28.0,,,,,,,19,,,,,,,,
POR-Primeira Liga,2526,Arouca,Tiago Esgaio,POR,DF,29.0,1995.0,27.3,,,,,,,50,,,,,,,,
POR-Primeira Liga,2526,Arouca,Yellu Santiago,ESP,MF,21.0,2004.0,0.3,,,,,,,0,,,,,,,,
POR-Primeira Liga,2526,Benfica,Alexander Bah,DEN,DF,27.0,1997.0,5.2,,,,,,,8,,,,,,,,
POR-Primeira Liga,2526,Benfica,Amar Dedić,BIH,DF,22.0,2002.0,21.1,,,,,,,37,,,,,,,,
POR-Primeira Liga,2526,Benfica,Anatolii Trubin,UKR,GK,23.0,2001.0,32.0,,,,,,,0,,,,,,,,
POR-Primeira Liga,2526,Benfica,Andreas Schjelderup,NOR,MF,21.0,2004.0,19.1,,,,,,,73,,,,,,,,
POR-Primeira Liga,2526,Benfica,António Silva,POR,DF,21.0,2003.0,20.7,,,,,,,5,,,,,,,,
POR-Primeira Liga,2526,Benfica,Anísio Cabral,POR,FW,17.0,2008.0,0.5,,,,,,,1,,,,,,,,
POR-Primeira Liga,2526,Benfica,Bruma,POR,"FW,MF",30.0,1994.0,0.2,,,,,,,2,,,,,,,,
POR-Primeira Liga,2526,Benfica,Daniel Banjaqui,POR,DF,17.0,2008.0,1.7,,,,,,,6,,,,,,,,
POR-Primeira Liga,2526,Benfica,Diogo Prioste,POR,MF,21.0,2004.0,0.3,,,,,,,0,,,,,,,,
POR-Primeira Liga,2526,Benfica,Dodi Lukebakio,BEL,MF,27.0,1997.0,8.3,,,,,,,73,,,,,,,,
POR-Primeira Liga,2526,Benfica,Enzo Barrenechea,ARG,MF,24.0,2001.0,19.9,,,,,,,3,,,,,,,,
POR-Primeira Liga,2526,Benfica,Florentino Luís,POR,MF,25.0,1999.0,0.4,,,,,,,0,,,,,,,,
POR-Primeira Liga,2526,Benfica,Franjo Ivanović,CRO,FW,21.0,2003.0,9.7,,,,,,,13,,,,,,,,
POR-Primeira Liga,2526,Benfica,Fredrik Aursnes,NOR,MF,29.0,1995.0,25.5,,,,,,,98,,,,,,,,
POR-Primeira Liga,2526,Benfica,Gianluca Prestianni,ARG,MF,19.0,2006.0,17.1,,,,,,,73,,,,,,,,
POR-Primeira Liga,2526,Benfica,Gonçalo Moreira,POR,FW,19.0,2006.0,0.0,,,,,,,0,,,,,,,,
POR-Primeira Liga,2526,Benfica,Henrique Araújo,POR,FW,23.0,2002.0,0.3,,,,,,,0,,,,,,,,
POR-Primeira Liga,2526,Benfica,Heorhiy Sudakov,UKR,MF,22.0,2002.0,15.7,,,,,,,110,,,,,,,,
POR-Primeira Liga,2526,Benfica,Ivan Lima,POR,FW,20.0,2005.0,0.2,,,,,,,2,,,,,,,,
POR-Primeira Liga,2526,Benfica,José Neto,POR,DF,17.0,2008.0,1.1,,,,,,,1,,,,,,,,
POR-Primeira Liga,2526,Benfica,João Rêgo,POR,MF,20.0,2005.0,0.7,,,,,,,0,,,,,,,,
POR-Primeira Liga,2526,Benfica,João Veloso,POR,MF,20.0,2005.0,0.0,,,,,,,0,,,,,,,,
POR-Primeira Liga,2526,Benfica,Kerem Aktürkoğlu,TUR,"FW,MF",26.0,1998.0,0.3,,,,,,,3,,,,,,,,
POR-Primeira Liga,2526,Benfica,Leandro Barreiro Martins,LUX,MF,25.0,2000.0,19.5,,,,,,,5,,,,,,,,
POR-Primeira Liga,2526,Benfica,Manuel Manu,POR,MF,24.0,2001.0,1.4,,,,,,,0,,,,,,,,
POR-Primeira Liga,2526,Benfica,Nicolás Otamendi,ARG,DF,37.0,1988.0,28.9,,,,,,,6,,,,,,,,
POR-Primeira Liga,2526,Benfica,Rafa Silva,POR,MF,32.0,1993.0,10.2,,,,,,,4,,,,,,,,
POR-Primeira Liga,2526,Benfica,Rafel Obrador,ESP,DF,21.0,2004.0,0.7,,,,,,,8,,,,,,,,
POR-Primeira Liga,2526,Benfica,Richard Ríos,COL,MF,25.0,2000.0,25.3,,,,,,,22,,,,,,,,
POR-Primeira Liga,2526,Benfica,Rodrigo Rego,POR,MF,20.0,2005.0,1.2,,,,,,,7,,,,,,,,
POR-Primeira Liga,2526,Benfica,Samuel Dahl,SWE,DF,22.0,2003.0,31.8,,,,,,,60,,,,,,,,
POR-Primeira Liga,2526,Benfica,Samuel Soares,POR,GK,23.0,2002.0,2.0,,,,,,,0,,,,,,,,
POR-Primeira Liga,2526,Benfica,Sidny Lopes Cabral,CPV,"MF,DF",22.0,2002.0,4.0,,,,,,,52,,,,,,,,
POR-Primeira Liga,2526,Benfica,Tiago Gouveia,POR,MF,24.0,2001.0,0.0,,,,,,,0,,,,,,,,
POR-Primeira Liga,2526,Benfica,Tomás Araújo,POR,DF,23.0,2002.0,18.7,,,,,,,7,,,,,,,,
POR-Primeira Liga,2526,Benfica,Vangelis Pavlidis,GRE,FW,26.0,1998.0,29.5,,,,,,,10,,,,,,,,
POR-Primeira Liga,2526,Braga,Adrian Leon Barišić,BIH,DF,24.0,2001.0,5.0,,,,,,,0,,,,,,,,
POR-Primeira Liga,2526,Braga,Amine El Ouazzani,MAR,FW,24.0,2001.0,7.7,,,,,,,2,,,,,,,,
POR-Primeira Liga,2526,Braga,António Gil,POR,MF,17.0,2008.0,0.1,,,,,,,0,,,,,,,,
POR-Primeira Liga,2526,Braga,Bright Arrey-Mbi,GER,DF,22.0,2003.0,20.3,,,,,,,2,,,,,,,,
POR-Primeira Liga,2526,Braga,Demir Ege Tıknaz,TUR,MF,20.0,2004.0,5.2,,,,,,,2,,,,,,,,
POR-Primeira Liga,2526,Braga,Diego Rodrigues,POR,MF,20.0,2005.0,9.5,,,,,,,40,,,,,,,,
POR-Primeira Liga,2526,Braga,Florian Grillitsch,AUT,MF,29.0,1995.0,12.5,,,,,,,7,,,,,,,,
POR-Primeira Liga,2526,Braga,Fode Pascoal,GNB,DF,20.0,2004.0,0.1,,,,,,,0,,,,,,,,
POR-Primeira Liga,2526,Braga,Fran Navarro,ESP,FW,27.0,1998.0,14.2,,,,,,,1,,,,,,,,
POR-Primeira Liga,2526,Braga,Gabri Martínez,ESP,MF,22.0,2003.0,14.7,,,,,,,36,,,,,,,,
POR-Primeira Liga,2526,Braga,Gabriel Moscardo,BRA,"DF,MF",19.0,2005.0,10.6,,,,,,,1,,,,,,,,
POR-Primeira Liga,2526,Braga,Gustaf Lagerbielke,SWE,DF,25.0,2000.0,26.6,,,,,,,2,,,,,,,,
POR-Primeira Liga,2526,Braga,Ismaël Gharbi,TUN,MF,21.0,2004.0,0.8,,,,,,,1,,,,,,,,
POR-Primeira Liga,2526,Braga,Jean Gorby,FRA,MF,23.0,2002.0,19.0,,,,,,,8,,,,,,,,
POR-Primeira Liga,2526,Braga,Jonatás Noro,POR,DF,20.0,2005.0,0.1,,,,,,,0,,,,,,,,
POR-Primeira Liga,2526,Braga,João Carvalho,POR,GK,21.0,2004.0,0.1,,,,,,,0,,,,,,,,
POR-Primeira Liga,2526,Braga,João Moutinho,POR,MF,38.0,1986.0,24.2,,,,,,,13,,,,,,,,
POR-Primeira Liga,2526,Braga,João Vasconcelos,POR,MF,20.0,2005.0,0.5,,,,,,,1,,,,,,,,
POR-Primeira Liga,2526,Braga,Leonardo Lelo,POR,"MF,DF",25.0,2000.0,20.4,,,,,,,89,,,,,,,,
POR-Primeira Liga,2526,Braga,Luis Pinto,POR,MF,18.0,2006.0,2.4,,,,,,,0,,,,,,,,
POR-Primeira Liga,2526,Braga,Lukáš Horníček,CZE,GK,23.0,2002.0,32.9,,,,,,,0,,,,,,,,
POR-Primeira Liga,2526,Braga,Mario Dorgelès,CIV,MF,20.0,2004.0,11.1,,,,,,,35,,,,,,,,
POR-Primeira Liga,2526,Braga,Pau Victor,ESP,"FW,MF",23.0,2001.0,25.1,,,,,,,19,,,,,,,,
POR-Primeira Liga,2526,Braga,Paulo Oliveira,POR,DF,33.0,1992.0,9.1,,,,,,,0,,,,,,,,
POR-Primeira Liga,2526,Braga,Ricardo Horta,POR,"MF,FW",30.0,1994.0,23.8,,,,,,,126,,,,,,,,
POR-Primeira Liga,2526,Braga,Rodrigo Silva,POR,FW,20.0,2004.0,0.1,,,,,,,0,,,,,,,,
POR-Primeira Liga,2526,Braga,Rodrigo Zalazar,URU,"MF,FW",25.0,1999.0,21.6,,,,,,,70,,,,,,,,
POR-Primeira Liga,2526,Braga,Roger Fernandes,POR,MF,19.0,2005.0,3.6,,,,,,,10,,,,,,,,
POR-Primeira Liga,2526,Braga,Sandro Vidigal,POR,MF,18.0,2007.0,0.6,,,,,,,1,,,,,,,,
POR-Primeira Liga,2526,Braga,Sikou Niakaté,MLI,DF,26.0,1999.0,10.4,,,,,,,3,,,,,,,,
POR-Primeira Liga,2526,Braga,Tiago Sá,POR,GK,30.0,1995.0,1.0,,,,,,,0,,,,,,,,
POR-Primeira Liga,2526,Braga,Victor Gomez,ESP,"MF,DF",25.0,2000.0,27.5,,,,,,,82,,,,,,,,
POR-Primeira Liga,2526,Braga,Vitor Carvalho,BRA,DF,28.0,1997.0,11.7,,,,,,,0,,,,,,,,
POR-Primeira Liga,2526,Braga,Yanis Da Rocha,POR,MF,21.0,2004.0,1.3,,,,,,,0,,,,,,,,
POR-Primeira Liga,2526,Casa Pia,Abdu Conté,POR,"MF,DF",27.0,1998.0,15.8,,,,,,,80,,,,,,,,
POR-Primeira Liga,2526,Casa Pia,Abdu Dafe,,,,,0.0,,,,,,,0,,,,,,,,
POR-Primeira Liga,2526,Casa Pia,André Geraldes,POR,"DF,MF",34.0,1991.0,22.2,,,,,,,11,,,,,,,,
POR-Primeira Liga,2526,Casa Pia,Cassiano,BRA,FW,36.0,1989.0,20.8,,,,,,,4,,,,,,,,
POR-Primeira Liga,2526,Casa Pia,Claudio Mendes,GNB,FW,24.0,2000.0,3.2,,,,,,,3,,,,,,,,
POR-Primeira Liga,2526,Casa Pia,Dailon Livramento,CPV,"FW,MF",24.0,2001.0,10.5,,,,,,,13,,,,,,,,
POR-Primeira Liga,2526,Casa Pia,Daniel Azevedo,POR,GK,27.0,1998.0,2.4,,,,,,,0,,,,,,,,
POR-Primeira Liga,2526,Casa Pia,David Sousa,BRA,DF,24.0,2001.0,25.2,,,,,,,7,,,,,,,,
POR-Primeira Liga,2526,Casa Pia,Duplexe Tchamba,CMR,DF,27.0,1998.0,4.6,,,,,,,1,,,,,,,,
POR-Primeira Liga,2526,Casa Pia,Fahem Benaissa Yahia,FRA,"MF,DF",23.0,2002.0,6.1,,,,,,,23,,,,,,,,
POR-Primeira Liga,2526,Casa Pia,Francisco Kiki,POR,MF,27.0,1998.0,0.1,,,,,,,0,,,,,,,,
POR-Primeira Liga,2526,Casa Pia,Iyad Mohamed,COM,MF,24.0,2001.0,10.6,,,,,,,21,,,,,,,,
POR-Primeira Liga,2526,Casa Pia,José Fonte,POR,DF,41.0,1983.0,16.0,,,,,,,2,,,,,,,,
POR-Primeira Liga,2526,Casa Pia,João Goulart Silva,POR,DF,25.0,2000.0,21.3,,,,,,,3,,,,,,,,
POR-Primeira Liga,2526,Casa Pia,João Marques,POR,FW,23.0,2002.0,6.5,,,,,,,10,,,,,,,,
POR-Primeira Liga,2526,Casa Pia,Jérémy Livolant,FRA,"FW,MF",27.0,1998.0,30.7,,,,,,,173,,,,,,,,
POR-Primeira Liga,2526,Casa Pia,Kaique Rocha,BRA,DF,24.0,2001.0,5.5,,,,,,,0,,,,,,,,
POR-Primeira Liga,2526,Casa Pia,Kelian Nsona Wa Saka,FRA,"MF,FW",23.0,2002.0,5.3,,,,,,,18,,,,,,,,
POR-Primeira Liga,2526,Casa Pia,Kevin Prieto,URU,MF,22.0,2003.0,3.8,,,,,,,9,,,,,,,,
POR-Primeira Liga,2526,Casa Pia,Khaly,ANG,DF,21.0,2003.0,11.0,,,,,,,1,,,,,,,,
POR-Primeira Liga,2526,Casa Pia,Korede Osundina,USA,"FW,MF",21.0,2004.0,7.8,,,,,,,7,,,,,,,,
POR-Primeira Liga,2526,Casa Pia,Larra,ESP,MF,27.0,1997.0,31.6,,,,,,,80,,,,,,,,
POR-Primeira Liga,2526,Casa Pia,Lawrence Ofori,GHA,MF,27.0,1998.0,6.8,,,,,,,7,,,,,,,,
POR-Primeira Liga,2526,Casa Pia,Max Svensson,ESP,FW,23.0,2001.0,2.0,,,,,,,2,,,,,,,,
POR-Primeira Liga,2526,Casa Pia,Miguel Sousa,POR,"FW,MF",26.0,1998.0,3.7,,,,,,,8,,,,,,,,
POR-Primeira Liga,2526,Casa Pia,Patrick Sequeira,CRC,GK,26.0,1999.0,28.1,,,,,,,0,,,,,,,,
POR-Primeira Liga,2526,Casa Pia,Pedro Rosas,POR,MF,24.0,2000.0,7.0,,,,,,,13,,,,,,,,
POR-Primeira Liga,2526,Casa Pia,Rafael Brito,POR,MF,23.0,2002.0,16.8,,,,,,,7,,,,,,,,
POR-Primeira Liga,2526,Casa Pia,Renato Nhaga,GNB,MF,18.0,2007.0,13.0,,,,,,,8,,,,,,,,
POR-Primeira Liga,2526,Casa Pia,Ricardo Batista,POR,GK,38.0,1986.0,3.5,,,,,,,0,,,,,,,,
POR-Primeira Liga,2526,Casa Pia,Sebastián Pérez,COL,MF,32.0,1993.0,17.4,,,,,,,12,,,,,,,,
POR-Primeira Liga,2526,Casa Pia,Tiago Fonseca Morais,POR,FW,21.0,2003.0,7.5,,,,,,,15,,,,,,,,
POR-Primeira Liga,2526,Casa Pia,Xander Severina,CUW,"FW,MF",24.0,2001.0,1.1,,,,,,,1,,,,,,,,
POR-Primeira Liga,2526,Casa Pia,Yassin Oukili,NED,MF,24.0,2001.0,5.1,,,,,,,0,,,,,,,,
POR-Primeira Liga,2526,Estoril,Alejandro Marqués,VEN,FW,24.0,2000.0,12.8,,,,,,,5,,,,,,,,
POR-Primeira Liga,2526,Estoril,Andre Neves,POR,MF,21.0,2004.0,2.3,,,,,,,3,,,,,,,,
POR-Primeira Liga,2526,Estoril,André Lacximicant,POR,FW,24.0,2001.0,13.5,,,,,,,19,,,,,,,,
POR-Primeira Liga,2526,Estoril,Antef Tsoungui,BEL,"DF,MF",22.0,2002.0,15.3,,,,,,,4,,,,,,,,
POR-Primeira Liga,2526,Estoril,Fabrício Garcia,CPV,FW,24.0,2001.0,1.9,,,,,,,0,,,,,,,,
POR-Primeira Liga,2526,Estoril,Felix Bacher,AUT,DF,24.0,2000.0,34.0,,,,,,,0,,,,,,,,
POR-Primeira Liga,2526,Estoril,Francisco Reis Ferreira,POR,DF,28.0,1997.0,18.2,,,,,,,1,,,,,,,,
POR-Primeira Liga,2526,Estoril,Gonçalo Costa,POR,"DF,MF",25.0,2000.0,6.3,,,,,,,34,,,,,,,,
POR-Primeira Liga,2526,Estoril,Jandro Orellana,ESP,MF,24.0,2000.0,14.5,,,,,,,6,,,,,,,,
POR-Primeira Liga,2526,Estoril,Joel Robles,ESP,GK,35.0,1990.0,31.0,,,,,,,0,,,,,,,,
POR-Primeira Liga,2526,Estoril,Jordan Holsgrove,SCO,MF,25.0,1999.0,31.4,,,,,,,138,,,,,,,,
POR-Primeira Liga,2526,Estoril,João Carvalho,POR,"MF,FW",28.0,1997.0,31.0,,,,,,,63,,,,,,,,
POR-Primeira Liga,2526,Estoril,Khayon Edwards,ENG,FW,21.0,2003.0,0.1,,,,,,,0,,,,,,,,
POR-Primeira Liga,2526,Estoril,Kévin Boma,TOG,DF,22.0,2002.0,19.1,,,,,,,0,,,,,,,,
POR-Primeira Liga,2526,Estoril,Martin Turk,SVN,GK,21.0,2003.0,3.0,,,,,,,0,,,,,,,,
POR-Primeira Liga,2526,Estoril,Nodari Lominadze,GEO,MF,23.0,2002.0,7.2,,,,,,,5,,,,,,,,
POR-Primeira Liga,2526,Estoril,Or Israelov,ISR,DF,20.0,2004.0,0.2,,,,,,,0,,,,,,,,
POR-Primeira Liga,2526,Estoril,Patrick de Paula,BRA,MF,25.0,1999.0,4.5,,,,,,,6,,,,,,,,
POR-Primeira Liga,2526,Estoril,Pedro Amaral,POR,"DF,MF",27.0,1997.0,20.4,,,,,,,52,,,,,,,,
POR-Primeira Liga,2526,Estoril,Pedro Carvalho,POR,"MF,DF",22.0,2003.0,13.9,,,,,,,42,,,,,,,,
POR-Primeira Liga,2526,Estoril,Pizzi,POR,"MF,FW",35.0,1989.0,7.3,,,,,,,23,,,,,,,,
POR-Primeira Liga,2526,Estoril,Rafik Guitane,FRA,"MF,FW",26.0,1999.0,20.4,,,,,,,27,,,,,,,,
POR-Primeira Liga,2526,Estoril,Ricard Sánchez,ESP,"DF,MF",25.0,2000.0,21.9,,,,,,,54,,,,,,,,
POR-Primeira Liga,2526,Estoril,Tiago Brito,POR,DF,21.0,2004.0,0.8,,,,,,,1,,,,,,,,
POR-Primeira Liga,2526,Estoril,Tiago Parente,POR,MF,21.0,2004.0,5.5,,,,,,,10,,,,,,,,
POR-Primeira Liga,2526,Estoril,Xeka,POR,MF,30.0,1994.0,7.2,,,,,,,7,,,,,,,,
POR-Primeira Liga,2526,Estoril,Yanis Begraoui,MAR,FW,24.0,2001.0,30.2,,,,,,,30,,,,,,,,
POR-Primeira Liga,2526,Estrela,Abraham Marcus,NGA,"MF,FW",25.0,2000.0,28.5,,,,,,,72,,,,,,,,
POR-Primeira Liga,2526,Estrela,Alan Godoy,ESP,FW,22.0,2003.0,3.3,,,,,,,1,,,,,,,,
POR-Primeira Liga,2526,Estrela,Alex Sola,ANG,"MF,FW",21.0,2003.0,7.8,,,,,,,0,,,,,,,,
POR-Primeira Liga,2526,Estrela,Alisson Jesus,BRA,FW,20.0,2005.0,1.0,,,,,,,1,,,,,,,,
POR-Primeira Liga,2526,Estrela,Atanas Chernev,BUL,DF,23.0,2002.0,11.3,,,,,,,2,,,,,,,,
POR-Primeira Liga,2526,Estrela,Bernardo Schappo,BRA,DF,26.0,1999.0,22.8,,,,,,,0,,,,,,,,
POR-Primeira Liga,2526,Estrela,Bilal Brahimi,ALG,"FW,MF",25.0,2000.0,1.0,,,,,,,17,,,,,,,,
POR-Primeira Liga,2526,Estrela,Bruno Langa,MOZ,"DF,MF",27.0,1997.0,9.9,,,,,,,27,,,,,,,,
POR-Primeira Liga,2526,Estrela,David Grilo,POR,GK,28.0,1996.0,1.0,,,,,,,0,,,,,,,,
POR-Primeira Liga,2526,Estrela,Fábio Conceição,POR,DF,24.0,2001.0,1.4,,,,,,,0,,,,,,,,
POR-Primeira Liga,2526,Estrela,Gonzalo Calçada,ESP,MF,24.0,2001.0,0.1,,,,,,,0,,,,,,,,
POR-Primeira Liga,2526,Estrela,Gueladan Doué,CIV,MF,19.0,2005.0,9.0,,,,,,,3,,,,,,,,
POR-Primeira Liga,2526,Estrela,Guilherme Serrão,POR,"MF,DF",21.0,2003.0,5.9,,,,,,,17,,,,,,,,
POR-Primeira Liga,2526,Estrela,Ianis Stoica,ROU,"MF,FW",22.0,2002.0,18.6,,,,,,,46,,,,,,,,
POR-Primeira Liga,2526,Estrela,Issiar Dramé,MLI,DF,26.0,1999.0,0.0,,,,,,,0,,,,,,,,
POR-Primeira Liga,2526,Estrela,Jefferson Encada,GNB,"DF,MF",27.0,1998.0,17.1,,,,,,,51,,,,,,,,
POR-Primeira Liga,2526,Estrela,Jorge Meireles,POR,"MF,FW",21.0,2004.0,8.4,,,,,,,29,,,,,,,,
POR-Primeira Liga,2526,Estrela,Jovane Cabral,CPV,"MF,FW",27.0,1998.0,18.6,,,,,,,27,,,,,,,,
POR-Primeira Liga,2526,Estrela,João Moisés,ANG,"FW,MF",19.0,2006.0,3.1,,,,,,,1,,,,,,,,
POR-Primeira Liga,2526,Estrela,João Resende,POR,FW,22.0,2003.0,0.1,,,,,,,0,,,,,,,,
POR-Primeira Liga,2526,Estrela,Kevin Höög-Jansson,SWE,MF,24.0,2000.0,9.0,,,,,,,4,,,,,,,,
POR-Primeira Liga,2526,Estrela,Kikas,POR,FW,26.0,1998.0,13.4,,,,,,,5,,,,,,,,
POR-Primeira Liga,2526,Estrela,Leandro Antonetti,PUR,FW,22.0,2003.0,3.5,,,,,,,3,,,,,,,,
POR-Primeira Liga,2526,Estrela,Luan Patrick,BRA,DF,23.0,2002.0,29.8,,,,,,,5,,,,,,,,
POR-Primeira Liga,2526,Estrela,Max Scholze,GER,DF,20.0,2005.0,8.1,,,,,,,13,,,,,,,,
POR-Primeira Liga,2526,Estrela,Nilton Varela,POR,MF,24.0,2001.0,0.6,,,,,,,1,,,,,,,,
POR-Primeira Liga,2526,Estrela,Otávio,BRA,DF,19.0,2005.0,15.0,,,,,,,5,,,,,,,,
POR-Primeira Liga,2526,Estrela,Oumar Ngom,MTN,MF,21.0,2004.0,9.2,,,,,,,3,,,,,,,,
POR-Primeira Liga,2526,Estrela,Paulo Moreira,POR,MF,25.0,2000.0,26.4,,,,,,,13,,,,,,,,
POR-Primeira Liga,2526,Estrela,Renan Ribeiro,BRA,GK,35.0,1990.0,33.0,,,,,,,0,,,,,,,,
POR-Primeira Liga,2526,Estrela,Robinho,BRA,"MF,FW",22.0,2002.0,10.5,,,,,,,5,,,,,,,,
POR-Primeira Liga,2526,Estrela,Rodrigo Pinho,BRA,FW,34.0,1991.0,13.2,,,,,,,2,,,,,,,,
POR-Primeira Liga,2526,Estrela,Ryan Carlos,BRA,MF,23.0,2002.0,1.7,,,,,,,7,,,,,,,,
POR-Primeira Liga,2526,Estrela,Sidny Lopes Cabral,CPV,"MF,DF",22.0,2002.0,14.7,,,,,,,114,,,,,,,,
POR-Primeira Liga,2526,Estrela,Stefan Lekovic,SRB,"DF,MF",21.0,2004.0,8.7,,,,,,,1,,,,,,,,
POR-Primeira Liga,2526,Estrela,Sydney van Hooijdonk,NED,FW,25.0,2000.0,4.0,,,,,,,3,,,,,,,,
POR-Primeira Liga,2526,Estrela,Tom Moustier,SWE,MF,23.0,2002.0,2.8,,,,,,,14,,,,,,,,
POR-Primeira Liga,2526,Estrela,Yahya Kalley,SWE,DF,24.0,2001.0,0.5,,,,,,,1,,,,,,,,
POR-Primeira Liga,2526,Famalicão,Antoine Joujou,FRA,MF,22.0,2003.0,6.5,,,,,,,22,,,,,,,,
POR-Primeira Liga,2526,Famalicão,García,BRA,DF,23.0,2002.0,6.3,,,,,,,24,,,,,,,,
POR-Primeira Liga,2526,Famalicão,Gil Bastião Dias,POR,"MF,FW",28.0,1996.0,27.7,,,,,,,126,,,,,,,,
POR-Primeira Liga,2526,Famalicão,Gonzalo Pastor,ESP,MF,19.0,2006.0,0.4,,,,,,,1,,,,,,,,
POR-Primeira Liga,2526,Famalicão,Gustavo sá,POR,MF,20.0,2004.0,30.0,,,,,,,54,,,,,,,,
POR-Primeira Liga,2526,Famalicão,Ibrahima Ba,SEN,DF,20.0,2005.0,18.4,,,,,,,2,,,,,,,,
POR-Primeira Liga,2526,Famalicão,Justin de Haas,NED,DF,25.0,2000.0,31.0,,,,,,,8,,,,,,,,
POR-Primeira Liga,2526,Famalicão,Lazar Carević,MNE,GK,26.0,1999.0,34.0,,,,,,,0,,,,,,,,
POR-Primeira Liga,2526,Famalicão,Leonardo Realpe,ECU,DF,24.0,2001.0,18.9,,,,,,,0,,,,,,,,
POR-Primeira Liga,2526,Famalicão,Marcos Peña,ESP,MF,20.0,2005.0,4.0,,,,,,,2,,,,,,,,
POR-Primeira Liga,2526,Famalicão,Marcos Vinicios Sorriso,BRA,"MF,FW",24.0,2001.0,30.9,,,,,,,175,,,,,,,,
POR-Primeira Liga,2526,Famalicão,Mathias De Amorim,POR,MF,20.0,2004.0,27.2,,,,,,,27,,,,,,,,
POR-Primeira Liga,2526,Famalicão,Otar Mamageishvili,GEO,MF,22.0,2003.0,1.4,,,,,,,3,,,,,,,,
POR-Primeira Liga,2526,Famalicão,Pedro Bondo,ANG,DF,20.0,2004.0,13.0,,,,,,,33,,,,,,,,
POR-Primeira Liga,2526,Famalicão,Pedro Santos,POR,MF,22.0,2003.0,7.8,,,,,,,31,,,,,,,,
POR-Primeira Liga,2526,Famalicão,Rafa Soares,POR,DF,30.0,1995.0,19.0,,,,,,,86,,,,,,,,
POR-Primeira Liga,2526,Famalicão,Rochinha,POR,"FW,MF",30.0,1995.0,0.0,,,,,,,5,,,,,,,,
POR-Primeira Liga,2526,Famalicão,Rodrigo Pinheiro,POR,DF,22.0,2002.0,28.6,,,,,,,76,,,,,,,,
POR-Primeira Liga,2526,Famalicão,Roméo Beney,SUI,FW,20.0,2005.0,2.3,,,,,,,17,,,,,,,,
POR-Primeira Liga,2526,Famalicão,Rudi Almeida,POR,FW,20.0,2005.0,0.2,,,,,,,0,,,,,,,,
POR-Primeira Liga,2526,Famalicão,Simon Elisor,FRA,FW,26.0,1999.0,22.7,,,,,,,11,,,,,,,,
POR-Primeira Liga,2526,Famalicão,Tom van de Looi,NED,MF,26.0,1999.0,30.5,,,,,,,5,,,,,,,,
POR-Primeira Liga,2526,Famalicão,Umar Abubakar,NGA,FW,19.0,2006.0,4.6,,,,,,,4,,,,,,,,
POR-Primeira Liga,2526,Famalicão,Yassir Zabiri,MAR,FW,20.0,2005.0,7.3,,,,,,,1,,,,,,,,
POR-Primeira Liga,2526,Famalicão,Óscar Aranda,ESP,MF,23.0,2002.0,0.2,,,,,,,3,,,,,,,,
POR-Primeira Liga,2526,Gil Vicente,Agustín Moreira,URU,MF,24.0,2001.0,11.4,,,,,,,34,,,,,,,,
POR-Primeira Liga,2526,Gil Vicente,Andrew,BRA,GK,24.0,2001.0,16.6,,,,,,,0,,,,,,,,
POR-Primeira Liga,2526,Gil Vicente,Antonio Espigare,ESP,DF,20.0,2004.0,10.9,,,,,,,0,,,,,,,,
POR-Primeira Liga,2526,Gil Vicente,Carlos Eduardo,BRA,FW,22.0,2002.0,3.1,,,,,,,1,,,,,,,,
POR-Primeira Liga,2526,Gil Vicente,Daniel Figueira,POR,GK,27.0,1998.0,9.3,,,,,,,0,,,,,,,,
POR-Primeira Liga,2526,Gil Vicente,Facundo Cáseres,ARG,MF,24.0,2001.0,24.3,,,,,,,4,,,,,,,,
POR-Primeira Liga,2526,Gil Vicente,Ghislain Konan,CIV,DF,29.0,1995.0,29.5,,,,,,,67,,,,,,,,
POR-Primeira Liga,2526,Gil Vicente,Gil Martins,POR,MF,19.0,2006.0,0.0,,,,,,,0,,,,,,,,
POR-Primeira Liga,2526,Gil Vicente,Gonçalo Maia,POR,MF,19.0,2005.0,0.1,,,,,,,0,,,,,,,,
POR-Primeira Liga,2526,Gil Vicente,Gustavo Varela,POR,FW,20.0,2005.0,16.9,,,,,,,4,,,,,,,,
POR-Primeira Liga,2526,Gil Vicente,Hevertton Santos,BRA,DF,24.0,2001.0,9.7,,,,,,,20,,,,,,,,
POR-Primeira Liga,2526,Gil Vicente,Héctor,ESP,FW,29.0,1995.0,3.9,,,,,,,0,,,,,,,,
POR-Primeira Liga,2526,Gil Vicente,Joelson Fernandes,POR,MF,22.0,2003.0,11.3,,,,,,,54,,,,,,,,
POR-Primeira Liga,2526,Gil Vicente,Jonathan Buatu,ANG,DF,31.0,1993.0,30.5,,,,,,,0,,,,,,,,
POR-Primeira Liga,2526,Gil Vicente,Jonathan Mutombo,FRA,DF,22.0,2002.0,1.3,,,,,,,2,,,,,,,,
POR-Primeira Liga,2526,Gil Vicente,Lucão,BRA,GK,24.0,2001.0,8.0,,,,,,,0,,,,,,,,
POR-Primeira Liga,2526,Gil Vicente,Luís Esteves,POR,MF,27.0,1998.0,30.6,,,,,,,128,,,,,,,,
POR-Primeira Liga,2526,Gil Vicente,Martín Fernández,URU,MF,22.0,2003.0,7.8,,,,,,,18,,,,,,,,
POR-Primeira Liga,2526,Gil Vicente,Marvin Elimbi,FRA,DF,22.0,2003.0,27.0,,,,,,,7,,,,,,,,
POR-Primeira Liga,2526,Gil Vicente,Mohamed Bamba,CIV,MF,20.0,2004.0,1.0,,,,,,,0,,,,,,,,
POR-Primeira Liga,2526,Gil Vicente,Murilo Costa,BRA,MF,30.0,1994.0,28.6,,,,,,,172,,,,,,,,
POR-Primeira Liga,2526,Gil Vicente,Pablo,BRA,FW,21.0,2004.0,10.5,,,,,,,1,,,,,,,,
POR-Primeira Liga,2526,Gil Vicente,Rodrigo Rodrigues,POR,FW,17.0,2007.0,0.4,,,,,,,0,,,,,,,,
POR-Primeira Liga,2526,Gil Vicente,Santiago García,ESP,MF,23.0,2001.0,29.3,,,,,,,32,,,,,,,,
POR-Primeira Liga,2526,Gil Vicente,Sergio Bermejo,ESP,MF,27.0,1997.0,4.5,,,,,,,23,,,,,,,,
POR-Primeira Liga,2526,Gil Vicente,Tidjany Chabrol,FRA,MF,23.0,2002.0,5.6,,,,,,,9,,,,,,,,
POR-Primeira Liga,2526,Gil Vicente,Weverson,BRA,DF,25.0,2000.0,0.3,,,,,,,0,,,,,,,,
POR-Primeira Liga,2526,Gil Vicente,Zé Carlos,POR,DF,27.0,1998.0,27.3,,,,,,,61,,,,,,,,
POR-Primeira Liga,2526,Gil Vicente,Zé Carlos,POR,MF,23.0,2001.0,13.4,,,,,,,6,,,,,,,,
POR-Primeira Liga,2526,Moreirense,Afonso Assis,POR,MF,19.0,2006.0,9.8,,,,,,,0,,,,,,,,
POR-Primeira Liga,2526,Moreirense,Alan,BRA,"MF,FW",25.0,2000.0,29.9,,,,,,,148,,,,,,,,
POR-Primeira Liga,2526,Moreirense,André Ferreira,POR,GK,29.0,1996.0,22.0,,,,,,,0,,,,,,,,
POR-Primeira Liga,2526,Moreirense,Bernardo Martins,POR,MF,27.0,1997.0,6.8,,,,,,,15,,,,,,,,
POR-Primeira Liga,2526,Moreirense,Caio Secco,BRA,GK,34.0,1990.0,11.0,,,,,,,0,,,,,,,,
POR-Primeira Liga,2526,Moreirense,Cédric Teguia,ESP,"MF,FW",23.0,2001.0,9.5,,,,,,,30,,,,,,,,
POR-Primeira Liga,2526,Moreirense,Dinis Pinto,POR,DF,24.0,2000.0,22.3,,,,,,,31,,,,,,,,
POR-Primeira Liga,2526,Moreirense,Diogo Travassos,POR,"MF,FW",21.0,2004.0,27.0,,,,,,,82,,,,,,,,
POR-Primeira Liga,2526,Moreirense,Fabiano Souza,BRA,DF,25.0,2000.0,5.5,,,,,,,9,,,,,,,,
POR-Primeira Liga,2526,Moreirense,Gilberto Batista,GNB,DF,21.0,2003.0,21.5,,,,,,,0,,,,,,,,
POR-Primeira Liga,2526,Moreirense,Guilherme Schettine,BRA,FW,29.0,1995.0,10.9,,,,,,,4,,,,,,,,
POR-Primeira Liga,2526,Moreirense,Jimi Gower,ENG,MF,20.0,2004.0,1.8,,,,,,,0,,,,,,,,
POR-Primeira Liga,2526,Moreirense,Joel Jorquera,ESP,MF,24.0,2000.0,0.4,,,,,,,0,,,,,,,,
POR-Primeira Liga,2526,Moreirense,Kevyn Monteiro,BRA,DF,19.0,2005.0,4.0,,,,,,,0,,,,,,,,
POR-Primeira Liga,2526,Moreirense,Kiko,POR,"DF,MF",23.0,2002.0,20.5,,,,,,,39,,,,,,,,
POR-Primeira Liga,2526,Moreirense,Kiko Bondoso,POR,"MF,FW",29.0,1995.0,22.2,,,,,,,40,,,,,,,,
POR-Primeira Liga,2526,Moreirense,Landerson,BRA,"MF,FW",18.0,2006.0,14.4,,,,,,,16,,,,,,,,
POR-Primeira Liga,2526,Moreirense,Lawrence Ofori,GHA,MF,27.0,1998.0,2.3,,,,,,,1,,,,,,,,
POR-Primeira Liga,2526,Moreirense,Leandro Santos,POR,DF,19.0,2005.0,2.9,,,,,,,10,,,,,,,,
POR-Primeira Liga,2526,Moreirense,Luis Semedo,POR,FW,21.0,2003.0,11.1,,,,,,,1,,,,,,,,
POR-Primeira Liga,2526,Moreirense,Maracás,BRA,DF,31.0,1994.0,28.8,,,,,,,1,,,,,,,,
POR-Primeira Liga,2526,Moreirense,Marcelo Ferreira,BRA,DF,36.0,1989.0,10.7,,,,,,,0,,,,,,,,
POR-Primeira Liga,2526,Moreirense,Mateja Stjepanović,SRB,MF,21.0,2004.0,26.8,,,,,,,7,,,,,,,,
POR-Primeira Liga,2526,Moreirense,Michel,BRA,DF,22.0,2003.0,3.3,,,,,,,0,,,,,,,,
POR-Primeira Liga,2526,Moreirense,Miguel Silva,POR,MF,17.0,2007.0,0.0,,,,,,,0,,,,,,,,
POR-Primeira Liga,2526,Moreirense,Mika,POR,GK,34.0,1991.0,1.0,,,,,,,0,,,,,,,,
POR-Primeira Liga,2526,Moreirense,Nile John,ENG,MF,22.0,2003.0,7.5,,,,,,,14,,,,,,,,
POR-Primeira Liga,2526,Moreirense,Rodri,ESP,"MF,FW",22.0,2003.0,16.6,,,,,,,11,,,,,,,,
POR-Primeira Liga,2526,Moreirense,Vasco Sousa,POR,MF,22.0,2003.0,5.1,,,,,,,2,,,,,,,,
POR-Primeira Liga,2526,Moreirense,Yan Lincon,BRA,FW,22.0,2002.0,8.2,,,,,,,3,,,,,,,,
POR-Primeira Liga,2526,Moreirense,Álvaro Martínez,ESP,DF,23.0,2002.0,9.0,,,,,,,39,,,,,,,,
POR-Primeira Liga,2526,Nacional,Alan Núñez,PAR,DF,20.0,2004.0,18.6,,,,,,,55,,,,,,,,
POR-Primeira Liga,2526,Nacional,André Sousa,POR,MF,35.0,1990.0,1.4,,,,,,,5,,,,,,,,
POR-Primeira Liga,2526,Nacional,Chiheb Labidi,TUN,MF,24.0,2001.0,17.9,,,,,,,11,,,,,,,,
POR-Primeira Liga,2526,Nacional,Daniel Júnior,BRA,"MF,FW",23.0,2002.0,8.2,,,,,,,15,,,,,,,,
POR-Primeira Liga,2526,Nacional,Deivison,BRA,DF,19.0,2006.0,1.2,,,,,,,0,,,,,,,,
POR-Primeira Liga,2526,Nacional,Filipe Soares,POR,MF,26.0,1999.0,8.5,,,,,,,30,,,,,,,,
POR-Primeira Liga,2526,Nacional,Franscisco Gonçalves,POR,DF,21.0,2004.0,6.3,,,,,,,0,,,,,,,,
POR-Primeira Liga,2526,Nacional,Gabriel Veron,BRA,"FW,MF",22.0,2002.0,9.1,,,,,,,9,,,,,,,,
POR-Primeira Liga,2526,Nacional,Jesús Ramírez,VEN,FW,27.0,1998.0,32.0,,,,,,,5,,,,,,,,
POR-Primeira Liga,2526,Nacional,Joel silva,POR,MF,22.0,2003.0,4.4,,,,,,,7,,,,,,,,
POR-Primeira Liga,2526,Nacional,José Gomes,POR,DF,29.0,1996.0,25.6,,,,,,,93,,,,,,,,
POR-Primeira Liga,2526,Nacional,João Aurélio,POR,DF,36.0,1988.0,14.7,,,,,,,19,,,,,,,,
POR-Primeira Liga,2526,Nacional,Kaique,BRA,GK,22.0,2003.0,28.0,,,,,,,0,,,,,,,,
POR-Primeira Liga,2526,Nacional,Lenny Vallier,FRA,DF,26.0,1999.0,8.4,,,,,,,29,,,,,,,,
POR-Primeira Liga,2526,Nacional,Liziero,BRA,MF,27.0,1998.0,25.9,,,,,,,123,,,,,,,,
POR-Primeira Liga,2526,Nacional,Lucas França,BRA,GK,29.0,1996.0,6.0,,,,,,,0,,,,,,,,
POR-Primeira Liga,2526,Nacional,Lucas João,ANG,FW,31.0,1993.0,2.8,,,,,,,0,,,,,,,,
POR-Primeira Liga,2526,Nacional,Léo Santos,BRA,DF,26.0,1998.0,30.2,,,,,,,9,,,,,,,,
POR-Primeira Liga,2526,Nacional,Matheus Dias,BRA,"MF,DF",23.0,2002.0,27.0,,,,,,,5,,,,,,,,
POR-Primeira Liga,2526,Nacional,Miguel Baeza,ESP,MF,25.0,2000.0,8.9,,,,,,,16,,,,,,,,
POR-Primeira Liga,2526,Nacional,Mootez Nourani,TUN,"MF,FW",23.0,2002.0,1.8,,,,,,,3,,,,,,,,
POR-Primeira Liga,2526,Nacional,Pablo,BRA,"MF,FW",22.0,2003.0,9.6,,,,,,,39,,,,,,,,
POR-Primeira Liga,2526,Nacional,Paulinho Bóia,BRA,"FW,MF",27.0,1998.0,31.2,,,,,,,93,,,,,,,,
POR-Primeira Liga,2526,Nacional,Ulisses,BRA,DF,25.0,1999.0,2.5,,,,,,,0,,,,,,,,
POR-Primeira Liga,2526,Nacional,Watts,POR,FW,20.0,2005.0,0.6,,,,,,,1,,,,,,,,
POR-Primeira Liga,2526,Nacional,Witi,MOZ,"FW,MF",28.0,1996.0,10.5,,,,,,,31,,,,,,,,
POR-Primeira Liga,2526,Nacional,Zé Vitor,BRA,DF,24.0,2001.0,29.7,,,,,,,5,,,,,,,,
POR-Primeira Liga,2526,Porto,Alan Varela,ARG,MF,24.0,2001.0,25.7,,,,,,,19,,,,,,,,
POR-Primeira Liga,2526,Porto,Alberto costa,POR,DF,21.0,2003.0,24.7,,,,,,,60,,,,,,,,
POR-Primeira Liga,2526,Porto,André Miranda,POR,FW,17.0,2007.0,0.1,,,,,,,0,,,,,,,,
POR-Primeira Liga,2526,Porto,Bernardo Lima,POR,MF,17.0,2008.0,0.1,,,,,,,0,,,,,,,,
POR-Primeira Liga,2526,Porto,Borja Sainz,ESP,FW,24.0,2001.0,17.8,,,,,,,14,,,,,,,,
POR-Primeira Liga,2526,Porto,Cláudio Ramos,POR,GK,33.0,1991.0,1.5,,,,,,,0,,,,,,,,
POR-Primeira Liga,2526,Porto,Deniz Gül,TUR,FW,21.0,2004.0,13.1,,,,,,,4,,,,,,,,
POR-Primeira Liga,2526,Porto,Diogo Costa,POR,GK,25.0,1999.0,32.3,,,,,,,0,,,,,,,,
POR-Primeira Liga,2526,Porto,Dominik Prpić,CRO,DF,21.0,2004.0,2.0,,,,,,,0,,,,,,,,
POR-Primeira Liga,2526,Porto,Gabriel Veiga,ESP,MF,23.0,2002.0,17.9,,,,,,,113,,,,,,,,
POR-Primeira Liga,2526,Porto,Jakub Kiwior,POL,DF,25.0,2000.0,24.6,,,,,,,3,,,,,,,,
POR-Primeira Liga,2526,Porto,Jan Bednarek,POL,DF,29.0,1996.0,29.8,,,,,,,1,,,,,,,,
POR-Primeira Liga,2526,Porto,João Costa,POR,GK,29.0,1996.0,0.2,,,,,,,0,,,,,,,,
POR-Primeira Liga,2526,Porto,Luuk de Jong,NED,FW,34.0,1990.0,2.9,,,,,,,0,,,,,,,,
POR-Primeira Liga,2526,Porto,Martim Fernandes,POR,DF,19.0,2006.0,12.4,,,,,,,33,,,,,,,,
POR-Primeira Liga,2526,Porto,Moura,POR,DF,25.0,1999.0,14.6,,,,,,,37,,,,,,,,
POR-Primeira Liga,2526,Porto,Nehuén Pérez,ARG,DF,25.0,2000.0,4.2,,,,,,,0,,,,,,,,
POR-Primeira Liga,2526,Porto,Oskar Pietuszewski,POL,FW,17.0,2008.0,9.1,,,,,,,22,,,,,,,,
POR-Primeira Liga,2526,Porto,Pablo Rosario,DOM,"MF,DF",28.0,1997.0,15.2,,,,,,,6,,,,,,,,
POR-Primeira Liga,2526,Porto,Pepê,BRA,FW,28.0,1997.0,24.7,,,,,,,95,,,,,,,,
POR-Primeira Liga,2526,Porto,Rodrigo Mora,POR,MF,18.0,2007.0,13.1,,,,,,,74,,,,,,,,
POR-Primeira Liga,2526,Porto,Samu Omorodion,ESP,FW,21.0,2004.0,15.6,,,,,,,5,,,,,,,,
POR-Primeira Liga,2526,Porto,Seko Fofana,CIV,MF,30.0,1995.0,3.2,,,,,,,3,,,,,,,,
POR-Primeira Liga,2526,Porto,Stephen Eustáquio,CAN,MF,28.0,1996.0,2.1,,,,,,,1,,,,,,,,
POR-Primeira Liga,2526,Porto,Terem Moffi,NGA,FW,26.0,1999.0,2.8,,,,,,,0,,,,,,,,
POR-Primeira Liga,2526,Porto,Thiago Silva,BRA,DF,40.0,1984.0,6.4,,,,,,,1,,,,,,,,
POR-Primeira Liga,2526,Porto,Tiago Silva,POR,MF,18.0,2007.0,0.3,,,,,,,0,,,,,,,,
POR-Primeira Liga,2526,Porto,Victor Froholdt,DEN,MF,19.0,2006.0,31.9,,,,,,,31,,,,,,,,
POR-Primeira Liga,2526,Porto,William Gomes,BRA,FW,19.0,2006.0,13.0,,,,,,,55,,,,,,,,
POR-Primeira Liga,2526,Porto,Yann Karamoh,FRA,"FW,MF",27.0,1998.0,0.1,,,,,,,2,,,,,,,,
POR-Primeira Liga,2526,Porto,Zaidu Sanusi,NGA,DF,28.0,1997.0,11.1,,,,,,,26,,,,,,,,
POR-Primeira Liga,2526,Porto,Zé Pedro Figueiredo,POR,DF,28.0,1997.0,0.3,,,,,,,1,,,,,,,,
POR-Primeira Liga,2526,Porto,Ángel Alarcón,ESP,FW,21.0,2004.0,0.7,,,,,,,0,,,,,,,,
POR-Primeira Liga,2526,Rio Ave,Andreas Ntoi,GRE,"MF,DF",22.0,2003.0,26.0,,,,,,,1,,,,,,,,
POR-Primeira Liga,2526,Rio Ave,André Inácio,BRA,"FW,MF",23.0,2002.0,16.6,,,,,,,24,,,,,,,,
POR-Primeira Liga,2526,Rio Ave,Antonios Papakanellos,GRE,"MF,FW",19.0,2005.0,4.8,,,,,,,9,,,,,,,,
POR-Primeira Liga,2526,Rio Ave,Brandon Aguilera,CRC,MF,22.0,2003.0,15.2,,,,,,,41,,,,,,,,
POR-Primeira Liga,2526,Rio Ave,Cezary Miszta,POL,GK,23.0,2001.0,21.0,,,,,,,0,,,,,,,,
POR-Primeira Liga,2526,Rio Ave,Clayton,BRA,FW,26.0,1999.0,17.7,,,,,,,5,,,,,,,,
POR-Primeira Liga,2526,Rio Ave,Dario Špikić,CRO,"MF,FW",26.0,1999.0,19.8,,,,,,,19,,,,,,,,
POR-Primeira Liga,2526,Rio Ave,Diogo Bezerra,BRA,MF,23.0,2002.0,14.0,,,,,,,123,,,,,,,,
POR-Primeira Liga,2526,Rio Ave,Ennio van der Gouw,NED,GK,24.0,2001.0,10.0,,,,,,,0,,,,,,,,
POR-Primeira Liga,2526,Rio Ave,Eric da Silva Moreira,GER,DF,19.0,2006.0,0.8,,,,,,,0,,,,,,,,
POR-Primeira Liga,2526,Rio Ave,Francisco Petrasso,ARG,DF,23.0,2002.0,16.0,,,,,,,1,,,,,,,,
POR-Primeira Liga,2526,Rio Ave,Georgios Liavas,GRE,MF,24.0,2001.0,8.8,,,,,,,10,,,,,,,,
POR-Primeira Liga,2526,Rio Ave,Gustavo Mancha,BRA,DF,21.0,2004.0,14.0,,,,,,,1,,,,,,,,
POR-Primeira Liga,2526,Rio Ave,Jakub Brabec,CZE,DF,32.0,1992.0,23.9,,,,,,,2,,,,,,,,
POR-Primeira Liga,2526,Rio Ave,Jalen Blesa,ESP,"FW,MF",24.0,2001.0,11.9,,,,,,,6,,,,,,,,
POR-Primeira Liga,2526,Rio Ave,Jonathan Panzo,ENG,DF,24.0,2000.0,12.2,,,,,,,1,,,,,,,,
POR-Primeira Liga,2526,Rio Ave,João Graça,POR,MF,30.0,1995.0,0.7,,,,,,,1,,,,,,,,
POR-Primeira Liga,2526,Rio Ave,João Novais,POR,MF,32.0,1993.0,0.5,,,,,,,4,,,,,,,,
POR-Primeira Liga,2526,Rio Ave,João Tomé,POR,"MF,DF",22.0,2003.0,7.5,,,,,,,25,,,,,,,,
POR-Primeira Liga,2526,Rio Ave,Julien Lomboto,,DF,23.0,2002.0,2.4,,,,,,,0,,,,,,,,
POR-Primeira Liga,2526,Rio Ave,Karem Zoabi,ISR,FW,19.0,2006.0,1.1,,,,,,,0,,,,,,,,
POR-Primeira Liga,2526,Rio Ave,Kevin Chamorro,CRC,GK,25.0,2000.0,3.0,,,,,,,0,,,,,,,,
POR-Primeira Liga,2526,Rio Ave,Leonardo Buta,POR,DF,23.0,2002.0,0.1,,,,,,,0,,,,,,,,
POR-Primeira Liga,2526,Rio Ave,Marc Gual,ESP,FW,29.0,1996.0,1.8,,,,,,,2,,,,,,,,
POR-Primeira Liga,2526,Rio Ave,Marious Vrousai,GRE,"MF,DF",27.0,1998.0,28.0,,,,,,,64,,,,,,,,
POR-Primeira Liga,2526,Rio Ave,Nelson Abbey,ENG,DF,21.0,2003.0,23.1,,,,,,,19,,,,,,,,
POR-Primeira Liga,2526,Rio Ave,Nicolaos Athanasiou,GRE,MF,24.0,2001.0,14.5,,,,,,,59,,,,,,,,
POR-Primeira Liga,2526,Rio Ave,Ole Pohlmann,GER,"FW,MF",24.0,2001.0,19.1,,,,,,,34,,,,,,,,
POR-Primeira Liga,2526,Rio Ave,Omar Richards,ENG,"MF,DF",27.0,1998.0,7.8,,,,,,,13,,,,,,,,
POR-Primeira Liga,2526,Rio Ave,Rafael Lobato,BRA,FW,19.0,2006.0,0.1,,,,,,,0,,,,,,,,
POR-Primeira Liga,2526,Rio Ave,Ryan Guilherme,BRA,MF,22.0,2002.0,4.7,,,,,,,2,,,,,,,,
POR-Primeira Liga,2526,Rio Ave,Tamble,GNB,FW,24.0,2000.0,7.4,,,,,,,6,,,,,,,,
POR-Primeira Liga,2526,Rio Ave,Tamás Nikitscher,HUN,MF,25.0,1999.0,15.4,,,,,,,4,,,,,,,,
POR-Primeira Liga,2526,Rio Ave,Theofanis Bakoulas,GRE,MF,20.0,2005.0,1.8,,,,,,,1,,,,,,,,
POR-Primeira Liga,2526,Rio Ave,Tobías Medina,ARG,MF,21.0,2004.0,0.1,,,,,,,0,,,,,,,,
POR-Primeira Liga,2526,Santa Clara,Adriano,BRA,MF,25.0,1999.0,16.0,,,,,,,4,,,,,,,,
POR-Primeira Liga,2526,Santa Clara,Andrey,BRA,MF,23.0,2002.0,1.6,,,,,,,7,,,,,,,,
POR-Primeira Liga,2526,Santa Clara,Anthony Carter,AUS,FW,30.0,1994.0,1.5,,,,,,,0,,,,,,,,
POR-Primeira Liga,2526,Santa Clara,Brenner,BRA,"FW,MF",23.0,2002.0,13.2,,,,,,,50,,,,,,,,
POR-Primeira Liga,2526,Santa Clara,Darlan Mendes,BRA,MF,27.0,1998.0,1.0,,,,,,,2,,,,,,,,
POR-Primeira Liga,2526,Santa Clara,Diogo Calila,MOZ,"DF,MF",26.0,1998.0,11.1,,,,,,,35,,,,,,,,
POR-Primeira Liga,2526,Santa Clara,Elias Manoel,BRA,FW,23.0,2001.0,3.3,,,,,,,1,,,,,,,,
POR-Primeira Liga,2526,Santa Clara,Fernando,BRA,FW,20.0,2005.0,6.4,,,,,,,5,,,,,,,,
POR-Primeira Liga,2526,Santa Clara,Frederico Venâncio,POR,DF,32.0,1993.0,19.2,,,,,,,2,,,,,,,,
POR-Primeira Liga,2526,Santa Clara,Gabriel Batista,BRA,GK,27.0,1998.0,32.0,,,,,,,0,,,,,,,,
POR-Primeira Liga,2526,Santa Clara,Gabriel Vieira,BRA,"FW,MF",23.0,2002.0,24.8,,,,,,,59,,,,,,,,
POR-Primeira Liga,2526,Santa Clara,Gonçalo Paciência,POR,FW,30.0,1994.0,5.5,,,,,,,5,,,,,,,,
POR-Primeira Liga,2526,Santa Clara,Guilherme Romão,BRA,DF,27.0,1997.0,9.9,,,,,,,38,,,,,,,,
POR-Primeira Liga,2526,Santa Clara,Gustavo Klismahn,BRA,"MF,FW",25.0,1999.0,12.2,,,,,,,44,,,,,,,,
POR-Primeira Liga,2526,Santa Clara,Henrique Silva,BRA,DF,19.0,2005.0,11.4,,,,,,,2,,,,,,,,
POR-Primeira Liga,2526,Santa Clara,Isaac,BRA,MF,21.0,2004.0,0.4,,,,,,,0,,,,,,,,
POR-Primeira Liga,2526,Santa Clara,José Tavares,,MF,22.0,2003.0,10.7,,,,,,,4,,,,,,,,
POR-Primeira Liga,2526,Santa Clara,João Afonso,POR,GK,18.0,2007.0,2.0,,,,,,,0,,,,,,,,
POR-Primeira Liga,2526,Santa Clara,João Costa,POR,FW,25.0,2000.0,0.8,,,,,,,0,,,,,,,,
POR-Primeira Liga,2526,Santa Clara,Lucas Soares,BRA,"DF,MF",27.0,1998.0,23.0,,,,,,,75,,,,,,,,
POR-Primeira Liga,2526,Santa Clara,Luquinhas,BRA,"MF,FW",28.0,1996.0,2.4,,,,,,,2,,,,,,,,
POR-Primeira Liga,2526,Santa Clara,Luís Rocha,POR,DF,38.0,1986.0,13.0,,,,,,,1,,,,,,,,
POR-Primeira Liga,2526,Santa Clara,MT,BRA,DF,24.0,2001.0,8.4,,,,,,,5,,,,,,,,
POR-Primeira Liga,2526,Santa Clara,Matheus Pereira,BRA,"FW,MF",24.0,2000.0,8.0,,,,,,,35,,,,,,,,
POR-Primeira Liga,2526,Santa Clara,Ney Bahia,BRA,MF,21.0,2004.0,0.5,,,,,,,1,,,,,,,,
POR-Primeira Liga,2526,Santa Clara,Paulo Victor,BRA,"DF,MF",24.0,2001.0,15.0,,,,,,,50,,,,,,,,
POR-Primeira Liga,2526,Santa Clara,Pedro Ferreira,POR,MF,27.0,1998.0,21.8,,,,,,,25,,,,,,,,
POR-Primeira Liga,2526,Santa Clara,Pedro Pacheco,POR,DF,28.0,1997.0,2.1,,,,,,,0,,,,,,,,
POR-Primeira Liga,2526,Santa Clara,Serginho,POR,MF,25.0,1999.0,28.5,,,,,,,104,,,,,,,,
POR-Primeira Liga,2526,Santa Clara,Sidney,BRA,DF,28.0,1997.0,32.6,,,,,,,20,,,,,,,,
POR-Primeira Liga,2526,Santa Clara,Tiago Duarte,POR,FW,21.0,2004.0,0.2,,,,,,,0,,,,,,,,
POR-Primeira Liga,2526,Santa Clara,Vinícius,BRA,"FW,MF",26.0,1999.0,17.1,,,,,,,32,,,,,,,,
POR-Primeira Liga,2526,Santa Clara,Welinton Torrão,BRA,"MF,FW",26.0,1999.0,7.5,,,,,,,25,,,,,,,,
POR-Primeira Liga,2526,Santa Clara,Wendel,BRA,FW,24.0,2000.0,10.1,,,,,,,2,,,,,,,,
POR-Primeira Liga,2526,Sporting CP,Alisson Santos,BRA,MF,22.0,2002.0,2.2,,,,,,,7,,,,,,,,
POR-Primeira Liga,2526,Sporting CP,Conrad Harder,DEN,FW,20.0,2005.0,0.7,,,,,,,1,,,,,,,,
POR-Primeira Liga,2526,Sporting CP,Daniel Bragança,POR,MF,26.0,1999.0,5.7,,,,,,,4,,,,,,,,
POR-Primeira Liga,2526,Sporting CP,Eduardo Felicíssimo,POR,MF,18.0,2007.0,0.1,,,,,,,0,,,,,,,,
POR-Primeira Liga,2526,Sporting CP,Eduardo Quaresma,POR,DF,23.0,2002.0,13.2,,,,,,,2,,,,,,,,
POR-Primeira Liga,2526,Sporting CP,Flávio Gonçalves,POR,FW,18.0,2007.0,0.2,,,,,,,0,,,,,,,,
POR-Primeira Liga,2526,Sporting CP,Fotis Ioannidis,GRE,"FW,MF",25.0,2000.0,5.1,,,,,,,2,,,,,,,,
POR-Primeira Liga,2526,Sporting CP,Francisco Trincão,POR,MF,25.0,1999.0,31.6,,,,,,,129,,,,,,,,
POR-Primeira Liga,2526,Sporting CP,Geny Catamo,MOZ,MF,24.0,2001.0,21.5,,,,,,,45,,,,,,,,
POR-Primeira Liga,2526,Sporting CP,Georgios Vagiannidis,GRE,DF,23.0,2001.0,14.3,,,,,,,27,,,,,,,,
POR-Primeira Liga,2526,Sporting CP,Geovany Quenda,POR,MF,18.0,2007.0,9.8,,,,,,,34,,,,,,,,
POR-Primeira Liga,2526,Sporting CP,Giorgi Kochorashvili,GEO,MF,26.0,1999.0,6.7,,,,,,,15,,,,,,,,
POR-Primeira Liga,2526,Sporting CP,Gonçalo Inácio,POR,DF,23.0,2001.0,27.8,,,,,,,4,,,,,,,,
POR-Primeira Liga,2526,Sporting CP,Hidemasa Morita,JPN,MF,30.0,1995.0,20.3,,,,,,,11,,,,,,,,
POR-Primeira Liga,2526,Sporting CP,Iván Fresneda,ESP,DF,20.0,2004.0,17.7,,,,,,,49,,,,,,,,
POR-Primeira Liga,2526,Sporting CP,João Simões,POR,MF,18.0,2007.0,8.4,,,,,,,10,,,,,,,,
POR-Primeira Liga,2526,Sporting CP,João Virgínia,POR,GK,25.0,1999.0,2.0,,,,,,,0,,,,,,,,
POR-Primeira Liga,2526,Sporting CP,Luis Guilherme,BRA,MF,19.0,2006.0,7.0,,,,,,,36,,,,,,,,
POR-Primeira Liga,2526,Sporting CP,Luis Suárez,COL,FW,27.0,1997.0,29.9,,,,,,,5,,,,,,,,
POR-Primeira Liga,2526,Sporting CP,Matheus Reis,BRA,DF,30.0,1995.0,4.0,,,,,,,8,,,,,,,,
POR-Primeira Liga,2526,Sporting CP,Maxi Araújo,URU,"DF,MF",25.0,2000.0,24.6,,,,,,,87,,,,,,,,
POR-Primeira Liga,2526,Sporting CP,Morten Hjulmand,DEN,MF,26.0,1999.0,25.8,,,,,,,3,,,,,,,,
POR-Primeira Liga,2526,Sporting CP,Nuno Santos,POR,DF,30.0,1995.0,0.7,,,,,,,5,,,,,,,,
POR-Primeira Liga,2526,Sporting CP,Ousmane Diomande,CIV,DF,21.0,2003.0,14.4,,,,,,,3,,,,,,,,
POR-Primeira Liga,2526,Sporting CP,Pedro Gonçalves,POR,MF,27.0,1998.0,22.0,,,,,,,91,,,,,,,,
POR-Primeira Liga,2526,Sporting CP,Rafael Nel,POR,FW,20.0,2005.0,1.9,,,,,,,0,,,,,,,,
POR-Primeira Liga,2526,Sporting CP,Ricardo Mangas,POR,DF,27.0,1998.0,9.7,,,,,,,41,,,,,,,,
POR-Primeira Liga,2526,Sporting CP,Rui Silva,POR,GK,31.0,1994.0,32.0,,,,,,,0,,,,,,,,
POR-Primeira Liga,2526,Sporting CP,Rômulo,BRA,DF,21.0,2004.0,0.1,,,,,,,0,,,,,,,,
POR-Primeira Liga,2526,Sporting CP,Salvador Blopa,POR,DF,18.0,2007.0,0.5,,,,,,,2,,,,,,,,
POR-Primeira Liga,2526,Sporting CP,Souleymane Faye,SEN,FW,22.0,2003.0,1.0,,,,,,,2,,,,,,,,
POR-Primeira Liga,2526,Sporting CP,Zeno Debast,BEL,DF,21.0,2003.0,13.1,,,,,,,6,,,,,,,,
POR-Primeira Liga,2526,Tondela,Afonso Rodrigues,POR,FW,22.0,2002.0,1.4,,,,,,,8,,,,,,,,
POR-Primeira Liga,2526,Tondela,André Ceitil,POR,DF,30.0,1995.0,1.1,,,,,,,1,,,,,,,,
POR-Primeira Liga,2526,Tondela,Arjen van der Heide,NED,MF,23.0,2001.0,2.7,,,,,,,5,,,,,,,,
POR-Primeira Liga,2526,Tondela,Bebeto,BRA,DF,35.0,1990.0,21.0,,,,,,,65,,,,,,,,
POR-Primeira Liga,2526,Tondela,Benjamin Mbunga-Kimpioka,SWE,FW,25.0,2000.0,5.9,,,,,,,1,,,,,,,,
POR-Primeira Liga,2526,Tondela,Bernardo Fontes,BRA,GK,23.0,2002.0,34.0,,,,,,,0,,,,,,,,
POR-Primeira Liga,2526,Tondela,Brayan Medina,COL,DF,23.0,2002.0,24.4,,,,,,,2,,,,,,,,
POR-Primeira Liga,2526,Tondela,Christian Marques,SUI,DF,22.0,2003.0,30.2,,,,,,,0,,,,,,,,
POR-Primeira Liga,2526,Tondela,Clebinho,BRA,MF,28.0,1997.0,13.3,,,,,,,4,,,,,,,,
POR-Primeira Liga,2526,Tondela,Hugo Sequeira,POR,"MF,FW",21.0,2004.0,14.8,,,,,,,77,,,,,,,,
POR-Primeira Liga,2526,Tondela,Hélder Tavares,CPV,MF,35.0,1989.0,6.6,,,,,,,3,,,,,,,,
POR-Primeira Liga,2526,Tondela,Ivan Cavaleiro,POR,MF,31.0,1993.0,9.4,,,,,,,53,,,,,,,,
POR-Primeira Liga,2526,Tondela,Joe Hodge,IRL,MF,22.0,2002.0,15.8,,,,,,,44,,,,,,,,
POR-Primeira Liga,2526,Tondela,Jordan Pefok,USA,FW,29.0,1996.0,13.8,,,,,,,3,,,,,,,,
POR-Primeira Liga,2526,Tondela,João Afonso,POR,DF,35.0,1990.0,6.8,,,,,,,0,,,,,,,,
POR-Primeira Liga,2526,Tondela,João Silva,POR,DF,26.0,1999.0,11.1,,,,,,,1,,,,,,,,
POR-Primeira Liga,2526,Tondela,Juan Rodríguez,ECU,MF,19.0,2006.0,22.0,,,,,,,5,,,,,,,,
POR-Primeira Liga,2526,Tondela,Makan Aiko,FRA,"MF,FW",24.0,2001.0,11.8,,,,,,,43,,,,,,,,
POR-Primeira Liga,2526,Tondela,Maranhão,BRA,"MF,FW",26.0,1999.0,27.2,,,,,,,78,,,,,,,,
POR-Primeira Liga,2526,Tondela,Miro,ANG,FW,22.0,2003.0,3.1,,,,,,,2,,,,,,,,
POR-Primeira Liga,2526,Tondela,Nor Maviram,NGA,"DF,MF",24.0,2001.0,16.2,,,,,,,64,,,,,,,,
POR-Primeira Liga,2526,Tondela,Rodrigo Conceição,POR,"DF,MF",25.0,2000.0,15.9,,,,,,,38,,,,,,,,
POR-Primeira Liga,2526,Tondela,Rony Lopes,POR,"MF,FW",29.0,1995.0,11.4,,,,,,,28,,,,,,,,
POR-Primeira Liga,2526,Tondela,Rémy Vita,COM,DF,24.0,2001.0,2.5,,,,,,,6,,,,,,,,
POR-Primeira Liga,2526,Tondela,Sie Ouattara,CIV,"MF,FW",23.0,2002.0,6.2,,,,,,,19,,,,,,,,
POR-Primeira Liga,2526,Tondela,Sphephelo Sithole,RSA,MF,26.0,1999.0,17.1,,,,,,,3,,,,,,,,
POR-Primeira Liga,2526,Tondela,Tiago Manso,POR,"DF,MF",25.0,1999.0,17.1,,,,,,,51,,,,,,,,
POR-Primeira Liga,2526,Tondela,Xabier Huarte Armendáriz,ESP,MF,24.0,2001.0,1.5,,,,,,,1,,,,,,,,
POR-Primeira Liga,2526,Tondela,Yarlen Augusto,BRA,MF,19.0,2006.0,5.0,,,,,,,20,,,,,,,,
POR-Primeira Liga,2526,Tondela,Yefrei Rodríguez,COL,FW,20.0,2005.0,4.6,,,,,,,5,,,,,,,,
POR-Primeira Liga,2526,Vit. Guimarães,Alioune Ndoye,SEN,FW,23.0,2001.0,10.7,,,,,,,3,,,,,,,,
POR-Primeira Liga,2526,Vit. Guimarães,Beni,ANG,MF,23.0,2002.0,24.9,,,,,,,9,,,,,,,,
POR-Primeira Liga,2526,Vit. Guimarães,Charles,BRA,GK,31.0,1994.0,19.0,,,,,,,0,,,,,,,,
POR-Primeira Liga,2526,Vit. Guimarães,Diogo Lobão,POR,MF,19.0,2006.0,12.9,,,,,,,17,,,,,,,,
POR-Primeira Liga,2526,Vit. Guimarães,Ejike Opara,NGA,MF,20.0,2005.0,0.1,,,,,,,0,,,,,,,,
POR-Primeira Liga,2526,Vit. Guimarães,Fabio Blanco,ESP,MF,21.0,2004.0,4.3,,,,,,,15,,,,,,,,
POR-Primeira Liga,2526,Vit. Guimarães,Francisco Dias,POR,DF,22.0,2002.0,2.0,,,,,,,7,,,,,,,,
POR-Primeira Liga,2526,Vit. Guimarães,Gonçalo Nogueira,POR,MF,21.0,2003.0,14.9,,,,,,,3,,,,,,,,
POR-Primeira Liga,2526,Vit. Guimarães,Gustavo da Silva,BRA,"FW,MF",26.0,1999.0,16.2,,,,,,,19,,,,,,,,
POR-Primeira Liga,2526,Vit. Guimarães,Hugo Nunes,POR,MF,23.0,2002.0,0.1,,,,,,,0,,,,,,,,
POR-Primeira Liga,2526,Vit. Guimarães,João Mendes,POR,"DF,MF",25.0,2000.0,27.0,,,,,,,78,,,,,,,,
POR-Primeira Liga,2526,Vit. Guimarães,João Nogueira,POR,"MF,FW",20.0,2005.0,8.8,,,,,,,10,,,,,,,,
POR-Primeira Liga,2526,Vit. Guimarães,Juan Castillo,COL,GK,22.0,2003.0,15.0,,,,,,,0,,,,,,,,
POR-Primeira Liga,2526,Vit. Guimarães,Matija Mitrovic,SRB,MF,20.0,2004.0,7.9,,,,,,,18,,,,,,,,
POR-Primeira Liga,2526,Vit. Guimarães,Miguel Maga,POR,DF,22.0,2002.0,17.4,,,,,,,33,,,,,,,,
POR-Primeira Liga,2526,Vit. Guimarães,Miguel Nóbrega,POR,DF,25.0,2000.0,11.1,,,,,,,3,,,,,,,,
POR-Primeira Liga,2526,Vit. Guimarães,Noah Saviolo,POR,MF,21.0,2004.0,21.7,,,,,,,85,,,,,,,,
POR-Primeira Liga,2526,Vit. Guimarães,Nuno Santos,POR,FW,26.0,1999.0,2.5,,,,,,,10,,,,,,,,
POR-Primeira Liga,2526,Vit. Guimarães,Nélson Oliveira,POR,FW,33.0,1991.0,14.6,,,,,,,8,,,,,,,,
POR-Primeira Liga,2526,Vit. Guimarães,Orest Lebedenko,UKR,DF,26.0,1998.0,5.0,,,,,,,12,,,,,,,,
POR-Primeira Liga,2526,Vit. Guimarães,Oumar Camara,FRA,"MF,FW",18.0,2007.0,16.7,,,,,,,24,,,,,,,,
POR-Primeira Liga,2526,Vit. Guimarães,Paulo Vitor,BRA,DF,24.0,2001.0,0.1,,,,,,,0,,,,,,,,
POR-Primeira Liga,2526,Vit. Guimarães,Ricardo Rocha,POR,MF,21.0,2003.0,0.9,,,,,,,1,,,,,,,,
POR-Primeira Liga,2526,Vit. Guimarães,Rodrigo Abascal,URU,DF,31.0,1994.0,25.2,,,,,,,38,,,,,,,,
POR-Primeira Liga,2526,Vit. Guimarães,Samu,POR,MF,29.0,1996.0,22.5,,,,,,,108,,,,,,,,
POR-Primeira Liga,2526,Vit. Guimarães,Telmo Arcanjo,CPV,MF,24.0,2001.0,13.8,,,,,,,87,,,,,,,,
POR-Primeira Liga,2526,Vit. Guimarães,Thiago Balieiro,BRA,DF,22.0,2003.0,13.0,,,,,,,0,,,,,,,,
POR-Primeira Liga,2526,Vit. Guimarães,Tiago Silva,POR,MF,32.0,1993.0,3.2,,,,,,,19,,,,,,,,
POR-Primeira Liga,2526,Vit. Guimarães,Tomás Händel,POR,MF,24.0,2000.0,3.0,,,,,,,6,,,,,,,,
POR-Primeira Liga,2526,Vit. Guimarães,Toni Borevkovic,CRO,DF,28.0,1997.0,1.0,,,,,,,0,,,,,,,,
POR-Primeira Liga,2526,Vit. Guimarães,Tony Strata,ROU,DF,20.0,2004.0,15.6,,,,,,,66,,,,,,,,
POR-Primeira Liga,2526,Vit. Guimarães,Vando Félix,GNB,MF,22.0,2002.0,3.8,,,,,,,8,,,,,,,,
POR-Primeira Liga,2526,Vit. Guimarães,Zeega,POR,MF,16.0,2008.0,0.5,,,,,,,1,,,,,,,,
POR-Primeira Liga,2526,Vit. Guimarães,Óscar Rivas,ESP,DF,25.0,2000.0,18.0,,,,,,,3,,,,,,,,
